suggestion,words,prefix_hits,relevance,best_rank,source_prefixes
how to make your gf feel special online,8,24,601,1,how to make my girlfriend feel special online | how to make my girlfriend feel special online  | how to make my girlfriend feel special online e | how to make my girlfriend feel special online f | how to make my girlfriend feel special online g | how to make my girlfriend feel special online k | how to make my girlfriend feel special online x | how to make my girlfriend feel special online z | how to make my girlfriend feel special online free | how to make my girlfriend feel special online online | how to make my girlfriend feel special online without | how to make my girlfriend feel special online app | how to make my girlfriend feel special online maker | how to make my girlfriend feel special online template | how to make my girlfriend feel special online 2026 | how to make my girlfriend feel special online 2027 | how how to make my girlfriend feel special online | what how to make my girlfriend feel special online | when how to make my girlfriend feel special online | why how to make my girlfriend feel special online | which how to make my girlfriend feel special online | who how to make my girlfriend feel special online | can i how to make my girlfriend feel special online | is it how to make my girlfriend feel special online
never have i ever questions for couples juicy,8,23,1250,1,never have i ever questions for couples | never have i ever questions for couples  | never have i ever questions for couples j | never have i ever questions for couples q | never have i ever questions for couples x | never have i ever questions for couples z | never have i ever questions for couples free | never have i ever questions for couples online | never have i ever questions for couples for | never have i ever questions for couples without | never have i ever questions for couples app | never have i ever questions for couples maker | never have i ever questions for couples template | never have i ever questions for couples 2026 | never have i ever questions for couples 2027 | how never have i ever questions for couples | what never have i ever questions for couples | when never have i ever questions for couples | why never have i ever questions for couples | which never have i ever questions for couples | who never have i ever questions for couples | can i never have i ever questions for couples | is it never have i ever questions for couples
20 questions game for couples,5,23,601,1,20 questions game for couples  | 20 questions game for couples j | 20 questions game for couples k | 20 questions game for couples l | 20 questions game for couples n | 20 questions game for couples q | 20 questions game for couples u | 20 questions game for couples v | 20 questions game for couples x | 20 questions game for couples y | 20 questions game for couples z | 20 questions game for couples best | 20 questions game for couples free | 20 questions game for couples for | 20 questions game for couples in | 20 questions game for couples app | 20 questions game for couples maker | 20 questions game for couples template | 20 questions game for couples 2026 | when 20 questions game for couples | why 20 questions game for couples | which 20 questions game for couples | who 20 questions game for couples
how to make my girlfriend feel special quora,8,23,601,1,how to make my girlfriend feel special online | how to make my girlfriend feel special online  | how to make my girlfriend feel special online e | how to make my girlfriend feel special online f | how to make my girlfriend feel special online g | how to make my girlfriend feel special online k | how to make my girlfriend feel special online x | how to make my girlfriend feel special online z | how to make my girlfriend feel special online free | how to make my girlfriend feel special online online | how to make my girlfriend feel special online without | how to make my girlfriend feel special online app | how to make my girlfriend feel special online maker | how to make my girlfriend feel special online 2026 | how to make my girlfriend feel special online 2027 | how how to make my girlfriend feel special online | what how to make my girlfriend feel special online | when how to make my girlfriend feel special online | why how to make my girlfriend feel special online | which how to make my girlfriend feel special online | who how to make my girlfriend feel special online | can i how to make my girlfriend feel special online | is it how to make my girlfriend feel special online
never have i ever questions for couples game,8,22,601,1,never have i ever questions for couples | never have i ever questions for couples  | never have i ever questions for couples g | never have i ever questions for couples q | never have i ever questions for couples x | never have i ever questions for couples z | never have i ever questions for couples free | never have i ever questions for couples for | never have i ever questions for couples without | never have i ever questions for couples app | never have i ever questions for couples maker | never have i ever questions for couples template | never have i ever questions for couples 2026 | never have i ever questions for couples 2027 | how never have i ever questions for couples | what never have i ever questions for couples | when never have i ever questions for couples | why never have i ever questions for couples | which never have i ever questions for couples | who never have i ever questions for couples | can i never have i ever questions for couples | is it never have i ever questions for couples
love letter for girlfriend in assamese,6,21,601,1,love letter for girlfriend in assamese  | love letter for girlfriend in assamese r | love letter for girlfriend in assamese s | love letter for girlfriend in assamese u | love letter for girlfriend in assamese x | love letter for girlfriend in assamese y | love letter for girlfriend in assamese z | love letter for girlfriend in assamese free | love letter for girlfriend in assamese online | love letter for girlfriend in assamese without | love letter for girlfriend in assamese maker | love letter for girlfriend in assamese 2026 | love letter for girlfriend in assamese 2027 | how love letter for girlfriend in assamese | what love letter for girlfriend in assamese | when love letter for girlfriend in assamese | why love letter for girlfriend in assamese | which love letter for girlfriend in assamese | who love letter for girlfriend in assamese | can i love letter for girlfriend in assamese | is it love letter for girlfriend in assamese
virtual date night plans,4,19,601,1,virtual date night ideas for couples | virtual date night ideas for couples  | virtual date night ideas for couples d | virtual date night ideas for couples l | virtual date night ideas for couples r | virtual date night ideas for couples u | virtual date night ideas for couples v | virtual date night ideas for couples without | virtual date night ideas for couples maker | virtual date night ideas for couples 2026 | virtual date night ideas for couples 2027 | how virtual date night ideas for couples | what virtual date night ideas for couples | when virtual date night ideas for couples | why virtual date night ideas for couples | which virtual date night ideas for couples | who virtual date night ideas for couples | can i virtual date night ideas for couples | is it virtual date night ideas for couples
how to make a girl feel special online,8,18,601,1,how to make my girlfriend feel special online | how to make my girlfriend feel special online  | how to make my girlfriend feel special online e | how to make my girlfriend feel special online f | how to make my girlfriend feel special online g | how to make my girlfriend feel special online free | how to make my girlfriend feel special online online | how to make my girlfriend feel special online without | how to make my girlfriend feel special online app | how to make my girlfriend feel special online maker | how to make my girlfriend feel special online template | how how to make my girlfriend feel special online | what how to make my girlfriend feel special online | when how to make my girlfriend feel special online | which how to make my girlfriend feel special online | who how to make my girlfriend feel special online | can i how to make my girlfriend feel special online | is it how to make my girlfriend feel special online
20 question love game questions and answers,7,18,600,2,20 questions game for couples j | 20 questions game for couples k | 20 questions game for couples l | 20 questions game for couples n | 20 questions game for couples q | 20 questions game for couples u | 20 questions game for couples v | 20 questions game for couples x | 20 questions game for couples y | 20 questions game for couples z | 20 questions game for couples best | 20 questions game for couples free | 20 questions game for couples for | 20 questions game for couples in | 20 questions game for couples app | 20 questions game for couples maker | 20 questions game for couples template | 20 questions game for couples 2026
virtual date night,3,17,553,6,virtual date night ideas for couples | virtual date night ideas for couples  | virtual date night ideas for couples d | virtual date night ideas for couples l | virtual date night ideas for couples r | virtual date night ideas for couples u | virtual date night ideas for couples v | virtual date night ideas for couples without | virtual date night ideas for couples maker | virtual date night ideas for couples 2026 | what virtual date night ideas for couples | when virtual date night ideas for couples | why virtual date night ideas for couples | which virtual date night ideas for couples | who virtual date night ideas for couples | can i virtual date night ideas for couples | is it virtual date night ideas for couples
20 question game with girlfriend,5,16,600,2,20 questions game for couples j | 20 questions game for couples k | 20 questions game for couples l | 20 questions game for couples n | 20 questions game for couples q | 20 questions game for couples u | 20 questions game for couples v | 20 questions game for couples x | 20 questions game for couples y | 20 questions game for couples z | 20 questions game for couples best | 20 questions game for couples for | 20 questions game for couples in | 20 questions game for couples app | 20 questions game for couples maker | 20 questions game for couples 2026
never have i ever questions for couples spicy flirty,9,16,600,2,never have i ever questions for couples | never have i ever questions for couples  | never have i ever questions for couples z | never have i ever questions for couples free | never have i ever questions for couples for | never have i ever questions for couples app | never have i ever questions for couples maker | never have i ever questions for couples template | how never have i ever questions for couples | what never have i ever questions for couples | when never have i ever questions for couples | why never have i ever questions for couples | which never have i ever questions for couples | who never have i ever questions for couples | can i never have i ever questions for couples | is it never have i ever questions for couples
virtual date ideas for valentines,5,14,601,1,virtual date night ideas for couples | virtual date night ideas for couples  | virtual date night ideas for couples d | virtual date night ideas for couples l | virtual date night ideas for couples r | virtual date night ideas for couples u | virtual date night ideas for couples v | virtual date night ideas for couples maker | virtual date night ideas for couples 2026 | virtual date night ideas for couples 2027 | why virtual date night ideas for couples | which virtual date night ideas for couples | can i virtual date night ideas for couples | is it virtual date night ideas for couples
20 questions game topics,4,14,600,2,20 questions game for couples j | 20 questions game for couples k | 20 questions game for couples l | 20 questions game for couples n | 20 questions game for couples t | 20 questions game for couples u | 20 questions game for couples v | 20 questions game for couples y | 20 questions game for couples best | 20 questions game for couples free | 20 questions game for couples for | 20 questions game for couples in | 20 questions game for couples app | 20 questions game for couples template
20 questions game with answers,5,14,561,4,20 questions game for couples j | 20 questions game for couples l | 20 questions game for couples v | 20 questions game for couples w | 20 questions game for couples x | 20 questions game for couples y | 20 questions game for couples z | 20 questions game for couples best | 20 questions game for couples free | 20 questions game for couples with | 20 questions game for couples for | 20 questions game for couples app | 20 questions game for couples template | 20 questions game for couples 2026
would you rather questions for couples flirty over text,9,13,1250,2,would you rather questions for couples | would you rather questions for couples  | would you rather questions for couples f | would you rather questions for couples o | would you rather questions for couples t | how would you rather questions for couples | what would you rather questions for couples | when would you rather questions for couples | why would you rather questions for couples | which would you rather questions for couples | who would you rather questions for couples | can i would you rather questions for couples | is it would you rather questions for couples
romantic love letter for girlfriend in assamese,7,13,601,1,love letter for girlfriend in assamese | love letter for girlfriend in assamese  | love letter for girlfriend in assamese r | love letter for girlfriend in assamese online | love letter for girlfriend in assamese maker | how love letter for girlfriend in assamese | what love letter for girlfriend in assamese | when love letter for girlfriend in assamese | why love letter for girlfriend in assamese | which love letter for girlfriend in assamese | who love letter for girlfriend in assamese | can i love letter for girlfriend in assamese | is it love letter for girlfriend in assamese
would you rather questions for couples online,7,12,1250,1,would you rather questions for couples | would you rather questions for couples  | would you rather questions for couples o | would you rather questions for couples q | would you rather questions for couples x | would you rather questions for couples z | would you rather questions for couples for | would you rather questions for couples without | would you rather questions for couples maker | would you rather questions for couples template | would you rather questions for couples 2026 | would you rather questions for couples 2027
short love letter for girlfriend in assamese,7,12,601,1,love letter for girlfriend in assamese | love letter for girlfriend in assamese  | love letter for girlfriend in assamese s | love letter for girlfriend in assamese z | how love letter for girlfriend in assamese | what love letter for girlfriend in assamese | when love letter for girlfriend in assamese | why love letter for girlfriend in assamese | which love letter for girlfriend in assamese | who love letter for girlfriend in assamese | can i love letter for girlfriend in assamese | is it love letter for girlfriend in assamese
would you rather questions for couples rage bait,8,12,601,3,would you rather questions for couples | would you rather questions for couples  | would you rather questions for couples b | would you rather questions for couples r | how would you rather questions for couples | what would you rather questions for couples | when would you rather questions for couples | why would you rather questions for couples | which would you rather questions for couples | who would you rather questions for couples | can i would you rather questions for couples | is it would you rather questions for couples
how can i surprise my girlfriend online,7,12,600,2,how to make my girlfriend feel special online | how to make my girlfriend feel special online  | how to make my girlfriend feel special online g | how to make my girlfriend feel special online app | how how to make my girlfriend feel special online | what how to make my girlfriend feel special online | when how to make my girlfriend feel special online | why how to make my girlfriend feel special online | which how to make my girlfriend feel special online | who how to make my girlfriend feel special online | can i how to make my girlfriend feel special online | is it how to make my girlfriend feel special online
virtual date ideas for long distance relationship,7,12,600,2,virtual date night ideas for couples | virtual date night ideas for couples  | virtual date night ideas for couples d | virtual date night ideas for couples l | virtual date night ideas for couples r | virtual date night ideas for couples u | virtual date night ideas for couples v | virtual date night ideas for couples without | virtual date night ideas for couples maker | virtual date night ideas for couples 2026 | virtual date night ideas for couples 2027 | which virtual date night ideas for couples
20 questions game how to play,6,12,558,3,20 questions game for couples h | 20 questions game for couples k | 20 questions game for couples l | 20 questions game for couples n | 20 questions game for couples q | 20 questions game for couples u | 20 questions game for couples v | 20 questions game for couples y | 20 questions game for couples best | 20 questions game for couples for | 20 questions game for couples in | 20 questions game for couples template
what can couples do for date night,7,12,557,3,virtual date night ideas for couples | virtual date night ideas for couples  | virtual date night ideas for couples d | virtual date night ideas for couples l | virtual date night ideas for couples r | how virtual date night ideas for couples | what virtual date night ideas for couples | when virtual date night ideas for couples | why virtual date night ideas for couples | which virtual date night ideas for couples | can i virtual date night ideas for couples | is it virtual date night ideas for couples
would you rather questions for couples flirty,7,11,1251,1,would you rather questions for couples | would you rather questions for couples  | would you rather questions for couples f | how would you rather questions for couples | what would you rather questions for couples | when would you rather questions for couples | why would you rather questions for couples | which would you rather questions for couples | who would you rather questions for couples | can i would you rather questions for couples | is it would you rather questions for couples
never have i ever questions for couples funny,8,11,1250,1,never have i ever questions for couples | never have i ever questions for couples  | never have i ever questions for couples f | how never have i ever questions for couples | what never have i ever questions for couples | when never have i ever questions for couples | why never have i ever questions for couples | which never have i ever questions for couples | who never have i ever questions for couples | can i never have i ever questions for couples | is it never have i ever questions for couples
never have i ever questions for couples tagalog,8,11,1250,1,never have i ever questions for couples | never have i ever questions for couples  | never have i ever questions for couples t | how never have i ever questions for couples | what never have i ever questions for couples | when never have i ever questions for couples | why never have i ever questions for couples | which never have i ever questions for couples | who never have i ever questions for couples | can i never have i ever questions for couples | is it never have i ever questions for couples
would you rather questions for couples cute,7,11,1250,1,would you rather questions for couples | would you rather questions for couples  | would you rather questions for couples c | how would you rather questions for couples | what would you rather questions for couples | when would you rather questions for couples | why would you rather questions for couples | which would you rather questions for couples | who would you rather questions for couples | can i would you rather questions for couples | is it would you rather questions for couples
would you rather questions for couples romantic,7,11,1250,1,would you rather questions for couples | would you rather questions for couples  | would you rather questions for couples r | how would you rather questions for couples | what would you rather questions for couples | when would you rather questions for couples | why would you rather questions for couples | which would you rather questions for couples | who would you rather questions for couples | can i would you rather questions for couples | is it would you rather questions for couples
would you rather questions for couples reddit,7,11,1200,2,would you rather questions for couples | would you rather questions for couples  | would you rather questions for couples r | how would you rather questions for couples | what would you rather questions for couples | when would you rather questions for couples | why would you rather questions for couples | which would you rather questions for couples | who would you rather questions for couples | can i would you rather questions for couples | is it would you rather questions for couples
20 questions game for couples spicy pdf,7,11,601,2,20 questions game for couples | 20 questions game for couples  | 20 questions game for couples p | 20 questions game for couples s | how 20 questions game for couples | what 20 questions game for couples | when 20 questions game for couples | why 20 questions game for couples | which 20 questions game for couples | who 20 questions game for couples | is it 20 questions game for couples
best never have i ever questions for couples,8,11,601,1,never have i ever questions for couples | never have i ever questions for couples  | never have i ever questions for couples b | never have i ever questions for couples best | how never have i ever questions for couples | when never have i ever questions for couples | why never have i ever questions for couples | which never have i ever questions for couples | who never have i ever questions for couples | can i never have i ever questions for couples | is it never have i ever questions for couples
never have i ever questions for couples over text,9,11,601,1,never have i ever questions for couples | never have i ever questions for couples  | never have i ever questions for couples o | never have i ever questions for couples t | how never have i ever questions for couples | when never have i ever questions for couples | why never have i ever questions for couples | which never have i ever questions for couples | who never have i ever questions for couples | can i never have i ever questions for couples | is it never have i ever questions for couples
would you rather questions for couples deep,7,11,601,1,would you rather questions for couples | would you rather questions for couples  | would you rather questions for couples d | how would you rather questions for couples | what would you rather questions for couples | when would you rather questions for couples | why would you rather questions for couples | which would you rather questions for couples | who would you rather questions for couples | can i would you rather questions for couples | is it would you rather questions for couples
would you rather questions for couples funny,7,11,601,4,would you rather questions for couples | would you rather questions for couples  | would you rather questions for couples f | how would you rather questions for couples | what would you rather questions for couples | when would you rather questions for couples | why would you rather questions for couples | which would you rather questions for couples | who would you rather questions for couples | can i would you rather questions for couples | is it would you rather questions for couples
good never have i ever questions for couples,8,11,600,2,never have i ever questions for couples | never have i ever questions for couples  | never have i ever questions for couples g | never have i ever questions for couples best | how never have i ever questions for couples | when never have i ever questions for couples | why never have i ever questions for couples | which never have i ever questions for couples | who never have i ever questions for couples | can i never have i ever questions for couples | is it never have i ever questions for couples
would you rather questions for couples flirty funny,8,11,600,4,would you rather questions for couples | would you rather questions for couples  | would you rather questions for couples f | how would you rather questions for couples | what would you rather questions for couples | when would you rather questions for couples | why would you rather questions for couples | which would you rather questions for couples | who would you rather questions for couples | can i would you rather questions for couples | is it would you rather questions for couples
would you rather questions for couples fun,7,11,560,5,would you rather questions for couples | would you rather questions for couples  | would you rather questions for couples f | how would you rather questions for couples | what would you rather questions for couples | when would you rather questions for couples | why would you rather questions for couples | which would you rather questions for couples | who would you rather questions for couples | can i would you rather questions for couples | is it would you rather questions for couples
20 questions game examples,4,11,559,5,20 questions game for couples e | 20 questions game for couples j | 20 questions game for couples k | 20 questions game for couples l | 20 questions game for couples n | 20 questions game for couples q | 20 questions game for couples u | 20 questions game for couples v | 20 questions game for couples y | 20 questions game for couples for | 20 questions game for couples template
20 questions game for couples spicy,6,10,1250,1,20 questions game for couples | 20 questions game for couples  | 20 questions game for couples s | how 20 questions game for couples | what 20 questions game for couples | when 20 questions game for couples | why 20 questions game for couples | which 20 questions game for couples | who 20 questions game for couples | is it 20 questions game for couples
20 questions game for couples deep,6,10,601,1,20 questions game for couples | 20 questions game for couples  | 20 questions game for couples d | how 20 questions game for couples | what 20 questions game for couples | when 20 questions game for couples | why 20 questions game for couples | which 20 questions game for couples | who 20 questions game for couples | is it 20 questions game for couples
20 questions game for couples flirty,6,10,601,3,20 questions game for couples | 20 questions game for couples  | 20 questions game for couples f | how 20 questions game for couples | what 20 questions game for couples | when 20 questions game for couples | why 20 questions game for couples | which 20 questions game for couples | who 20 questions game for couples | is it 20 questions game for couples
crazy never have i ever questions for couples,8,10,601,1,never have i ever questions for couples | never have i ever questions for couples  | never have i ever questions for couples c | how never have i ever questions for couples | when never have i ever questions for couples | why never have i ever questions for couples | which never have i ever questions for couples | who never have i ever questions for couples | can i never have i ever questions for couples | is it never have i ever questions for couples
fun never have i ever questions for couples,8,10,601,2,never have i ever questions for couples | never have i ever questions for couples  | never have i ever questions for couples f | how never have i ever questions for couples | when never have i ever questions for couples | why never have i ever questions for couples | which never have i ever questions for couples | who never have i ever questions for couples | can i never have i ever questions for couples | is it never have i ever questions for couples
how to make your girlfriend feel special online,8,10,601,1,how to make my girlfriend feel special online | how to make my girlfriend feel special online  | how how to make my girlfriend feel special online | what how to make my girlfriend feel special online | when how to make my girlfriend feel special online | why how to make my girlfriend feel special online | which how to make my girlfriend feel special online | who how to make my girlfriend feel special online | can i how to make my girlfriend feel special online | is it how to make my girlfriend feel special online
never have i ever questions for married couples,8,10,601,1,never have i ever questions for couples | never have i ever questions for couples  | never have i ever questions for couples m | how never have i ever questions for couples | when never have i ever questions for couples | why never have i ever questions for couples | which never have i ever questions for couples | who never have i ever questions for couples | can i never have i ever questions for couples | is it never have i ever questions for couples
never have i ever questions for new couples,8,10,601,1,never have i ever questions for couples | never have i ever questions for couples  | never have i ever questions for couples n | how never have i ever questions for couples | when never have i ever questions for couples | why never have i ever questions for couples | which never have i ever questions for couples | who never have i ever questions for couples | can i never have i ever questions for couples | is it never have i ever questions for couples
never have i ever questions for teen couples,8,10,601,2,never have i ever questions for couples | never have i ever questions for couples  | never have i ever questions for couples t | how never have i ever questions for couples | when never have i ever questions for couples | why never have i ever questions for couples | which never have i ever questions for couples | who never have i ever questions for couples | can i never have i ever questions for couples | is it never have i ever questions for couples
online date night ideas for couples,6,10,601,1,virtual date night ideas for couples | virtual date night ideas for couples  | how virtual date night ideas for couples | what virtual date night ideas for couples | when virtual date night ideas for couples | why virtual date night ideas for couples | which virtual date night ideas for couples | who virtual date night ideas for couples | can i virtual date night ideas for couples | is it virtual date night ideas for couples
virtual date night ideas for couples,6,10,601,1,virtual date night ideas for couples  | virtual date night ideas for couples without | how virtual date night ideas for couples | what virtual date night ideas for couples | when virtual date night ideas for couples | why virtual date night ideas for couples | which virtual date night ideas for couples | who virtual date night ideas for couples | can i virtual date night ideas for couples | is it virtual date night ideas for couples
20 questions game for dating,5,10,600,2,20 questions game for couples d | 20 questions game for couples j | 20 questions game for couples k | 20 questions game for couples l | 20 questions game for couples n | 20 questions game for couples u | 20 questions game for couples v | 20 questions game for couples y | 20 questions game for couples free | 20 questions game for couples for
20 questions game for couples funny,6,9,1250,1,20 questions game for couples | 20 questions game for couples  | 20 questions game for couples f | how 20 questions game for couples | what 20 questions game for couples | when 20 questions game for couples | which 20 questions game for couples | who 20 questions game for couples | is it 20 questions game for couples
would you rather questions for couples game,7,9,1250,1,would you rather questions for couples | would you rather questions for couples  | would you rather questions for couples g | when would you rather questions for couples | why would you rather questions for couples | which would you rather questions for couples | who would you rather questions for couples | can i would you rather questions for couples | is it would you rather questions for couples
20 questions game for couples fun,6,9,800,2,20 questions game for couples | 20 questions game for couples  | 20 questions game for couples f | how 20 questions game for couples | what 20 questions game for couples | when 20 questions game for couples | which 20 questions game for couples | who 20 questions game for couples | is it 20 questions game for couples
20 questions game for couples online,6,9,601,1,20 questions game for couples | 20 questions game for couples  | 20 questions game for couples o | how 20 questions game for couples | what 20 questions game for couples | when 20 questions game for couples | which 20 questions game for couples | who 20 questions game for couples | is it 20 questions game for couples
never have i ever questions for couples,7,9,601,1,never have i ever questions for couples  | how never have i ever questions for couples | what never have i ever questions for couples | when never have i ever questions for couples | why never have i ever questions for couples | which never have i ever questions for couples | who never have i ever questions for couples | can i never have i ever questions for couples | is it never have i ever questions for couples
would you rather questions for couples extreme,7,9,601,1,would you rather questions for couples e | how would you rather questions for couples | what would you rather questions for couples | when would you rather questions for couples | why would you rather questions for couples | which would you rather questions for couples | who would you rather questions for couples | can i would you rather questions for couples | is it would you rather questions for couples
how do i write a romantic letter to my girlfriend,10,9,600,2,love letter for girlfriend in assamese | love letter for girlfriend in assamese  | love letter for girlfriend in assamese r | love letter for girlfriend in assamese s | how love letter for girlfriend in assamese | what love letter for girlfriend in assamese | when love letter for girlfriend in assamese | why love letter for girlfriend in assamese | can i love letter for girlfriend in assamese
would you rather questions for couples crazy,7,9,600,3,would you rather questions for couples c | how would you rather questions for couples | what would you rather questions for couples | when would you rather questions for couples | why would you rather questions for couples | which would you rather questions for couples | who would you rather questions for couples | can i would you rather questions for couples | is it would you rather questions for couples
never have i ever questions for couples drinking,8,9,559,6,never have i ever questions for couples | never have i ever questions for couples  | how never have i ever questions for couples | when never have i ever questions for couples | why never have i ever questions for couples | which never have i ever questions for couples | who never have i ever questions for couples | can i never have i ever questions for couples | is it never have i ever questions for couples
20 questions game for couples with answers,7,8,601,1,20 questions game for couples | 20 questions game for couples  | 20 questions game for couples a | 20 questions game for couples w | 20 questions game for couples with | 20 questions game for couples for | what 20 questions game for couples | why 20 questions game for couples
assamese love letter in english for girlfriend,7,8,600,2,love letter for girlfriend in assamese u | love letter for girlfriend in assamese y | love letter for girlfriend in assamese free | love letter for girlfriend in assamese online | love letter for girlfriend in assamese without | love letter for girlfriend in assamese maker | when love letter for girlfriend in assamese | is it love letter for girlfriend in assamese
good would you rather questions for couples,7,8,561,4,would you rather questions for couples g | would you rather questions for couples best | when would you rather questions for couples | why would you rather questions for couples | which would you rather questions for couples | who would you rather questions for couples | can i would you rather questions for couples | is it would you rather questions for couples
20 questions game ideas funny,5,8,560,5,20 questions game for couples i | 20 questions game for couples j | 20 questions game for couples n | 20 questions game for couples v | 20 questions game for couples y | 20 questions game for couples best | 20 questions game for couples free | 20 questions game for couples template
would you rather questions for new couples,7,7,554,4,would you rather questions for couples q | would you rather questions for couples x | would you rather questions for couples z | would you rather questions for couples for | would you rather questions for couples maker | would you rather questions for couples template | would you rather questions for couples 2026
how to make girlfriend feel special on chat,8,7,551,5,how to make my girlfriend feel special online | how to make my girlfriend feel special online  | how to make my girlfriend feel special online online | how to make my girlfriend feel special online app | how to make my girlfriend feel special online template | how how to make my girlfriend feel special online | why how to make my girlfriend feel special online
how to make my online gf happy,7,6,600,2,how to make my girlfriend feel special online e | how to make my girlfriend feel special online f | how to make my girlfriend feel special online g | how to make my girlfriend feel special online k | how to make my girlfriend feel special online x | how to make my girlfriend feel special online z
normal never have i ever questions,6,6,600,2,never have i ever questions for couples q | never have i ever questions for couples z | never have i ever questions for couples free | never have i ever questions for couples online | never have i ever questions for couples for | never have i ever questions for couples 2026
virtual date games ideas,4,6,600,2,virtual date night ideas for couples | virtual date night ideas for couples  | virtual date night ideas for couples maker | virtual date night ideas for couples 2027 | when virtual date night ideas for couples | which virtual date night ideas for couples
20 questions game for couples spicy funny,7,6,561,4,how 20 questions game for couples | when 20 questions game for couples | why 20 questions game for couples | which 20 questions game for couples | who 20 questions game for couples | is it 20 questions game for couples
20 questions game for couples spicy over text,8,6,558,7,how 20 questions game for couples | when 20 questions game for couples | why 20 questions game for couples | which 20 questions game for couples | who 20 questions game for couples | is it 20 questions game for couples
20 questions game for couples spicy with answers,8,6,557,8,how 20 questions game for couples | when 20 questions game for couples | why 20 questions game for couples | which 20 questions game for couples | who 20 questions game for couples | is it 20 questions game for couples
virtual date night ideas,4,6,557,5,virtual date night ideas for couples | virtual date night ideas for couples  | virtual date night ideas for couples d | virtual date night ideas for couples l | virtual date night ideas for couples r | why virtual date night ideas for couples
would you rather questions for boyfriend,6,6,556,9,would you rather questions for couples b | would you rather questions for couples q | would you rather questions for couples x | would you rather questions for couples z | would you rather questions for couples for | would you rather questions for couples maker
20 questions game for couples spicy online funny,8,6,554,8,how 20 questions game for couples | when 20 questions game for couples | why 20 questions game for couples | which 20 questions game for couples | who 20 questions game for couples | is it 20 questions game for couples
20 questions game for couples spicy tagalog,7,6,552,10,how 20 questions game for couples | when 20 questions game for couples | why 20 questions game for couples | which 20 questions game for couples | who 20 questions game for couples | is it 20 questions game for couples
would you rather for couples online game,7,6,551,7,would you rather questions for couples x | would you rather questions for couples z | would you rather questions for couples for | would you rather questions for couples without | would you rather questions for couples maker | would you rather questions for couples template
20 questions game for couples app,6,5,601,1,20 questions game for couples | 20 questions game for couples  | 20 questions game for couples a | what 20 questions game for couples | why 20 questions game for couples
what is 20 questions game for couples,7,5,601,1,20 questions game for couples i | 20 questions game for couples w | how 20 questions game for couples | what 20 questions game for couples | is it 20 questions game for couples
what are never have i ever questions,7,5,600,2,never have i ever questions for couples x | never have i ever questions for couples z | never have i ever questions for couples free | never have i ever questions for couples online | never have i ever questions for couples 2026
what are some questions for never have i ever,9,5,600,2,never have i ever questions for couples q | never have i ever questions for couples for | never have i ever questions for couples app | never have i ever questions for couples maker | what never have i ever questions for couples
20 questions game for couples spicy online,7,5,562,3,how 20 questions game for couples | when 20 questions game for couples | which 20 questions game for couples | who 20 questions game for couples | is it 20 questions game for couples
20 questions game for couples spicy quiz,7,5,553,12,how 20 questions game for couples | when 20 questions game for couples | which 20 questions game for couples | who 20 questions game for couples | is it 20 questions game for couples
20 questions game india,4,5,552,13,20 questions game for couples j | 20 questions game for couples u | 20 questions game for couples x | 20 questions game for couples in | 20 questions game for couples 2026
love letter for boyfriend in assamese,6,5,550,7,love letter for girlfriend in assamese | love letter for girlfriend in assamese  | love letter for girlfriend in assamese s | love letter for girlfriend in assamese 2026 | love letter for girlfriend in assamese 2027
best would you rather questions for couples,7,4,601,1,would you rather questions for couples b | would you rather questions for couples best | how would you rather questions for couples | what would you rather questions for couples
interesting would you rather questions for couples,7,4,601,1,would you rather questions for couples i | would you rather questions for couples in | how would you rather questions for couples | what would you rather questions for couples
never have i ever questions couple questions,7,4,601,1,never have i ever questions for couples q | never have i ever questions for couples x | never have i ever questions for couples 2026 | never have i ever questions for couples 2027
would you rather questions for couples,6,4,601,1,when would you rather questions for couples | why would you rather questions for couples | can i would you rather questions for couples | is it would you rather questions for couples
would you rather questions for married couples,7,4,601,1,would you rather questions for couples m | would you rather questions for couples for | would you rather questions for couples maker | would you rather questions for couples template
20 questions game for married couples spicy,7,4,600,2,20 questions game for couples | 20 questions game for couples  | 20 questions game for couples m | 20 questions game for couples s
would you rather for couples online,6,4,600,2,would you rather questions for couples z | would you rather questions for couples without | would you rather questions for couples maker | would you rather questions for couples template
at home date night ideas for couples,7,4,556,4,what virtual date night ideas for couples | which virtual date night ideas for couples | can i virtual date night ideas for couples | is it virtual date night ideas for couples
most common never have i ever questions,7,4,555,4,never have i ever questions for couples z | never have i ever questions for couples for | never have i ever questions for couples maker | never have i ever questions for couples 2026
good questions to ask for never have i ever,9,4,553,4,never have i ever questions for couples x | never have i ever questions for couples for | never have i ever questions for couples app | never have i ever questions for couples maker
girlfriend first love assamese love letter,6,4,551,5,when love letter for girlfriend in assamese | why love letter for girlfriend in assamese | which love letter for girlfriend in assamese | who love letter for girlfriend in assamese
how to make my girlfriend feel special on her birthday,10,4,551,3,how to make my girlfriend feel special online x | how to make my girlfriend feel special online z | how to make my girlfriend feel special online 2026 | how to make my girlfriend feel special online 2027
would you rather questions for couples weird,7,3,1251,1,would you rather questions for couples | would you rather questions for couples  | would you rather questions for couples w
20 questions car game for couples,6,3,601,1,20 questions game for couples | 20 questions game for couples  | 20 questions game for couples c
20 questions game for best friend,6,3,601,1,20 questions game for couples b | 20 questions game for couples f | 20 questions game for couples best
20 questions game for kids online,6,3,601,1,20 questions game for couples k | 20 questions game for couples o | 20 questions game for couples online
20 questions game for married couples,6,3,601,1,20 questions game for couples | 20 questions game for couples  | 20 questions game for couples m
20 questions game for new couples,6,3,601,1,20 questions game for couples | 20 questions game for couples  | 20 questions game for couples n
20 questions texting game for couples,6,3,601,1,20 questions game for couples | 20 questions game for couples  | 20 questions game for couples t
never have i ever questions for adults online,8,3,601,1,never have i ever questions for couples a | never have i ever questions for couples o | never have i ever questions for couples online
never have i ever questions with couples,7,3,601,1,never have i ever questions for couples w | never have i ever questions for couples with | never have i ever questions for couples for
virtual date night ideas for long distance couples,8,3,601,1,virtual date night ideas for couples | virtual date night ideas for couples  | virtual date night ideas for couples d
would you rather questions for couples getting to know each other,11,3,601,2,would you rather questions for couples e | would you rather questions for couples g | would you rather questions for couples k
would you rather questions with couples,6,3,601,3,would you rather questions for couples w | would you rather questions for couples with | would you rather questions for couples for
20 questions game for kids online free,7,3,600,2,20 questions game for couples k | 20 questions game for couples o | 20 questions game for couples online
20 questions game for seniors with answers,7,3,600,2,20 questions game for couples s | 20 questions game for couples w | 20 questions game for couples with
20 questions game ideas,4,3,600,2,20 questions game for couples i | 20 questions game for couples best | 20 questions game for couples template
love letter for boyfriend in assamese pdf,7,3,600,2,love letter for girlfriend in assamese x | love letter for girlfriend in assamese 2026 | love letter for girlfriend in assamese 2027
never have i ever questions for adults online free,9,3,600,2,never have i ever questions for couples o | never have i ever questions for couples free | never have i ever questions for couples online
never have i ever questions for adults with friends,9,3,600,2,never have i ever questions for couples w | never have i ever questions for couples with | never have i ever questions for couples for
online date night ideas for long distance,7,3,600,2,virtual date night ideas for couples  | virtual date night ideas for couples d | virtual date night ideas for couples l
would you rather couple game questions,6,3,600,2,would you rather questions for couples x | would you rather questions for couples 2026 | would you rather questions for couples 2027
never have i ever questions for drinking with friends,9,3,562,3,never have i ever questions for couples w | never have i ever questions for couples with | never have i ever questions for couples for
never have i ever questions indian version,7,3,562,3,never have i ever questions for couples i | never have i ever questions for couples v | never have i ever questions for couples in
20 questions game for friends online,6,3,561,4,20 questions game for couples f | 20 questions game for couples o | 20 questions game for couples online
would you rather questions for couples flirty game,8,3,559,6,would you rather questions for couples | would you rather questions for couples  | would you rather questions for couples f
20 questions game answers,4,3,557,6,20 questions game for couples a | 20 questions game for couples k | 20 questions game for couples q
20 questions game download,4,3,554,10,20 questions game for couples d | 20 questions game for couples free | 20 questions game for couples app
how to host a virtual date,6,3,554,4,how virtual date night ideas for couples | who virtual date night ideas for couples | can i virtual date night ideas for couples
how can i write a letter to my love,9,3,552,3,love letter for girlfriend in assamese | love letter for girlfriend in assamese  | love letter for girlfriend in assamese s
things to do on a virtual date night,8,3,552,7,how virtual date night ideas for couples | when virtual date night ideas for couples | can i virtual date night ideas for couples
virtual date for long distance relationship,6,3,552,7,virtual date night ideas for couples d | virtual date night ideas for couples l | when virtual date night ideas for couples
what virtual date means,4,3,552,6,what virtual date night ideas for couples | why virtual date night ideas for couples | who virtual date night ideas for couples
would you rather questions for couples wlw,7,2,1250,2,would you rather questions for couples  | would you rather questions for couples w
20 questions game app,4,2,601,1,20 questions game for couples a | 20 questions game for couples app
20 questions game for esl students,6,2,601,1,20 questions game for couples e | 20 questions game for couples s
20 questions game instructions,4,2,601,1,20 questions game for couples i | 20 questions game for couples in
never have i ever questions couples edition,7,2,601,1,never have i ever questions for couples | never have i ever questions for couples e
never have i ever questions for indians,7,2,601,1,never have i ever questions for couples i | never have i ever questions for couples in
virtual date night ideas reddit,5,2,601,1,virtual date night ideas for couples  | virtual date night ideas for couples r
what are good would you rather questions for couples,9,2,601,1,how would you rather questions for couples | what would you rather questions for couples
would you rather questions for couples over text,8,2,601,2,would you rather questions for couples o | would you rather questions for couples t
would you rather questions for couples serious,7,2,601,2,would you rather questions for couples | would you rather questions for couples s
would you rather questions for dating apps,7,2,601,1,would you rather questions for couples d | would you rather questions for couples app
would you rather questions for online dating,7,2,601,1,would you rather questions for couples o | would you rather questions for couples online
20 questions game for dementia patients,6,2,600,2,20 questions game for couples d | 20 questions game for couples p
20 questions game for elementary students,6,2,600,2,20 questions game for couples e | 20 questions game for couples s
20 questions game for getting to know someone,8,2,600,2,20 questions game for couples g | 20 questions game for couples t
20 questions game for new friends,6,2,600,2,20 questions game for couples f | 20 questions game for couples n
20 questions game in spanish,5,2,600,2,20 questions game for couples i | 20 questions game for couples in
best would you rather questions for couples flirty,8,2,600,2,would you rather questions for couples b | would you rather questions for couples best
juicy would you rather questions for couples spicy,8,2,600,2,would you rather questions for couples j | would you rather questions for couples s
never have i ever questions for adults online with friends,10,2,600,2,never have i ever questions for couples o | never have i ever questions for couples online
never have i ever questions for best friends,8,2,600,2,never have i ever questions for couples b | never have i ever questions for couples best
never have i ever questions for couple,7,2,600,2,never have i ever questions for couples 2026 | never have i ever questions for couples 2027
never have i ever questions for teens juicy,8,2,600,3,never have i ever questions for couples j | never have i ever questions for couples t
never have i ever questions interesting,6,2,600,2,never have i ever questions for couples i | never have i ever questions for couples in
questions for 20 questions game for couples,7,2,600,2,20 questions game for couples f | 20 questions game for couples for
spicy never have i ever questions for couples over text,10,2,600,2,never have i ever questions for couples o | never have i ever questions for couples t
virtual date with gf,4,2,600,2,virtual date night ideas for couples without | virtual date night ideas for couples 2026
would you rather questions for adults,6,2,600,2,would you rather questions for couples a | would you rather questions for couples z
would you rather questions for kids in therapy,8,2,600,2,would you rather questions for couples i | would you rather questions for couples in
20 questions game for kids printable,6,2,562,3,20 questions game for couples k | 20 questions game for couples p
20 questions game interesting,4,2,562,3,20 questions game for couples i | 20 questions game for couples in
20 questions game with friends,5,2,562,3,20 questions game for couples w | 20 questions game for couples with
best would you rather questions for couples reddit,8,2,562,3,would you rather questions for couples b | would you rather questions for couples best
never have i ever questions for besties,7,2,562,3,never have i ever questions for couples b | never have i ever questions for couples best
never have i ever questions for girls night,8,2,562,3,never have i ever questions for couples g | never have i ever questions for couples n
never have i ever questions for kids juicy,8,2,562,3,never have i ever questions for couples j | never have i ever questions for couples k
would you rather questions for kids with pictures,8,2,562,3,would you rather questions for couples k | would you rather questions for couples with
would you rather questions for teens in therapy,8,2,562,3,would you rather questions for couples i | would you rather questions for couples in
20 questions game for adults funny,6,2,561,4,20 questions game for couples a | 20 questions game for couples f
20 questions game for birthday party,6,2,561,4,20 questions game for couples b | 20 questions game for couples p
20 questions game for dementia patients with answers,8,2,561,3,20 questions game for couples d | 20 questions game for couples p
20 questions game for talking stage,6,2,561,4,20 questions game for couples s | 20 questions game for couples t
20 questions game in french,5,2,561,4,20 questions game for couples i | 20 questions game for couples in
deep would you rather questions for couples over text,9,2,561,4,would you rather questions for couples d | would you rather questions for couples o
never have i ever questions for best friend girl,9,2,561,4,never have i ever questions for couples b | never have i ever questions for couples best
never have i ever questions for girls night out,9,2,561,4,never have i ever questions for couples g | never have i ever questions for couples n
never have i ever questions for long term couples,9,2,561,4,never have i ever questions for couples l | never have i ever questions for couples t
never have i ever questions for your partner,8,2,561,4,never have i ever questions for couples p | never have i ever questions for couples y
never have i ever questions intense,6,2,561,4,never have i ever questions for couples i | never have i ever questions for couples in
never have i ever questions with friends,7,2,561,4,never have i ever questions for couples w | never have i ever questions for couples with
would you rather questions for adults interesting,7,2,561,4,would you rather questions for couples i | would you rather questions for couples in
would you rather questions for best friends,7,2,561,4,would you rather questions for couples b | would you rather questions for couples best
20 questions game for a guy,6,2,560,5,20 questions game for couples a | 20 questions game for couples g
20 questions game for dementia patients printable,7,2,560,5,20 questions game for couples d | 20 questions game for couples p
20 questions game in hindi,5,2,560,5,20 questions game for couples i | 20 questions game for couples in
20 questions game online,4,2,560,5,20 questions game for couples o | 20 questions game for couples online
20 questions game with kids,5,2,560,5,20 questions game for couples w | 20 questions game for couples with
never have i ever bride questions,6,2,560,4,never have i ever questions for couples b | never have i ever questions for couples for
never have i ever questions for adults uk,8,2,560,5,never have i ever questions for couples a | never have i ever questions for couples u
never have i ever questions for little kids,8,2,560,5,never have i ever questions for couples k | never have i ever questions for couples l
never have i ever questions for your best friend,9,2,560,5,never have i ever questions for couples y | never have i ever questions for couples best
never have i ever questions in spanish,7,2,560,5,never have i ever questions for couples i | never have i ever questions for couples in
never have i ever questions with boyfriend,7,2,560,5,never have i ever questions for couples w | never have i ever questions for couples with
would you rather questions for besties,6,2,560,5,would you rather questions for couples b | would you rather questions for couples best
would you rather questions for kids youtube,7,2,560,5,would you rather questions for couples k | would you rather questions for couples y
would you rather questions interesting,5,2,560,5,would you rather questions for couples i | would you rather questions for couples in
20 questions game for first date,6,2,559,6,20 questions game for couples d | 20 questions game for couples f
20 questions game for kids pdf,6,2,559,6,20 questions game for couples k | 20 questions game for couples p
20 questions game in dating,5,2,559,6,20 questions game for couples i | 20 questions game for couples in
20 questions game online free,5,2,559,6,20 questions game for couples o | 20 questions game for couples online
20 questions game with boyfriend,5,2,559,6,20 questions game for couples w | 20 questions game for couples with
never have i ever questions for bachelorette party,8,2,559,6,never have i ever questions for couples b | never have i ever questions for couples p
never have i ever questions for kids printable,8,2,559,6,never have i ever questions for couples k | never have i ever questions for couples p
never have i ever questions for office party,8,2,559,6,never have i ever questions for couples o | never have i ever questions for couples p
never have i ever questions for retirement party,8,2,559,6,never have i ever questions for couples p | never have i ever questions for couples r
never have i ever questions in hindi,7,2,559,6,never have i ever questions for couples i | never have i ever questions for couples in
never have i ever questions online,6,2,559,4,never have i ever questions for couples o | never have i ever questions for couples online
never have i ever questions with friends juicy,8,2,559,6,never have i ever questions for couples w | never have i ever questions for couples with
would you rather questions for adults reddit,7,2,559,6,would you rather questions for couples a | would you rather questions for couples r
would you rather questions in spanish,6,2,559,6,would you rather questions for couples i | would you rather questions for couples in
20 questions game categories,4,2,558,7,20 questions game for couples c | 20 questions game for couples v
20 questions game for bachelorette party,6,2,558,7,20 questions game for couples b | 20 questions game for couples p
20 questions game for middle school students,7,2,558,3,20 questions game for couples m | 20 questions game for couples s
20 questions game for team building,6,2,558,7,20 questions game for couples b | 20 questions game for couples t
20 questions game with partner,5,2,558,7,20 questions game for couples w | 20 questions game for couples with
never have i ever questions for adults reddit,8,2,558,7,never have i ever questions for couples a | never have i ever questions for couples r
never have i ever questions for friends juicy,8,2,558,7,never have i ever questions for couples f | never have i ever questions for couples j
never have i ever questions insane,6,2,558,7,never have i ever questions for couples i | never have i ever questions for couples in
would you rather questions for car rides,7,2,558,7,would you rather questions for couples c | would you rather questions for couples r
would you rather questions for kids video,7,2,558,7,would you rather questions for couples k | would you rather questions for couples v
would you rather questions insane,5,2,558,7,would you rather questions for couples i | would you rather questions for couples in
20 questions game for friends adults,6,2,557,8,20 questions game for couples a | 20 questions game for couples f
never have i ever questions for getting to know someone,10,2,557,7,never have i ever questions for couples g | never have i ever questions for couples for
never have i ever questions for old people,8,2,557,8,never have i ever questions for couples o | never have i ever questions for couples p
never have i ever questions innocent,6,2,557,8,never have i ever questions for couples i | never have i ever questions for couples in
20 questions game for friends spicy,6,2,556,9,20 questions game for couples f | 20 questions game for couples s
date night cards for couples,5,2,556,3,which virtual date night ideas for couples | who virtual date night ideas for couples
never have i ever questions india,6,2,556,9,never have i ever questions for couples i | never have i ever questions for couples in
would you rather questions for church youth group,8,2,556,9,would you rather questions for couples c | would you rather questions for couples y
would you rather questions inappropriate reddit,6,2,556,9,would you rather questions for couples i | would you rather questions for couples in
20 questions game online free with answers,7,2,555,10,20 questions game for couples o | 20 questions game for couples online
never have i ever questions for group of friends,9,2,555,10,never have i ever questions for couples g | never have i ever questions for couples o
never have i ever questions in the work,8,2,555,10,never have i ever questions for couples i | never have i ever questions for couples in
would you rather questions in a relationship,7,2,555,10,would you rather questions for couples i | would you rather questions for couples in
assamese love letter for gf,5,2,554,3,love letter for girlfriend in assamese | love letter for girlfriend in assamese 
never have i ever questions in french,7,2,554,11,never have i ever questions for couples i | never have i ever questions for couples in
would you rather couple questions,5,2,554,6,would you rather questions for couples q | would you rather questions for couples x
would you rather questions for husband and wife,8,2,554,4,would you rather questions for couples maker | would you rather questions for couples template
would you rather questions for teens juicy,7,2,554,11,would you rather questions for couples j | would you rather questions for couples t
would you rather questions intellectual,5,2,554,11,would you rather questions for couples i | would you rather questions for couples in
list of never have i ever questions,7,2,553,10,never have i ever questions for couples online | what never have i ever questions for couples
never have i ever questions in office,7,2,553,12,never have i ever questions for couples i | never have i ever questions for couples in
what are some juicy never have i ever questions,9,2,553,5,never have i ever questions for couples free | never have i ever questions for couples online
20 questions game online multiplayer,5,2,552,13,20 questions game for couples o | 20 questions game for couples online
20 questions quiz for couples,5,2,552,3,20 questions game for couples z | 20 questions game for couples maker
love letter for girlfriend example,5,2,552,5,love letter for girlfriend in assamese | love letter for girlfriend in assamese 
never have i ever questions in a relationship,8,2,552,13,never have i ever questions for couples i | never have i ever questions for couples in
what is the 20 questions game romantic for couples,9,2,552,11,20 questions game for couples | what 20 questions game for couples
would you rather questions in lights out,7,2,552,13,would you rather questions for couples i | would you rather questions for couples in
how can i make my girlfriend feel special,8,2,551,6,can i how to make my girlfriend feel special online | is it how to make my girlfriend feel special online
virtual dating ideas,3,2,551,9,why virtual date night ideas for couples | who virtual date night ideas for couples
would you rather questions in the car,7,2,551,14,would you rather questions for couples i | would you rather questions for couples in
how to make girl feel special on date,8,2,550,4,how to make my girlfriend feel special online 2027 | when how to make my girlfriend feel special online
how to make my girlfriend feel special,7,2,550,4,how to make my girlfriend feel special online k | how to make my girlfriend feel special online 2026
how to make your girlfriend feel better online,8,2,550,4,how to make my girlfriend feel special online free | which how to make my girlfriend feel special online
virtual date ideas,3,2,550,5,virtual date night ideas for couples u | virtual date night ideas for couples v
would you rather challenge couples,5,2,550,9,would you rather questions for couples 2026 | would you rather questions for couples 2027
would you rather questions for couples pinterest,7,1,1250,1,would you rather questions for couples p
would you rather questions for couples spicy,7,1,1250,1,would you rather questions for couples s
20 questions game for girlfriend,5,1,601,1,20 questions game for couples g
20 questions game for high school students,7,1,601,1,20 questions game for couples h
20 questions game for kids,5,1,601,1,20 questions game for couples k
20 questions game for long distance relationship,7,1,601,1,20 questions game for couples l
20 questions game for relationship,5,1,601,1,20 questions game for couples r
20 questions game for your crush,6,1,601,1,20 questions game for couples y
20 questions game free,4,1,601,1,20 questions game for couples free
20 questions game juicy,4,1,601,1,20 questions game for couples j
20 questions game questions for couples,6,1,601,1,20 questions game for couples q
20 questions game template,4,1,601,1,20 questions game for couples template
20 questions game uk,4,1,601,1,20 questions game for couples u
20 questions game vs computer,5,1,601,1,20 questions game for couples v
how to make my girlfriend feel appreciated,7,1,601,1,how to make my girlfriend feel special online app
never have i ever question maker,6,1,601,1,never have i ever questions for couples maker
never have i ever questions 2026,6,1,601,1,never have i ever questions for couples 2026
never have i ever questions between couples,7,1,601,1,never have i ever questions for couples b
never have i ever questions for adults app,8,1,601,1,never have i ever questions for couples app
never have i ever questions for adults couples,8,1,601,1,never have i ever questions for couples a
never have i ever questions for couples reddit,8,1,601,1,never have i ever questions for couples r
never have i ever questions for high schoolers,8,1,601,1,never have i ever questions for couples h
never have i ever questions for juicy,7,1,601,2,never have i ever questions for couples j
never have i ever questions for kids,7,1,601,1,never have i ever questions for couples k
never have i ever questions for lesbian couples,8,1,601,1,never have i ever questions for couples l
never have i ever questions for uni students,8,1,601,1,never have i ever questions for couples u
never have i ever questions for your boyfriend,8,1,601,1,never have i ever questions for couples y
never have i ever questions free,6,1,601,1,never have i ever questions for couples free
never have i ever questions gen z,7,1,601,1,never have i ever questions for couples z
never have i ever questions personal for couples,8,1,601,1,never have i ever questions for couples p
never have i ever questions video,6,1,601,1,never have i ever questions for couples v
never have i ever questions x,6,1,601,1,never have i ever questions for couples x
unhinged would you rather questions for couples,7,1,601,1,would you rather questions for couples u
virtual date night ideas for long distance,7,1,601,1,virtual date night ideas for couples l
who would you rather questions for couples,7,1,601,1,which would you rather questions for couples
would you rather questions couple questions,6,1,601,1,would you rather questions for couples q
would you rather questions for 2026,6,1,601,1,would you rather questions for couples 2026
would you rather questions for a couple,7,1,601,1,would you rather questions for couples a
would you rather questions for couples book,7,1,601,1,would you rather questions for couples b
would you rather questions for couples clean,7,1,601,2,would you rather questions for couples c
would you rather questions for couples juicy,7,1,601,1,would you rather questions for couples j
would you rather questions for couples love,7,1,601,1,would you rather questions for couples l
would you rather questions for couples pdf,7,1,601,2,would you rather questions for couples p
would you rather questions for couples teens,7,1,601,1,would you rather questions for couples t
would you rather questions for free,6,1,601,1,would you rather questions for couples free
would you rather questions for valentine's day,7,1,601,1,would you rather questions for couples v
would you rather questions for young adults,7,1,601,1,would you rather questions for couples y
would you rather questions for zoom meetings,7,1,601,1,would you rather questions for couples z
would you rather questions maker,5,1,601,1,would you rather questions for couples maker
would you rather questions template,5,1,601,1,would you rather questions for couples template
would you rather questions x,5,1,601,1,would you rather questions for couples x
20 questions game app free,5,1,600,2,20 questions game for couples app
20 questions game best topics,5,1,600,2,20 questions game for couples best
20 questions game for boyfriend,5,1,600,2,20 questions game for couples b
20 questions game for crush,5,1,600,2,20 questions game for couples c
20 questions game for friends,5,1,600,4,20 questions game for couples f
20 questions game for lovers,5,1,600,2,20 questions game for couples l
20 questions game for partner,5,1,600,2,20 questions game for couples p
20 questions game for work,5,1,600,2,20 questions game for couples w
20 questions game for your boyfriend,6,1,600,2,20 questions game for couples y
20 questions game free online,5,1,600,2,20 questions game for couples free
20 questions game handheld,4,1,600,2,20 questions game for couples h
20 questions game question ideas,5,1,600,2,20 questions game for couples q
20 questions game rules,4,1,600,2,20 questions game for couples r
20 questions game variations,4,1,600,2,20 questions game for couples v
never ever have i ever questions for couples,8,1,600,2,never have i ever questions for couples e
never have i ever questions app,6,1,600,2,never have i ever questions for couples app
never have i ever questions for a couple,8,1,600,2,never have i ever questions for couples a
never have i ever questions for couples spicy reddit,9,1,600,2,never have i ever questions for couples r
never have i ever questions for cousins,7,1,600,2,never have i ever questions for couples c
never have i ever questions for friends,7,1,600,3,never have i ever questions for couples f
never have i ever questions for hen party,8,1,600,2,never have i ever questions for couples h
never have i ever questions for kids funny,8,1,600,2,never have i ever questions for couples k
never have i ever questions for lovers,7,1,600,2,never have i ever questions for couples l
never have i ever questions for middle schoolers,8,1,600,2,never have i ever questions for couples m
never have i ever questions for new friends,8,1,600,2,never have i ever questions for couples n
never have i ever questions for partners,7,1,600,2,never have i ever questions for couples p
never have i ever questions for uni,7,1,600,2,never have i ever questions for couples u
never have i ever questions for work,7,1,600,2,never have i ever questions for couples w
never have i ever questions for young adults,8,1,600,2,never have i ever questions for couples y
never have i ever questions quizlet,6,1,600,2,never have i ever questions for couples q
never have i ever questions vogue,6,1,600,2,never have i ever questions for couples v
never have i ever questions with friends for teens,9,1,600,2,never have i ever questions for couples for
online date night ideas reddit,5,1,600,2,virtual date night ideas for couples r
the 20 questions game for couples,6,1,600,2,20 questions game for couples t
unique would you rather questions for couples,7,1,600,2,would you rather questions for couples u
would you rather questions for adults appropriate,7,1,600,2,would you rather questions for couples app
would you rather questions for adults for work,8,1,600,2,would you rather questions for couples for
would you rather questions for black couples,7,1,600,2,would you rather questions for couples b
would you rather questions for couples date night,8,1,600,2,would you rather questions for couples d
would you rather questions for couples spicy funny,8,1,600,3,would you rather questions for couples s
would you rather questions for engaged couples,7,1,600,2,would you rather questions for couples e
would you rather questions for gay couples,7,1,600,3,would you rather questions for couples g
would you rather questions for gen z,7,1,600,2,would you rather questions for couples z
would you rather questions for icebreakers,6,1,600,2,would you rather questions for couples i
would you rather questions for kids,6,1,600,2,would you rather questions for couples k
would you rather questions for kids 2026,7,1,600,2,would you rather questions for couples 2026
would you rather questions for kids online,7,1,600,2,would you rather questions for couples online
would you rather questions for lesbian couples,7,1,600,2,would you rather questions for couples l
would you rather questions for married couples funny,8,1,600,2,would you rather questions for couples m
would you rather questions for preschoolers,6,1,600,3,would you rather questions for couples p
would you rather questions for relationships,6,1,600,4,would you rather questions for couples r
would you rather questions for seniors free,7,1,600,2,would you rather questions for couples free
would you rather questions for seniors with dementia,8,1,600,2,would you rather questions for couples with
would you rather questions for virtual meetings,7,1,600,2,would you rather questions for couples v
would you rather questions for work,6,1,600,4,would you rather questions for couples w
would you rather questions for young kids,7,1,600,2,would you rather questions for couples y
would you rather questions quiz,5,1,600,2,would you rather questions for couples q
would you rather questions xmas,5,1,600,2,would you rather questions for couples x
20 questions game for adults,5,1,562,3,20 questions game for couples a
20 questions game for baby shower,6,1,562,3,20 questions game for couples b
20 questions game for children,5,1,562,3,20 questions game for couples c
20 questions game for date night,6,1,562,3,20 questions game for couples n
20 questions game for girls,5,1,562,3,20 questions game for couples g
20 questions game for teens,5,1,562,3,20 questions game for couples t
20 questions game for wedding,5,1,562,3,20 questions game for couples w
20 questions game for your partner,6,1,562,3,20 questions game for couples y
20 questions game imessage,4,1,562,3,20 questions game for couples i
20 questions game list,4,1,562,3,20 questions game for couples l
20 questions game radica,4,1,562,3,20 questions game for couples r
fun would you rather questions for married couples,8,1,562,3,would you rather questions for couples m
never have i ever questions for adults,7,1,562,3,never have i ever questions for couples a
never have i ever questions for boyfriend,7,1,562,3,never have i ever questions for couples b
never have i ever questions for college students,8,1,562,3,never have i ever questions for couples c
never have i ever questions for exes,7,1,562,3,never have i ever questions for couples e
never have i ever questions for girls,7,1,562,3,never have i ever questions for couples g
never have i ever questions for hen do,8,1,562,3,never have i ever questions for couples h
never have i ever questions for ladies night,8,1,562,3,never have i ever questions for couples l
never have i ever questions for my girlfriend,8,1,562,3,never have i ever questions for couples m
never have i ever questions for office colleagues,8,1,562,3,never have i ever questions for couples o
never have i ever questions for party,7,1,562,3,never have i ever questions for couples p
never have i ever questions for under 18,8,1,562,3,never have i ever questions for couples u
never have i ever questions for work team building,9,1,562,3,never have i ever questions for couples w
never have i ever questions for your crush,8,1,562,3,never have i ever questions for couples y
never have i ever questions very juicy,7,1,562,3,never have i ever questions for couples v
never have i ever relationship questions for couples,8,1,562,3,never have i ever questions for couples r
uncomfortable would you rather questions for couples,7,1,562,3,would you rather questions for couples u
would you rather questions couples edition,6,1,562,3,would you rather questions for couples e
would you rather questions for adults funny,7,1,562,3,would you rather questions for couples a
would you rather questions for icebreaker at work,8,1,562,3,would you rather questions for couples i
would you rather questions for january,6,1,562,3,would you rather questions for couples j
would you rather questions for kids free printable,8,1,562,3,would you rather questions for couples free
would you rather questions for kids funny,7,1,562,3,would you rather questions for couples k
would you rather questions for little kids,7,1,562,3,would you rather questions for couples l
would you rather questions for summer for adults,8,1,562,3,would you rather questions for couples for
would you rather questions for vacation,6,1,562,3,would you rather questions for couples v
would you rather questions for youth group,7,1,562,3,would you rather questions for couples y
20 questions game for coworkers,5,1,561,4,20 questions game for couples c
20 questions game for elderly,5,1,561,3,20 questions game for couples e
20 questions game for gf,5,1,561,4,20 questions game for couples g
20 questions game for seniors,5,1,561,4,20 questions game for couples s
20 questions game iphone,4,1,561,4,20 questions game for couples i
20 questions game link,4,1,561,4,20 questions game for couples l
20 questions game near me,5,1,561,4,20 questions game for couples n
20 questions game reddit,4,1,561,4,20 questions game for couples r
20 questions game yes or no,6,1,561,4,20 questions game for couples y
flirty would you rather questions for married couples,8,1,561,4,would you rather questions for couples m
never have i ever questions for adults flirty,8,1,561,4,never have i ever questions for couples a
never have i ever questions for crush,7,1,561,4,never have i ever questions for couples c
never have i ever questions for esl students,8,1,561,4,never have i ever questions for couples e
never have i ever questions for family,7,1,561,4,never have i ever questions for couples f
never have i ever questions for husband and wife,9,1,561,4,never have i ever questions for couples h
never have i ever questions for kids dirty,8,1,561,4,never have i ever questions for couples k
never have i ever questions for long distance relationship,9,1,561,4,never have i ever questions for couples l
never have i ever questions for my boyfriend,8,1,561,4,never have i ever questions for couples m
never have i ever questions for office,7,1,561,4,never have i ever questions for couples o
never have i ever questions for pre teens,8,1,561,4,never have i ever questions for couples p
never have i ever questions for relationships,7,1,561,4,never have i ever questions for couples r
never have i ever questions for ur bf,8,1,561,4,never have i ever questions for couples u
never have i ever questions for women,7,1,561,4,never have i ever questions for couples w
never have i ever questions veg,6,1,561,4,never have i ever questions for couples v
never have i ever questions with friends for kids,9,1,561,3,never have i ever questions for couples for
tough would you rather questions for couples,7,1,561,4,would you rather questions for couples t
would you rather questions between couples,6,1,561,4,would you rather questions for couples b
would you rather questions extreme for couples funny,8,1,561,4,would you rather questions for couples e
would you rather questions for adults dark,7,1,561,4,would you rather questions for couples a
would you rather questions for christian couples,7,1,561,4,would you rather questions for couples c
would you rather questions for couples spicy quiz,8,1,561,4,would you rather questions for couples s
would you rather questions for junior high students,8,1,561,4,would you rather questions for couples j
would you rather questions for kids for fall,8,1,561,4,would you rather questions for couples for
would you rather questions for kids free,7,1,561,4,would you rather questions for couples free
would you rather questions for kindergarten,6,1,561,4,would you rather questions for couples k
would you rather questions for leadership,6,1,561,4,would you rather questions for couples l
would you rather questions for partner,6,1,561,4,would you rather questions for couples p
would you rather questions for university students,7,1,561,4,would you rather questions for couples u
would you rather questions for vet med,7,1,561,4,would you rather questions for couples v
would you rather questions for youth,6,1,561,4,would you rather questions for couples y
would you rather questions with friends,6,1,561,4,would you rather questions for couples with
20 questions game early 2000s,5,1,560,4,20 questions game for couples e
20 questions game for a date,6,1,560,5,20 questions game for couples a
20 questions game for bridal shower,6,1,560,5,20 questions game for couples b
20 questions game for classroom,5,1,560,5,20 questions game for couples c
20 questions game for family,5,1,560,5,20 questions game for couples f
20 questions game for kindergarten,5,1,560,5,20 questions game for couples k
20 questions game for sale,5,1,560,5,20 questions game for couples s
20 questions game for therapy,5,1,560,5,20 questions game for couples t
20 questions game love,4,1,560,5,20 questions game for couples l
20 questions game name,4,1,560,5,20 questions game for couples n
20 questions game question,4,1,560,3,20 questions game for couples q
20 questions game road trip,5,1,560,5,20 questions game for couples r
20 questions game vintage,4,1,560,3,20 questions game for couples v
20 questions game youtube,4,1,560,5,20 questions game for couples y
controversial would you rather questions for couples,7,1,560,5,would you rather questions for couples c
good would you rather questions for couples flirty,8,1,560,5,would you rather questions for couples g
never have i ever questions appropriate,6,1,560,3,never have i ever questions for couples app
never have i ever questions for bf,7,1,560,5,never have i ever questions for couples b
never have i ever questions for children,7,1,560,5,never have i ever questions for couples c
never have i ever questions for date night,8,1,560,5,never have i ever questions for couples n
never have i ever questions for elderly,7,1,560,5,never have i ever questions for couples e
never have i ever questions for friends funny,8,1,560,5,never have i ever questions for couples f
never have i ever questions for girlfriend,7,1,560,5,never have i ever questions for couples g
never have i ever questions for him,7,1,560,5,never have i ever questions for couples h
never have i ever questions for kings cup,8,1,560,5,never have i ever questions for couples k
never have i ever questions for men,7,1,560,5,never have i ever questions for couples m
never have i ever questions for older adults,8,1,560,5,never have i ever questions for couples o
never have i ever questions for parents,7,1,560,5,never have i ever questions for couples p
never have i ever questions for roommates,7,1,560,5,never have i ever questions for couples r
never have i ever questions for work colleagues,8,1,560,5,never have i ever questions for couples w
never have i ever questions for your girlfriend,8,1,560,5,never have i ever questions for couples y
never have i ever questions valentine's day,7,1,560,5,never have i ever questions for couples v
tricky would you rather questions for couples,7,1,560,5,would you rather questions for couples t
would you rather questions for adults hard,7,1,560,5,would you rather questions for couples a
would you rather questions for christmas for kids,8,1,560,5,would you rather questions for couples for
would you rather questions for couples flirty over text funny,10,1,560,5,would you rather questions for couples o
would you rather questions for couples spicy over text,9,1,560,5,would you rather questions for couples s
would you rather questions for dating couples,7,1,560,3,would you rather questions for couples d
would you rather questions for juicy,6,1,560,5,would you rather questions for couples j
would you rather questions for kids free printable pdf,9,1,560,5,would you rather questions for couples free
would you rather questions for kids online game,8,1,560,3,would you rather questions for couples online
would you rather questions for love,6,1,560,5,would you rather questions for couples l
would you rather questions for middle school,7,1,560,5,would you rather questions for couples m
would you rather questions for parents,6,1,560,5,would you rather questions for couples p
would you rather questions for road trips,7,1,560,5,would you rather questions for couples r
would you rather questions for teens appropriate,7,1,560,3,would you rather questions for couples app
would you rather questions for upper elementary,7,1,560,5,would you rather questions for couples u
would you rather questions for work funny,7,1,560,5,would you rather questions for couples w
would you rather questions for youtube,6,1,560,5,would you rather questions for couples y
would you rather questions valentine's,5,1,560,5,would you rather questions for couples v
would you rather questions with boyfriend,6,1,560,5,would you rather questions for couples with
20 questions game apple,4,1,559,3,20 questions game for couples app
20 questions game for boys,5,1,559,6,20 questions game for couples b
20 questions game for car,5,1,559,6,20 questions game for couples c
20 questions game for teenagers,5,1,559,6,20 questions game for couples t
20 questions game genie,4,1,559,6,20 questions game for couples g
20 questions game logo,4,1,559,6,20 questions game for couples l
20 questions game new,4,1,559,6,20 questions game for couples n
20 questions game quiz,4,1,559,4,20 questions game for couples q
20 questions game random generator,5,1,559,6,20 questions game for couples r
20 questions game words,4,1,559,6,20 questions game for couples w
20 questions game year,4,1,559,6,20 questions game for couples y
flirty would you rather questions for couples spicy,8,1,559,6,would you rather questions for couples s
good would you rather questions for couples reddit,8,1,559,6,would you rather questions for couples g
never have i ever questions for adults spicy funny,9,1,559,6,never have i ever questions for couples a
never have i ever questions for boy best friend,9,1,559,6,never have i ever questions for couples best
never have i ever questions for colleagues,7,1,559,6,never have i ever questions for couples c
never have i ever questions for english class,8,1,559,6,never have i ever questions for couples e
never have i ever questions for friends adults,8,1,559,6,never have i ever questions for couples f
never have i ever questions for grown ups,8,1,559,6,never have i ever questions for couples u
never have i ever questions for guys,7,1,559,6,never have i ever questions for couples g
never have i ever questions for high school,8,1,559,6,never have i ever questions for couples h
never have i ever questions for lesbians,7,1,559,6,never have i ever questions for couples l
never have i ever questions for mom,7,1,559,6,never have i ever questions for couples m
never have i ever questions for teens,7,1,559,6,never have i ever questions for couples t
never have i ever questions for work funny,8,1,559,6,never have i ever questions for couples w
never have i ever questions for youth group,8,1,559,6,never have i ever questions for couples y
never have i ever questions ideas,6,1,559,6,never have i ever questions for couples i
never have i ever questions non veg,7,1,559,6,never have i ever questions for couples n
never have i ever questions very funny,7,1,559,6,never have i ever questions for couples v
never have i ever questions work appropriate,7,1,559,4,never have i ever questions for couples app
would you rather questions for 5 year olds,8,1,559,6,would you rather questions for couples y
would you rather questions for a date,7,1,559,6,would you rather questions for couples a
would you rather questions for adults free,7,1,559,6,would you rather questions for couples free
would you rather questions for best friends girl,8,1,559,6,would you rather questions for couples best
would you rather questions for children,6,1,559,6,would you rather questions for couples c
would you rather questions for elementary students,7,1,559,6,would you rather questions for couples e
would you rather questions for halloween for kids,8,1,559,6,would you rather questions for couples for
would you rather questions for jobs,6,1,559,6,would you rather questions for couples j
would you rather questions for kids app,7,1,559,4,would you rather questions for couples app
would you rather questions for kids pdf,7,1,559,6,would you rather questions for couples k
would you rather questions for long car rides,8,1,559,6,would you rather questions for couples l
would you rather questions for long distance couples,8,1,559,4,would you rather questions for couples d
would you rather questions for men,6,1,559,6,would you rather questions for couples m
would you rather questions for office,6,1,559,6,would you rather questions for couples o
would you rather questions for party,6,1,559,6,would you rather questions for couples p
would you rather questions for teens,6,1,559,6,would you rather questions for couples t
would you rather questions for teens online,7,1,559,4,would you rather questions for couples online
would you rather questions for values,6,1,559,6,would you rather questions for couples v
would you rather questions for work team building,8,1,559,6,would you rather questions for couples w
would you rather questions for your bf,7,1,559,6,would you rather questions for couples u
would you rather questions with girlfriend,6,1,559,6,would you rather questions for couples with
20 questions game electronic,4,1,558,6,20 questions game for couples e
20 questions game for a first date,7,1,558,7,20 questions game for couples a
20 questions game for friends funny,6,1,558,7,20 questions game for couples f
20 questions game for students,5,1,558,7,20 questions game for couples s
20 questions game generator,4,1,558,7,20 questions game for couples g
20 questions game in the classroom,6,1,558,7,20 questions game for couples in
20 questions game kopen,4,1,558,7,20 questions game for couples k
20 questions game nz,4,1,558,7,20 questions game for couples n
20 questions game on imessage,5,1,558,7,20 questions game for couples o
20 questions game question to ask,6,1,558,5,20 questions game for couples q
20 questions game romantic,4,1,558,7,20 questions game for couples r
deep would you rather questions for couples spicy,8,1,558,7,would you rather questions for couples s
difficult would you rather questions for couples,7,1,558,5,would you rather questions for couples d
never have i ever questions best,6,1,558,7,never have i ever questions for couples best
never have i ever questions for adults extreme,8,1,558,7,never have i ever questions for couples a
never have i ever questions for boys,7,1,558,7,never have i ever questions for couples b
never have i ever questions for close friends,8,1,558,7,never have i ever questions for couples c
never have i ever questions for esl,7,1,558,7,never have i ever questions for couples e
never have i ever questions for group,7,1,558,7,never have i ever questions for couples g
never have i ever questions for husband,7,1,558,7,never have i ever questions for couples h
never have i ever questions for kids clean,8,1,558,7,never have i ever questions for couples k
never have i ever questions for love,7,1,558,7,never have i ever questions for couples l
never have i ever questions for my crush,8,1,558,7,never have i ever questions for couples m
never have i ever questions for older teens,8,1,558,7,never have i ever questions for couples o
never have i ever questions for workplace,7,1,558,7,never have i ever questions for couples w
never have i ever questions for young teens,8,1,558,7,never have i ever questions for couples y
never have i ever questions normal,6,1,558,7,never have i ever questions for couples n
never have i ever questions online game,7,1,558,5,never have i ever questions for couples online
never have i ever questions quiz,6,1,558,3,never have i ever questions for couples q
never have i ever questions school appropriate,7,1,558,5,never have i ever questions for couples app
never have i ever questions uk,6,1,558,7,never have i ever questions for couples u
never have i ever questions vrchat,6,1,558,7,never have i ever questions for couples v
never have i ever questions with friends funny,8,1,558,7,never have i ever questions for couples with
question games for couples app,5,1,558,4,20 questions game for couples app
would you rather questions for adults app,7,1,558,5,would you rather questions for couples app
would you rather questions for adults online,7,1,558,5,would you rather questions for couples online
would you rather questions for best friends funny,8,1,558,7,would you rather questions for couples best
would you rather questions for coworkers,6,1,558,7,would you rather questions for couples c
would you rather questions for elderly,6,1,558,7,would you rather questions for couples e
would you rather questions for friends,6,1,558,7,would you rather questions for couples f
would you rather questions for girlfriend,6,1,558,7,would you rather questions for couples g
would you rather questions for jr high,7,1,558,7,would you rather questions for couples j
would you rather questions for kids printable,7,1,558,7,would you rather questions for couples k
would you rather questions for lesbians,6,1,558,7,would you rather questions for couples l
would you rather questions for my girlfriend,7,1,558,7,would you rather questions for couples m
would you rather questions for office colleagues,7,1,558,7,would you rather questions for couples o
would you rather questions for pre k,7,1,558,7,would you rather questions for couples p
would you rather questions for seniors free printable,8,1,558,7,would you rather questions for couples free
would you rather questions for the office,7,1,558,7,would you rather questions for couples t
would you rather questions for winter for kids,8,1,558,7,would you rather questions for couples for
would you rather questions for work team building funny,9,1,558,7,would you rather questions for couples w
would you rather questions for your gf,7,1,558,7,would you rather questions for couples u
would you rather questions with kids,6,1,558,7,would you rather questions for couples with
20 questions game cards,4,1,557,8,20 questions game for couples c
20 questions game device,4,1,557,7,20 questions game for couples d
20 questions game electronic ball,5,1,557,7,20 questions game for couples e
20 questions game for a girl,6,1,557,8,20 questions game for couples a
20 questions game for siblings,5,1,557,8,20 questions game for couples s
20 questions game guess what i am thinking,8,1,557,8,20 questions game for couples g
20 questions game how does it work,7,1,557,4,20 questions game for couples h
20 questions game in korean,5,1,557,8,20 questions game for couples in
20 questions game items,4,1,557,8,20 questions game for couples i
20 questions game mattel,4,1,557,4,20 questions game for couples m
20 questions game on iphone,5,1,557,8,20 questions game for couples o
20 questions game release date,5,1,557,8,20 questions game for couples r
20 questions game what to ask,6,1,557,8,20 questions game for couples w
20 questions game with girlfriend,5,1,557,8,20 questions game for couples with
boyfriend would you rather questions for couples,7,1,557,8,would you rather questions for couples b
deep would you rather questions for couples funny,8,1,557,6,would you rather questions for couples d
messed up would you rather questions for couples,8,1,557,8,would you rather questions for couples u
never have i ever questions age appropriate,7,1,557,6,never have i ever questions for couples app
never have i ever questions embarrassing,6,1,557,8,never have i ever questions for couples e
never have i ever questions for adults funny,8,1,557,8,never have i ever questions for couples a
never have i ever questions for corporate,7,1,557,8,never have i ever questions for couples c
never have i ever questions for family funny,8,1,557,8,never have i ever questions for couples f
never have i ever questions for friends tagalog version,9,1,557,8,never have i ever questions for couples v
never have i ever questions for girl best friends,9,1,557,8,never have i ever questions for couples g
never have i ever questions for girlfriend romantic,8,1,557,8,never have i ever questions for couples r
never have i ever questions for hens,7,1,557,8,never have i ever questions for couples h
never have i ever questions for kids and teens,9,1,557,8,never have i ever questions for couples k
never have i ever questions for ladies,7,1,557,8,never have i ever questions for couples l
never have i ever questions for middle school,8,1,557,8,never have i ever questions for couples m
never have i ever questions for the girls,8,1,557,8,never have i ever questions for couples t
never have i ever questions for work meeting,8,1,557,8,never have i ever questions for couples w
never have i ever questions juicy funny,7,1,557,6,never have i ever questions for couples j
never have i ever questions not inappropriate,7,1,557,8,never have i ever questions for couples n
never have i ever questions queer,6,1,557,4,never have i ever questions for couples q
never have i ever questions spicy online,7,1,557,6,never have i ever questions for couples online
never have i ever questions unhinged,6,1,557,8,never have i ever questions for couples u
never have i ever questions with cousins,7,1,557,8,never have i ever questions for couples with
never have i ever questions with your friends,8,1,557,8,never have i ever questions for couples y
would you rather questions appropriate,5,1,557,6,would you rather questions for couples app
would you rather questions for 10 year olds,8,1,557,8,would you rather questions for couples y
would you rather questions for adults at work,8,1,557,8,would you rather questions for couples a
would you rather questions for adults couples spicy,8,1,557,8,would you rather questions for couples s
would you rather questions for adults online game,8,1,557,6,would you rather questions for couples online
would you rather questions for college students,7,1,557,8,would you rather questions for couples c
would you rather questions for esl students,7,1,557,8,would you rather questions for couples e
would you rather questions for family,6,1,557,8,would you rather questions for couples f
would you rather questions for girls,6,1,557,8,would you rather questions for couples g
would you rather questions for july,6,1,557,8,would you rather questions for couples j
would you rather questions for kids for summer,8,1,557,8,would you rather questions for couples for
would you rather questions for kids silly,7,1,557,8,would you rather questions for couples k
would you rather questions for kids valentine's day,8,1,557,8,would you rather questions for couples v
would you rather questions for ladies,6,1,557,8,would you rather questions for couples l
would you rather questions for my boyfriend,7,1,557,8,would you rather questions for couples m
would you rather questions for older adults,7,1,557,8,would you rather questions for couples o
would you rather questions for parents funny,7,1,557,8,would you rather questions for couples p
would you rather questions for seniors free funny,8,1,557,8,would you rather questions for couples free
would you rather questions for team building,7,1,557,8,would you rather questions for couples t
would you rather questions for women,6,1,557,8,would you rather questions for couples w
would you rather questions for your best friend,8,1,557,8,would you rather questions for couples best
would you rather questions intense,5,1,557,8,would you rather questions for couples in
would you rather questions quirky,5,1,557,3,would you rather questions for couples q
would you rather questions reddit,5,1,557,8,would you rather questions for couples r
would you rather questions with partner,6,1,557,8,would you rather questions for couples with
would you rather questions zombie apocalypse,6,1,557,3,would you rather questions for couples z
20 questions example questions,4,1,556,7,20 questions game for couples q
20 questions game ball,4,1,556,9,20 questions game for couples b
20 questions game console,4,1,556,9,20 questions game for couples c
20 questions game deep,4,1,556,8,20 questions game for couples d
20 questions game explained,4,1,556,8,20 questions game for couples e
20 questions game for spouse,5,1,556,9,20 questions game for couples s
20 questions game guess the word,6,1,556,9,20 questions game for couples g
20 questions game help,4,1,556,5,20 questions game for couples h
20 questions game machine,4,1,556,5,20 questions game for couples m
20 questions game over text,5,1,556,9,20 questions game for couples o
20 questions game review,4,1,556,9,20 questions game for couples r
20 questions game to ask a guy,7,1,556,9,20 questions game for couples t
20 questions game with genie,5,1,556,9,20 questions game for couples with
disgusting would you rather questions for couples,7,1,556,7,would you rather questions for couples d
games for couples app,4,1,556,6,20 questions game for couples app
good never have i ever questions for best friends,9,1,556,9,never have i ever questions for couples best
never have i ever questions exposing,6,1,556,9,never have i ever questions for couples e
never have i ever questions for adults drinking game,9,1,556,9,never have i ever questions for couples a
never have i ever questions for adults random,8,1,556,9,never have i ever questions for couples r
never have i ever questions for black people,8,1,556,9,never have i ever questions for couples b
never have i ever questions for christians,7,1,556,9,never have i ever questions for couples c
never have i ever questions for first date,8,1,556,9,never have i ever questions for couples f
never have i ever questions for girls sleepover,8,1,556,9,never have i ever questions for couples g
never have i ever questions for kids and adults,9,1,556,9,never have i ever questions for couples k
never have i ever questions for muslims,7,1,556,9,never have i ever questions for couples m
never have i ever questions for teen girls,8,1,556,9,never have i ever questions for couples t
never have i ever questions for wife,7,1,556,9,never have i ever questions for couples w
never have i ever questions hard,6,1,556,9,never have i ever questions for couples h
never have i ever questions juicy edition,7,1,556,7,never have i ever questions for couples j
never have i ever questions kid appropriate,7,1,556,7,never have i ever questions for couples app
never have i ever questions not boring,7,1,556,9,never have i ever questions for couples n
never have i ever questions quirky,6,1,556,5,never have i ever questions for couples q
never have i ever questions spicy online game,8,1,556,7,never have i ever questions for couples online
never have i ever questions unique,6,1,556,9,never have i ever questions for couples u
never have i ever questions with girlfriend,7,1,556,9,never have i ever questions for couples with
who would rather questions for couples,6,1,556,9,who would you rather questions for couples
would you rather questions 2026 funny,6,1,556,3,would you rather questions for couples 2026
would you rather questions app,5,1,556,7,would you rather questions for couples app
would you rather questions for a girl,7,1,556,9,would you rather questions for couples a
would you rather questions for boy best friend,8,1,556,9,would you rather questions for couples best
would you rather questions for crush,6,1,556,9,would you rather questions for couples c
would you rather questions for elementary kids,7,1,556,9,would you rather questions for couples e
would you rather questions for friends adults,7,1,556,9,would you rather questions for couples f
would you rather questions for girls night,7,1,556,9,would you rather questions for couples g
would you rather questions for grown ups,7,1,556,9,would you rather questions for couples u
would you rather questions for june,6,1,556,9,would you rather questions for couples j
would you rather questions for kids christmas,7,1,556,9,would you rather questions for couples k
would you rather questions for kids video exercise,8,1,556,9,would you rather questions for couples v
would you rather questions for ladies night,7,1,556,9,would you rather questions for couples l
would you rather questions for moms,6,1,556,9,would you rather questions for couples m
would you rather questions for older kids,7,1,556,9,would you rather questions for couples o
would you rather questions for preschool teachers,7,1,556,9,would you rather questions for couples p
would you rather questions for teachers,6,1,556,9,would you rather questions for couples t
would you rather questions for thanksgiving for kids,8,1,556,9,would you rather questions for couples for
would you rather questions for work meetings,7,1,556,9,would you rather questions for couples w
would you rather questions free printable,6,1,556,9,would you rather questions for couples free
would you rather questions impossible,5,1,556,9,would you rather questions for couples i
would you rather questions online,5,1,556,7,would you rather questions for couples online
would you rather questions quick,5,1,556,4,would you rather questions for couples q
would you rather questions romantic,5,1,556,9,would you rather questions for couples r
would you rather questions with pictures,6,1,556,9,would you rather questions for couples with
20 questions game buy,4,1,555,10,20 questions game for couples b
20 questions game character,4,1,555,10,20 questions game for couples c
20 questions game digital,4,1,555,9,20 questions game for couples d
20 questions game esl,4,1,555,9,20 questions game for couples e
20 questions game for sister,5,1,555,10,20 questions game for couples s
20 questions game guesser,4,1,555,10,20 questions game for couples g
20 questions game hard answers,5,1,555,6,20 questions game for couples h
20 questions game meaning,4,1,555,6,20 questions game for couples m
20 questions game pigeon,4,1,555,10,20 questions game for couples p
20 questions game rule,4,1,555,10,20 questions game for couples l
20 questions game rules pdf,5,1,555,10,20 questions game for couples r
20 questions game toy,4,1,555,10,20 questions game for couples t
20 questions game where to buy,6,1,555,10,20 questions game for couples w
20 questions game with ai,5,1,555,10,20 questions game for couples with
cheap date night ideas for couples,6,1,555,5,virtual date night ideas for couples d
date night games for couples,5,1,555,4,when virtual date night ideas for couples
date night ideas virtual,4,1,555,4,who virtual date night ideas for couples
deep would you rather questions for couples quiz,8,1,555,8,would you rather questions for couples d
fun would you rather questions for couples spicy,8,1,555,10,would you rather questions for couples s
how to play 20 questions,5,1,555,6,20 questions game for couples free
juicy never have i ever questions for best friend,9,1,555,10,never have i ever questions for couples best
never have i ever questions easy,6,1,555,10,never have i ever questions for couples e
never have i ever questions for adults pdf,8,1,555,10,never have i ever questions for couples p
never have i ever questions for bf and gf,9,1,555,10,never have i ever questions for couples b
never have i ever questions for co workers,8,1,555,10,never have i ever questions for couples w
never have i ever questions for college,7,1,555,10,never have i ever questions for couples c
never have i ever questions for fun,7,1,555,10,never have i ever questions for couples f
never have i ever questions for kids generator,8,1,555,10,never have i ever questions for couples k
never have i ever questions for middle school girls,9,1,555,10,never have i ever questions for couples m
never have i ever questions for questions,7,1,555,6,never have i ever questions for couples q
never have i ever questions for youth,7,1,555,10,never have i ever questions for couples y
never have i ever questions how to play,8,1,555,10,never have i ever questions for couples h
never have i ever questions juice,6,1,555,8,never have i ever questions for couples j
never have i ever questions list,6,1,555,10,never have i ever questions for couples l
never have i ever questions nigerian version,7,1,555,10,never have i ever questions for couples n
never have i ever questions reddit,6,1,555,10,never have i ever questions for couples r
never have i ever questions teen version,7,1,555,10,never have i ever questions for couples v
never have i ever questions teens,6,1,555,10,never have i ever questions for couples t
never have i ever questions unfiltered,6,1,555,10,never have i ever questions for couples u
never have i ever questions with family,7,1,555,10,never have i ever questions for couples with
question games for couples,4,1,555,10,20 questions game for couples in
questions for couples games,4,1,555,7,20 questions game for couples app
romantic virtual date ideas,4,1,555,5,why virtual date night ideas for couples
what can i do with my girlfriend online,8,1,555,3,can i how to make my girlfriend feel special online
what questions should i ask for 20 questions,8,1,555,8,20 questions game for couples q
would you rather questions for 8 year olds,8,1,555,10,would you rather questions for couples y
would you rather questions for a guy,7,1,555,10,would you rather questions for couples a
would you rather questions for at work,7,1,555,10,would you rather questions for couples for
would you rather questions for elementary,6,1,555,10,would you rather questions for couples e
would you rather questions for first grade,7,1,555,10,would you rather questions for couples f
would you rather questions for guys,6,1,555,10,would you rather questions for couples g
would you rather questions for job interview,7,1,555,10,would you rather questions for couples j
would you rather questions for kids school appropriate,8,1,555,8,would you rather questions for couples app
would you rather questions for kids therapy,7,1,555,10,would you rather questions for couples k
would you rather questions for kids uk,7,1,555,10,would you rather questions for couples u
would you rather questions for little girls,7,1,555,10,would you rather questions for couples l
would you rather questions for middle school funny,8,1,555,10,would you rather questions for couples m
would you rather questions for old people,7,1,555,10,would you rather questions for couples o
would you rather questions for primary students,7,1,555,10,would you rather questions for couples p
would you rather questions for tweens,6,1,555,10,would you rather questions for couples t
would you rather questions for work colleagues,7,1,555,10,would you rather questions for couples w
would you rather questions for your bestie,7,1,555,10,would you rather questions for couples best
would you rather questions for youtube video,7,1,555,10,would you rather questions for couples v
would you rather questions free online,6,1,555,10,would you rather questions for couples free
would you rather questions online game,6,1,555,8,would you rather questions for couples online
would you rather questions questionable,5,1,555,5,would you rather questions for couples q
would you rather questions random,5,1,555,10,would you rather questions for couples r
would you rather questions relationships,5,1,555,4,would you rather questions for couples 2026
would you rather questions with crush,6,1,555,10,would you rather questions for couples with
would you rather questions would you rather questions,8,1,555,5,would you rather questions for couples z
20 questions game board,4,1,554,11,20 questions game for couples b
20 questions game cards pdf,5,1,554,11,20 questions game for couples c
20 questions game ebay,4,1,554,10,20 questions game for couples e
20 questions game general knowledge,5,1,554,11,20 questions game for couples g
20 questions game helper,4,1,554,7,20 questions game for couples h
20 questions game ideas adults,5,1,554,11,20 questions game for couples i
20 questions game messages,4,1,554,7,20 questions game for couples m
20 questions game objects,4,1,554,11,20 questions game for couples o
20 questions game pigeon ideas,5,1,554,11,20 questions game for couples p
20 questions game robot,4,1,554,11,20 questions game for couples r
20 questions game to ask a girl,7,1,554,11,20 questions game for couples t
20 questions game with your girlfriend,6,1,554,11,20 questions game for couples with
best never have i ever questions for adults,8,1,554,11,never have i ever questions for couples best
examples of never have i ever questions,7,1,554,3,never have i ever questions for couples x
good would you rather questions for couples spicy,8,1,554,11,would you rather questions for couples s
how can i make my girlfriend feel secure,8,1,554,3,is it how to make my girlfriend feel special online
how to make girlfriend online free,6,1,554,4,can i how to make my girlfriend feel special online
l'never have i ever questions,5,1,554,11,never have i ever questions for couples l
never have i ever questions embarrassing funny,7,1,554,11,never have i ever questions for couples e
never have i ever questions for 20 year olds,9,1,554,5,never have i ever questions for couples 2026
never have i ever questions for adults drinking game spicy,10,1,554,11,never have i ever questions for couples a
never have i ever questions for bachelorette,7,1,554,11,never have i ever questions for couples b
never have i ever questions for crush flirty,8,1,554,11,never have i ever questions for couples c
never have i ever questions for friend groups,8,1,554,11,never have i ever questions for couples f
never have i ever questions for girls funny,8,1,554,11,never have i ever questions for couples g
never have i ever questions for kids funny dirty,9,1,554,11,never have i ever questions for couples k
never have i ever questions for mother and daughter,9,1,554,11,never have i ever questions for couples m
never have i ever questions for teens funny,8,1,554,11,never have i ever questions for couples t
never have i ever questions for young kids,8,1,554,11,never have i ever questions for couples y
never have i ever questions hard edition,7,1,554,11,never have i ever questions for couples h
never have i ever questions juicy generator,7,1,554,9,never have i ever questions for couples j
never have i ever questions non spicy,7,1,554,11,never have i ever questions for couples n
never have i ever questions random generator,7,1,554,11,never have i ever questions for couples r
never have i ever questions teen vogue,7,1,554,11,never have i ever questions for couples v
never have i ever questions university,6,1,554,11,never have i ever questions for couples u
never have i ever questions with kids,7,1,554,11,never have i ever questions for couples with
never have i ever questions with significant other,8,1,554,11,never have i ever questions for couples o
question to ask when playing never have i ever,9,1,554,9,never have i ever questions for couples app
would you rather questions for 6 year olds,8,1,554,11,would you rather questions for couples y
would you rather questions for a first date,8,1,554,11,would you rather questions for couples a
would you rather questions for adults juicy,7,1,554,11,would you rather questions for couples j
would you rather questions for adults unhinged,7,1,554,11,would you rather questions for couples u
would you rather questions for boys,6,1,554,11,would you rather questions for couples b
would you rather questions for colleagues,6,1,554,11,would you rather questions for couples c
would you rather questions for elementary school,7,1,554,11,would you rather questions for couples e
would you rather questions for fun,6,1,554,11,would you rather questions for couples f
would you rather questions for getting to know someone,9,1,554,11,would you rather questions for couples g
would you rather questions for kids summer,7,1,554,11,would you rather questions for couples k
would you rather questions for life,6,1,554,11,would you rather questions for couples l
would you rather questions for middle school kids,8,1,554,11,would you rather questions for couples m
would you rather questions for my best friend,8,1,554,11,would you rather questions for couples best
would you rather questions for office games,7,1,554,11,would you rather questions for couples o
would you rather questions for professionals,6,1,554,11,would you rather questions for couples p
would you rather questions for workplace,6,1,554,11,would you rather questions for couples w
would you rather questions free pdf,6,1,554,11,would you rather questions for couples free
would you rather questions online quiz,6,1,554,9,would you rather questions for couples online
would you rather questions reddit funny,6,1,554,11,would you rather questions for couples r
would you rather questions school appropriate,6,1,554,9,would you rather questions for couples app
would you rather questions videos,5,1,554,11,would you rather questions for couples v
would you rather questions with family,6,1,554,11,would you rather questions for couples with
20 questions game ai,4,1,553,12,20 questions game for couples a
20 questions game bot,4,1,553,12,20 questions game for couples b
20 questions game celebrity,4,1,553,12,20 questions game for couples c
20 questions game directions,4,1,553,11,20 questions game for couples d
20 questions game english,4,1,553,11,20 questions game for couples e
20 questions game guessing,4,1,553,12,20 questions game for couples g
20 questions game how to win,6,1,553,8,20 questions game for couples h
20 questions game meme,4,1,553,8,20 questions game for couples m
20 questions game origin,4,1,553,12,20 questions game for couples o
20 questions game pdf,4,1,553,12,20 questions game for couples p
20 questions game random,4,1,553,12,20 questions game for couples r
20 questions game to ask,5,1,553,12,20 questions game for couples t
20 questions game with a girl,6,1,553,12,20 questions game for couples with
assamese nicknames for girlfriend,4,1,553,4,who love letter for girlfriend in assamese
best never have i ever questions for teens,8,1,553,12,never have i ever questions for couples best
deep would you rather questions for couples reddit,8,1,553,10,would you rather questions for couples d
different never have i ever questions,6,1,553,6,what never have i ever questions for couples
hard would you rather questions for couples spicy,8,1,553,12,would you rather questions for couples s
never have i ever questions examples,6,1,553,12,never have i ever questions for couples e
never have i ever questions filipino version,7,1,553,12,never have i ever questions for couples v
never have i ever questions for a party,8,1,553,12,never have i ever questions for couples a
never have i ever questions for boyfriend over text,9,1,553,12,never have i ever questions for couples o
never have i ever questions for bridal shower,8,1,553,12,never have i ever questions for couples b
never have i ever questions for classroom,7,1,553,12,never have i ever questions for couples c
never have i ever questions for funny,7,1,553,12,never have i ever questions for couples f
never have i ever questions for gay people,8,1,553,12,never have i ever questions for couples p
never have i ever questions for girls drinking game,9,1,553,12,never have i ever questions for couples g
never have i ever questions for my partner,8,1,553,12,never have i ever questions for couples m
never have i ever questions for team building,8,1,553,12,never have i ever questions for couples t
never have i ever questions for your ex,8,1,553,12,never have i ever questions for couples y
never have i ever questions hindi,6,1,553,12,never have i ever questions for couples h
never have i ever questions juicy game,7,1,553,10,never have i ever questions for couples j
never have i ever questions love life,7,1,553,12,never have i ever questions for couples l
never have i ever questions niche,6,1,553,12,never have i ever questions for couples n
never have i ever questions random,6,1,553,12,never have i ever questions for couples r
never have i ever questions uk funny,7,1,553,12,never have i ever questions for couples u
never have i ever questions with partner,7,1,553,12,never have i ever questions for couples with
would rather questions for couples,5,1,553,6,would you rather questions for couples 2026
would you rather questions best,5,1,553,12,would you rather questions for couples best
would you rather questions for 7 year olds,8,1,553,12,would you rather questions for couples y
would you rather questions for adults dark humor,8,1,553,12,would you rather questions for couples a
would you rather questions for bridal shower,7,1,553,12,would you rather questions for couples b
would you rather questions for classroom,6,1,553,12,would you rather questions for couples c
would you rather questions for esl adults,7,1,553,12,would you rather questions for couples e
would you rather questions for family funny,7,1,553,12,would you rather questions for couples f
would you rather questions for groups,6,1,553,12,would you rather questions for couples g
would you rather questions for kids halloween,7,1,553,12,would you rather questions for couples k
would you rather questions for kids pdf free,8,1,553,12,would you rather questions for couples free
would you rather questions for long distance relationship,8,1,553,12,would you rather questions for couples l
would you rather questions for middle school pdf,8,1,553,12,would you rather questions for couples m
would you rather questions for potential partner,7,1,553,12,would you rather questions for couples p
would you rather questions for teen girls,7,1,553,12,would you rather questions for couples t
would you rather questions for teens uk,7,1,553,12,would you rather questions for couples u
would you rather questions for wife,6,1,553,12,would you rather questions for couples w
would you rather questions insane reddit,6,1,553,12,would you rather questions for couples in
would you rather questions online free,6,1,553,10,would you rather questions for couples online
would you rather questions relationship edition,6,1,553,12,would you rather questions for couples r
would you rather questions very hard,6,1,553,12,would you rather questions for couples v
would you rather questions with answers,6,1,553,12,would you rather questions for couples with
would you rather questions work appropriate funny,7,1,553,10,would you rather questions for couples app
20 questions game akinator,4,1,552,13,20 questions game for couples a
20 questions game box,4,1,552,13,20 questions game for couples b
20 questions game cube,4,1,552,13,20 questions game for couples c
20 questions game decision tree,5,1,552,12,20 questions game for couples d
20 questions game explanation,4,1,552,12,20 questions game for couples e
20 questions game gadget,4,1,552,13,20 questions game for couples g
20 questions game husband and wife,6,1,552,9,20 questions game for couples h
20 questions game ios,4,1,552,13,20 questions game for couples i
20 questions game multiplayer,4,1,552,9,20 questions game for couples m
20 questions game prompts,4,1,552,13,20 questions game for couples p
20 questions game red,4,1,552,13,20 questions game for couples r
20 questions game website,4,1,552,13,20 questions game for couples w
20 questions game with husband,5,1,552,13,20 questions game for couples with
best never have i ever questions for girlfriend,8,1,552,13,never have i ever questions for couples best
how to make a virtual date,6,1,552,6,how virtual date night ideas for couples
how to make my gf feel special over text,9,1,552,3,how to make my girlfriend feel special online template
ideas for date night at home with husband,8,1,552,7,is it virtual date night ideas for couples
never have i ever netflix questions,6,1,552,13,never have i ever questions for couples n
never have i ever questions extreme reddit,7,1,552,13,never have i ever questions for couples e
never have i ever questions for adults drinking,8,1,552,13,never have i ever questions for couples a
never have i ever questions for christmas,7,1,552,13,never have i ever questions for couples c
never have i ever questions for college kids,8,1,552,13,never have i ever questions for couples k
never have i ever questions for female friends,8,1,552,13,never have i ever questions for couples f
never have i ever questions for minors,7,1,552,13,never have i ever questions for couples m
never have i ever questions for teachers,7,1,552,13,never have i ever questions for couples t
never have i ever questions for your crush flirty,9,1,552,13,never have i ever questions for couples y
never have i ever questions hot seat,7,1,552,13,never have i ever questions for couples h
never have i ever questions jamaican edition,7,1,552,11,never have i ever questions for couples j
never have i ever questions kids version,7,1,552,13,never have i ever questions for couples v
never have i ever questions love edition,7,1,552,13,never have i ever questions for couples l
never have i ever questions romantic,6,1,552,13,never have i ever questions for couples r
never have i ever questions uncomfortable,6,1,552,13,never have i ever questions for couples u
never have i ever questions with friends teens,8,1,552,13,never have i ever questions for couples with
silly would you rather questions for couples,7,1,552,13,would you rather questions for couples s
what's a good never have i ever question,8,1,552,9,never have i ever questions for couples q
world best love letter for girlfriend,6,1,552,5,who love letter for girlfriend in assamese
would you rather questions best ones,6,1,552,13,would you rather questions for couples best
would you rather questions for 12 year olds,8,1,552,13,would you rather questions for couples y
would you rather questions for a road trip,8,1,552,13,would you rather questions for couples a
would you rather questions for black people,7,1,552,13,would you rather questions for couples b
would you rather questions for christmas,6,1,552,13,would you rather questions for couples c
would you rather questions for dating,6,1,552,11,would you rather questions for couples d
would you rather questions for employees,6,1,552,13,would you rather questions for couples e
would you rather questions for first date,7,1,552,13,would you rather questions for couples f
would you rather questions for friends juicy,7,1,552,13,would you rather questions for couples j
would you rather questions for group therapy,7,1,552,13,would you rather questions for couples g
would you rather questions for kids pdf free download,9,1,552,13,would you rather questions for couples free
would you rather questions for kids unique,7,1,552,13,would you rather questions for couples u
would you rather questions for leaders,6,1,552,13,would you rather questions for couples l
would you rather questions for morning meeting,7,1,552,13,would you rather questions for couples m
would you rather questions for office meeting,7,1,552,13,would you rather questions for couples o
would you rather questions for primary school,7,1,552,13,would you rather questions for couples p
would you rather questions for teens therapy,7,1,552,13,would you rather questions for couples t
would you rather questions for work ice breaker,8,1,552,13,would you rather questions for couples w
would you rather questions office appropriate,6,1,552,11,would you rather questions for couples app
would you rather questions online with friends,7,1,552,11,would you rather questions for couples online
would you rather questions really hard,6,1,552,13,would you rather questions for couples r
would you rather questions video games,6,1,552,13,would you rather questions for couples v
would you rather questions with a girl,7,1,552,13,would you rather questions for couples with
20 questions game amazon,4,1,551,14,20 questions game for couples a
20 questions game battery,4,1,551,14,20 questions game for couples b
20 questions game cheat,4,1,551,14,20 questions game for couples c
20 questions game description,4,1,551,13,20 questions game for couples d
20 questions game easy,4,1,551,13,20 questions game for couples e
20 questions game google,4,1,551,14,20 questions game for couples g
20 questions game how it works,6,1,551,10,20 questions game for couples h
20 questions game images,4,1,551,14,20 questions game for couples i
20 questions game mobile,4,1,551,10,20 questions game for couples m
20 questions game on phone,5,1,551,14,20 questions game for couples o
20 questions game online ai,5,1,551,8,20 questions game for couples online
20 questions game pigeon answers,5,1,551,14,20 questions game for couples p
20 questions game red ball,5,1,551,14,20 questions game for couples r
20 questions game to ask a guy flirty,8,1,551,14,20 questions game for couples t
20 questions game with crush,5,1,551,14,20 questions game for couples with
20 questions game word generator,5,1,551,14,20 questions game for couples w
best love letter for girlfriend in telugu,7,1,551,4,which love letter for girlfriend in assamese
best never have i ever questions for girls,8,1,551,14,never have i ever questions for couples best
gf love letter assamese,4,1,551,5,why love letter for girlfriend in assamese
how to do virtual date,5,1,551,7,how virtual date night ideas for couples
how to make her feel special online,7,1,551,5,who how to make my girlfriend feel special online
how to make online girlfriend happy,6,1,551,4,how to make my girlfriend feel special online template
ideas of virtual date,4,1,551,8,is it virtual date night ideas for couples
never have i ever online couple,6,1,551,12,never have i ever questions for couples online
never have i ever questions clean version,7,1,551,14,never have i ever questions for couples v
never have i ever questions extreme funny,7,1,551,14,never have i ever questions for couples e
never have i ever questions for a date,8,1,551,14,never have i ever questions for couples a
never have i ever questions for adults party,8,1,551,14,never have i ever questions for couples p
never have i ever questions for celebrities,7,1,551,14,never have i ever questions for couples c
never have i ever questions for females,7,1,551,14,never have i ever questions for couples f
never have i ever questions for girls kids,8,1,551,14,never have i ever questions for couples k
never have i ever questions for managers,7,1,551,14,never have i ever questions for couples m
never have i ever questions for teens clean,8,1,551,14,never have i ever questions for couples t
never have i ever questions how to answer,8,1,551,14,never have i ever questions for couples h
never have i ever questions icebreaker,6,1,551,14,never have i ever questions for couples i
never have i ever questions in english,7,1,551,14,never have i ever questions for couples in
never have i ever questions juicy drinking,7,1,551,12,never have i ever questions for couples j
never have i ever questions list funny,7,1,551,14,never have i ever questions for couples l
never have i ever questions not dirty,7,1,551,14,never have i ever questions for couples n
never have i ever questions rules,6,1,551,14,never have i ever questions for couples r
never have i ever questions uni edition,7,1,551,14,never have i ever questions for couples u
never have i ever questions with girls,7,1,551,14,never have i ever questions for couples with
never have you ever questions for couples,7,1,551,14,never have i ever questions for couples y
virtual romance ideas,3,1,551,8,virtual date night ideas for couples r
what is the 20 questions text game for couples,9,1,551,12,what 20 questions game for couples
what to do in virtual date,6,1,551,7,what virtual date night ideas for couples
would you rather questions best reddit,6,1,551,14,would you rather questions for couples best
would you rather questions for 4 year olds,8,1,551,14,would you rather questions for couples y
would you rather questions for adults game,7,1,551,14,would you rather questions for couples a
would you rather questions for adults juicy funny,8,1,551,14,would you rather questions for couples j
would you rather questions for english learners,7,1,551,14,would you rather questions for couples e
would you rather questions for first graders,7,1,551,14,would you rather questions for couples f
would you rather questions for guys hard,7,1,551,14,would you rather questions for couples g
would you rather questions for kids gross,7,1,551,14,would you rather questions for couples k
would you rather questions for mom and daughter,8,1,551,14,would you rather questions for couples m
would you rather questions for october,6,1,551,14,would you rather questions for couples o
would you rather questions for parents and kids,8,1,551,14,would you rather questions for couples p
would you rather questions for students,6,1,551,14,would you rather questions for couples s
would you rather questions for toddlers,6,1,551,14,would you rather questions for couples t
would you rather questions for winter,6,1,551,14,would you rather questions for couples w
would you rather questions funny appropriate,6,1,551,12,would you rather questions for couples app
would you rather questions funny online,6,1,551,12,would you rather questions for couples online
would you rather questions powerpoint free,6,1,551,14,would you rather questions for couples free
would you rather questions random generator,6,1,551,14,would you rather questions for couples r
would you rather questions unhinged,5,1,551,14,would you rather questions for couples u
would you rather questions very funny,6,1,551,14,would you rather questions for couples v
would you rather questions with the boys,7,1,551,14,would you rather questions for couples with
would.you rather questions for.little boys,5,1,551,14,would you rather questions for couples l
20 question game for friends,5,1,550,11,20 questions game for couples free
20 questions for couples online,5,1,550,5,20 questions game for couples maker
20 questions game animals,4,1,550,15,20 questions game for couples a
20 questions game browser,4,1,550,15,20 questions game for couples b
20 questions game code,4,1,550,15,20 questions game for couples c
20 questions game disney,4,1,550,14,20 questions game for couples d
20 questions game emulator,4,1,550,14,20 questions game for couples e
20 questions game flirty,4,1,550,15,20 questions game for couples f
20 questions game generator with answers,6,1,550,15,20 questions game for couples g
20 questions game how to,5,1,550,11,20 questions game for couples h
20 questions game mechanics,4,1,550,11,20 questions game for couples m
20 questions game objects ideas,5,1,550,15,20 questions game for couples o
20 questions game online funny,5,1,550,9,20 questions game for couples online
20 questions game play online,5,1,550,15,20 questions game for couples p
20 questions game release,4,1,550,15,20 questions game for couples r
20 questions game to ask your partner,7,1,550,15,20 questions game for couples t
20 questions game with answers pdf,6,1,550,15,20 questions game for couples with
assamese love letter for girlfriend pdf,6,1,550,5,can i love letter for girlfriend in assamese
best never have i ever questions for work,8,1,550,15,never have i ever questions for couples best
how to make feel special to my girlfriend,8,1,550,6,why how to make my girlfriend feel special online
how to write a love letter to your girlfriend in assamese,11,1,550,5,how love letter for girlfriend in assamese
love letter for girlfriend in roman english,7,1,550,4,love letter for girlfriend in assamese r
never have i ever questions english,6,1,550,15,never have i ever questions for couples e
never have i ever questions for 12 year olds,9,1,550,15,never have i ever questions for couples y
never have i ever questions for bffs,7,1,550,15,never have i ever questions for couples b
never have i ever questions for cousins funny,8,1,550,15,never have i ever questions for couples c
never have i ever questions for farewell,7,1,550,15,never have i ever questions for couples f
never have i ever questions for gays,7,1,550,15,never have i ever questions for couples g
never have i ever questions for team meeting,8,1,550,15,never have i ever questions for couples m
never have i ever questions for teens pdf,8,1,550,15,never have i ever questions for couples p
never have i ever questions for tween girls,8,1,550,15,never have i ever questions for couples t
never have i ever questions hilarious,6,1,550,15,never have i ever questions for couples h
never have i ever questions in school,7,1,550,15,never have i ever questions for couples in
never have i ever questions indian version spicy,8,1,550,15,never have i ever questions for couples v
never have i ever questions juicy ones,7,1,550,13,never have i ever questions for couples j
never have i ever questions kid friendly,7,1,550,15,never have i ever questions for couples k
never have i ever questions list reddit,7,1,550,15,never have i ever questions for couples l
never have i ever questions no filter,7,1,550,15,never have i ever questions for couples n
never have i ever questions relationship edition,7,1,550,15,never have i ever questions for couples r
never have i ever questions urban,6,1,550,15,never have i ever questions for couples u
never have i ever questions with adults,7,1,550,15,never have i ever questions for couples with
never have i ever questions with husband,7,1,550,3,never have i ever questions for couples without
romantic love letter for boyfriend in assamese,7,1,550,5,is it love letter for girlfriend in assamese
short love letter for boyfriend in assamese,7,1,550,7,who love letter for girlfriend in assamese
virtual date plans,3,1,550,5,virtual date night ideas for couples 2027
what can i do to make my girlfriend feel special,10,1,550,6,what how to make my girlfriend feel special online
what is the 20 questions game for married couples,9,1,550,13,what 20 questions game for couples
would you rather game questions for couple,7,1,550,10,would you rather questions for couples q
would you rather questions about appearance,6,1,550,13,would you rather questions for couples app
would you rather questions for 9 year olds,8,1,550,15,would you rather questions for couples y
would you rather questions for adults gross,7,1,550,15,would you rather questions for couples a
would you rather questions for bride,6,1,550,15,would you rather questions for couples b
would you rather questions for christians,6,1,550,15,would you rather questions for couples c
would you rather questions for drinking,6,1,550,13,would you rather questions for couples d
would you rather questions for easter,6,1,550,15,would you rather questions for couples e
would you rather questions for friends funny,7,1,550,15,would you rather questions for couples f
would you rather questions for grade 5,7,1,550,15,would you rather questions for couples g
would you rather questions for kids january,7,1,550,15,would you rather questions for couples j
would you rather questions for large groups,7,1,550,15,would you rather questions for couples l
would you rather questions for middle schoolers funny,8,1,550,15,would you rather questions for couples m
would you rather questions for office funny,7,1,550,15,would you rather questions for couples o
would you rather questions for preschoolers printable,7,1,550,15,would you rather questions for couples p
would you rather questions for seniors,6,1,550,15,would you rather questions for couples s
would you rather questions for teens pdf,7,1,550,15,would you rather questions for couples t
would you rather questions for work fun,7,1,550,15,would you rather questions for couples w
would you rather questions game free,6,1,550,15,would you rather questions for couples free
would you rather questions in dating,6,1,550,15,would you rather questions for couples in
would you rather questions ridiculous,5,1,550,15,would you rather questions for couples r
would you rather questions spicy online,6,1,550,13,would you rather questions for couples online
would you rather questions unique,5,1,550,15,would you rather questions for couples u
would you rather questions very difficult,6,1,550,15,would you rather questions for couples v
would you rather questions with my girlfriend,7,1,550,15,would you rather questions for couples with
