suggestion,words,seed_hits,prefix_hits,relevance,seeds
birthday wishes maker with name,5,6,11,601,birthday-caption-en | birthday-quotes-en | birthday-status-en | birthday-wish-maker-en | birthday-wishes-en | birthday-wishes-hi
birthday wishes maker with name and photo,7,5,12,600,birthday-caption-en | birthday-quotes-en | birthday-wish-maker-en | birthday-wishes-en | birthday-wishes-hi
birthday wishes maker with photo online free,7,5,10,600,birthday-caption-en | birthday-quotes-en | birthday-wish-maker-en | birthday-wishes-en | birthday-wishes-hi
birthday wishes appa,3,5,7,1252,birthday-caption-en | birthday-quotes-en | birthday-status-en | birthday-wishes-en | birthday-wishes-hi
who's birthday quotes,3,5,6,601,birthday-caption-en | birthday-quotes-en | birthday-status-en | birthday-wishes-en | birthday-wishes-hi
birthday wishes appreciation,3,5,6,600,birthday-caption-en | birthday-quotes-en | birthday-status-en | birthday-wishes-en | birthday-wishes-hi
birthday message maker,3,5,6,562,birthday-quotes-en | birthday-status-en | birthday-wish-maker-en | birthday-wishes-en | birthday-wishes-hi
birthday wishes younger brother,4,5,5,1251,birthday-caption-en | birthday-quotes-en | birthday-status-en | birthday-wishes-en | birthday-wishes-hi
birthday wishes free download,4,5,5,1251,birthday-caption-en | birthday-quotes-en | birthday-status-en | birthday-wishes-en | birthday-wishes-hi
birthday wishes unique,3,5,5,1251,birthday-caption-en | birthday-quotes-en | birthday-status-en | birthday-wishes-en | birthday-wishes-hi
birthday wishes free images,4,5,5,1250,birthday-caption-en | birthday-quotes-en | birthday-status-en | birthday-wishes-en | birthday-wishes-hi
birthday wishes younger sister,4,5,5,1250,birthday-caption-en | birthday-quotes-en | birthday-status-en | birthday-wishes-en | birthday-wishes-hi
birthday wishes maker online,4,5,5,1250,birthday-caption-en | birthday-quotes-en | birthday-status-en | birthday-wishes-en | birthday-wishes-hi
birthday wishes kannada,3,5,5,1250,birthday-caption-en | birthday-quotes-en | birthday-status-en | birthday-wishes-en | birthday-wishes-hi
birthday wishes jiju,3,5,5,1250,birthday-caption-en | birthday-quotes-en | birthday-status-en | birthday-wishes-en | birthday-wishes-hi
birthday wishes unique style,4,5,5,1250,birthday-caption-en | birthday-quotes-en | birthday-status-en | birthday-wishes-en | birthday-wishes-hi
birthday wishes video,3,5,5,1250,birthday-caption-en | birthday-quotes-en | birthday-status-en | birthday-wishes-en | birthday-wishes-hi
birthday wishes free website,4,5,5,1200,birthday-caption-en | birthday-quotes-en | birthday-status-en | birthday-wishes-en | birthday-wishes-hi
birthday wishes maker online free,5,5,5,1050,birthday-caption-en | birthday-quotes-en | birthday-status-en | birthday-wishes-en | birthday-wishes-hi
birthday wishes new style,4,5,5,1050,birthday-caption-en | birthday-quotes-en | birthday-status-en | birthday-wishes-en | birthday-wishes-hi
birthday wishes template capcut,4,5,5,950,birthday-caption-en | birthday-quotes-en | birthday-status-en | birthday-wishes-en | birthday-wishes-hi
birthday wishes video maker,4,5,5,900,birthday-caption-en | birthday-quotes-en | birthday-status-en | birthday-wishes-en | birthday-wishes-hi
birthday wishes urdu,3,5,5,751,birthday-caption-en | birthday-quotes-en | birthday-status-en | birthday-wishes-en | birthday-wishes-hi
birthday wishes without name,4,5,5,750,birthday-caption-en | birthday-quotes-en | birthday-status-en | birthday-wishes-en | birthday-wishes-hi
birthday wishes uncle,3,5,5,750,birthday-caption-en | birthday-quotes-en | birthday-status-en | birthday-wishes-en | birthday-wishes-hi
what birthday wishes for friend,5,5,5,700,birthday-caption-en | birthday-quotes-en | birthday-status-en | birthday-wishes-en | birthday-wishes-hi
birthday wishes your dreams come true,6,5,5,700,birthday-caption-en | birthday-quotes-en | birthday-status-en | birthday-wishes-en | birthday-wishes-hi
birthday wishes nephew,3,5,5,700,birthday-caption-en | birthday-quotes-en | birthday-status-en | birthday-wishes-en | birthday-wishes-hi
birthday wishes app with photo,5,5,5,603,birthday-caption-en | birthday-quotes-en | birthday-status-en | birthday-wishes-en | birthday-wishes-hi
birthday wishes maker with photo,5,5,5,602,birthday-caption-en | birthday-quotes-en | birthday-status-en | birthday-wishes-en | birthday-wishes-hi
birthday wishes jaan,3,5,5,602,birthday-caption-en | birthday-quotes-en | birthday-status-en | birthday-wishes-en | birthday-wishes-hi
birthday wishes 2026 in hindi,5,5,5,601,birthday-caption-en | birthday-quotes-en | birthday-wishes-en | birthday-wishes-hi | birthday-wishes-in-hindi-en
what birthday wishes to write,5,5,5,601,birthday-caption-en | birthday-quotes-en | birthday-status-en | birthday-wishes-en | birthday-wishes-hi
birthday wishes zubeen garg,4,5,5,601,birthday-caption-en | birthday-quotes-en | birthday-status-en | birthday-wishes-en | birthday-wishes-hi
birthday wishes kaise kare,4,5,5,601,birthday-caption-en | birthday-quotes-en | birthday-status-en | birthday-wishes-en | birthday-wishes-hi
birthday wishes maker video,4,5,5,601,birthday-caption-en | birthday-quotes-en | birthday-status-en | birthday-wishes-en | birthday-wishes-hi
birthday wishes zodiac signs,4,5,5,601,birthday-caption-en | birthday-quotes-en | birthday-status-en | birthday-wishes-en | birthday-wishes-hi
birthday wishes template with photo,5,5,5,601,birthday-caption-en | birthday-quotes-en | birthday-status-en | birthday-wishes-en | birthday-wishes-hi
birthday wishes free download images,5,5,5,601,birthday-caption-en | birthday-quotes-en | birthday-status-en | birthday-wishes-en | birthday-wishes-hi
birthday wishes jigri yaar,4,5,5,601,birthday-caption-en | birthday-quotes-en | birthday-status-en | birthday-wishes-en | birthday-wishes-hi
birthday wishes xori,3,5,5,600,birthday-caption-en | birthday-quotes-en | birthday-status-en | birthday-wishes-en | birthday-wishes-hi
why birthday message,3,5,5,600,birthday-caption-en | birthday-quotes-en | birthday-status-en | birthday-wishes-en | birthday-wishes-hi
birthday wishes zainab,3,5,5,600,birthday-caption-en | birthday-quotes-en | birthday-status-en | birthday-wishes-en | birthday-wishes-hi
birthday wishes 2026 barbie,4,5,5,600,birthday-caption-en | birthday-quotes-en | birthday-status-en | birthday-wishes-en | birthday-wishes-hi
birthday wishes quotation,3,5,5,600,birthday-caption-en | birthday-quotes-en | birthday-status-en | birthday-wishes-en | birthday-wishes-hi
birthday wishes template video,4,5,5,600,birthday-caption-en | birthday-quotes-en | birthday-status-en | birthday-wishes-en | birthday-wishes-hi
birthday wishes app download,4,5,5,600,birthday-caption-en | birthday-quotes-en | birthday-status-en | birthday-wishes-en | birthday-wishes-hi
birthday wishes kids,3,5,5,600,birthday-caption-en | birthday-quotes-en | birthday-status-en | birthday-wishes-en | birthday-wishes-hi
what birthday wishes for best friend,6,5,5,600,birthday-caption-en | birthday-quotes-en | birthday-status-en | birthday-wishes-en | birthday-wishes-hi
birthday wishes without father,4,5,5,600,birthday-caption-en | birthday-quotes-en | birthday-status-en | birthday-wishes-en | birthday-wishes-hi
birthday wishes free template,4,5,5,600,birthday-caption-en | birthday-quotes-en | birthday-status-en | birthday-wishes-en | birthday-wishes-hi
birthday wishes xora in nepali,5,5,5,562,birthday-caption-en | birthday-quotes-en | birthday-status-en | birthday-wishes-en | birthday-wishes-hi
birthday wishes za kiswahili,4,5,5,562,birthday-caption-en | birthday-quotes-en | birthday-status-en | birthday-wishes-en | birthday-wishes-hi
birthday wishes yourself,3,5,5,562,birthday-caption-en | birthday-quotes-en | birthday-status-en | birthday-wishes-en | birthday-wishes-hi
birthday wishes app,3,5,5,562,birthday-caption-en | birthday-quotes-en | birthday-status-en | birthday-wishes-en | birthday-wishes-hi
birthday wishes template free download,5,5,5,561,birthday-caption-en | birthday-quotes-en | birthday-status-en | birthday-wishes-en | birthday-wishes-hi
birthday wishes free cards,4,5,5,561,birthday-caption-en | birthday-quotes-en | birthday-status-en | birthday-wishes-en | birthday-wishes-hi
birthday wishes zen,3,5,5,561,birthday-caption-en | birthday-quotes-en | birthday-status-en | birthday-wishes-en | birthday-wishes-hi
what birthday wishes for brother,5,5,5,561,birthday-caption-en | birthday-quotes-en | birthday-status-en | birthday-wishes-en | birthday-wishes-hi
birthday wishes jiju in english,5,5,5,561,birthday-caption-en | birthday-quotes-en | birthday-status-en | birthday-wishes-en | birthday-wishes-hi
birthday wishes freepik,3,5,5,560,birthday-caption-en | birthday-quotes-en | birthday-status-en | birthday-wishes-en | birthday-wishes-hi
birthday wishes ke liye thanks in english,7,5,5,560,birthday-caption-en | birthday-quotes-en | birthday-status-en | birthday-wishes-en | birthday-wishes-hi
birthday wishes template vn,4,5,5,560,birthday-caption-en | birthday-quotes-en | birthday-status-en | birthday-wishes-en | birthday-wishes-hi
birthday wishes zara,3,5,5,560,birthday-caption-en | birthday-quotes-en | birthday-status-en | birthday-wishes-en | birthday-wishes-hi
birthday wishes maker ai,4,5,5,559,birthday-caption-en | birthday-quotes-en | birthday-status-en | birthday-wishes-en | birthday-wishes-hi
birthday wishes without mentioning name,5,5,5,559,birthday-caption-en | birthday-quotes-en | birthday-status-en | birthday-wishes-en | birthday-wishes-hi
birthday wishes zoya,3,5,5,559,birthday-caption-en | birthday-quotes-en | birthday-status-en | birthday-wishes-en | birthday-wishes-hi
birthday wishes app with song,5,5,5,559,birthday-caption-en | birthday-quotes-en | birthday-status-en | birthday-wishes-en | birthday-wishes-hi
birthday wishes your love,4,5,5,559,birthday-caption-en | birthday-quotes-en | birthday-status-en | birthday-wishes-en | birthday-wishes-hi
birthday wishes ka reply kaise de in english,8,5,5,559,birthday-caption-en | birthday-quotes-en | birthday-status-en | birthday-wishes-en | birthday-wishes-hi
what birthday quotes,3,5,5,559,birthday-caption-en | birthday-quotes-en | birthday-status-en | birthday-wishes-en | birthday-wishes-hi
birthday wishes free gif,4,5,5,558,birthday-caption-en | birthday-quotes-en | birthday-status-en | birthday-wishes-en | birthday-wishes-hi
birthday wishes without mom,4,5,5,557,birthday-caption-en | birthday-quotes-en | birthday-status-en | birthday-wishes-en | birthday-wishes-hi
birthday wishes maker app,4,5,5,557,birthday-caption-en | birthday-quotes-en | birthday-status-en | birthday-wishes-en | birthday-wishes-hi
birthday wishes template with name,5,5,5,557,birthday-caption-en | birthday-quotes-en | birthday-status-en | birthday-wishes-en | birthday-wishes-hi
birthday wishes zunaira,3,5,5,557,birthday-caption-en | birthday-quotes-en | birthday-status-en | birthday-wishes-en | birthday-wishes-hi
birthday wishes without background,4,5,5,557,birthday-caption-en | birthday-quotes-en | birthday-status-en | birthday-wishes-en | birthday-wishes-hi
birthday wishes your best friend,5,5,5,556,birthday-caption-en | birthday-quotes-en | birthday-status-en | birthday-wishes-en | birthday-wishes-hi
birthday wishes zubeen da,4,5,5,556,birthday-caption-en | birthday-quotes-en | birthday-status-en | birthday-wishes-en | birthday-wishes-hi
birthday wishes template canva,4,5,5,556,birthday-caption-en | birthday-quotes-en | birthday-status-en | birthday-wishes-en | birthday-wishes-hi
birthday wishes appa in tamil,5,5,5,555,birthday-caption-en | birthday-quotes-en | birthday-status-en | birthday-wishes-en | birthday-wishes-hi
birthday wishes zain,3,5,5,555,birthday-caption-en | birthday-quotes-en | birthday-status-en | birthday-wishes-en | birthday-wishes-hi
birthday wishes template pinterest,4,5,5,555,birthday-caption-en | birthday-quotes-en | birthday-status-en | birthday-wishes-en | birthday-wishes-hi
birthday wishes zeeshan,3,5,5,555,birthday-caption-en | birthday-quotes-en | birthday-status-en | birthday-wishes-en | birthday-wishes-hi
birthday wishes free for friend,5,5,5,554,birthday-caption-en | birthday-quotes-en | birthday-status-en | birthday-wishes-en | birthday-wishes-hi
birthday wishes without gift,4,5,5,553,birthday-caption-en | birthday-quotes-en | birthday-status-en | birthday-wishes-en | birthday-wishes-hi
birthday wishes without words,4,5,5,552,birthday-caption-en | birthday-quotes-en | birthday-status-en | birthday-wishes-en | birthday-wishes-hi
birthday wishes maker with name online free,7,4,10,562,birthday-caption-en | birthday-wish-maker-en | birthday-wishes-en | birthday-wishes-hi
birthday greetings maker online free,5,4,7,601,birthday-quotes-en | birthday-wish-maker-en | birthday-wishes-en | birthday-wishes-hi
birthday wishes best friend,4,4,6,1251,birthday-caption-en | birthday-status-en | birthday-wishes-en | birthday-wishes-hi
birthday wishes online card,4,4,6,1250,birthday-caption-en | birthday-quotes-en | birthday-wishes-en | birthday-wishes-hi
birthday wishes reply,3,4,4,1251,birthday-caption-en | birthday-status-en | birthday-wishes-en | birthday-wishes-hi
birthday wishes without saying happy birthday,6,4,4,1251,birthday-shayari-en | birthday-wishes-en | birthday-wishes-hi | x2
birthday wishes english,3,4,4,1250,birthday-quotes-en | birthday-status-en | birthday-wishes-en | birthday-wishes-hi
birthday wishes daughter,3,4,4,1250,birthday-caption-en | birthday-status-en | birthday-wishes-en | birthday-wishes-hi
birthday wishes husband,3,4,4,1250,birthday-caption-en | birthday-status-en | birthday-wishes-en | birthday-wishes-hi
birthday wishes return thanks,4,4,4,1250,birthday-caption-en | birthday-status-en | birthday-wishes-en | birthday-wishes-hi
how birthday wishes for brother,5,4,4,1250,birthday-caption-en | birthday-status-en | birthday-wishes-en | birthday-wishes-hi
birthday wishes online free,4,4,4,1000,birthday-caption-en | birthday-quotes-en | birthday-wishes-en | birthday-wishes-hi
how birthday wishes for friend,5,4,4,1000,birthday-caption-en | birthday-status-en | birthday-wishes-en | birthday-wishes-hi
birthday wishes 2026 for friend,5,4,4,900,birthday-caption-en | birthday-quotes-en | birthday-wishes-en | birthday-wishes-hi
birthday wishes emoji,3,4,4,900,birthday-quotes-en | birthday-status-en | birthday-wishes-en | birthday-wishes-hi
birthday wishes video download,4,4,4,850,birthday-quotes-en | birthday-status-en | birthday-wishes-en | birthday-wishes-hi
birthday wishes normal,3,4,4,800,birthday-quotes-en | birthday-status-en | birthday-wishes-en | birthday-wishes-hi
birthday wishes didi,3,4,4,651,birthday-caption-en | birthday-status-en | birthday-wishes-en | birthday-wishes-hi
birthday wishes niece,3,4,4,650,birthday-quotes-en | birthday-status-en | birthday-wishes-en | birthday-wishes-hi
how birthday wishes for sister,5,4,4,650,birthday-caption-en | birthday-status-en | birthday-wishes-en | birthday-wishes-hi
birthday wishes online,3,4,4,601,birthday-caption-en | birthday-quotes-en | birthday-wishes-en | birthday-wishes-hi
birthday wishes husband in english,5,4,4,601,birthday-caption-en | birthday-status-en | birthday-wishes-en | birthday-wishes-hi
how birthday wishes for best friend,6,4,4,601,birthday-caption-en | birthday-status-en | birthday-wishes-en | birthday-wishes-hi
is it birthday wishes or messages,6,4,4,601,birthday-caption-en | birthday-status-en | birthday-wishes-en | birthday-wishes-hi
when message birthday,3,4,4,600,birthday-quotes-en | birthday-status-en | birthday-wishes-en | birthday-wishes-hi
birthday wishes 2026 in english,5,4,4,600,birthday-caption-en | birthday-quotes-en | birthday-wishes-en | birthday-wishes-hi
birthday wishes online friend,4,4,4,600,birthday-caption-en | birthday-quotes-en | birthday-wishes-en | birthday-wishes-hi
birthday wishes hindi me,4,4,4,600,birthday-caption-en | birthday-status-en | birthday-wishes-en | birthday-wishes-hi
birthday wishes jija ji,4,4,4,600,birthday-caption-en | birthday-status-en | birthday-wishes-en | birthday-wishes-hi
birthday wishes unique lines,4,4,4,600,birthday-caption-en | birthday-status-en | birthday-wishes-en | birthday-wishes-hi
how birthday wishes for husband,5,4,4,600,birthday-caption-en | birthday-status-en | birthday-wishes-en | birthday-wishes-hi
why birthday quotes,3,4,4,600,birthday-caption-en | birthday-shayari-en | birthday-status-en | birthday-wishes-en
birthday greetings maker,3,4,4,561,birthday-quotes-en | birthday-wish-maker-en | birthday-wishes-en | birthday-wishes-hi
birthday wishes without photo,4,4,4,561,birthday-caption-en | birthday-quotes-en | birthday-status-en | birthday-wishes-en
birthday wishes online link,4,4,4,560,birthday-caption-en | birthday-quotes-en | birthday-wishes-en | birthday-wishes-hi
birthday wishes qr code free,5,4,4,560,birthday-caption-en | birthday-quotes-en | birthday-status-en | birthday-wishes-hi
what birthday message,3,4,4,560,birthday-quotes-en | birthday-status-en | birthday-wishes-en | birthday-wishes-hi
birthday wishes jiju in hindi,5,4,4,560,birthday-caption-en | birthday-status-en | birthday-wishes-en | birthday-wishes-hi
birthday wishes hindi and english,5,4,4,560,birthday-caption-en | birthday-status-en | birthday-wishes-en | birthday-wishes-hi
birthday wishes online editing with name,6,4,4,559,birthday-caption-en | birthday-quotes-en | birthday-wishes-en | birthday-wishes-hi
birthday wishes 2026 for best friend,6,4,4,559,birthday-caption-en | birthday-quotes-en | birthday-wishes-en | birthday-wishes-hi
birthday wishes ka reply kaise de,6,4,4,559,birthday-caption-en | birthday-quotes-en | birthday-status-en | birthday-wishes-hi
birthday wishes zainab name,4,4,4,559,birthday-caption-en | birthday-quotes-en | birthday-status-en | birthday-wishes-hi
birthday wishes online card free,5,4,4,559,birthday-caption-en | birthday-quotes-en | birthday-wishes-en | birthday-wishes-hi
birthday wishes hubby,3,4,4,559,birthday-caption-en | birthday-status-en | birthday-wishes-en | birthday-wishes-hi
birthday wishes junior,3,4,4,559,birthday-caption-en | birthday-status-en | birthday-wishes-en | birthday-wishes-hi
birthday wishes uncle in english,5,4,4,559,birthday-caption-en | birthday-status-en | birthday-wishes-en | birthday-wishes-hi
birthday wishes 2026 images,4,4,4,558,birthday-caption-en | birthday-quotes-en | birthday-wishes-en | birthday-wishes-hi
birthday wishes kaise kare english me,6,4,4,558,birthday-caption-en | birthday-quotes-en | birthday-status-en | birthday-wishes-hi
birthday wishes maker free,4,4,4,558,birthday-caption-en | birthday-quotes-en | birthday-wishes-en | birthday-wishes-hi
birthday wishes free video,4,4,4,558,birthday-caption-en | birthday-status-en | birthday-wishes-en | birthday-wishes-hi
birthday wishes urdu me,4,4,4,558,birthday-caption-en | birthday-status-en | birthday-wishes-en | birthday-wishes-hi
how birthday wishes for wife,5,4,4,558,birthday-caption-en | birthday-status-en | birthday-wishes-en | birthday-wishes-hi
birthday wishes daughter in english,5,4,4,558,birthday-caption-en | birthday-status-en | birthday-wishes-en | birthday-wishes-hi
birthday wishes jaan ke liye,5,4,4,558,birthday-caption-en | birthday-status-en | birthday-wishes-en | birthday-wishes-hi
birthday wishes maker website,4,4,4,557,birthday-caption-en | birthday-quotes-en | birthday-wishes-en | birthday-wishes-hi
birthday wishes template vn code,5,4,4,557,birthday-caption-en | birthday-status-en | birthday-wishes-en | birthday-wishes-hi
how birthday wishes for son,5,4,4,557,birthday-caption-en | birthday-status-en | birthday-wishes-en | birthday-wishes-hi
birthday wishes online website,4,4,4,556,birthday-caption-en | birthday-quotes-en | birthday-wishes-en | birthday-wishes-hi
birthday wishes urdu shayari,4,4,4,556,birthday-caption-en | birthday-status-en | birthday-wishes-en | birthday-wishes-hi
birthday wishes zahra,3,4,4,553,birthday-caption-en | birthday-status-en | birthday-wishes-en | birthday-wishes-hi
birthday wishes template for best friend,6,4,4,551,birthday-caption-en | birthday-status-en | birthday-wishes-en | birthday-wishes-hi
birthday wishes in hindi,4,3,10,1250,birthday-wishes-en | birthday-wishes-hi | birthday-wishes-in-hindi-en
happy birthday wishes in hindi,5,3,10,601,birthday-wishes-in-hindi-en | happy-birthday-en | x4
birthday wishes with photo,4,3,6,751,birthday-status-en | birthday-wishes-en | birthday-wishes-hi
birthday wishes bestie,3,3,5,1250,birthday-status-en | birthday-wishes-en | birthday-wishes-hi
birthday wishes with bible verse,5,3,5,1050,birthday-status-en | birthday-wishes-en | birthday-wishes-hi
birthday wishes best friend girl,5,3,5,900,birthday-status-en | birthday-wishes-en | birthday-wishes-hi
birthday wishes with name,4,3,5,900,birthday-status-en | birthday-wishes-en | birthday-wishes-hi
birthday wishes with blessings,4,3,5,650,birthday-status-en | birthday-wishes-en | birthday-wishes-hi
birthday wishes ex girlfriend,4,3,5,600,birthday-status-en | birthday-wishes-en | birthday-wishes-hi
birthday wishes bestie girl,4,3,4,602,birthday-status-en | birthday-wishes-en | birthday-wishes-hi
which happy birthday wishes,4,3,4,601,birthday-wishes-en | birthday-wishes-hi | happy-birthday-en
birthday wishes with images,4,3,4,600,birthday-status-en | birthday-wishes-en | birthday-wishes-hi
birthday wishes lover,3,3,3,1251,birthday-status-en | birthday-wishes-en | birthday-wishes-hi
birthday wishes appa in english,5,3,3,1250,birthday-caption-en | birthday-wishes-en | birthday-wishes-hi
birthday wishes girlfriend,3,3,3,1250,birthday-status-en | birthday-wishes-en | birthday-wishes-hi
birthday wishes love,3,3,3,1250,birthday-status-en | birthday-wishes-en | birthday-wishes-hi
birthday quotes without father,4,3,3,1200,birthday-caption-en | birthday-quotes-en | birthday-status-en
birthday wishes girl,3,3,3,1150,birthday-status-en | birthday-wishes-en | birthday-wishes-hi
birthday wishes lines,3,3,3,1100,birthday-status-en | birthday-wishes-en | birthday-wishes-hi
birthday wishes hindi,3,3,3,950,birthday-caption-en | birthday-status-en | birthday-wishes-en
birthday wishes gif,3,3,3,900,birthday-status-en | birthday-wishes-en | birthday-wishes-hi
how birthday wishes for love,5,3,3,800,birthday-caption-en | birthday-wishes-en | birthday-wishes-hi
birthday wishes verses,3,3,3,700,birthday-quotes-en | birthday-wishes-en | birthday-wishes-hi
birthday wishes and blessings,4,3,3,602,birthday-status-en | birthday-wishes-en | birthday-wishes-hi
when happy birthday wishes,4,3,3,601,birthday-wishes-en | birthday-wishes-hi | happy-birthday-en
birthday quotes without mom,4,3,3,601,birthday-caption-en | birthday-quotes-en | birthday-status-en
birthday wishes 2026,3,3,3,601,birthday-caption-en | birthday-quotes-en | birthday-status-en
birthday wishes free,3,3,3,601,birthday-caption-en | birthday-quotes-en | birthday-status-en
birthday wishes maker,3,3,3,601,birthday-caption-en | birthday-quotes-en | birthday-status-en
birthday wishes xori nepali,4,3,3,601,birthday-caption-en | birthday-quotes-en | birthday-status-en
is it birthday wishes,4,3,3,601,birthday-caption-en | birthday-quotes-en | birthday-status-en
when birthday wishes,3,3,3,601,birthday-caption-en | birthday-quotes-en | birthday-status-en
why birthday wishes,3,3,3,601,birthday-caption-en | birthday-quotes-en | birthday-status-en
birthday wishes template,3,3,3,601,birthday-caption-en | birthday-quotes-en | birthday-status-en
which birthday message,3,3,3,601,birthday-quotes-en | birthday-status-en | birthday-wishes-en
who birthday wishes,3,3,3,601,birthday-caption-en | birthday-quotes-en | birthday-status-en
which birthday wishes,3,3,3,601,birthday-caption-en | birthday-quotes-en | birthday-status-en
why birthday wishes are important,5,3,3,601,birthday-quotes-en | birthday-wishes-en | birthday-wishes-hi
can i say birthday wishes,5,3,3,601,birthday-quotes-en | birthday-wishes-en | birthday-wishes-hi
why birthday status,3,3,3,601,birthday-caption-en | birthday-quotes-en | birthday-shayari-en
birthday wishes app free,4,3,3,601,birthday-caption-en | birthday-wishes-en | birthday-wishes-hi
birthday wishes best friend boy,5,3,3,601,birthday-status-en | birthday-wishes-en | birthday-wishes-hi
birthday wishes dad,3,3,3,601,birthday-status-en | birthday-wishes-en | birthday-wishes-hi
birthday wishes elder sister,4,3,3,601,birthday-status-en | birthday-wishes-en | birthday-wishes-hi
birthday wishes greetings,3,3,3,601,birthday-status-en | birthday-wishes-en | birthday-wishes-hi
birthday wishes nepali,3,3,3,601,birthday-status-en | birthday-wishes-en | birthday-wishes-hi
birthday wishes online video maker,5,3,3,601,birthday-caption-en | birthday-wishes-en | birthday-wishes-hi
birthday wishes with cake,4,3,3,601,birthday-status-en | birthday-wishes-en | birthday-wishes-hi
birthday wishes your boss,4,3,3,601,birthday-status-en | birthday-wishes-en | birthday-wishes-hi
is it thank you for the birthday wishes,8,3,3,601,birthday-wishes-en | birthday-wishes-hi | x3
why happy birthday wishes,4,3,3,600,birthday-wishes-en | birthday-wishes-hi | happy-birthday-en
what birthday wishes,3,3,3,600,birthday-caption-en | birthday-quotes-en | birthday-status-en
birthday wishes edit photo,4,3,3,600,birthday-status-en | birthday-wishes-en | birthday-wishes-hi
birthday wishes girl best friend,5,3,3,600,birthday-status-en | birthday-wishes-en | birthday-wishes-hi
birthday wishes new,3,3,3,600,birthday-status-en | birthday-wishes-en | birthday-wishes-hi
birthday wishes reply in english,5,3,3,600,birthday-caption-en | birthday-wishes-en | birthday-wishes-hi
birthday wishes template free,4,3,3,562,birthday-caption-en | birthday-quotes-en | birthday-status-en
birthday wishes without saying happy,5,3,3,562,birthday-caption-en | birthday-quotes-en | birthday-status-en
birthday wishes english mein,4,3,3,562,birthday-status-en | birthday-wishes-en | birthday-wishes-hi
birthday wishes xora,3,3,3,561,birthday-caption-en | birthday-quotes-en | birthday-status-en
birthday wishes online editing,4,3,3,561,birthday-caption-en | birthday-quotes-en | birthday-wishes-hi
birthday wishes qr code,4,3,3,561,birthday-caption-en | birthday-quotes-en | birthday-status-en
birthday wishes youtube,3,3,3,561,birthday-caption-en | birthday-quotes-en | birthday-status-en
birthday wishes appreciation message,4,3,3,561,birthday-caption-en | birthday-wishes-en | birthday-wishes-hi
birthday wishes xori in english,5,3,3,560,birthday-caption-en | birthday-quotes-en | birthday-status-en
birthday wishes young man,4,3,3,560,birthday-caption-en | birthday-quotes-en | birthday-status-en
birthday wishes emotional,3,3,3,560,birthday-status-en | birthday-wishes-en | birthday-wishes-hi
birthday wishes nanad,3,3,3,560,birthday-status-en | birthday-wishes-en | birthday-wishes-hi
birthday wishes jigri yaar in english,6,3,3,560,birthday-status-en | birthday-wishes-en | birthday-wishes-hi
how birthday wishes,3,3,3,560,birthday-caption-en | birthday-shayari-en | birthday-status-en
birthday wishes xoro,3,3,3,559,birthday-caption-en | birthday-quotes-en | birthday-status-en
birthday wishes reply message,4,3,3,559,birthday-caption-en | birthday-wishes-en | birthday-wishes-hi
birthday wishes for xori in nepali text,7,3,3,558,birthday-caption-en | birthday-quotes-en | birthday-status-en
birthday wishes template for instagram story,6,3,3,558,birthday-caption-en | birthday-quotes-en | birthday-status-en
birthday wishes z,3,3,3,558,birthday-caption-en | birthday-quotes-en | birthday-status-en
birthday wishes online photo editing,5,3,3,558,birthday-caption-en | birthday-quotes-en | birthday-wishes-en
is it messages birthday,4,3,3,558,birthday-quotes-en | birthday-wishes-en | birthday-wishes-hi
birthday wishes aesthetic,3,3,3,558,birthday-status-en | birthday-wishes-en | birthday-wishes-hi
birthday wishes gf in english,5,3,3,558,birthday-status-en | birthday-wishes-en | birthday-wishes-hi
birthday wishes online maker,4,3,3,558,birthday-caption-en | birthday-wishes-en | birthday-wishes-hi
birthday wishes reply in hindi,5,3,3,558,birthday-caption-en | birthday-status-en | birthday-wishes-en
birthday wishes for xori in nepali,6,3,3,557,birthday-caption-en | birthday-quotes-en | birthday-status-en
birthday wishes year ahead,4,3,3,557,birthday-caption-en | birthday-quotes-en | birthday-status-en
birthday wishes kids boy,4,3,3,557,birthday-caption-en | birthday-quotes-en | birthday-status-en
birthday wishes elder brother,4,3,3,557,birthday-status-en | birthday-wishes-en | birthday-wishes-hi
birthday wishes god bless you,5,3,3,557,birthday-status-en | birthday-wishes-en | birthday-wishes-hi
birthday wishes name,3,3,3,557,birthday-status-en | birthday-wishes-en | birthday-wishes-hi
birthday wishes reply to seniors,5,3,3,557,birthday-caption-en | birthday-status-en | birthday-wishes-en
birthday wishes without happy,4,3,3,556,birthday-caption-en | birthday-quotes-en | birthday-status-en
birthday wishes xori in english text,6,3,3,556,birthday-caption-en | birthday-quotes-en | birthday-status-en
birthday wishes app free download,5,3,3,556,birthday-caption-en | birthday-quotes-en | birthday-status-en
birthday wishes nephew boy,4,3,3,556,birthday-quotes-en | birthday-status-en | birthday-wishes-en
birthday wishes free download for friend,6,3,3,556,birthday-caption-en | birthday-wishes-en | birthday-wishes-hi
birthday wishes general,3,3,3,556,birthday-status-en | birthday-wishes-en | birthday-wishes-hi
how birthday wishes for friend girl,6,3,3,556,birthday-caption-en | birthday-wishes-en | birthday-wishes-hi
why birthdays are special quotes,5,3,3,555,birthday-caption-en | birthday-quotes-en | birthday-status-en
birthday wishes xori nepali for daughter,6,3,3,555,birthday-caption-en | birthday-quotes-en | birthday-status-en
birthday wishes your girlfriend,4,3,3,555,birthday-caption-en | birthday-quotes-en | birthday-status-en
birthday wishes kids girl,4,3,3,555,birthday-caption-en | birthday-quotes-en | birthday-status-en
birthday wishes gif images,4,3,3,555,birthday-status-en | birthday-wishes-en | birthday-wishes-hi
birthday wishes little sister,4,3,3,555,birthday-status-en | birthday-wishes-en | birthday-wishes-hi
birthday wishes online gift,4,3,3,555,birthday-caption-en | birthday-wishes-en | birthday-wishes-hi
how birthday wishes for boyfriend,5,3,3,555,birthday-caption-en | birthday-wishes-en | birthday-wishes-hi
ex lover birthday wishes,4,3,3,554,birthday-caption-en | birthday-quotes-en | birthday-status-en
birthday wishes template for employees,5,3,3,554,birthday-caption-en | birthday-quotes-en | birthday-status-en
birthday wishes young lady,4,3,3,554,birthday-caption-en | birthday-quotes-en | birthday-status-en
birthday wishes unique way,4,3,3,554,birthday-status-en | birthday-wishes-en | birthday-wishes-hi
birthday wishes best line,4,3,3,554,birthday-status-en | birthday-wishes-en | birthday-wishes-hi
birthday wishes xml file,4,3,3,553,birthday-caption-en | birthday-quotes-en | birthday-status-en
birthday wishes your boyfriend,4,3,3,553,birthday-caption-en | birthday-quotes-en | birthday-status-en
is it birthday or born day,6,3,3,553,birthday-quotes-en | birthday-wishes-en | birthday-wishes-hi
birthday wishes bestie in english,5,3,3,553,birthday-status-en | birthday-wishes-en | birthday-wishes-hi
birthday wishes template for sister,5,3,3,552,birthday-caption-en | birthday-wishes-en | birthday-wishes-hi
birthday wishes zohan,3,3,3,552,birthday-status-en | birthday-wishes-en | birthday-wishes-hi
birthday wishes online with photo,5,3,3,552,birthday-caption-en | birthday-wishes-en | birthday-wishes-hi
birthday wishes in hindi for friend,6,2,14,1250,birthday-wishes-hi | birthday-wishes-in-hindi-en
happy birthday wishes in hindi english,6,2,12,1250,birthday-wishes-in-hindi-en | x4
happy birthday wishes in hindi love,6,2,12,1250,birthday-wishes-in-hindi-en | x4
birthday wishes for friend,4,2,10,1251,birthday-wishes-en | birthday-wishes-hi
birthday wishes in hindi & english,6,2,10,1250,birthday-wishes-hi | birthday-wishes-in-hindi-en
birthday wishes for sister,4,2,10,1000,birthday-wishes-en | birthday-wishes-hi
birthday wishes for best friend,5,2,8,1250,birthday-wishes-en | birthday-wishes-hi
birthday wishes in kannada,4,2,8,1250,birthday-wishes-en | birthday-wishes-hi
birthday wishes for best friend girl,6,2,8,950,birthday-wishes-en | birthday-wishes-hi
birthday wishes for brother,4,2,8,850,birthday-wishes-en | birthday-wishes-hi
birthday wishes for husband,4,2,8,750,birthday-wishes-en | birthday-wishes-hi
birthday wishes for son,4,2,8,601,birthday-wishes-en | birthday-wishes-hi
birthday wishes for wife,4,2,8,601,birthday-wishes-en | birthday-wishes-hi
birthday wishes for love,4,2,8,556,birthday-wishes-en | birthday-wishes-hi
birthday wishes for daughter,4,2,7,601,birthday-wishes-en | birthday-wishes-hi
birthday wishes in हिंदी,4,2,5,1251,birthday-wishes-hi | birthday-wishes-in-hindi-en
birthday wishes for mother,4,2,5,555,birthday-wishes-en | birthday-wishes-hi
birthday wishes appa in kannada,5,2,4,1251,birthday-wishes-en | birthday-wishes-hi
happy birthday wishes,3,2,4,1250,birthday-wishes-en | happy-birthday-en
birthday wishes quotes,3,2,4,1250,birthday-wishes-en | birthday-wishes-hi
birthday wishes with photo and name,6,2,4,750,birthday-wishes-en | birthday-wishes-hi
birthday wishes with flowers,4,2,4,602,birthday-wishes-en | birthday-wishes-hi
happy birthday wishes for friend,5,2,4,601,birthday-wishes-en | happy-birthday-en
birthday wishes in kannada kavana,5,2,4,601,birthday-wishes-en | birthday-wishes-hi
birthday wishes in english,4,2,4,600,birthday-wishes-en | birthday-wishes-hi
birthday wishes in malayalam,4,2,4,560,birthday-wishes-en | birthday-wishes-hi
happy birthday wishes in hindi god bless you,8,2,4,559,birthday-wishes-in-hindi-en | x4
birthday wishes in kannada for brother,6,2,4,559,birthday-wishes-en | birthday-wishes-hi
birthday wishes in kannada for friend,6,2,4,558,birthday-wishes-en | birthday-wishes-hi
birthday wishes in kannada for son,6,2,4,557,birthday-wishes-en | birthday-wishes-hi
birthday wishes in islamic way,5,2,4,556,birthday-wishes-en | birthday-wishes-hi
birthday wishes for girlfriend,4,2,4,554,birthday-wishes-en | birthday-wishes-hi
birthday quotes best friend,4,2,3,1251,birthday-quotes-en | birthday-status-en
birthday wishes in hindi english,5,2,3,1250,birthday-wishes-en | birthday-wishes-in-hindi-en
happy birthday wishes in hindi and english,7,2,3,1250,birthday-wishes-in-hindi-en | x4
happy birthday wishes in hindi images free download,8,2,3,601,birthday-wishes-in-hindi-en | x4
happy birthday wishes in hindi with images,7,2,3,601,birthday-wishes-in-hindi-en | x4
happy birthday wishes in hindi jigri yaar,7,2,3,600,birthday-wishes-in-hindi-en | x4
happy birthday wishes in hindi or english,7,2,3,600,birthday-wishes-in-hindi-en | x4
birthday quotes in hindi for husband,6,2,3,600,birthday-quotes-en | birthday-wishes-in-hindi-en
happy birthday wishes in hindi kavita,6,2,3,600,birthday-wishes-in-hindi-en | x4
happy birthday wishes in hindi jokes,6,2,3,600,birthday-wishes-in-hindi-en | x4
happy birthday wishes in hindi dost ke liye,8,2,3,600,birthday-wishes-in-hindi-en | x4
happy birthday wishes in hindi jaan,6,2,3,562,birthday-wishes-in-hindi-en | x4
birthday wishes with song,4,2,3,561,birthday-status-en | birthday-wishes-hi
happy birthday wishes in hindi mahadev bless you,8,2,3,560,birthday-wishes-in-hindi-en | x4
happy birthday wishes in hindi with english text,8,2,3,560,birthday-wishes-in-hindi-en | x4
happy birthday wishes in hindi gf ko,7,2,3,558,birthday-wishes-in-hindi-en | x4
happy birthday wishes in hindi chacha ji,7,2,3,556,birthday-wishes-in-hindi-en | x4
birthday wishes for wife in kannada,6,2,3,555,birthday-wishes-en | birthday-wishes-hi
birthday wishes in sister,4,2,3,555,birthday-wishes-en | birthday-wishes-hi
birthday wishes for boyfriend,4,2,3,553,birthday-wishes-en | birthday-wishes-hi
happy birthday quotes,3,2,2,1251,birthday-quotes-en | happy-birthday-en
happy birthday wishes in hindi girl,6,2,2,1251,birthday-wishes-in-hindi-en | x4
happy birthday quotes for best friend,6,2,2,1250,birthday-quotes-en | happy-birthday-en
happy birthday wishes in hindi dost,6,2,2,1250,birthday-wishes-in-hindi-en | x4
birthday wishes akka,3,2,2,1250,birthday-wishes-en | birthday-wishes-hi
birthday wishes brother,3,2,2,1250,birthday-wishes-en | birthday-wishes-hi
birthday wishes prompt,3,2,2,1250,birthday-wishes-en | birthday-wishes-hi
birthday wishes sister,3,2,2,1250,birthday-wishes-en | birthday-wishes-hi
birthday wishes templates free,4,2,2,1250,birthday-wishes-en | birthday-wishes-hi
birthday wishes wife,3,2,2,1250,birthday-wishes-en | birthday-wishes-hi
birthday wishes without telling happy birthday,6,2,2,1250,birthday-wishes-en | birthday-wishes-hi
birthday wishes one line,4,2,2,1150,birthday-wishes-en | birthday-wishes-hi
birthday wishes photos,3,2,2,1150,birthday-wishes-en | birthday-wishes-hi
birthday wishes anna,3,2,2,1050,birthday-wishes-en | birthday-wishes-hi
birthday wishes kannada text,4,2,2,1050,birthday-wishes-en | birthday-wishes-hi
birthday wishes to sister,4,2,2,1050,birthday-wishes-en | birthday-wishes-hi
birthday wishes without happy birthday,5,2,2,1050,birthday-wishes-en | birthday-wishes-hi
birthday wishes messages,3,2,2,1000,birthday-wishes-en | birthday-wishes-hi
birthday wishes reply for all,5,2,2,1000,birthday-wishes-en | birthday-wishes-hi
birthday wishes without using happy birthday,6,2,2,1000,birthday-wishes-en | birthday-wishes-hi
birthday wishes card,3,2,2,950,birthday-wishes-en | birthday-wishes-hi
birthday wishes to brother,4,2,2,950,birthday-wishes-en | birthday-wishes-hi
birthday wishes paragraph for best friend,6,2,2,900,birthday-wishes-en | birthday-wishes-hi
birthday wishes kannada kavana,4,2,2,850,birthday-wishes-en | birthday-wishes-hi
birthday wishes my son,4,2,2,850,birthday-wishes-en | birthday-wishes-hi
birthday wishes to husband,4,2,2,850,birthday-wishes-en | birthday-wishes-hi
birthday wishes my love,4,2,2,800,birthday-wishes-en | birthday-wishes-hi
birthday wishes son,3,2,2,800,birthday-wishes-en | birthday-wishes-hi
birthday wishes to wife,4,2,2,800,birthday-wishes-en | birthday-wishes-hi
birthday wishes wife in kannada,5,2,2,800,birthday-wishes-en | birthday-wishes-hi
birthday wishes caption,3,2,2,750,birthday-wishes-en | birthday-wishes-hi
birthday wishes husband in kannada,5,2,2,750,birthday-wishes-en | birthday-wishes-hi
birthday wishes to son,4,2,2,750,birthday-wishes-en | birthday-wishes-hi
birthday wishes to best friend,5,2,2,701,birthday-wishes-en | birthday-wishes-hi
birthday wishes best friend in kannada,6,2,2,700,birthday-wishes-en | birthday-wishes-hi
birthday wishes daughter in kannada,5,2,2,700,birthday-wishes-en | birthday-wishes-hi
birthday wishes prompt for gemini ai,6,2,2,700,birthday-wishes-en | birthday-wishes-hi
birthday wishes to friend,4,2,2,700,birthday-wishes-en | birthday-wishes-hi
birthday wishes short,3,2,2,651,birthday-wishes-en | birthday-wishes-hi
birthday wishes different,3,2,2,650,birthday-wishes-en | birthday-wishes-hi
birthday wishes reply in kannada,5,2,2,650,birthday-wishes-en | birthday-wishes-hi
birthday wishes simple,3,2,2,650,birthday-wishes-en | birthday-wishes-hi
birthday wishes to daughter,4,2,2,603,birthday-wishes-en | birthday-wishes-hi
happy birthday quotes for friend,5,2,2,602,birthday-quotes-en | happy-birthday-en
birthday wishes appaji,3,2,2,602,birthday-wishes-en | birthday-wishes-hi
birthday wishes on cake,4,2,2,602,birthday-wishes-en | birthday-wishes-hi
birthday wishes to sister in law,6,2,2,602,birthday-wishes-en | birthday-wishes-hi
happy birthday quotes for husband,5,2,2,601,birthday-quotes-en | happy-birthday-en
happy birthday caption,3,2,2,601,birthday-caption-en | happy-birthday-en
happy birthday wishes in hindi quotes,6,2,2,601,birthday-wishes-in-hindi-en | x4
happy birthday zoya wishes in hindi,6,2,2,601,birthday-wishes-in-hindi-en | x4
happy birthday wishes in hindi yaar,6,2,2,601,birthday-wishes-in-hindi-en | x4
happy birthday wishes in hindi video download,7,2,2,601,birthday-wishes-in-hindi-en | x4
how to reply happy birthday wishes in hindi,8,2,2,601,birthday-wishes-in-hindi-en | x4
happy birthday xori wishes in hindi,6,2,2,601,birthday-wishes-in-hindi-en | x4
happy birthday wishes in hindi images,6,2,2,601,birthday-wishes-in-hindi-en | x4
happy birthday wishes in hindi reply,6,2,2,601,birthday-wishes-in-hindi-en | x4
happy birthday wishes in hindi gf,6,2,2,601,birthday-wishes-in-hindi-en | x4
happy birthday wishes in hindi normal,6,2,2,601,birthday-wishes-in-hindi-en | x4
happy birthday wishes in hindi copy paste,7,2,2,601,birthday-wishes-in-hindi-en | x4
happy birthday wishes in hindi daughter,6,2,2,601,birthday-wishes-in-hindi-en | x4
happy birthday wishes in hindi kids,6,2,2,601,birthday-wishes-in-hindi-en | x4
happy birthday wishes in hindi papa,6,2,2,601,birthday-wishes-in-hindi-en | x4
जन्मदिन की हार्दिक शुभकामनाएं 2023,5,2,2,601,x1 | x2
barbie birthday wishes 2027,4,2,2,601,birthday-wishes-en | birthday-wishes-hi
birthday wishes amma,3,2,2,601,birthday-wishes-en | birthday-wishes-hi
birthday wishes cake,3,2,2,601,birthday-wishes-en | birthday-wishes-hi
birthday wishes kannada for friend,5,2,2,601,birthday-wishes-en | birthday-wishes-hi
birthday wishes lover kannada,4,2,2,601,birthday-wishes-en | birthday-wishes-hi
birthday wishes my wife,4,2,2,601,birthday-wishes-en | birthday-wishes-hi
birthday wishes official,3,2,2,601,birthday-wishes-en | birthday-wishes-hi
birthday wishes photo frame,4,2,2,601,birthday-wishes-en | birthday-wishes-hi
birthday wishes quotes in english,5,2,2,601,birthday-wishes-en | birthday-wishes-hi
birthday wishes return thanks in kannada,6,2,2,601,birthday-wishes-en | birthday-wishes-hi
birthday wishes sister in english,5,2,2,601,birthday-wishes-en | birthday-wishes-hi
birthday wishes to best friend female,6,2,2,601,birthday-wishes-en | birthday-wishes-hi
birthday wishes unique quotes,4,2,2,601,birthday-wishes-en | birthday-wishes-hi
birthday wishes verses from bible,5,2,2,601,birthday-wishes-en | birthday-wishes-hi
birthday wishes without mentioning birthday,5,2,2,601,birthday-wishes-en | birthday-wishes-hi
birthday wishes xori in nepali,5,2,2,601,birthday-wishes-en | birthday-wishes-hi
it is my birthday wishes,5,2,2,601,birthday-wishes-en | birthday-wishes-hi
who birthday card,3,2,2,601,birthday-wishes-en | birthday-wishes-hi
birthday wishes quote,3,2,2,601,birthday-caption-en | birthday-status-en
happy birthday quotes for wife,5,2,2,600,birthday-quotes-en | happy-birthday-en
happy birthday caption for best friend,6,2,2,600,birthday-caption-en | happy-birthday-en
happy birthday wishes images with bible verses in hindi free,10,2,2,600,birthday-wishes-in-hindi-en | x4
happy birthday wishes in hindi urdu,6,2,2,600,birthday-wishes-in-hindi-en | x4
happy birthday wishes in hindi ringtone,6,2,2,600,birthday-wishes-in-hindi-en | x4
happy birthday wishes in hindi name edit,7,2,2,600,birthday-wishes-in-hindi-en | x4
birthday quotes without parents,4,2,2,600,birthday-quotes-en | birthday-status-en
birthday wishes 2025,3,2,2,600,birthday-wishes-en | birthday-wishes-hi
birthday wishes anna kannada,4,2,2,600,birthday-wishes-en | birthday-wishes-hi
birthday wishes best friend girl kannada,6,2,2,600,birthday-wishes-en | birthday-wishes-hi
birthday wishes brother in english,5,2,2,600,birthday-wishes-en | birthday-wishes-hi
birthday wishes dear,3,2,2,600,birthday-wishes-en | birthday-wishes-hi
birthday wishes images,3,2,2,600,birthday-wishes-en | birthday-wishes-hi
birthday wishes love girl,4,2,2,600,birthday-wishes-en | birthday-wishes-hi
birthday wishes my son in kannada,6,2,2,600,birthday-wishes-en | birthday-wishes-hi
birthday wishes one line for friend,6,2,2,600,birthday-wishes-en | birthday-wishes-hi
birthday wishes paragraph,3,2,2,600,birthday-wishes-en | birthday-wishes-hi
birthday wishes quotes in kannada,5,2,2,600,birthday-wishes-en | birthday-wishes-hi
birthday wishes song,3,2,2,600,birthday-wishes-en | birthday-wishes-hi
birthday wishes to brother in law,6,2,2,600,birthday-wishes-en | birthday-wishes-hi
birthday wishes video maker online,5,2,2,600,birthday-wishes-en | birthday-wishes-hi
birthday wishes website,3,2,2,600,birthday-wishes-en | birthday-wishes-hi
birthday wishes you,3,2,2,600,birthday-wishes-en | birthday-wishes-hi
how can i birthday wishes,5,2,2,600,birthday-wishes-en | birthday-wishes-hi
happy birthday wishes in hindi video,6,2,2,562,birthday-wishes-in-hindi-en | x4
happy birthday wishes in hindi unique,6,2,2,562,birthday-wishes-in-hindi-en | x4
happy birthday wishes in hindi neta ji,7,2,2,562,birthday-wishes-in-hindi-en | x4
birthday wishes ex,3,2,2,562,birthday-wishes-en | birthday-wishes-hi
can i have birthday wishes,5,2,2,562,birthday-wishes-en | birthday-wishes-hi
birthday wishes bhai,3,2,2,562,birthday-wishes-en | birthday-wishes-hi
happy birthday quotes for sister,5,2,2,561,birthday-quotes-en | happy-birthday-en
happy birthday wishes in hindi jija ji,7,2,2,561,birthday-wishes-in-hindi-en | x4
happy birthday wishes in hindi new style,7,2,2,561,birthday-wishes-in-hindi-en | x4
birthday greetings 2026,3,2,2,561,birthday-quotes-en | birthday-wishes-en
birthday wishes quotes for best friend,6,2,2,561,birthday-wishes-en | birthday-wishes-hi
can i say birthday wishes to you,7,2,2,561,birthday-wishes-en | birthday-wishes-hi
birthday wishes copy paste,4,2,2,561,birthday-wishes-en | birthday-wishes-hi
birthday wishes brother in kannada,5,2,2,561,birthday-wishes-en | birthday-wishes-hi
birthday wishes quotes for friend,5,2,2,561,birthday-wishes-en | birthday-wishes-hi
birthday quotes 2026,3,2,2,561,birthday-caption-en | birthday-wishes-en
birthday wishes you deserve all the happiness,7,2,2,561,birthday-wishes-en | birthday-wishes-hi
birthday wishes reply to all,5,2,2,561,birthday-caption-en | birthday-status-en
happy birthday wishes in hindi bitiya rani,7,2,2,560,birthday-wishes-in-hindi-en | x4
birthday wishes 2026 quotes,4,2,2,560,birthday-wishes-en | birthday-wishes-hi
birthday wishes boyfriend,3,2,2,560,birthday-wishes-en | birthday-wishes-hi
can birthday wishes come true,5,2,2,560,birthday-wishes-en | birthday-wishes-hi
birthday wishes colleague,3,2,2,560,birthday-wishes-en | birthday-wishes-hi
birthday wishes quotes for husband,5,2,2,560,birthday-wishes-en | birthday-wishes-hi
birthday wishes mother,3,2,2,560,birthday-wishes-en | birthday-wishes-hi
birthday wishes younger sister in english,6,2,2,560,birthday-wishes-en | birthday-wishes-hi
birthday wishes religious,3,2,2,560,birthday-caption-en | birthday-status-en
birthday wishes ke liye thanks,5,2,2,560,birthday-caption-en | birthday-wishes-hi
happy birthday wishes for kids free in hindi,8,2,2,559,birthday-wishes-in-hindi-en | x4
happy birthday wishes in hindi chota bhai,7,2,2,559,birthday-wishes-in-hindi-en | x4
birthday wishes queen,3,2,2,559,birthday-caption-en | birthday-quotes-en
birthday wishes bible verse,4,2,2,559,birthday-wishes-en | birthday-wishes-hi
birthday wishes ex boyfriend,4,2,2,559,birthday-wishes-en | birthday-wishes-hi
birthday wishes girlfriend kannada,4,2,2,559,birthday-wishes-en | birthday-wishes-hi
birthday wishes on brother,4,2,2,559,birthday-wishes-en | birthday-wishes-hi
can birthday wishes be cursed,5,2,2,559,birthday-wishes-en | birthday-wishes-hi
birthday wishes children,3,2,2,559,birthday-wishes-en | birthday-wishes-hi
birthday wishes different ways,4,2,2,559,birthday-wishes-en | birthday-wishes-hi
birthday wishes mama,3,2,2,559,birthday-wishes-en | birthday-wishes-hi
birthday wishes one line in english,6,2,2,559,birthday-wishes-en | birthday-wishes-hi
birthday wishes quotes for sister,5,2,2,559,birthday-wishes-en | birthday-wishes-hi
birthday wishes younger brother in english,6,2,2,559,birthday-wishes-en | birthday-wishes-hi
birthday wishes for jiju,4,2,2,559,birthday-caption-en | birthday-status-en
happy birthday wishes in hindi jaan ke liye,8,2,2,558,birthday-wishes-in-hindi-en | x4
birthday message 2026,3,2,2,558,birthday-quotes-en | birthday-wishes-en
birthday wishes example,3,2,2,558,birthday-wishes-en | birthday-wishes-hi
birthday wishes heart touching,4,2,2,558,birthday-wishes-en | birthday-wishes-hi
birthday wishes kannada sister,4,2,2,558,birthday-wishes-en | birthday-wishes-hi
birthday wishes lines in kannada,5,2,2,558,birthday-wishes-en | birthday-wishes-hi
birthday wishes normal friend,4,2,2,558,birthday-wishes-en | birthday-wishes-hi
birthday wishes papa,3,2,2,558,birthday-wishes-en | birthday-wishes-hi
birthday wishes special,3,2,2,558,birthday-wishes-en | birthday-wishes-hi
birthday wishes template website,4,2,2,558,birthday-wishes-en | birthday-wishes-hi
birthday wishes yaar,3,2,2,558,birthday-wishes-en | birthday-wishes-hi
can i wish birthday in islam,6,2,2,558,birthday-wishes-en | birthday-wishes-hi
what happy birthday wishes,4,2,2,558,birthday-wishes-en | birthday-wishes-hi
birthday wishes vote of thanks,5,2,2,558,birthday-wishes-en | birthday-wishes-hi
birthday wishes cake images,4,2,2,558,birthday-wishes-en | birthday-wishes-hi
birthday wishes my daughter,4,2,2,558,birthday-wishes-en | birthday-wishes-hi
birthday wishes little girl,4,2,2,558,birthday-wishes-en | birthday-wishes-hi
birthday wishes poster,3,2,2,558,birthday-wishes-en | birthday-wishes-hi
birthday wishes reply for family group,6,2,2,558,birthday-wishes-en | birthday-wishes-hi
birthday wishes jigri yaar in hindi,6,2,2,558,birthday-wishes-en | birthday-wishes-hi
happy birthday quotes for brother,5,2,2,557,birthday-quotes-en | happy-birthday-en
happy birthday quotes for son,5,2,2,557,birthday-quotes-en | happy-birthday-en
happy birthday wishes in hindi jigri dost,7,2,2,557,birthday-wishes-in-hindi-en | x4
जन्मदिन की हार्दिक शुभकामनाएं nepali,5,2,2,557,x1 | x2
birthday wishes xori nepali text,5,2,2,557,birthday-quotes-en | birthday-status-en
birthday wishes quirky,3,2,2,557,birthday-caption-en | birthday-quotes-en
birthday wishes akka kannada,4,2,2,557,birthday-wishes-en | birthday-wishes-hi
birthday wishes baby girl,4,2,2,557,birthday-wishes-en | birthday-wishes-hi
birthday wishes bestie kannada,4,2,2,557,birthday-wishes-en | birthday-wishes-hi
birthday wishes ex gf,4,2,2,557,birthday-wishes-en | birthday-wishes-hi
birthday wishes free link,4,2,2,557,birthday-wishes-en | birthday-wishes-hi
birthday wishes jijaji in english,5,2,2,557,birthday-wishes-en | birthday-wishes-hi
birthday wishes kannada lines,4,2,2,557,birthday-wishes-en | birthday-wishes-hi
birthday wishes link,3,2,2,557,birthday-wishes-en | birthday-wishes-hi
birthday wishes one year baby boy,6,2,2,557,birthday-wishes-en | birthday-wishes-hi
birthday wishes online edit,4,2,2,557,birthday-wishes-en | birthday-wishes-hi
birthday wishes photo edit,4,2,2,557,birthday-wishes-en | birthday-wishes-hi
birthday wishes return wishes,4,2,2,557,birthday-wishes-en | birthday-wishes-hi
birthday wishes sir,3,2,2,557,birthday-wishes-en | birthday-wishes-hi
birthday wishes using coding,4,2,2,557,birthday-wishes-en | birthday-wishes-hi
can i say belated birthday wishes,6,2,2,557,birthday-wishes-en | birthday-wishes-hi
is happy birthday wishes,4,2,2,557,birthday-wishes-en | birthday-wishes-hi
what is birthday wishes in english,6,2,2,557,birthday-wishes-en | birthday-wishes-hi
birthday wishes video maker online free,6,2,2,557,birthday-wishes-en | birthday-wishes-hi
birthday wishes dost,3,2,2,557,birthday-wishes-en | birthday-wishes-hi
birthday wishes quotes for brother,5,2,2,557,birthday-wishes-en | birthday-wishes-hi
birthday wishes love in english,5,2,2,557,birthday-wishes-en | birthday-wishes-hi
जन्मदिन की हार्दिक शुभकामनाएं nana ji,6,2,2,556,x1 | x2
जन्मदिन की हार्दिक शुभकामनाएं best friend,6,2,2,556,x1 | x2
birthday wishes quick,3,2,2,556,birthday-caption-en | birthday-quotes-en
birthday wishes appi,3,2,2,556,birthday-wishes-en | birthday-wishes-hi
birthday wishes best lines for best friend,7,2,2,556,birthday-wishes-en | birthday-wishes-hi
birthday wishes daddy,3,2,2,556,birthday-wishes-en | birthday-wishes-hi
birthday wishes english to hindi,5,2,2,556,birthday-status-en | birthday-wishes-en
birthday wishes ex girlfriend hindi,5,2,2,556,birthday-wishes-en | birthday-wishes-hi
birthday wishes kannada kavanagalu,4,2,2,556,birthday-wishes-en | birthday-wishes-hi
birthday wishes love boy,4,2,2,556,birthday-wishes-en | birthday-wishes-hi
birthday wishes my wife in kannada,6,2,2,556,birthday-wishes-en | birthday-wishes-hi
birthday wishes online free with name,6,2,2,556,birthday-wishes-en | birthday-wishes-hi
birthday wishes prompt for chatgpt,5,2,2,556,birthday-wishes-en | birthday-wishes-hi
birthday wishes reply to friend,5,2,2,556,birthday-caption-en | birthday-wishes-en
birthday wishes sister in kannada,5,2,2,556,birthday-wishes-en | birthday-wishes-hi
birthday wishes with emoji,4,2,2,556,birthday-wishes-en | birthday-wishes-hi
birthday wishes without the word happy,6,2,2,556,birthday-wishes-en | birthday-wishes-hi
birthday wishes words,3,2,2,556,birthday-wishes-en | birthday-wishes-hi
can i get some birthday wishes,6,2,2,556,birthday-wishes-en | birthday-wishes-hi
what are good birthday wishes,5,2,2,556,birthday-wishes-en | birthday-wishes-hi
birthday wishes emoji copy and paste,6,2,2,556,birthday-wishes-en | birthday-wishes-hi
birthday wishes new style boy,5,2,2,556,birthday-wishes-en | birthday-wishes-hi
birthday wishes card with name,5,2,2,556,birthday-wishes-en | birthday-wishes-hi
birthday wishes mom,3,2,2,556,birthday-wishes-en | birthday-wishes-hi
birthday wishes video maker app,5,2,2,556,birthday-wishes-en | birthday-wishes-hi
happy birthday wishes 2026 images,5,2,2,556,birthday-wishes-en | birthday-wishes-hi
birthday wishes quotes for wife,5,2,2,556,birthday-wishes-en | birthday-wishes-hi
birthday wishes reply in marathi,5,2,2,556,birthday-caption-en | birthday-status-en
happy birthday wishes chote bache ke liye in hindi,9,2,2,555,birthday-wishes-in-hindi-en | x4
जन्मदिन की हार्दिक शुभकामनाएं bestie,5,2,2,555,x1 | x2
birthday wishes application,3,2,2,555,birthday-wishes-en | birthday-wishes-hi
birthday wishes best friend in hindi,6,2,2,555,birthday-wishes-en | birthday-wishes-hi
birthday wishes dua,3,2,2,555,birthday-wishes-en | birthday-wishes-hi
birthday wishes ex love,4,2,2,555,birthday-wishes-en | birthday-wishes-hi
birthday wishes happiness,3,2,2,555,birthday-wishes-en | birthday-wishes-hi
birthday wishes jethani,3,2,2,555,birthday-wishes-en | birthday-wishes-hi
birthday wishes kannada brother,4,2,2,555,birthday-wishes-en | birthday-wishes-hi
birthday wishes pinterest,3,2,2,555,birthday-wishes-en | birthday-wishes-hi
birthday wishes short line,4,2,2,555,birthday-wishes-en | birthday-wishes-hi
birthday wishes wife in english,5,2,2,555,birthday-wishes-en | birthday-wishes-hi
birthday wishes with cake images,5,2,2,555,birthday-wishes-en | birthday-wishes-hi
birthday wishes yesterday,3,2,2,555,birthday-wishes-en | birthday-wishes-hi
can i see some birthday wishes,6,2,2,555,birthday-wishes-en | birthday-wishes-hi
what is belated birthday wishes,5,2,2,555,birthday-wishes-en | birthday-wishes-hi
who to birthday wishes for best friend,7,2,2,555,birthday-wishes-en | birthday-wishes-hi
birthday wishes emotional for best friend,6,2,2,555,birthday-wishes-en | birthday-wishes-hi
birthday wishes card with photo,5,2,2,555,birthday-wishes-en | birthday-wishes-hi
birthday wishes my girl,4,2,2,555,birthday-wishes-en | birthday-wishes-hi
birthday wishes videos free download,5,2,2,555,birthday-wishes-en | birthday-wishes-hi
birthday wishes jesus words,4,2,2,555,birthday-caption-en | birthday-status-en
birthday wishes urdu text,4,2,2,555,birthday-caption-en | birthday-status-en
happy birthday wishes for brother in hindi quotes,8,2,2,555,x4 | x5
2026 happy birthday,3,2,2,554,birthday-status-en | birthday-wishes-in-hindi-en
whose birthday or who's birthday,5,2,2,554,birthday-quotes-en | birthday-wishes-en
birthday wishes ke liye thanks in hindi,7,2,2,554,birthday-caption-en | birthday-quotes-en
birthday wishes app name,4,2,2,554,birthday-wishes-en | birthday-wishes-hi
birthday wishes aunty,3,2,2,554,birthday-wishes-en | birthday-wishes-hi
birthday wishes baby boy,4,2,2,554,birthday-wishes-en | birthday-wishes-hi
birthday wishes best person,4,2,2,554,birthday-wishes-en | birthday-wishes-hi
birthday wishes didi in english,5,2,2,554,birthday-wishes-en | birthday-wishes-hi
birthday wishes ex lover,4,2,2,554,birthday-wishes-en | birthday-wishes-hi
birthday wishes greeting card,4,2,2,554,birthday-wishes-en | birthday-wishes-hi
birthday wishes highlight cover,4,2,2,554,birthday-wishes-en | birthday-wishes-hi
birthday wishes junior girl,4,2,2,554,birthday-wishes-en | birthday-wishes-hi
birthday wishes office colleague,4,2,2,554,birthday-wishes-en | birthday-wishes-hi
birthday wishes special person,4,2,2,554,birthday-wishes-en | birthday-wishes-hi
birthday wishes with bible verse images,6,2,2,554,birthday-wishes-en | birthday-wishes-hi
doctor who birthday wishes,4,2,2,554,birthday-wishes-en | birthday-wishes-hi
how birthday wishes for daughter,5,2,2,554,birthday-wishes-en | birthday-wishes-hi
what are nice birthday wishes,5,2,2,554,birthday-wishes-en | birthday-wishes-hi
best birthday wishes 2026,4,2,2,554,birthday-wishes-en | birthday-wishes-hi
birthday wishes ending quotes,4,2,2,554,birthday-wishes-en | birthday-wishes-hi
birthday wishes cute girl,4,2,2,554,birthday-wishes-en | birthday-wishes-hi
birthday wishes my love in english,6,2,2,554,birthday-wishes-en | birthday-wishes-hi
birthday wishes vn code,4,2,2,554,birthday-wishes-en | birthday-wishes-hi
birthday wishes wife in hindi,5,2,2,554,birthday-wishes-en | birthday-wishes-hi
can i celebrate birthday early,5,2,2,554,birthday-caption-en | birthday-status-en
why is your birthday so important,6,2,2,553,birthday-quotes-en | happy-birthday-en
birthday message appreciation,3,2,2,553,birthday-quotes-en | birthday-status-en
birthday wishes 2020,3,2,2,553,birthday-wishes-en | birthday-wishes-hi
birthday wishes all thank you,5,2,2,553,birthday-wishes-en | birthday-wishes-hi
birthday wishes expert,3,2,2,553,birthday-wishes-en | birthday-wishes-hi
birthday wishes girl baby,4,2,2,553,birthday-wishes-en | birthday-wishes-hi
birthday wishes how to say thank you,7,2,2,553,birthday-wishes-en | birthday-wishes-hi
birthday wishes long paragraph,4,2,2,553,birthday-wishes-en | birthday-wishes-hi
birthday wishes nepali language,4,2,2,553,birthday-wishes-en | birthday-wishes-hi
birthday wishes on cake for husband,6,2,2,553,birthday-wishes-en | birthday-wishes-hi
birthday wishes online surprise,4,2,2,553,birthday-wishes-en | birthday-wishes-hi
birthday wishes pic,3,2,2,553,birthday-wishes-en | birthday-wishes-hi
birthday wishes short and sweet,5,2,2,553,birthday-wishes-en | birthday-wishes-hi
birthday wishes template link,4,2,2,553,birthday-wishes-en | birthday-wishes-hi
birthday wishes to wife in kannada,6,2,2,553,birthday-wishes-en | birthday-wishes-hi
birthday wishes unique style short,5,2,2,553,birthday-wishes-en | birthday-wishes-hi
birthday wishes with flowers images,5,2,2,553,birthday-wishes-en | birthday-wishes-hi
how birthday wishes for best friend girl,7,2,2,553,birthday-wishes-en | birthday-wishes-hi
how can i hide birthday wishes on facebook,8,2,2,553,birthday-wishes-en | birthday-wishes-hi
what reply for birthday wishes,5,2,2,553,birthday-wishes-en | birthday-wishes-hi
who to write birthday wishes,5,2,2,553,birthday-wishes-en | birthday-wishes-hi
wife birthday wishes 2026,4,2,2,553,birthday-wishes-en | birthday-wishes-hi
birthday wishes christian,3,2,2,553,birthday-wishes-en | birthday-wishes-hi
birthday wishes my brother,4,2,2,553,birthday-wishes-en | birthday-wishes-hi
birthday wishes video template,4,2,2,553,birthday-wishes-en | birthday-wishes-hi
which is the best birthday wishes,6,2,2,553,birthday-wishes-en | birthday-wishes-hi
birthday wishes free app,4,2,2,553,birthday-caption-en | birthday-status-en
is it your birthday meaning,5,2,2,552,birthday-caption-en | birthday-quotes-en
birthday wishes xori nepali in english,6,2,2,552,birthday-caption-en | birthday-quotes-en
birthday wishes akka english,4,2,2,552,birthday-wishes-en | birthday-wishes-hi
birthday wishes appi in english,5,2,2,552,birthday-wishes-en | birthday-wishes-hi
birthday wishes best line in english,6,2,2,552,birthday-wishes-en | birthday-wishes-hi
birthday wishes dear friend,4,2,2,552,birthday-wishes-en | birthday-wishes-hi
birthday wishes english quotes,4,2,2,552,birthday-wishes-en | birthday-wishes-hi
birthday wishes ex bf,4,2,2,552,birthday-wishes-en | birthday-wishes-hi
birthday wishes free online,4,2,2,552,birthday-wishes-en | birthday-wishes-hi
birthday wishes good health and success,6,2,2,552,birthday-wishes-en | birthday-wishes-hi
birthday wishes niece in english,5,2,2,552,birthday-wishes-en | birthday-wishes-hi
birthday wishes photo frames editing online,6,2,2,552,birthday-wishes-en | birthday-wishes-hi
birthday wishes songs in kannada,5,2,2,552,birthday-wishes-en | birthday-wishes-hi
birthday wishes thanks reply,4,2,2,552,birthday-wishes-en | birthday-wishes-hi
birthday wishes unknown person,4,2,2,552,birthday-wishes-en | birthday-wishes-hi
birthday wishes with quotes,4,2,2,552,birthday-wishes-en | birthday-wishes-hi
happy birthday 2027,3,2,2,552,birthday-wishes-en | birthday-wishes-hi
how birthday wishes in english,5,2,2,552,birthday-wishes-en | birthday-wishes-hi
how can i write birthday wishes for myself,8,2,2,552,birthday-wishes-en | birthday-wishes-hi
is it her birthday today,5,2,2,552,birthday-wishes-en | birthday-wishes-hi
what's the best birthday wishes,5,2,2,552,birthday-wishes-en | birthday-wishes-hi
who to reply birthday wishes,5,2,2,552,birthday-wishes-en | birthday-wishes-hi
birthday wishes cousin sister,4,2,2,552,birthday-wishes-en | birthday-wishes-hi
birthday wishes return thanks in english,6,2,2,552,birthday-status-en | birthday-wishes-en
birthday wishes video with name,5,2,2,552,birthday-wishes-en | birthday-wishes-hi
husband birthday wishes 2026,4,2,2,552,birthday-wishes-en | birthday-wishes-hi
birthday wishes husband marathi,4,2,2,552,birthday-caption-en | birthday-status-en
birthday quotes free,3,2,2,552,birthday-caption-en | birthday-status-en
birthday wishes reply to boss and colleagues,7,2,2,552,birthday-status-en | birthday-wishes-hi
when birthday status,3,2,2,551,birthday-caption-en | birthday-quotes-en
whose birthday status,3,2,2,551,birthday-quotes-en | birthday-status-en
birthday wishes without birthday,4,2,2,551,birthday-quotes-en | birthday-status-en
birthday wishes 27 years,4,2,2,551,birthday-wishes-en | birthday-wishes-hi
birthday wishes and images,4,2,2,551,birthday-status-en | birthday-wishes-en
birthday wishes english and kannada meaning,6,2,2,551,birthday-wishes-en | birthday-wishes-hi
birthday wishes ex boss,4,2,2,551,birthday-wishes-en | birthday-wishes-hi
birthday wishes free clip art,5,2,2,551,birthday-wishes-en | birthday-wishes-hi
birthday wishes of mother,4,2,2,551,birthday-wishes-en | birthday-wishes-hi
birthday wishes paragraph for best friend girl,7,2,2,551,birthday-wishes-en | birthday-wishes-hi
birthday wishes template free download with name,7,2,2,551,birthday-wishes-en | birthday-wishes-hi
birthday wishes to son from father,6,2,2,551,birthday-wishes-en | birthday-wishes-hi
birthday wishes unique style one line,6,2,2,551,birthday-wishes-en | birthday-wishes-hi
birthday wishes younger son,4,2,2,551,birthday-wishes-en | birthday-wishes-hi
how can i send birthday wishes on whatsapp,8,2,2,551,birthday-wishes-en | birthday-wishes-hi
is it correct to say birthday wishes,7,2,2,551,birthday-wishes-en | birthday-wishes-hi
what are good birthday wishes for a friend,8,2,2,551,birthday-wishes-en | birthday-wishes-hi
when is my birthday wishes,5,2,2,551,birthday-wishes-en | birthday-wishes-hi
birthday wishes bhabhi,3,2,2,551,birthday-wishes-en | birthday-wishes-hi
why birthday wishes in english,5,2,2,551,birthday-wishes-en | birthday-wishes-hi
birthday wishes free download with name,6,2,2,551,birthday-caption-en | birthday-status-en
birthday wishes hindi shayari,4,2,2,551,birthday-caption-en | birthday-wishes-hi
birthday message app,3,2,2,550,birthday-quotes-en | birthday-status-en
birthday wishes 2021,3,2,2,550,birthday-wishes-en | birthday-wishes-hi
birthday wishes best reply in english,6,2,2,550,birthday-wishes-en | birthday-wishes-hi
birthday wishes elder sister in english,6,2,2,550,birthday-wishes-en | birthday-wishes-hi
birthday wishes extraordinary,3,2,2,550,birthday-wishes-en | birthday-wishes-hi
birthday wishes freebies,3,2,2,550,birthday-wishes-en | birthday-wishes-hi
birthday wishes of husband,4,2,2,550,birthday-wishes-en | birthday-wishes-hi
birthday wishes princess,3,2,2,550,birthday-wishes-en | birthday-wishes-hi
birthday wishes upcoming wife,4,2,2,550,birthday-wishes-en | birthday-wishes-hi
birthday wishes when late,4,2,2,550,birthday-wishes-en | birthday-wishes-hi
birthday wishes without cake,4,2,2,550,birthday-wishes-en | birthday-wishes-hi
how can i reply birthday wishes,6,2,2,550,birthday-wishes-en | birthday-wishes-hi
is it ok to say birthday wishes,7,2,2,550,birthday-wishes-en | birthday-wishes-hi
what are the birthday wishes for my self,8,2,2,550,birthday-wishes-en | birthday-wishes-hi
which birthday friend,3,2,2,550,birthday-wishes-en | birthday-wishes-hi
birthday wishes for brother in hindi english,7,1,25,1250,x5
birthday wishes for brother in hindi quotes,7,1,25,601,x5
birthday wishes for brother in hindi shayari,7,1,25,601,x5
birthday wish maker ai,4,1,22,1250,birthday-wish-maker-en
birthday wishes for brother in hindi meaning,7,1,17,601,x5
birthday wish maker online,4,1,16,1250,birthday-wish-maker-en
birthday wish maker photo,4,1,16,600,birthday-wish-maker-en
birthday wishes for brother in hindi short,7,1,16,600,x5
birthday wishes for brother in hindi funny,7,1,15,1200,x5
birthday wish maker app,4,1,15,601,birthday-wish-maker-en
birthday wishes for brother in hindi images,7,1,15,601,x5
birthday wishes for brother in hindi language,7,1,14,1050,x5
birthday wishes for brother in hindi text,7,1,13,601,x5
happy birthday wishes in hindi for friend,7,1,12,1256,x4
happy birthday wishes in hindi for son,7,1,12,1255,x4
happy birthday wishes in hindi for brother,7,1,12,1254,x4
happy birthday wishes in hindi for daughter,7,1,12,1250,x4
birthday wishes in hindi for sister,6,1,12,1000,birthday-wishes-in-hindi-en
birthday wishes in hindi for son,6,1,12,904,birthday-wishes-in-hindi-en
birthday wishes in hindi for brother,6,1,12,903,birthday-wishes-in-hindi-en
birthday wishes in hindi for husband,6,1,12,602,birthday-wishes-in-hindi-en
birthday wish maker free,4,1,12,601,birthday-wish-maker-en
birthday wishes for brother in hindi english text,8,1,12,601,x5
birthday wishes for brother in hindi with emoji,8,1,12,601,x5
happy birthday wishes in hindi bhai,6,1,11,1252,x4
happy birthday wishes in hindi sister,6,1,11,1251,x4
happy birthday wishes in hindi shayari,6,1,11,1250,x4
thank you for birthday wishes in english,7,1,11,1250,x3
birthday wishes in hindi for wife,6,1,11,902,birthday-wishes-in-hindi-en
thank you for birthday wishes in hindi,7,1,11,600,x3
birthday wishes in hindi for daughter,6,1,11,560,birthday-wishes-in-hindi-en
happy birthday wishes in hindi for wife,7,1,10,1251,x4
happy birthday wishes in hindi text,6,1,10,1250,x4
thank you for birthday wishes simple,6,1,10,1250,x3
janamdin ki hardik shubhkamnaye in hindi,6,1,10,601,x1
birthday wishes for brother in hindi from sister,8,1,10,601,x5
janamdin ki hardik shubhkamnaye in english,6,1,10,600,x1
happy birthday wishes in hindi english text,7,1,10,600,x4
birthday wishes for brother in hindi 2 line,8,1,10,600,x5
janamdin ki hardik shubhkamnaye in hindi shayari,7,1,10,562,x1
janamdin ki hardik shubhkamnaye in sanskrit,6,1,10,561,x1
janamdin ki hardik shubhkamnaye in marathi,6,1,10,559,x1
happy birthday wishes in hindi for husband,7,1,9,1252,x4
birthday wish maker website,4,1,9,1251,birthday-wish-maker-en
birthday wishes in hindi shayari,5,1,9,1250,birthday-wishes-in-hindi-en
janamdin ki hardik shubhkamnaye sir in hindi,7,1,9,1250,x1
birthday wishes in hindi for love,6,1,9,901,birthday-wishes-in-hindi-en
janamdin ki hardik shubhkamnaye bhai in hindi,7,1,9,651,x1
janamdin ki hardik shubhkamnaye beta in hindi,7,1,9,650,x1
thank you for birthday wishes images,6,1,9,602,x3
birthday wishes in hindi english text,6,1,9,601,birthday-wishes-in-hindi-en
birthday wishes for brother in hindi,6,1,9,601,x5
janamdin ki hardik shubhkamnaye mitra in hindi,7,1,9,600,x1
thank you for birthday wishes in marathi,7,1,9,600,x3
janamdin ki hardik shubhkamnaye mere bhai in hindi,8,1,9,562,x1
janamdin ki hardik shubhkamnaye bhaiya in hindi,7,1,9,559,x1
thank you for birthday wishes in kannada,7,1,8,1251,x3
thank you for birthday wishes on facebook,7,1,8,700,x3
birthday wishes in hindi for elders,6,1,8,603,birthday-wishes-in-hindi-en
birthday wish maker video,4,1,8,601,birthday-wish-maker-en
जन्मदिन की शुभकामनाएं का आभार संदेश,6,1,8,601,x2
janamdin ki hardik shubhkamnaye,4,1,8,600,x1
birthday wishes for brother in hindi attitude,7,1,8,600,x5
thank you for birthday wishes sticker,6,1,8,557,x3
birthday wish or wishes,4,1,8,556,birthday-wish-maker-en
happy birthday wishes in hindi 2 line,7,1,8,552,x4
birthday wish maker online free,5,1,7,1251,birthday-wish-maker-en
birthday wish origin,3,1,7,600,birthday-wish-maker-en
thank you for birthday wishes family and friends,8,1,7,600,x3
thank you for birthday wishes to best friend,8,1,7,562,x3
janamdin ki hardik shubhkamnaye mere bhai,6,1,7,559,x1
thank you for birthday wishes in gujarati,7,1,7,559,x3
janamdin ki hardik shubhkamnaye bhaiya,5,1,7,556,x1
janamdin ki hardik shubhkamnaye bhai,5,1,7,555,x1
thank you for birthday wishes in hindi english,8,1,7,554,x3
birthday wishes in hindi quotes,5,1,6,1250,birthday-wishes-in-hindi-en
birthday wish maker with photo,5,1,6,1250,birthday-wish-maker-en
birthday wishes for brother in hindi but written in english,10,1,6,1250,x5
what to caption a picture on your birthday,8,1,6,600,birthday-caption-en
birthday wish card maker with photo,6,1,6,560,birthday-wish-maker-en
birthday wish card maker with name,6,1,6,559,birthday-wish-maker-en
birthday wishes in hindi for best friend,7,1,6,555,birthday-wishes-in-hindi-en
how do i write my birthday status,7,1,6,555,birthday-status-en
thank you for birthday wishes in marathi text,8,1,6,553,x3
thank you for birthday wishes quotes,6,1,5,1000,x3
birthday status for son,4,1,5,900,birthday-status-en
birthday status for daughter,4,1,5,801,birthday-status-en
birthday status for husband,4,1,5,800,birthday-status-en
birthday status for wife,4,1,5,700,birthday-status-en
birthday status for sister,4,1,5,601,birthday-status-en
thank you for birthday wishes,5,1,5,601,x3
janamdin ki hardik shubhkamnaye ji in hindi,7,1,5,600,x1
birthday status for brother,4,1,5,600,birthday-status-en
birthday wishes video maker in tamil,6,1,5,600,birthday-wish-maker-en
janamdin ki hardik shubhkamnaye in english text,7,1,5,561,x1
birthday wish website maker online free,6,1,5,560,birthday-wish-maker-en
birthday wishes video maker in telugu,6,1,5,560,birthday-wish-maker-en
birthday caption for son,4,1,5,559,birthday-caption-en
birthday status for friend,4,1,5,558,birthday-status-en
birthday wish time,3,1,5,558,birthday-wish-maker-en
birthday wishes coding,3,1,5,557,birthday-wish-maker-en
birthday wishes video maker with photos online,7,1,5,557,birthday-wish-maker-en
birthday wishes video maker with music,6,1,5,556,birthday-wish-maker-en
birthday wishes video maker with photos online free,8,1,5,555,birthday-wish-maker-en
birthday caption for mother,4,1,5,554,birthday-caption-en
birthday shayari for son in english,6,1,4,1253,birthday-shayari-en
birthday wishes in hindi wife ke liye,7,1,4,1252,birthday-wishes-in-hindi-en
birthday shayari for friend,4,1,4,1252,birthday-shayari-en
birthday शायरी in hindi,4,1,4,1252,birthday-shayari-en
birthday quotes in kannada,4,1,4,1251,birthday-quotes-en
birthday status in kannada,4,1,4,1251,birthday-status-en
birthday shayari for love in hindi,6,1,4,1251,birthday-shayari-en
birthday shayari in english,4,1,4,1251,birthday-shayari-en
happy birthday in kannada,4,1,4,1250,happy-birthday-en
birthday wishes in hindi beti ke liye,7,1,4,1250,birthday-wishes-in-hindi-en
birthday shayari for brother in hindi,6,1,4,1250,birthday-shayari-en
birthday shayari in hindi,4,1,4,1250,birthday-shayari-en
thank you for birthday wishes for best friend,8,1,4,1250,x3
जन्मदिन की शुभकामनाएं friend,4,1,4,1250,x2
जन्मदिन की शुभकामनाएं in english,5,1,4,1250,x2
birthday quotes for best friend,5,1,4,850,birthday-quotes-en
birthday caption for sister,4,1,4,800,birthday-caption-en
birthday quotes for sister,4,1,4,750,birthday-quotes-en
birthday quotes for husband,4,1,4,700,birthday-quotes-en
birthday caption for husband,4,1,4,650,birthday-caption-en
birthday quotes for daughter,4,1,4,603,birthday-quotes-en
birthday quotes for wife,4,1,4,602,birthday-quotes-en
birthday caption for brother,4,1,4,602,birthday-caption-en
birthday shayari in english hindi,5,1,4,602,birthday-shayari-en
janamdin ki hardik shubhkamnaye written in hindi,7,1,4,601,x1
birthday quotes for son,4,1,4,601,birthday-quotes-en
birthday caption for friend,4,1,4,601,birthday-caption-en
birthday shayari for son in hindi,6,1,4,601,birthday-shayari-en
birthday shayari in english for friend,6,1,4,601,birthday-shayari-en
thank you for birthday wishes in kannada text,8,1,4,601,x3
birthday wishes for brother in hindi and english,8,1,4,601,x5
birthday quotes for brother,4,1,4,600,birthday-quotes-en
happy birthday wish maker online,5,1,4,600,birthday-wish-maker-en
birthday caption for best friend girl,6,1,4,600,birthday-caption-en
best birthday wishes for brother in hindi in english,9,1,4,600,x5
birthday wish card maker online free,6,1,4,562,birthday-wish-maker-en
birthday wish for master,4,1,4,561,birthday-wish-maker-en
online birthday wish maker with photo,6,1,4,560,birthday-wish-maker-en
birthday caption for daughter,4,1,4,559,birthday-caption-en
birthday caption for myself,4,1,4,558,birthday-caption-en
birthday quotes for friend,4,1,4,557,birthday-quotes-en
birthday status for wife in english,6,1,4,557,birthday-status-en
जन्मदिन की शुभकामनाएं का संदेश,5,1,4,557,x2
birthday status for husband in english,6,1,4,556,birthday-status-en
जन्मदिन की शुभकामनाएं का,4,1,4,556,x2
birthday quotes for mother,4,1,4,555,birthday-quotes-en
जन्मदिन की शुभकामनाएं का मैसेज,5,1,4,555,x2
birthday wishes video maker with song,6,1,4,554,birthday-wish-maker-en
जन्मदिन की हार्दिक शुभकामनाएं इन हिंदी,6,1,4,550,x1
thank you for birthday wishes for my daughter,8,1,3,1254,x3
thank you for birthday wishes for my son,8,1,3,1253,x3
thank you for birthday wishes for family,7,1,3,1252,x3
thank you for birthday wishes with emoji,7,1,3,1252,x3
happy birthday wishes in hindi beta,6,1,3,1251,x4
happy birthday wishes in hindi wife,6,1,3,1251,x4
thank you for birthday wishes for friends,7,1,3,1251,x3
happy birthday images,3,1,3,1250,happy-birthday-en
happy birthday song,3,1,3,1250,happy-birthday-en
birthday quotes without saying happy birthday,6,1,3,1250,birthday-quotes-en
birthday status song,3,1,3,1250,birthday-status-en
birthday status video,3,1,3,1250,birthday-status-en
birthday shayari bhai,3,1,3,1250,birthday-shayari-en
birthday shayari love,3,1,3,1250,birthday-shayari-en
birthday shayari sister,3,1,3,1250,birthday-shayari-en
thank you for birthday wishes मराठी,6,1,3,1250,x3
birthday wishes मराठी,3,1,3,1250,birthday-wishes-hi
birthday wishes for brother in hindi written in english,9,1,3,1150,x5
happy birthday wishes in hindi बेटी,6,1,3,1051,x4
happy birthday sister,3,1,3,950,happy-birthday-en
birthday wishes in hindi with name,6,1,3,650,birthday-wishes-in-hindi-en
birthday status maker online free,5,1,3,650,birthday-status-en
happy birthday wishes in hindi शायरी,6,1,3,603,x4
happy birthday to you,4,1,3,602,happy-birthday-en
happy birthday wishes for sister,5,1,3,601,happy-birthday-en
janamdin ki hardik shubhkamnaye wishes in hindi,7,1,3,601,x1
birthday wish banner maker online,5,1,3,601,birthday-wish-maker-en
birthday wish maker link,4,1,3,601,birthday-wish-maker-en
birthday shayari urdu in hindi,5,1,3,601,birthday-shayari-en
thank you for birthday wishes everyone,6,1,3,601,x3
thank you for birthday wishes gif,6,1,3,601,x3
thank you for birthday wishes quotes in english,8,1,3,601,x3
thank you for birthday wishes to husband,7,1,3,601,x3
जन्मदिन की शुभकामनाएं one line,5,1,3,601,x2
जन्मदिन की शुभकामनाएं जी,4,1,3,601,x2
birthday wish video maker app,5,1,3,600,birthday-wish-maker-en
birthday wish video maker online free,6,1,3,600,birthday-wish-maker-en
thank you for birthday wishes status,6,1,3,600,x3
thank you for birthday wishes with thought,7,1,3,600,x3
जन्मदिन की शुभकामनाएं आपको,4,1,3,600,x2
जन्मदिन की शुभकामनाएं का आभार,5,1,3,600,x2
birthday wishes for brother in english with hindi meaning,9,1,3,600,x5
birthday wishes for brother in hindi copy paste,8,1,3,600,x5
janamdin ki hardik shubhkamnaye aap hamesha khush raho,8,1,3,562,x1
janamdin ki hardik shubhkamnaye wife in hindi,7,1,3,562,x1
thank you for birthday wishes with photo free,8,1,3,562,x3
happy birthday wishes for brother in hindi english,8,1,3,562,x5
heart touching birthday wishes for brother in hindi copy and paste,11,1,3,562,x5
happy birthday wishes for brother,5,1,3,561,happy-birthday-en
janamdin ki hardik shubhkamnaye aap hamesha khush rahe in english,10,1,3,561,x1
birthday wish card maker online,5,1,3,561,birthday-wish-maker-en
birthday wish video maker free,5,1,3,561,birthday-wish-maker-en
birthday wishes for younger brother in hindi in english,9,1,3,561,x5
happy birthday brother wishes hindi shayari,6,1,3,561,x5
happy birthday wishes for husband,5,1,3,560,happy-birthday-en
birthday wish video maker online,5,1,3,560,birthday-wish-maker-en
birthday caption for best friend,5,1,3,560,birthday-caption-en
thank you for birthday wishes instagram,6,1,3,560,x3
जन्मदिन की शुभकामनाएं का धन्यवाद,5,1,3,560,x2
जन्मदिन की शुभकामनाएं बेटी के लिए,6,1,3,560,x2
happy birthday wishes in kannada,5,1,3,559,happy-birthday-en
birthday wish website maker free,5,1,3,559,birthday-wish-maker-en
जन्मदिन की शुभकामनाएं का जवाब,5,1,3,559,x2
funny birthday wishes for brother in hindi text,8,1,3,559,x5
happy birthday wishes for wife,5,1,3,558,happy-birthday-en
janamdin ki hardik shubhkamnaye in gujarati,6,1,3,558,x1
birthday wish card maker free,5,1,3,558,birthday-wish-maker-en
birthday wish video maker ai free,6,1,3,558,birthday-wish-maker-en
जन्मदिन की शुभकामनाएं का रिप्लाई क्या दें,7,1,3,558,x2
happy birthday wishes for best friend,6,1,3,557,happy-birthday-en
birthday wishes and answers,4,1,3,557,birthday-wishes-in-hindi-en
janamdin ki hardik shubhkamnaye in hindi for wife,8,1,3,557,x1
janamdin ki hardik shubhkamnaye ji,5,1,3,557,x1
birthday status for best friend,5,1,3,557,birthday-status-en
birthday wishes video maker free download,6,1,3,557,birthday-wish-maker-en
birthday shayari for best friend,5,1,3,557,birthday-shayari-en
birthday status for mom,4,1,3,556,birthday-status-en
birthday wishes poster maker online free,6,1,3,556,birthday-wish-maker-en
birthday wishes for brother in islamic way in hindi,9,1,3,556,x5
funny birthday wishes for brother in hindi english text,9,1,3,556,x5
happy birthday wishes for daughter,5,1,3,555,happy-birthday-en
birthday status for father,4,1,3,555,birthday-status-en
birthday wishes collage maker online,5,1,3,555,birthday-wish-maker-en
birthday wishes photo maker online free,6,1,3,555,birthday-wish-maker-en
birthday caption for father,4,1,3,555,birthday-caption-en
birthday shayari for wife,4,1,3,555,birthday-shayari-en
what should i write on my birthday status,8,1,3,554,birthday-status-en
birthday wish maker meaning in hindi,6,1,3,554,birthday-wish-maker-en
जन्मदिन की शुभकामनाएं का स्टेटस,5,1,3,554,x2
birthday wishes in hindi for boss,6,1,3,553,birthday-wishes-in-hindi-en
birthday greeting card maker free,5,1,3,553,birthday-wish-maker-en
जन्मदिन की शुभकामनाएं का रिप्लाई,5,1,3,553,x2
birthday wishes video maker online free without watermark,8,1,3,552,birthday-wish-maker-en
birthday captions for wife,4,1,3,552,birthday-caption-en
जन्मदिन की शुभकामनाएं आदरणीय,4,1,3,551,x2
happy birthday appa,3,1,2,1253,happy-birthday-en
happy birthday wishes in hindi for sister,7,1,2,1253,x4
thank you for birthday wishes one line,7,1,2,1253,x3
happy birthday appa wishes,4,1,2,1252,happy-birthday-en
birthday wishes in hindi in english,6,1,2,1252,birthday-wishes-in-hindi-en
happy birthday appa in kannada,5,1,2,1251,happy-birthday-en
happy birthday bestie,3,1,2,1251,happy-birthday-en
happy birthday online photo editing,5,1,2,1251,happy-birthday-en
birthday wishes in hindi and english,6,1,2,1251,birthday-wishes-in-hindi-en
birthday wishes in hindi in english words,7,1,2,1251,birthday-wishes-in-hindi-en
birthday wishes in hindi official,5,1,2,1251,birthday-wishes-in-hindi-en
birthday status with photo,4,1,2,1251,birthday-status-en
happy birthday wishes in hindi in english,7,1,2,1251,x4
happy birthday best friend,4,1,2,1250,happy-birthday-en
birthday wishes in hindi husband ke liye,7,1,2,1250,birthday-wishes-in-hindi-en
birthday wishes in hindi in text,6,1,2,1250,birthday-wishes-in-hindi-en
birthday wishes in hindi with god blessings,7,1,2,1250,birthday-wishes-in-hindi-en
birthday wishes in hindi with images,6,1,2,1250,birthday-wishes-in-hindi-en
birthday quotes best wishes,4,1,2,1250,birthday-quotes-en
birthday quotes in english,4,1,2,1250,birthday-quotes-en
birthday quotes with family,4,1,2,1250,birthday-quotes-en
birthday status best friend,4,1,2,1250,birthday-status-en
birthday status in hindi,4,1,2,1250,birthday-status-en
birthday status with photo and song,6,1,2,1250,birthday-status-en
birthday caption best friend,4,1,2,1250,birthday-caption-en
birthday caption instagram,3,1,2,1250,birthday-caption-en
birthday caption with friends,4,1,2,1250,birthday-caption-en
happy birthday wishes in hindi beti ke liye,8,1,2,1250,x4
happy birthday wishes in hindi in english text,8,1,2,1250,x4
happy birthday wishes in hindi wife ke liye,8,1,2,1250,x4
thank you for birthday wishes best friend,7,1,2,1250,x3
जन्मदिन की शुभकामनाएं my love,5,1,2,1250,x2
जन्मदिन की शुभकामनाएं shayari,4,1,2,1250,x2
जन्मदिन की शुभकामनाएं wife,4,1,2,1250,x2
जन्मदिन की शुभकामनाएं हिंदी में,5,1,2,1250,x2
birthday quotes bestie,3,1,2,1200,birthday-quotes-en
जन्मदिन की शुभकामनाएं beti ke liye,6,1,2,1200,x2
birthday wishes in hindi with shayari,6,1,2,1100,birthday-wishes-in-hindi-en
birthday quotes in kannada for wife,6,1,2,1050,birthday-quotes-en
birthday quotes with blessings,4,1,2,1001,birthday-quotes-en
happy birthday for best friend,5,1,2,1000,happy-birthday-en
birthday quotes best friend girl,5,1,2,1000,birthday-quotes-en
birthday status in english,4,1,2,1000,birthday-status-en
birthday caption bestie,3,1,2,1000,birthday-caption-en
birthday wishes in hindi with blessings,6,1,2,951,birthday-wishes-in-hindi-en
birthday wishes in hindi with cake,6,1,2,950,birthday-wishes-in-hindi-en
birthday quotes in kannada for friend,6,1,2,950,birthday-quotes-en
जन्मदिन की शुभकामनाएं नाम सहित,5,1,2,950,x2
happy birthday best friend wishes,5,1,2,900,happy-birthday-en
happy birthday brother,3,1,2,900,happy-birthday-en
birthday wishes in hindi in short,6,1,2,900,birthday-wishes-in-hindi-en
birthday quotes with images,4,1,2,850,birthday-quotes-en
birthday caption with love,4,1,2,850,birthday-caption-en
birthday caption with sister,4,1,2,801,birthday-caption-en
happy birthday bestie wishes,4,1,2,800,happy-birthday-en
birthday caption in kannada,4,1,2,800,birthday-caption-en
birthday caption with family,4,1,2,800,birthday-caption-en
birthday shayari in english for girl,6,1,2,800,birthday-shayari-en
thank you for birthday wishes card,6,1,2,800,x3
happy birthday in tamil,4,1,2,750,happy-birthday-en
birthday quotes in hindi,4,1,2,750,birthday-quotes-en
birthday caption with emoji,4,1,2,750,birthday-caption-en
birthday wishes in hindi for father,6,1,2,700,birthday-wishes-in-hindi-en
birthday wishes in hindi guru ji,6,1,2,700,birthday-wishes-in-hindi-en
birthday quotes with friends,4,1,2,700,birthday-quotes-en
birthday caption best friend girl,5,1,2,700,birthday-caption-en
thank you for birthday wishes capcut template,7,1,2,700,x3
जन्मदिन की शुभकामनाएं bhai ke liye,6,1,2,700,x2
जन्मदिन की शुभकामनाएं hindi english,5,1,2,700,x2
जन्मदिन की शुभकामनाएं shayari in hindi,6,1,2,700,x2
birthday wishes in hindi with song,6,1,2,651,birthday-wishes-in-hindi-en
birthday status on whatsapp,4,1,2,651,birthday-status-en
birthday caption in english,4,1,2,650,birthday-caption-en
happy birthday card,3,1,2,603,happy-birthday-en
happy birthday for husband,4,1,2,602,happy-birthday-en
जन्मदिन की शुभकामनाएं boss ke liye,6,1,2,602,x2
happy birthday for sister,4,1,2,601,happy-birthday-en
happy birthday in hindi,4,1,2,601,happy-birthday-en
birthday wishes in hindi chacha ji,6,1,2,601,birthday-wishes-in-hindi-en
birthday wishes in hindi dost ke liye,7,1,2,601,birthday-wishes-in-hindi-en
birthday wishes in hindi in shayari,6,1,2,601,birthday-wishes-in-hindi-en
birthday wishes in hindi papa ke liye,7,1,2,601,birthday-wishes-in-hindi-en
birthday wishes in hindi with english,6,1,2,601,birthday-wishes-in-hindi-en
janamdin ki hardik shubhkamnaye aapko in hindi,7,1,2,601,x1
janamdin ki hardik shubhkamnaye chote bhai ko in hindi,9,1,2,601,x1
janamdin ki hardik shubhkamnaye for friend,6,1,2,601,x1
janamdin ki hardik shubhkamnaye god bless you,7,1,2,601,x1
janamdin ki hardik shubhkamnaye ka reply in hindi,8,1,2,601,x1
janamdin ki hardik shubhkamnaye papa ji in hindi,8,1,2,601,x1
janamdin ki hardik shubhkamnaye template,5,1,2,601,x1
birthday quotes in english for friend,6,1,2,601,birthday-quotes-en
birthday quotes with photo,4,1,2,601,birthday-quotes-en
birthday status app download,4,1,2,601,birthday-status-en
birthday status in instagram,4,1,2,601,birthday-status-en
birthday status with photo online free,6,1,2,601,birthday-status-en
best birthday wish maker,4,1,2,601,birthday-wish-maker-en
birthday greetings maker app,4,1,2,601,birthday-wish-maker-en
birthday wish template maker,4,1,2,601,birthday-wish-maker-en
happy birthday wish maker,4,1,2,601,birthday-wish-maker-en
birthday caption in hindi,4,1,2,601,birthday-caption-en
birthday caption with brother,4,1,2,601,birthday-caption-en
birthday captions for yourself,4,1,2,601,birthday-caption-en
birthday shayari 2023,3,1,2,601,birthday-shayari-en
birthday shayari apne liye,4,1,2,601,birthday-shayari-en
birthday shayari best friend,4,1,2,601,birthday-shayari-en
birthday shayari for love,4,1,2,601,birthday-shayari-en
birthday shayari in english best friend,6,1,2,601,birthday-shayari-en
birthday shayari text,3,1,2,601,birthday-shayari-en
birthday shayari with love,4,1,2,601,birthday-shayari-en
happy birthday wishes in hindi english bhai,7,1,2,601,x4
happy birthday wishes in hindi for father in law,9,1,2,601,x4
happy birthday wishes in hindi instagram,6,1,2,601,x4
happy birthday wishes in hindi jiju,6,1,2,601,x4
happy birthday wishes in hindi one line,7,1,2,601,x4
happy birthday wishes in hindi sali ji,7,1,2,601,x4
happy birthday wishes with name and photo edit in hindi online free,12,1,2,601,x4
can i say thank you for birthday wishes,8,1,2,601,x3
thank you for birthday wishes 2 line,7,1,2,601,x3
thank you for birthday wishes all,6,1,2,601,x3
thank you for birthday wishes meaning in kannada,8,1,2,601,x3
thank you for birthday wishes short,6,1,2,601,x3
thank you for birthday wishes with photo,7,1,2,601,x3
who to say thank you for birthday wishes,8,1,2,601,x3
janmdin ki shubhkamnaen with shayari,5,1,2,601,x2
जन्मदिन की शुभकामनाएं best friend,5,1,2,601,x2
जन्मदिन की शुभकामनाएं for love,5,1,2,601,x2
जन्मदिन की शुभकामनाएं in hindi,5,1,2,601,x2
जन्मदिन की शुभकामनाएं kaise de,5,1,2,601,x2
जन्मदिन की शुभकामनाएं आप,4,1,2,601,x2
जन्मदिन की शुभकामनाएं दो शब्द,5,1,2,601,x2
जन्मदिन की शुभकामनाएं वीडियो,4,1,2,601,x2
best birthday wishes for brother in hindi,7,1,2,601,x5
birthday wishes for brother for hindi,6,1,2,601,x5
birthday wishes for brother in hindi comedy,7,1,2,601,x5
birthday wishes for brother in hindi in english,8,1,2,601,x5
birthday wishes for brother in law hindi,7,1,2,601,x5
happy birthday wishes for brother god bless you in hindi,10,1,2,601,x5
happy birthday wishes for brother in hindi,7,1,2,601,x5
happy birthday for best friend girl,6,1,2,600,happy-birthday-en
happy birthday in malayalam,4,1,2,600,happy-birthday-en
which happy birthday message,4,1,2,600,happy-birthday-en
birthday wishes in hindi for big brother,7,1,2,600,birthday-wishes-in-hindi-en
birthday wishes in hindi in love,6,1,2,600,birthday-wishes-in-hindi-en
birthday wishes in hindi jokes,5,1,2,600,birthday-wishes-in-hindi-en
birthday wishes in hindi with love,6,1,2,600,birthday-wishes-in-hindi-en
janamdin ki hardik shubhkamnaye 2024,5,1,2,600,x1
janamdin ki hardik shubhkamnaye aap hamesha khush raho in english,10,1,2,600,x1
janamdin ki hardik shubhkamnaye bhai ji in hindi,8,1,2,600,x1
janamdin ki hardik shubhkamnaye chacha ji in hindi,8,1,2,600,x1
janamdin ki hardik shubhkamnaye funny in hindi,7,1,2,600,x1
janamdin ki hardik shubhkamnaye quotes in hindi,7,1,2,600,x1
janamdin ki hardik shubhkamnaye text png,6,1,2,600,x1
birthday quotes with cake,4,1,2,600,birthday-quotes-en
birthday status in whatsapp,4,1,2,600,birthday-status-en
best birthday wish video maker,5,1,2,600,birthday-wish-maker-en
birthday greeting maker online,4,1,2,600,birthday-wish-maker-en
wish maker meaning,3,1,2,600,birthday-wish-maker-en
birthday caption instagram post,4,1,2,600,birthday-caption-en
birthday caption with husband,4,1,2,600,birthday-caption-en
how to caption birthday post,5,1,2,600,birthday-caption-en
what should i caption my birthday post,7,1,2,600,birthday-caption-en
birthday shayari 2024,3,1,2,600,birthday-shayari-en
birthday shayari for doctor in hindi,6,1,2,600,birthday-shayari-en
birthday shayari in urdu english,5,1,2,600,birthday-shayari-en
birthday shayari teacher,3,1,2,600,birthday-shayari-en
birthday shayari with wife,4,1,2,600,birthday-shayari-en
happy birthday wishes in hindi advance,6,1,2,600,x4
happy birthday wishes in hindi beta ke liye,8,1,2,600,x4
happy birthday wishes in hindi for sir,7,1,2,600,x4
happy birthday wishes in hindi in sister,7,1,2,600,x4
happy birthday wishes in hindi love girl,7,1,2,600,x4
happy birthday wishes in hindi sister ke liye,8,1,2,600,x4
happy birthday wishes in hindi with name,7,1,2,600,x4
thank you for birthday wishes bible verses,7,1,2,600,x3
thank you for birthday wishes card images,7,1,2,600,x3
thank you for birthday wishes emoji,6,1,2,600,x3
thank you for birthday wishes for group,7,1,2,600,x3
thank you for birthday wishes hindi,6,1,2,600,x3
thank you for birthday wishes ka reply kya de,9,1,2,600,x3
thank you for birthday wishes quotes in kannada,8,1,2,600,x3
thank you for birthday wishes thoughts,6,1,2,600,x3
thank you for birthday wishes video download,7,1,2,600,x3
जन्मदिन की शुभकामनाएं husband ke liye,6,1,2,600,x2
जन्मदिन की शुभकामनाएं in sanskrit,5,1,2,600,x2
जन्मदिन की शुभकामनाएं text png,5,1,2,600,x2
जन्मदिन की शुभकामनाएं स्टेटस,4,1,2,600,x2
जन्मदिन की हार्दिक शुभकामनाएं व बधाई,6,1,2,600,x2
birthday wishes for big brother in hindi english,8,1,2,600,x5
birthday wishes for younger brother in hindi shayari,8,1,2,600,x5
happy birthday wishes for brother in hindi text,8,1,2,600,x5
quotes for birthday wishes for brother in hindi,8,1,2,600,x5
birthday wishes in hindi jiju,5,1,2,562,birthday-wishes-in-hindi-en
birthday wish video maker ai,5,1,2,562,birthday-wish-maker-en
happy birthday wish maker ai,5,1,2,562,birthday-wish-maker-en
birthday shayari jigri yaar,4,1,2,562,birthday-shayari-en
birthday shayari with husband,4,1,2,562,birthday-shayari-en
happy birthday wishes in hindi with emoji,7,1,2,562,x4
birthday wishes for little brother in hindi and english,9,1,2,562,x5
birthday wishes for younger brother in hindi funny,8,1,2,562,x5
happy birthday wishes for brother in hindi in english,9,1,2,562,x5
happy birthday wishes for brother in hindi meaning,8,1,2,562,x5
islamic birthday wishes for brother in hindi,7,1,2,562,x5
birthday wishes in hindi jaan,5,1,2,561,birthday-wishes-in-hindi-en
janamdin ki hardik shubhkamnaye for son,6,1,2,561,x1
janamdin ki hardik shubhkamnaye sir ji in hindi,8,1,2,561,x1
janamdin ki hardik shubhkamnaye write in hindi,7,1,2,561,x1
happy birthday wishes in hindi with photo,7,1,2,561,x4
thank you for birthday wishes quotes in hindi,8,1,2,561,x3
जन्मदिन की शुभकामनाएं in english translation,6,1,2,561,x2
जन्मदिन की शुभकामनाएं text,4,1,2,561,x2
birthday wishes for brother in law in hindi,8,1,2,561,x5
birthday wishes for brother with hindi,6,1,2,561,x5
happy birthday wishes for brother in hindi attitude,8,1,2,561,x5
happy birthday in telugu,4,1,2,560,happy-birthday-en
which happy birthday to my friend,6,1,2,560,happy-birthday-en
janamdin ki hardik shubhkamnaye for wife,6,1,2,560,x1
happy birthday wish card maker,5,1,2,560,birthday-wish-maker-en
happy birthday wishes in hindi in tamil,7,1,2,560,x4
thank you for birthday wishes for my son in kannada,10,1,2,560,x3
thank you for birthday wishes gif free,7,1,2,560,x3
thank you for birthday wishes my daughter,7,1,2,560,x3
thank you for birthday wishes quotes for family,8,1,2,560,x3
thank you for birthday wishes with images,7,1,2,560,x3
जन्मदिन की शुभकामनाएं for son,5,1,2,560,x2
जन्मदिन की शुभकामनाएं in urdu,5,1,2,560,x2
जन्मदिन की शुभकामनाएं संस्कृत में,5,1,2,560,x2
best birthday wishes for younger brother in hindi,8,1,2,560,x5
happy birthday wishes for brother in hindi english text,9,1,2,560,x5
short birthday wishes for brother in hindi in english,9,1,2,560,x5
happy birthday for brother,4,1,2,559,happy-birthday-en
happy birthday in sanskrit,4,1,2,559,happy-birthday-en
what's happy birthday in italian,5,1,2,559,happy-birthday-en
birthday wishes in hindi bete ke liye,7,1,2,559,birthday-wishes-in-hindi-en
birthday wishes in hindi english for husband,7,1,2,559,birthday-wishes-in-hindi-en
janamdin ki hardik shubhkamnaye aap jio hajaro saal in english,10,1,2,559,x1
janamdin ki hardik shubhkamnaye for sister,6,1,2,559,x1
janamdin ki hardik shubhkamnaye wish in hindi,7,1,2,559,x1
birthday status in hindi for friend,6,1,2,559,birthday-status-en
birthday wish card maker ai,5,1,2,559,birthday-wish-maker-en
happy birthday wish video maker,5,1,2,559,birthday-wish-maker-en
birthday caption in sister,4,1,2,559,birthday-caption-en
birthday non veg shayari,4,1,2,559,birthday-shayari-en
happy birthday wishes in hindi my best friend,8,1,2,559,x4
happy birthday wishes in hindi with english,7,1,2,559,x4
thank you for birthday wishes hindi me,7,1,2,559,x3
thank you for birthday wishes in kannada meaning,8,1,2,559,x3
thank you for birthday wishes quotes in marathi,8,1,2,559,x3
thank you for birthday wishes with friends,7,1,2,559,x3
जन्मदिन की शुभकामनाएं in marathi,5,1,2,559,x2
birthday wishes for big brother in hindi funny,8,1,2,559,x5
birthday wishes for big brother shayari in hindi,8,1,2,559,x5
happy birthday wishes for younger brother in hindi text,9,1,2,559,x5
unique birthday wishes for brother in law in hindi,9,1,2,559,x5
happy birthday for daughter,4,1,2,558,happy-birthday-en
happy birthday in japanese,4,1,2,558,happy-birthday-en
what's happy birthday in german,5,1,2,558,happy-birthday-en
birthday wishes in hindi bhabhi ji,6,1,2,558,birthday-wishes-in-hindi-en
birthday wishes in hindi english word,6,1,2,558,birthday-wishes-in-hindi-en
birthday wishes in hindi in english text,7,1,2,558,birthday-wishes-in-hindi-en
janamdin ki hardik shubhkamnaye aap hamesha khush raho in hindi,10,1,2,558,x1
janamdin ki hardik shubhkamnaye for bhai,6,1,2,558,x1
janamdin ki hardik shubhkamnaye god bless you in hindi,9,1,2,558,x1
janamdin ki hardik shubhkamnaye in hindi wishes,7,1,2,558,x1
janamdin ki hardik shubhkamnaye mama ji in hindi,8,1,2,558,x1
how to wish own birthday,5,1,2,558,birthday-quotes-en
birthday status in marathi,4,1,2,558,birthday-status-en
birthday wish photo maker ai,5,1,2,558,birthday-wish-maker-en
birthday wishes with new words,5,1,2,558,birthday-wish-maker-en
happy birthday wish video maker online,6,1,2,558,birthday-wish-maker-en
birthday caption generator,3,1,2,558,birthday-caption-en
birthday caption in bengali,4,1,2,558,birthday-caption-en
birthday shayari for husband,4,1,2,558,birthday-shayari-en
happy birthday wishes in hindi bhai ke liye,8,1,2,558,x4
happy birthday wishes in hindi images with quotes,8,1,2,558,x4
happy birthday wishes in hindi with shayari,7,1,2,558,x4
thank you for birthday wishes in short,7,1,2,558,x3
thank you for birthday wishes quotes short,7,1,2,558,x3
birthday wishes in संस्कृत,4,1,2,558,birthday-wishes-hi
जन्मदिन की शुभकामनाएं tq,4,1,2,558,x2
जन्मदिन की शुभकामनाएं कैसे दें,5,1,2,558,x2
जन्मदिन की शुभकामनाएं नाम सहित संस्कृत,6,1,2,558,x2
जन्मदिन की हार्दिक शुभकामनाएं in english,6,1,2,558,x2
best birthday wishes for elder brother in hindi,8,1,2,558,x5
birthday wishes for big brother in hindi 2 line,9,1,2,558,x5
death person birthday wishes in hindi for brother,8,1,2,558,x5
heart touching birthday wishes for brother in hindi and english,10,1,2,558,x5
happy birthday in korean,4,1,2,557,happy-birthday-en
what's happy birthday in welsh,5,1,2,557,happy-birthday-en
birthday wishes in hindi for child,6,1,2,557,birthday-wishes-in-hindi-en
janamdin ki hardik shubhkamnaye hamesha khush raho in english,9,1,2,557,x1
janamdin ki hardik shubhkamnaye ka english,6,1,2,557,x1
janamdin ki hardik shubhkamnaye shayari in hindi,7,1,2,557,x1
birthday quotes in marathi,4,1,2,557,birthday-quotes-en
birthday quotes with god blessings,5,1,2,557,birthday-quotes-en
birthday status in urdu,4,1,2,557,birthday-status-en
happy birthday wish video maker online free,7,1,2,557,birthday-wish-maker-en
how to start a birthday wish,6,1,2,557,birthday-wish-maker-en
birthday caption in marathi,4,1,2,557,birthday-caption-en
birthday caption with best friend,5,1,2,557,birthday-caption-en
birthday shayari in english for love,6,1,2,557,birthday-shayari-en
happy birthday wishes in hindi image,6,1,2,557,x4
thank you for birthday wishes in sanskrit,7,1,2,557,x3
thank you for birthday wishes in tulu,7,1,2,557,x3
thank you for birthday wishes quotes to colleagues,8,1,2,557,x3
thank you for birthday wishes with family,7,1,2,557,x3
जन्मदिन की शुभकामनाएं संस्कृत श्लोक अर्थ सहित,7,1,2,557,x2
जन्मदिन की हार्दिक शुभकामनाएं in sanskrit,6,1,2,557,x2
birthday wishes for brother and sister on same day in hindi,11,1,2,557,x5
birthday wishes for brother funny way in hindi,8,1,2,557,x5
birthday wishes for younger brother wife in hindi,8,1,2,557,x5
heart touching birthday wishes for brother in hindi and english text,11,1,2,557,x5
happy birthday in german,4,1,2,556,happy-birthday-en
happy birthday wishes in kannada english,6,1,2,556,happy-birthday-en
what's happy birthday in japanese,5,1,2,556,happy-birthday-en
birthday wishes in different way,5,1,2,556,birthday-wishes-in-hindi-en
birthday wishes in hindi bhanji ke liye,7,1,2,556,birthday-wishes-in-hindi-en
birthday wishes in hindi mama ji,6,1,2,556,birthday-wishes-in-hindi-en
janamdin ki hardik shubhkamnaye hindi png,6,1,2,556,x1
janamdin ki hardik shubhkamnaye in urdu,6,1,2,556,x1
janamdin ki hardik shubhkamnaye shayari in english,7,1,2,556,x1
janamdin ki hardik shubhkamnaye status,5,1,2,556,x1
birthday quotes for father from daughter,6,1,2,556,birthday-quotes-en
birthday quotes in kannada for brother,6,1,2,556,birthday-quotes-en
birthday quotes with husband,4,1,2,556,birthday-quotes-en
birthday status in bengali,4,1,2,556,birthday-status-en
birthday greeting maker with photo,5,1,2,556,birthday-wish-maker-en
birthday wish another way,4,1,2,556,birthday-wish-maker-en
birthday wishes video maker free online,6,1,2,556,birthday-wish-maker-en
birthday caption with girlfriend,4,1,2,556,birthday-caption-en
birthday shayari for sister,4,1,2,556,birthday-shayari-en
birthday shayari in hindi text,5,1,2,556,birthday-shayari-en
happy birthday bhanja wishes in hindi with name,8,1,2,556,x4
thank you for birthday wishes for family group,8,1,2,556,x3
thank you for birthday wishes quotes to friends,8,1,2,556,x3
thank you for the birthday wishes ecard,7,1,2,556,x3
जन्मदिन की शुभकामनाएं god bless you,6,1,2,556,x2
जन्मदिन की शुभकामनाएं संदेश,4,1,2,556,x2
जन्मदिन की हार्दिक शुभकामनाएं in hindi,6,1,2,556,x2
जन्मदिन की हार्दिक शुभकामनाएं sir ji,6,1,2,556,x2
birthday wishes for big brother in hindi text,8,1,2,556,x5
funny birthday wishes for brother with emoji in hindi,9,1,2,556,x5
happy birthday in urdu,4,1,2,555,happy-birthday-en
what's happy birthday in chinese,5,1,2,555,happy-birthday-en
birthday wishes in hindi sister ke liye,7,1,2,555,birthday-wishes-in-hindi-en
janamdin ki hardik shubhkamnaye bhaiya ji in hindi,8,1,2,555,x1
janamdin ki hardik shubhkamnaye dene ke liye dhanyawad in hindi,10,1,2,555,x1
birthday quotes for sister in law,6,1,2,555,birthday-quotes-en
birthday quotes in hindi for friend,6,1,2,555,birthday-quotes-en
birthday wishes video maker free app,6,1,2,555,birthday-wish-maker-en
birthday caption with cake,4,1,2,555,birthday-caption-en
what caption should i put on my birthday post,9,1,2,555,birthday-caption-en
what should i caption a birthday post,7,1,2,555,birthday-caption-en
birthday shayari in hindi for love,6,1,2,555,birthday-shayari-en
happy birthday wishes in hindi english images,7,1,2,555,x4
happy birthday wishes in hindi for papa,7,1,2,555,x4
happy birthday wishes in hindi patni ke liye,8,1,2,555,x4
happy birthday wishes in hindi sir ke liye,8,1,2,555,x4
thank you for birthday wishes in english quotes,8,1,2,555,x3
thank you for birthday wishes poster template,7,1,2,555,x3
जन्मदिन की हार्दिक शुभकामनाएं chacha ji in hindi,8,1,2,555,x2
पहले जन्मदिन की शुभकामनाएं in english,6,1,2,555,x2
birthday wishes for brother hindi english mix,7,1,2,555,x5
birthday wishes for brother in law wife in hindi,9,1,2,555,x5
birthday wishes for brother who is no more in hindi,10,1,2,555,x5
short birthday wishes for brother with emoji in hindi,9,1,2,555,x5
happy birthday in arabic,4,1,2,554,happy-birthday-en
what's happy birthday in korean,5,1,2,554,happy-birthday-en
janamdin ki hardik shubhkamnaye patni ke liye,7,1,2,554,x1
birthday quotes for me,4,1,2,554,birthday-quotes-en
birthday quotes instagram,3,1,2,554,birthday-quotes-en
have a good birthday quotes,5,1,2,554,birthday-quotes-en
birthday wishes in marathi,4,1,2,554,birthday-wishes-en
birthday wishes photo maker online,5,1,2,554,birthday-wish-maker-en
birthday caption with bestie,4,1,2,554,birthday-caption-en
what should i caption on my birthday post,8,1,2,554,birthday-caption-en
birthday shayari for wife in hindi,6,1,2,554,birthday-shayari-en
birthday shayari in hindi for friend,6,1,2,554,birthday-shayari-en
happy birthday wishes in hindi for senior,7,1,2,554,x4
happy birthday wishes in hindi mama ji,7,1,2,554,x4
thank you for birthday wishes canva template,7,1,2,554,x3
thank you for birthday wishes for friends group,8,1,2,554,x3
thank you for birthday wishes in group,7,1,2,554,x3
birthday wishes for husband मराठी,5,1,2,554,birthday-wishes-hi
जन्मदिन की शुभकामनाएं का उत्तर,5,1,2,554,x2
जन्मदिन की हार्दिक शुभकामनाएं in marathi,6,1,2,554,x2
birthday wishes for elder brother in hindi,7,1,2,554,x5
birthday wishes in brother in hindi,6,1,2,554,x5
heart touching birthday wishes for brother hindi text in english copy and paste,13,1,2,554,x5
heart touching birthday wishes for brother in hindi,8,1,2,554,x5
happy birthday in marathi,4,1,2,553,happy-birthday-en
what's happy birthday in portuguese,5,1,2,553,happy-birthday-en
birthday quotes for best friend girl,6,1,2,553,birthday-quotes-en
birthday quotes for son from mother,6,1,2,553,birthday-quotes-en
birthday quotes in short,4,1,2,553,birthday-quotes-en
birthday wishes in arabic dua text,6,1,2,553,birthday-wishes-en
birthday status for sister in law,6,1,2,553,birthday-status-en
whatsapp birthday status caption,4,1,2,553,birthday-status-en
birthday caption for girl,4,1,2,553,birthday-caption-en
birthday shayari for husband in hindi,6,1,2,553,birthday-shayari-en
happy birthday wishes in hindi for brother in law,9,1,2,553,x4
happy birthday wishes in hindi papa ji,7,1,2,553,x4
thank you for birthday wishes for family members,8,1,2,553,x3
birthday wishes in english for friend,6,1,2,553,birthday-wishes-hi
जन्मदिन की शुभकामनाएं भाई,4,1,2,553,x2
जन्मदिन की हार्दिक शुभकामनाएं in english translation,7,1,2,553,x2
happy birthday wishes for brother in hindi text in english,10,1,2,553,x5
happy birthday in french,4,1,2,552,happy-birthday-en
birthday wishes in hindi brother in law,7,1,2,552,birthday-wishes-in-hindi-en
birthday quotes for daughter in kannada,6,1,2,552,birthday-quotes-en
birthday quotes for love,4,1,2,552,birthday-quotes-en
birthday quotes in marathi for friend,6,1,2,552,birthday-quotes-en
birthday wishes for friend girl,5,1,2,552,birthday-wishes-en
birthday wishes in sanskrit,4,1,2,552,birthday-wishes-en
birthday status for me,4,1,2,552,birthday-status-en
birthday status for son in english,6,1,2,552,birthday-status-en
birthday shayari for friend in english,6,1,2,552,birthday-shayari-en
birthday shayari in kannada,4,1,2,552,birthday-shayari-en
बर्थडे शायरी 2,3,1,2,552,birthday-shayari-en
happy birthday wishes in hindi emoji ke sath,8,1,2,552,x4
happy birthday wishes in hindi for elder brother,8,1,2,552,x4
thank you for birthday wishes shayari,6,1,2,552,x3
आपको जन्मदिन की शुभकामनाएं in english,6,1,2,552,x2
जन्मदिन की शुभकामनाएं font,4,1,2,552,x2
जन्मदिन की शुभकामनाएं wish,4,1,2,552,x2
जन्मदिन की शुभकामनाएं और चित्र,5,1,2,552,x2
जन्मदिन की शुभकामनाएं का पोस्टर,5,1,2,552,x2
जन्मदिन की शुभकामनाएं वाइफ को,5,1,2,552,x2
जन्मदिन की शुभकामनाएं शायरी,4,1,2,552,x2
birthday wishes for brother success in life in hindi,9,1,2,552,x5
birthday wishes in hindi for uncle,6,1,2,551,birthday-wishes-in-hindi-en
birthday wishes in hindi quora,5,1,2,551,birthday-wishes-in-hindi-en
birthday quotes for father,4,1,2,551,birthday-quotes-en
birthday quotes for wife in kannada,6,1,2,551,birthday-quotes-en
birthday quotes in one line,5,1,2,551,birthday-quotes-en
birthday wishes in brother,4,1,2,551,birthday-wishes-en
birthday status for girlfriend,4,1,2,551,birthday-status-en
is my birthday status video,5,1,2,551,birthday-status-en
status birthday date,3,1,2,551,birthday-status-en
birthday caption for little brother,5,1,2,551,birthday-caption-en
happy birthday wishes in hindi for girlfriend,7,1,2,551,x4
thank you for birthday wishes for bestie,7,1,2,551,x3
जन्मदिन की शुभकामनाएं का मतलब,5,1,2,551,x2
जन्मदिन की शुभकामनाएं जान,4,1,2,551,x2
जन्मदिन की हार्दिक शुभकामनाएं in gujarati,6,1,2,551,x2
best happy birthday wishes for brother in hindi,8,1,2,551,x5
birthday wishes for brother in hindi line,7,1,2,551,x5
janamdin ki hardik shubhkamnaye dost ke liye,7,1,2,550,x1
birthday quotes for girlfriend,4,1,2,550,birthday-quotes-en
birthday quotes for wife in english,6,1,2,550,birthday-quotes-en
birthday status for best friend girl,6,1,2,550,birthday-status-en
birthday status for bhabhi,4,1,2,550,birthday-status-en
birthday caption for little sister,5,1,2,550,birthday-caption-en
happy birthday nanad wishes in hindi and english,8,1,2,550,x4
happy birthday wishes in hindi short,6,1,2,550,x4
हैप्पी बर्थडे विशेज इन हिंदी फॉर फ्रेंड,7,1,2,550,x4
thank you for birthday wishes messages,6,1,2,550,x3
बर्थडे विशेस फॉर फ्रेंड,4,1,2,550,birthday-wishes-hi
जन्मदिन की अग्रिम शुभकामनाएं in english,6,1,2,550,x2
birthday wishes for brother from another mother in hindi,9,1,2,550,x5
thank you for birthday wishes on behalf of my father,10,1,1,1254,x3
birthday quotes to sister,4,1,1,1253,birthday-quotes-en
thank you for birthday wishes wife,6,1,1,1253,x3
happy birthday uncle,3,1,1,1252,happy-birthday-en
is it happy birthday or happiest birthday,7,1,1,1252,happy-birthday-en
birthday wishes in hindi one line,6,1,1,1252,birthday-wishes-in-hindi-en
birthday quotes kannada,3,1,1,1252,birthday-quotes-en
birthday quotes nephew,3,1,1,1252,birthday-quotes-en
birthday quotes to wife in kannada,6,1,1,1252,birthday-quotes-en
birthday quotes yourself,3,1,1,1252,birthday-quotes-en
birthday status kannada,3,1,1,1252,birthday-status-en
thank you for birthday wishes office staff,7,1,1,1252,x3
happy birthday husband,3,1,1,1251,happy-birthday-en
happy birthday ukulele chords,4,1,1,1251,happy-birthday-en
happy birthday without saying happy birthday,6,1,1,1251,happy-birthday-en
is it happy birthday eve or happy eve,8,1,1,1251,happy-birthday-en
birthday wishes in hindi husband,5,1,1,1251,birthday-wishes-in-hindi-en
birthday wishes in hindi love,5,1,1,1251,birthday-wishes-in-hindi-en
birthday wishes in hindi written in english,7,1,1,1251,birthday-wishes-in-hindi-en
birthday quotes daughter,3,1,1,1251,birthday-quotes-en
birthday quotes english,3,1,1,1251,birthday-quotes-en
birthday quotes girl,3,1,1,1251,birthday-quotes-en
birthday quotes husband,3,1,1,1251,birthday-quotes-en
birthday quotes kids,3,1,1,1251,birthday-quotes-en
birthday quotes niece,3,1,1,1251,birthday-quotes-en
birthday quotes to daughter,4,1,1,1251,birthday-quotes-en
birthday quotes unique,3,1,1,1251,birthday-quotes-en
birthday quotes wishes,3,1,1,1251,birthday-quotes-en
birthday quotes younger sister,4,1,1,1251,birthday-quotes-en
birthday status download,3,1,1,1251,birthday-status-en
birthday status english,3,1,1,1251,birthday-status-en
birthday status husband,3,1,1,1251,birthday-status-en
birthday status kaise lagaye,4,1,1,1251,birthday-status-en
birthday status photo,3,1,1,1251,birthday-status-en
birthday status to husband,4,1,1,1251,birthday-status-en
birthday status wishes,3,1,1,1251,birthday-status-en
birthday caption as a new mom,6,1,1,1251,birthday-caption-en
birthday caption daughter,3,1,1,1251,birthday-caption-en
birthday caption girl,3,1,1,1251,birthday-caption-en
birthday caption jiju,3,1,1,1251,birthday-caption-en
birthday caption short,3,1,1,1251,birthday-caption-en
birthday caption unique,3,1,1,1251,birthday-caption-en
birthday caption younger sister,4,1,1,1251,birthday-caption-en
birthday shayari wife,3,1,1,1251,birthday-shayari-en
thank you for birthday wishes celebration,6,1,1,1251,x3
thank you for birthday wishes daughter,6,1,1,1251,x3
thank you for birthday wishes lines,6,1,1,1251,x3
thank you for birthday wishes of my son,8,1,1,1251,x3
thank you for birthday wishes photo,6,1,1,1251,x3
thank you for birthday wishes wife quotes,7,1,1,1251,x3
जन्मदिन की शुभकामनाएं bhaiya हिंदी में,6,1,1,1251,x2
जन्मदिन की शुभकामनाएं english,4,1,1,1251,x2
जन्मदिन की शुभकामनाएं gif,4,1,1,1251,x2
जन्मदिन की शुभकामनाएं meaning in english,6,1,1,1251,x2
जन्मदिन की शुभकामनाएं sanskrit,4,1,1,1251,x2
happy birthday 2026 wishes,4,1,1,1250,happy-birthday-en
happy birthday appa quotes,4,1,1,1250,happy-birthday-en
happy birthday emoji,3,1,1,1250,happy-birthday-en
happy birthday free song download,5,1,1,1250,happy-birthday-en
happy birthday friend,3,1,1,1250,happy-birthday-en
happy birthday husband wishes,4,1,1,1250,happy-birthday-en
happy birthday kannada,3,1,1,1250,happy-birthday-en
happy birthday on guitar,4,1,1,1250,happy-birthday-en
happy birthday online card,4,1,1,1250,happy-birthday-en
happy birthday uncle wishes,4,1,1,1250,happy-birthday-en
happy birthday video,3,1,1,1250,happy-birthday-en
happy birthday with name,4,1,1,1250,happy-birthday-en
happy birthday without background,4,1,1,1250,happy-birthday-en
how happy birthday wishes,4,1,1,1250,happy-birthday-en
is it happy birthday or happy birthday,7,1,1,1250,happy-birthday-en
which happy birthday song is the best,7,1,1,1250,happy-birthday-en
who happy birthday today,4,1,1,1250,happy-birthday-en
birthday wishes in hindi and english mix,7,1,1,1250,birthday-wishes-in-hindi-en
birthday wishes in hindi best friend,6,1,1,1250,birthday-wishes-in-hindi-en
birthday wishes in hindi dost,5,1,1,1250,birthday-wishes-in-hindi-en
birthday wishes in hindi gf,5,1,1,1250,birthday-wishes-in-hindi-en
birthday wishes in hindi images,5,1,1,1250,birthday-wishes-in-hindi-en
birthday wishes in hindi love shayari,6,1,1,1250,birthday-wishes-in-hindi-en
birthday wishes in hindi or english,6,1,1,1250,birthday-wishes-in-hindi-en
birthday wishes in hindi text,5,1,1,1250,birthday-wishes-in-hindi-en
janamdin ki hardik shubhkamnaye english,5,1,1,1250,x1
janamdin ki hardik shubhkamnaye kaise de,6,1,1,1250,x1
janamdin ki hardik shubhkamnaye translate in hindi,7,1,1,1250,x1
जन्मदिन की हार्दिक शुभकामनाएं भाई,5,1,1,1250,x1
birthday quotes brother,3,1,1,1250,birthday-quotes-en
birthday quotes dad,3,1,1,1250,birthday-quotes-en
birthday quotes emotional,3,1,1,1250,birthday-quotes-en
birthday quotes free download,4,1,1,1250,birthday-quotes-en
birthday quotes girlfriend,3,1,1,1250,birthday-quotes-en
birthday quotes hindi,3,1,1,1250,birthday-quotes-en
birthday quotes jiju,3,1,1,1250,birthday-quotes-en
birthday quotes kids boy,4,1,1,1250,birthday-quotes-en
birthday quotes love,3,1,1,1250,birthday-quotes-en
birthday quotes new,3,1,1,1250,birthday-quotes-en
birthday quotes on son,4,1,1,1250,birthday-quotes-en
birthday quotes png,3,1,1,1250,birthday-quotes-en
birthday quotes quotes,3,1,1,1250,birthday-quotes-en
birthday quotes romantic,3,1,1,1250,birthday-quotes-en
birthday quotes sister,3,1,1,1250,birthday-quotes-en
birthday quotes to husband,4,1,1,1250,birthday-quotes-en
birthday quotes urdu,3,1,1,1250,birthday-quotes-en
birthday quotes verses,3,1,1,1250,birthday-quotes-en
birthday quotes wife,3,1,1,1250,birthday-quotes-en
birthday quotes younger brother,4,1,1,1250,birthday-quotes-en
birthday status app,3,1,1,1250,birthday-status-en
birthday status caption,3,1,1,1250,birthday-status-en
birthday status daughter,3,1,1,1250,birthday-status-en
birthday status editing,3,1,1,1250,birthday-status-en
birthday status girlfriend,3,1,1,1250,birthday-status-en
birthday status hindi,3,1,1,1250,birthday-status-en
birthday status ideas,3,1,1,1250,birthday-status-en
birthday status jiju,3,1,1,1250,birthday-status-en
birthday status kaise banaen,4,1,1,1250,birthday-status-en
birthday status line,3,1,1,1250,birthday-status-en
birthday status nepali,3,1,1,1250,birthday-status-en
birthday status photo editing,4,1,1,1250,birthday-status-en
birthday status quotes,3,1,1,1250,birthday-status-en
birthday status reply,3,1,1,1250,birthday-status-en
birthday status to my son,5,1,1,1250,birthday-status-en
birthday status wife,3,1,1,1250,birthday-status-en
birthday caption aesthetic,3,1,1,1250,birthday-caption-en
birthday caption didi,3,1,1,1250,birthday-caption-en
birthday caption english,3,1,1,1250,birthday-caption-en
birthday caption girlfriend,3,1,1,1250,birthday-caption-en
birthday caption husband,3,1,1,1250,birthday-caption-en
birthday caption july,3,1,1,1250,birthday-caption-en
birthday caption kids,3,1,1,1250,birthday-caption-en
birthday caption love,3,1,1,1250,birthday-caption-en
birthday caption mom,3,1,1,1250,birthday-caption-en
birthday caption nephew,3,1,1,1250,birthday-caption-en
birthday caption on instagram,4,1,1,1250,birthday-caption-en
birthday caption reels,3,1,1,1250,birthday-caption-en
birthday caption sister,3,1,1,1250,birthday-caption-en
birthday caption to husband,4,1,1,1250,birthday-caption-en
birthday caption uncle,3,1,1,1250,birthday-caption-en
birthday caption wife,3,1,1,1250,birthday-caption-en
birthday caption without age,4,1,1,1250,birthday-caption-en
birthday caption younger brother,4,1,1,1250,birthday-caption-en
birthday captions,2,1,1,1250,birthday-caption-en
birthday shayari copy,3,1,1,1250,birthday-shayari-en
birthday shayari dost,3,1,1,1250,birthday-shayari-en
birthday shayari wife ke liye,5,1,1,1250,birthday-shayari-en
happy birthday wishes in hindi chote bhai,7,1,1,1250,x4
happy birthday wishes in hindi girlfriend,6,1,1,1250,x4
happy birthday wishes in hindi husband,6,1,1,1250,x4
happy birthday wishes in hindi my wife,7,1,1,1250,x4
thank you for birthday wishes captions,6,1,1,1250,x3
thank you for birthday wishes download,6,1,1,1250,x3
thank you for birthday wishes gujarati,6,1,1,1250,x3
thank you for birthday wishes kannada,6,1,1,1250,x3
thank you for birthday wishes love,6,1,1,1250,x3
thank you for birthday wishes of my daughter,8,1,1,1250,x3
thank you for birthday wishes prompt,6,1,1,1250,x3
thank you for birthday wishes written,6,1,1,1250,x3
thank you for birthday wishes yesterday,6,1,1,1250,x3
birthday wishes हिंदी में,4,1,1,1250,birthday-wishes-hi
जन्मदिन की शुभकामनाएं bhai,4,1,1,1250,x2
जन्मदिन की शुभकामनाएं didi हिंदी में,6,1,1,1250,x2
जन्मदिन की शुभकामनाएं english me,5,1,1,1250,x2
जन्मदिन की शुभकामनाएं gf,4,1,1,1250,x2
जन्मदिन की शुभकामनाएं hindi me,5,1,1,1250,x2
जन्मदिन की शुभकामनाएं jaan,4,1,1,1250,x2
जन्मदिन की शुभकामनाएं love,4,1,1,1250,x2
जन्मदिन की शुभकामनाएं quotes in hindi,6,1,1,1250,x2
जन्मदिन की शुभकामनाएं reply,4,1,1,1250,x2
जन्मदिन की शुभकामनाएं twitter,4,1,1,1250,x2
जन्मदिन की शुभकामनाएं urdu me,5,1,1,1250,x2
जन्मदिन की शुभकामनाएं video,4,1,1,1250,x2
happy birthday template capcut,4,1,1,1200,happy-birthday-en
birthday quotes about daughter,4,1,1,1200,birthday-quotes-en
birthday quotes jesus,3,1,1,1200,birthday-quotes-en
birthday quotes short,3,1,1,1200,birthday-quotes-en
birthday status love,3,1,1,1200,birthday-status-en
happy birthday 2026 song download,5,1,1,1150,happy-birthday-en
happy birthday kannada song,4,1,1,1150,happy-birthday-en
happy birthday with name and photo edit,7,1,1,1150,happy-birthday-en
birthday caption copy,3,1,1,1150,birthday-caption-en
birthday caption hindi,3,1,1,1150,birthday-caption-en
happy birthday wishes इन हिंदी,5,1,1,1150,x4
जन्मदिन की शुभकामनाएं beta,4,1,1,1150,x2
जन्मदिन की शुभकामनाएं mama ji,5,1,1,1150,x2
happy birthday maker video,4,1,1,1101,happy-birthday-en
birthday caption to sister,4,1,1,1101,birthday-caption-en
happy birthday cake,3,1,1,1100,happy-birthday-en
happy birthday gif,3,1,1,1100,happy-birthday-en
happy birthday maker online,4,1,1,1100,happy-birthday-en
birthday status best song,4,1,1,1100,birthday-status-en
birthday status girl,3,1,1,1100,birthday-status-en
birthday caption emoji,3,1,1,1100,birthday-caption-en
birthday caption pinterest,3,1,1,1100,birthday-caption-en
birthday caption to me,4,1,1,1100,birthday-caption-en
birthday shayari sister ke liye,5,1,1,1100,birthday-shayari-en
thank you for birthday wishes cake,6,1,1,1100,x3
thank you for birthday wishes reply,6,1,1,1100,x3
birthday quotes to brother,4,1,1,1050,birthday-quotes-en
birthday status download video,4,1,1,1050,birthday-status-en
happy birthday wishes in hindi bhaiya,6,1,1,1050,x4
happy birthday wishes in hindi life partner,7,1,1,1050,x4
happy birthday appaji in kannada,5,1,1,1001,happy-birthday-en
birthday caption ideas,3,1,1,1001,birthday-caption-en
happy birthday appa in kannada quotes,6,1,1,1000,happy-birthday-en
happy birthday hubby,3,1,1,1000,happy-birthday-en
birthday quotes copy paste,4,1,1,1000,birthday-quotes-en
birthday status emoji,3,1,1,1000,birthday-status-en
birthday captions myself,3,1,1,1000,birthday-caption-en
happy birthday wishes in hindi boss,6,1,1,1000,x4
birthday wishes for brother in hindi to english,8,1,1,1000,x5
birthday quotes pinterest,3,1,1,951,birthday-quotes-en
thank you for birthday wishes on whatsapp status,8,1,1,951,x3
birthday quotes paragraph for best friend,6,1,1,950,birthday-quotes-en
birthday status of my daughter,5,1,1,950,birthday-status-en
birthday caption one line,4,1,1,950,birthday-caption-en
birthday caption post,3,1,1,950,birthday-caption-en
birthday caption to my best friend,6,1,1,950,birthday-caption-en
thank you for birthday wishes official,6,1,1,950,x3
thank you for birthday wishes pinterest,6,1,1,950,x3
जन्मदिन की शुभकामनाएं png,4,1,1,950,x2
birthday status par kya likhe in english,7,1,1,901,birthday-status-en
happy birthday 2026 latest song,5,1,1,900,happy-birthday-en
happy birthday love,3,1,1,900,happy-birthday-en
when happy birthday song,4,1,1,900,happy-birthday-en
birthday wishes in hindi god bless,6,1,1,900,birthday-wishes-in-hindi-en
birthday quotes simple,3,1,1,900,birthday-quotes-en
birthday status brother,3,1,1,900,birthday-status-en
birthday status hindi mein,4,1,1,900,birthday-status-en
birthday status prompt,3,1,1,900,birthday-status-en
thank you for birthday wishes whatsapp status,7,1,1,900,x3
जन्मदिन की शुभकामनाएं dost,4,1,1,900,x2
birthday quotes to daughter from mother,6,1,1,851,birthday-quotes-en
birthday status template,3,1,1,851,birthday-status-en
birthday shayari dost ke liye,5,1,1,851,birthday-shayari-en
happy birthday anna,3,1,1,850,happy-birthday-en
happy birthday appa wishes in kannada,6,1,1,850,happy-birthday-en
happy birthday english,3,1,1,850,happy-birthday-en
birthday wishes in hindi girl,5,1,1,850,birthday-wishes-in-hindi-en
birthday quotes normal,3,1,1,850,birthday-quotes-en
birthday quotes png text,4,1,1,850,birthday-quotes-en
birthday quotes to sister from another mother,7,1,1,850,birthday-quotes-en
birthday status to wife,4,1,1,850,birthday-status-en
birthday shayari didi ke liye,5,1,1,850,birthday-shayari-en
thank you for birthday wishes for husband,7,1,1,850,x3
happy birthday font,3,1,1,801,happy-birthday-en
birthday caption on cake,4,1,1,801,birthday-caption-en
happy birthday 2026 song,4,1,1,800,happy-birthday-en
happy birthday amma,3,1,1,800,happy-birthday-en
happy birthday free download,4,1,1,800,happy-birthday-en
happy birthday friend wishes,4,1,1,800,happy-birthday-en
happy birthday kannada song download mp4,6,1,1,800,happy-birthday-en
happy birthday one,3,1,1,800,happy-birthday-en
happy birthday zaid,3,1,1,800,happy-birthday-en
birthday wishes in hindi heart touching,6,1,1,800,birthday-wishes-in-hindi-en
birthday quotes children,3,1,1,800,birthday-quotes-en
birthday status bestie,3,1,1,800,birthday-status-en
birthday status english mein,4,1,1,800,birthday-status-en
birthday status line for wife,5,1,1,800,birthday-status-en
birthday status quotes for wife,5,1,1,800,birthday-status-en
birthday status to daughter,4,1,1,800,birthday-status-en
birthday status video maker,4,1,1,800,birthday-status-en
birthday caption of myself,4,1,1,800,birthday-caption-en
birthday captions for instagram,4,1,1,800,birthday-caption-en
birthday shayari kannada,3,1,1,800,birthday-shayari-en
thank you for birthday wishes long message,7,1,1,800,x3
thank you for birthday wishes pic,6,1,1,800,x3
जन्मदिन की शुभकामनाएं hd फोटो,5,1,1,800,x2
birthday status quotes for son,5,1,1,752,birthday-status-en
birthday quotes on cake,4,1,1,751,birthday-quotes-en
birthday status quotes for daughter,5,1,1,751,birthday-status-en
birthday caption chatgpt,3,1,1,751,birthday-caption-en
happy birthday younger brother,4,1,1,750,happy-birthday-en
janamdin ki hardik shubhkamnaye hindi,5,1,1,750,x1
birthday quotes lover,3,1,1,750,birthday-quotes-en
birthday quotes myself,3,1,1,750,birthday-quotes-en
birthday quotes one line,4,1,1,750,birthday-quotes-en
birthday quotes uncle,3,1,1,750,birthday-quotes-en
birthday quotes wishes for best friend,6,1,1,750,birthday-quotes-en
birthday status line for son,5,1,1,750,birthday-status-en
birthday status message,3,1,1,750,birthday-status-en
birthday status quotes for husband,5,1,1,750,birthday-status-en
birthday caption chota bhai,4,1,1,750,birthday-caption-en
birthday caption wishes,3,1,1,750,birthday-caption-en
जन्मदिन की शुभकामनाएं bhaiya,4,1,1,750,x2
जन्मदिन की शुभकामनाएं marathi,4,1,1,750,x2
जन्मदिन की शुभकामनाएं sister,4,1,1,750,x2
birthday caption to sister in law,6,1,1,701,birthday-caption-en
happy birthday jiju,3,1,1,700,happy-birthday-en
happy birthday ringtone,3,1,1,700,happy-birthday-en
birthday quotes aesthetic,3,1,1,700,birthday-quotes-en
birthday quotes cousin sister,4,1,1,700,birthday-quotes-en
birthday quotes papa,3,1,1,700,birthday-quotes-en
birthday status beta,3,1,1,700,birthday-status-en
birthday status caption for friend,5,1,1,700,birthday-status-en
birthday status husband ke liye,5,1,1,700,birthday-status-en
birthday status quotes for self,5,1,1,700,birthday-status-en
birthday caption new,3,1,1,700,birthday-caption-en
birthday caption to brother,4,1,1,700,birthday-caption-en
thank you for birthday wishes for family and friends,9,1,1,700,x3
जन्मदिन की शुभकामनाएं poster,4,1,1,700,x2
happy birthday free images,4,1,1,652,happy-birthday-en
happy birthday free fire name,5,1,1,651,happy-birthday-en
happy birthday akka,3,1,1,650,happy-birthday-en
happy birthday brother wishes,4,1,1,650,happy-birthday-en
happy birthday freepik,3,1,1,650,happy-birthday-en
happy birthday online wish,4,1,1,650,happy-birthday-en
birthday wishes in hindi sister,5,1,1,650,birthday-wishes-in-hindi-en
birthday quotes as a first time mom,7,1,1,650,birthday-quotes-en
birthday quotes baby girl,4,1,1,650,birthday-quotes-en
birthday quotes elder sister,4,1,1,650,birthday-quotes-en
birthday quotes husband in english,5,1,1,650,birthday-quotes-en
birthday quotes mom,3,1,1,650,birthday-quotes-en
birthday quotes on daughter,4,1,1,650,birthday-quotes-en
birthday quotes self,3,1,1,650,birthday-quotes-en
birthday quotes to son,4,1,1,650,birthday-quotes-en
birthday status background,3,1,1,650,birthday-status-en
birthday status of my wife,5,1,1,650,birthday-status-en
birthday status song for husband,5,1,1,650,birthday-status-en
birthday caption on husband,4,1,1,650,birthday-caption-en
thank you for birthday wishes poster,6,1,1,650,x3
thank you for birthday wishes unique,6,1,1,650,x3
जन्मदिन की शुभकामनाएं bhabhi ji,5,1,1,650,x2
birthday caption copy paste,4,1,1,604,birthday-caption-en
happy birthday appu,3,1,1,603,happy-birthday-en
happy birthday uncle in kannada,5,1,1,603,happy-birthday-en
birthday quotes on sister,4,1,1,603,birthday-quotes-en
birthday quotes to friend,4,1,1,603,birthday-quotes-en
birthday status to sister,4,1,1,603,birthday-status-en
birthday caption close friend,4,1,1,603,birthday-caption-en
birthday caption on sister,4,1,1,603,birthday-caption-en
happy birthday appa wishes in english,6,1,1,602,happy-birthday-en
happy birthday chords,3,1,1,602,happy-birthday-en
happy birthday font style,4,1,1,602,happy-birthday-en
happy birthday keyboard notes,4,1,1,602,happy-birthday-en
happy birthday love wishes,4,1,1,602,happy-birthday-en
happy birthday sister wishes,4,1,1,602,happy-birthday-en
happy birthday unique wishes,4,1,1,602,happy-birthday-en
happy birthday younger sister,4,1,1,602,happy-birthday-en
happy birthday zayan,3,1,1,602,happy-birthday-en
birthday quotes little sister,4,1,1,602,birthday-quotes-en
birthday quotes new chapter,4,1,1,602,birthday-quotes-en
birthday quotes on husband,4,1,1,602,birthday-quotes-en
birthday quotes son,3,1,1,602,birthday-quotes-en
birthday quotes to son from father,6,1,1,602,birthday-quotes-en
birthday wishes video prompt for gemini,6,1,1,602,birthday-wishes-en
birthday status maker,3,1,1,602,birthday-status-en
birthday status quotes for best friend,6,1,1,602,birthday-status-en
birthday status to son,4,1,1,602,birthday-status-en
birthday status whatsapp,3,1,1,602,birthday-status-en
birthday caption brother,3,1,1,602,birthday-caption-en
birthday caption cute,3,1,1,602,birthday-caption-en
birthday caption own,3,1,1,602,birthday-caption-en
birthday caption son,3,1,1,602,birthday-caption-en
birthday caption to wife,4,1,1,602,birthday-caption-en
happy birthday wishes in hindi son,6,1,1,602,x4
thank you for birthday wishes kannada meaning,7,1,1,602,x3
thank you for birthday wishes reply in english,8,1,1,602,x3
जन्मदिन की शुभकामनाएं life partner,5,1,1,602,x2
can i say happy birthday,5,1,1,601,happy-birthday-en
happy birthday 2026 mein kab hai,6,1,1,601,happy-birthday-en
happy birthday appa in kannada text,6,1,1,601,happy-birthday-en
happy birthday aunty,3,1,1,601,happy-birthday-en
happy birthday best wishes,4,1,1,601,happy-birthday-en
happy birthday bhai,3,1,1,601,happy-birthday-en
happy birthday cake images,4,1,1,601,happy-birthday-en
happy birthday dear,3,1,1,601,happy-birthday-en
happy birthday editing,3,1,1,601,happy-birthday-en
happy birthday free template,4,1,1,601,happy-birthday-en
happy birthday god bless you,5,1,1,601,happy-birthday-en
happy birthday handel 2027,4,1,1,601,happy-birthday-en
happy birthday hubby quotes,4,1,1,601,happy-birthday-en
happy birthday jaan,3,1,1,601,happy-birthday-en
happy birthday kannada wishes,4,1,1,601,happy-birthday-en
happy birthday letter,3,1,1,601,happy-birthday-en
happy birthday maker app,4,1,1,601,happy-birthday-en
happy birthday my love,4,1,1,601,happy-birthday-en
happy birthday name,3,1,1,601,happy-birthday-en
happy birthday once again,4,1,1,601,happy-birthday-en
happy birthday online gift,4,1,1,601,happy-birthday-en
happy birthday photo,3,1,1,601,happy-birthday-en
happy birthday ringtone download,4,1,1,601,happy-birthday-en
happy birthday song download,4,1,1,601,happy-birthday-en
happy birthday template vn code,5,1,1,601,happy-birthday-en
happy birthday to me,4,1,1,601,happy-birthday-en
happy birthday uncle wishes in kannada,6,1,1,601,happy-birthday-en
happy birthday video download,4,1,1,601,happy-birthday-en
happy birthday with name and photo edit free download,9,1,1,601,happy-birthday-en
happy birthday without background png,5,1,1,601,happy-birthday-en
happy birthday xora wishes in nepali,6,1,1,601,happy-birthday-en
happy birthday yaar,3,1,1,601,happy-birthday-en
happy birthday zeeshan,3,1,1,601,happy-birthday-en
how happy birthday wishes for best friend,7,1,1,601,happy-birthday-en
is it happy birthday name or happy birthday name,9,1,1,601,happy-birthday-en
what happy birthday in spanish,5,1,1,601,happy-birthday-en
when happy birthday song written,5,1,1,601,happy-birthday-en
who happy birthday song,4,1,1,601,happy-birthday-en
why happy birthday daniel,4,1,1,601,happy-birthday-en
appi ka birthday wishes in hindi,6,1,1,601,birthday-wishes-in-hindi-en
birthday wishes in hindi and sanskrit,6,1,1,601,birthday-wishes-in-hindi-en
birthday wishes in hindi but written in english,8,1,1,601,birthday-wishes-in-hindi-en
birthday wishes in hindi for best friend funny,8,1,1,601,birthday-wishes-in-hindi-en
birthday wishes in hindi for friend girl,7,1,1,601,birthday-wishes-in-hindi-en
birthday wishes in hindi for younger brother,7,1,1,601,birthday-wishes-in-hindi-en
birthday wishes in hindi gif,5,1,1,601,birthday-wishes-in-hindi-en
birthday wishes in hindi hubby,5,1,1,601,birthday-wishes-in-hindi-en
birthday wishes in hindi jijaji,5,1,1,601,birthday-wishes-in-hindi-en
birthday wishes in hindi kavita,5,1,1,601,birthday-wishes-in-hindi-en
birthday wishes in hindi language,5,1,1,601,birthday-wishes-in-hindi-en
birthday wishes in hindi meaning,5,1,1,601,birthday-wishes-in-hindi-en
birthday wishes in hindi normal,5,1,1,601,birthday-wishes-in-hindi-en
birthday wishes in hindi one liner,6,1,1,601,birthday-wishes-in-hindi-en
birthday wishes in hindi romantic,5,1,1,601,birthday-wishes-in-hindi-en
birthday wishes in hindi short,5,1,1,601,birthday-wishes-in-hindi-en
birthday wishes in hindi to friend,6,1,1,601,birthday-wishes-in-hindi-en
birthday wishes in hindi urdu,5,1,1,601,birthday-wishes-in-hindi-en
birthday wishes video hindi,4,1,1,601,birthday-wishes-in-hindi-en
ex birthday wishes in hindi,5,1,1,601,birthday-wishes-in-hindi-en
happy birthday wishes in hindi 2026,6,1,1,601,birthday-wishes-in-hindi-en
happy birthday wishes in hindi template,6,1,1,601,birthday-wishes-in-hindi-en
how to birthday wishes in hindi,6,1,1,601,birthday-wishes-in-hindi-en
i birthday wishes in hindi,5,1,1,601,birthday-wishes-in-hindi-en
janamdin ki hardik shubhkamnaye best friend,6,1,1,601,x1
janamdin ki hardik shubhkamnaye dost,5,1,1,601,x1
janamdin ki hardik shubhkamnaye english translation,6,1,1,601,x1
janamdin ki hardik shubhkamnaye for husband,6,1,1,601,x1
janamdin ki hardik shubhkamnaye friend in hindi,7,1,1,601,x1
janamdin ki hardik shubhkamnaye guruji in hindi,7,1,1,601,x1
janamdin ki hardik shubhkamnaye hindi shayari,6,1,1,601,x1
janamdin ki hardik shubhkamnaye jija ji in hindi,8,1,1,601,x1
janamdin ki hardik shubhkamnaye ladle in hindi,7,1,1,601,x1
janamdin ki hardik shubhkamnaye maharaj ji in hindi,8,1,1,601,x1
janamdin ki hardik shubhkamnaye neta ji in hindi,8,1,1,601,x1
janamdin ki hardik shubhkamnaye or badhai,6,1,1,601,x1
janamdin ki hardik shubhkamnaye quotes,5,1,1,601,x1
janamdin ki hardik shubhkamnaye reply in hindi,7,1,1,601,x1
janamdin ki hardik shubhkamnaye sanskrit,5,1,1,601,x1
janamdin ki hardik shubhkamnaye translate in english,7,1,1,601,x1
janamdin ki hardik shubhkamnaye uncle ji in hindi,8,1,1,601,x1
janamdin ki hardik shubhkamnaye vidhayak ji in hindi,8,1,1,601,x1
janamdin ki hardik shubhkamnaye wishes,5,1,1,601,x1
जन्मदिन की हार्दिक शुभकामनाएं 2026,5,1,1,601,x1
जन्मदिन की हार्दिक शुभकामनाएं भैया,5,1,1,601,x1
birthday quotes and wishes,4,1,1,601,birthday-quotes-en
birthday quotes appa,3,1,1,601,birthday-quotes-en
birthday quotes bestie girl,4,1,1,601,birthday-quotes-en
birthday quotes blessings,3,1,1,601,birthday-quotes-en
birthday quotes caption,3,1,1,601,birthday-quotes-en
birthday quotes didi,3,1,1,601,birthday-quotes-en
birthday quotes english for friend,5,1,1,601,birthday-quotes-en
birthday quotes girl best friend,5,1,1,601,birthday-quotes-en
birthday quotes hubby,3,1,1,601,birthday-quotes-en
birthday quotes july,3,1,1,601,birthday-quotes-en
birthday quotes kids girl,4,1,1,601,birthday-quotes-en
birthday quotes little girl,4,1,1,601,birthday-quotes-en
birthday quotes my son,4,1,1,601,birthday-quotes-en
birthday quotes next chapter,4,1,1,601,birthday-quotes-en
birthday quotes on brother,4,1,1,601,birthday-quotes-en
birthday quotes princess,3,1,1,601,birthday-quotes-en
birthday quotes quote garden,4,1,1,601,birthday-quotes-en
birthday quotes religious,3,1,1,601,birthday-quotes-en
birthday quotes students,3,1,1,601,birthday-quotes-en
birthday quotes templates,3,1,1,601,birthday-quotes-en
birthday quotes to mother,4,1,1,601,birthday-quotes-en
birthday quotes universe,3,1,1,601,birthday-quotes-en
birthday quotes verses in bible,5,1,1,601,birthday-quotes-en
birthday zumba quotes,3,1,1,601,birthday-quotes-en
i can smell my birthday quotes,6,1,1,601,birthday-quotes-en
birthday status assamese,3,1,1,601,birthday-status-en
birthday status best friend girl,5,1,1,601,birthday-status-en
birthday status bhai,3,1,1,601,birthday-status-en
birthday status caption for sister,5,1,1,601,birthday-status-en
birthday status design,3,1,1,601,birthday-status-en
birthday status editing online,4,1,1,601,birthday-status-en
birthday status gujarati,3,1,1,601,birthday-status-en
birthday status happy birthday,4,1,1,601,birthday-status-en
birthday status images,3,1,1,601,birthday-status-en
birthday status kaise dalen,4,1,1,601,birthday-status-en
birthday status lagane ke liye,5,1,1,601,birthday-status-en
birthday status maker online,4,1,1,601,birthday-status-en
birthday status my son,4,1,1,601,birthday-status-en
birthday status nepali for friend,5,1,1,601,birthday-status-en
birthday status on daughter,4,1,1,601,birthday-status-en
birthday status on instagram,4,1,1,601,birthday-status-en
birthday status poster,3,1,1,601,birthday-status-en
birthday status quotes for brother,5,1,1,601,birthday-status-en
birthday status ringtone download,4,1,1,601,birthday-status-en
birthday status son,3,1,1,601,birthday-status-en
birthday status to me,4,1,1,601,birthday-status-en
birthday status video editing,4,1,1,601,birthday-status-en
birthday status without photo,4,1,1,601,birthday-status-en
birthday status xori,3,1,1,601,birthday-status-en
happy birthday status,3,1,1,601,birthday-status-en
how can i write birthday status for my sister,9,1,1,601,birthday-status-en
birthday quotes maker,3,1,1,601,birthday-wish-maker-en
birthday wish card maker,4,1,1,601,birthday-wish-maker-en
birthday wish creator free,4,1,1,601,birthday-wish-maker-en
birthday wish gif maker,4,1,1,601,birthday-wish-maker-en
birthday wish image maker,4,1,1,601,birthday-wish-maker-en
birthday wish maker,3,1,1,601,birthday-wish-maker-en
birthday wish photo maker,4,1,1,601,birthday-wish-maker-en
birthday wish song maker,4,1,1,601,birthday-wish-maker-en
birthday wishes card design maker,5,1,1,601,birthday-wish-maker-en
birthday wishes for king maker,5,1,1,601,birthday-wish-maker-en
birthday wishes name maker,4,1,1,601,birthday-wish-maker-en
birthday wishes reel maker,4,1,1,601,birthday-wish-maker-en
jethalal birthday wish video maker,5,1,1,601,birthday-wish-maker-en
birthday caption after celebration,4,1,1,601,birthday-caption-en
birthday caption appreciation,3,1,1,601,birthday-caption-en
birthday caption baby,3,1,1,601,birthday-caption-en
birthday caption best friend boy,5,1,1,601,birthday-caption-en
birthday caption children,3,1,1,601,birthday-caption-en
birthday caption dost,3,1,1,601,birthday-caption-en
birthday caption english for friend,5,1,1,601,birthday-caption-en
birthday caption gf,3,1,1,601,birthday-caption-en
birthday caption husband in english,5,1,1,601,birthday-caption-en
birthday caption june,3,1,1,601,birthday-caption-en
birthday caption long,3,1,1,601,birthday-caption-en
birthday caption my son,4,1,1,601,birthday-caption-en
birthday caption navroba,3,1,1,601,birthday-caption-en
birthday caption of daughter,4,1,1,601,birthday-caption-en
birthday caption papa,3,1,1,601,birthday-caption-en
birthday caption small,3,1,1,601,birthday-caption-en
birthday caption to friend,4,1,1,601,birthday-caption-en
birthday caption urdu,3,1,1,601,birthday-caption-en
birthday caption vahini,3,1,1,601,birthday-caption-en
birthday caption without revealing age,5,1,1,601,birthday-caption-en
birthday captions reddit,3,1,1,601,birthday-caption-en
birthday zumba caption,3,1,1,601,birthday-caption-en
how can i write my birthday captions,7,1,1,601,birthday-caption-en
birthday shayari bhai ke liye,5,1,1,601,birthday-shayari-en
birthday shayari chhote bhai ke liye,6,1,1,601,birthday-shayari-en
birthday shayari dosti,3,1,1,601,birthday-shayari-en
birthday shayari english,3,1,1,601,birthday-shayari-en
birthday shayari girlfriend,3,1,1,601,birthday-shayari-en
birthday shayari jaan,3,1,1,601,birthday-shayari-en
birthday shayari khud ke liye,5,1,1,601,birthday-shayari-en
birthday shayari love in hindi,5,1,1,601,birthday-shayari-en
birthday shayari my love,4,1,1,601,birthday-shayari-en
birthday shayari new,3,1,1,601,birthday-shayari-en
birthday shayari on friend,4,1,1,601,birthday-shayari-en
birthday shayari photo,3,1,1,601,birthday-shayari-en
birthday shayari quotes,3,1,1,601,birthday-shayari-en
birthday shayari romantic,3,1,1,601,birthday-shayari-en
birthday shayari sad,3,1,1,601,birthday-shayari-en
birthday shayari two line,4,1,1,601,birthday-shayari-en
birthday shayari video,3,1,1,601,birthday-shayari-en
birthday shayari wishes,3,1,1,601,birthday-shayari-en
birthday shayari with name,4,1,1,601,birthday-shayari-en
birthday shayari yaar,3,1,1,601,birthday-shayari-en
birthday शायरी हिंदी,3,1,1,601,birthday-shayari-en
happy birthday 2026 shayari,4,1,1,601,birthday-shayari-en
happy birthday shayari app,4,1,1,601,birthday-shayari-en
how to wish birthday shayari,5,1,1,601,birthday-shayari-en
it is my birthday shayari,5,1,1,601,birthday-shayari-en
x birthday shayari,3,1,1,601,birthday-shayari-en
zindagi birthday shayari,3,1,1,601,birthday-shayari-en
happy birthday and happy new year 2026 wishes in hindi,10,1,1,601,x4
happy birthday appi wishes in hindi,6,1,1,601,x4
happy birthday wishes in hindi and english text,8,1,1,601,x4
happy birthday wishes in hindi best friend,7,1,1,601,x4
happy birthday wishes in hindi but written in english,9,1,1,601,x4
happy birthday wishes in hindi heart touching,7,1,1,601,x4
happy birthday wishes in hindi language,6,1,1,601,x4
happy birthday wishes in hindi meaning,6,1,1,601,x4
happy birthday wishes in hindi to friend,7,1,1,601,x4
happy birthday wishes in hindi uncle ji,7,1,1,601,x4
happy birthday wishes in hindi written in english,8,1,1,601,x4
happy birthday wishes template free download,6,1,1,601,x4
appreciation status thank you for birthday wishes,7,1,1,601,x3
how say thank you for birthday wishes,7,1,1,601,x3
thank you for birthday wishes best friend in english,9,1,1,601,x3
thank you for birthday wishes boyfriend,6,1,1,601,x3
thank you for birthday wishes copy paste,7,1,1,601,x3
thank you for birthday wishes didi,6,1,1,601,x3
thank you for birthday wishes for love,7,1,1,601,x3
thank you for birthday wishes free images,7,1,1,601,x3
thank you for birthday wishes husband,6,1,1,601,x3
thank you for birthday wishes in zulu,7,1,1,601,x3
thank you for birthday wishes jesus,6,1,1,601,x3
thank you for birthday wishes kannada text,7,1,1,601,x3
thank you for birthday wishes love to my love,9,1,1,601,x3
thank you for birthday wishes on behalf of my daughter,10,1,1,601,x3
thank you for birthday wishes paragraph,6,1,1,601,x3
thank you for birthday wishes response,6,1,1,601,x3
thank you for birthday wishes template in marathi,8,1,1,601,x3
thank you for birthday wishes unique way,7,1,1,601,x3
thank you for birthday wishes video,6,1,1,601,x3
thank you for birthday wishes with name,7,1,1,601,x3
thank you for birthday wishes you made my day,9,1,1,601,x3
thank you for the birthday wishes in xhosa,8,1,1,601,x3
what to say thank you for birthday wishes,8,1,1,601,x3
जन्मदिन की शुभकामनाएं 2023,4,1,1,601,x2
जन्मदिन की शुभकामनाएं bacha ke liye,6,1,1,601,x2
जन्मदिन की शुभकामनाएं chhattisgarhi,4,1,1,601,x2
जन्मदिन की शुभकामनाएं emoji,4,1,1,601,x2
जन्मदिन की शुभकामनाएं funny in hindi,6,1,1,601,x2
जन्मदिन की शुभकामनाएं gujarati,4,1,1,601,x2
जन्मदिन की शुभकामनाएं hd,4,1,1,601,x2
जन्मदिन की शुभकामनाएं love shayari,5,1,1,601,x2
जन्मदिन की शुभकामनाएं msg,4,1,1,601,x2
जन्मदिन की शुभकामनाएं nepali,4,1,1,601,x2
जन्मदिन की शुभकामनाएं papa ji,5,1,1,601,x2
जन्मदिन की शुभकामनाएं quotes,4,1,1,601,x2
जन्मदिन की शुभकामनाएं rajasthani,4,1,1,601,x2
जन्मदिन की शुभकामनाएं status,4,1,1,601,x2
जन्मदिन की शुभकामनाएं translate to english,6,1,1,601,x2
जन्मदिन की शुभकामनाएं wishes,4,1,1,601,x2
जन्मदिन की शुभकामनाएं yaar,4,1,1,601,x2
जन्मदिन की शुभकामनाएं उत्तर संदेश,5,1,1,601,x2
जन्मदिन की शुभकामनाएं टेम्पलेट,4,1,1,601,x2
जन्मदिन की शुभकामनाएं दी . के लिए,7,1,1,601,x2
जन्मदिन की शुभकामनाएं फ्रेम,4,1,1,601,x2
जन्मदिन की शुभकामनाएं माँ,4,1,1,601,x2
जन्मदिन की हार्दिक शुभकामनाएं jija ji in hindi,8,1,1,601,x2
जन्मदिन की हार्दिक शुभकामनाएं vidhayak ji,6,1,1,601,x2
birthday wishes for big brother in hindi,7,1,1,601,x5
birthday wishes for brother daughter in hindi,7,1,1,601,x5
birthday wishes for brother in hindi one line,8,1,1,601,x5
birthday wishes for brother in hindi poem,7,1,1,601,x5
birthday wishes for brother in roman hindi,7,1,1,601,x5
birthday wishes for jiju like brother in hindi,8,1,1,601,x5
birthday wishes for naughty brother in hindi,7,1,1,601,x5
birthday wishes for younger brother in hindi,7,1,1,601,x5
happy birthday wishes for brother ka hindi,7,1,1,601,x5
unique birthday wishes for brother in hindi,7,1,1,601,x5
can i say happy birthday to myself,7,1,1,600,happy-birthday-en
happy birthday 2026 date,4,1,1,600,happy-birthday-en
happy birthday age is just a number,7,1,1,600,happy-birthday-en
happy birthday anna wishes,4,1,1,600,happy-birthday-en
happy birthday appaji,3,1,1,600,happy-birthday-en
happy birthday bestie quotes,4,1,1,600,happy-birthday-en
happy birthday decoration,3,1,1,600,happy-birthday-en
happy birthday english mein kaise vish karen,7,1,1,600,happy-birthday-en
happy birthday frame,3,1,1,600,happy-birthday-en
happy birthday free song,4,1,1,600,happy-birthday-en
happy birthday greetings,3,1,1,600,happy-birthday-en
happy birthday hubby wishes,4,1,1,600,happy-birthday-en
happy birthday jiju wishes,4,1,1,600,happy-birthday-en
happy birthday kannada movie,4,1,1,600,happy-birthday-en
happy birthday little princess,4,1,1,600,happy-birthday-en
happy birthday maker with photo,5,1,1,600,happy-birthday-en
happy birthday my son,4,1,1,600,happy-birthday-en
happy birthday notes,3,1,1,600,happy-birthday-en
happy birthday onam,3,1,1,600,happy-birthday-en
happy birthday online friend,4,1,1,600,happy-birthday-en
happy birthday piano notes,4,1,1,600,happy-birthday-en
happy birthday reply,3,1,1,600,happy-birthday-en
happy birthday sir,3,1,1,600,happy-birthday-en
happy birthday template,3,1,1,600,happy-birthday-en
happy birthday template free download,5,1,1,600,happy-birthday-en
happy birthday uncle in kannada text,6,1,1,600,happy-birthday-en
happy birthday video maker,4,1,1,600,happy-birthday-en
happy birthday with bible verse,5,1,1,600,happy-birthday-en
happy birthday without words,4,1,1,600,happy-birthday-en
happy birthday xylophone notes,4,1,1,600,happy-birthday-en
happy birthday yash,3,1,1,600,happy-birthday-en
happy birthday zainab,3,1,1,600,happy-birthday-en
how happy birthday in spanish,5,1,1,600,happy-birthday-en
is it happy birthday name or no comma,8,1,1,600,happy-birthday-en
what happy birthday daniel means,5,1,1,600,happy-birthday-en
when happy birthday to you,5,1,1,600,happy-birthday-en
who's the birthday girl,4,1,1,600,happy-birthday-en
why happy birthday to you,5,1,1,600,happy-birthday-en
appreciate the birthday wishes meaning in hindi,7,1,1,600,birthday-wishes-in-hindi-en
birthday wishes capcut template hindi song,6,1,1,600,birthday-wishes-in-hindi-en
birthday wishes in hindi and english for friend,8,1,1,600,birthday-wishes-in-hindi-en
birthday wishes in hindi brother,5,1,1,600,birthday-wishes-in-hindi-en
birthday wishes in hindi copy paste,6,1,1,600,birthday-wishes-in-hindi-en
birthday wishes in hindi daughter,5,1,1,600,birthday-wishes-in-hindi-en
birthday wishes in hindi english for friend,7,1,1,600,birthday-wishes-in-hindi-en
birthday wishes in hindi for younger sister,7,1,1,600,birthday-wishes-in-hindi-en
birthday wishes in hindi god,5,1,1,600,birthday-wishes-in-hindi-en
birthday wishes in hindi islamic,5,1,1,600,birthday-wishes-in-hindi-en
birthday wishes in hindi kids,5,1,1,600,birthday-wishes-in-hindi-en
birthday wishes in hindi line,5,1,1,600,birthday-wishes-in-hindi-en
birthday wishes in hindi my daughter,6,1,1,600,birthday-wishes-in-hindi-en
birthday wishes in hindi neta ji,6,1,1,600,birthday-wishes-in-hindi-en
birthday wishes in hindi or sanskrit,6,1,1,600,birthday-wishes-in-hindi-en
birthday wishes in hindi poem,5,1,1,600,birthday-wishes-in-hindi-en
birthday wishes in hindi reply,5,1,1,600,birthday-wishes-in-hindi-en
birthday wishes in hindi simple,5,1,1,600,birthday-wishes-in-hindi-en
birthday wishes in hindi to english,6,1,1,600,birthday-wishes-in-hindi-en
birthday wishes in hindi unique,5,1,1,600,birthday-wishes-in-hindi-en
birthday wishes in hindi video song download,7,1,1,600,birthday-wishes-in-hindi-en
birthday wishes in other words,5,1,1,600,birthday-wishes-in-hindi-en
birthday wishes shayari in hindi husband,6,1,1,600,birthday-wishes-in-hindi-en
congratulations on your birthday in hindi,6,1,1,600,birthday-wishes-in-hindi-en
how to reply birthday wishes in hindi,7,1,1,600,birthday-wishes-in-hindi-en
husband birthday wishes in hindi quotes,6,1,1,600,birthday-wishes-in-hindi-en
wife birthday wishes in hindi best,6,1,1,600,birthday-wishes-in-hindi-en
x gf ka birthday wishes in hindi,7,1,1,600,birthday-wishes-in-hindi-en
janamdin ki hardik shubhkamnaye bitiya rani in hindi,8,1,1,600,x1
janamdin ki hardik shubhkamnaye didi in hindi,7,1,1,600,x1
janamdin ki hardik shubhkamnaye emoji,5,1,1,600,x1
janamdin ki hardik shubhkamnaye for best friend,7,1,1,600,x1
janamdin ki hardik shubhkamnaye gurudev in hindi,7,1,1,600,x1
janamdin ki hardik shubhkamnaye hindi status,6,1,1,600,x1
janamdin ki hardik shubhkamnaye in hindi best friend,8,1,1,600,x1
janamdin ki hardik shubhkamnaye in odia,6,1,1,600,x1
janamdin ki hardik shubhkamnaye ka dhanyawad in hindi,8,1,1,600,x1
janamdin ki hardik shubhkamnaye love,5,1,1,600,x1
janamdin ki hardik shubhkamnaye mahadev bless you,7,1,1,600,x1
janamdin ki hardik shubhkamnaye nani ji in hindi,8,1,1,600,x1
janamdin ki hardik shubhkamnaye papa,5,1,1,600,x1
janamdin ki hardik shubhkamnaye sir,5,1,1,600,x1
janamdin ki hardik shubhkamnaye tauji in hindi,7,1,1,600,x1
janamdin ki hardik shubhkamnaye urdu,5,1,1,600,x1
janamdin ki hardik shubhkamnaye vakil sahab in hindi,8,1,1,600,x1
janamdin ki hardik shubhkamnaye with photo,6,1,1,600,x1
birthday krishna quotes,3,1,1,600,birthday-quotes-en
birthday quotes about sister,4,1,1,600,birthday-quotes-en
birthday quotes appreciation,3,1,1,600,birthday-quotes-en
birthday quotes baby boy,4,1,1,600,birthday-quotes-en
birthday quotes best friend boy,5,1,1,600,birthday-quotes-en
birthday quotes cousin,3,1,1,600,birthday-quotes-en
birthday quotes daddy,3,1,1,600,birthday-quotes-en
birthday quotes elder brother,4,1,1,600,birthday-quotes-en
birthday quotes girl baby,4,1,1,600,birthday-quotes-en
birthday quotes heart touching,4,1,1,600,birthday-quotes-en
birthday quotes jane austen,4,1,1,600,birthday-quotes-en
birthday quotes long,3,1,1,600,birthday-quotes-en
birthday quotes mother,3,1,1,600,birthday-quotes-en
birthday quotes nice,3,1,1,600,birthday-quotes-en
birthday quotes on mother,4,1,1,600,birthday-quotes-en
birthday quotes professional,3,1,1,600,birthday-quotes-en
birthday quotes queen,3,1,1,600,birthday-quotes-en
birthday quotes rumi,3,1,1,600,birthday-quotes-en
birthday quotes small,3,1,1,600,birthday-quotes-en
birthday quotes to mom,4,1,1,600,birthday-quotes-en
birthday quotes video,3,1,1,600,birthday-quotes-en
birthday upcoming quotes,3,1,1,600,birthday-quotes-en
birthday zen quotes,3,1,1,600,birthday-quotes-en
how can i forget your birthday quotes,7,1,1,600,birthday-quotes-en
it is my birthday quotes,5,1,1,600,birthday-quotes-en
birthday wishes caption for best friend,6,1,1,600,birthday-wishes-en
birthday ka status,3,1,1,600,birthday-status-en
birthday status app free download,5,1,1,600,birthday-status-en
birthday status baby boy,4,1,1,600,birthday-status-en
birthday status captions for myself,5,1,1,600,birthday-status-en
birthday status dost,3,1,1,600,birthday-status-en
birthday status english for husband,5,1,1,600,birthday-status-en
birthday status husband birthday wishes in english,7,1,1,600,birthday-status-en
birthday status ideas for best friend,6,1,1,600,birthday-status-en
birthday status line for sister,5,1,1,600,birthday-status-en
birthday status maker app,4,1,1,600,birthday-status-en
birthday status mein kya likhen,5,1,1,600,birthday-status-en
birthday status nephew,3,1,1,600,birthday-status-en
birthday status on son,4,1,1,600,birthday-status-en
birthday status picture,3,1,1,600,birthday-status-en
birthday status quotes for sister,5,1,1,600,birthday-status-en
birthday status song download,4,1,1,600,birthday-status-en
birthday status to brother,4,1,1,600,birthday-status-en
birthday status video download sharechat,5,1,1,600,birthday-status-en
birthday status wishes for sister,5,1,1,600,birthday-status-en
birthday status with wife,4,1,1,600,birthday-status-en
birthday status xora,3,1,1,600,birthday-status-en
happy birthday status for sister,5,1,1,600,birthday-status-en
how can i write birthday status for my son,9,1,1,600,birthday-status-en
birthday wish banner maker,4,1,1,600,birthday-wish-maker-en
birthday wish collage maker,4,1,1,600,birthday-wish-maker-en
birthday wish gift maker,4,1,1,600,birthday-wish-maker-en
birthday wish list maker,4,1,1,600,birthday-wish-maker-en
birthday wish poster maker,4,1,1,600,birthday-wish-maker-en
birthday wish story maker,4,1,1,600,birthday-wish-maker-en
birthday wish to master,4,1,1,600,birthday-wish-maker-en
birthday wishes for reel maker friend,6,1,1,600,birthday-wish-maker-en
birthday wishes frame maker,4,1,1,600,birthday-wish-maker-en
how to make a birthday card on microsoft word,9,1,1,600,birthday-wish-maker-en
jethalal birthday wish video maker online free,7,1,1,600,birthday-wish-maker-en
birthday caption aai,3,1,1,600,birthday-caption-en
birthday caption best friend bangla,5,1,1,600,birthday-caption-en
birthday caption bhai,3,1,1,600,birthday-caption-en
birthday caption celebrating with friends,5,1,1,600,birthday-caption-en
birthday caption dada,3,1,1,600,birthday-caption-en
birthday caption english my love,5,1,1,600,birthday-caption-en
birthday caption girl best friend,5,1,1,600,birthday-caption-en
birthday caption husband bangla,4,1,1,600,birthday-caption-en
birthday caption jan,3,1,1,600,birthday-caption-en
birthday caption little sister,4,1,1,600,birthday-caption-en
birthday caption mother,3,1,1,600,birthday-caption-en
birthday caption nepali,3,1,1,600,birthday-caption-en
birthday caption on brother,4,1,1,600,birthday-caption-en
birthday caption png,3,1,1,600,birthday-caption-en
birthday caption short for best friend,6,1,1,600,birthday-caption-en
birthday caption to son,4,1,1,600,birthday-caption-en
birthday caption vai,3,1,1,600,birthday-caption-en
birthday captions without mentioning age,5,1,1,600,birthday-caption-en
birthday run caption,3,1,1,600,birthday-caption-en
caption birthday untuk diri sendiri,5,1,1,600,birthday-caption-en
birthday quotes hindi shayari,4,1,1,600,birthday-shayari-en
birthday shayari apne husband ke liye,6,1,1,600,birthday-shayari-en
birthday shayari bestie,3,1,1,600,birthday-shayari-en
birthday shayari beti ke liye,5,1,1,600,birthday-shayari-en
birthday shayari comedy,3,1,1,600,birthday-shayari-en
birthday shayari dost ke liye in hindi,7,1,1,600,birthday-shayari-en
birthday shayari english love,4,1,1,600,birthday-shayari-en
birthday shayari girl,3,1,1,600,birthday-shayari-en
birthday shayari hindi,3,1,1,600,birthday-shayari-en
birthday shayari jaan ke liye,5,1,1,600,birthday-shayari-en
birthday shayari khas dost ke liye,6,1,1,600,birthday-shayari-en
birthday shayari nanad ke liye,5,1,1,600,birthday-shayari-en
birthday shayari odia,3,1,1,600,birthday-shayari-en
birthday shayari princess,3,1,1,600,birthday-shayari-en
birthday shayari rangdari,3,1,1,600,birthday-shayari-en
birthday shayari special,3,1,1,600,birthday-shayari-en
birthday shayari text copy,4,1,1,600,birthday-shayari-en
birthday shayari urdu,3,1,1,600,birthday-shayari-en
birthday shayari vahini,3,1,1,600,birthday-shayari-en
birthday shayari wife in hindi,5,1,1,600,birthday-shayari-en
birthday shayari yaar ke liye,5,1,1,600,birthday-shayari-en
birthday शायरी love,3,1,1,600,birthday-shayari-en
birthday शायरी मराठी love,4,1,1,600,birthday-shayari-en
happy birthday appi shayari,4,1,1,600,birthday-shayari-en
happy birthday x shayari,4,1,1,600,birthday-shayari-en
happy birthday zindagi shayari,4,1,1,600,birthday-shayari-en
how birthday wish,3,1,1,600,birthday-shayari-en
is my birthday shayari,4,1,1,600,birthday-shayari-en
happy birthday papa wishes in hindi quotes,7,1,1,600,x4
happy birthday wishes hindi songs free download,7,1,1,600,x4
happy birthday wishes in hindi 2023,6,1,1,600,x4
happy birthday wishes in hindi apne bete ke liye,9,1,1,600,x4
happy birthday wishes in hindi best friend girl,8,1,1,600,x4
happy birthday wishes in hindi children,6,1,1,600,x4
happy birthday wishes in hindi for younger brother,8,1,1,600,x4
happy birthday wishes in hindi gif,6,1,1,600,x4
happy birthday wishes in hindi hubby,6,1,1,600,x4
happy birthday wishes in hindi me,6,1,1,600,x4
happy birthday wishes in hindi pati ke liye,8,1,1,600,x4
happy birthday wishes in hindi to brother,7,1,1,600,x4
happy birthday wishes in hindi voice,6,1,1,600,x4
happy birthday wishes in hindi word,6,1,1,600,x4
happy birthday wishes template,4,1,1,600,x4
happy birthday xora wishes in nepali text in hindi,9,1,1,600,x4
appreciation thank you for birthday wishes,6,1,1,600,x3
how to thank you for birthday wishes in group,9,1,1,600,x3
i thank you for birthday wishes,6,1,1,600,x3
is thank you for the birthday wishes a saying,9,1,1,600,x3
thank you for birthday wishes aesthetic,6,1,1,600,x3
thank you for birthday wishes colleagues,6,1,1,600,x3
thank you for birthday wishes design,6,1,1,600,x3
thank you for birthday wishes freepik,6,1,1,600,x3
thank you for birthday wishes girlfriend,6,1,1,600,x3
thank you for birthday wishes jaan,6,1,1,600,x3
thank you for birthday wishes life partner,7,1,1,600,x3
thank you for birthday wishes message,6,1,1,600,x3
thank you for birthday wishes new style,7,1,1,600,x3
thank you for birthday wishes on behalf of my husband,10,1,1,600,x3
thank you for birthday wishes post,6,1,1,600,x3
thank you for birthday wishes reply in marathi,8,1,1,600,x3
thank you for birthday wishes sample,6,1,1,600,x3
thank you for birthday wishes simple in english,8,1,1,600,x3
thank you for birthday wishes twitter,6,1,1,600,x3
thank you for birthday wishes urdu,6,1,1,600,x3
thank you for birthday wishes words,6,1,1,600,x3
thank you message for birthday wishes best friend,8,1,1,600,x3
thank you message for birthday wishes yesterday,7,1,1,600,x3
what to say thank you for birthday wishes on facebook,10,1,1,600,x3
which emoji for birthday wishes,5,1,1,600,birthday-wishes-hi
जन्मदिन की शुभकामनाएं 2024,4,1,1,600,x2
जन्मदिन की शुभकामनाएं bestie,4,1,1,600,x2
जन्मदिन की शुभकामनाएं bf,4,1,1,600,x2
जन्मदिन की शुभकामनाएं chote bhai,5,1,1,600,x2
जन्मदिन की शुभकामनाएं dhanyawad,4,1,1,600,x2
जन्मदिन की शुभकामनाएं english meaning,5,1,1,600,x2
जन्मदिन की शुभकामनाएं for friend,5,1,1,600,x2
जन्मदिन की शुभकामनाएं gf hindi,5,1,1,600,x2
जन्मदिन की शुभकामनाएं in odia,5,1,1,600,x2
जन्मदिन की शुभकामनाएं logo,4,1,1,600,x2
जन्मदिन की शुभकामनाएं motivation,4,1,1,600,x2
जन्मदिन की शुभकामनाएं nanad,4,1,1,600,x2
जन्मदिन की शुभकामनाएं photo,4,1,1,600,x2
जन्मदिन की शुभकामनाएं rekhta,4,1,1,600,x2
जन्मदिन की शुभकामनाएं sir हिंदी में,6,1,1,600,x2
जन्मदिन की शुभकामनाएं teacher,4,1,1,600,x2
जन्मदिन की शुभकामनाएं अपने लिए,5,1,1,600,x2
जन्मदिन की शुभकामनाएं जोक्स,4,1,1,600,x2
जन्मदिन की शुभकामनाएं माँ के लिए,6,1,1,600,x2
जन्मदिन की शुभकामनाएं या बधाई,5,1,1,600,x2
जन्मदिन की हार्दिक शुभकामनाएं bhabhi ji in hindi,8,1,1,600,x2
जन्मदिन की हार्दिक शुभकामनाएं quotes,5,1,1,600,x2
जन्मदिन की हार्दिक शुभकामनाएं wife,5,1,1,600,x2
birthday wishes for brother in hindi funny shayari,8,1,1,600,x5
birthday wishes for brother in hindi marathi,7,1,1,600,x5
birthday wishes for brother in hindi paragraph,7,1,1,600,x5
birthday wishes for brother in hindi translation,7,1,1,600,x5
birthday wishes for brother on hindi,6,1,1,600,x5
birthday wishes for brother इन हिंदी,6,1,1,600,x5
birthday wishes for dead brother in hindi,7,1,1,600,x5
birthday wishes for gangster brother in hindi,7,1,1,600,x5
birthday wishes quotes for big brother in hindi,8,1,1,600,x5
heart touching birthday wishes for brother ka hindi,8,1,1,600,x5
jokes funny birthday wishes in hindi for brother,8,1,1,600,x5
unique birthday wishes for big brother in hindi,8,1,1,600,x5
can i say happy birthday to you,7,1,1,562,happy-birthday-en
happy birthday daughter wishes,4,1,1,562,happy-birthday-en
happy birthday mom,3,1,1,562,happy-birthday-en
happy birthday nephew,3,1,1,562,happy-birthday-en
happy birthday papa,3,1,1,562,happy-birthday-en
happy birthday xori wishes nepali,5,1,1,562,happy-birthday-en
what happy birthday in arrears,5,1,1,562,happy-birthday-en
birthday wishes in hindi child,5,1,1,562,birthday-wishes-in-hindi-en
birthday wishes in hindi krishna,5,1,1,562,birthday-wishes-in-hindi-en
birthday wishes in hindi me,5,1,1,562,birthday-wishes-in-hindi-en
birthday wishes in hindi political,5,1,1,562,birthday-wishes-in-hindi-en
birthday wishes in hindi roman,5,1,1,562,birthday-wishes-in-hindi-en
birthday wishes in hindi uncle,5,1,1,562,birthday-wishes-in-hindi-en
how to thanks for birthday wishes in hindi,8,1,1,562,birthday-wishes-in-hindi-en
new birthday wishes hindi,4,1,1,562,birthday-wishes-in-hindi-en
janamdin ki hardik shubhkamnaye aunty ji in hindi,8,1,1,562,x1
janamdin ki hardik shubhkamnaye chote bhai in hindi,8,1,1,562,x1
janamdin ki hardik shubhkamnaye dost ko,6,1,1,562,x1
janamdin ki hardik shubhkamnaye fufa ji in hindi,8,1,1,562,x1
janamdin ki hardik shubhkamnaye guru ji,6,1,1,562,x1
janamdin ki hardik shubhkamnaye in rajasthani,6,1,1,562,x1
janamdin ki hardik shubhkamnaye jija ji,6,1,1,562,x1
janamdin ki hardik shubhkamnaye letter in hindi,7,1,1,562,x1
janamdin ki hardik shubhkamnaye nanaji in hindi,7,1,1,562,x1
janamdin ki hardik shubhkamnaye priya mitra,6,1,1,562,x1
birthday approaching quotes,3,1,1,562,birthday-quotes-en
birthday greetings online,3,1,1,562,birthday-quotes-en
birthday status app free,4,1,1,562,birthday-status-en
happy birthday status for brother,5,1,1,562,birthday-status-en
birthday caption vai ke niye,5,1,1,562,birthday-caption-en
happy birthday caption for me,5,1,1,562,birthday-caption-en
birthday shayari assamese,3,1,1,562,birthday-shayari-en
birthday shayari best friend girl,5,1,1,562,birthday-shayari-en
birthday shayari gf ke liye,5,1,1,562,birthday-shayari-en
birthday shayari husband ke liye,5,1,1,562,birthday-shayari-en
birthday shayari marathi,3,1,1,562,birthday-shayari-en
birthday shayari nepali,3,1,1,562,birthday-shayari-en
birthday shayari odia text,4,1,1,562,birthday-shayari-en
birthday shayari papa ke liye,5,1,1,562,birthday-shayari-en
birthday shayari rekhta,3,1,1,562,birthday-shayari-en
birthday shayari to me,4,1,1,562,birthday-shayari-en
birthday shayari urdu in hindi text,6,1,1,562,birthday-shayari-en
birthday shayari voice,3,1,1,562,birthday-shayari-en
birthday shayari yaari,3,1,1,562,birthday-shayari-en
happy birthday sister wishes in hindi quotes,7,1,1,562,x4
happy birthday wishes in hindi bestie,6,1,1,562,x4
happy birthday wishes in hindi official,6,1,1,562,x4
happy birthday wishes in hindi professional,6,1,1,562,x4
happy birthday wishes in hindi romantic,6,1,1,562,x4
how do i say thank you for birthday wishes,9,1,1,562,x3
how to thank you for birthday wishes to friends,9,1,1,562,x3
if someone says thank you for birthday wishes what to reply,11,1,1,562,x3
thank you for birthday wishes and celebration,7,1,1,562,x3
thank you for birthday wishes card in marathi,8,1,1,562,x3
thank you for birthday wishes emotional,6,1,1,562,x3
thank you for birthday wishes how to say,8,1,1,562,x3
thank you for birthday wishes images free download,8,1,1,562,x3
thank you for birthday wishes video download with music,9,1,1,562,x3
thank you for the birthday wishes much appreciated,8,1,1,562,x3
what to reply thank you for birthday wishes,8,1,1,562,x3
जन्मदिन की शुभकामनाएं chacha ji,5,1,1,562,x2
जन्मदिन की शुभकामनाएं के लिए आभार,6,1,1,562,x2
जन्मदिन की शुभकामनाएं न,4,1,1,562,x2
birthday wishes for brother in hindi shayari attitude,8,1,1,562,x5
can i wish happy birthday,5,1,1,561,happy-birthday-en
happy birthday dad,3,1,1,561,happy-birthday-en
happy birthday girl,3,1,1,561,happy-birthday-en
happy birthday jaan wishes,4,1,1,561,happy-birthday-en
happy birthday mama,3,1,1,561,happy-birthday-en
happy birthday niece wishes,4,1,1,561,happy-birthday-en
happy birthday png,3,1,1,561,happy-birthday-en
happy birthday ribbon,3,1,1,561,happy-birthday-en
happy birthday template video download,5,1,1,561,happy-birthday-en
happy birthday to you song,5,1,1,561,happy-birthday-en
happy birthday video song,4,1,1,561,happy-birthday-en
happy birthday xora wishes in nepali text,7,1,1,561,happy-birthday-en
how happy birthday to you,5,1,1,561,happy-birthday-en
what happy birthday meaning,4,1,1,561,happy-birthday-en
which happy birthday song,4,1,1,561,happy-birthday-en
who's the birthday boy,4,1,1,561,happy-birthday-en
birthday wishes in hindi beta,5,1,1,561,birthday-wishes-in-hindi-en
birthday wishes in hindi comedy,5,1,1,561,birthday-wishes-in-hindi-en
birthday wishes in hindi didi,5,1,1,561,birthday-wishes-in-hindi-en
birthday wishes in hindi for respected person,7,1,1,561,birthday-wishes-in-hindi-en
birthday wishes in hindi mama,5,1,1,561,birthday-wishes-in-hindi-en
birthday wishes in hindi new style,6,1,1,561,birthday-wishes-in-hindi-en
birthday wishes in hindi paragraph,5,1,1,561,birthday-wishes-in-hindi-en
birthday wishes in hindi thank you,6,1,1,561,birthday-wishes-in-hindi-en
birthday wishes in hindi to brother,6,1,1,561,birthday-wishes-in-hindi-en
birthday wishes in hindi uncle ji,6,1,1,561,birthday-wishes-in-hindi-en
wife birthday wishes in hindi quotes,6,1,1,561,birthday-wishes-in-hindi-en
janamdin ki hardik shubhkamnaye aur badhai in hindi,8,1,1,561,x1
janamdin ki hardik shubhkamnaye chachi ji in hindi,8,1,1,561,x1
janamdin ki hardik shubhkamnaye dear in hindi,7,1,1,561,x1
janamdin ki hardik shubhkamnaye english to hindi,7,1,1,561,x1
janamdin ki hardik shubhkamnaye font,5,1,1,561,x1
janamdin ki hardik shubhkamnaye gif,5,1,1,561,x1
janamdin ki hardik shubhkamnaye hindi message,6,1,1,561,x1
janamdin ki hardik shubhkamnaye jiju in hindi,7,1,1,561,x1
janamdin ki hardik shubhkamnaye ke liye dhanyawad,7,1,1,561,x1
janamdin ki hardik shubhkamnaye life partner,6,1,1,561,x1
janamdin ki hardik shubhkamnaye maa in hindi,7,1,1,561,x1
janamdin ki hardik shubhkamnaye netaji,5,1,1,561,x1
janamdin ki hardik shubhkamnaye pitaji in hindi,7,1,1,561,x1
janamdin ki hardik shubhkamnaye thakur sahab in hindi,8,1,1,561,x1
जन्मदिन ki hardik shubhkamnaye,4,1,1,561,x1
birthday appreciation quotes to people,5,1,1,561,birthday-quotes-en
birthday quotes related to flowers,5,1,1,561,birthday-quotes-en
birthday quotes vahini,3,1,1,561,birthday-quotes-en
birthday status aai in marathi,5,1,1,561,birthday-status-en
birthday status application,3,1,1,561,birthday-status-en
birthday status maker ai,4,1,1,561,birthday-status-en
birthday status niece,3,1,1,561,birthday-status-en
happy birthday status for my son,6,1,1,561,birthday-status-en
how can i write birthday status,6,1,1,561,birthday-status-en
birthday wishes animation maker,4,1,1,561,birthday-wish-maker-en
happy birthday wishes maker with photo,6,1,1,561,birthday-wish-maker-en
birthday caption little boy,4,1,1,561,birthday-caption-en
birthday caption video,3,1,1,561,birthday-caption-en
birthday rides caption,3,1,1,561,birthday-caption-en
happy birthday caption for mummy,5,1,1,561,birthday-caption-en
birthday shayari attitude boy,4,1,1,561,birthday-shayari-en
birthday shayari best friend english,5,1,1,561,birthday-shayari-en
birthday shayari girlfriend ke liye,5,1,1,561,birthday-shayari-en
birthday shayari jigri,3,1,1,561,birthday-shayari-en
birthday shayari kids,3,1,1,561,birthday-shayari-en
birthday shayari love couple,4,1,1,561,birthday-shayari-en
birthday shayari my love in hindi,6,1,1,561,birthday-shayari-en
birthday shayari navroba,3,1,1,561,birthday-shayari-en
birthday shayari on sister,4,1,1,561,birthday-shayari-en
birthday shayari pyar ke liye,5,1,1,561,birthday-shayari-en
birthday shayari roman english,4,1,1,561,birthday-shayari-en
birthday shayari teacher ke liye,5,1,1,561,birthday-shayari-en
birthday shayari urdu mein,4,1,1,561,birthday-shayari-en
birthday shayari with friend,4,1,1,561,birthday-shayari-en
birthday wish shayari,3,1,1,561,birthday-shayari-en
birthday yaad shayari,3,1,1,561,birthday-shayari-en
birthday शायरी,2,1,1,561,birthday-shayari-en
बर्थडे शायरी हिंदी,3,1,1,561,birthday-shayari-en
happy birthday beta wishes in hindi quotes,7,1,1,561,x4
happy birthday papa wishes in hindi one line,8,1,1,561,x4
happy birthday wishes in hindi best friend boy,8,1,1,561,x4
happy birthday wishes in hindi bible verses,7,1,1,561,x4
happy birthday wishes in hindi chote bache ke liye,9,1,1,561,x4
happy birthday wishes in hindi didi,6,1,1,561,x4
happy birthday wishes in hindi english love,7,1,1,561,x4
happy birthday wishes in hindi for respected person,8,1,1,561,x4
happy birthday wishes in hindi for younger sister,8,1,1,561,x4
happy birthday wishes in hindi hd,6,1,1,561,x4
happy birthday wishes in hindi my son,7,1,1,561,x4
happy birthday wishes in hindi paragraph,6,1,1,561,x4
happy birthday wishes in hindi to sir,7,1,1,561,x4
happy birthday wishes in hindi uncle,6,1,1,561,x4
how do i say thank you for birthday wishes on facebook,11,1,1,561,x3
how tell thank you for birthday wishes,7,1,1,561,x3
thank you for birthday wishes and blessings,7,1,1,561,x3
thank you for birthday wishes by friends,7,1,1,561,x3
thank you for birthday wishes english,6,1,1,561,x3
thank you for birthday wishes greeting card,7,1,1,561,x3
thank you for birthday wishes hindi meaning,7,1,1,561,x3
thank you for birthday wishes my son,7,1,1,561,x3
thank you for birthday wishes photos,6,1,1,561,x3
thank you for birthday wishes simple quotes,7,1,1,561,x3
thank you for birthday wishes stickers free download,8,1,1,561,x3
thank you for birthday wishes to my daughter,8,1,1,561,x3
thank you for the birthday wishes much appreciated quotes,9,1,1,561,x3
thank you for your birthday wishes,6,1,1,561,x3
thank you message for birthday wishes unique,7,1,1,561,x3
thank you message for birthday wishes video,7,1,1,561,x3
thank you reply for birthday wishes best friend,8,1,1,561,x3
what to reply after thank you for birthday wishes,9,1,1,561,x3
birthday wishes english and hindi,5,1,1,561,birthday-wishes-hi
birthday wishes jija,3,1,1,561,birthday-wishes-hi
birthday wishes line,3,1,1,561,birthday-wishes-hi
जन्मदिन की शुभकामनाएं comedy,4,1,1,561,x2
जन्मदिन की शुभकामनाएं funny,4,1,1,561,x2
जन्मदिन की शुभकामनाएं इन हिंदी,5,1,1,561,x2
जन्मदिन की शुभकामनाएं के लिए धन्यवाद,6,1,1,561,x2
जन्मदिन की हार्दिक शुभकामनाएं wishes,5,1,1,561,x2
birthday wishes for brother hindi line,6,1,1,561,x5
birthday wishes for brother hindi me,6,1,1,561,x5
birthday wishes for brother in hindi shayari funny,8,1,1,561,x5
birthday wishes for brother in hindi two lines,8,1,1,561,x5
birthday wishes for cousin brother in hindi,7,1,1,561,x5
blessing birthday wishes for brother in hindi,7,1,1,561,x5
can i sing happy birthday to you,7,1,1,560,happy-birthday-en
happy birthday bro,3,1,1,560,happy-birthday-en
happy birthday didi,3,1,1,560,happy-birthday-en
happy birthday eve meaning in hindi,6,1,1,560,happy-birthday-en
happy birthday for son,4,1,1,560,happy-birthday-en
happy birthday gift,3,1,1,560,happy-birthday-en
happy birthday jijaji,3,1,1,560,happy-birthday-en
happy birthday little sister,4,1,1,560,happy-birthday-en
happy birthday maker song,4,1,1,560,happy-birthday-en
happy birthday message,3,1,1,560,happy-birthday-en
happy birthday name style,4,1,1,560,happy-birthday-en
happy birthday outline,3,1,1,560,happy-birthday-en
happy birthday prompt,3,1,1,560,happy-birthday-en
happy birthday ravi,3,1,1,560,happy-birthday-en
happy birthday template pinterest,4,1,1,560,happy-birthday-en
happy birthday to my best friend,6,1,1,560,happy-birthday-en
happy birthday vn code,4,1,1,560,happy-birthday-en
happy birthday with name and photo,6,1,1,560,happy-birthday-en
happy birthday without music,4,1,1,560,happy-birthday-en
happy birthday xori nepali,4,1,1,560,happy-birthday-en
happy birthday you,3,1,1,560,happy-birthday-en
happy birthday zoya,3,1,1,560,happy-birthday-en
how happy birthday in french,5,1,1,560,happy-birthday-en
what's happy birthday in french,5,1,1,560,happy-birthday-en
when happy birthday jesus,4,1,1,560,happy-birthday-en
birthday wishes in hindi aunty,5,1,1,560,birthday-wishes-in-hindi-en
birthday wishes in hindi bhai,5,1,1,560,birthday-wishes-in-hindi-en
birthday wishes in hindi bible verses,6,1,1,560,birthday-wishes-in-hindi-en
birthday wishes in hindi chote bhai,6,1,1,560,birthday-wishes-in-hindi-en
birthday wishes in hindi didi ke liye,7,1,1,560,birthday-wishes-in-hindi-en
birthday wishes in hindi english love,6,1,1,560,birthday-wishes-in-hindi-en
birthday wishes in hindi for jigri yaar,7,1,1,560,birthday-wishes-in-hindi-en
birthday wishes in hindi long,5,1,1,560,birthday-wishes-in-hindi-en
birthday wishes in hindi my love,6,1,1,560,birthday-wishes-in-hindi-en
birthday wishes in hindi new,5,1,1,560,birthday-wishes-in-hindi-en
birthday wishes in hindi poetry,5,1,1,560,birthday-wishes-in-hindi-en
birthday wishes in hindi son,5,1,1,560,birthday-wishes-in-hindi-en
birthday wishes in hindi to sister,6,1,1,560,birthday-wishes-in-hindi-en
birthday wishes in urdu hindi text,6,1,1,560,birthday-wishes-in-hindi-en
husband birthday wishes in hindi romantic,6,1,1,560,birthday-wishes-in-hindi-en
papa birthday wishes in hindi quotes,6,1,1,560,birthday-wishes-in-hindi-en
janamdin ki hardik shubhkamnaye aapko,5,1,1,560,x1
janamdin ki hardik shubhkamnaye abhar in hindi,7,1,1,560,x1
janamdin ki hardik shubhkamnaye chacha ji,6,1,1,560,x1
janamdin ki hardik shubhkamnaye dost in hindi,7,1,1,560,x1
janamdin ki hardik shubhkamnaye friend,5,1,1,560,x1
janamdin ki hardik shubhkamnaye gujarati,5,1,1,560,x1
janamdin ki hardik shubhkamnaye hindi translation,6,1,1,560,x1
janamdin ki hardik shubhkamnaye in english meaning,7,1,1,560,x1
janamdin ki hardik shubhkamnaye in rajasthani language,7,1,1,560,x1
janamdin ki hardik shubhkamnaye jeevansathi,5,1,1,560,x1
janamdin ki hardik shubhkamnaye khatu shyam ji,7,1,1,560,x1
janamdin ki hardik shubhkamnaye lala ji in hindi,8,1,1,560,x1
janamdin ki hardik shubhkamnaye mausa ji in hindi,8,1,1,560,x1
janamdin ki hardik shubhkamnaye nepali,5,1,1,560,x1
janamdin ki hardik shubhkamnaye poster,5,1,1,560,x1
janamdin ki hardik shubhkamnaye shayari,5,1,1,560,x1
janamdin ki hardik shubhkamnaye text,5,1,1,560,x1
janamdin ki hardik shubhkamnaye uncle ji,6,1,1,560,x1
janamdin ki hardik shubhkamnaye wallpaper,5,1,1,560,x1
birthday appreciation quotes for friends,5,1,1,560,birthday-quotes-en
birthday greetings free,3,1,1,560,birthday-quotes-en
birthday greetings template,3,1,1,560,birthday-quotes-en
birthday quotes devar ji,4,1,1,560,birthday-quotes-en
birthday quotes gf,3,1,1,560,birthday-quotes-en
birthday quotes jijaji,3,1,1,560,birthday-quotes-en
birthday quotes my daughter,4,1,1,560,birthday-quotes-en
birthday quotes related to bible,5,1,1,560,birthday-quotes-en
birthday quotes vadina,3,1,1,560,birthday-quotes-en
birthday wishes quotes in kannada for friend,7,1,1,560,birthday-wishes-en
birthday message using taylor swift lyrics,6,1,1,560,birthday-status-en
birthday status about son,4,1,1,560,birthday-status-en
birthday status caption for best friend,6,1,1,560,birthday-status-en
birthday status maker free,4,1,1,560,birthday-status-en
birthday status message for wife,5,1,1,560,birthday-status-en
birthday status sister,3,1,1,560,birthday-status-en
birthday status video for daughter,5,1,1,560,birthday-status-en
birthday status with husband,4,1,1,560,birthday-status-en
happy birthday status for mom,5,1,1,560,birthday-status-en
how can i write my birthday status,7,1,1,560,birthday-status-en
happy birthday wishes maker with name,6,1,1,560,birthday-wish-maker-en
marathi birthday wishes banner maker,5,1,1,560,birthday-wish-maker-en
birthday caption august,3,1,1,560,birthday-caption-en
birthday caption bangla,3,1,1,560,birthday-caption-en
birthday caption dad,3,1,1,560,birthday-caption-en
birthday caption girl instagram,4,1,1,560,birthday-caption-en
birthday caption husband marathi,4,1,1,560,birthday-caption-en
birthday caption love boy,4,1,1,560,birthday-caption-en
birthday caption me,3,1,1,560,birthday-caption-en
birthday caption nonchalant,3,1,1,560,birthday-caption-en
birthday caption post for myself,5,1,1,560,birthday-caption-en
birthday caption verse for myself,5,1,1,560,birthday-caption-en
birthday captions january,3,1,1,560,birthday-caption-en
birthday unlocked caption,3,1,1,560,birthday-caption-en
birthday shayari apne pyar ke liye,6,1,1,560,birthday-shayari-en
birthday shayari best friend in hindi,6,1,1,560,birthday-shayari-en
birthday shayari beta,3,1,1,560,birthday-shayari-en
birthday shayari emoji ke sath,5,1,1,560,birthday-shayari-en
birthday shayari girl in hindi,5,1,1,560,birthday-shayari-en
birthday shayari husband,3,1,1,560,birthday-shayari-en
birthday shayari jiju ke liye,5,1,1,560,birthday-shayari-en
birthday shayari ke liye,4,1,1,560,birthday-shayari-en
birthday shayari love in hindi text,6,1,1,560,birthday-shayari-en
birthday shayari my wife,4,1,1,560,birthday-shayari-en
birthday shayari of love,4,1,1,560,birthday-shayari-en
birthday shayari patidev,3,1,1,560,birthday-shayari-en
birthday shayari rangdari wala,4,1,1,560,birthday-shayari-en
birthday shayari sali ke liye,5,1,1,560,birthday-shayari-en
birthday shayari to wife,4,1,1,560,birthday-shayari-en
birthday shayari urdu in english,5,1,1,560,birthday-shayari-en
birthday shayari with sister,4,1,1,560,birthday-shayari-en
happy birthday shayari video।,4,1,1,560,birthday-shayari-en
name birthday shayari,3,1,1,560,birthday-shayari-en
happy birthday maa wishes in hindi quotes,7,1,1,560,x4
happy birthday wishes for friend in hindi video download,9,1,1,560,x4
happy birthday wishes hindi or english text,7,1,1,560,x4
happy birthday wishes in hindi and sanskrit,7,1,1,560,x4
happy birthday wishes in hindi bestie girl,7,1,1,560,x4
happy birthday wishes in hindi comedy,6,1,1,560,x4
happy birthday wishes in hindi dost ko,7,1,1,560,x4
happy birthday wishes in hindi english text copy and paste,10,1,1,560,x4
happy birthday wishes in hindi for health,7,1,1,560,x4
happy birthday wishes in hindi guru ji,7,1,1,560,x4
happy birthday wishes in hindi islamic,6,1,1,560,x4
happy birthday wishes in hindi jivan sathi,7,1,1,560,x4
happy birthday wishes in hindi love shayari,7,1,1,560,x4
happy birthday wishes in hindi nephew,6,1,1,560,x4
happy birthday wishes in hindi patidev,6,1,1,560,x4
happy birthday wishes in hindi thank you,7,1,1,560,x4
happy birthday wishes in hindi translation,6,1,1,560,x4
happy birthday wishes in urdu hindi text,7,1,1,560,x4
how to thank you for birthday wishes on facebook,9,1,1,560,x3
thank you for birthday wishes all friends,7,1,1,560,x3
thank you for birthday wishes brother,6,1,1,560,x3
thank you for birthday wishes dear,6,1,1,560,x3
thank you for birthday wishes emoji text,7,1,1,560,x3
thank you for birthday wishes group,6,1,1,560,x3
thank you for birthday wishes hd images,7,1,1,560,x3
thank you for birthday wishes my best friend,8,1,1,560,x3
thank you for birthday wishes religious,6,1,1,560,x3
thank you for birthday wishes short quotes,7,1,1,560,x3
thank you for birthday wishes to my son,8,1,1,560,x3
thank you for my birthday wishes card,7,1,1,560,x3
thank you for the birthday wishes i really appreciate it,10,1,1,560,x3
thank you for the birthday wishes ka matlab,8,1,1,560,x3
thank you for your birthday wishes images,7,1,1,560,x3
thank you message for birthday wishes in urdu shayari,9,1,1,560,x3
thank you very for birthday wishes,6,1,1,560,x3
what to say after thank you for birthday wishes,9,1,1,560,x3
जन्मदिन की शुभकामनाएं copy paste,5,1,1,560,x2
जन्मदिन की शुभकामनाएं didi,4,1,1,560,x2
जन्मदिन की शुभकामनाएं gf in english,6,1,1,560,x2
जन्मदिन की शुभकामनाएं line,4,1,1,560,x2
जन्मदिन की शुभकामनाएं png text,5,1,1,560,x2
जन्मदिन की शुभकामनाएं translate,4,1,1,560,x2
जन्मदिन की शुभकामनाएं इन संस्कृत,5,1,1,560,x2
जन्मदिन की हार्दिक शुभकामनाएं english,5,1,1,560,x2
जन्मदिन की हार्दिक शुभकामनाएं wishes in hindi,7,1,1,560,x2
best birthday wishes for big brother in hindi,8,1,1,560,x5
birthday wishes for big brother in hindi and english,9,1,1,560,x5
birthday wishes for brother in hindi song,7,1,1,560,x5
birthday wishes for chote brother in hindi,7,1,1,560,x5
short birthday wishes for brother in hindi funny,8,1,1,560,x5
short birthday wishes for brother in law hindi,8,1,1,560,x5
can i say happy birthday to my friend,8,1,1,559,happy-birthday-en
happy birthday cake with name,5,1,1,559,happy-birthday-en
happy birthday daughter,3,1,1,559,happy-birthday-en
happy birthday elder sister,4,1,1,559,happy-birthday-en
happy birthday guitar chords,4,1,1,559,happy-birthday-en
happy birthday hindi,3,1,1,559,happy-birthday-en
happy birthday janu,3,1,1,559,happy-birthday-en
happy birthday logo,3,1,1,559,happy-birthday-en
happy birthday magale,3,1,1,559,happy-birthday-en
happy birthday maker with name,5,1,1,559,happy-birthday-en
happy birthday name song,4,1,1,559,happy-birthday-en
happy birthday on piano,4,1,1,559,happy-birthday-en
happy birthday online editing,4,1,1,559,happy-birthday-en
happy birthday papa wishes,4,1,1,559,happy-birthday-en
happy birthday rashmi,3,1,1,559,happy-birthday-en
happy birthday sticker,3,1,1,559,happy-birthday-en
happy birthday template vn,4,1,1,559,happy-birthday-en
happy birthday to my daughter,5,1,1,559,happy-birthday-en
happy birthday wish kaise kare,5,1,1,559,happy-birthday-en
happy birthday with photo,4,1,1,559,happy-birthday-en
happy birthday without cake,4,1,1,559,happy-birthday-en
happy birthday xori,3,1,1,559,happy-birthday-en
happy birthday yajamanre,3,1,1,559,happy-birthday-en
happy birthday zain song,4,1,1,559,happy-birthday-en
how happy birthday song,4,1,1,559,happy-birthday-en
is it happy birthday comma name,6,1,1,559,happy-birthday-en
when the birthday of virat kohli,6,1,1,559,happy-birthday-en
which myself happy birthday,4,1,1,559,happy-birthday-en
who's the birthday today,4,1,1,559,happy-birthday-en
birthday quotes in hindi for younger brother,7,1,1,559,birthday-wishes-in-hindi-en
birthday wishes for wife in hindi video download,8,1,1,559,birthday-wishes-in-hindi-en
birthday wishes in hindi bhai ke liye,7,1,1,559,birthday-wishes-in-hindi-en
birthday wishes in hindi card,5,1,1,559,birthday-wishes-in-hindi-en
birthday wishes in hindi dost ko,6,1,1,559,birthday-wishes-in-hindi-en
birthday wishes in hindi english for best friend,8,1,1,559,birthday-wishes-in-hindi-en
birthday wishes in hindi english text copy and paste,9,1,1,559,birthday-wishes-in-hindi-en
birthday wishes in hindi for nephew,6,1,1,559,birthday-wishes-in-hindi-en
birthday wishes in hindi for office colleague,7,1,1,559,birthday-wishes-in-hindi-en
birthday wishes in hindi for relatives,6,1,1,559,birthday-wishes-in-hindi-en
birthday wishes in hindi life partner,6,1,1,559,birthday-wishes-in-hindi-en
birthday wishes in hindi message,5,1,1,559,birthday-wishes-in-hindi-en
birthday wishes in hindi papa,5,1,1,559,birthday-wishes-in-hindi-en
birthday wishes in hindi short line,6,1,1,559,birthday-wishes-in-hindi-en
birthday wishes in hindi translation,5,1,1,559,birthday-wishes-in-hindi-en
birthday wishes in urdu hindi for friend,7,1,1,559,birthday-wishes-in-hindi-en
birthday wishes in हिन्दी,4,1,1,559,birthday-wishes-in-hindi-en
jiju birthday wishes in hindi and english,7,1,1,559,birthday-wishes-in-hindi-en
sister birthday wishes in hindi quotes,6,1,1,559,birthday-wishes-in-hindi-en
x ke liye birthday wishes in hindi,7,1,1,559,birthday-wishes-in-hindi-en
janamdin ki hardik shubhkamnaye ardhangini in hindi,7,1,1,559,x1
janamdin ki hardik shubhkamnaye bitiya rani,6,1,1,559,x1
janamdin ki hardik shubhkamnaye chote in hindi,7,1,1,559,x1
janamdin ki hardik shubhkamnaye didi,5,1,1,559,x1
janamdin ki hardik shubhkamnaye english mein kaise den,8,1,1,559,x1
janamdin ki hardik shubhkamnaye fufa ji,6,1,1,559,x1
janamdin ki hardik shubhkamnaye girlfriend,5,1,1,559,x1
janamdin ki hardik shubhkamnaye hukum in hindi,7,1,1,559,x1
janamdin ki hardik shubhkamnaye jiju,5,1,1,559,x1
janamdin ki hardik shubhkamnaye ka dhanyawad,6,1,1,559,x1
janamdin ki hardik shubhkamnaye ladki ke liye,7,1,1,559,x1
janamdin ki hardik shubhkamnaye nani in hindi,7,1,1,559,x1
janamdin ki hardik shubhkamnaye pandit ji in hindi,8,1,1,559,x1
janamdin ki hardik shubhkamnaye sister in hindi,7,1,1,559,x1
janamdin ki hardik shubhkamnaye uncle,5,1,1,559,x1
birthday greetings free download,4,1,1,559,birthday-quotes-en
birthday quotes about brother,4,1,1,559,birthday-quotes-en
birthday quotes colleague,3,1,1,559,birthday-quotes-en
birthday quotes dear,3,1,1,559,birthday-quotes-en
birthday quotes easy,3,1,1,559,birthday-quotes-en
birthday quotes general,3,1,1,559,birthday-quotes-en
birthday quotes happy birthday wishes,5,1,1,559,birthday-quotes-en
birthday quotes june,3,1,1,559,birthday-quotes-en
birthday quotes little boy,4,1,1,559,birthday-quotes-en
birthday quotes my love,4,1,1,559,birthday-quotes-en
birthday quotes rhyme,3,1,1,559,birthday-quotes-en
birthday quotes vintage,3,1,1,559,birthday-quotes-en
birthday unique quotes for best friend,6,1,1,559,birthday-quotes-en
happy birthday quotes for daughter,5,1,1,559,birthday-quotes-en
i can t wait for my birthday quotes,8,1,1,559,birthday-quotes-en
birthday wishes lines in english,5,1,1,559,birthday-wishes-en
birthday wishes many many happy returns of the day,9,1,1,559,birthday-wishes-en
birthday ke status,3,1,1,559,birthday-status-en
birthday status about daughter,4,1,1,559,birthday-status-en
birthday status creator,3,1,1,559,birthday-status-en
birthday status dikhao,3,1,1,559,birthday-status-en
birthday status maker video,4,1,1,559,birthday-status-en
birthday status me,3,1,1,559,birthday-status-en
birthday status song for daughter,5,1,1,559,birthday-status-en
birthday status video maker online,5,1,1,559,birthday-status-en
birthday status with son,4,1,1,559,birthday-status-en
happy birthday status for me,5,1,1,559,birthday-status-en
how can i write a birthday status for my daughter,10,1,1,559,birthday-status-en
birthday future wishes,3,1,1,559,birthday-wish-maker-en
birthday wishes for brother maker,5,1,1,559,birthday-wish-maker-en
happy birthday wishes maker online free,6,1,1,559,birthday-wish-maker-en
birthday caption aai marathi,4,1,1,559,birthday-caption-en
birthday caption best friend english,5,1,1,559,birthday-caption-en
birthday caption dear,3,1,1,559,birthday-caption-en
birthday caption english for husband,5,1,1,559,birthday-caption-en
birthday caption grateful,3,1,1,559,birthday-caption-en
birthday caption husband instagram,4,1,1,559,birthday-caption-en
birthday caption little girl,4,1,1,559,birthday-caption-en
birthday caption mummy,3,1,1,559,birthday-caption-en
birthday caption niece,3,1,1,559,birthday-caption-en
birthday caption paragraph,3,1,1,559,birthday-caption-en
birthday caption self,3,1,1,559,birthday-caption-en
birthday caption verse,3,1,1,559,birthday-caption-en
birthday unique caption for friend,5,1,1,559,birthday-caption-en
birthday shayari attitude boy in hindi,6,1,1,559,birthday-shayari-en
birthday shayari bestie ke liye,5,1,1,559,birthday-shayari-en
birthday shayari bete ke liye,5,1,1,559,birthday-shayari-en
birthday shayari chhoti bahan ke liye,6,1,1,559,birthday-shayari-en
birthday shayari didi,3,1,1,559,birthday-shayari-en
birthday shayari emotional,3,1,1,559,birthday-shayari-en
birthday shayari gf in hindi,5,1,1,559,birthday-shayari-en
birthday shayari hindi mein,4,1,1,559,birthday-shayari-en
birthday shayari jigri dost,4,1,1,559,birthday-shayari-en
birthday shayari khud ke liye in hindi,7,1,1,559,birthday-shayari-en
birthday shayari love english,4,1,1,559,birthday-shayari-en
birthday shayari papa,3,1,1,559,birthday-shayari-en
birthday shayari ringtone download,4,1,1,559,birthday-shayari-en
birthday shayari son,3,1,1,559,birthday-shayari-en
birthday shayari to husband,4,1,1,559,birthday-shayari-en
birthday shayari urdu in hindi for friend,7,1,1,559,birthday-shayari-en
birthday shayari wishes in hindi,5,1,1,559,birthday-shayari-en
birthday शायरी मराठी,3,1,1,559,birthday-shayari-en
friends birthday shayari,3,1,1,559,birthday-shayari-en
happy birthday shayari yaar,4,1,1,559,birthday-shayari-en
one line shayari birthday,4,1,1,559,birthday-shayari-en
happy birthday nand wishes in hindi,6,1,1,559,x4
happy birthday uncle wishes in hindi text,7,1,1,559,x4
happy birthday varsha wishes in hindi,6,1,1,559,x4
happy birthday wishes for friend in hindi one line,9,1,1,559,x4
happy birthday wishes for wife in hindi quotes,8,1,1,559,x4
happy birthday wishes in english hindi husband,7,1,1,559,x4
happy birthday wishes in hindi aunty,6,1,1,559,x4
happy birthday wishes in hindi download,6,1,1,559,x4
happy birthday wishes in hindi english for friend,8,1,1,559,x4
happy birthday wishes in hindi in love,7,1,1,559,x4
happy birthday wishes in hindi love couple,7,1,1,559,x4
happy birthday wishes in hindi mata rani,7,1,1,559,x4
happy birthday wishes in hindi my love,7,1,1,559,x4
happy birthday wishes in hindi poster,6,1,1,559,x4
happy birthday wishes in hindi to bhai,7,1,1,559,x4
happy birthday wishes in hindi whatsapp status,7,1,1,559,x4
how to say thank you for birthday wishes in unique way,11,1,1,559,x3
how to thank you for birthday wishes to best friend,10,1,1,559,x3
thank you appreciation message for birthday wishes,7,1,1,559,x3
thank you for birthday wishes and gift,7,1,1,559,x3
thank you for birthday wishes bhai,6,1,1,559,x3
thank you for birthday wishes dog,6,1,1,559,x3
thank you for birthday wishes everyone quotes,7,1,1,559,x3
thank you for birthday wishes family and friends quotes,9,1,1,559,x3
thank you for birthday wishes gift,6,1,1,559,x3
thank you for birthday wishes ka hindi meaning,8,1,1,559,x3
thank you for birthday wishes long,6,1,1,559,x3
thank you for birthday wishes my family,7,1,1,559,x3
thank you for birthday wishes reply to friends,8,1,1,559,x3
thank you for birthday wishes stickers free,7,1,1,559,x3
thank you for birthday wishes to best friend in marathi,10,1,1,559,x3
thank you for birthday wishes to wife,7,1,1,559,x3
thank you for your birthday wishes in marathi,8,1,1,559,x3
thank you jiju for birthday wishes,6,1,1,559,x3
thank you message for birthday wishes card,7,1,1,559,x3
what to write for thank you for birthday wishes,9,1,1,559,x3
जन्मदिन की hardik शुभकामनाएं हिंदी में,6,1,1,559,x2
जन्मदिन की शुभकामनाएं (birthday wishes),5,1,1,559,x2
जन्मदिन की शुभकामनाएं card,4,1,1,559,x2
जन्मदिन की शुभकामनाएं for wife,5,1,1,559,x2
जन्मदिन की शुभकामनाएं girlfriend,4,1,1,559,x2
जन्मदिन की शुभकामनाएं logo png,5,1,1,559,x2
जन्मदिन की शुभकामनाएं pinterest,4,1,1,559,x2
जन्मदिन की शुभकामनाएं इन इंग्लिश,5,1,1,559,x2
जन्मदिन की शुभकामनाएं बेटे के लिए,6,1,1,559,x2
जन्मदिन की हार्दिक शुभकामनाएं dost,5,1,1,559,x2
जन्मदिन की हार्दिक शुभकामनाएं english meaning,6,1,1,559,x2
birthday wishes for brother chota bhai in hindi,8,1,1,559,x5
birthday wishes for little brother in hindi,7,1,1,559,x5
birthday wishes for wife brother in hindi,7,1,1,559,x5
happy birthday wishes for brother in hindi 2 line,9,1,1,559,x5
heart touching birthday wishes for brother in hindi meaning,9,1,1,559,x5
short birthday wishes for brother in hindi and english,9,1,1,559,x5
can i say happy birthday belated,6,1,1,558,happy-birthday-en
happy birthday 2026 song lyrics,5,1,1,558,happy-birthday-en
happy birthday banner,3,1,1,558,happy-birthday-en
happy birthday best friend quotes,5,1,1,558,happy-birthday-en
happy birthday cake topper,4,1,1,558,happy-birthday-en
happy birthday daddy,3,1,1,558,happy-birthday-en
happy birthday emoji text,4,1,1,558,happy-birthday-en
happy birthday father,3,1,1,558,happy-birthday-en
happy birthday google,3,1,1,558,happy-birthday-en
happy birthday husband quotes,4,1,1,558,happy-birthday-en
happy birthday jiju wishes in english,6,1,1,558,happy-birthday-en
happy birthday kannada meaning,4,1,1,558,happy-birthday-en
happy birthday little one,4,1,1,558,happy-birthday-en
happy birthday maker online free,5,1,1,558,happy-birthday-en
happy birthday my love wishes,5,1,1,558,happy-birthday-en
happy birthday notes on keyboard,5,1,1,558,happy-birthday-en
happy birthday once again meaning,5,1,1,558,happy-birthday-en
happy birthday online card maker,5,1,1,558,happy-birthday-en
happy birthday princess,3,1,1,558,happy-birthday-en
happy birthday quotes in kannada,5,1,1,558,happy-birthday-en
happy birthday ramya,3,1,1,558,happy-birthday-en
happy birthday song in kannada,5,1,1,558,happy-birthday-en
happy birthday template for instagram story,6,1,1,558,happy-birthday-en
happy birthday to sister,4,1,1,558,happy-birthday-en
happy birthday veena,3,1,1,558,happy-birthday-en
happy birthday with name edit,5,1,1,558,happy-birthday-en
happy birthday without lyrics,4,1,1,558,happy-birthday-en
happy birthday xoro,3,1,1,558,happy-birthday-en
happy birthday yashu,3,1,1,558,happy-birthday-en
happy birthday zain wishes,4,1,1,558,happy-birthday-en
how happy birthday cake images,5,1,1,558,happy-birthday-en
is it happy birthday belated or happy belated birthday,9,1,1,558,happy-birthday-en
when the birthday of ms dhoni,6,1,1,558,happy-birthday-en
which you happy birthday,4,1,1,558,happy-birthday-en
best friend birthday wishes in hindi heart touching,8,1,1,558,birthday-wishes-in-hindi-en
bhai birthday wishes in hindi quotes,6,1,1,558,birthday-wishes-in-hindi-en
birthday wish you hindi,4,1,1,558,birthday-wishes-in-hindi-en
birthday wishes bestie hindi me,5,1,1,558,birthday-wishes-in-hindi-en
birthday wishes in bible verse hindi,6,1,1,558,birthday-wishes-in-hindi-en
birthday wishes in hindi bade bhaiya,6,1,1,558,birthday-wishes-in-hindi-en
birthday wishes in hindi chacha,5,1,1,558,birthday-wishes-in-hindi-en
birthday wishes in hindi download,5,1,1,558,birthday-wishes-in-hindi-en
birthday wishes in hindi for niece,6,1,1,558,birthday-wishes-in-hindi-en
birthday wishes in hindi for old man,7,1,1,558,birthday-wishes-in-hindi-en
birthday wishes in hindi guru,5,1,1,558,birthday-wishes-in-hindi-en
birthday wishes in hindi little boy,6,1,1,558,birthday-wishes-in-hindi-en
birthday wishes in hindi motivational,5,1,1,558,birthday-wishes-in-hindi-en
birthday wishes in hindi poster,5,1,1,558,birthday-wishes-in-hindi-en
birthday wishes in hindi shayari for friend,7,1,1,558,birthday-wishes-in-hindi-en
birthday wishes in hindi to boss,6,1,1,558,birthday-wishes-in-hindi-en
free funny birthday wishes for sister in hindi,8,1,1,558,birthday-wishes-in-hindi-en
masi birthday wishes in hindi and english,7,1,1,558,birthday-wishes-in-hindi-en
wife birthday wishes in hindi romantic,6,1,1,558,birthday-wishes-in-hindi-en
xori ko birthday wishes nepali text in hindi,8,1,1,558,birthday-wishes-in-hindi-en
janamdin ki hardik shubhkamnaye avam badhai in hindi,8,1,1,558,x1
janamdin ki hardik shubhkamnaye bhagwan aapko hamesha khush rakhe,9,1,1,558,x1
janamdin ki hardik shubhkamnaye chacha in hindi,7,1,1,558,x1
janamdin ki hardik shubhkamnaye dada ji in hindi,8,1,1,558,x1
janamdin ki hardik shubhkamnaye gurudev,5,1,1,558,x1
janamdin ki hardik shubhkamnaye husband ke liye,7,1,1,558,x1
janamdin ki hardik shubhkamnaye in hindi written,7,1,1,558,x1
janamdin ki hardik shubhkamnaye jaan,5,1,1,558,x1
janamdin ki hardik shubhkamnaye ka reply,6,1,1,558,x1
janamdin ki hardik shubhkamnaye krishna in hindi,7,1,1,558,x1
janamdin ki hardik shubhkamnaye my love,6,1,1,558,x1
janamdin ki hardik shubhkamnaye nani ji,6,1,1,558,x1
janamdin ki hardik shubhkamnaye priya mitra in hindi,8,1,1,558,x1
janamdin ki hardik shubhkamnaye sakhi in hindi,7,1,1,558,x1
janamdin ki hardik shubhkamnaye twitter,5,1,1,558,x1
unko janamdin ki hardik shubhkamnaye in english,7,1,1,558,x1
birthday quotes and images,4,1,1,558,birthday-quotes-en
birthday quotes best friend in marathi,6,1,1,558,birthday-quotes-en
birthday quotes boys,3,1,1,558,birthday-quotes-en
birthday quotes cute,3,1,1,558,birthday-quotes-en
birthday quotes dost,3,1,1,558,birthday-quotes-en
birthday quotes english for daughter,5,1,1,558,birthday-quotes-en
birthday quotes goodreads,3,1,1,558,birthday-quotes-en
birthday quotes hinglish,3,1,1,558,birthday-quotes-en
birthday quotes january,3,1,1,558,birthday-quotes-en
birthday quotes lover girl,4,1,1,558,birthday-quotes-en
birthday quotes mom to son,5,1,1,558,birthday-quotes-en
birthday quotes reply,3,1,1,558,birthday-quotes-en
birthday quotes virgo,3,1,1,558,birthday-quotes-en
birthday quotes wishes for friend,5,1,1,558,birthday-quotes-en
birthday unique quotes for husband,5,1,1,558,birthday-quotes-en
birthday wishes quotes for wife in kannada,7,1,1,558,birthday-wishes-en
birthday about status,3,1,1,558,birthday-status-en
birthday status baby girl,4,1,1,558,birthday-status-en
birthday status create online,4,1,1,558,birthday-status-en
birthday status di,3,1,1,558,birthday-status-en
birthday status husband marathi,4,1,1,558,birthday-status-en
birthday status line for husband,5,1,1,558,birthday-status-en
birthday status my daughter,4,1,1,558,birthday-status-en
birthday status on brother,4,1,1,558,birthday-status-en
birthday status own,3,1,1,558,birthday-status-en
birthday status song for son,5,1,1,558,birthday-status-en
birthday status video download for whatsapp,6,1,1,558,birthday-status-en
birthday status wishes for friend,5,1,1,558,birthday-status-en
birthday status with daughter,4,1,1,558,birthday-status-en
birthday wishes gujarati,3,1,1,558,birthday-status-en
how can i write my birthday status on whatsapp,9,1,1,558,birthday-status-en
birthday wishes for trouble maker,5,1,1,558,birthday-wish-maker-en
birthday wishes status maker,4,1,1,558,birthday-wish-maker-en
happy birthday message maker,4,1,1,558,birthday-wish-maker-en
birthday caption assamese,3,1,1,558,birthday-caption-en
birthday caption baby girl,4,1,1,558,birthday-caption-en
birthday caption best friend marathi,5,1,1,558,birthday-caption-en
birthday caption daughter marathi,4,1,1,558,birthday-caption-en
birthday caption english for love,5,1,1,558,birthday-caption-en
birthday caption happy,3,1,1,558,birthday-caption-en
birthday caption ideas for best friend,6,1,1,558,birthday-caption-en
birthday caption life partner,4,1,1,558,birthday-caption-en
birthday caption my girl,4,1,1,558,birthday-caption-en
birthday caption princess,3,1,1,558,birthday-caption-en
birthday caption simple,3,1,1,558,birthday-caption-en
birthday caption vagni,3,1,1,558,birthday-caption-en
birthday captions for best friend,5,1,1,558,birthday-caption-en
birthday wishes qr,3,1,1,558,birthday-caption-en
new chapter birthday captions,4,1,1,558,birthday-caption-en
birthday shayari aai,3,1,1,558,birthday-shayari-en
birthday shayari best friend girl english,6,1,1,558,birthday-shayari-en
birthday shayari brother,3,1,1,558,birthday-shayari-en
birthday shayari copy paste,4,1,1,558,birthday-shayari-en
birthday shayari dosti ke liye,5,1,1,558,birthday-shayari-en
birthday shayari english sister,4,1,1,558,birthday-shayari-en
birthday shayari gf english,4,1,1,558,birthday-shayari-en
birthday shayari hindi english,4,1,1,558,birthday-shayari-en
birthday shayari krishna,3,1,1,558,birthday-shayari-en
birthday shayari kumar vishwas,4,1,1,558,birthday-shayari-en
birthday shayari love for girlfriend,5,1,1,558,birthday-shayari-en
birthday shayari mummy,3,1,1,558,birthday-shayari-en
birthday shayari nand,3,1,1,558,birthday-shayari-en
birthday shayari on brother,4,1,1,558,birthday-shayari-en
birthday shayari punjabi,3,1,1,558,birthday-shayari-en
birthday shayari status,3,1,1,558,birthday-shayari-en
birthday shayari to girlfriend,4,1,1,558,birthday-shayari-en
birthday shayari urdu in hindi text copy and paste,9,1,1,558,birthday-shayari-en
birthday shayari wife ke liye in hindi,7,1,1,558,birthday-shayari-en
birthday shayari with bestie,4,1,1,558,birthday-shayari-en
happy birthday shayari yaar ke liye,6,1,1,558,birthday-shayari-en
rahat indori shayari on birthday,5,1,1,558,birthday-shayari-en
बर्थडे शायरी जान के लिए,5,1,1,558,birthday-shayari-en
happy birthday rahul wishes in hindi,6,1,1,558,x4
happy birthday vishal wishes in hindi,6,1,1,558,x4
happy birthday wishes in english hindi best friend,8,1,1,558,x4
happy birthday wishes in hindi and english for friend,9,1,1,558,x4
happy birthday wishes in hindi cute girl,7,1,1,558,x4
happy birthday wishes in hindi dear friend,7,1,1,558,x4
happy birthday wishes in hindi english sister,7,1,1,558,x4
happy birthday wishes in hindi hindi,6,1,1,558,x4
happy birthday wishes in hindi in advance,7,1,1,558,x4
happy birthday wishes in hindi lyrics,6,1,1,558,x4
happy birthday wishes in hindi message,6,1,1,558,x4
happy birthday wishes in hindi nanad,6,1,1,558,x4
happy birthday wishes in hindi poem,6,1,1,558,x4
happy birthday wishes in hindi simple,6,1,1,558,x4
happy birthday wishes in hindi to husband,7,1,1,558,x4
happy birthday wishes on hindi,5,1,1,558,x4
happy birthday wishes use in hindi,6,1,1,558,x4
how to thank you for birthday wishes in english,9,1,1,558,x3
thank u so much all of you for birthday wishes,10,1,1,558,x3
thank you for birthday wishes and cake,7,1,1,558,x3
thank you for birthday wishes brother and sister,8,1,1,558,x3
thank you for birthday wishes dad,6,1,1,558,x3
thank you for birthday wishes example,6,1,1,558,x3
thank you for birthday wishes examples,6,1,1,558,x3
thank you for birthday wishes greeting,6,1,1,558,x3
thank you for birthday wishes hd,6,1,1,558,x3
thank you for birthday wishes images free funny,8,1,1,558,x3
thank you for birthday wishes in japanese,7,1,1,558,x3
thank you for birthday wishes ka hindi,7,1,1,558,x3
thank you for birthday wishes letter,6,1,1,558,x3
thank you for birthday wishes marathi,6,1,1,558,x3
thank you for birthday wishes return,6,1,1,558,x3
thank you for birthday wishes simple quotes in english,9,1,1,558,x3
thank you for birthday wishes to friend,7,1,1,558,x3
thank you for the birthday wishes or i appreciate your kind words,12,1,1,558,x3
thank you for your birthday wishes and prayers,8,1,1,558,x3
thank you message for birthday wishes bestie,7,1,1,558,x3
thank you reply for birthday wishes card,7,1,1,558,x3
thank you reply for birthday wishes video,7,1,1,558,x3
birthday wishes quotes in hindi,5,1,1,558,birthday-wishes-hi
birthday wishes your all dreams come true,7,1,1,558,birthday-wishes-hi
जन्मदिन की hardik शुभकामनाएं,4,1,1,558,x2
जन्मदिन की शुभकामनाएं for daughter,5,1,1,558,x2
जन्मदिन की शुभकामनाएं guru ji,5,1,1,558,x2
जन्मदिन की शुभकामनाएं in english love,6,1,1,558,x2
जन्मदिन की शुभकामनाएं mere bhai,5,1,1,558,x2
जन्मदिन की शुभकामनाएं इन मराठी,5,1,1,558,x2
जन्मदिन की शुभकामनाएं पर धन्यवाद कैसे दे,7,1,1,558,x2
जन्मदिन की शुभकामनाएं बहन के लिए,6,1,1,558,x2
जन्मदिन की शुभकामनाएं स,4,1,1,558,x2
जन्मदिन की हार्दिक शुभकामनाएं didi,5,1,1,558,x2
जन्मदिन की हार्दिक शुभकामनाएं wallpaper,5,1,1,558,x2
birthday wishes caption for brother in hindi,7,1,1,558,x5
birthday wishes for brother in urdu hindi,7,1,1,558,x5
birthday wishes for brother success hindi me,7,1,1,558,x5
birthday wishes for small brother in hindi english,8,1,1,558,x5
birthday wishes for small brother in hindi funny,8,1,1,558,x5
happy birthday wishes for brother in hindi funny,8,1,1,558,x5
happy birthday wishes for your brother in hindi,8,1,1,558,x5
happy birthday 2026 latest song lyrics,6,1,1,557,happy-birthday-en
happy birthday amma wishes,4,1,1,557,happy-birthday-en
happy birthday background,3,1,1,557,happy-birthday-en
happy birthday bestie wishes in english,6,1,1,557,happy-birthday-en
happy birthday calligraphy,3,1,1,557,happy-birthday-en
happy birthday dear friend,4,1,1,557,happy-birthday-en
happy birthday edit photo,4,1,1,557,happy-birthday-en
happy birthday for friend,4,1,1,557,happy-birthday-en
happy birthday free card,4,1,1,557,happy-birthday-en
happy birthday guitar notes,4,1,1,557,happy-birthday-en
happy birthday hindi song,4,1,1,557,happy-birthday-en
happy birthday jijaji wishes,4,1,1,557,happy-birthday-en
happy birthday ki spelling,4,1,1,557,happy-birthday-en
happy birthday little champ,4,1,1,557,happy-birthday-en
happy birthday maker ai,4,1,1,557,happy-birthday-en
happy birthday mama wishes,4,1,1,557,happy-birthday-en
happy birthday neon lights,4,1,1,557,happy-birthday-en
happy birthday on keyboard,4,1,1,557,happy-birthday-en
happy birthday online video,4,1,1,557,happy-birthday-en
happy birthday poster,3,1,1,557,happy-birthday-en
happy birthday rahul,3,1,1,557,happy-birthday-en
happy birthday spelling,3,1,1,557,happy-birthday-en
happy birthday tamma,3,1,1,557,happy-birthday-en
happy birthday template editable,4,1,1,557,happy-birthday-en
happy birthday uma,3,1,1,557,happy-birthday-en
happy birthday vinay,3,1,1,557,happy-birthday-en
happy birthday with name song,5,1,1,557,happy-birthday-en
happy birthday without you,4,1,1,557,happy-birthday-en
happy birthday xylophone,3,1,1,557,happy-birthday-en
happy birthday yogi,3,1,1,557,happy-birthday-en
happy birthday zara,3,1,1,557,happy-birthday-en
how happy birthday song download,5,1,1,557,happy-birthday-en
i will happy birthday,4,1,1,557,happy-birthday-en
is it happy birthday john or happy birthday john,9,1,1,557,happy-birthday-en
when the birthday of rohit sharma,6,1,1,557,happy-birthday-en
which me happy birthday,4,1,1,557,happy-birthday-en
why happy birthday song,4,1,1,557,happy-birthday-en
best birthday wishes in hindi quotes,6,1,1,557,birthday-wishes-in-hindi-en
birthday wishes for nand in hindi,6,1,1,557,birthday-wishes-in-hindi-en
birthday wishes for you hindi meaning,6,1,1,557,birthday-wishes-in-hindi-en
birthday wishes in gujarati hindi,5,1,1,557,birthday-wishes-in-hindi-en
birthday wishes in hindi big brother,6,1,1,557,birthday-wishes-in-hindi-en
birthday wishes in hindi children,5,1,1,557,birthday-wishes-in-hindi-en
birthday wishes in hindi dua,5,1,1,557,birthday-wishes-in-hindi-en
birthday wishes in hindi for good health,7,1,1,557,birthday-wishes-in-hindi-en
birthday wishes in hindi for office boss,7,1,1,557,birthday-wishes-in-hindi-en
birthday wishes in hindi hindi,5,1,1,557,birthday-wishes-in-hindi-en
birthday wishes in hindi lyrics,5,1,1,557,birthday-wishes-in-hindi-en
birthday wishes in hindi my son,6,1,1,557,birthday-wishes-in-hindi-en
birthday wishes in hindi photo,5,1,1,557,birthday-wishes-in-hindi-en
birthday wishes in hindi sanskrit,5,1,1,557,birthday-wishes-in-hindi-en
birthday wishes in hindi to son,6,1,1,557,birthday-wishes-in-hindi-en
devar birthday wishes in hindi and english,7,1,1,557,birthday-wishes-in-hindi-en
vulgar birthday wishes in hindi,5,1,1,557,birthday-wishes-in-hindi-en
aapko janamdin ki hardik shubhkamnaye in urdu,7,1,1,557,x1
janamdin ki hardik shubhkamnaye aapko in english,7,1,1,557,x1
janamdin ki hardik shubhkamnaye ardhangini,5,1,1,557,x1
janamdin ki hardik shubhkamnaye beta,5,1,1,557,x1
janamdin ki hardik shubhkamnaye copy paste,6,1,1,557,x1
janamdin ki hardik shubhkamnaye damad ji in hindi,8,1,1,557,x1
janamdin ki hardik shubhkamnaye gf ke liye,7,1,1,557,x1
janamdin ki hardik shubhkamnaye in english quotes,7,1,1,557,x1
janamdin ki hardik shubhkamnaye in hindi wife,7,1,1,557,x1
janamdin ki hardik shubhkamnaye mahadev bless you in hindi,9,1,1,557,x1
janamdin ki hardik shubhkamnaye meaning in english,7,1,1,557,x1
janamdin ki hardik shubhkamnaye my love in hindi,8,1,1,557,x1
janamdin ki hardik shubhkamnaye pita shree in hindi,8,1,1,557,x1
janamdin ki hardik shubhkamnaye wife,5,1,1,557,x1
birthday message online,3,1,1,557,birthday-quotes-en
birthday quotes amma,3,1,1,557,birthday-quotes-en
birthday quotes best sister,4,1,1,557,birthday-quotes-en
birthday quotes bible verse,4,1,1,557,birthday-quotes-en
birthday quotes christian,3,1,1,557,birthday-quotes-en
birthday quotes daughter in law,5,1,1,557,birthday-quotes-en
birthday quotes emoji,3,1,1,557,birthday-quotes-en
birthday quotes god bless you,5,1,1,557,birthday-quotes-en
birthday quotes hindi for wife,5,1,1,557,birthday-quotes-en
birthday quotes junior,3,1,1,557,birthday-quotes-en
birthday quotes lover boy,4,1,1,557,birthday-quotes-en
birthday quotes motivational,3,1,1,557,birthday-quotes-en
birthday quotes nanad,3,1,1,557,birthday-quotes-en
birthday quotes on own birthday,5,1,1,557,birthday-quotes-en
birthday quotes paragraph,3,1,1,557,birthday-quotes-en
birthday quotes short and sweet,5,1,1,557,birthday-quotes-en
birthday related quotes,3,1,1,557,birthday-quotes-en
birthday uplifting quotes,3,1,1,557,birthday-quotes-en
birthday vibes quotes,3,1,1,557,birthday-quotes-en
birthday wishes chota bhai in english,6,1,1,557,birthday-wishes-en
birthday status bhabhi,3,1,1,557,birthday-status-en
birthday status caption for wife,5,1,1,557,birthday-status-en
birthday status didi,3,1,1,557,birthday-status-en
birthday status ideas for me,5,1,1,557,birthday-status-en
birthday status line for daughter,5,1,1,557,birthday-status-en
birthday status my love,4,1,1,557,birthday-status-en
birthday status on sister,4,1,1,557,birthday-status-en
birthday status photo frame,4,1,1,557,birthday-status-en
birthday status song for sister,5,1,1,557,birthday-status-en
birthday status video for son,5,1,1,557,birthday-status-en
birthday status writing,3,1,1,557,birthday-status-en
birthday wishes and prayers,4,1,1,557,birthday-status-en
birthday wishes granddaughter,3,1,1,557,birthday-status-en
how can i write my brother's birthday status,8,1,1,557,birthday-status-en
birthday card maker wish & send happy greetings,8,1,1,557,birthday-wish-maker-en
birthday card wishes examples,4,1,1,557,birthday-wish-maker-en
birthday wish best person,4,1,1,557,birthday-wish-maker-en
birthday wish cake maker,4,1,1,557,birthday-wish-maker-en
birthday wish in new way,5,1,1,557,birthday-wish-maker-en
birthday wish post maker,4,1,1,557,birthday-wish-maker-en
happy birthday greetings maker,4,1,1,557,birthday-wish-maker-en
birthday caption aesthetic for instagram,5,1,1,557,birthday-caption-en
birthday caption best brother,4,1,1,557,birthday-caption-en
birthday caption boys,3,1,1,557,birthday-caption-en
birthday caption design,3,1,1,557,birthday-caption-en
birthday caption english and bangla,5,1,1,557,birthday-caption-en
birthday caption for sister in law,6,1,1,557,birthday-caption-en
birthday caption gemini,3,1,1,557,birthday-caption-en
birthday caption ideas for sister,5,1,1,557,birthday-caption-en
birthday caption little princess,4,1,1,557,birthday-caption-en
birthday caption nijer,3,1,1,557,birthday-caption-en
birthday caption post instagram,4,1,1,557,birthday-caption-en
birthday caption sister in law,5,1,1,557,birthday-caption-en
birthday caption virgo,3,1,1,557,birthday-caption-en
birthday caption wife in english,5,1,1,557,birthday-caption-en
birthday captions my love,4,1,1,557,birthday-caption-en
birthday ki shayari,3,1,1,557,birthday-shayari-en
birthday shayari apni wife ke liye,6,1,1,557,birthday-shayari-en
birthday shayari best friend ke liye,6,1,1,557,birthday-shayari-en
birthday shayari bhaiya,3,1,1,557,birthday-shayari-en
birthday shayari cute girl,4,1,1,557,birthday-shayari-en
birthday shayari do line,4,1,1,557,birthday-shayari-en
birthday shayari english to hindi,5,1,1,557,birthday-shayari-en
birthday shayari for girlfriend in hindi,6,1,1,557,birthday-shayari-en
birthday shayari for younger brother in hindi,7,1,1,557,birthday-shayari-en
birthday shayari gudiya,3,1,1,557,birthday-shayari-en
birthday shayari husband in hindi,5,1,1,557,birthday-shayari-en
birthday shayari jaun elia,4,1,1,557,birthday-shayari-en
birthday shayari life partner,4,1,1,557,birthday-shayari-en
birthday shayari me,3,1,1,557,birthday-shayari-en
birthday shayari note,3,1,1,557,birthday-shayari-en
birthday shayari on papa,4,1,1,557,birthday-shayari-en
birthday shayari pati ke liye in hindi,7,1,1,557,birthday-shayari-en
birthday shayari rekhta hindi,4,1,1,557,birthday-shayari-en
birthday shayari sister in english,5,1,1,557,birthday-shayari-en
birthday shayari tehzeeb hafi,4,1,1,557,birthday-shayari-en
birthday shayari urdu in hindi text in english,8,1,1,557,birthday-shayari-en
birthday shayari wallpaper,3,1,1,557,birthday-shayari-en
birthday shayari with best friend,5,1,1,557,birthday-shayari-en
happy birthday varsha shayari,4,1,1,557,birthday-shayari-en
queen birthday shayari,3,1,1,557,birthday-shayari-en
happy birthday owner wishes in hindi,6,1,1,557,x4
happy birthday riya wishes in hindi,6,1,1,557,x4
happy birthday viraj wishes in hindi,6,1,1,557,x4
happy birthday wishes in hindi allah bless you,8,1,1,557,x4
happy birthday wishes in hindi bhanji ke liye,8,1,1,557,x4
happy birthday wishes in hindi card,6,1,1,557,x4
happy birthday wishes in hindi devar ji,7,1,1,557,x4
happy birthday wishes in hindi english shayari,7,1,1,557,x4
happy birthday wishes in hindi gif download,7,1,1,557,x4
happy birthday wishes in hindi in short,7,1,1,557,x4
happy birthday wishes in hindi line,6,1,1,557,x4
happy birthday wishes in hindi mahadev bless you text,9,1,1,557,x4
happy birthday wishes in hindi my daughter,7,1,1,557,x4
happy birthday wishes in hindi name,6,1,1,557,x4
happy birthday wishes in hindi pinterest,6,1,1,557,x4
happy birthday wishes in hindi shayari best friend,8,1,1,557,x4
happy birthday wishes in hindi shayari for husband,8,1,1,557,x4
happy birthday wishes in hindi song,6,1,1,557,x4
happy birthday wishes in hindi to english,7,1,1,557,x4
happy birthday wishes in hindi writing,6,1,1,557,x4
happy birthday wishes quotes for friend in hindi,8,1,1,557,x4
happy birthday wishes unique style in hindi,7,1,1,557,x4
how to thank you for birthday wishes in marathi,9,1,1,557,x3
thank you all for birthday wishes card,7,1,1,557,x3
thank you everyone for the birthday wishes in japanese,9,1,1,557,x3
thank you for birthday day wishes,6,1,1,557,x3
thank you for birthday wishes and prayers,7,1,1,557,x3
thank you for birthday wishes black background,7,1,1,557,x3
thank you for birthday wishes chatgpt,6,1,1,557,x3
thank you for birthday wishes english text,7,1,1,557,x3
thank you for birthday wishes gf,6,1,1,557,x3
thank you for birthday wishes husband quotes,7,1,1,557,x3
thank you for birthday wishes in urdu text,8,1,1,557,x3
thank you for birthday wishes in venda,7,1,1,557,x3
thank you for birthday wishes ke liye,7,1,1,557,x3
thank you for birthday wishes lyrics,6,1,1,557,x3
thank you for birthday wishes meme free,7,1,1,557,x3
thank you for birthday wishes message in english,8,1,1,557,x3
thank you for birthday wishes name edit,7,1,1,557,x3
thank you for birthday wishes pinterest aesthetic,7,1,1,557,x3
thank you for birthday wishes reels,6,1,1,557,x3
thank you for birthday wishes short message,7,1,1,557,x3
thank you for birthday wishes to all,7,1,1,557,x3
thank you for birthday wishes to best friend in hindi,10,1,1,557,x3
thank you for birthday wishes wallpaper,6,1,1,557,x3
thank you for the birthday wishes i really appreciate it quotes,11,1,1,557,x3
thank you for your birthday wishes in spanish,8,1,1,557,x3
birthday wishes and blessings for friend,6,1,1,557,birthday-wishes-hi
birthday wishes chota bhai,4,1,1,557,birthday-wishes-hi
birthday wishes how to say thanks,6,1,1,557,birthday-wishes-hi
birthday wishes reply for all friends and family,8,1,1,557,birthday-wishes-hi
birthday wishes shayari in hindi,5,1,1,557,birthday-wishes-hi
happy birthday wishes 2026,4,1,1,557,birthday-wishes-hi
जन्मदिन की शुभकामनाएं 2 line,5,1,1,557,x2
जन्मदिन की शुभकामनाएं for husband,5,1,1,557,x2
जन्मदिन की शुभकामनाएं girl,4,1,1,557,x2
जन्मदिन की शुभकामनाएं maa,4,1,1,557,x2
जन्मदिन की शुभकामनाएं thought in hindi,6,1,1,557,x2
जन्मदिन की शुभकामनाएं इन उर्दू,5,1,1,557,x2
जन्मदिन की शुभकामनाएं दोस्त के लिए,6,1,1,557,x2
जन्मदिन की शुभकामनाएं पर आभार संदेश,6,1,1,557,x2
जन्मदिन की शुभकामनाएं बेस्ट फ्रेंड के लिए विचार,8,1,1,557,x2
जन्मदिन की शुभकामनाएं माँ अंग्रेजी में,6,1,1,557,x2
जन्मदिन की शुभकामनाएं हिंदी में wife ke liye,8,1,1,557,x2
जन्मदिन की हार्दिक शुभकामनाएं chote bhai,6,1,1,557,x2
जन्मदिन की हार्दिक शुभकामनाएं guru ji in hindi,8,1,1,557,x2
जन्मदिन की हार्दिक शुभकामनाएं hindi me,6,1,1,557,x2
जन्मदिन की हार्दिक शुभकामनाएं reply in hindi,7,1,1,557,x2
जन्मदिन की हार्दिक शुभकामनाएं sanskrit,5,1,1,557,x2
best birthday wishes for brother in law in hindi,9,1,1,557,x5
birthday wishes for big brother in hindi in english,9,1,1,557,x5
birthday wishes for brother in punjabi hindi,7,1,1,557,x5
birthday wishes for brother in shayari in hindi,8,1,1,557,x5
birthday wishes for my brother in hindi,7,1,1,557,x5
crazy funny birthday wishes for brother in hindi,8,1,1,557,x5
happy birthday wishes for brother for hindi,7,1,1,557,x5
happy birthday wishes for brother in hindi to english,9,1,1,557,x5
heart touching birthday wishes for brother in hindi quotes,9,1,1,557,x5
short birthday wishes for brother in hindi english,8,1,1,557,x5
unique birthday wishes for brother in hindi text,8,1,1,557,x5
can i wish someone happy birthday,6,1,1,556,happy-birthday-en
happy birthday 2026 images,4,1,1,556,happy-birthday-en
happy birthday amma in kannada,5,1,1,556,happy-birthday-en
happy birthday best friend wishes in english,7,1,1,556,happy-birthday-en
happy birthday bhai wishes,4,1,1,556,happy-birthday-en
happy birthday didi wishes,4,1,1,556,happy-birthday-en
happy birthday english wishes,4,1,1,556,happy-birthday-en
happy birthday for wife,4,1,1,556,happy-birthday-en
happy birthday free video download,5,1,1,556,happy-birthday-en
happy birthday funny wishes,4,1,1,556,happy-birthday-en
happy birthday greeting card,4,1,1,556,happy-birthday-en
happy birthday husband wishes in english,6,1,1,556,happy-birthday-en
happy birthday jyoti,3,1,1,556,happy-birthday-en
happy birthday kannada song download mp4 ringtone,7,1,1,556,happy-birthday-en
happy birthday linux,3,1,1,556,happy-birthday-en
happy birthday maker with photo online free,7,1,1,556,happy-birthday-en
happy birthday my son wishes,5,1,1,556,happy-birthday-en
happy birthday nephew wishes,4,1,1,556,happy-birthday-en
happy birthday online friend wishes,5,1,1,556,happy-birthday-en
happy birthday other ways to say,6,1,1,556,happy-birthday-en
happy birthday photo frame,4,1,1,556,happy-birthday-en
happy birthday quotes for best friend girl,7,1,1,556,happy-birthday-en
happy birthday reels,3,1,1,556,happy-birthday-en
happy birthday son,3,1,1,556,happy-birthday-en
happy birthday template video,4,1,1,556,happy-birthday-en
happy birthday to husband quotes,5,1,1,556,happy-birthday-en
happy birthday usha,3,1,1,556,happy-birthday-en
happy birthday video song download,5,1,1,556,happy-birthday-en
happy birthday wishes for love,5,1,1,556,happy-birthday-en
happy birthday with good health wishes,6,1,1,556,happy-birthday-en
happy birthday without bg,4,1,1,556,happy-birthday-en
happy birthday xora,3,1,1,556,happy-birthday-en
happy birthday younger brother wishes,5,1,1,556,happy-birthday-en
happy birthday zaid wishes,4,1,1,556,happy-birthday-en
is it happy birthday too or to,7,1,1,556,happy-birthday-en
when the birthday of rajat patidar,6,1,1,556,happy-birthday-en
which friend happy birthday,4,1,1,556,happy-birthday-en
who's the birthday song,4,1,1,556,happy-birthday-en
why belated happy birthday,4,1,1,556,happy-birthday-en
birthday wishes in hindi beti,5,1,1,556,birthday-wishes-in-hindi-en
birthday wishes in hindi caption,5,1,1,556,birthday-wishes-in-hindi-en
birthday wishes in hindi dear,5,1,1,556,birthday-wishes-in-hindi-en
birthday wishes in hindi english for friend girl,8,1,1,556,birthday-wishes-in-hindi-en
birthday wishes in hindi for students,6,1,1,556,birthday-wishes-in-hindi-en
birthday wishes in hindi lines,5,1,1,556,birthday-wishes-in-hindi-en
birthday wishes in hindi partner,5,1,1,556,birthday-wishes-in-hindi-en
birthday wishes in hindi song,5,1,1,556,birthday-wishes-in-hindi-en
birthday wishes in hindi to daughter,6,1,1,556,birthday-wishes-in-hindi-en
birthday wishes thank you hindi me,6,1,1,556,birthday-wishes-in-hindi-en
friend birthday wishes in hindi quotes,6,1,1,556,birthday-wishes-in-hindi-en
gf birthday wishes in hindi romantic,6,1,1,556,birthday-wishes-in-hindi-en
happy birthday wishes in husband hindi,6,1,1,556,birthday-wishes-in-hindi-en
heart touching birthday wishes in urdu hindi,7,1,1,556,birthday-wishes-in-hindi-en
teacher birthday wishes in hindi and english,7,1,1,556,birthday-wishes-in-hindi-en
thanks for birthday wishes in hindi images,7,1,1,556,birthday-wishes-in-hindi-en
vulgar birthday wishes in hindi for friend,7,1,1,556,birthday-wishes-in-hindi-en
aapko janamdin। ki hardik shubhkamnaye in english,7,1,1,556,x1
janamdin ki hardik shubhkamnaye aap dono ko in english,9,1,1,556,x1
janamdin ki hardik shubhkamnaye chote,5,1,1,556,x1
janamdin ki hardik shubhkamnaye dadi in hindi,7,1,1,556,x1
janamdin ki hardik shubhkamnaye do line,6,1,1,556,x1
janamdin ki hardik shubhkamnaye flex,5,1,1,556,x1
janamdin ki hardik shubhkamnaye guru ji in sanskrit,8,1,1,556,x1
janamdin ki hardik shubhkamnaye in hindi beti ko,8,1,1,556,x1
janamdin ki hardik shubhkamnaye in hindi for brother,8,1,1,556,x1
janamdin ki hardik shubhkamnaye jigri yaar,6,1,1,556,x1
janamdin ki hardik shubhkamnaye jiji,5,1,1,556,x1
janamdin ki hardik shubhkamnaye ka jawab in hindi,8,1,1,556,x1
janamdin ki hardik shubhkamnaye mama shree in hindi,8,1,1,556,x1
janamdin ki hardik shubhkamnaye priye in hindi,7,1,1,556,x1
janamdin ki hardik shubhkamnaye video,5,1,1,556,x1
janamdin ki hardik shubhkamnaye wishes in english,7,1,1,556,x1
birthday greetings free images,4,1,1,556,birthday-quotes-en
birthday greetings online free,4,1,1,556,birthday-quotes-en
birthday quotes about husband,4,1,1,556,birthday-quotes-en
birthday quotes best brother,4,1,1,556,birthday-quotes-en
birthday quotes child,3,1,1,556,birthday-quotes-en
birthday quotes download,3,1,1,556,birthday-quotes-en
birthday quotes english for son,5,1,1,556,birthday-quotes-en
birthday quotes gif,3,1,1,556,birthday-quotes-en
birthday quotes husband in marathi,5,1,1,556,birthday-quotes-en
birthday quotes journey,3,1,1,556,birthday-quotes-en
birthday quotes little brother,4,1,1,556,birthday-quotes-en
birthday quotes me,3,1,1,556,birthday-quotes-en
birthday quotes november,3,1,1,556,birthday-quotes-en
birthday quotes on father,4,1,1,556,birthday-quotes-en
birthday quotes post,3,1,1,556,birthday-quotes-en
birthday quotes sister in law,5,1,1,556,birthday-quotes-en
birthday reflection quotes,3,1,1,556,birthday-quotes-en
birthday urdu quotes for best friend,6,1,1,556,birthday-quotes-en
birthday vacation quotes,3,1,1,556,birthday-quotes-en
how can i wish myself a birthday,7,1,1,556,birthday-quotes-en
birthday wishes husband hindi,4,1,1,556,birthday-wishes-en
birthday wishes video prompt for gemini ai,7,1,1,556,birthday-wishes-en
birthday on status,3,1,1,556,birthday-status-en
birthday status boy,3,1,1,556,birthday-status-en
birthday status caption for brother,5,1,1,556,birthday-status-en
birthday status daughter in english,5,1,1,556,birthday-status-en
birthday status line for brother,5,1,1,556,birthday-status-en
birthday status making app,4,1,1,556,birthday-status-en
birthday status photo maker,4,1,1,556,birthday-status-en
birthday status song for friend,5,1,1,556,birthday-status-en
birthday status video song,4,1,1,556,birthday-status-en
birthday status wishes for daughter,5,1,1,556,birthday-status-en
birthday wishes appreciation messages,4,1,1,556,birthday-status-en
birthday wishes best,3,1,1,556,birthday-status-en
how do i post my birthday status,7,1,1,556,birthday-status-en
status birthday wishes,3,1,1,556,birthday-status-en
what is birthday status,4,1,1,556,birthday-status-en
birthday wish letter maker,4,1,1,556,birthday-wish-maker-en
birthday wish video making app,5,1,1,556,birthday-wish-maker-en
birthday caption as a first time mom,7,1,1,556,birthday-caption-en
birthday caption best sister,4,1,1,556,birthday-caption-en
birthday caption daddy,3,1,1,556,birthday-caption-en
birthday caption english for myself,5,1,1,556,birthday-caption-en
birthday caption gen z,4,1,1,556,birthday-caption-en
birthday caption ideas for brother,5,1,1,556,birthday-caption-en
birthday caption in brother,4,1,1,556,birthday-caption-en
birthday caption late post,4,1,1,556,birthday-caption-en
birthday caption my wife,4,1,1,556,birthday-caption-en
birthday caption priyo manush,4,1,1,556,birthday-caption-en
birthday caption vai k niye,5,1,1,556,birthday-caption-en
birthday captions comedy,3,1,1,556,birthday-caption-en
birthday captions non cringe,4,1,1,556,birthday-caption-en
birthday captions short for friend,5,1,1,556,birthday-caption-en
happy birthday caption 2026,4,1,1,556,birthday-caption-en
birthday ki shayari in hindi,5,1,1,556,birthday-shayari-en
birthday shayari apne dost ke liye,6,1,1,556,birthday-shayari-en
birthday shayari bestie girl,4,1,1,556,birthday-shayari-en
birthday shayari beta ke liye,5,1,1,556,birthday-shayari-en
birthday shayari coming soon,4,1,1,556,birthday-shayari-en
birthday shayari daughter,3,1,1,556,birthday-shayari-en
birthday shayari english husband,4,1,1,556,birthday-shayari-en
birthday shayari for younger sister,5,1,1,556,birthday-shayari-en
birthday shayari gujarati,3,1,1,556,birthday-shayari-en
birthday shayari hindi for friend,5,1,1,556,birthday-shayari-en
birthday shayari jokes in hindi,5,1,1,556,birthday-shayari-en
birthday shayari ladki ke liye,5,1,1,556,birthday-shayari-en
birthday shayari mom,3,1,1,556,birthday-shayari-en
birthday shayari nephew,3,1,1,556,birthday-shayari-en
birthday shayari on best friend,5,1,1,556,birthday-shayari-en
birthday shayari poster,3,1,1,556,birthday-shayari-en
birthday shayari quotes in english,5,1,1,556,birthday-shayari-en
birthday shayari romantic in hindi,5,1,1,556,birthday-shayari-en
birthday shayari sister in hindi,5,1,1,556,birthday-shayari-en
birthday shayari to friend,4,1,1,556,birthday-shayari-en
birthday shayari with brother,4,1,1,556,birthday-shayari-en
happy birthday vishal shayari,4,1,1,556,birthday-shayari-en
बर्थडे शायरी उर्दू इन हिंदी,5,1,1,556,birthday-shayari-en
happy birthday bhanje wishes in hindi and english,8,1,1,556,x4
happy birthday ritu wishes in hindi,6,1,1,556,x4
happy birthday vaishnavi wishes in hindi,6,1,1,556,x4
happy birthday wishes for husband in hindi quotes,8,1,1,556,x4
happy birthday wishes husband hindi text,6,1,1,556,x4
happy birthday wishes in hindi didi ke liye,8,1,1,556,x4
happy birthday wishes in hindi english funny,7,1,1,556,x4
happy birthday wishes in hindi for niece,7,1,1,556,x4
happy birthday wishes in hindi god,6,1,1,556,x4
happy birthday wishes in hindi in shayari,7,1,1,556,x4
happy birthday wishes in hindi love shayari for girlfriend,9,1,1,556,x4
happy birthday wishes in hindi muslim,6,1,1,556,x4
happy birthday wishes in hindi photo,6,1,1,556,x4
happy birthday wishes in hindi sasu maa,7,1,1,556,x4
happy birthday wishes in hindi shayari for best friend girl,10,1,1,556,x4
happy birthday wishes in hindi to uncle,7,1,1,556,x4
happy birthday wishes in urdu dua in hindi,8,1,1,556,x4
happy birthday wishes you hindi,5,1,1,556,x4
images of happy birthday wishes in hindi,7,1,1,556,x4
jiju happy birthday wishes in hindi,6,1,1,556,x4
how to thank you for birthday wishes in hindi,9,1,1,556,x3
jesus thank you for the birthday wishes meme,8,1,1,556,x3
quotes appreciation thank you for birthday wishes,7,1,1,556,x3
thank you for birthday wishes and gifts from friends,9,1,1,556,x3
thank you for birthday wishes best quotes,7,1,1,556,x3
thank you for birthday wishes big brother,7,1,1,556,x3
thank you for birthday wishes caption in english,8,1,1,556,x3
thank you for birthday wishes email,6,1,1,556,x3
thank you for birthday wishes gujarati text,7,1,1,556,x3
thank you for birthday wishes husband from wife,8,1,1,556,x3
thank you for birthday wishes in short form,8,1,1,556,x3
thank you for birthday wishes ka reply kya de in english,11,1,1,556,x3
thank you for birthday wishes love quotes,7,1,1,556,x3
thank you for birthday wishes meaning in telugu,8,1,1,556,x3
thank you for birthday wishes meaning in urdu,8,1,1,556,x3
thank you for birthday wishes professional,6,1,1,556,x3
thank you for birthday wishes received,6,1,1,556,x3
thank you for birthday wishes story,6,1,1,556,x3
thank you for birthday wishes to daughter,7,1,1,556,x3
thank you for birthday wishes with love,7,1,1,556,x3
thank you for your birthday wishes meaning in hindi,9,1,1,556,x3
thank you message for birthday wishes template,7,1,1,556,x3
thank you verse for birthday wishes,6,1,1,556,x3
janamdin ki shubhkamnaye quotes,4,1,1,556,x2
janamdin shubhkamnaye hindi,3,1,1,556,x2
जन्मदिन की अशेष शुभकामनाएं का अर्थ,6,1,1,556,x2
जन्मदिन की शुभकामनाएं friend funny,5,1,1,556,x2
जन्मदिन की शुभकामनाएं happy birthday wishes messages in,8,1,1,556,x2
जन्मदिन की शुभकामनाएं meaning,4,1,1,556,x2
जन्मदिन की शुभकामनाएं इन हिंदी शायरी,6,1,1,556,x2
जन्मदिन की शुभकामनाएं पर शायरी,5,1,1,556,x2
जन्मदिन की हार्दिक शुभकामनाएं chacha ji,6,1,1,556,x2
जन्मदिन की हार्दिक शुभकामनाएं dada,5,1,1,556,x2
जन्मदिन की हार्दिक शुभकामनाएं emoji,5,1,1,556,x2
जन्मदिन की हार्दिक शुभकामनाएं ka reply kya de,8,1,1,556,x2
जन्मदिन की हार्दिक शुभकामनाएं lyrics,5,1,1,556,x2
जन्मदिन की हार्दिक शुभकामनाएं shayari,5,1,1,556,x2
माँ जन्मदिन की हार्दिक शुभकामनाएं,5,1,1,556,x2
best wishes for birthday for brother in hindi,8,1,1,556,x5
birthday wishes for army brother in hindi,7,1,1,556,x5
birthday wishes for brother friend in hindi,7,1,1,556,x5
birthday wishes for brother in pure hindi,7,1,1,556,x5
birthday wishes for late brother in hindi,7,1,1,556,x5
birthday wishes for muslim brother in hindi,7,1,1,556,x5
birthday wishes quotes for younger brother in hindi,8,1,1,556,x5
funny birthday wishes for cousin brother in hindi,8,1,1,556,x5
happy birthday wishes for best friend like brother in hindi,10,1,1,556,x5
heart touching birthday wishes for younger brother in hindi,9,1,1,556,x5
short unique birthday wishes for brother in hindi,8,1,1,556,x5
can i wish myself happy birthday,6,1,1,555,happy-birthday-en
happy birthday 2026 wishes in english,6,1,1,555,happy-birthday-en
happy birthday akka wishes,4,1,1,555,happy-birthday-en
happy birthday bestie caption,4,1,1,555,happy-birthday-en
happy birthday beta,3,1,1,555,happy-birthday-en
happy birthday card design,4,1,1,555,happy-birthday-en
happy birthday dad quotes,4,1,1,555,happy-birthday-en
happy birthday english song,4,1,1,555,happy-birthday-en
happy birthday for love,4,1,1,555,happy-birthday-en
happy birthday free fire,4,1,1,555,happy-birthday-en
happy birthday girlfriend,3,1,1,555,happy-birthday-en
happy birthday have a great year ahead,7,1,1,555,happy-birthday-en
happy birthday ji,3,1,1,555,happy-birthday-en
happy birthday ka gana,4,1,1,555,happy-birthday-en
happy birthday light,3,1,1,555,happy-birthday-en
happy birthday maker gif,4,1,1,555,happy-birthday-en
happy birthday my wife,4,1,1,555,happy-birthday-en
happy birthday naveen,3,1,1,555,happy-birthday-en
happy birthday on cake,4,1,1,555,happy-birthday-en
happy birthday online greeting card,5,1,1,555,happy-birthday-en
happy birthday pictures,3,1,1,555,happy-birthday-en
happy birthday raju,3,1,1,555,happy-birthday-en
happy birthday song mp3 download,5,1,1,555,happy-birthday-en
happy birthday template with photo,5,1,1,555,happy-birthday-en
happy birthday to my love,5,1,1,555,happy-birthday-en
happy birthday unique wishes for friend,6,1,1,555,happy-birthday-en
happy birthday violin notes,4,1,1,555,happy-birthday-en
happy birthday with lots of love,6,1,1,555,happy-birthday-en
happy birthday without name,4,1,1,555,happy-birthday-en
happy birthday xori wishes,4,1,1,555,happy-birthday-en
happy birthday yaar wishes,4,1,1,555,happy-birthday-en
happy birthday zaara,3,1,1,555,happy-birthday-en
is it happy birthday to you or too you,9,1,1,555,happy-birthday-en
when the birthday of mama mary,6,1,1,555,happy-birthday-en
which sister happy birthday,4,1,1,555,happy-birthday-en
who is happy birthday daniel,5,1,1,555,happy-birthday-en
why wish someone happy birthday,5,1,1,555,happy-birthday-en
akhilesh yadav birthday wishes in hindi,6,1,1,555,birthday-wishes-in-hindi-en
birthday wishes bible vachan hindi,5,1,1,555,birthday-wishes-in-hindi-en
birthday wishes code,3,1,1,555,birthday-wishes-in-hindi-en
birthday wishes for wife in urdu hindi,7,1,1,555,birthday-wishes-in-hindi-en
birthday wishes happy new year 2026 wishes in hindi,9,1,1,555,birthday-wishes-in-hindi-en
birthday wishes in hindi copy,5,1,1,555,birthday-wishes-in-hindi-en
birthday wishes in hindi do line,6,1,1,555,birthday-wishes-in-hindi-en
birthday wishes in hindi english bhai,6,1,1,555,birthday-wishes-in-hindi-en
birthday wishes in hindi letter,5,1,1,555,birthday-wishes-in-hindi-en
birthday wishes in hindi mata rani,6,1,1,555,birthday-wishes-in-hindi-en
birthday wishes in hindi muslim,5,1,1,555,birthday-wishes-in-hindi-en
birthday wishes in hindi pinterest,5,1,1,555,birthday-wishes-in-hindi-en
birthday wishes in hindi sir ke liye,7,1,1,555,birthday-wishes-in-hindi-en
birthday wishes in hindi to best friend,7,1,1,555,birthday-wishes-in-hindi-en
birthday wishes in hindi words in english,7,1,1,555,birthday-wishes-in-hindi-en
birthday wishes in late,4,1,1,555,birthday-wishes-in-hindi-en
birthday wishes in written form,5,1,1,555,birthday-wishes-in-hindi-en
i appreciate all the birthday wishes in hindi,8,1,1,555,birthday-wishes-in-hindi-en
maa birthday wishes in hindi quotes,6,1,1,555,birthday-wishes-in-hindi-en
nanad birthday wishes in hindi and english,7,1,1,555,birthday-wishes-in-hindi-en
wife birthday wishes in hindi one line,7,1,1,555,birthday-wishes-in-hindi-en
aap ko janamdin ki hardik shubhkamnaye in hindi,8,1,1,555,x1
janamdin ki hardik shubhkamnaye beti in hindi,7,1,1,555,x1
janamdin ki hardik shubhkamnaye calligraphy,5,1,1,555,x1
janamdin ki hardik shubhkamnaye dada in hindi,7,1,1,555,x1
janamdin ki hardik shubhkamnaye hai,5,1,1,555,x1
janamdin ki hardik shubhkamnaye in hindi beta,7,1,1,555,x1
janamdin ki hardik shubhkamnaye in hindi for friend,8,1,1,555,x1
janamdin ki hardik shubhkamnaye in hindi quotes,7,1,1,555,x1
janamdin ki hardik shubhkamnaye in urdu text,7,1,1,555,x1
janamdin ki hardik shubhkamnaye kaise de english me,8,1,1,555,x1
janamdin ki hardik shubhkamnaye mata shree in hindi,8,1,1,555,x1
janamdin ki hardik shubhkamnaye mere yaar,6,1,1,555,x1
janamdin ki hardik shubhkamnaye my wife,6,1,1,555,x1
janamdin ki hardik shubhkamnaye nanaji,5,1,1,555,x1
janamdin ki hardik shubhkamnaye param mitra in hindi,8,1,1,555,x1
janamdin ki hardik shubhkamnaye sister,5,1,1,555,x1
janamdin ki hardik shubhkamnaye tum jiyo hazaro saal in english,10,1,1,555,x1
janamdin ki hardik shubhkamnaye vidhayak ji,6,1,1,555,x1
a queen was born today birthday quotes,7,1,1,555,birthday-quotes-en
birthday niece quotes from aunt,5,1,1,555,birthday-quotes-en
birthday quotes about best friend,5,1,1,555,birthday-quotes-en
birthday quotes best friend in hindi,6,1,1,555,birthday-quotes-en
birthday quotes boyfriend,3,1,1,555,birthday-quotes-en
birthday quotes cousin brother,4,1,1,555,birthday-quotes-en
birthday quotes doctor,3,1,1,555,birthday-quotes-en
birthday quotes encouraging,3,1,1,555,birthday-quotes-en
birthday quotes gen z,4,1,1,555,birthday-quotes-en
birthday quotes heartfelt,3,1,1,555,birthday-quotes-en
birthday quotes jethani,3,1,1,555,birthday-quotes-en
birthday quotes leader,3,1,1,555,birthday-quotes-en
birthday quotes mama,3,1,1,555,birthday-quotes-en
birthday quotes on wife,4,1,1,555,birthday-quotes-en
birthday quotes pic,3,1,1,555,birthday-quotes-en
birthday quotes self love,4,1,1,555,birthday-quotes-en
birthday quotes wife english,4,1,1,555,birthday-quotes-en
birthday quotes with bible verse,5,1,1,555,birthday-quotes-en
birthday remembrance quotes,3,1,1,555,birthday-quotes-en
birthday unique quotes for brother,5,1,1,555,birthday-quotes-en
birthday vibes quotes for myself,5,1,1,555,birthday-quotes-en
happy birthday quotes for myself,5,1,1,555,birthday-quotes-en
how to wishes birthday,4,1,1,555,birthday-quotes-en
birthday wishes cheers to another year,6,1,1,555,birthday-wishes-en
birthday wishes quotes for daughter in kannada,7,1,1,555,birthday-wishes-en
birthday wishes response,3,1,1,555,birthday-wishes-en
czn birthday wishes,3,1,1,555,birthday-wishes-en
birthday message free,3,1,1,555,birthday-status-en
birthday status bete ke liye,5,1,1,555,birthday-status-en
birthday status caption for husband,5,1,1,555,birthday-status-en
birthday status dad,3,1,1,555,birthday-status-en
birthday status in hindi beti,5,1,1,555,birthday-status-en
birthday status little sister,4,1,1,555,birthday-status-en
birthday status myself,3,1,1,555,birthday-status-en
birthday status papa,3,1,1,555,birthday-status-en
birthday status quotes for friend,5,1,1,555,birthday-status-en
birthday status song for wife,5,1,1,555,birthday-status-en
birthday status to my daughter,5,1,1,555,birthday-status-en
birthday status video for wife,5,1,1,555,birthday-status-en
birthday status wishes for brother,5,1,1,555,birthday-status-en
birthday wishes reply to everyone,5,1,1,555,birthday-status-en
how to put birthday status,5,1,1,555,birthday-status-en
birthday wishes card making app,5,1,1,555,birthday-wish-maker-en
can i make a birthday card in word,8,1,1,555,birthday-wish-maker-en
how to make a birthday card template in word,9,1,1,555,birthday-wish-maker-en
make a wish birthday greetings,5,1,1,555,birthday-wish-maker-en
birthday caption as a mom,5,1,1,555,birthday-caption-en
birthday caption baby boy,4,1,1,555,birthday-caption-en
birthday caption best friend short,5,1,1,555,birthday-caption-en
birthday caption celebration,3,1,1,555,birthday-caption-en
birthday caption dog,3,1,1,555,birthday-caption-en
birthday caption english for sister,5,1,1,555,birthday-caption-en
birthday caption for father from daughter,6,1,1,555,birthday-caption-en
birthday caption greetings,3,1,1,555,birthday-caption-en
birthday caption ideas for friend,5,1,1,555,birthday-caption-en
birthday caption in short,4,1,1,555,birthday-caption-en
birthday caption little brother,4,1,1,555,birthday-caption-en
birthday caption my daughter,4,1,1,555,birthday-caption-en
birthday caption papa marathi,4,1,1,555,birthday-caption-en
birthday caption sister in english,5,1,1,555,birthday-caption-en
birthday caption to post on instagram,6,1,1,555,birthday-caption-en
birthday caption vacation,3,1,1,555,birthday-caption-en
birthday captions november,3,1,1,555,birthday-caption-en
short birthday captions 2026,4,1,1,555,birthday-caption-en
what are birthday captions,4,1,1,555,birthday-caption-en
birthday ki shayari english mein,5,1,1,555,birthday-shayari-en
birthday shayari apna,3,1,1,555,birthday-shayari-en
birthday shayari bhanja,3,1,1,555,birthday-shayari-en
birthday shayari chota bhai ke liye,6,1,1,555,birthday-shayari-en
birthday shayari didi ke liye english,6,1,1,555,birthday-shayari-en
birthday shayari for your love,5,1,1,555,birthday-shayari-en
birthday shayari ghalib,3,1,1,555,birthday-shayari-en
birthday shayari hindi love,4,1,1,555,birthday-shayari-en
birthday shayari in english for friend in hindi,8,1,1,555,birthday-shayari-en
birthday shayari jigri yaar ke liye,6,1,1,555,birthday-shayari-en
birthday shayari love ke liye,5,1,1,555,birthday-shayari-en
birthday shayari mama,3,1,1,555,birthday-shayari-en
birthday shayari name wali,4,1,1,555,birthday-shayari-en
birthday shayari on wife,4,1,1,555,birthday-shayari-en
birthday shayari rangdari bhojpuri,4,1,1,555,birthday-shayari-en
birthday shayari short,3,1,1,555,birthday-shayari-en
birthday shayari urdu text,4,1,1,555,birthday-shayari-en
birthday shayari wishes for friend,5,1,1,555,birthday-shayari-en
birthday shayari with english,4,1,1,555,birthday-shayari-en
happy birthday quotes shayari,4,1,1,555,birthday-shayari-en
happy birthday vahini shayari marathi,5,1,1,555,birthday-shayari-en
happy birthday zoya shayari,4,1,1,555,birthday-shayari-en
बर्थडे शायरी इंग्लिश में,4,1,1,555,birthday-shayari-en
बर्थडे शायरी फोटो,3,1,1,555,birthday-shayari-en
बर्थडे शायरी बेस्टी के लिए,5,1,1,555,birthday-shayari-en
happy birthday bua wishes in hindi and english,8,1,1,555,x4
happy birthday radha rani wishes in hindi with name,9,1,1,555,x4
happy birthday return wishes in hindi,6,1,1,555,x4
happy birthday uncle ji wishes in hindi text in english,10,1,1,555,x4
happy birthday wishes bible verse hindi,6,1,1,555,x4
happy birthday wishes husband hindi and english text,8,1,1,555,x4
happy birthday wishes in hindi bhatiji ke liye,8,1,1,555,x4
happy birthday wishes in hindi big brother,7,1,1,555,x4
happy birthday wishes in hindi do line,7,1,1,555,x4
happy birthday wishes in hindi english for best friend girl,10,1,1,555,x4
happy birthday wishes in hindi gudiya,6,1,1,555,x4
happy birthday wishes in hindi in 2 line,8,1,1,555,x4
happy birthday wishes in hindi letters,6,1,1,555,x4
happy birthday wishes in hindi maa,6,1,1,555,x4
happy birthday wishes in hindi to wife,7,1,1,555,x4
happy birthday wishes in hindi with name and photo,9,1,1,555,x4
happy birthday yaara wishes in hindi,6,1,1,555,x4
reply of happy birthday wishes in hindi,7,1,1,555,x4
how to thank you for birthday wishes in gujarati,9,1,1,555,x3
thank you everyone for the birthday wishes much appreciated,9,1,1,555,x3
thank you for birthday wishes all my friends,8,1,1,555,x3
thank you for birthday wishes by kids,7,1,1,555,x3
thank you for birthday wishes for lover,7,1,1,555,x3
thank you for birthday wishes gemini prompt,7,1,1,555,x3
thank you for birthday wishes hd images free download,9,1,1,555,x3
thank you for birthday wishes hindi text,7,1,1,555,x3
thank you for birthday wishes in other words,8,1,1,555,x3
thank you for birthday wishes kids,6,1,1,555,x3
thank you for birthday wishes lover,6,1,1,555,x3
thank you for birthday wishes meaning in hindi,8,1,1,555,x3
thank you for birthday wishes meaning in urdu text,9,1,1,555,x3
thank you for birthday wishes photo editor,7,1,1,555,x3
thank you for birthday wishes quotation,6,1,1,555,x3
thank you for birthday wishes ringtone download,7,1,1,555,x3
thank you for birthday wishes son,6,1,1,555,x3
thank you for birthday wishes to best friend girl,9,1,1,555,x3
thank you for birthday wishes to family,7,1,1,555,x3
thank you for birthday wishes whatsapp stickers,7,1,1,555,x3
thank you for valuable birthday wishes,6,1,1,555,x3
thank you for your birthday wishes gif,7,1,1,555,x3
thank you images for birthday wishes download,7,1,1,555,x3
thank you jesus for another year birthday wishes,8,1,1,555,x3
thank you message for birthday wishes with emoji,8,1,1,555,x3
thank you note for birthday wishes card,7,1,1,555,x3
birthday wishes husband in hindi,5,1,1,555,birthday-wishes-hi
birthday wishes nanad ji,4,1,1,555,birthday-wishes-hi
birthday wishes reply in whatsapp group,6,1,1,555,birthday-wishes-hi
can i have some birthday wishes,6,1,1,555,birthday-wishes-hi
happy birthday wishes 2026 in english,6,1,1,555,birthday-wishes-hi
janamdin ki shubhkamnaye jija ji in hindi,7,1,1,555,x2
janamdin ki shubhkamnaye quotes in english,6,1,1,555,x2
जन्मदिन की अग्रिम शुभकामनाएं माँ,5,1,1,555,x2
जन्मदिन की शुभकामनाएं motivational birthday wishes in hindi,8,1,1,555,x2
जन्मदिन की शुभकामनाएं mummy,4,1,1,555,x2
जन्मदिन की शुभकामनाएं नई,4,1,1,555,x2
जन्मदिन की शुभकामनाएं पत्नी के लिए,6,1,1,555,x2
जन्मदिन की शुभकामनाएं पर आभार,5,1,1,555,x2
जन्मदिन की शुभकामनाएं फोटो,4,1,1,555,x2
जन्मदिन की शुभकामनाएं भाई english,5,1,1,555,x2
जन्मदिन की शुभकामनाएं हिंदी dost,5,1,1,555,x2
जन्मदिन की हार्दिक शुभकामनाएं in rajasthani,6,1,1,555,x2
जन्मदिन की हार्दिक शुभकामनाएं line,5,1,1,555,x2
bade bhai ko birthday wishes in hindi for brother,9,1,1,555,x5
best birthday wishes for brother in hindi shayari,8,1,1,555,x5
best wishes for birthday for big brother in hindi,9,1,1,555,x5
birthday day wishes for brother in hindi,7,1,1,555,x5
birthday wishes for a brother in hindi,7,1,1,555,x5
birthday wishes for brother from sister quotes in hindi,9,1,1,555,x5
birthday wishes for brother success in hindi text,8,1,1,555,x5
heart touching birthday wishes for brother gujarati in hindi,9,1,1,555,x5
heart touching birthday wishes for brother in hindi shayari,9,1,1,555,x5
heart touching birthday wishes for brother in urdu in hindi,10,1,1,555,x5
heart touching birthday wishes for your brother in hindi,9,1,1,555,x5
jigri yaar birthday wishes in hindi for brother,8,1,1,555,x5
love birthday wishes for brother in hindi,7,1,1,555,x5
motivational birthday wishes for brother in hindi,7,1,1,555,x5
short birthday wishes for cousin brother in hindi,8,1,1,555,x5
can i buy a birthday cake with ebt,8,1,1,554,happy-birthday-en
happy birthday 2026 latest song download,6,1,1,554,happy-birthday-en
happy birthday again meaning,4,1,1,554,happy-birthday-en
happy birthday anna in kannada,5,1,1,554,happy-birthday-en
happy birthday best friend wishes in kannada,7,1,1,554,happy-birthday-en
happy birthday chocolate,3,1,1,554,happy-birthday-en
happy birthday dear sister,4,1,1,554,happy-birthday-en
happy birthday elder brother,4,1,1,554,happy-birthday-en
happy birthday for best friend wishes,6,1,1,554,happy-birthday-en
happy birthday free download images,5,1,1,554,happy-birthday-en
happy birthday girl wishes,4,1,1,554,happy-birthday-en
happy birthday husband cake,4,1,1,554,happy-birthday-en
happy birthday jigri yaar,4,1,1,554,happy-birthday-en
happy birthday ka reply kya de english me,8,1,1,554,happy-birthday-en
happy birthday little brother,4,1,1,554,happy-birthday-en
happy birthday maker website,4,1,1,554,happy-birthday-en
happy birthday mummy,3,1,1,554,happy-birthday-en
happy birthday neha,3,1,1,554,happy-birthday-en
happy birthday one of my favourite person,7,1,1,554,happy-birthday-en
happy birthday online photo frame,5,1,1,554,happy-birthday-en
happy birthday prompt chatgpt,4,1,1,554,happy-birthday-en
happy birthday quotes for wife in english,7,1,1,554,happy-birthday-en
happy birthday return wishes,4,1,1,554,happy-birthday-en
happy birthday sister quotes,4,1,1,554,happy-birthday-en
happy birthday template free download with photo,7,1,1,554,happy-birthday-en
happy birthday to brother,4,1,1,554,happy-birthday-en
happy birthday ukulele tabs,4,1,1,554,happy-birthday-en
happy birthday video template,4,1,1,554,happy-birthday-en
happy birthday wishes for son,5,1,1,554,happy-birthday-en
happy birthday with cake,4,1,1,554,happy-birthday-en
happy birthday without h and y,6,1,1,554,happy-birthday-en
happy birthday xml file alight motion,6,1,1,554,happy-birthday-en
happy birthday your dreams come true,6,1,1,554,happy-birthday-en
happy birthday zaiba,3,1,1,554,happy-birthday-en
is it bad luck to sing happy birthday after your birthday,11,1,1,554,happy-birthday-en
is it happy birthday america or happy anniversary america,9,1,1,554,happy-birthday-en
when the birthday of hardik pandya,6,1,1,554,happy-birthday-en
which my daughter happy birthday,5,1,1,554,happy-birthday-en
who is happy birthday by stevie wonder about,8,1,1,554,happy-birthday-en
beti birthday wishes in hindi quotes,6,1,1,554,birthday-wishes-in-hindi-en
birthday hindi wishes,3,1,1,554,birthday-wishes-in-hindi-en
birthday message in hindi for husband,6,1,1,554,birthday-wishes-in-hindi-en
birthday wishes for husband in urdu hindi,7,1,1,554,birthday-wishes-in-hindi-en
birthday wishes in best,4,1,1,554,birthday-wishes-in-hindi-en
birthday wishes in hindi dharmik,5,1,1,554,birthday-wishes-in-hindi-en
birthday wishes in hindi english sister,6,1,1,554,birthday-wishes-in-hindi-en
birthday wishes in hindi for colleague,6,1,1,554,birthday-wishes-in-hindi-en
birthday wishes in hindi for father in law,8,1,1,554,birthday-wishes-in-hindi-en
birthday wishes in hindi lover,5,1,1,554,birthday-wishes-in-hindi-en
birthday wishes in hindi maa,5,1,1,554,birthday-wishes-in-hindi-en
birthday wishes in hindi punjabi,5,1,1,554,birthday-wishes-in-hindi-en
birthday wishes in hindi status,5,1,1,554,birthday-wishes-in-hindi-en
birthday wishes in hindi to bhabhi,6,1,1,554,birthday-wishes-in-hindi-en
birthday wishes in hindi twitter,5,1,1,554,birthday-wishes-in-hindi-en
birthday wishes in hindi whatsapp,5,1,1,554,birthday-wishes-in-hindi-en
i appreciate your birthday wishes meaning in hindi,8,1,1,554,birthday-wishes-in-hindi-en
papa birthday wishes in hindi one line,7,1,1,554,birthday-wishes-in-hindi-en
very funny birthday wishes in hindi,6,1,1,554,birthday-wishes-in-hindi-en
yuva neta birthday wishes in hindi,6,1,1,554,birthday-wishes-in-hindi-en
aapko aapke janamdin ki hardik shubhkamnaye,6,1,1,554,x1
aapko janamdin ki hardik shubhkamnaye english translation,7,1,1,554,x1
janamdin ki hardik shubhkamnaye aur ashirwad,6,1,1,554,x1
janamdin ki hardik shubhkamnaye baba vishwanath,6,1,1,554,x1
janamdin ki hardik shubhkamnaye bade bhaiya,6,1,1,554,x1
janamdin ki hardik shubhkamnaye charan sparsh,6,1,1,554,x1
janamdin ki hardik shubhkamnaye hindi text,6,1,1,554,x1
janamdin ki hardik shubhkamnaye in hindi for papa,8,1,1,554,x1
janamdin ki hardik shubhkamnaye in hindi sister,7,1,1,554,x1
janamdin ki hardik shubhkamnaye in hindi wife ke liye,9,1,1,554,x1
janamdin ki hardik shubhkamnaye in odia language,7,1,1,554,x1
janamdin ki hardik shubhkamnaye in punjabi,6,1,1,554,x1
janamdin ki hardik shubhkamnaye kavita in hindi,7,1,1,554,x1
janamdin ki hardik shubhkamnaye mami ji in hindi,8,1,1,554,x1
janamdin ki hardik shubhkamnaye neta in hindi,7,1,1,554,x1
janamdin ki hardik shubhkamnaye png,5,1,1,554,x1
janamdin ki hardik shubhkamnaye quotes in english,7,1,1,554,x1
janamdin ki hardik shubhkamnaye sasu maa in hindi,8,1,1,554,x1
janamdin ki hardik shubhkamnaye tiwari ji in hindi,8,1,1,554,x1
unhe janamdin ki hardik shubhkamnaye in english,7,1,1,554,x1
birthday greetings online card,4,1,1,554,birthday-quotes-en
birthday jesus quotes telugu,4,1,1,554,birthday-quotes-en
birthday quotes about son,4,1,1,554,birthday-quotes-en
birthday quotes best friend funny,5,1,1,554,birthday-quotes-en
birthday quotes comedy,3,1,1,554,birthday-quotes-en
birthday quotes daughter in marathi,5,1,1,554,birthday-quotes-en
birthday quotes english for husband,5,1,1,554,birthday-quotes-en
birthday quotes girlfriend hindi,4,1,1,554,birthday-quotes-en
birthday quotes hindi for friend,5,1,1,554,birthday-quotes-en
birthday quotes line,3,1,1,554,birthday-quotes-en
birthday quotes malayalam,3,1,1,554,birthday-quotes-en
birthday quotes on cake for boyfriend,6,1,1,554,birthday-quotes-en
birthday quotes psd,3,1,1,554,birthday-quotes-en
birthday quotes short line,4,1,1,554,birthday-quotes-en
birthday quotes with wife,4,1,1,554,birthday-quotes-en
birthday resolution quotes,3,1,1,554,birthday-quotes-en
birthday urdu quotes for brother,5,1,1,554,birthday-quotes-en
birthday vibes quotes for instagram,5,1,1,554,birthday-quotes-en
birthday wishes quotes 2026,4,1,1,554,birthday-quotes-en
can i have birthday quotes,5,1,1,554,birthday-quotes-en
happy birthday quotes for mom,5,1,1,554,birthday-quotes-en
what are happy birthday quotes,5,1,1,554,birthday-quotes-en
why we celebrate birthdays quotes,5,1,1,554,birthday-quotes-en
birthday wishes for sister in law,6,1,1,554,birthday-wishes-en
birthday wishes kannada husband,4,1,1,554,birthday-wishes-en
birthday wishes quotes for husband in english,7,1,1,554,birthday-wishes-en
difference birthday wishes,3,1,1,554,birthday-wishes-en
how can i write birthday wishes,6,1,1,554,birthday-wishes-en
birthday loading status,3,1,1,554,birthday-status-en
birthday status beta ke liye,5,1,1,554,birthday-status-en
birthday status caption for son,5,1,1,554,birthday-status-en
birthday status ideas for daughter,5,1,1,554,birthday-status-en
birthday status in nepali,4,1,1,554,birthday-status-en
birthday status message for daughter,5,1,1,554,birthday-status-en
birthday status pinterest,3,1,1,554,birthday-status-en
birthday status shayari,3,1,1,554,birthday-status-en
birthday status to myself,4,1,1,554,birthday-status-en
birthday status video for husband,5,1,1,554,birthday-status-en
birthday status wishes for husband,5,1,1,554,birthday-status-en
birthday wishes grandson,3,1,1,554,birthday-status-en
birthday wishes reply to wife,5,1,1,554,birthday-status-en
birthday wishes uk,3,1,1,554,birthday-status-en
can i say birthday cheers,5,1,1,554,birthday-status-en
how do i find my star birthday,7,1,1,554,birthday-status-en
when is status birthday,4,1,1,554,birthday-status-en
birthday greeting card maker app,5,1,1,554,birthday-wish-maker-en
birthday wish mai kya likhe,5,1,1,554,birthday-wish-maker-en
birthday wishes card maker with name and photo,8,1,1,554,birthday-wish-maker-en
birthday wishes to make a girl fall in love,9,1,1,554,birthday-wish-maker-en
bappa birthday 2026 caption,4,1,1,554,birthday-caption-en
birthday caption at the beach,5,1,1,554,birthday-caption-en
birthday caption bhabhi,3,1,1,554,birthday-caption-en
birthday caption dinner,3,1,1,554,birthday-caption-en
birthday caption english for brother,5,1,1,554,birthday-caption-en
birthday caption god,3,1,1,554,birthday-caption-en
birthday caption in friend,4,1,1,554,birthday-caption-en
birthday caption love marathi,4,1,1,554,birthday-caption-en
birthday caption mama,3,1,1,554,birthday-caption-en
birthday caption profile,3,1,1,554,birthday-caption-en
birthday caption special person,4,1,1,554,birthday-caption-en
birthday caption to my son,5,1,1,554,birthday-caption-en
birthday captions best friend instagram,5,1,1,554,birthday-caption-en
birthday captions cute girl,4,1,1,554,birthday-caption-en
birthday captions nice,3,1,1,554,birthday-caption-en
birthday quote caption,3,1,1,554,birthday-caption-en
birthday vibes caption,3,1,1,554,birthday-caption-en
birthday wishes appreciation quotes,4,1,1,554,birthday-caption-en
it is my birthday caption,5,1,1,554,birthday-caption-en
birthday ki shayari dost ke liye,6,1,1,554,birthday-shayari-en
birthday shayari and wishes,4,1,1,554,birthday-shayari-en
birthday shayari best friend marathi,5,1,1,554,birthday-shayari-en
birthday shayari bhai ke liye english,6,1,1,554,birthday-shayari-en
birthday shayari couple,3,1,1,554,birthday-shayari-en
birthday shayari devar ke liye,5,1,1,554,birthday-shayari-en
birthday shayari english text,4,1,1,554,birthday-shayari-en
birthday shayari gf ke liye in hindi,7,1,1,554,birthday-shayari-en
birthday shayari happy birthday shayari,5,1,1,554,birthday-shayari-en
birthday shayari jabardast,3,1,1,554,birthday-shayari-en
birthday shayari john elia,4,1,1,554,birthday-shayari-en
birthday shayari lyrics,3,1,1,554,birthday-shayari-en
birthday shayari my jaan,4,1,1,554,birthday-shayari-en
birthday shayari normal,3,1,1,554,birthday-shayari-en
birthday shayari pati ke liye,5,1,1,554,birthday-shayari-en
birthday shayari reels,3,1,1,554,birthday-shayari-en
birthday shayari sali ji ke liye,6,1,1,554,birthday-shayari-en
birthday shayari to best friend,5,1,1,554,birthday-shayari-en
birthday shayari wishes in english,5,1,1,554,birthday-shayari-en
birthday shayari with girlfriend,4,1,1,554,birthday-shayari-en
friend birthday shayari urdu,4,1,1,554,birthday-shayari-en
happy birthday shayari queen,4,1,1,554,birthday-shayari-en
happy birthday shayari yaari,4,1,1,554,birthday-shayari-en
happy birthday vikas shayari,4,1,1,554,birthday-shayari-en
happy birthday xori shayari,4,1,1,554,birthday-shayari-en
chacha happy birthday wishes for uncle in hindi,8,1,1,554,x4
happy birthday devrani wishes in hindi and english,8,1,1,554,x4
happy birthday hubby wishes in hindi english,7,1,1,554,x4
happy birthday papa wishes in hindi miss you papa,9,1,1,554,x4
happy birthday rani wishes in hindi,6,1,1,554,x4
happy birthday wishes bestie hindi me,6,1,1,554,x4
happy birthday wishes for friend in hindi with emoji,9,1,1,554,x4
happy birthday wishes for office colleague in hindi,8,1,1,554,x4
happy birthday wishes images with bible verses in hindi,9,1,1,554,x4
happy birthday wishes in hindi bhabhi ji,7,1,1,554,x4
happy birthday wishes in hindi brother,6,1,1,554,x4
happy birthday wishes in hindi cake name,7,1,1,554,x4
happy birthday wishes in hindi child,6,1,1,554,x4
happy birthday wishes in hindi dosti,6,1,1,554,x4
happy birthday wishes in hindi english for best friend,9,1,1,554,x4
happy birthday wishes in hindi greeting card,7,1,1,554,x4
happy birthday wishes in hindi in wife,7,1,1,554,x4
happy birthday wishes in hindi love text copy and paste,10,1,1,554,x4
happy birthday wishes in hindi param mitra,7,1,1,554,x4
happy birthday wishes in hindi sun,6,1,1,554,x4
happy birthday wishes in hindi to son,7,1,1,554,x4
happy birthday wishes in hindi twitter,6,1,1,554,x4
happy birthday wishes in hindi words,6,1,1,554,x4
happy birthday wishes quotes hindi text,6,1,1,554,x4
happy birthday wishes sir in hindi images,7,1,1,554,x4
how to thank you for birthday wishes on instagram,9,1,1,554,x3
jesus says thank you for the birthday wishes,8,1,1,554,x3
thank you all for the birthday wishes i appreciate it,10,1,1,554,x3
thank you birthday wishes for hubby,6,1,1,554,x3
thank you everyone for birthday wishes card,7,1,1,554,x3
thank you for birthday wishes ai,6,1,1,554,x3
thank you for birthday wishes banner,6,1,1,554,x3
thank you for birthday wishes caption for instagram,8,1,1,554,x3
thank you for birthday wishes gratitude,6,1,1,554,x3
thank you for birthday wishes in different ways,8,1,1,554,x3
thank you for birthday wishes instagram story,7,1,1,554,x3
thank you for birthday wishes kannada meaning in english,9,1,1,554,x3
thank you for birthday wishes logo,6,1,1,554,x3
thank you for birthday wishes message in hindi,8,1,1,554,x3
thank you for birthday wishes my bestie,7,1,1,554,x3
thank you for birthday wishes navroba in marathi,8,1,1,554,x3
thank you for birthday wishes on behalf of my son in marathi,12,1,1,554,x3
thank you for birthday wishes post on facebook,8,1,1,554,x3
thank you for birthday wishes quotes images,7,1,1,554,x3
thank you for birthday wishes short and sweet,8,1,1,554,x3
thank you for birthday wishes stickers whatsapp free download,9,1,1,554,x3
thank you for birthday wishes to everyone,7,1,1,554,x3
thank you for my birthday wishes everyone,7,1,1,554,x3
thank you message for birthday wishes reply,7,1,1,554,x3
thank you message for birthday wishes with images,8,1,1,554,x3
thank you uncle for birthday wishes,6,1,1,554,x3
thank you very much for birthday wishes images,8,1,1,554,x3
thank you you for birthday wishes,6,1,1,554,x3
birthday wishes for father,4,1,1,554,birthday-wishes-hi
birthday wishes hindi english dono me,6,1,1,554,birthday-wishes-hi
birthday wishes reply in group in english,7,1,1,554,birthday-wishes-hi
birthday wishes zubeen garg assamese,5,1,1,554,birthday-wishes-hi
birthday wishes आभार धन्यवाद,4,1,1,554,birthday-wishes-hi
janamdin ki shubhkamnaye hindi text,5,1,1,554,x2
janamdin ki shubhkamnaye jijaji,4,1,1,554,x2
janamdin ki shubhkamnaye reply,4,1,1,554,x2
janmdin shubhkamnaye quotes,3,1,1,554,x2
जन्मदिन की शुभकामनाएं baby boy,5,1,1,554,x2
जन्मदिन की शुभकामनाएं meaning in tamil,6,1,1,554,x2
जन्मदिन की शुभकामनाएं song download,5,1,1,554,x2
जन्मदिन की शुभकामनाएं इन राजस्थानी,5,1,1,554,x2
जन्मदिन की शुभकामनाएं गर्ल फ्रेंड,5,1,1,554,x2
जन्मदिन की शुभकामनाएं पर धन्यवाद,5,1,1,554,x2
जन्मदिन की शुभकामनाएं फोटो फ्रेम,5,1,1,554,x2
जन्मदिन की शुभकामनाएं भाई के लिए,6,1,1,554,x2
जन्मदिन की शुभकामनाएं मजेदार,4,1,1,554,x2
जन्मदिन की शुभकामनाएं स्टेटस english,5,1,1,554,x2
जन्मदिन की शुभकामनाएं हिंदी में best friend,7,1,1,554,x2
जन्मदिन की हार्दिक शुभकामनाएं chachi ji,6,1,1,554,x2
जन्मदिन की हार्दिक शुभकामनाएं for wife,6,1,1,554,x2
जन्मदिन की हार्दिक शुभकामनाएं sister,5,1,1,554,x2
50th birthday wishes for brother in hindi,7,1,1,554,x5
advance birthday wishes for brother in hindi,7,1,1,554,x5
best funny birthday wishes for brother in hindi,8,1,1,554,x5
birthday wishes for brother in funny way in hindi,9,1,1,554,x5
birthday wishes for brother long paragraph in hindi,8,1,1,554,x5
birthday wishes for brother success hindi,6,1,1,554,x5
birthday wishes for brother success hindi in english,8,1,1,554,x5
birthday wishes for brother translate in hindi,7,1,1,554,x5
birthday wishes for brother with hindi meaning,7,1,1,554,x5
birthday wishes for dear brother in hindi,7,1,1,554,x5
birthday wishes for friend like brother in hindi,8,1,1,554,x5
birthday wishes message for brother in hindi,7,1,1,554,x5
birthday wishes quotes for brother in law in hindi,9,1,1,554,x5
funny birthday wishes for brother in hindi for instagram,9,1,1,554,x5
heart touching birthday wishes for brother in urdu text in hindi,11,1,1,554,x5
long birthday wishes for brother in hindi,7,1,1,554,x5
short blessing birthday wishes for brother in hindi,8,1,1,554,x5
a birthday without you,4,1,1,553,happy-birthday-en
can i buy a birthday cake with food stamps,9,1,1,553,happy-birthday-en
happy birthday 2026,3,1,1,553,happy-birthday-en
happy birthday 2026 photo,4,1,1,553,happy-birthday-en
happy birthday app download,4,1,1,553,happy-birthday-en
happy birthday best sister wishes,5,1,1,553,happy-birthday-en
happy birthday brother quotes,4,1,1,553,happy-birthday-en
happy birthday candle,3,1,1,553,happy-birthday-en
happy birthday dear husband,4,1,1,553,happy-birthday-en
happy birthday emoji copy and paste,6,1,1,553,happy-birthday-en
happy birthday for sister wishes,5,1,1,553,happy-birthday-en
happy birthday free download mp3,5,1,1,553,happy-birthday-en
happy birthday friend in kannada,5,1,1,553,happy-birthday-en
happy birthday geleya in kannada,5,1,1,553,happy-birthday-en
happy birthday husband wishes in kannada,6,1,1,553,happy-birthday-en
happy birthday jijaji wishes in hindi,6,1,1,553,happy-birthday-en
happy birthday ka reply kya de in english,8,1,1,553,happy-birthday-en
happy birthday little sister wishes,5,1,1,553,happy-birthday-en
happy birthday maker video online,5,1,1,553,happy-birthday-en
happy birthday movie,3,1,1,553,happy-birthday-en
happy birthday niece,3,1,1,553,happy-birthday-en
happy birthday once again meaning in hindi,7,1,1,553,happy-birthday-en
happy birthday online website,4,1,1,553,happy-birthday-en
happy birthday papa wishes 2 line,6,1,1,553,happy-birthday-en
happy birthday quotes for baby girl,6,1,1,553,happy-birthday-en
happy birthday riya,3,1,1,553,happy-birthday-en
happy birthday short form,4,1,1,553,happy-birthday-en
happy birthday tag,3,1,1,553,happy-birthday-en
happy birthday template instagram,4,1,1,553,happy-birthday-en
happy birthday uncle ji wishes in hindi,7,1,1,553,happy-birthday-en
happy birthday vn template,4,1,1,553,happy-birthday-en
happy birthday with flowers,4,1,1,553,happy-birthday-en
happy birthday xori nepali text,5,1,1,553,happy-birthday-en
happy birthday younger sister wishes,5,1,1,553,happy-birthday-en
happy birthday zoo song,4,1,1,553,happy-birthday-en
is it happy birthday to me or myself,8,1,1,553,happy-birthday-en
the who happy birthday gif,5,1,1,553,happy-birthday-en
when the birthday of bhagat singh,6,1,1,553,happy-birthday-en
which my sister happy birthday,5,1,1,553,happy-birthday-en
birthday wishes for netaji in hindi,6,1,1,553,birthday-wishes-in-hindi-en
birthday wishes in different types,5,1,1,553,birthday-wishes-in-hindi-en
birthday wishes in hindi 2023,5,1,1,553,birthday-wishes-in-hindi-en
birthday wishes in hindi apne liye,6,1,1,553,birthday-wishes-in-hindi-en
birthday wishes in hindi beta ke liye,7,1,1,553,birthday-wishes-in-hindi-en
birthday wishes in hindi dosti,5,1,1,553,birthday-wishes-in-hindi-en
birthday wishes in hindi emoji,5,1,1,553,birthday-wishes-in-hindi-en
birthday wishes in hindi english wife,6,1,1,553,birthday-wishes-in-hindi-en
birthday wishes in hindi for friend shayari,7,1,1,553,birthday-wishes-in-hindi-en
birthday wishes in hindi for guruji,6,1,1,553,birthday-wishes-in-hindi-en
birthday wishes in hindi in,5,1,1,553,birthday-wishes-in-hindi-en
birthday wishes in hindi little girl,6,1,1,553,birthday-wishes-in-hindi-en
birthday wishes in hindi mahadev,5,1,1,553,birthday-wishes-in-hindi-en
birthday wishes in hindi pdf,5,1,1,553,birthday-wishes-in-hindi-en
birthday wishes in hindi special person,6,1,1,553,birthday-wishes-in-hindi-en
birthday wishes in hindi to wife,6,1,1,553,birthday-wishes-in-hindi-en
birthday wishes reply hindi text,5,1,1,553,birthday-wishes-in-hindi-en
daughter birthday wishes in hindi quotes,6,1,1,553,birthday-wishes-in-hindi-en
maa birthday wishes in hindi one line,7,1,1,553,birthday-wishes-in-hindi-en
my birthday wishes for you in hindi,7,1,1,553,birthday-wishes-in-hindi-en
non veg birthday wishes in hindi for friend,8,1,1,553,birthday-wishes-in-hindi-en
sister birthday wishes in hindi and english,7,1,1,553,birthday-wishes-in-hindi-en
unique birthday wishes in hindi for best friend,8,1,1,553,birthday-wishes-in-hindi-en
aapko janamdin ki hardik shubhkamnaye in english,7,1,1,553,x1
aapko janamdin ki hardik shubhkamnaye in sanskrit,7,1,1,553,x1
janamdin ki hardik badhai evam shubhkamnaye in hindi,8,1,1,553,x1
janamdin ki hardik badhai or shubhkamnaye in hindi,8,1,1,553,x1
janamdin ki hardik shubhkamnaye avm badhai,6,1,1,553,x1
janamdin ki hardik shubhkamnaye bade bhai ko in hindi,9,1,1,553,x1
janamdin ki hardik shubhkamnaye chachi ji,6,1,1,553,x1
janamdin ki hardik shubhkamnaye dost in english,7,1,1,553,x1
janamdin ki hardik shubhkamnaye hindi bhai,6,1,1,553,x1
janamdin ki hardik shubhkamnaye in gujarati text,7,1,1,553,x1
janamdin ki hardik shubhkamnaye in hindi for sister,8,1,1,553,x1
janamdin ki hardik shubhkamnaye in hindi line,7,1,1,553,x1
janamdin ki hardik shubhkamnaye in hindi with emoji,8,1,1,553,x1
janamdin ki hardik shubhkamnaye kanha ji in hindi,8,1,1,553,x1
janamdin ki hardik shubhkamnaye mama ji,6,1,1,553,x1
janamdin ki hardik shubhkamnaye quote in hindi,7,1,1,553,x1
janamdin ki hardik shubhkamnaye radha rani,6,1,1,553,x1
janamdin ki hardik shubhkamnaye sir ko,6,1,1,553,x1
janamdin ki hardik shubhkamnaye style name,6,1,1,553,x1
janamdin ki hardik shubhkamnaye tum hamesha khush raho,8,1,1,553,x1
janamdin ki hardik shubhkamnaye vakil sahab,6,1,1,553,x1
translate janamdin ki hardik shubhkamnaye from hindi,7,1,1,553,x1
birthday greetings template free,4,1,1,553,birthday-quotes-en
birthday message quick,3,1,1,553,birthday-quotes-en
birthday quotes according to bible,5,1,1,553,birthday-quotes-en
birthday quotes best friend short,5,1,1,553,birthday-quotes-en
birthday quotes bhai,3,1,1,553,birthday-quotes-en
birthday quotes cheers,3,1,1,553,birthday-quotes-en
birthday quotes daughter malayalam,4,1,1,553,birthday-quotes-en
birthday quotes english for brother,5,1,1,553,birthday-quotes-en
birthday quotes gujarati,3,1,1,553,birthday-quotes-en
birthday quotes husband in hindi,5,1,1,553,birthday-quotes-en
birthday quotes images,3,1,1,553,birthday-quotes-en
birthday quotes love boy,4,1,1,553,birthday-quotes-en
birthday quotes mother to daughter,5,1,1,553,birthday-quotes-en
birthday quotes own,3,1,1,553,birthday-quotes-en
birthday quotes partner,3,1,1,553,birthday-quotes-en
birthday quotes special person,4,1,1,553,birthday-quotes-en
birthday quotes with love,4,1,1,553,birthday-quotes-en
birthday run quotes,3,1,1,553,birthday-quotes-en
can i wish birthday cheers,5,1,1,553,birthday-quotes-en
happy birthday quotes for love,5,1,1,553,birthday-quotes-en
is my birthday month quotes,5,1,1,553,birthday-quotes-en
netaji birthday 2026 quotes,4,1,1,553,birthday-quotes-en
what are funny birthday quotes,5,1,1,553,birthday-quotes-en
what is birthday quotes,4,1,1,553,birthday-quotes-en
when is quotes birthday,4,1,1,553,birthday-quotes-en
birthday wishes kannada songs,4,1,1,553,birthday-wishes-en
birthday wishes return thanks message,5,1,1,553,birthday-wishes-en
birthday status 26 may,4,1,1,553,birthday-status-en
birthday status bhanji,3,1,1,553,birthday-status-en
birthday status caption for daughter,5,1,1,553,birthday-status-en
birthday status ideas for brother,5,1,1,553,birthday-status-en
birthday status in hindi for wife,6,1,1,553,birthday-status-en
birthday status message for son,5,1,1,553,birthday-status-en
birthday status per kya likhen,5,1,1,553,birthday-status-en
birthday status self,3,1,1,553,birthday-status-en
birthday status tamil,3,1,1,553,birthday-status-en
birthday status video song download,5,1,1,553,birthday-status-en
birthday status wife hindi,4,1,1,553,birthday-status-en
birthday wishes assamese,3,1,1,553,birthday-status-en
birthday wishes jokes,3,1,1,553,birthday-status-en
birthday wishes romantic,3,1,1,553,birthday-status-en
birthday wishes urdu poetry,4,1,1,553,birthday-status-en
can i celebrate my birthday in starbucks,7,1,1,553,birthday-status-en
is birthday status,3,1,1,553,birthday-status-en
s birthday wishes,3,1,1,553,birthday-status-en
app to create birthday wishes,5,1,1,553,birthday-wish-maker-en
birthday greeting card maker,4,1,1,553,birthday-wish-maker-en
birthday wish make joke of,5,1,1,553,birthday-wish-maker-en
birthday wishes poster maker online,5,1,1,553,birthday-wish-maker-en
birthday wishes to make a girl feel special,8,1,1,553,birthday-wish-maker-en
birthday wishes video maker with photos,6,1,1,553,birthday-wish-maker-en
how to write my own birthday wishes,7,1,1,553,birthday-wish-maker-en
birthday best caption for myself,5,1,1,553,birthday-caption-en
birthday caption about god,4,1,1,553,birthday-caption-en
birthday caption boyfriend,3,1,1,553,birthday-caption-en
birthday caption childhood friend,4,1,1,553,birthday-caption-en
birthday caption english best friend,5,1,1,553,birthday-caption-en
birthday caption for husband in english,6,1,1,553,birthday-caption-en
birthday caption girlfriend bangla,4,1,1,553,birthday-caption-en
birthday caption in one word,5,1,1,553,birthday-caption-en
birthday caption is short meaning in hindi,7,1,1,553,birthday-caption-en
birthday caption love bangla,4,1,1,553,birthday-caption-en
birthday caption mumma,3,1,1,553,birthday-caption-en
birthday caption of love,4,1,1,553,birthday-caption-en
birthday caption profile picture,4,1,1,553,birthday-caption-en
birthday caption quirky,3,1,1,553,birthday-caption-en
birthday caption small brother,4,1,1,553,birthday-caption-en
birthday caption thank you,4,1,1,553,birthday-caption-en
birthday caption wishes for friend,5,1,1,553,birthday-caption-en
birthday captions with wife,4,1,1,553,birthday-caption-en
birthday dinner caption with family,5,1,1,553,birthday-caption-en
birthday niye caption,3,1,1,553,birthday-caption-en
birthday video caption for instagram,5,1,1,553,birthday-caption-en
can i celebrate birthday before,5,1,1,553,birthday-caption-en
netaji birthday 2026 caption,4,1,1,553,birthday-caption-en
wish birthday captions for instagram,5,1,1,553,birthday-caption-en
birthday ki shayari english,4,1,1,553,birthday-shayari-en
birthday shayari and sister,4,1,1,553,birthday-shayari-en
birthday shayari apps,3,1,1,553,birthday-shayari-en
birthday shayari bahan,3,1,1,553,birthday-shayari-en
birthday shayari bestie english,4,1,1,553,birthday-shayari-en
birthday shayari comedy for friend,5,1,1,553,birthday-shayari-en
birthday shayari dosti in hindi,5,1,1,553,birthday-shayari-en
birthday shayari english mein for friend,6,1,1,553,birthday-shayari-en
birthday shayari ex,3,1,1,553,birthday-shayari-en
birthday shayari girl best friend,5,1,1,553,birthday-shayari-en
birthday shayari hubby,3,1,1,553,birthday-shayari-en
birthday shayari jigri dost ke liye,6,1,1,553,birthday-shayari-en
birthday shayari jigri yaar english,5,1,1,553,birthday-shayari-en
birthday shayari ladki,3,1,1,553,birthday-shayari-en
birthday shayari maa ke liye,5,1,1,553,birthday-shayari-en
birthday shayari navroba marathi,4,1,1,553,birthday-shayari-en
birthday shayari on rekhta,4,1,1,553,birthday-shayari-en
birthday shayari patni ke liye,5,1,1,553,birthday-shayari-en
birthday shayari reel,3,1,1,553,birthday-shayari-en
birthday shayari special person,4,1,1,553,birthday-shayari-en
birthday shayari to love,4,1,1,553,birthday-shayari-en
birthday shayari uncle,3,1,1,553,birthday-shayari-en
birthday shayari wife english,4,1,1,553,birthday-shayari-en
birthday shayari with bhabhi,4,1,1,553,birthday-shayari-en
birthday shayari जन्मदिन शुभकामनाएं,4,1,1,553,birthday-shayari-en
birthday wishes shayari quotes,4,1,1,553,birthday-shayari-en
happy birthday vip shayari,4,1,1,553,birthday-shayari-en
happy birthday both of you wishes in hindi,8,1,1,553,x4
happy birthday humsafar wishes in hindi,6,1,1,553,x4
happy birthday papa wishes in hindi images,7,1,1,553,x4
happy birthday queen wishes in hindi,6,1,1,553,x4
happy birthday rudra wishes in hindi,6,1,1,553,x4
happy birthday sir wishes in hindi and english,8,1,1,553,x4
happy birthday uncle ji wishes in english in hindi,9,1,1,553,x4
happy birthday wishes bestie hindi english,6,1,1,553,x4
happy birthday wishes for you hindi meaning,7,1,1,553,x4
happy birthday wishes in english with hindi meaning,8,1,1,553,x4
happy birthday wishes in hindi attitude,6,1,1,553,x4
happy birthday wishes in hindi bade bhaiya,7,1,1,553,x4
happy birthday wishes in hindi cute baby,7,1,1,553,x4
happy birthday wishes in hindi dear,6,1,1,553,x4
happy birthday wishes in hindi emoji,6,1,1,553,x4
happy birthday wishes in hindi english love text,8,1,1,553,x4
happy birthday wishes in hindi for nani,7,1,1,553,x4
happy birthday wishes in hindi greeting cards,7,1,1,553,x4
happy birthday wishes in hindi in one line,8,1,1,553,x4
happy birthday wishes in hindi jan,6,1,1,553,x4
happy birthday wishes in hindi little girl,7,1,1,553,x4
happy birthday wishes in hindi mahadev,6,1,1,553,x4
happy birthday wishes in hindi sali ke liye,8,1,1,553,x4
happy birthday wishes in hindi sir,6,1,1,553,x4
happy birthday wishes in hindi to daughter,7,1,1,553,x4
wish you a very happy birthday wishes in hindi,9,1,1,553,x4
how to thank you for birthday wishes to family,9,1,1,553,x3
jazakallah khair islamic thank you message for birthday wishes,9,1,1,553,x3
thank you for all the birthday wishes i really appreciate it,11,1,1,553,x3
thank you for birthday card message,6,1,1,553,x3
thank you for birthday greetings sample,6,1,1,553,x3
thank you for birthday wishes and making my day special,10,1,1,553,x3
thank you for birthday wishes background,6,1,1,553,x3
thank you for birthday wishes colleagues quotes,7,1,1,553,x3
thank you for birthday wishes god bless,7,1,1,553,x3
thank you for birthday wishes how to reply,8,1,1,553,x3
thank you for birthday wishes in islamic way,8,1,1,553,x3
thank you for birthday wishes in marathi with photo,9,1,1,553,x3
thank you for birthday wishes kannada quotes,7,1,1,553,x3
thank you for birthday wishes love in hindi,8,1,1,553,x3
thank you for birthday wishes my love,7,1,1,553,x3
thank you for birthday wishes nepali,6,1,1,553,x3
thank you for birthday wishes on instagram story,8,1,1,553,x3
thank you for birthday wishes poem,6,1,1,553,x3
thank you for birthday wishes quotes funny,7,1,1,553,x3
thank you for birthday wishes to best friend funny,9,1,1,553,x3
thank you for birthday wishes to family members,8,1,1,553,x3
thank you for your birthday wishes everyone,7,1,1,553,x3
thank you message for birthday wishes everyone,7,1,1,553,x3
ucapan thank you for birthday wishes,6,1,1,553,x3
vote of thank you for birthday wishes,7,1,1,553,x3
birthday wishes brother in kannada text,6,1,1,553,birthday-wishes-hi
birthday wishes gf hindi,4,1,1,553,birthday-wishes-hi
birthday wishes reply message in kannada,6,1,1,553,birthday-wishes-hi
bhabhi जन्मदिन की शुभकामनाएं english,5,1,1,553,x2
janamdin ki shubhkamnaye best friend,5,1,1,553,x2
janamdin ki shubhkamnaye hindi shayari,5,1,1,553,x2
janamdin ki shubhkamnaye quotes in hindi,6,1,1,553,x2
janamdin ki shubhkamnaye wishes in english,6,1,1,553,x2
जन्मदिन की शुभकामनाएं bade bhaiya,5,1,1,553,x2
जन्मदिन की शुभकामनाएं for students,5,1,1,553,x2
जन्मदिन की शुभकामनाएं mitra,4,1,1,553,x2
जन्मदिन की शुभकामनाएं अलग अंदाज में,6,1,1,553,x2
जन्मदिन की शुभकामनाएं नई शैली में,6,1,1,553,x2
जन्मदिन की शुभकामनाएं पति के लिए,6,1,1,553,x2
जन्मदिन की शुभकामनाएं पर धन्यवाद संदेश,6,1,1,553,x2
जन्मदिन की शुभकामनाएं फोटो सहित,5,1,1,553,x2
जन्मदिन की शुभकामनाएं मैम,4,1,1,553,x2
जन्मदिन की शुभकामनाएं यार,4,1,1,553,x2
जन्मदिन की शुभकामनाएं रेख़्ता,4,1,1,553,x2
जन्मदिन की शुभकामनाएं विधायक,4,1,1,553,x2
जन्मदिन की हार्दिक शुभकामनाएं copy paste,6,1,1,553,x2
जन्मदिन की हार्दिक शुभकामनाएं dear,5,1,1,553,x2
मित्र को जन्मदिन की शुभकामनाएं shayari in hindi,8,1,1,553,x2
best birthday wishes for small brother in hindi,8,1,1,553,x5
birthday wishes for brother success hindi text,7,1,1,553,x5
birthday wishes for chota brother in hindi,7,1,1,553,x5
birthday wishes for little brother in hindi shayari,8,1,1,553,x5
dua islamic birthday wishes for brother in hindi,8,1,1,553,x5
emotional birthday wishes for brother in hindi,7,1,1,553,x5
happy birthday wishes for big brother in hindi english,9,1,1,553,x5
happy birthday wishes for brother hindi and english text,9,1,1,553,x5
happy birthday wishes for brother mahadev bless you in hindi,10,1,1,553,x5
happy birthday wishes in english hindi for brother quotes,9,1,1,553,x5
heart touching birthday wishes for brother in hindi english,9,1,1,553,x5
a birthday without mom,4,1,1,552,happy-birthday-en
can i freeze a birthday cake,6,1,1,552,happy-birthday-en
happy birthday 202,3,1,1,552,happy-birthday-en
happy birthday 2026 png,4,1,1,552,happy-birthday-en
happy birthday appa cake,4,1,1,552,happy-birthday-en
happy birthday aunty wishes,4,1,1,552,happy-birthday-en
happy birthday best friend girl,5,1,1,552,happy-birthday-en
happy birthday bro wishes,4,1,1,552,happy-birthday-en
happy birthday cake with name and photo edit,8,1,1,552,happy-birthday-en
happy birthday drawing,3,1,1,552,happy-birthday-en
happy birthday elder sister wishes,5,1,1,552,happy-birthday-en
happy birthday for girlfriend,4,1,1,552,happy-birthday-en
happy birthday free video maker,5,1,1,552,happy-birthday-en
happy birthday gana,3,1,1,552,happy-birthday-en
happy birthday happy birthday,4,1,1,552,happy-birthday-en
happy birthday jaan wishes in english,6,1,1,552,happy-birthday-en
happy birthday krishna soundtrack,4,1,1,552,happy-birthday-en
happy birthday line,3,1,1,552,happy-birthday-en
happy birthday maker card,4,1,1,552,happy-birthday-en
happy birthday mom wishes,4,1,1,552,happy-birthday-en
happy birthday new style,4,1,1,552,happy-birthday-en
happy birthday online card free,5,1,1,552,happy-birthday-en
happy birthday or happiest birthday which is correct,8,1,1,552,happy-birthday-en
happy birthday pic,3,1,1,552,happy-birthday-en
happy birthday quotes for brother in law,7,1,1,552,happy-birthday-en
happy birthday roopa,3,1,1,552,happy-birthday-en
happy birthday sir wishes,4,1,1,552,happy-birthday-en
happy birthday template aesthetic,4,1,1,552,happy-birthday-en
happy birthday text,3,1,1,552,happy-birthday-en
happy birthday uncle wishes in english,6,1,1,552,happy-birthday-en
happy birthday venkatesh,3,1,1,552,happy-birthday-en
happy birthday with emoji,4,1,1,552,happy-birthday-en
happy birthday xylophone 8 notes,5,1,1,552,happy-birthday-en
happy birthday yuvraj,3,1,1,552,happy-birthday-en
happy birthday zuha,3,1,1,552,happy-birthday-en
is it happy birthday joe or happy birthday joe,9,1,1,552,happy-birthday-en
the who happy birthday meme,5,1,1,552,happy-birthday-en
what's happy birthday in polish,5,1,1,552,happy-birthday-en
when the birthday of ronaldo,5,1,1,552,happy-birthday-en
which my brother happy birthday,5,1,1,552,happy-birthday-en
why is birthdays important,4,1,1,552,happy-birthday-en
60 years birthday wishes in hindi,6,1,1,552,birthday-wishes-in-hindi-en
bhai birthday wishes in hindi and english,7,1,1,552,birthday-wishes-in-hindi-en
birthday return wishes in hindi,5,1,1,552,birthday-wishes-in-hindi-en
birthday wishes application in hindi,5,1,1,552,birthday-wishes-in-hindi-en
birthday wishes for wife in urdu hindi text,8,1,1,552,birthday-wishes-in-hindi-en
birthday wishes in hindi 2024,5,1,1,552,birthday-wishes-in-hindi-en
birthday wishes in hindi best wishes,6,1,1,552,birthday-wishes-in-hindi-en
birthday wishes in hindi english 2 line,7,1,1,552,birthday-wishes-in-hindi-en
birthday wishes in hindi for brother in law,8,1,1,552,birthday-wishes-in-hindi-en
birthday wishes in hindi for grandfather,6,1,1,552,birthday-wishes-in-hindi-en
birthday wishes in hindi for papa,6,1,1,552,birthday-wishes-in-hindi-en
birthday wishes in hindi for whatsapp,6,1,1,552,birthday-wishes-in-hindi-en
birthday wishes in hindi mummy,5,1,1,552,birthday-wishes-in-hindi-en
birthday wishes in hindi papa ji,6,1,1,552,birthday-wishes-in-hindi-en
birthday wishes in hindi sali,5,1,1,552,birthday-wishes-in-hindi-en
birthday wishes in hindi shubhkamnaye,5,1,1,552,birthday-wishes-in-hindi-en
birthday wishes in hindi to father,6,1,1,552,birthday-wishes-in-hindi-en
birthday wishes long paragraph hindi,5,1,1,552,birthday-wishes-in-hindi-en
birthday wishes template in hindi,5,1,1,552,birthday-wishes-in-hindi-en
brother birthday wishes in hindi quotes,6,1,1,552,birthday-wishes-in-hindi-en
husband birthday wishes in hindi english images,7,1,1,552,birthday-wishes-in-hindi-en
quotes on birthday wishes in hindi,6,1,1,552,birthday-wishes-in-hindi-en
sister birthday wishes in hindi one line,7,1,1,552,birthday-wishes-in-hindi-en
very funny birthday wishes in hindi text,7,1,1,552,birthday-wishes-in-hindi-en
50 ve janamdin ki hardik shubhkamnaye,6,1,1,552,x1
aap dono ko janamdin ki hardik shubhkamnaye,7,1,1,552,x1
janamdin ki hardik shubhkamnaye avm badhai in hindi,8,1,1,552,x1
janamdin ki hardik shubhkamnaye bete ko,6,1,1,552,x1
janamdin ki hardik shubhkamnaye bhai in english,7,1,1,552,x1
janamdin ki hardik shubhkamnaye bhai ko in hindi,8,1,1,552,x1
janamdin ki hardik shubhkamnaye chacha shri in hindi,8,1,1,552,x1
janamdin ki hardik shubhkamnaye dr sahab in hindi,8,1,1,552,x1
janamdin ki hardik shubhkamnaye guru ji in hindi,8,1,1,552,x1
janamdin ki hardik shubhkamnaye hindi font,6,1,1,552,x1
janamdin ki hardik shubhkamnaye hindi quotes,6,1,1,552,x1
janamdin ki hardik shubhkamnaye in hindi english,7,1,1,552,x1
janamdin ki hardik shubhkamnaye in hindi for boss,8,1,1,552,x1
janamdin ki hardik shubhkamnaye in hindi girlfriend,7,1,1,552,x1
janamdin ki hardik shubhkamnaye in hindi love,7,1,1,552,x1
janamdin ki hardik shubhkamnaye in hindi text,7,1,1,552,x1
janamdin ki hardik shubhkamnaye in hindi words,7,1,1,552,x1
janamdin ki hardik shubhkamnaye in nepali text,7,1,1,552,x1
janamdin ki hardik shubhkamnaye mitra,5,1,1,552,x1
janamdin ki hardik shubhkamnaye political poster,6,1,1,552,x1
janamdin ki hardik shubhkamnaye radha rani in hindi,8,1,1,552,x1
janamdin ki hardik shubhkamnaye sali ji,6,1,1,552,x1
janamdin ki hardik shubhkamnaye thakur sahab,6,1,1,552,x1
janamdin ki hardik shubhkamnaye uncle in hindi,7,1,1,552,x1
meaning of janamdin ki hardik shubhkamnaye,6,1,1,552,x1
जन्मदिन की हार्दिक शुभकामनाएं quotes in hindi,7,1,1,552,x1
birthday messages free,3,1,1,552,birthday-quotes-en
birthday quotes alludu,3,1,1,552,birthday-quotes-en
birthday quotes best friend in english,6,1,1,552,birthday-quotes-en
birthday quotes brother in english,5,1,1,552,birthday-quotes-en
birthday quotes celebration,3,1,1,552,birthday-quotes-en
birthday quotes daughter from mom,5,1,1,552,birthday-quotes-en
birthday quotes english for sister,5,1,1,552,birthday-quotes-en
birthday quotes girlfriend romantic,4,1,1,552,birthday-quotes-en
birthday quotes humorous,3,1,1,552,birthday-quotes-en
birthday quotes loved one,4,1,1,552,birthday-quotes-en
birthday quotes myself short,4,1,1,552,birthday-quotes-en
birthday quotes on cake for wife,6,1,1,552,birthday-quotes-en
birthday quotes papa in marathi,5,1,1,552,birthday-quotes-en
birthday quotes sir,3,1,1,552,birthday-quotes-en
birthday quotes to wife,4,1,1,552,birthday-quotes-en
birthday quotes wishes for husband,5,1,1,552,birthday-quotes-en
birthday quotes with emoji,4,1,1,552,birthday-quotes-en
birthday romantic quotes for husband,5,1,1,552,birthday-quotes-en
happy birthday quotes for my son,6,1,1,552,birthday-quotes-en
happy birthday quotes queen,4,1,1,552,birthday-quotes-en
how to wish happy birthday quotes,6,1,1,552,birthday-quotes-en
vivekananda birthday 2026 quotes,4,1,1,552,birthday-quotes-en
what is my birthday quotes,5,1,1,552,birthday-quotes-en
whose birthday is it,4,1,1,552,birthday-quotes-en
why birthdays are special,4,1,1,552,birthday-quotes-en
birthday wishes boy,3,1,1,552,birthday-wishes-en
birthday wishes for brother in law,6,1,1,552,birthday-wishes-en
birthday wishes for friend in kannada,6,1,1,552,birthday-wishes-en
birthday wishes how to reply,5,1,1,552,birthday-wishes-en
birthday wishes jiju ke liye,5,1,1,552,birthday-wishes-en
birthday wishes kannada lover,4,1,1,552,birthday-wishes-en
birthday wishes quotes for best friend girl,7,1,1,552,birthday-wishes-en
birthday wishes website free,4,1,1,552,birthday-wishes-en
2026 status,2,1,1,552,birthday-status-en
birthday message template free,4,1,1,552,birthday-status-en
birthday status big brother,4,1,1,552,birthday-status-en
birthday status caption for love,5,1,1,552,birthday-status-en
birthday status in marathi for husband,6,1,1,552,birthday-status-en
birthday status marathi,3,1,1,552,birthday-status-en
birthday status only,3,1,1,552,birthday-status-en
birthday status punjabi,3,1,1,552,birthday-status-en
birthday status song for brother,5,1,1,552,birthday-status-en
birthday status to my wife,5,1,1,552,birthday-status-en
birthday status wishes for son,5,1,1,552,birthday-status-en
birthday wishes best friend in english,6,1,1,552,birthday-status-en
birthday wishes for aunt,4,1,1,552,birthday-status-en
birthday wishes jan,3,1,1,552,birthday-status-en
birthday wishes new style girl,5,1,1,552,birthday-status-en
can i say birth anniversary,5,1,1,552,birthday-status-en
is my birthday whatsapp status,5,1,1,552,birthday-status-en
whatsapp birthday status,3,1,1,552,birthday-status-en
who is born in my birthday,6,1,1,552,birthday-status-en
birthday greeting card maker online free,6,1,1,552,birthday-wish-maker-en
birthday wish template online,4,1,1,552,birthday-wish-maker-en
birthday wishes photo frame maker,5,1,1,552,birthday-wish-maker-en
birthday wishes photo video maker with music,7,1,1,552,birthday-wish-maker-en
birthday wishes to make a friend cry,7,1,1,552,birthday-wish-maker-en
happy birthday wishes poster maker,5,1,1,552,birthday-wish-maker-en
bappa birthday 2026 caption in english,6,1,1,552,birthday-caption-en
birthday best caption for husband,5,1,1,552,birthday-caption-en
birthday caption at 32,4,1,1,552,birthday-caption-en
birthday caption bro,3,1,1,552,birthday-caption-en
birthday caption christian,3,1,1,552,birthday-caption-en
birthday caption english for son,5,1,1,552,birthday-caption-en
birthday caption girl bestie,4,1,1,552,birthday-caption-en
birthday caption in best friend,5,1,1,552,birthday-caption-en
birthday caption love instagram,4,1,1,552,birthday-caption-en
birthday caption my husband,4,1,1,552,birthday-caption-en
birthday caption on my picture,5,1,1,552,birthday-caption-en
birthday caption prayer,3,1,1,552,birthday-caption-en
birthday caption short and sweet,5,1,1,552,birthday-caption-en
birthday caption to bestie,4,1,1,552,birthday-caption-en
birthday caption with son,4,1,1,552,birthday-caption-en
birthday nails caption,3,1,1,552,birthday-caption-en
birthday vacay caption,3,1,1,552,birthday-caption-en
birthday wishes kavithai in tamil,5,1,1,552,birthday-caption-en
birthday wishes quotes captions,4,1,1,552,birthday-caption-en
caption when birthday,3,1,1,552,birthday-caption-en
how do i caption my birthday picture on instagram,9,1,1,552,birthday-caption-en
what caption to write on birthday,6,1,1,552,birthday-caption-en
wish birthday captions,3,1,1,552,birthday-caption-en
birthday and shayari,3,1,1,552,birthday-shayari-en
birthday shayari apne,3,1,1,552,birthday-shayari-en
birthday shayari beti,3,1,1,552,birthday-shayari-en
birthday shayari celebration,3,1,1,552,birthday-shayari-en
birthday shayari copy paste in hindi,6,1,1,552,birthday-shayari-en
birthday shayari dear,3,1,1,552,birthday-shayari-en
birthday shayari english for friend,5,1,1,552,birthday-shayari-en
birthday shayari for bestie in hindi,6,1,1,552,birthday-shayari-en
birthday shayari gali wali,4,1,1,552,birthday-shayari-en
birthday shayari hindi for wife,5,1,1,552,birthday-shayari-en
birthday shayari jaan english,4,1,1,552,birthday-shayari-en
birthday shayari jokes,3,1,1,552,birthday-shayari-en
birthday shayari love story,4,1,1,552,birthday-shayari-en
birthday shayari my son,4,1,1,552,birthday-shayari-en
birthday shayari neta,3,1,1,552,birthday-shayari-en
birthday shayari new 2024,4,1,1,552,birthday-shayari-en
birthday shayari of english,4,1,1,552,birthday-shayari-en
birthday shayari papa in hindi,5,1,1,552,birthday-shayari-en
birthday shayari ringtone,3,1,1,552,birthday-shayari-en
birthday shayari son in hindi,5,1,1,552,birthday-shayari-en
birthday shayari text in hindi,5,1,1,552,birthday-shayari-en
birthday shayari thank you,4,1,1,552,birthday-shayari-en
birthday shayari unique,3,1,1,552,birthday-shayari-en
birthday shayari wife ke liye english,6,1,1,552,birthday-shayari-en
birthday shayari with love in hindi,6,1,1,552,birthday-shayari-en
friend ki birthday shayari,4,1,1,552,birthday-shayari-en
happy birthday queen shayari in english,6,1,1,552,birthday-shayari-en
happy birthday vivek shayari,4,1,1,552,birthday-shayari-en
it's my birthday shayari,4,1,1,552,birthday-shayari-en
happy birthday best wishes in hindi girl,7,1,1,552,x4
happy birthday bhanje wishes in hindi and english with name,10,1,1,552,x4
happy birthday hkm wishes in hindi,6,1,1,552,x4
happy birthday ritika wishes in hindi,6,1,1,552,x4
happy birthday wishes for senior officer in hindi,8,1,1,552,x4
happy birthday wishes hindi new,5,1,1,552,x4
happy birthday wishes in 20 languages,6,1,1,552,x4
happy birthday wishes in english hindi girl,7,1,1,552,x4
happy birthday wishes in hindi beti,6,1,1,552,x4
happy birthday wishes in hindi caption,6,1,1,552,x4
happy birthday wishes in hindi dharmik,6,1,1,552,x4
happy birthday wishes in hindi english bhai text,8,1,1,552,x4
happy birthday wishes in hindi friend in english,8,1,1,552,x4
happy birthday wishes in hindi in text,7,1,1,552,x4
happy birthday wishes in hindi long,6,1,1,552,x4
happy birthday wishes in hindi pyar ke liye,8,1,1,552,x4
happy birthday wishes in hindi sale saab,7,1,1,552,x4
happy birthday wishes in hindi to sister,7,1,1,552,x4
happy birthday wishes in urdu hindi for friend,8,1,1,552,x4
happy birthday wishes quotation in hindi,6,1,1,552,x4
happy birthday wishes with hindi,5,1,1,552,x4
wish you happy birthday wishes hindi,6,1,1,552,x4
wishes you a very happy birthday in hindi,8,1,1,552,x4
free thank you for birthday wishes,6,1,1,552,x3
how to reply thank you for birthday wishes,8,1,1,552,x3
thank you for all your birthday wishes,7,1,1,552,x3
thank you for birthday good wishes,6,1,1,552,x3
thank you for birthday wishes and sorry for not replying,10,1,1,552,x3
thank you for birthday wishes big paragraph,7,1,1,552,x3
thank you for birthday wishes for colleagues,7,1,1,552,x3
thank you for birthday wishes for instagram story,8,1,1,552,x3
thank you for birthday wishes gif funny,7,1,1,552,x3
thank you for birthday wishes husband in english,8,1,1,552,x3
thank you for birthday wishes in english images,8,1,1,552,x3
thank you for birthday wishes in marathi banner with name,10,1,1,552,x3
thank you for birthday wishes in unique way,8,1,1,552,x3
thank you for birthday wishes ka hindi matlab,8,1,1,552,x3
thank you for birthday wishes msg,6,1,1,552,x3
thank you for birthday wishes my daughter in marathi,9,1,1,552,x3
thank you for birthday wishes on whatsapp group,8,1,1,552,x3
thank you for birthday wishes partner,6,1,1,552,x3
thank you for birthday wishes quotes instagram,7,1,1,552,x3
thank you for birthday wishes short form,7,1,1,552,x3
thank you for birthday wishes staff,6,1,1,552,x3
thank you for birthday wishes synonyms,6,1,1,552,x3
thank you for birthday wishes to roommate,7,1,1,552,x3
thank you for birthday wishes to sister,7,1,1,552,x3
thank you for birthday wishes with pictures,7,1,1,552,x3
thank you for online birthday wishes,6,1,1,552,x3
thank you message for birthday wishes love,7,1,1,552,x3
thank you reply for birthday wishes in unique way,9,1,1,552,x3
thank you very much message for birthday wishes,8,1,1,552,x3
thank you words of appreciation for birthday wishes,8,1,1,552,x3
birthday wishes bhai in english,5,1,1,552,birthday-wishes-hi
birthday wishes god bless you in hindi,7,1,1,552,birthday-wishes-hi
birthday wishes note,3,1,1,552,birthday-wishes-hi
birthday wishes quotes for daughter,5,1,1,552,birthday-wishes-hi
which birthday wish,3,1,1,552,birthday-wishes-hi
why birthday wish,3,1,1,552,birthday-wishes-hi
janamdin ki shubhkamnaye dene ke liye dhanyawad in hindi,9,1,1,552,x2
janamdin shubhkamnaye wishes,3,1,1,552,x2
janmdin ki shubhkamnaen quotation in hindi,6,1,1,552,x2
translate जन्मदिन की शुभकामनाएं from hindi,6,1,1,552,x2
जन्मदिन की शुभकामनाएं bhatija,4,1,1,552,x2
जन्मदिन की शुभकामनाएं copy,4,1,1,552,x2
जन्मदिन की शुभकामनाएं in english sister,6,1,1,552,x2
जन्मदिन की शुभकामनाएं meri jaan,5,1,1,552,x2
जन्मदिन की शुभकामनाएं अनुज,4,1,1,552,x2
जन्मदिन की शुभकामनाएं पत्नी के लिए हिंदी में,8,1,1,552,x2
जन्मदिन की शुभकामनाएं फोटो डाउनलोड,5,1,1,552,x2
जन्मदिन की शुभकामनाएं फ्रेंड,4,1,1,552,x2
जन्मदिन की शुभकामनाएं बेस्ट फ्रेंड,5,1,1,552,x2
जन्मदिन की शुभकामनाएं मैडम,4,1,1,552,x2
जन्मदिन की शुभकामनाएं रिप्लाई,4,1,1,552,x2
जन्मदिन की शुभकामनाएं विचार,4,1,1,552,x2
जन्मदिन की शुभकामनाएं श्लोक,4,1,1,552,x2
जन्मदिन की शुभकामनाएं हिंदी में पत्नी के लिए,8,1,1,552,x2
जन्मदिन की हार्दिक शुभकामनाएं bhai sahab,6,1,1,552,x2
जन्मदिन की हार्दिक शुभकामनाएं copy,5,1,1,552,x2
best birthday wishes for my brother in hindi,8,1,1,552,x5
big brother birthday wishes hindi me,6,1,1,552,x5
birthday wishes for brother and sister in hindi,8,1,1,552,x5
birthday wishes for brother in hindi status,7,1,1,552,x5
birthday wishes for little brother wife in hindi,8,1,1,552,x5
birthday wishes for lovely brother in hindi,7,1,1,552,x5
birthday wishes for small brother in hindi,7,1,1,552,x5
birthday wishes for your brother in hindi,7,1,1,552,x5
happy birthday wishes for chota brother in hindi,8,1,1,552,x5
heart touching birthday wishes for brother in hindi text,9,1,1,552,x5
long distance birthday wishes for brother in hindi,8,1,1,552,x5
simple birthday wishes for brother hindi in english,8,1,1,552,x5
touching birthday wishes for big brother in hindi,8,1,1,552,x5
a birthday without my mom,5,1,1,551,happy-birthday-en
best birthday maker app,4,1,1,551,happy-birthday-en
can i bring a birthday cake to top golf,9,1,1,551,happy-birthday-en
happy birthday 2025,3,1,1,551,happy-birthday-en
happy birthday 2026 gif,4,1,1,551,happy-birthday-en
happy birthday akka in kannada,5,1,1,551,happy-birthday-en
happy birthday appa song,4,1,1,551,happy-birthday-en
happy birthday balloons,3,1,1,551,happy-birthday-en
happy birthday best brother wishes,5,1,1,551,happy-birthday-en
happy birthday chords piano,4,1,1,551,happy-birthday-en
happy birthday design,3,1,1,551,happy-birthday-en
happy birthday english mein,4,1,1,551,happy-birthday-en
happy birthday for husband quotes,5,1,1,551,happy-birthday-en
happy birthday free fire name style,6,1,1,551,happy-birthday-en
happy birthday gif images,4,1,1,551,happy-birthday-en
happy birthday hd images,4,1,1,551,happy-birthday-en
happy birthday in advance,4,1,1,551,happy-birthday-en
happy birthday jija,3,1,1,551,happy-birthday-en
happy birthday kaise vish karen,5,1,1,551,happy-birthday-en
happy birthday love quotes,4,1,1,551,happy-birthday-en
happy birthday my dear husband,5,1,1,551,happy-birthday-en
happy birthday nasa,3,1,1,551,happy-birthday-en
happy birthday one line wishes,5,1,1,551,happy-birthday-en
happy birthday online gift card,5,1,1,551,happy-birthday-en
happy birthday photo editing,4,1,1,551,happy-birthday-en
happy birthday quotes in english,5,1,1,551,happy-birthday-en
happy birthday ramesh,3,1,1,551,happy-birthday-en
happy birthday shayari,3,1,1,551,happy-birthday-en
happy birthday template free,4,1,1,551,happy-birthday-en
happy birthday to my son,5,1,1,551,happy-birthday-en
happy birthday umesh,3,1,1,551,happy-birthday-en
happy birthday varsha,3,1,1,551,happy-birthday-en
happy birthday wishes in english,5,1,1,551,happy-birthday-en
happy birthday with song,4,1,1,551,happy-birthday-en
happy birthday youtube,3,1,1,551,happy-birthday-en
happy birthday zabi,3,1,1,551,happy-birthday-en
is happy birthday to you correct,6,1,1,551,happy-birthday-en
is it happy birthday name,5,1,1,551,happy-birthday-en
what's happy birthday in hawaiian,5,1,1,551,happy-birthday-en
when the birthday of doraemon,5,1,1,551,happy-birthday-en
which my wife happy birthday,5,1,1,551,happy-birthday-en
who is happy birthday to you,6,1,1,551,happy-birthday-en
birthday i wish you,4,1,1,551,birthday-wishes-in-hindi-en
birthday wishes in 20 languages,5,1,1,551,birthday-wishes-in-hindi-en
birthday wishes in app,4,1,1,551,birthday-wishes-in-hindi-en
birthday wishes in hindi best line,6,1,1,551,birthday-wishes-in-hindi-en
birthday wishes in hindi bhatije ke liye,7,1,1,551,birthday-wishes-in-hindi-en
birthday wishes in hindi english for son,7,1,1,551,birthday-wishes-in-hindi-en
birthday wishes in hindi for nani,6,1,1,551,birthday-wishes-in-hindi-en
birthday wishes in hindi for officer,6,1,1,551,birthday-wishes-in-hindi-en
birthday wishes in hindi language for friend,7,1,1,551,birthday-wishes-in-hindi-en
birthday wishes in hindi little brother,6,1,1,551,birthday-wishes-in-hindi-en
birthday wishes in hindi mahakal,5,1,1,551,birthday-wishes-in-hindi-en
birthday wishes in hindi sir,5,1,1,551,birthday-wishes-in-hindi-en
birthday wishes in hindi sister in law,7,1,1,551,birthday-wishes-in-hindi-en
birthday wishes in hindi to husband,6,1,1,551,birthday-wishes-in-hindi-en
birthday wishes in pure hindi,5,1,1,551,birthday-wishes-in-hindi-en
birthday wishes template in word,5,1,1,551,birthday-wishes-in-hindi-en
birthday wishes urdu shayari in hindi,6,1,1,551,birthday-wishes-in-hindi-en
husband birthday wishes in hindi and english,7,1,1,551,birthday-wishes-in-hindi-en
pm modi birthday wishes in hindi quotes,7,1,1,551,birthday-wishes-in-hindi-en
rajput birthday wishes in hindi,5,1,1,551,birthday-wishes-in-hindi-en
vidhayak ji birthday wishes in hindi,6,1,1,551,birthday-wishes-in-hindi-en
yogi adityanath birthday wishes in hindi,6,1,1,551,birthday-wishes-in-hindi-en
aapko bhi janamdin ki hardik shubhkamnaye in english,8,1,1,551,x1
janamdin ki hardik shubhkamnaye bhai ko,6,1,1,551,x1
janamdin ki hardik shubhkamnaye chacha ji hindi mein,8,1,1,551,x1
janamdin ki hardik shubhkamnaye date,5,1,1,551,x1
janamdin ki hardik shubhkamnaye dene ke liye dhanyavad,8,1,1,551,x1
janamdin ki hardik shubhkamnaye in bangla,6,1,1,551,x1
janamdin ki hardik shubhkamnaye in english text quotes,8,1,1,551,x1
janamdin ki hardik shubhkamnaye in hindi for maa,8,1,1,551,x1
janamdin ki hardik shubhkamnaye in hindi gif,7,1,1,551,x1
janamdin ki hardik shubhkamnaye in hindi message,7,1,1,551,x1
janamdin ki hardik shubhkamnaye in sanskrit language,7,1,1,551,x1
janamdin ki hardik shubhkamnaye mausi ji in hindi,8,1,1,551,x1
janamdin ki hardik shubhkamnaye my wife in hindi,8,1,1,551,x1
janamdin ki hardik shubhkamnaye neta ji ko,7,1,1,551,x1
janamdin ki hardik shubhkamnaye patidev in hindi,7,1,1,551,x1
janamdin ki hardik shubhkamnaye reply,5,1,1,551,x1
janamdin ki hardik shubhkamnaye sir in english,7,1,1,551,x1
janamdin ki hardik shubhkamnaye son in hindi,7,1,1,551,x1
janamdin ki hardik shubhkamnaye type in hindi,7,1,1,551,x1
janamdin ki shubhkamnaye uncle ji,5,1,1,551,x1
जन्मदिन की हार्दिक शुभकामनाये हिंदी,5,1,1,551,x1
bappa birthday 2026 quotes,4,1,1,551,birthday-quotes-en
birthday bestie quotes in english,5,1,1,551,birthday-quotes-en
birthday message online card,4,1,1,551,birthday-quotes-en
birthday quotes and blessings,4,1,1,551,birthday-quotes-en
birthday quotes by famous philosophers,5,1,1,551,birthday-quotes-en
birthday quotes couple,3,1,1,551,birthday-quotes-en
birthday quotes daughter to father,5,1,1,551,birthday-quotes-en
birthday quotes granddaughter,3,1,1,551,birthday-quotes-en
birthday quotes her,3,1,1,551,birthday-quotes-en
birthday quotes love girl,4,1,1,551,birthday-quotes-en
birthday quotes marathi,3,1,1,551,birthday-quotes-en
birthday quotes one word,4,1,1,551,birthday-quotes-en
birthday quotes pictures,3,1,1,551,birthday-quotes-en
birthday quotes sister in english,5,1,1,551,birthday-quotes-en
birthday quotes thank you,4,1,1,551,birthday-quotes-en
birthday quotes with name,4,1,1,551,birthday-quotes-en
birthday romantic quotes for wife,5,1,1,551,birthday-quotes-en
birthday wishes quotes quotes,4,1,1,551,birthday-quotes-en
can t celebrate birthday quotes,5,1,1,551,birthday-quotes-en
happy birthday quotes for my daughter,6,1,1,551,birthday-quotes-en
is it your birthday today,5,1,1,551,birthday-quotes-en
quotes birthday quotes,3,1,1,551,birthday-quotes-en
what are the best birthday quotes,6,1,1,551,birthday-quotes-en
birthday wishes big brother,4,1,1,551,birthday-wishes-en
birthday wishes devar ji,4,1,1,551,birthday-wishes-en
birthday wishes for father from daughter,6,1,1,551,birthday-wishes-en
birthday wishes for sister in kannada,6,1,1,551,birthday-wishes-en
birthday wishes for special person,5,1,1,551,birthday-wishes-en
birthday wishes gratitude,3,1,1,551,birthday-wishes-en
birthday wishes hubby ji,4,1,1,551,birthday-wishes-en
birthday wishes jigri dost,4,1,1,551,birthday-wishes-en
birthday wishes lover girl,4,1,1,551,birthday-wishes-en
birthday wishes near me,4,1,1,551,birthday-wishes-en
birthday wishes son in kannada,5,1,1,551,birthday-wishes-en
birthday wishes with cake and name,6,1,1,551,birthday-wishes-en
birthday wishes zumba,3,1,1,551,birthday-wishes-en
sister birthday wishes 2026,4,1,1,551,birthday-wishes-en
2026 january status,3,1,1,551,birthday-status-en
birthday message best friend,4,1,1,551,birthday-status-en
birthday message uncle,3,1,1,551,birthday-status-en
birthday status bro,3,1,1,551,birthday-status-en
birthday status cake,3,1,1,551,birthday-status-en
birthday status in marathi for son,6,1,1,551,birthday-status-en
birthday status photo ideas,4,1,1,551,birthday-status-en
birthday status song for best friend,6,1,1,551,birthday-status-en
birthday status to friend,4,1,1,551,birthday-status-en
birthday status wife marathi,4,1,1,551,birthday-status-en
birthday wishes and prayers for myself,6,1,1,551,birthday-status-en
birthday wishes daughter in law,5,1,1,551,birthday-status-en
birthday wishes your friend,4,1,1,551,birthday-status-en
jiju birthday wishes,3,1,1,551,birthday-status-en
what birthday status,3,1,1,551,birthday-status-en
whatsapp birthday status ideas,4,1,1,551,birthday-status-en
birthday greeting card maker online,5,1,1,551,birthday-wish-maker-en
birthday wish meri jaan ko,5,1,1,551,birthday-wish-maker-en
birthday wish template online free,5,1,1,551,birthday-wish-maker-en
birthday wish to a make friend,6,1,1,551,birthday-wish-maker-en
birthday wishes for friend maker,5,1,1,551,birthday-wish-maker-en
happy birthday wishes video maker with photo,7,1,1,551,birthday-wish-maker-en
bappa birthday 2026 caption marathi,5,1,1,551,birthday-caption-en
best birthday caption instagram,4,1,1,551,birthday-caption-en
birthday best caption for wife,5,1,1,551,birthday-caption-en
birthday cake quotes instagram,4,1,1,551,birthday-caption-en
birthday caption at 33,4,1,1,551,birthday-caption-en
birthday caption bengali,3,1,1,551,birthday-caption-en
birthday caption choto vai,4,1,1,551,birthday-caption-en
birthday caption emotional,3,1,1,551,birthday-caption-en
birthday caption for brother from another mother,7,1,1,551,birthday-caption-en
birthday caption for xori,4,1,1,551,birthday-caption-en
birthday caption gift,3,1,1,551,birthday-caption-en
birthday caption in english for brother,6,1,1,551,birthday-caption-en
birthday caption love girl,4,1,1,551,birthday-caption-en
birthday caption my best friend,5,1,1,551,birthday-caption-en
birthday caption photo,3,1,1,551,birthday-caption-en
birthday caption small sister,4,1,1,551,birthday-caption-en
birthday caption to daughter,4,1,1,551,birthday-caption-en
birthday caption with little sister,5,1,1,551,birthday-caption-en
birthday captions for girls,4,1,1,551,birthday-caption-en
birthday captions on instagram for myself,6,1,1,551,birthday-caption-en
birthday wishes appreciation to friends and family,7,1,1,551,birthday-caption-en
birthday wishes kaise kare in english,6,1,1,551,birthday-caption-en
birthday wishes online editing photo with name,7,1,1,551,birthday-caption-en
caption when your birthday is coming,6,1,1,551,birthday-caption-en
how do i caption my birthday cake,7,1,1,551,birthday-caption-en
is it birthday celebration or celebrations,6,1,1,551,birthday-caption-en
whatsapp birthday captions,3,1,1,551,birthday-caption-en
birthday ki shayari bhai ke liye,6,1,1,551,birthday-shayari-en
birthday ki shayari yaar ke liye,6,1,1,551,birthday-shayari-en
birthday return shayari,3,1,1,551,birthday-shayari-en
birthday shayari 2,3,1,1,551,birthday-shayari-en
birthday shayari best friend girl in hindi,7,1,1,551,birthday-shayari-en
birthday shayari bhabhi,3,1,1,551,birthday-shayari-en
birthday shayari chhoti si,4,1,1,551,birthday-shayari-en
birthday shayari don,3,1,1,551,birthday-shayari-en
birthday shayari english text for friend,6,1,1,551,birthday-shayari-en
birthday shayari ex gf,4,1,1,551,birthday-shayari-en
birthday shayari for girlfriend,4,1,1,551,birthday-shayari-en
birthday shayari guru ji,4,1,1,551,birthday-shayari-en
birthday shayari hindi bhai,4,1,1,551,birthday-shayari-en
birthday shayari in hindi for sister,6,1,1,551,birthday-shayari-en
birthday shayari in urdu,4,1,1,551,birthday-shayari-en
birthday shayari janu,3,1,1,551,birthday-shayari-en
birthday shayari jivan sathi,4,1,1,551,birthday-shayari-en
birthday shayari lover,3,1,1,551,birthday-shayari-en
birthday shayari meri jaan,4,1,1,551,birthday-shayari-en
birthday shayari on teacher,4,1,1,551,birthday-shayari-en
birthday shayari sale ke liye,5,1,1,551,birthday-shayari-en
birthday shayari to sister,4,1,1,551,birthday-shayari-en
birthday shayari urdu copy and paste,6,1,1,551,birthday-shayari-en
birthday shayari virat kohli birthday quotes,6,1,1,551,birthday-shayari-en
birthday shayari wife marathi,4,1,1,551,birthday-shayari-en
birthday shayari with jaan,4,1,1,551,birthday-shayari-en
happy birthday shayari attitude,4,1,1,551,birthday-shayari-en
happy birthday veera shayari,4,1,1,551,birthday-shayari-en
it's my birthday today shayari,5,1,1,551,birthday-shayari-en
बर्थडे शायरी,2,1,1,551,birthday-shayari-en
बर्थडे शायरी नई,3,1,1,551,birthday-shayari-en
बर्थडे शायरी पापा के लिए,5,1,1,551,birthday-shayari-en
best happy birthday wishes in hindi shayari,7,1,1,551,x4
happy birthday bhanji wishes in hindi and english,8,1,1,551,x4
happy birthday hero wishes in hindi,6,1,1,551,x4
happy birthday radhika wishes in hindi,6,1,1,551,x4
happy birthday vahini wishes in hindi,6,1,1,551,x4
happy birthday wife wishes in hindi images,7,1,1,551,x4
happy birthday wishes for love one in hindi,8,1,1,551,x4
happy birthday wishes in app,5,1,1,551,x4
happy birthday wishes in hindi 2024,6,1,1,551,x4
happy birthday wishes in hindi bhatija ke liye,8,1,1,551,x4
happy birthday wishes in hindi bua ji,7,1,1,551,x4
happy birthday wishes in hindi chhota bhai,7,1,1,551,x4
happy birthday wishes in hindi di,6,1,1,551,x4
happy birthday wishes in hindi english shayari text,8,1,1,551,x4
happy birthday wishes in hindi for friend funny,8,1,1,551,x4
happy birthday wishes in hindi in funny,7,1,1,551,x4
happy birthday wishes in hindi little boy,7,1,1,551,x4
happy birthday wishes in hindi mom,6,1,1,551,x4
happy birthday wishes in hindi poetry,6,1,1,551,x4
happy birthday wishes in hindi shayari for friend,8,1,1,551,x4
happy birthday wishes in hindi thought,6,1,1,551,x4
happy birthday wishes in hindi whatsapp,6,1,1,551,x4
happy birthday wishes in urdu hindi text copy and paste,10,1,1,551,x4
happy birthday wishes quotes in hindi for best friend,9,1,1,551,x4
happy birthday wishes with hindi song,6,1,1,551,x4
happy birthday yuva neta wishes in hindi,7,1,1,551,x4
हैप्पी बर्थडे विशेज इन हिंदी,5,1,1,551,x4
appreciation thank you message for birthday wishes to friends,9,1,1,551,x3
how to say thank you for birthday wishes in vietnamese,10,1,1,551,x3
how to write thank you for birthday wishes,8,1,1,551,x3
thank you birthday wishes images with quotes,7,1,1,551,x3
thank you for all birthday wishes kannada meaning,8,1,1,551,x3
thank you for birthday wishes and celebration to friends,9,1,1,551,x3
thank you for birthday wishes banner in marathi,8,1,1,551,x3
thank you for birthday wishes cute,6,1,1,551,x3
thank you for birthday wishes family,6,1,1,551,x3
thank you for birthday wishes gif with sound,8,1,1,551,x3
thank you for birthday wishes hindi and english,8,1,1,551,x3
thank you for birthday wishes in english short,8,1,1,551,x3
thank you for birthday wishes marathi message,7,1,1,551,x3
thank you for birthday wishes note,6,1,1,551,x3
thank you for birthday wishes on behalf of my son,10,1,1,551,x3
thank you for birthday wishes png,6,1,1,551,x3
thank you for birthday wishes quora,6,1,1,551,x3
thank you for birthday wishes quotes facebook,7,1,1,551,x3
thank you for birthday wishes quotes for best friend,9,1,1,551,x3
thank you for birthday wishes sister,6,1,1,551,x3
thank you for birthday wishes text,6,1,1,551,x3
thank you for birthday wishes to office colleagues,8,1,1,551,x3
thank you for birthday wishes warm,6,1,1,551,x3
thank you for birthday wishes with name edit,8,1,1,551,x3
thank you for your birthday wishes images free,8,1,1,551,x3
thank you for your birthday wishes quotes,7,1,1,551,x3
thank you for your birthday wishes reply,7,1,1,551,x3
thank you message for birthday wishes daughter,7,1,1,551,x3
thank you message for birthday wishes sample,7,1,1,551,x3
thank you message for birthday wishes to uncle,8,1,1,551,x3
thank you so much for birthday wishes card,8,1,1,551,x3
थैंक यू फॉर बर्थडे विशेज,5,1,1,551,x3
birthday wishes cake with name,5,1,1,551,birthday-wishes-hi
birthday wishes daughter in hindi,5,1,1,551,birthday-wishes-hi
birthday wishes love in hindi,5,1,1,551,birthday-wishes-hi
birthday wishes quotes for son,5,1,1,551,birthday-wishes-hi
birthday wishes video for daughter download with name,8,1,1,551,birthday-wishes-hi
birthday wishes with good health and wealth,7,1,1,551,birthday-wishes-hi
how to birthday wishes for girlfriend,6,1,1,551,birthday-wishes-hi
netaji birthday wishes 2026,4,1,1,551,birthday-wishes-hi
which wish you a happy birthday,6,1,1,551,birthday-wishes-hi
बर्थडे विशेज,2,1,1,551,birthday-wishes-hi
gf जन्मदिन की शुभकामनाएं in hindi english,7,1,1,551,x2
janamdin ki shubhkamnaye dene ke liye dhanyavad,7,1,1,551,x2
janamdin shubhkamnaye wishes gujarati,4,1,1,551,x2
template for birthday wishes,4,1,1,551,x2
जन्मदिन की शुभकामनाएं bhanji ke liye,6,1,1,551,x2
जन्मदिन की शुभकामनाएं for teacher,5,1,1,551,x2
जन्मदिन की शुभकामनाएं friends,4,1,1,551,x2
जन्मदिन की शुभकामनाएं in english shayari,6,1,1,551,x2
जन्मदिन की शुभकामनाएं my son,5,1,1,551,x2
जन्मदिन की शुभकामनाएं quora,4,1,1,551,x2
जन्मदिन की शुभकामनाएं simple,4,1,1,551,x2
जन्मदिन की शुभकामनाएं जन्मदिन,4,1,1,551,x2
जन्मदिन की शुभकामनाएं दोस्त हिंदी में,6,1,1,551,x2
जन्मदिन की शुभकामनाएं बच्चे के लिए,6,1,1,551,x2
जन्मदिन की शुभकामनाएं बेस्ट पर्सन,5,1,1,551,x2
जन्मदिन की शुभकामनाएं मेसेज,4,1,1,551,x2
जन्मदिन की शुभकामनाएं राजनीतिक,4,1,1,551,x2
जन्मदिन की शुभकामनाएं विशेष,4,1,1,551,x2
जन्मदिन की हार्दिक शुभकामनाएं calligraphy,5,1,1,551,x2
जन्मदिन की हार्दिक शुभकामनाएं neta ji,6,1,1,551,x2
सबसे अच्छे दोस्त को जन्मदिन की शुभकामनाएं shayari,8,1,1,551,x2
best happy birthday wishes for big brother in hindi,9,1,1,551,x5
blessing birthday wishes for brother hindi me,7,1,1,551,x5
happy birthday wishes for cousin brother in hindi,8,1,1,551,x5
heart touching birthday wishes for brother in hindi english text,10,1,1,551,x5
heart touching birthday wishes for brother in law hindi,9,1,1,551,x5
short birthday wishes for brother hindi to english,8,1,1,551,x5
short birthday wishes for dead brother in hindi,8,1,1,551,x5
short birthday wishes for younger brother in hindi,8,1,1,551,x5
simple birthday wishes for brother in hindi,7,1,1,551,x5
a birthday without my dad,5,1,1,550,happy-birthday-en
best birthday maker video app,5,1,1,550,happy-birthday-en
can i get a birthday gift from sephora,8,1,1,550,happy-birthday-en
happy birthday 2026 wishes for best friend,7,1,1,550,happy-birthday-en
happy birthday 2030,3,1,1,550,happy-birthday-en
happy birthday app,3,1,1,550,happy-birthday-en
happy birthday appi,3,1,1,550,happy-birthday-en
happy birthday best song,4,1,1,550,happy-birthday-en
happy birthday chart,3,1,1,550,happy-birthday-en
happy birthday dost,3,1,1,550,happy-birthday-en
happy birthday enjoy your special day,6,1,1,550,happy-birthday-en
happy birthday for son wishes,5,1,1,550,happy-birthday-en
happy birthday free gif,4,1,1,550,happy-birthday-en
happy birthday friend quotes,4,1,1,550,happy-birthday-en
happy birthday god bless you meaning in hindi,8,1,1,550,happy-birthday-en
happy birthday harish,3,1,1,550,happy-birthday-en
happy birthday images hd,4,1,1,550,happy-birthday-en
happy birthday in spanish,4,1,1,550,happy-birthday-en
happy birthday jiya,3,1,1,550,happy-birthday-en
happy birthday kannada song download,5,1,1,550,happy-birthday-en
happy birthday life partner,4,1,1,550,happy-birthday-en
happy birthday magale in kannada,5,1,1,550,happy-birthday-en
happy birthday nickname,3,1,1,550,happy-birthday-en
happy birthday online frame,4,1,1,550,happy-birthday-en
happy birthday princess wishes,4,1,1,550,happy-birthday-en
happy birthday quotes for younger brother,6,1,1,550,happy-birthday-en
happy birthday rakhi,3,1,1,550,happy-birthday-en
happy birthday son wishes,4,1,1,550,happy-birthday-en
happy birthday template canva,4,1,1,550,happy-birthday-en
happy birthday to friend,4,1,1,550,happy-birthday-en
happy birthday uncle quotes,4,1,1,550,happy-birthday-en
happy birthday vidya,3,1,1,550,happy-birthday-en
happy birthday wishes for friend girl,6,1,1,550,happy-birthday-en
happy birthday with good health and happiness,7,1,1,550,happy-birthday-en
happy birthday xavier,3,1,1,550,happy-birthday-en
happy birthday yusuf,3,1,1,550,happy-birthday-en
happy birthday zohra,3,1,1,550,happy-birthday-en
is it happy birthday america or usa,7,1,1,550,happy-birthday-en
the who birthday card,4,1,1,550,happy-birthday-en
what's happy birthday in arabic,5,1,1,550,happy-birthday-en
when the birthday of premanand ji maharaj,7,1,1,550,happy-birthday-en
which my son happy birthday,5,1,1,550,happy-birthday-en
why happy birthday is celebrated,5,1,1,550,happy-birthday-en
2 line birthday wishes in english hindi,7,1,1,550,birthday-wishes-in-hindi-en
best friend birthday wishes in hindi quotes,7,1,1,550,birthday-wishes-in-hindi-en
birthday template hindi,3,1,1,550,birthday-wishes-in-hindi-en
birthday wishes for friend in hindi one line,8,1,1,550,birthday-wishes-in-hindi-en
birthday wishes in 24 languages,5,1,1,550,birthday-wishes-in-hindi-en
birthday wishes in hindi and urdu,6,1,1,550,birthday-wishes-in-hindi-en
birthday wishes in hindi best friend girl,7,1,1,550,birthday-wishes-in-hindi-en
birthday wishes in hindi casual,5,1,1,550,birthday-wishes-in-hindi-en
birthday wishes in hindi english text for friend,8,1,1,550,birthday-wishes-in-hindi-en
birthday wishes in hindi for best person,7,1,1,550,birthday-wishes-in-hindi-en
birthday wishes in hindi for bhabhi,6,1,1,550,birthday-wishes-in-hindi-en
birthday wishes in hindi for grandson,6,1,1,550,birthday-wishes-in-hindi-en
birthday wishes in hindi for netaji,6,1,1,550,birthday-wishes-in-hindi-en
birthday wishes in hindi friend ke liye,7,1,1,550,birthday-wishes-in-hindi-en
birthday wishes in hindi love boy,6,1,1,550,birthday-wishes-in-hindi-en
birthday wishes in hindi my wife,6,1,1,550,birthday-wishes-in-hindi-en
birthday wishes in hindi two lines,6,1,1,550,birthday-wishes-in-hindi-en
husband birthday wishes in hindi english text,7,1,1,550,birthday-wishes-in-hindi-en
love birthday wishes in hindi and english,7,1,1,550,birthday-wishes-in-hindi-en
urdu me birthday wishes in hindi,6,1,1,550,birthday-wishes-in-hindi-en
virat kohli birthday wishes in hindi,6,1,1,550,birthday-wishes-in-hindi-en
बर्थडे विशेज इन हिंदी शायरी,5,1,1,550,birthday-wishes-in-hindi-en
aap sabhi ko janamdin ki hardik shubhkamnaye in english,9,1,1,550,x1
bhai ko janamdin ki hardik shubhkamnaye in nepali,8,1,1,550,x1
janamdin ki hardik shubhkamnaye aman in hindi,7,1,1,550,x1
janamdin ki hardik shubhkamnaye ardhangini ji in hindi,8,1,1,550,x1
janamdin ki hardik shubhkamnaye beta in english,7,1,1,550,x1
janamdin ki hardik shubhkamnaye beta ke liye,7,1,1,550,x1
janamdin ki hardik shubhkamnaye beti ke liye,7,1,1,550,x1
janamdin ki hardik shubhkamnaye big brother in hindi,8,1,1,550,x1
janamdin ki hardik shubhkamnaye chacha ji ko,7,1,1,550,x1
janamdin ki hardik shubhkamnaye di in hindi,7,1,1,550,x1
janamdin ki hardik shubhkamnaye hindi in english,7,1,1,550,x1
janamdin ki hardik shubhkamnaye in,5,1,1,550,x1
janamdin ki hardik shubhkamnaye in hindi for son,8,1,1,550,x1
janamdin ki hardik shubhkamnaye in hindi friend,7,1,1,550,x1
janamdin ki hardik shubhkamnaye in hindi wallpaper,7,1,1,550,x1
janamdin ki hardik shubhkamnaye jigri in hindi,7,1,1,550,x1
janamdin ki hardik shubhkamnaye mama in hindi,7,1,1,550,x1
janamdin ki hardik shubhkamnaye mata rani,6,1,1,550,x1
janamdin ki hardik shubhkamnaye poster banner,6,1,1,550,x1
janamdin ki hardik shubhkamnaye quote,5,1,1,550,x1
janamdin ki hardik shubhkamnaye sahab in hindi,7,1,1,550,x1
janamdin ki hardik shubhkamnaye translate in marathi,7,1,1,550,x1
janamdin ki hardik shubhkamnaye wife ko,6,1,1,550,x1
जन्मदिन की हार्दिक शुभकामनाएं 2024,5,1,1,550,x1
जन्मदिन की हार्दिक शुभकामनाएं for love,6,1,1,550,x1
जन्मदिन की हार्दिक शुभकामनाएं gujarati,5,1,1,550,x1
ambedkar birthday 2026 quotes,4,1,1,550,birthday-quotes-en
birthday best quotes for wife,5,1,1,550,birthday-quotes-en
birthday quotes after celebration,4,1,1,550,birthday-quotes-en
birthday quotes brother in law,5,1,1,550,birthday-quotes-en
birthday quotes calligraphy,3,1,1,550,birthday-quotes-en
birthday quotes celebration quotes,4,1,1,550,birthday-quotes-en
birthday quotes deep meaning,4,1,1,550,birthday-quotes-en
birthday quotes grandson,3,1,1,550,birthday-quotes-en
birthday quotes him,3,1,1,550,birthday-quotes-en
birthday quotes in english for husband,6,1,1,550,birthday-quotes-en
birthday quotes life partner,4,1,1,550,birthday-quotes-en
birthday quotes my husband,4,1,1,550,birthday-quotes-en
birthday quotes on best friend,5,1,1,550,birthday-quotes-en
birthday quotes prayer,3,1,1,550,birthday-quotes-en
birthday quotes sister son,4,1,1,550,birthday-quotes-en
birthday quotes to dad,4,1,1,550,birthday-quotes-en
birthday quotes with flowers,4,1,1,550,birthday-quotes-en
birthday romantic quotes for girlfriend,5,1,1,550,birthday-quotes-en
can i say birthday wishes instead of happy birthday,9,1,1,550,birthday-quotes-en
happy birthday quotes for dad,5,1,1,550,birthday-quotes-en
happy birthday xori quotes,4,1,1,550,birthday-quotes-en
short birthday quotes inspirational,4,1,1,550,birthday-quotes-en
what is a heavenly birthday quotes,6,1,1,550,birthday-quotes-en
when you born quotes,4,1,1,550,birthday-quotes-en
birthday wishes anna in english,5,1,1,550,birthday-wishes-en
birthday wishes different style,4,1,1,550,birthday-wishes-en
birthday wishes for best friend boy,6,1,1,550,birthday-wishes-en
birthday wishes for brother success,5,1,1,550,birthday-wishes-en
birthday wishes girlfriend hindi,4,1,1,550,birthday-wishes-en
birthday wishes health,3,1,1,550,birthday-wishes-en
birthday wishes little brother,4,1,1,550,birthday-wishes-en
birthday wishes my love kannada,5,1,1,550,birthday-wishes-en
birthday wishes sister in law,5,1,1,550,birthday-wishes-en
birthday wishes to husband in kannada,6,1,1,550,birthday-wishes-en
birthday wishes welcome reply,4,1,1,550,birthday-wishes-en
birthday wishes with god blessings,5,1,1,550,birthday-wishes-en
birthday wishes your daughter,4,1,1,550,birthday-wishes-en
birthday wishes zip,3,1,1,550,birthday-wishes-en
how to wish two brothers happy birthday,7,1,1,550,birthday-wishes-en
birthday message husband,3,1,1,550,birthday-status-en
birthday message quotes,3,1,1,550,birthday-status-en
birthday status 20 september,4,1,1,550,birthday-status-en
birthday status beti,3,1,1,550,birthday-status-en
birthday status caption for me,5,1,1,550,birthday-status-en
birthday status in hindi for son,6,1,1,550,birthday-status-en
birthday status my wife,4,1,1,550,birthday-status-en
birthday status post,3,1,1,550,birthday-status-en
birthday status song ideas,4,1,1,550,birthday-status-en
birthday status tamil song,4,1,1,550,birthday-status-en
birthday wishes niece girl,4,1,1,550,birthday-status-en
birthday wishes reply in gujarati,5,1,1,550,birthday-status-en
birthday wishes uncle ji,4,1,1,550,birthday-status-en
birthday wishes with prayers,4,1,1,550,birthday-status-en
birthday wishes your sister,4,1,1,550,birthday-status-en
happy birthday online status,4,1,1,550,birthday-status-en
how birthday message,3,1,1,550,birthday-status-en
is my birthday today status,5,1,1,550,birthday-status-en
whatsapp birthday status quotes,4,1,1,550,birthday-status-en
when is happy birthday status,5,1,1,550,birthday-status-en
why birthday is so special,5,1,1,550,birthday-status-en
birthday wish make video,4,1,1,550,birthday-wish-maker-en
birthday wish message kaise kare,5,1,1,550,birthday-wish-maker-en
birthday wish message template,4,1,1,550,birthday-wish-maker-en
happy birthday wishes video maker ai,6,1,1,550,birthday-wish-maker-en
online birthday wish card maker with photo,7,1,1,550,birthday-wish-maker-en
birthday cake quote,3,1,1,550,birthday-caption-en
birthday caption another year,4,1,1,550,birthday-caption-en
birthday caption brother in english,5,1,1,550,birthday-caption-en
birthday caption celebration with family,5,1,1,550,birthday-caption-en
birthday caption english for girl,5,1,1,550,birthday-caption-en
birthday caption for xora,4,1,1,550,birthday-caption-en
birthday caption ideas for instagram,5,1,1,550,birthday-caption-en
birthday caption in english for friend,6,1,1,550,birthday-caption-en
birthday caption long for best friend,6,1,1,550,birthday-caption-en
birthday caption my little sister,5,1,1,550,birthday-caption-en
birthday caption plus 1,4,1,1,550,birthday-caption-en
birthday caption sir,3,1,1,550,birthday-caption-en
birthday caption to myself,4,1,1,550,birthday-caption-en
birthday captions one word,4,1,1,550,birthday-caption-en
birthday captions with mom,4,1,1,550,birthday-caption-en
birthday celebration 2026 caption,4,1,1,550,birthday-caption-en
birthday getaway caption,3,1,1,550,birthday-caption-en
birthday wishes appreciation post,4,1,1,550,birthday-caption-en
birthday wishes ka reply,4,1,1,550,birthday-caption-en
birthday wishes reply in group,5,1,1,550,birthday-caption-en
how do i caption my birthday on instagram,8,1,1,550,birthday-caption-en
what should i caption my birthday celebration,7,1,1,550,birthday-caption-en
white birthday captions,3,1,1,550,birthday-caption-en
who birthday celebrate,3,1,1,550,birthday-caption-en
best friend birthday shayari boy,5,1,1,550,birthday-shayari-en
birthday is shayari,3,1,1,550,birthday-shayari-en
birthday ki shayari bhai,4,1,1,550,birthday-shayari-en
birthday shayari 2 lines,4,1,1,550,birthday-shayari-en
birthday shayari 2024 in hindi,5,1,1,550,birthday-shayari-en
birthday shayari adult,3,1,1,550,birthday-shayari-en
birthday shayari apni,3,1,1,550,birthday-shayari-en
birthday shayari chote bhai,4,1,1,550,birthday-shayari-en
birthday shayari dear friend,4,1,1,550,birthday-shayari-en
birthday shayari for a friend,5,1,1,550,birthday-shayari-en
birthday shayari hindi text,4,1,1,550,birthday-shayari-en
birthday shayari in hindi for girl,6,1,1,550,birthday-shayari-en
birthday shayari jaan ke,4,1,1,550,birthday-shayari-en
birthday shayari joke,3,1,1,550,birthday-shayari-en
birthday shayari mitra,3,1,1,550,birthday-shayari-en
birthday shayari nepali for friend,5,1,1,550,birthday-shayari-en
birthday shayari on gf,4,1,1,550,birthday-shayari-en
birthday shayari papa marathi,4,1,1,550,birthday-shayari-en
birthday shayari quotation,3,1,1,550,birthday-shayari-en
birthday shayari to brother,4,1,1,550,birthday-shayari-en
birthday shayari typing,3,1,1,550,birthday-shayari-en
birthday shayari urdu sad,4,1,1,550,birthday-shayari-en
birthday shayari with bhai,4,1,1,550,birthday-shayari-en
birthday shayari with my love,5,1,1,550,birthday-shayari-en
happy birthday 🎂 shayari,4,1,1,550,birthday-shayari-en
happy birthday vicky shayari,4,1,1,550,birthday-shayari-en
wish birthday shayari,3,1,1,550,birthday-shayari-en
बर्थडे शायरी इंग्लिश,3,1,1,550,birthday-shayari-en
बर्थडे शायरी गर्ल्स,3,1,1,550,birthday-shayari-en
बर्थडे शायरी भाई,3,1,1,550,birthday-shayari-en
बर्थडे शायरी रोमांटिक,3,1,1,550,birthday-shayari-en
बर्थडे शायरी लव,3,1,1,550,birthday-shayari-en
बर्थडे शायरी वाइफ,3,1,1,550,birthday-shayari-en
बर्थडे शायरी सिस्टर,3,1,1,550,birthday-shayari-en
हैप्पी बर्थडे शायरी yaar,4,1,1,550,birthday-shayari-en
happy birthday bestie wishes in hindi shayari,7,1,1,550,x4
happy birthday rishabh wishes in hindi,6,1,1,550,x4
happy birthday sali sahiba wishes in hindi images,8,1,1,550,x4
happy birthday template free download word,6,1,1,550,x4
happy birthday veere wishes in hindi,6,1,1,550,x4
happy birthday wishes chacha ji hindi quotes,7,1,1,550,x4
happy birthday wishes for office sir in hindi,8,1,1,550,x4
happy birthday wishes hindi friend in hindi,7,1,1,550,x4
happy birthday wishes in 24 languages,6,1,1,550,x4
happy birthday wishes in hindi adult,6,1,1,550,x4
happy birthday wishes in hindi audio,6,1,1,550,x4
happy birthday wishes in hindi baby girl,7,1,1,550,x4
happy birthday wishes in hindi bahan,6,1,1,550,x4
happy birthday wishes in hindi bhaiya ji,7,1,1,550,x4
happy birthday wishes in hindi chachi ji,7,1,1,550,x4
happy birthday wishes in hindi dua,6,1,1,550,x4
happy birthday wishes in hindi for hindi teacher,8,1,1,550,x4
happy birthday wishes in hindi in funny way,8,1,1,550,x4
happy birthday wishes in hindi love text,7,1,1,550,x4
happy birthday wishes in hindi mitra,6,1,1,550,x4
happy birthday wishes in hindi one liner,7,1,1,550,x4
happy birthday wishes in hindi to my son,8,1,1,550,x4
happy birthday wishes pic in hindi,6,1,1,550,x4
happy birthday wishes with hindi meaning,6,1,1,550,x4
happy birthday wishes you beta in hindi,7,1,1,550,x4
urdu me happy birthday wishes in hindi,7,1,1,550,x4
appreciation a special thank you for birthday wishes,8,1,1,550,x3
how to say thank you for birthday wishes in group,10,1,1,550,x3
thank you birthday greeting card,5,1,1,550,x3
thank you birthday message sample,5,1,1,550,x3
thank you for birthday wishes and blessings quotes,8,1,1,550,x3
thank you for birthday wishes bayko,6,1,1,550,x3
thank you for birthday wishes christian,6,1,1,550,x3
thank you for birthday wishes for daughter in marathi,9,1,1,550,x3
thank you for birthday wishes for parents,7,1,1,550,x3
thank you for birthday wishes in malayalam,7,1,1,550,x3
thank you for birthday wishes my husband,7,1,1,550,x3
thank you for birthday wishes nepali text,7,1,1,550,x3
thank you for birthday wishes office,6,1,1,550,x3
thank you for birthday wishes quotes to friends and family,10,1,1,550,x3
thank you for birthday wishes sentence,6,1,1,550,x3
thank you for birthday wishes shayari in hindi,8,1,1,550,x3
thank you for birthday wishes to male best friend,9,1,1,550,x3
thank you for birthday wishes translate in hindi,8,1,1,550,x3
thank you for birthday wishes with respect,7,1,1,550,x3
thank you for the birthday wishes images free gif,9,1,1,550,x3
thank you for your lovely birthday wishes,7,1,1,550,x3
thank you message for birthday wishes emoji,7,1,1,550,x3
thank you message for birthday wishes in urdu,8,1,1,550,x3
thank you message for birthday wishes ka matlab,8,1,1,550,x3
thank you reply for birthday wishes love,7,1,1,550,x3
thank you very much for your birthday wishes,8,1,1,550,x3
thank you with birthday wishes,5,1,1,550,x3
birthday wishes mam,3,1,1,550,birthday-wishes-hi
happy birthday wishes 2026 for friend,6,1,1,550,birthday-wishes-hi
how write birthday wishes,4,1,1,550,birthday-wishes-hi
बर्थडे विशेज कार्ड,3,1,1,550,birthday-wishes-hi
बर्थडे विशेज जीजू,3,1,1,550,birthday-wishes-hi
बर्थडे विशेज डॉटर,3,1,1,550,birthday-wishes-hi
बर्थडे विशेज तो सिस्टर,4,1,1,550,birthday-wishes-hi
बर्थडे विशेज रिप्लाई,3,1,1,550,birthday-wishes-hi
बर्थडे विशेज वाइफ,3,1,1,550,birthday-wishes-hi
बर्थडे विशेज सिस्टर,3,1,1,550,birthday-wishes-hi
बर्थडे विशेस कोट्स,3,1,1,550,birthday-wishes-hi
बर्थडे विशेस फॉर बेस्ट फ्रेंड,5,1,1,550,birthday-wishes-hi
बर्थडे विशेस बरोथेर,3,1,1,550,birthday-wishes-hi
बर्थडे विशेस लवर,3,1,1,550,birthday-wishes-hi
बर्थडे विशेस विडियो,3,1,1,550,birthday-wishes-hi
बर्थडे विशेस विथ नाम,4,1,1,550,birthday-wishes-hi
janamdin ki shubhkamnaye dene ke liye dhanyavad in english,9,1,1,550,x2
janamdin ki shubhkamnaye wishes,4,1,1,550,x2
janmdin ki shubhkamnaen jija ji ko,6,1,1,550,x2
maa जन्मदिन की शुभकामनाएं in hindi,6,1,1,550,x2
जन्मदिन की शुभकामनाएं in english for son,7,1,1,550,x2
जन्मदिन की शुभकामनाएं my wife,5,1,1,550,x2
जन्मदिन की शुभकामनाएं political,4,1,1,550,x2
जन्मदिन की शुभकामनाएं whatsapp,4,1,1,550,x2
जन्मदिन की शुभकामनाएं अपने प्यार को,6,1,1,550,x2
जन्मदिन की शुभकामनाएं और उद्धरण,5,1,1,550,x2
जन्मदिन की शुभकामनाएं कोट्स,4,1,1,550,x2
जन्मदिन की शुभकामनाएं बेटा,4,1,1,550,x2
जन्मदिन की शुभकामनाएं बेस्टी,4,1,1,550,x2
जन्मदिन की शुभकामनाएं भांजे के लिए,6,1,1,550,x2
जन्मदिन की शुभकामनाएं मैसेज,4,1,1,550,x2
जन्मदिन की शुभकामनाएं राजकुमारी,4,1,1,550,x2
जन्मदिन की हार्दिक शुभकामनाएं chacha,5,1,1,550,x2
जन्मदिन की हार्दिक शुभकामनाएं uncle ji,6,1,1,550,x2
तिथि अनुसार जन्मदिन की शुभकामनाएं in sanskrit,7,1,1,550,x2
after death birthday wishes in hindi for brother,8,1,1,550,x5
birthday wishes for brother success in hindi,7,1,1,550,x5
birthday wishes for my younger brother in hindi,8,1,1,550,x5
birthday wishes letter for brother in hindi,7,1,1,550,x5
happy birthday wishes for big brother in hindi shayari,9,1,1,550,x5
happy birthday wishes for chote brother in hindi,8,1,1,550,x5
short birthday wishes for my brother wife in hindi,9,1,1,550,x5
touching birthday wishes for younger brother in hindi,8,1,1,550,x5
बर्थडे विशेस फॉर बरोथेर इन हिंदी,6,1,1,550,x5
बर्थडे विशेस फॉर बरोथेर इन हिंदी शायरी,7,1,1,550,x5
