kw,seeds,h,rel,near,score
birthday decoration ideas at home for girl,2,15,1251,birthday-invitation-template-for-girl,0.17
birthday decoration ideas at home for boy,2,14,1250,birthday-invitation-template-for-boy,0.14
birthday decoration ideas at home diy,2,10,1250,happy-birthday-banner-template-printable,0.14
birthday decoration ideas at home,2,10,650,,0.0
how to do birthday decoration at home,2,8,601,how-do-i-build-a-proposal-page-with-yes-and-no-option,0.14
how to birthday decoration ideas at home,2,3,600,,0.0
birthday decoration jungle theme at home,2,2,559,anime-theme-dynamic-proposal-webpage-maker-free,0.17
birth date personality test,1,29,601,girlfriend-day-date,0.2
birthday date personality test,1,28,601,girlfriend-day-date,0.2
birthday date personality,1,25,601,girlfriend-day-date,0.2
birth date personality,1,24,600,girlfriend-day-date,0.2
birthday numerology calculator,1,15,1250,interactive-love-calculator-text-display-box-no-code,0.11
birthday decoration ideas at home for adults,1,15,600,,0.0
birthday decoration ideas at home for girl simple,1,14,560,birthday-itinerary-template,0.2
birthday decoration ideas at home for girl pinterest,1,14,559,birthday-invitation-template-for-girl,0.17
birthday decoration ideas at home for husband,1,13,601,birthday-wishes-for-husband,0.2
birthday decoration ideas at home for kids,1,13,600,kids-birthday-invitation-template,0.17
birthday decoration ideas at home for baby girl,1,13,558,birthday-invitation-template-for-girl,0.17
birthday decoration ideas at home for men,1,13,556,,0.0
birthday decoration ideas at home with balloons,1,12,1251,,0.0
birthday song with name online free,1,12,1250,birthday-wishes-for-someone-special-with-name,0.33
birthday decoration ideas at home for baby boy,1,12,555,birthday-invitation-template-for-boy,0.14
birthday decoration ideas at home simple,1,11,1251,birthday-itinerary-template,0.2
birthday decoration ideas at home pinterest,1,11,1250,,0.0
birthday song with name generator,1,11,1250,birthday-wishes-for-someone-special-with-name,0.33
birthday song with name in hindi,1,11,1250,raksha-bandhan-history-in-hindi,0.25
birthday song with name in tamil,1,11,600,miss-you-quotes-in-tamil,0.17
birthday meaning numerology,1,11,600,meaning-of-flowers-in-a-bouquet,0.2
birthday cake with name for boy,1,10,1251,birthday-wishes-for-someone-special-with-name,0.33
birthday song with name and photo,1,10,1250,raksha-bandhan-wishes-with-name-and-photo,0.4
birthday decoration ideas at home with photos,1,10,700,how-to-design-a-virtual-memory-lane-page-with-photos,0.17
birthday cake with name edit free download,1,10,600,birthday-wishes-for-someone-special-with-name,0.33
birthday cake with name for girl,1,9,1252,birthday-wishes-for-someone-special-with-name,0.33
birthday cake with name and photo,1,9,1251,raksha-bandhan-wishes-with-name-and-photo,0.4
birthday song with name edit,1,9,1250,birthday-wishes-for-someone-special-with-name,0.33
birthday cake with name and photo free download,1,9,601,raksha-bandhan-wishes-with-name-and-photo,0.4
birthday cake with name for girl online,1,9,560,birthday-wishes-for-someone-special-with-name,0.33
birthday numerology name,1,9,554,birthday-wishes-for-someone-special-with-name,0.33
birthday song with name maker,1,8,1251,birthday-wishes-for-someone-special-with-name,0.33
birthday cake with name free download,1,8,1250,birthday-wishes-for-someone-special-with-name,0.33
birthday cake with name generator,1,8,1250,birthday-wishes-for-someone-special-with-name,0.33
birthday song with name free,1,8,1250,birthday-wishes-for-someone-special-with-name,0.33
birthday cake with name edit free,1,8,800,birthday-wishes-for-someone-special-with-name,0.33
birth date personality traits,1,8,601,girlfriend-day-date,0.2
birthday song with name,1,8,601,birthday-wishes-for-someone-special-with-name,0.33
what does my birthday mean in numerology,1,8,600,what-does-a-red-rose-mean,0.25
birthday cake with name edit,1,7,1250,birthday-wishes-for-someone-special-with-name,0.33
birthday cake with name for girl simple,1,7,900,create-a-sorry-message-with-name,0.29
birthday song with name in telugu,1,6,1251,raksha-bandhan-wishes-in-telugu,0.2
birthday cake with name images,1,6,1250,birthday-wishes-for-someone-special-with-name,0.33
birthday song with name app,1,6,601,birthday-wishes-for-someone-special-with-name,0.33
birthday song with name online,1,6,601,birthday-wishes-for-someone-special-with-name,0.33
birthday song with name ai,1,6,600,birthday-wishes-for-someone-special-with-name,0.33
what decorations do you need for a birthday party,1,6,600,birthday-party-invitation-template,0.25
birthday number meaning,1,6,600,meaning-of-flowers-in-a-bouquet,0.2
happy birthday song with name and photo,1,6,561,raksha-bandhan-wishes-with-name-and-photo,0.4
birthday cake with name and picture,1,6,560,birthday-wishes-for-someone-special-with-name,0.33
birthday numerology number 11,1,6,556,,0.0
birthday decoration ideas at home for boy simple,1,6,553,birthday-itinerary-template,0.2
birthday decoration ideas,1,5,1251,,0.0
birthday decoration ideas at home with lights,1,5,1250,,0.0
birth date personality calculator,1,5,601,girlfriend-day-date,0.2
birthday decoration ideas at home list,1,5,601,birthday-wish-list-template,0.2
birthday cake with name,1,5,601,birthday-wishes-for-someone-special-with-name,0.33
birthday numerology match,1,5,601,,0.0
birthday cake with name and photo online free,1,5,600,raksha-bandhan-wishes-with-name-and-photo,0.4
how to give birthday surprise,1,5,600,birthday-wishes-for-junior,0.33
birthday song with name in english,1,5,600,raksha-bandhan-wishes-for-bhaiya-and-bhabhi-in-english,0.2
create birthday song with name online free without watermark,1,5,600,create-a-sorry-message-with-name,0.29
birthday song with name in kannada,1,5,560,raksha-bandhan-wishes-in-kannada,0.2
happy birthday song with name in english,1,5,560,raksha-bandhan-wishes-for-bhaiya-and-bhabhi-in-english,0.2
happy birthday song with name and photo download,1,5,558,raksha-bandhan-wishes-with-name-and-photo,0.4
happy birthday song with name in hindi,1,5,558,raksha-bandhan-history-in-hindi,0.25
birthday surprise meaning,1,5,557,birthday-wishes-for-junior,0.33
birthday song with name in marathi,1,5,557,i-miss-you-in-marathi,0.2
birthday numerology 4,1,5,557,,0.0
birthday cake with name editor,1,5,555,birthday-wishes-for-someone-special-with-name,0.33
birthday decoration ideas at home best,1,5,554,,0.0
birthday decoration hsr layout,1,4,1253,creative-layout-milestone-anniversary-proposal-site,0.17
birthday surprise for husband,1,4,1252,birthday-wishes-for-husband,0.4
birthday surprise for wife,1,4,1251,birthday-wishes-for-junior,0.33
birthday decoration bangalore,1,4,1251,,0.0
birthday photo frame with name,1,4,1250,raksha-bandhan-wishes-with-name-and-photo,0.4
birthday decoration ideas at home without balloons,1,4,1250,how-to-say-sorry-without-saying-sorry,0.25
birthday cake with name near me,1,4,1250,birthday-wishes-for-someone-special-with-name,0.25
birthday cake with name on it,1,4,1250,birthday-wishes-for-someone-special-with-name,0.33
birthday surprise for husband in bangalore,1,4,1250,birthday-wishes-for-husband,0.4
birthday surprise in mall bangalore,1,4,1250,birthday-wishes-for-junior,0.33
birthday decoration at home,1,4,1250,,0.0
birthday decoration items,1,4,1250,moving-items-dodge-no-response-proposal,0.11
birthday decoration for boys,1,4,1100,,0.0
birthday photo frame for best friend,1,4,1050,birthday-photo-frame-template,0.33
birthday surprise in mysore,1,4,800,birthday-wishes-for-junior,0.33
birthday photo frame design free download,1,4,700,birthday-photo-frame-template,0.33
birthday decoration list,1,4,602,birthday-wish-list-template,0.2
birthday selfie frame ideas,1,4,601,birthday-photo-frame-template,0.17
birthday cake with name edit for girl,1,4,601,rakhi-wishes-with-brother-name-and-photo-edit,0.33
birthday song with name for sister,1,4,601,birthday-wishes-for-someone-special-with-name,0.33
create birthday song with name online free,1,4,601,birthday-wishes-for-someone-special-with-name,0.33
happy birthday song with name free download,1,4,601,birthday-wishes-for-someone-special-with-name,0.33
birthday in numerology,1,4,601,,0.0
birthday numerology calculator free,1,4,601,interactive-love-calculator-text-display-box-no-code,0.11
birthday frame ideas,1,4,600,birthday-photo-frame-template,0.17
birthday decoration ideas at home at home,1,4,600,,0.0
birthday decoration ideas at home for 1 year baby boy,1,4,600,what-to-write-in-a-5-year-relationship-anniversary-letter,0.2
birthday cake with name for kids,1,4,600,birthday-wishes-for-someone-special-with-name,0.33
happy birthday song with name free,1,4,600,birthday-wishes-for-someone-special-with-name,0.33
numerology of birthday,1,4,600,,0.0
birthday song with name and photo free,1,4,562,raksha-bandhan-wishes-with-name-and-photo,0.4
birthday cake with name and photo for girl,1,4,561,raksha-bandhan-wishes-with-name-and-photo,0.4
birthday song with name in it,1,4,559,birthday-wishes-for-someone-special-with-name,0.33
birthday wishes song with name and photo,1,4,558,raksha-bandhan-wishes-with-name-and-photo,0.4
happy birthday song with name for 7 year girl,1,4,558,birthday-wishes-for-someone-special-with-name,0.25
numerology birthday compatibility,1,4,556,,0.0
birthday room decoration ideas at home,1,4,555,private-cloud-note-storage-room-layout-for-dual-couple-synch,0.09
birthday cake with name for boy simple,1,4,554,create-a-sorry-message-with-name,0.29
birthday decoration ideas at home homemade,1,4,553,,0.0
birthday numerology calculator tamil,1,4,553,miss-you-quotes-in-tamil,0.17
birthday surprise in bangalore,1,3,1252,birthday-wishes-for-junior,0.33
birthday surprise website,1,3,1252,birthday-wishes-for-junior,0.33
birthday photo frame background,1,3,1251,birthday-photo-frame-template,0.33
birthday photo frame ideas,1,3,1251,birthday-photo-frame-template,0.33
birthday photo frame online,1,3,1251,birthday-photo-frame-template,0.33
birthday cake with name with photo,1,3,1251,raksha-bandhan-wishes-with-name-and-photo,0.4
birthday surprise bangalore,1,3,1251,birthday-wishes-for-junior,0.33
birthday surprise ideas,1,3,1251,birthday-wishes-for-junior,0.33
birthday photo frame boy,1,3,1250,birthday-photo-frame-template,0.33
birthday photo frame design,1,3,1250,birthday-photo-frame-template,0.33
birthday photo frame edit,1,3,1250,birthday-photo-frame-template,0.33
birthday photo frame gift,1,3,1250,birthday-photo-frame-template,0.33
birthday photo frame prompt,1,3,1250,birthday-photo-frame-template,0.33
birthday photo frame without photo,1,3,1250,birthday-photo-frame-template,0.33
birthday decoration ideas at home simple and easy,1,3,1250,birthday-gift-for-mom-online,0.25
birthday surprise gift,1,3,1250,birthday-wishes-for-junior,0.33
birthday surprise link,1,3,1250,birthday-wishes-for-junior,0.33
birthday surprise planners in bangalore,1,3,1250,birthday-wishes-for-junior,0.33
birthday decoration kit,1,3,1250,,0.0
birthday decoration photos,1,3,1250,how-to-design-a-virtual-memory-lane-page-with-photos,0.17
birthday decoration shop near me,1,3,1250,forgive-me-please-custom-response-button-mobile,0.14
birthday decoration without balloons,1,3,1250,how-to-say-sorry-without-saying-sorry,0.25
birthday numerology meaning,1,3,1250,meaning-of-flowers-in-a-bouquet,0.2
birthday surprise gift link,1,3,1050,birthday-wishes-for-junior,0.33
birthday surprise places in bangalore,1,3,1050,birthday-wishes-for-junior,0.33
birthday surprise for wife in bangalore,1,3,900,birthday-wishes-for-junior,0.33
birthday decoration services at home,1,3,801,,0.0
birthday photo frame app free download,1,3,602,birthday-photo-frame-template,0.33
birthday decoration at home bangalore,1,3,602,,0.0
22 date birthday personality in hindi,1,3,601,raksha-bandhan-history-in-hindi,0.25
birth date personality profile,1,3,601,girlfriend-day-date,0.2
birth date wise personality,1,3,601,girlfriend-day-date,0.2
birthday date and personality,1,3,601,girlfriend-day-date,0.2
birthday date personality book,1,3,601,girlfriend-day-date,0.2
birthday photo frame 2023,1,3,601,birthday-photo-frame-template,0.33
birthday photo frame design for girl,1,3,601,birthday-photo-frame-template,0.33
birthday decoration ideas at home in low budget,1,3,601,budget-birthday-gift-ideas-under-500,0.25
birthday cake with name for 1 year baby girl,1,3,601,birthday-cake-topper-template,0.2
birthday surprise ideas for husband,1,3,601,birthday-wishes-for-husband,0.4
birthday song with name maker app download,1,3,601,name-bouquet-maker-online,0.29
birthday song with name sandhya,1,3,601,birthday-wishes-for-someone-special-with-name,0.33
happy birthday song with name generator,1,3,601,birthday-wishes-for-someone-special-with-name,0.33
birthday decoration items near me,1,3,601,forgive-me-please-custom-response-button-mobile,0.14
birthday numerology chart,1,3,601,birthday-seating-chart-template,0.2
16 date birthday personality in hindi,1,3,600,raksha-bandhan-history-in-hindi,0.25
birth date and personality,1,3,600,girlfriend-day-date,0.2
birthday photo frame design online,1,3,600,birthday-photo-frame-template,0.33
birthday decoration ideas at home easily,1,3,600,,0.0
birthday cake with name generator free,1,3,600,birthday-wishes-for-someone-special-with-name,0.33
what is a good birthday surprise,1,3,600,birthday-wishes-for-junior,0.33
birthday song with name for girl,1,3,600,birthday-wishes-for-someone-special-with-name,0.33
birthday decoration near me,1,3,600,forgive-me-please-custom-response-button-mobile,0.14
birthday numerology compatibility,1,3,561,,0.0
birthday photo frame design for boys,1,3,560,birthday-photo-frame-template,0.33
birthday cake with name latest,1,3,560,birthday-wishes-for-someone-special-with-name,0.33
birthday cake with name and song,1,3,559,birthday-wishes-for-someone-special-with-name,0.33
birthday cake with name for man,1,3,559,birthday-wishes-for-someone-special-with-name,0.33
customized birthday song with name free,1,3,559,birthday-wishes-for-someone-special-with-name,0.33
birthday numerology 7,1,3,559,,0.0
birthday song generator with name free,1,3,558,birthday-wishes-for-someone-special-with-name,0.33
birthday song maker with name online free,1,3,558,birthday-wishes-for-someone-special-with-name,0.33
birthday cake with name for sister,1,3,557,birthday-wishes-for-someone-special-with-name,0.33
happy birthday song with name online,1,3,557,birthday-wishes-for-someone-special-with-name,0.33
birth date numerology personality traits,1,3,556,girlfriend-day-date,0.2
birthday photo frame with name online free,1,3,556,raksha-bandhan-wishes-with-name-and-photo,0.4
birthday decoration ideas at home with sofa,1,3,556,,0.0
birthday cake items name,1,3,555,birthday-wishes-for-someone-special-with-name,0.33
birthday songs with names,1,3,555,,0.0
birthday decorations to make,1,3,555,how-to-make-a-birthday-invitation-template,0.33
name and birthday numerology,1,3,555,birthday-wishes-for-someone-special-with-name,0.33
birthday room decoration ideas at home simple,1,3,552,birthday-itinerary-template,0.2
birthday decoration ideas at home for boyfriend,1,3,551,online-birthday-gift-for-boyfriend,0.33
birth numerology free,1,3,551,birth-month-flowers-and-meanings,0.17
birthday photo frame in boys,1,2,1252,birthday-photo-frame-template,0.33
birthday photo frame best friend,1,2,1251,birthday-photo-frame-template,0.33
birthday photo frame instagram story,1,2,1251,birthday-photo-frame-template,0.33
birthday photo frame shop near me,1,2,1251,birthday-photo-frame-template,0.33
birthday surprise online free,1,2,1251,birthday-wishes-for-junior,0.33
birthday surprise with crackers,1,2,1251,birthday-wishes-for-junior,0.33
birthday photo frame app download,1,2,1250,birthday-photo-frame-template,0.33
birthday photo frame bestie,1,2,1250,birthday-photo-frame-template,0.33
birthday photo frame instagram,1,2,1250,birthday-photo-frame-template,0.33
birthday photo frame maker online,1,2,1250,birthday-photo-frame-template,0.33
birthday photo frame online free,1,2,1250,birthday-photo-frame-template,0.33
birthday decoration ideas at home aesthetic,1,2,1250,aesthetic-flower-bouquet-online,0.17
birthday decoration ideas at home handmade,1,2,1250,,0.0
birthday cake with name download,1,2,1250,birthday-wishes-for-someone-special-with-name,0.33
birthday surprise thank you message,1,2,1250,birthday-surprise-message-with-password,0.33
birthday song with name for free,1,2,1250,birthday-wishes-for-someone-special-with-name,0.33
birthday numerology number,1,2,1250,,0.0
birthday photo frame with calendar,1,2,1050,birthday-photo-frame-template,0.33
birthday surprise online website,1,2,1050,birthday-wishes-for-junior,0.33
birthday photo frame maker online free,1,2,1000,birthday-photo-frame-template,0.33
birthday decoration ideas at home pink and white,1,2,1000,aesthetic-minimalist-pastel-pink-love-message-grid,0.14
birthday cake with name ravi,1,2,952,birthday-wishes-for-someone-special-with-name,0.33
birthday decoration ideas at home black and gold,1,2,950,black-and-gold-birthday-invitation-template,0.29
birthday photo frame with wishes,1,2,900,birthday-photo-frame-template,0.33
birthday photo frame for boy,1,2,850,birthday-photo-frame-template,0.33
birthday decoration for girls,1,2,850,,0.0
birthday decoration in car,1,2,850,,0.0
birthday decoration items shop near me,1,2,850,forgive-me-please-custom-response-button-mobile,0.14
birthday photo frame for baby boy,1,2,800,birthday-photo-frame-template,0.33
birthday decoration ideas at home baby girl,1,2,800,birthday-invitation-template-for-girl,0.17
birthday surprise maker online,1,2,800,birthday-wishes-for-junior,0.33
birthday decoration ideas at home blue and white,1,2,751,what-do-white-roses-mean,0.14
birthday photo frame editor,1,2,750,birthday-photo-frame-template,0.33
birthday decoration with balloons,1,2,750,,0.0
birthday decoration for husband,1,2,700,birthday-wishes-for-husband,0.2
birthday photo frame for husband,1,2,652,birthday-photo-frame-template,0.33
birthday photo frame for sister,1,2,651,birthday-photo-frame-template,0.33
birthday photo frame for instagram story,1,2,650,birthday-photo-frame-template,0.33
birthday surprise online link,1,2,650,birthday-wishes-for-junior,0.33
birthday surprise video template,1,2,650,birthday-video-template-free,0.4
birthday photo frame style,1,2,602,birthday-photo-frame-template,0.33
birthday decoration ideas at home with balloons simple,1,2,602,birthday-itinerary-template,0.2
birthday decoration for 1 year baby,1,2,602,what-to-write-in-a-5-year-relationship-anniversary-letter,0.2
birthday decoration with photos,1,2,602,how-to-design-a-virtual-memory-lane-page-with-photos,0.17
birth date of famous personalities in india,1,2,601,girlfriend-day-date,0.2
birthday photo frame editor online,1,2,601,birthday-photo-frame-template,0.33
birthday photo frame for girls,1,2,601,birthday-photo-frame-template,0.33
birthday photo frame ideas for best friend,1,2,601,birthday-photo-frame-template,0.33
birthday photo frame maker app,1,2,601,birthday-photo-frame-template,0.33
birthday photo frame online order,1,2,601,birthday-photo-frame-template,0.33
birthday photo frame pixiz,1,2,601,birthday-photo-frame-template,0.33
birthday photo frame under 200,1,2,601,birthday-photo-frame-template,0.33
birthday photo frame with light,1,2,601,birthday-photo-frame-template,0.33
birthday decoration ideas at home 2022,1,2,601,,0.0
birthday decoration ideas at home contact number,1,2,601,,0.0
birthday decoration ideas at home near me,1,2,601,forgive-me-please-custom-response-button-mobile,0.14
birthday decoration ideas at home with bow,1,2,601,,0.0
happy birthday decoration ideas at home,1,2,601,,0.0
birthday cake with name 2023,1,2,601,birthday-wishes-for-someone-special-with-name,0.33
birthday cake with name create,1,2,601,birthday-wishes-for-someone-special-with-name,0.33
birthday cake with name for best friend,1,2,601,birthday-wishes-for-someone-special-with-name,0.33
birthday cake with name free online,1,2,601,birthday-wishes-for-someone-special-with-name,0.33
birthday cake with name insert,1,2,601,birthday-wishes-for-someone-special-with-name,0.33
birthday cake with name on it for free download,1,2,601,birthday-wishes-for-someone-special-with-name,0.33
birthday cake with name with candle,1,2,601,birthday-wishes-for-someone-special-with-name,0.33
birthday surprise for boyfriend,1,2,601,birthday-wishes-for-junior,0.33
birthday surprise in bangalore for husband,1,2,601,birthday-wishes-for-husband,0.4
birthday surprise video maker,1,2,601,birthday-wishes-for-junior,0.33
birthday song best name,1,2,601,birthday-wishes-for-someone-special-with-name,0.33
birthday song with name bar bar din ye aaye,1,2,601,birthday-wishes-for-love-with-name,0.17
birthday song with name kaise banaye,1,2,601,birthday-wishes-for-someone-special-with-name,0.25
birthday song with your name,1,2,601,birthday-wishes-for-someone-special-with-name,0.33
happy birthday song with name,1,2,601,birthday-wishes-for-someone-special-with-name,0.33
birthday decoration at home near me,1,2,601,forgive-me-please-custom-response-button-mobile,0.14
birthday decoration for baby girl,1,2,601,birthday-invitation-template-for-girl,0.17
birthday decoration in bangalore,1,2,601,,0.0
birthday decoration with lights,1,2,601,,0.0
birthday decoration without sticking on wall,1,2,601,how-to-say-sorry-without-saying-sorry,0.25
birthday number template,1,2,601,how-to-make-a-birthday-invitation-template,0.33
birthday number with lights,1,2,601,,0.0
which birthday number is lucky,1,2,601,raksha-bandhan-online-wishes,0.2
birth date numerology personality analysis,1,2,600,girlfriend-day-date,0.2
birthday photo frame 2024,1,2,600,birthday-photo-frame-template,0.33
birthday photo frame app free,1,2,600,birthday-photo-frame-template,0.33
birthday photo frame big,1,2,600,birthday-photo-frame-template,0.33
birthday photo frame design best friend,1,2,600,birthday-photo-frame-template,0.33
birthday photo frame editor online free,1,2,600,birthday-photo-frame-template,0.33
birthday photo frame for brother,1,2,600,birthday-photo-frame-template,0.33
birthday photo frame maker near me,1,2,600,birthday-photo-frame-template,0.33
birthday photo frame online editing,1,2,600,birthday-photo-frame-template,0.33
birthday decoration ideas at home 2024,1,2,600,,0.0
birthday decoration ideas at home black and white,1,2,600,minimal-black-white-sorry-page-creator,0.22
birthday decoration ideas at home in simple,1,2,600,birthday-itinerary-template,0.2
birthday decoration ideas at home normal,1,2,600,,0.0
birthday decoration ideas at home purple colour,1,2,600,,0.0
birthday decoration ideas at home unique,1,2,600,unique-birthday-gift-ideas-for-girlfriend,0.33
birthday decoration ideas at home with curtains,1,2,600,,0.0
birthday decoration ideas at home with flowers,1,2,600,flowers-to-say-sorry-online,0.25
kanha ji birthday decoration ideas at home,1,2,600,,0.0
birthday cake names,1,2,600,birthday-cake-topper-template,0.2
birthday cake with name 2024,1,2,600,birthday-wishes-for-someone-special-with-name,0.33
birthday cake with name on top,1,2,600,birthday-wishes-for-someone-special-with-name,0.33
birthday cake with name online edit,1,2,600,birthday-wishes-for-someone-special-with-name,0.33
birthday surprise for brother,1,2,600,birthday-wishes-for-brother,0.33
birthday surprise in mangalore,1,2,600,birthday-wishes-for-junior,0.33
birthday surprise link maker,1,2,600,birthday-wishes-for-junior,0.33
birthday surprise thank you message for husband,1,2,600,birthday-wishes-for-husband,0.4
birthday song name for best friend,1,2,600,birthday-wishes-for-someone-special-with-name,0.33
happy birthday song with name generator online,1,2,600,birthday-wishes-for-someone-special-with-name,0.33
happy birthday song with name youtube,1,2,600,birthday-wishes-for-someone-special-with-name,0.33
how to make birthday song with name,1,2,600,birthday-wishes-for-someone-special-with-name,0.33
birthday decoration for baby,1,2,600,,0.0
birthday decoration in mysore,1,2,600,,0.0
birthday decoration with ribbons,1,2,600,,0.0
birthday birth date numerology,1,2,600,girlfriend-day-date,0.2
birthday number 1 numerology,1,2,600,,0.0
birthday number in cake,1,2,600,birthday-cake-topper-template,0.2
birthday number with balloons,1,2,600,,0.0
birthday decoration ideas at home in room,1,2,562,private-cloud-note-storage-room-layout-for-dual-couple-synch,0.09
birthday number in pi,1,2,562,,0.0
birthday photo frame online editing free,1,2,561,birthday-photo-frame-template,0.33
happy birthday cake with name free download,1,2,561,birthday-wishes-for-someone-special-with-name,0.33
happy birthday song with name telugu,1,2,561,raksha-bandhan-wishes-in-telugu,0.2
birthday decoration in home,1,2,561,,0.0
birth in numerology,1,2,561,birth-month-flowers-and-meanings,0.17
birthday photo frame free with name,1,2,560,raksha-bandhan-wishes-with-name-and-photo,0.4
birthday photo frame online with name,1,2,560,raksha-bandhan-wishes-with-name-and-photo,0.4
birthday decoration ideas at home simple for adults,1,2,560,birthday-itinerary-template,0.2
birthday cake with name generator for girl,1,2,560,birthday-wishes-for-someone-special-with-name,0.25
birthday song by name how to create,1,2,560,create-birthday-wish-link-online,0.33
birthday song with name audio,1,2,560,birthday-wishes-for-someone-special-with-name,0.33
customized birthday song with name online free,1,2,560,birthday-wishes-for-someone-special-with-name,0.33
birthday number in numerology,1,2,560,,0.0
birthday number personality,1,2,560,,0.0
birthday numerology 1,1,2,560,,0.0
birthday photo frame editor prompt,1,2,559,birthday-photo-frame-template,0.33
birthday photo frame january 2026,1,2,559,birthday-photo-frame-template,0.33
birthday photo frame online free download,1,2,559,birthday-photo-frame-template,0.33
birthday cake with name generator for friend,1,2,559,birthday-wishes-for-school-friend,0.25
birthday surprise for friends,1,2,559,birthday-wishes-for-junior,0.33
birthday surprise in bangalore near me,1,2,559,birthday-wishes-for-chachu,0.25
zepto birthday surprise 2026,1,2,559,birthday-wishes-for-junior,0.33
create birthday song with name online free free download,1,2,559,birthday-wishes-for-someone-special-with-name,0.33
birthday decoration with bow,1,2,559,,0.0
birthday number in numerology calculator,1,2,559,interactive-love-calculator-text-display-box-no-code,0.11
birthday date character,1,2,558,girlfriend-day-date,0.2
birthday photo frame online making,1,2,558,birthday-photo-frame-template,0.33
birthday photo frame psd free download,1,2,558,birthday-photo-frame-template,0.33
mom birthday decoration ideas at home simple,1,2,558,miss-you-message-for-mom,0.29
birthday cake with name and photo for kids,1,2,558,raksha-bandhan-wishes-with-name-and-photo,0.4
birthday cake with name for friend,1,2,558,birthday-wishes-for-someone-special-with-name,0.33
birthday surprise for men,1,2,558,birthday-wishes-for-junior,0.33
birthday surprise in hubli,1,2,558,birthday-wishes-for-junior,0.33
birthday surprise website template,1,2,558,birthday-website-template-free,0.4
birthday song with name and photo app,1,2,558,raksha-bandhan-wishes-with-name-and-photo,0.4
happy birthday song with name maker,1,2,558,birthday-wishes-for-someone-special-with-name,0.33
birthday decoration for kids,1,2,558,kids-birthday-invitation-template,0.17
birthday decoration with price,1,2,558,,0.0
birthdate in numerology,1,2,558,,0.0
birthday numerology 5,1,2,558,,0.0
birthday with number,1,2,558,,0.0
22 birthday date personality,1,2,557,girlfriend-day-date,0.2
birthday photo frame online shopping,1,2,557,birthday-photo-frame-template,0.33
birthday photo frame with date,1,2,557,birthday-photo-frame-template,0.33
happy birthday photo frame app,1,2,557,birthday-photo-frame-template,0.33
birthday decoration ideas at home with pink and white balloons,1,2,557,aesthetic-minimalist-pastel-pink-love-message-grid,0.14
birthday cake with name and photo free,1,2,557,raksha-bandhan-wishes-with-name-and-photo,0.4
birthday cake with name for daughter,1,2,557,birthday-wishes-for-someone-special-with-name,0.33
birthday cake with name my love,1,2,557,birthday-wishes-for-love-with-name,0.4
at home birthday surprise ideas,1,2,557,birthday-wishes-for-junior,0.33
birthday gift online,1,2,557,online-birthday-gift-for-boyfriend,0.33
birthday surprise in hosur,1,2,557,birthday-wishes-for-junior,0.33
birthday wishes song with name and photo download,1,2,557,raksha-bandhan-wishes-with-name-and-photo,0.4
happy birthday song with name edit,1,2,557,birthday-wishes-for-someone-special-with-name,0.33
happy birthday song with name free download for girl,1,2,557,birthday-wishes-for-someone-special-with-name,0.33
happy birthday song with name maker online,1,2,557,birthday-wishes-for-someone-special-with-name,0.33
zoom birthday song with name free download,1,2,557,birthday-wishes-for-someone-special-with-name,0.33
birthday decoration for baby boy,1,2,557,birthday-invitation-template-for-boy,0.14
birthday decoration with net,1,2,557,,0.0
13 birthday date personality,1,2,556,girlfriend-day-date,0.2
birthday photo editor online free,1,2,556,free-online-love-letter-editor,0.2
birthday photo frame editing app,1,2,556,birthday-photo-frame-template,0.33
birthday photo frame for boyfriend,1,2,556,birthday-photo-frame-template,0.33
birthday photo frame sample,1,2,556,birthday-photo-frame-template,0.33
happy birthday photo frame free,1,2,556,birthday-photo-frame-template,0.33
birthday decoration ideas at home for 5 year old boy,1,2,556,what-to-write-in-a-5-year-relationship-anniversary-letter,0.2
latest birthday decoration ideas at home,1,2,556,,0.0
mom birthday decoration ideas at home pinterest,1,2,556,birthday-gift-for-mom-online,0.25
birthday gift online delivery,1,2,556,online-birthday-gift-for-boyfriend,0.33
birthday surprise for husband near me,1,2,556,birthday-wishes-for-husband,0.4
create birthday song with name online free in hindi,1,2,556,raksha-bandhan-history-in-hindi,0.25
happy birthday song with name audio,1,2,556,birthday-wishes-for-someone-special-with-name,0.33
happy birthday song with name free download mp4,1,2,556,birthday-wishes-for-someone-special-with-name,0.33
happy birthday song with name in gujarati free download,1,2,556,raksha-bandhan-wishes-in-gujarati,0.2
happy birthday song with name maker free,1,2,556,birthday-wishes-for-someone-special-with-name,0.33
birthday decoration for men,1,2,556,,0.0
birthday decoration with flowers,1,2,556,flowers-to-say-sorry-online,0.25
birthday life path number,1,2,556,personalized-love-path-webpage-with-embedded-audio-timeline,0.14
17 birthday date personality,1,2,555,girlfriend-day-date,0.2
birthday photo frame background hd,1,2,555,birthday-photo-frame-template,0.33
birthday photo frame for wife,1,2,555,birthday-photo-frame-template,0.33
birthday photo frame with photo edit,1,2,555,birthday-photo-frame-template,0.33
birthday decoration ideas at home for 4 year old boy,1,2,555,what-to-write-in-a-5-year-relationship-anniversary-letter,0.2
birthday decoration ideas at home room,1,2,555,private-cloud-note-storage-room-layout-for-dual-couple-synch,0.09
birthday decoration ideas at home with saree,1,2,555,,0.0
birthday cake with name for twins,1,2,555,birthday-wishes-for-someone-special-with-name,0.33
birthday surprise for husband at home,1,2,555,birthday-wishes-for-husband,0.4
birthday surprise in shimoga,1,2,555,birthday-wishes-for-junior,0.33
create birthday song with name and photo,1,2,555,raksha-bandhan-wishes-with-name-and-photo,0.4
happy birthday song with name male voice,1,2,555,birthday-wishes-for-someone-special-with-name,0.25
birthday decoration for 1 year baby boy,1,2,555,what-to-write-in-a-5-year-relationship-anniversary-letter,0.2
birthday decoration with curtain,1,2,555,,0.0
birthday numerology 9,1,2,555,,0.0
free birthday numerology reading,1,2,555,,0.0
18 birthday date personality,1,2,554,girlfriend-day-date,0.2
birthday photo frame for girlfriend,1,2,554,birthday-photo-frame-template,0.33
birthday photo frame thought,1,2,554,birthday-photo-frame-template,0.33
birthday photo frame with quotes,1,2,554,birthday-photo-frame-template,0.33
happy birthday photo frame editing,1,2,554,birthday-photo-frame-template,0.33
photo frame ideas for birthday gift,1,2,554,birthday-photo-frame-template,0.33
birthday decoration ideas at home for women,1,2,554,,0.0
birthday decoration ideas at home under 200,1,2,554,budget-birthday-gift-ideas-under-500,0.25
birthday decoration ideas at home with blue and white balloons,1,2,554,what-do-white-roses-mean,0.14
indoor birthday party ideas at home for kids,1,2,554,birthday-party-invitation-template,0.25
birthday cake make name,1,2,554,birthday-wishes-for-someone-special-with-name,0.33
birthday cake with name and pic,1,2,554,birthday-wishes-for-someone-special-with-name,0.33
birthday cake with name for husband,1,2,554,birthday-wishes-for-someone-special-with-name,0.33
birthday surprise for sister,1,2,554,birthday-wishes-for-junior,0.33
create birthday song with name online free funny,1,2,554,create-a-sorry-message-with-name,0.29
happy birthday song with name in telugu,1,2,554,raksha-bandhan-wishes-in-telugu,0.2
make birthday song with name free,1,2,554,birthday-wishes-for-someone-special-with-name,0.33
birthday decoration for 1 year baby girl,1,2,554,what-to-write-in-a-5-year-relationship-anniversary-letter,0.2
birthday decoration with lights and balloons,1,2,554,,0.0
birthday numerology 8,1,2,554,,0.0
what your birth date means in numerology,1,2,554,girlfriend-day-date,0.2
29 birthday date personality,1,2,553,girlfriend-day-date,0.2
birthday photo frame with month,1,2,553,birthday-photo-frame-template,0.33
happy birthday photo frame free download,1,2,553,birthday-photo-frame-template,0.33
birthday decoration ideas at home for 3 year old boy,1,2,553,what-to-write-in-a-5-year-relationship-anniversary-letter,0.2
birthday decoration ideas at home with paper,1,2,553,first-anniversary-digital-layout-builder,0.12
simple birthday decoration ideas at home pink colour,1,2,553,birthday-itinerary-template,0.2
birthday cake with name and photo editor,1,2,553,raksha-bandhan-wishes-with-name-and-photo,0.4
birthday cake with name for brother,1,2,553,birthday-wishes-for-brother,0.33
birthday cake with name for kids boys,1,2,553,birthday-wishes-for-someone-special-with-name,0.25
birthday surprise for boyfriend in bangalore,1,2,553,birthday-wishes-for-junior,0.33
birthday surprise words,1,2,553,birthday-wishes-for-junior,0.33
1 birthday song with name and photo,1,2,553,raksha-bandhan-wishes-with-name-and-photo,0.4
ai birthday song with name free,1,2,553,birthday-wishes-for-someone-special-with-name,0.33
create birthday song with name online free for girl,1,2,553,create-a-sorry-message-with-name,0.29
happy birthday song with name in hindi free,1,2,553,raksha-bandhan-history-in-hindi,0.25
birthday decoration for husband at home,1,2,553,birthday-wishes-for-husband,0.2
how to hang birthday decorations,1,2,553,,0.0
birthday numerology 6,1,2,553,,0.0
15 birthday date personality,1,2,552,girlfriend-day-date,0.2
birthday frame 2023,1,2,552,birthday-photo-frame-template,0.17
birthday party photo frame ideas,1,2,552,birthday-photo-frame-template,0.33
birthday photo frame design for instagram story,1,2,552,birthday-photo-frame-template,0.33
birthday photo frame design love,1,2,552,birthday-photo-frame-template,0.33
birthday photo frame for baby girl,1,2,552,birthday-photo-frame-template,0.33
birthday photo frame with friends,1,2,552,birthday-photo-frame-template,0.33
birthday decoration ideas at home for,1,2,552,,0.0
birthday decoration ideas at home with ribbon,1,2,552,,0.0
birthday cake with name 24,1,2,552,birthday-wishes-for-someone-special-with-name,0.33
happy birthday cake with name edit online,1,2,552,birthday-wishes-for-someone-special-with-name,0.33
birthday surprise for daughter,1,2,552,birthday-wishes-for-junior,0.33
birthday surprise website maker,1,2,552,birthday-wishes-for-junior,0.33
1 birthday song with name free,1,2,552,birthday-wishes-for-someone-special-with-name,0.33
happy birthday song with name for girl,1,2,552,birthday-wishes-for-someone-special-with-name,0.33
youtube epic birthday song with name,1,2,552,birthday-wishes-for-someone-special-with-name,0.25
birthday decoration for boys at home,1,2,552,,0.0
birthday numerology 3,1,2,552,,0.0
8 birthday date personality,1,2,551,girlfriend-day-date,0.2
birthday photo frame for kids,1,2,551,birthday-photo-frame-template,0.33
birthday photo frame with bestie,1,2,551,birthday-photo-frame-template,0.33
birthday cake with name for wife,1,2,551,birthday-wishes-for-someone-special-with-name,0.33
birthday decoration for 3 year girl,1,2,551,what-to-write-in-a-5-year-relationship-anniversary-letter,0.2
birthday numerology 11,1,2,551,,0.0
birthday photo frame for love,1,2,550,birthday-photo-frame-template,0.33
birthday cake with name list,1,2,550,birthday-wishes-for-someone-special-with-name,0.33
birthday numerology 2,1,2,550,,0.0
birthday photo frame new design,1,1,1252,birthday-photo-frame-template,0.33
birthday surprise online,1,1,1252,birthday-wishes-for-junior,0.33
birthday decoration events,1,1,1252,,0.0
birthday decoration hall,1,1,1252,,0.0
birthday photo frame app,1,1,1251,birthday-photo-frame-template,0.33
birthday photo frame free download,1,1,1251,birthday-photo-frame-template,0.33
birthday photo frame husband,1,1,1251,birthday-photo-frame-template,0.33
birthday photo frame june,1,1,1251,birthday-photo-frame-template,0.33
birthday photo frame kaise banaye,1,1,1251,birthday-photo-frame-template,0.33
birthday photo frame lines,1,1,1251,birthday-photo-frame-template,0.33
birthday photo frame new,1,1,1251,birthday-photo-frame-template,0.33
birthday photo frame psd,1,1,1251,birthday-photo-frame-template,0.33
birthday decoration ideas at home easy,1,1,1251,birthday-gift-for-mom-online,0.25
birthday decoration ideas at home husband,1,1,1251,birthday-wishes-for-husband,0.2
birthday decoration ideas at home items,1,1,1251,moving-items-dodge-no-response-proposal,0.11
birthday decoration ideas at home rooftop,1,1,1251,,0.0
birthday cake with name bhai,1,1,1251,birthday-wishes-for-someone-special-with-name,0.33
birthday cake with name hassan,1,1,1251,birthday-wishes-for-someone-special-with-name,0.33
birthday cake with name online,1,1,1251,birthday-wishes-for-someone-special-with-name,0.33
birthday surprise wishes,1,1,1251,birthday-wishes-for-junior,0.33
birthday surprises in bangalore,1,1,1251,national-girlfriend-day,0.11
birthday decoration event management near me,1,1,1251,custom-background-track-valentine-event-page-builder,0.14
birthday decoration hubli,1,1,1251,,0.0
birthday decoration udupi,1,1,1251,,0.0
birthday decoration varthur,1,1,1251,,0.0
birthday decoration yelahanka,1,1,1251,,0.0
birthday photo frame ai prompt,1,1,1250,birthday-photo-frame-template,0.33
birthday photo frame collage,1,1,1250,birthday-photo-frame-template,0.33
birthday photo frame free online,1,1,1250,birthday-photo-frame-template,0.33
birthday photo frame hd,1,1,1250,birthday-photo-frame-template,0.33
birthday photo frame images,1,1,1250,birthday-photo-frame-template,0.33
birthday photo frame july,1,1,1250,birthday-photo-frame-template,0.33
birthday photo frame kids,1,1,1250,birthday-photo-frame-template,0.33
birthday photo frame love,1,1,1250,birthday-photo-frame-template,0.33
birthday photo frame maker,1,1,1250,birthday-photo-frame-template,0.33
birthday photo frame near me,1,1,1250,birthday-photo-frame-template,0.33
birthday photo frame quotes,1,1,1250,birthday-photo-frame-template,0.33
birthday photo frame resin art,1,1,1250,birthday-photo-frame-template,0.33
birthday photo frame size,1,1,1250,birthday-photo-frame-template,0.33
birthday photo frame trending,1,1,1250,birthday-photo-frame-template,0.33
birthday photo frame unique design,1,1,1250,birthday-photo-frame-template,0.33
birthday photo frame vector,1,1,1250,birthday-photo-frame-template,0.33
birthday decoration ideas at home easy and simple,1,1,1250,birthday-gift-for-mom-online,0.25
birthday decoration ideas at home golden and black,1,1,1250,black-and-gold-birthday-invitation-template,0.14
birthday decoration ideas at home images,1,1,1250,,0.0
birthday decoration ideas at home on floor,1,1,1250,,0.0
birthday decoration ideas at home ribbon,1,1,1250,,0.0
birthday decoration ideas at home terrace,1,1,1250,,0.0
birthday cake with name bobby,1,1,1250,birthday-wishes-for-someone-special-with-name,0.33
birthday cake with name chandni,1,1,1250,birthday-wishes-for-someone-special-with-name,0.33
birthday cake with name hamza,1,1,1250,birthday-wishes-for-someone-special-with-name,0.33
birthday cake with name jyoti,1,1,1250,birthday-wishes-for-someone-special-with-name,0.33
birthday cake with name kiran,1,1,1250,birthday-wishes-for-someone-special-with-name,0.33
birthday cake with name laiba,1,1,1250,birthday-wishes-for-someone-special-with-name,0.33
birthday cake with name muskan,1,1,1250,birthday-wishes-for-someone-special-with-name,0.33
birthday cake with name photo,1,1,1250,raksha-bandhan-wishes-with-name-and-photo,0.4
birthday cake with name raju,1,1,1250,birthday-wishes-for-someone-special-with-name,0.33
birthday cake with name wishes,1,1,1250,birthday-wishes-for-someone-special-with-name,0.33
birthday cake with name yuvraj,1,1,1250,birthday-wishes-for-someone-special-with-name,0.33
birthday cake with name zainab,1,1,1250,birthday-wishes-for-someone-special-with-name,0.33
birthday surprise at home,1,1,1250,birthday-wishes-for-junior,0.33
birthday surprise box,1,1,1250,birthday-wishes-for-junior,0.33
birthday surprise caption,1,1,1250,birthday-wishes-for-junior,0.33
birthday surprise decoration,1,1,1250,birthday-wishes-for-junior,0.33
birthday surprise event planner,1,1,1250,birthday-wishes-for-junior,0.33
birthday surprise free link,1,1,1250,birthday-wishes-for-junior,0.33
birthday surprise jammu,1,1,1250,birthday-wishes-for-junior,0.33
birthday surprise near me,1,1,1250,birthday-wishes-for-junior,0.33
birthday surprise on road,1,1,1250,birthday-wishes-for-junior,0.33
birthday surprise quotes,1,1,1250,birthday-wishes-for-junior,0.33
birthday surprise template capcut,1,1,1250,birthday-wishes-for-junior,0.33
birthday surprise video,1,1,1250,birthday-wishes-for-junior,0.33
birthday surprise website free,1,1,1250,birthday-wishes-for-junior,0.33
birthday song with name hindi,1,1,1250,raksha-bandhan-history-in-hindi,0.25
birthday decoration balloons,1,1,1250,,0.0
birthday decoration design,1,1,1250,birthday-banner-design-template,0.2
birthday decoration easy,1,1,1250,birthday-gift-for-mom-online,0.25
birthday decoration girl,1,1,1250,birthday-invitation-template-for-girl,0.17
birthday decoration home,1,1,1250,,0.0
birthday decoration jayanagar,1,1,1250,,0.0
birthday decoration lights,1,1,1250,,0.0
birthday decoration mysore,1,1,1250,,0.0
birthday decoration outdoor,1,1,1250,,0.0
birthday decoration quotes,1,1,1250,rakhi-quotes-one-liners-for-instagram,0.2
birthday decoration room,1,1,1250,private-cloud-note-storage-room-layout-for-dual-couple-synch,0.09
birthday decoration theme,1,1,1250,anime-theme-dynamic-proposal-webpage-maker-free,0.17
birthday decoration unicorn theme,1,1,1250,anime-theme-dynamic-proposal-webpage-maker-free,0.17
birthday decoration video,1,1,1250,birthday-video-template-free,0.2
birthday decoration whitefield,1,1,1250,,0.0
birthday decoration yellow theme,1,1,1250,anime-theme-dynamic-proposal-webpage-maker-free,0.17
birthday decoration zepto,1,1,1250,,0.0
birthday decoration ideas at home baby boy,1,1,1200,birthday-invitation-template-for-boy,0.14
birthday decoration gulbarga,1,1,1200,,0.0
birthday decoration material,1,1,1200,,0.0
birthday decoration hall near me,1,1,1151,forgive-me-please-custom-response-button-mobile,0.14
birthday decoration hassan,1,1,1150,,0.0
birthday decoration jungle theme,1,1,1150,anime-theme-dynamic-proposal-webpage-maker-free,0.17
birthday cake with name kids,1,1,1100,birthday-wishes-for-someone-special-with-name,0.33
birthday decoration dharwad,1,1,1100,,0.0
birthday decoration vendor near me,1,1,1100,forgive-me-please-custom-response-button-mobile,0.14
birthday surprise gift ideas,1,1,1051,birthday-wishes-for-junior,0.33
birthday decoration davangere,1,1,1051,,0.0
birthday cake with name shivani,1,1,1050,birthday-wishes-for-someone-special-with-name,0.33
birthday surprise kaise de,1,1,1050,birthday-wishes-for-junior,0.33
birthday decoration drawing,1,1,1050,,0.0
birthday decoration theme for boy,1,1,1050,anime-theme-dynamic-proposal-webpage-maker-free,0.17
birthday cake with name mona,1,1,1001,birthday-wishes-for-someone-special-with-name,0.33
birthday cake with name hoorain,1,1,1000,birthday-wishes-for-someone-special-with-name,0.33
birthday cake with name meenu,1,1,1000,birthday-wishes-for-someone-special-with-name,0.33
birthday decoration unique,1,1,1000,unique-birthday-gift-ideas-for-girlfriend,0.33
birthday decoration ideas at home boy,1,1,951,birthday-invitation-template-for-boy,0.14
birthday cake with name ritu,1,1,951,birthday-wishes-for-someone-special-with-name,0.33
birthday photo frame sister,1,1,950,birthday-photo-frame-template,0.33
birthday cake with name pooja,1,1,950,birthday-wishes-for-someone-special-with-name,0.33
birthday cake with name rashmi,1,1,950,birthday-wishes-for-someone-special-with-name,0.33
birthday surprise decoration for husband,1,1,950,birthday-wishes-for-husband,0.4
birthday surprise hotel,1,1,950,birthday-wishes-for-junior,0.33
birthday cake with name priya,1,1,900,birthday-wishes-for-someone-special-with-name,0.33
birthday surprise jaipur,1,1,900,birthday-wishes-for-junior,0.33
birthday photo frame girl,1,1,850,birthday-photo-frame-template,0.33
birthday photo frame kitne ka banta hai,1,1,850,birthday-photo-frame-template,0.33
birthday photo frame light,1,1,850,birthday-photo-frame-template,0.33
birthday cake with name manu,1,1,850,birthday-wishes-for-someone-special-with-name,0.33
birthday cake with name sonu,1,1,850,birthday-wishes-for-someone-special-with-name,0.33
birthday surprise husband,1,1,850,birthday-wishes-for-husband,0.4
birthday surprise quotes for husband,1,1,850,birthday-wishes-for-husband,0.4
birthday photo frame link,1,1,801,birthday-photo-frame-template,0.33
birthday photo frame models,1,1,801,birthday-photo-frame-template,0.33
birthday photo frame baby,1,1,800,birthday-photo-frame-template,0.33
birthday photo frame layout,1,1,800,birthday-photo-frame-template,0.33
birthday photo frame new model,1,1,800,birthday-photo-frame-template,0.33
birthday decoration ideas at home photo,1,1,800,raksha-bandhan-wishes-with-name-and-photo,0.2
birthday cake with name divya,1,1,800,birthday-wishes-for-someone-special-with-name,0.33
birthday cake with name order online,1,1,800,birthday-wishes-for-someone-special-with-name,0.33
birthday cake with name sunita,1,1,800,birthday-wishes-for-someone-special-with-name,0.33
birthday surprise restaurant,1,1,800,birthday-wishes-for-junior,0.33
birthday surprise service,1,1,800,birthday-wishes-for-junior,0.33
birthday surprise team in bangalore,1,1,800,birthday-wishes-for-junior,0.33
birthday decoration goa,1,1,800,,0.0
birthday decoration pinterest,1,1,800,,0.0
birthday decoration shop bangalore,1,1,800,,0.0
birthday decoration under 2000,1,1,800,budget-birthday-gift-ideas-under-500,0.25
birthday decoration yellow,1,1,800,what-do-yellow-roses-mean,0.12
birthday photo frame aesthetic,1,1,750,birthday-photo-frame-template,0.33
birthday photo frame gift ideas,1,1,750,birthday-photo-frame-template,0.33
birthday decoration ideas at home bow,1,1,750,,0.0
birthday cake with name varsha,1,1,750,birthday-wishes-for-someone-special-with-name,0.33
birthday surprise video ideas,1,1,750,birthday-wishes-for-junior,0.33
birthday surprise meaning in hindi,1,1,703,raksha-bandhan-history-in-hindi,0.25
birthday photo frame heart shape,1,1,702,birthday-photo-frame-template,0.33
birthday surprise message,1,1,702,birthday-surprise-message-with-password,0.33
birthday decoration meesho,1,1,702,,0.0
birthday photo frame handmade,1,1,701,birthday-photo-frame-template,0.33
birthday photo frame single photo,1,1,701,birthday-photo-frame-template,0.33
birthday surprise cake,1,1,701,birthday-wishes-for-junior,0.33
birthday surprise gift for wife,1,1,701,birthday-wishes-for-junior,0.33
birthday surprise maker,1,1,701,birthday-wishes-for-junior,0.33
birthday decoration mangalore,1,1,701,,0.0
birthday decoration ribbon,1,1,701,,0.0
birthday photo frame hd download,1,1,700,birthday-photo-frame-template,0.33
birthday photo frame story,1,1,700,birthday-photo-frame-template,0.33
birthday cake with name disha,1,1,700,birthday-wishes-for-someone-special-with-name,0.33
birthday cake with name isha,1,1,700,birthday-wishes-for-someone-special-with-name,0.33
birthday cake with name rani,1,1,700,birthday-wishes-for-someone-special-with-name,0.33
birthday surprise card,1,1,700,birthday-wishes-for-junior,0.33
birthday surprise gift for husband,1,1,700,birthday-wishes-for-husband,0.4
birthday surprise link free,1,1,700,birthday-wishes-for-junior,0.33
birthday surprise me,1,1,700,birthday-wishes-for-junior,0.33
birthday decoration hospet,1,1,700,,0.0
birthday decoration material shop near me,1,1,700,forgive-me-please-custom-response-button-mobile,0.14
birthday decoration ring,1,1,700,,0.0
birthday decoration things,1,1,700,things-to-do-on-girlfriend-day,0.14
birthday surprise booking,1,1,652,birthday-wishes-for-junior,0.33
birthday cake with name sandeep,1,1,651,birthday-wishes-for-someone-special-with-name,0.33
birthday surprise by husband caption,1,1,651,birthday-wishes-for-husband,0.4
birthday surprise delivery,1,1,651,birthday-wishes-for-junior,0.33
birthday decoration curtains,1,1,651,,0.0
birthday decoration round stand,1,1,651,,0.0
birthday cake with name poonam,1,1,650,birthday-wishes-for-someone-special-with-name,0.33
birthday cake with name swati,1,1,650,birthday-wishes-for-someone-special-with-name,0.33
birthday surprise by friends quotes,1,1,650,birthday-surprise-message-with-password,0.33
birthday surprise decoration at home,1,1,650,birthday-wishes-for-junior,0.33
birthday surprise room decoration,1,1,650,birthday-wishes-for-junior,0.33
birthday surprise song,1,1,650,birthday-wishes-for-junior,0.33
birthday surprise thought,1,1,650,birthday-wishes-for-junior,0.33
birthday decoration banner,1,1,650,birthday-banner-design-template,0.2
birthday decoration contact number,1,1,650,,0.0
birthday decoration jhalar,1,1,650,,0.0
birthday decoration restaurant,1,1,650,,0.0
birthday photo frame customized,1,1,606,birthday-photo-frame-template,0.33
birthday photo frame calendar,1,1,605,birthday-photo-frame-template,0.33
birthday photo frame collage design,1,1,604,birthday-photo-frame-template,0.33
birthday decoration online,1,1,604,,0.0
birthday decoration online booking,1,1,604,,0.0
birthday photo frame caption,1,1,603,birthday-photo-frame-template,0.33
birthday surprise restaurant near me,1,1,603,birthday-wishes-for-chachu,0.25
birthday decoration lights price,1,1,603,,0.0
birthday decoration on terrace,1,1,603,,0.0
birthday decoration online order,1,1,603,bouquet-for-girlfriend-online,0.17
birthday photo frame ai,1,1,602,birthday-photo-frame-template,0.33
birthday photo frame chatgpt prompt,1,1,602,birthday-photo-frame-template,0.33
birthday photo frame gemini prompt,1,1,602,birthday-photo-frame-template,0.33
birthday photo frame landscape,1,1,602,birthday-photo-frame-template,0.33
birthday decoration ideas at home price,1,1,602,,0.0
birthday decoration ideas at home simple for boy,1,1,602,birthday-itinerary-template,0.2
birthday cake with name pic,1,1,602,birthday-wishes-for-someone-special-with-name,0.33
birthday cake with name shreya,1,1,602,birthday-wishes-for-someone-special-with-name,0.33
birthday surprise decoration ideas,1,1,602,birthday-wishes-for-junior,0.33
birthday surprise restaurant bangalore,1,1,602,birthday-wishes-for-junior,0.33
birthday surprise spinner,1,1,602,birthday-wishes-for-junior,0.33
birthday decoration background,1,1,602,animated-milestone-anniversary-page-generator,0.17
birthday decoration car,1,1,602,,0.0
birthday decoration devanahalli,1,1,602,,0.0
birthday decoration event planner,1,1,602,birthday-party-planner-template,0.14
birthday decoration on board with chalk,1,1,602,birthday-milestone-board-template,0.14
birthday decoration online shopping,1,1,602,,0.0
birthday decoration yellow and black,1,1,602,black-and-gold-birthday-invitation-template,0.14
birth date meaning personality,1,1,601,girlfriend-day-date,0.2
birth date reveals personality,1,1,601,girlfriend-day-date,0.2
birthday date number personality,1,1,601,girlfriend-day-date,0.2
birthday calendar photo frame 2026,1,1,601,birthday-photo-frame-template,0.33
birthday photo frame 1 year,1,1,601,birthday-photo-frame-template,0.33
birthday photo frame app free download for android,1,1,601,birthday-photo-frame-template,0.33
birthday photo frame august,1,1,601,birthday-photo-frame-template,0.33
birthday photo frame couple,1,1,601,birthday-photo-frame-template,0.33
birthday photo frame date,1,1,601,birthday-photo-frame-template,0.33
birthday photo frame free app,1,1,601,birthday-photo-frame-template,0.33
birthday photo frame friend,1,1,601,birthday-photo-frame-template,0.33
birthday photo frame girlfriend,1,1,601,birthday-photo-frame-template,0.33
birthday photo frame how to make,1,1,601,birthday-photo-frame-template,0.33
birthday photo frame in meesho,1,1,601,birthday-photo-frame-template,0.33
birthday photo frame january,1,1,601,birthday-photo-frame-template,0.33
birthday photo frame khali,1,1,601,birthday-photo-frame-template,0.33
birthday photo frame life partner,1,1,601,birthday-photo-frame-template,0.33
birthday photo frame my love,1,1,601,birthday-photo-frame-template,0.33
birthday photo frame new style,1,1,601,birthday-photo-frame-template,0.33
birthday photo frame price,1,1,601,birthday-photo-frame-template,0.33
birthday photo frame quotes for special person,1,1,601,birthday-photo-frame-template,0.33
birthday photo frame resin,1,1,601,birthday-photo-frame-template,0.33
birthday photo frame small size,1,1,601,birthday-photo-frame-template,0.33
birthday photo frame theme,1,1,601,birthday-photo-frame-template,0.33
birthday photo frame video,1,1,601,birthday-photo-frame-template,0.33
happy birthday photo frame,1,1,601,birthday-photo-frame-template,0.33
happy birthday photo frame best friend,1,1,601,birthday-photo-frame-template,0.33
birthday decoration ideas at home baby,1,1,601,,0.0
birthday decoration ideas at home for best friend,1,1,601,birthday-wishes-for-school-friend,0.25
birthday decoration ideas at home for dad,1,1,601,miss-you-message-for-dad,0.12
birthday decoration ideas at home for husband simple,1,1,601,birthday-itinerary-template,0.2
birthday decoration ideas at home girl,1,1,601,birthday-invitation-template-for-girl,0.17
birthday decoration ideas at home hall,1,1,601,,0.0
birthday decoration ideas at home jungle theme,1,1,601,anime-theme-dynamic-proposal-webpage-maker-free,0.17
birthday decoration ideas at home kids,1,1,601,kids-birthday-invitation-template,0.17
birthday decoration ideas at home making,1,1,601,birthday-surprise-website-for-boyfriend,0.12
birthday decoration ideas at home multicolor balloons,1,1,601,,0.0
birthday decoration ideas at home online,1,1,601,,0.0
birthday decoration ideas at home only with balloons,1,1,601,,0.0
birthday decoration ideas at home pink,1,1,601,aesthetic-minimalist-pastel-pink-love-message-grid,0.14
birthday decoration ideas at home red and white balloons,1,1,601,what-do-white-roses-mean,0.14
birthday decoration ideas at home simple for girl,1,1,601,birthday-itinerary-template,0.2
birthday decoration ideas at home table,1,1,601,,0.0
birthday decoration ideas at home theme,1,1,601,anime-theme-dynamic-proposal-webpage-maker-free,0.17
birthday decoration ideas at home under ₹ 100,1,1,601,budget-birthday-gift-ideas-under-500,0.25
birthday decoration ideas at home video,1,1,601,birthday-video-template-free,0.2
birthday decoration ideas at home youtube,1,1,601,,0.0
birthday party ideas at home adults,1,1,601,birthday-party-invitation-template,0.25
quick birthday decoration ideas at home,1,1,601,birthday-intro-template-free-download,0.2
simple birthday decoration ideas at home without balloons,1,1,601,birthday-itinerary-template,0.2
spiderman birthday decoration ideas at home easy,1,1,601,birthday-gift-for-mom-online,0.25
birthday cake name template,1,1,601,birthday-cake-topper-template,0.4
birthday cake photo with name app,1,1,601,raksha-bandhan-wishes-with-name-and-photo,0.4
birthday cake with name baby,1,1,601,birthday-wishes-for-someone-special-with-name,0.33
birthday cake with name com,1,1,601,birthday-wishes-for-someone-special-with-name,0.33
birthday cake with name deepa,1,1,601,birthday-wishes-for-someone-special-with-name,0.33
birthday cake with name free,1,1,601,birthday-wishes-for-someone-special-with-name,0.33
birthday cake with name gif,1,1,601,birthday-wishes-for-someone-special-with-name,0.33
birthday cake with name hina,1,1,601,birthday-wishes-for-someone-special-with-name,0.33
birthday cake with name images free,1,1,601,birthday-wishes-for-someone-special-with-name,0.33
birthday cake with name joy,1,1,601,birthday-wishes-for-someone-special-with-name,0.33
birthday cake with name kavita,1,1,601,birthday-wishes-for-someone-special-with-name,0.33
birthday cake with name love,1,1,601,birthday-wishes-for-love-with-name,0.4
birthday cake with name manisha,1,1,601,birthday-wishes-for-someone-special-with-name,0.33
birthday cake with name online order,1,1,601,birthday-wishes-for-someone-special-with-name,0.33
birthday cake with name priyanka,1,1,601,birthday-wishes-for-someone-special-with-name,0.33
birthday cake with name quotes,1,1,601,birthday-wishes-for-someone-special-with-name,0.33
birthday cake with name rabia,1,1,601,birthday-wishes-for-someone-special-with-name,0.33
birthday cake with name sandhya,1,1,601,birthday-wishes-for-someone-special-with-name,0.33
birthday cake with name tanvi,1,1,601,birthday-wishes-for-someone-special-with-name,0.33
birthday cake with name umair,1,1,601,birthday-wishes-for-someone-special-with-name,0.33
birthday cake with name vaishali,1,1,601,birthday-wishes-for-someone-special-with-name,0.33
birthday cake with name winni cakes and more,1,1,601,birthday-cake-topper-template,0.2
birthday cake with name yash,1,1,601,birthday-wishes-for-someone-special-with-name,0.33
birthday cake with name zoya,1,1,601,birthday-wishes-for-someone-special-with-name,0.33
birthday cake with no name,1,1,601,birthday-wishes-for-someone-special-with-name,0.33
happy birthday cake with name,1,1,601,birthday-wishes-for-someone-special-with-name,0.33
birthday gift 2026,1,1,601,online-birthday-gift-for-boyfriend,0.33
birthday gift maker,1,1,601,letter-bouquet-maker,0.33
birthday gift yesstyle,1,1,601,online-birthday-gift-for-boyfriend,0.33
birthday surprise activities,1,1,601,birthday-wishes-for-junior,0.33
birthday surprise appreciation post,1,1,601,birthday-wishes-for-junior,0.33
birthday surprise bouquet,1,1,601,digital-bouquet-for-best-friend,0.4
birthday surprise celebration,1,1,601,birthday-wishes-for-junior,0.33
birthday surprise delhi,1,1,601,birthday-wishes-for-junior,0.33
birthday surprise explosion box,1,1,601,birthday-wishes-for-junior,0.33
birthday surprise free website,1,1,601,birthday-wishes-for-junior,0.33
birthday surprise gift ideas for husband,1,1,601,birthday-wishes-for-husband,0.4
birthday surprise hamper,1,1,601,birthday-wishes-for-junior,0.33
birthday surprise jalandhar,1,1,601,birthday-wishes-for-junior,0.33
birthday surprise kids,1,1,601,birthday-wishes-for-junior,0.33
birthday surprise midnight,1,1,601,birthday-wishes-for-junior,0.33
birthday surprise online ideas,1,1,601,birthday-wishes-for-junior,0.33
birthday surprise places near me,1,1,601,birthday-wishes-for-chachu,0.25
birthday surprise quotes for me,1,1,601,birthday-wishes-for-junior,0.33
birthday surprise song download,1,1,601,birthday-wishes-for-junior,0.33
birthday surprise thank you message for friends,1,1,601,birthday-surprise-message-with-password,0.33
birthday surprise using html code,1,1,601,birthday-wishes-for-chachu,0.25
birthday surprise with panda near me,1,1,601,birthday-wishes-for-chachu,0.25
birthday surprise without cake,1,1,601,birthday-wishes-for-junior,0.33
birthday surprise zurich,1,1,601,birthday-wishes-for-junior,0.33
happy birthday surprise link,1,1,601,birthday-wishes-for-junior,0.33
is it birthday surprise or surprise birthday,1,1,601,birthday-wishes-for-junior,0.33
surprise birthday template free download,1,1,601,birthday-wishes-for-junior,0.33
what can i do for birthday surprise,1,1,601,birthday-wishes-for-junior,0.33
what surprise birthday ideas,1,1,601,birthday-wishes-for-junior,0.33
when birthday gift,1,1,601,online-birthday-gift-for-boyfriend,0.33
who birthday gift,1,1,601,online-birthday-gift-for-boyfriend,0.33
why birthday gift,1,1,601,online-birthday-gift-for-boyfriend,0.33
birthday song using name,1,1,601,birthday-wishes-for-someone-special-with-name,0.33
birthday song with her name,1,1,601,birthday-wishes-for-someone-special-with-name,0.33
birthday song with name com,1,1,601,birthday-wishes-for-someone-special-with-name,0.33
birthday song with name lyrics,1,1,601,birthday-wishes-for-someone-special-with-name,0.33
birthday song with name photo,1,1,601,raksha-bandhan-wishes-with-name-and-photo,0.4
birthday song with name tamil,1,1,601,miss-you-quotes-in-tamil,0.17
birthday song with name video,1,1,601,birthday-wishes-for-someone-special-with-name,0.33
birthday song with name website,1,1,601,birthday-wishes-for-someone-special-with-name,0.33
happy birthday song with name app,1,1,601,birthday-wishes-for-someone-special-with-name,0.33
happy birthday song with name evelyn,1,1,601,birthday-wishes-for-someone-special-with-name,0.33
happy birthday song with name j,1,1,601,birthday-wishes-for-someone-special-with-name,0.33
happy birthday song with name ringtone download,1,1,601,birthday-wishes-for-someone-special-with-name,0.33
happy birthday song with name zainab,1,1,601,birthday-wishes-for-someone-special-with-name,0.33
i birthday song with name,1,1,601,birthday-wishes-for-someone-special-with-name,0.33
birthday decoration app download,1,1,601,love-milestones-timer-page,0.14
birthday decoration best ideas,1,1,601,,0.0
birthday decoration boys,1,1,601,,0.0
birthday decoration candles,1,1,601,,0.0
birthday decoration design at home,1,1,601,birthday-banner-design-template,0.2
birthday decoration easy ideas at home,1,1,601,birthday-gift-for-mom-online,0.25
birthday decoration freepik,1,1,601,,0.0
birthday decoration golden,1,1,601,,0.0
birthday decoration home ideas,1,1,601,,0.0
birthday decoration jp nagar,1,1,601,,0.0
birthday decoration kit online,1,1,601,,0.0
birthday decoration love,1,1,601,birthday-wishes-for-love-with-name,0.2
birthday decoration maker near me,1,1,601,interactive-digital-love-letter-maker-online-free,0.2
birthday decoration mandya,1,1,601,,0.0
birthday decoration on bed,1,1,601,,0.0
birthday decoration online booking near me,1,1,601,forgive-me-please-custom-response-button-mobile,0.14
birthday decoration pictures,1,1,601,,0.0
birthday decoration quick delivery,1,1,601,birthday-intro-template-free-download,0.2
birthday decoration ring stand,1,1,601,,0.0
birthday decoration stand,1,1,601,,0.0
birthday decoration tape,1,1,601,,0.0
birthday decoration under 100,1,1,601,budget-birthday-gift-ideas-under-500,0.25
birthday decoration vendor,1,1,601,,0.0
birthday decoration yamunanagar,1,1,601,,0.0
birthday decoration zirakpur,1,1,601,,0.0
birthday design template,1,1,601,birthday-banner-design-template,0.4
birthday party 2026,1,1,601,birthday-party-invitation-template,0.25
birthday party xscape,1,1,601,birthday-party-invitation-template,0.25
can i bring birthday decorations on carnival cruise,1,1,601,birthday-flyer-template,0.14
happy birthday decoration,1,1,601,,0.0
is it birthday party,1,1,601,birthday-party-invitation-template,0.25
what birthday decorations,1,1,601,,0.0
when birthday party,1,1,601,birthday-party-invitation-template,0.25
which birthday party,1,1,601,birthday-party-invitation-template,0.25
who's birthday party,1,1,601,birthday-party-invitation-template,0.25
why birthday party,1,1,601,birthday-party-invitation-template,0.25
best birthday numerology,1,1,601,,0.0
birth chart numerology maker,1,1,601,birthday-seating-chart-template,0.2
birth chart numerology online,1,1,601,birthday-seating-chart-template,0.2
birth date numerology,1,1,601,girlfriend-day-date,0.2
birth number 2026,1,1,601,how-to-create-free-digital-birthday-invitation,0.25
birth numerology numbers,1,1,601,birth-month-flowers-and-meanings,0.17
birthday and numerology,1,1,601,,0.0
birthday applied numerology,1,1,601,,0.0
birthday number balloons,1,1,601,,0.0
birthday number effect,1,1,601,cute-typing-effect-love-letter-page-for-girlfriend,0.14
birthday number jersey,1,1,601,,0.0
birthday number kmart,1,1,601,,0.0
birthday number one,1,1,601,birthday-gift-for-girlfriend-online,0.2
birthday number quotes,1,1,601,rakhi-quotes-one-liners-for-instagram,0.2
birthday number video,1,1,601,birthday-video-template-free,0.2
birthday number zero,1,1,601,zero-cost-relationship-archive-wife,0.14
birthday numerology free,1,1,601,,0.0
birthday numerology horoscope,1,1,601,,0.0
birthday numerology life path number,1,1,601,personalized-love-path-webpage-with-embedded-audio-timeline,0.14
birthday numerology reading,1,1,601,,0.0
birthday numerology tarot,1,1,601,,0.0
birthday significance numerology,1,1,601,,0.0
birthday uk number 1,1,1,601,,0.0
birthday year numerology,1,1,601,what-to-write-in-a-5-year-relationship-anniversary-letter,0.2
how to calculate birthday numerology,1,1,601,,0.0
numerology birthday gift,1,1,601,online-birthday-gift-for-boyfriend,0.33
numerology birthday personality,1,1,601,,0.0
what birthday number,1,1,601,,0.0
birth date color personality,1,1,600,girlfriend-day-date,0.2
birth date of famous personalities,1,1,600,girlfriend-day-date,0.2
birth date psychology personality,1,1,600,girlfriend-day-date,0.2
birthday personality by date,1,1,600,girlfriend-day-date,0.2
birthday gift photo frame quotes,1,1,600,birthday-photo-frame-template,0.33
birthday photo frame a4 size,1,1,600,birthday-photo-frame-template,0.33
birthday photo frame big size,1,1,600,birthday-photo-frame-template,0.33
birthday photo frame children,1,1,600,birthday-photo-frame-template,0.33
birthday photo frame design 2026,1,1,600,birthday-photo-frame-template,0.33
birthday photo frame freepik,1,1,600,birthday-photo-frame-template,0.33
birthday photo frame gift design,1,1,600,birthday-photo-frame-template,0.33
birthday photo frame homemade,1,1,600,birthday-photo-frame-template,0.33
birthday photo frame in love,1,1,600,birthday-photo-frame-template,0.33
birthday photo frame june month,1,1,600,birthday-photo-frame-template,0.33
birthday photo frame kannada,1,1,600,raksha-bandhan-wishes-in-kannada,0.2
birthday photo frame led,1,1,600,birthday-photo-frame-template,0.33
birthday photo frame november,1,1,600,birthday-photo-frame-template,0.33
birthday photo frame round,1,1,600,birthday-photo-frame-template,0.33
birthday photo frame simple,1,1,600,birthday-photo-frame-template,0.33
birthday photo frame under 150,1,1,600,birthday-photo-frame-template,0.33
birthday photo frame video download,1,1,600,birthday-photo-frame-template,0.33
birthday year photo frame,1,1,600,birthday-photo-frame-template,0.33
happy birthday photo frame design,1,1,600,birthday-photo-frame-template,0.33
best birthday decoration ideas at home,1,1,600,,0.0
birthday decoration ideas at home garden,1,1,600,,0.0
birthday decoration ideas at home hard,1,1,600,rakhi-messages-for-sister-from-brother,0.12
birthday decoration ideas at home love,1,1,600,birthday-wishes-for-love-with-name,0.2
birthday decoration ideas at home material,1,1,600,,0.0
birthday decoration ideas at home meesho,1,1,600,,0.0
birthday decoration ideas at home outdoor,1,1,600,,0.0
birthday decoration ideas at home red and white,1,1,600,what-do-white-roses-mean,0.14
birthday decoration ideas at home small,1,1,600,,0.0
birthday decoration ideas at home trending,1,1,600,,0.0
birthday decoration ideas at home very simple,1,1,600,birthday-itinerary-template,0.2
birthday party ideas at home for husband,1,1,600,birthday-party-invitation-template,0.25
birthday party ideas at home kids,1,1,600,birthday-party-invitation-template,0.25
boy birthday decoration ideas at home easy,1,1,600,birthday-gift-for-mom-online,0.25
simple birthday decoration ideas at home diy,1,1,600,birthday-itinerary-template,0.2
birthday cake name appu,1,1,600,birthday-wishes-for-someone-special-with-name,0.33
birthday cake with name boy,1,1,600,birthday-wishes-for-someone-special-with-name,0.33
birthday cake with name cartoon,1,1,600,birthday-wishes-for-someone-special-with-name,0.33
birthday cake with name download free,1,1,600,birthday-wishes-for-someone-special-with-name,0.33
birthday cake with name free edit,1,1,600,birthday-wishes-for-someone-special-with-name,0.33
birthday cake with name girl,1,1,600,birthday-wishes-for-someone-special-with-name,0.33
birthday cake with name hafsa,1,1,600,birthday-wishes-for-someone-special-with-name,0.33
birthday cake with name images download,1,1,600,birthday-wishes-for-someone-special-with-name,0.33
birthday cake with name javeria,1,1,600,birthday-wishes-for-someone-special-with-name,0.33
birthday cake with name kaka,1,1,600,birthday-wishes-for-someone-special-with-name,0.33
birthday cake with name laila,1,1,600,birthday-wishes-for-someone-special-with-name,0.33
birthday cake with name minahil,1,1,600,birthday-wishes-for-someone-special-with-name,0.33
birthday cake with name neha,1,1,600,birthday-wishes-for-someone-special-with-name,0.33
birthday cake with name of,1,1,600,birthday-wishes-for-someone-special-with-name,0.33
birthday cake with name priti,1,1,600,birthday-wishes-for-someone-special-with-name,0.33
birthday cake with name qasim,1,1,600,birthday-wishes-for-someone-special-with-name,0.33
birthday cake with name rahul,1,1,600,birthday-wishes-for-someone-special-with-name,0.33
birthday cake with name saroj,1,1,600,birthday-wishes-for-someone-special-with-name,0.33
birthday cake with name to edit,1,1,600,birthday-wishes-for-someone-special-with-name,0.33
birthday cake with name usman,1,1,600,birthday-wishes-for-someone-special-with-name,0.33
birthday cake with name vicky,1,1,600,birthday-wishes-for-someone-special-with-name,0.33
birthday cake with name written,1,1,600,birthday-wishes-for-someone-special-with-name,0.33
birthday cake with name yogesh,1,1,600,birthday-wishes-for-someone-special-with-name,0.33
birthday cake with name zain,1,1,600,birthday-wishes-for-someone-special-with-name,0.33
birthday cake without name,1,1,600,birthday-wishes-for-someone-special-with-name,0.33
birthday freebies surprise az,1,1,600,birthday-wishes-for-junior,0.33
birthday gift 2026 ulta,1,1,600,online-birthday-gift-for-boyfriend,0.33
birthday gift maker online,1,1,600,letter-bouquet-maker,0.33
birthday gift yankee candle,1,1,600,online-birthday-gift-for-boyfriend,0.33
birthday gift zepto,1,1,600,online-birthday-gift-for-boyfriend,0.33
birthday surprise appreciation message,1,1,600,birthday-surprise-message-with-password,0.33
birthday surprise at doorstep,1,1,600,birthday-wishes-for-junior,0.33
birthday surprise bestie,1,1,600,birthday-wishes-for-junior,0.33
birthday surprise boyfriend,1,1,600,birthday-wishes-for-junior,0.33
birthday surprise cafe,1,1,600,birthday-wishes-for-junior,0.33
birthday surprise dinner near me,1,1,600,creative-online-invitation-page-candlelight-dinner,0.33
birthday surprise event planner near me,1,1,600,birthday-wishes-for-chachu,0.2
birthday surprise home delivery,1,1,600,birthday-wishes-for-junior,0.33
birthday surprise jb,1,1,600,birthday-wishes-for-junior,0.33
birthday surprise kaise dete hain,1,1,600,birthday-wishes-for-chachu,0.25
birthday surprise mini theatre,1,1,600,birthday-wishes-for-junior,0.33
birthday surprise near me for husband,1,1,600,birthday-wishes-for-husband,0.4
birthday surprise online delivery,1,1,600,birthday-wishes-for-junior,0.33
birthday surprise organisers,1,1,600,birthday-wishes-for-junior,0.33
birthday surprise planner near me,1,1,600,birthday-wishes-for-chachu,0.25
birthday surprise reply message,1,1,600,birthday-surprise-message-with-password,0.33
birthday surprise site,1,1,600,birthday-wishes-for-junior,0.33
birthday surprise ultimate slp,1,1,600,birthday-wishes-for-junior,0.33
birthday surprise vijayawada,1,1,600,birthday-wishes-for-junior,0.33
birthday surprise website github,1,1,600,birthday-wishes-for-junior,0.33
birthday surprise with cake,1,1,600,birthday-wishes-for-junior,0.33
birthday surprise without money,1,1,600,birthday-wishes-for-junior,0.33
happy birthday surprise link for whatsapp,1,1,600,birthday-wishes-for-junior,0.33
surprise birthday template free,1,1,600,birthday-wishes-for-junior,0.33
what birthday gift for friend,1,1,600,birthday-gift-ideas-for-best-friend,0.4
birthday song with kids name,1,1,600,birthday-wishes-for-someone-special-with-name,0.33
birthday song with name create,1,1,600,birthday-wishes-for-someone-special-with-name,0.33
birthday song with name female,1,1,600,birthday-wishes-for-someone-special-with-name,0.33
birthday song with name link,1,1,600,birthday-wishes-for-someone-special-with-name,0.33
birthday song with name telugu,1,1,600,raksha-bandhan-wishes-in-telugu,0.2
happy birthday song with name app free download,1,1,600,birthday-wishes-for-someone-special-with-name,0.33
happy birthday song with name bobby,1,1,600,birthday-wishes-for-someone-special-with-name,0.33
happy birthday song with name in urdu,1,1,600,maafi-shayari-in-urdu,0.17
happy birthday song with name jiya,1,1,600,birthday-wishes-for-someone-special-with-name,0.33
happy birthday song with name rahul,1,1,600,birthday-wishes-for-someone-special-with-name,0.33
happy birthday song with name sana,1,1,600,birthday-wishes-for-someone-special-with-name,0.33
happy birthday song with name video,1,1,600,birthday-wishes-for-someone-special-with-name,0.33
happy birthday song with name website,1,1,600,birthday-wishes-for-someone-special-with-name,0.33
zoom birthday song with name,1,1,600,birthday-wishes-for-someone-special-with-name,0.33
birthday decoration at home ideas,1,1,600,,0.0
birthday decoration bangalore near me,1,1,600,forgive-me-please-custom-response-button-mobile,0.14
birthday decoration best friend,1,1,600,birthday-wishes-for-school-friend,0.25
birthday decoration cake stand,1,1,600,birthday-cake-topper-template,0.2
birthday decoration diy,1,1,600,happy-birthday-banner-template-printable,0.14
birthday decoration electronic city,1,1,600,,0.0
birthday decoration free fire,1,1,600,,0.0
birthday decoration grand,1,1,600,,0.0
birthday decoration haveri,1,1,600,,0.0
birthday decoration jaipur,1,1,600,,0.0
birthday decoration kit instant delivery,1,1,600,digital-flower-delivery,0.17
birthday decoration latest,1,1,600,,0.0
birthday decoration music theme,1,1,600,anime-theme-dynamic-proposal-webpage-maker-free,0.17
birthday decoration online shopping in pakistan,1,1,600,,0.0
birthday decoration outside home,1,1,600,,0.0
birthday decoration price,1,1,600,,0.0
birthday decoration quotes for instagram,1,1,600,rakhi-quotes-one-liners-for-instagram,0.4
birthday decoration restaurant near me,1,1,600,forgive-me-please-custom-response-button-mobile,0.14
birthday decoration simple,1,1,600,birthday-itinerary-template,0.2
birthday decoration tumkur,1,1,600,,0.0
birthday decoration unique ideas,1,1,600,unique-birthday-gift-ideas-for-girlfriend,0.33
birthday decoration varanasi,1,1,600,,0.0
birthday decoration wall,1,1,600,best-romantic-virtual-memory-wall-templates-for-couples,0.17
birthday decoration without balloons at home,1,1,600,how-to-say-sorry-without-saying-sorry,0.25
birthday decoration yellow balloon,1,1,600,what-do-yellow-roses-mean,0.12
birthday decoration zalar,1,1,600,,0.0
birthday party appetizers,1,1,600,birthday-party-invitation-template,0.25
birthday party maker,1,1,600,birthday-party-invitation-template,0.25
birthday themes 2026,1,1,600,how-to-create-free-digital-birthday-invitation,0.25
can i take birthday decorations on a plane,1,1,600,birthday-flyer-template,0.14
happy birthday decoration at home,1,1,600,,0.0
is birthday decoration,1,1,600,,0.0
what birthday party ideas,1,1,600,birthday-party-invitation-template,0.25
which birthday party theme,1,1,600,birthday-party-invitation-template,0.25
xbox birthday decoration,1,1,600,,0.0
birth chart numerology free,1,1,600,birthday-seating-chart-template,0.2
birth numerology meaning,1,1,600,meaning-of-flowers-in-a-bouquet,0.2
birthdate numerology financial prosperity,1,1,600,,0.0
birthday day numerology,1,1,600,girlfriend-day-wishes-images-download,0.25
birthday name numerology calculator,1,1,600,birthday-wishes-for-someone-special-with-name,0.33
birthday number balloons near me,1,1,600,forgive-me-please-custom-response-button-mobile,0.14
birthday number earrings,1,1,600,,0.0
birthday number hire,1,1,600,,0.0
birthday number is 3,1,1,600,,0.0
birthday number jumper,1,1,600,,0.0
birthday number keep seeing,1,1,600,,0.0
birthday number one song,1,1,600,birthday-gift-for-girlfriend-online,0.2
birthday number word hike,1,1,600,birthday-invitation-template-word,0.12
birthday number yard signs,1,1,600,,0.0
birthday numerology life path,1,1,600,personalized-love-path-webpage-with-embedded-audio-timeline,0.14
birthday numerology number 8,1,1,600,,0.0
birthday numerology report,1,1,600,,0.0
birthday verse number,1,1,600,,0.0
numerology birthday and name calculator,1,1,600,birthday-wishes-for-someone-special-with-name,0.33
numerology birthday grid,1,1,600,interactive-grid-collage-creator-for-dating-anniversaries,0.17
numerology birthday prediction,1,1,600,,0.0
numerology birthday song match,1,1,600,how-to-make-an-emotional-apology-website-with-song-embed,0.17
numerology birthday today,1,1,600,free-digital-flowers,0.17
numerology using birthday,1,1,600,heal-fight-with-digital-memory-page,0.12
what's my birthday numerology,1,1,600,,0.0
which number birthday,1,1,600,raksha-bandhan-online-wishes,0.2
1st year birthday photo frame,1,1,562,birthday-photo-frame-template,0.33
happy birthday photo frame online,1,1,562,birthday-photo-frame-template,0.33
birthday decoration ideas at home for 1 year baby girl,1,1,562,what-to-write-in-a-5-year-relationship-anniversary-letter,0.2
birthday decoration ideas at home for kids girl,1,1,562,birthday-invitation-template-for-girl,0.17
birthday decoration ideas at home made,1,1,562,birthday-wishes-for-jiju,0.2
birthday decoration ideas at home new,1,1,562,,0.0
birthday decoration ideas at home under ₹ 200,1,1,562,budget-birthday-gift-ideas-under-500,0.25
best birthday cake with name,1,1,562,birthday-wishes-for-someone-special-with-name,0.33
birthday cake with name tanu,1,1,562,birthday-wishes-for-someone-special-with-name,0.33
birthday cake with name uzma,1,1,562,birthday-wishes-for-someone-special-with-name,0.33
happy birthday cake with name edit,1,1,562,birthday-wishes-for-someone-special-with-name,0.33
happy birthday cake with name online,1,1,562,birthday-wishes-for-someone-special-with-name,0.33
birthday best surprise for husband,1,1,562,birthday-wishes-for-husband,0.4
birthday gift ysl,1,1,562,online-birthday-gift-for-boyfriend,0.33
birthday gift zzz,1,1,562,online-birthday-gift-for-boyfriend,0.33
birthday surprise appreciation,1,1,562,birthday-wishes-for-junior,0.33
birthday surprise unique ideas,1,1,562,birthday-wishes-for-junior,0.33
birthday song with name creator,1,1,562,birthday-wishes-for-someone-special-with-name,0.33
birthday song with the name,1,1,562,birthday-wishes-for-someone-special-with-name,0.33
happy birthday song with name khushi,1,1,562,birthday-wishes-for-someone-special-with-name,0.33
happy birthday song with name lyrics,1,1,562,birthday-wishes-for-someone-special-with-name,0.33
happy birthday song with name rita,1,1,562,birthday-wishes-for-someone-special-with-name,0.33
happy birthday song with name shivansh,1,1,562,birthday-wishes-for-someone-special-with-name,0.33
happy birthday song with name video download,1,1,562,birthday-wishes-for-someone-special-with-name,0.33
happy birthday song with name whatsapp,1,1,562,birthday-wishes-for-someone-special-with-name,0.33
happy birthday song with names youtube channel,1,1,562,how-to-make-an-emotional-apology-website-with-song-embed,0.17
birthday decor free restaurant,1,1,562,,0.0
birthday design 2026,1,1,562,how-to-create-free-digital-birthday-invitation,0.25
birthday party application,1,1,562,birthday-party-invitation-template,0.25
birthday party best places,1,1,562,birthday-party-invitation-template,0.25
happy birthday decoration items,1,1,562,moving-items-dodge-no-response-proposal,0.11
birthday number boxes,1,1,562,unbranded-text-input-couple-feedback-loop,0.12
birthday number design,1,1,562,birthday-banner-design-template,0.2
birthday number font,1,1,562,,0.0
birthday number hire near me,1,1,562,forgive-me-please-custom-response-button-mobile,0.14
birthday number is 4,1,1,562,,0.0
birthday number lights,1,1,562,,0.0
birthday number ones uk,1,1,562,raksha-bandhan-wishes-with-emoji,0.12
birthday number plate,1,1,562,,0.0
birthday number rentals near me,1,1,562,forgive-me-please-custom-response-button-mobile,0.14
birthday number stick,1,1,562,,0.0
birthday number year,1,1,562,what-to-write-in-a-5-year-relationship-anniversary-letter,0.2
birthday numerology number 6,1,1,562,,0.0
birthday to numerology,1,1,562,,0.0
50 years birthday photo frame,1,1,561,birthday-photo-frame-template,0.33
birthday photo frame rate,1,1,561,birthday-photo-frame-template,0.33
birthday photo frame vn code,1,1,561,birthday-photo-frame-template,0.33
happy birthday photo frame with name,1,1,561,raksha-bandhan-wishes-with-name-and-photo,0.4
sister birthday photo frame quotes,1,1,561,birthday-photo-frame-template,0.33
birthday decoration ideas at home for 2 year girl,1,1,561,what-to-write-in-a-5-year-relationship-anniversary-letter,0.2
birthday decoration ideas at home men,1,1,561,,0.0
birthday decoration ideas at home name,1,1,561,birthday-wishes-for-someone-special-with-name,0.33
birthday decoration ideas at home on bed,1,1,561,,0.0
birthday decoration ideas at home under ₹ 350,1,1,561,budget-birthday-gift-ideas-under-500,0.25
birthday decoration ideas at home with colourful balloons,1,1,561,,0.0
birthday decoration ideas at home with dupatta,1,1,561,,0.0
birthday party ideas at home girls,1,1,561,birthday-party-invitation-template,0.25
simple birthday decoration ideas at home kids,1,1,561,birthday-itinerary-template,0.2
best birthday cake with name edit,1,1,561,birthday-wishes-for-someone-special-with-name,0.33
birthday cake with name chocolate,1,1,561,birthday-wishes-for-someone-special-with-name,0.33
birthday cake with name editor online free,1,1,561,birthday-wishes-for-someone-special-with-name,0.33
birthday cake with name jenny,1,1,561,birthday-wishes-for-someone-special-with-name,0.33
birthday cake with name lucky,1,1,561,birthday-wishes-for-someone-special-with-name,0.33
birthday cake with name nisha,1,1,561,birthday-wishes-for-someone-special-with-name,0.33
birthday cake with name tarun,1,1,561,birthday-wishes-for-someone-special-with-name,0.33
birthday cake with name umar,1,1,561,birthday-wishes-for-someone-special-with-name,0.33
birthday cake with name yogita,1,1,561,birthday-wishes-for-someone-special-with-name,0.33
birthday cake with name zohan,1,1,561,birthday-wishes-for-someone-special-with-name,0.33
happy birthday cake with name and photo,1,1,561,raksha-bandhan-wishes-with-name-and-photo,0.4
birthday best surprise,1,1,561,birthday-wishes-for-junior,0.33
birthday gift app,1,1,561,online-birthday-gift-for-boyfriend,0.33
birthday gift free,1,1,561,online-birthday-gift-for-boyfriend,0.33
birthday gift yourself,1,1,561,online-birthday-gift-for-boyfriend,0.33
birthday gift za,1,1,561,online-birthday-gift-for-boyfriend,0.33
birthday surprise events in hyderabad,1,1,561,birthday-wishes-for-junior,0.33
birthday surprise kaise kare,1,1,561,birthday-wishes-for-junior,0.33
birthday surprise note,1,1,561,birthday-wishes-for-junior,0.33
birthday surprise unique,1,1,561,birthday-wishes-for-junior,0.33
which birthday gift is best for best friend,1,1,561,birthday-gift-ideas-for-best-friend,0.4
birthday song name wala,1,1,561,birthday-wishes-for-someone-special-with-name,0.33
birthday song with custom name,1,1,561,birthday-wishes-for-someone-special-with-name,0.33
birthday song with own name,1,1,561,birthday-wishes-for-someone-special-with-name,0.33
epic birthday song with name,1,1,561,birthday-wishes-for-someone-special-with-name,0.33
happy birthday song with baby name,1,1,561,birthday-wishes-for-someone-special-with-name,0.33
happy birthday song with his name,1,1,561,birthday-wishes-for-someone-special-with-name,0.33
happy birthday song with name jadu leva,1,1,561,birthday-wishes-for-someone-special-with-name,0.25
happy birthday song with name kavya,1,1,561,birthday-wishes-for-someone-special-with-name,0.33
happy birthday song with name lily,1,1,561,birthday-wishes-for-someone-special-with-name,0.33
happy birthday song with name noel,1,1,561,birthday-wishes-for-someone-special-with-name,0.33
happy birthday song with name pooja,1,1,561,birthday-wishes-for-someone-special-with-name,0.33
happy birthday song with name riya,1,1,561,birthday-wishes-for-someone-special-with-name,0.33
happy birthday song with name sam,1,1,561,birthday-wishes-for-someone-special-with-name,0.33
happy birthday song with name vaishali,1,1,561,birthday-wishes-for-someone-special-with-name,0.33
happy birthday song with your name,1,1,561,birthday-wishes-for-someone-special-with-name,0.33
birthday decoration kit for girls,1,1,561,,0.0
birthday decoration near me with price,1,1,561,forgive-me-please-custom-response-button-mobile,0.14
birthday decoration qatar,1,1,561,,0.0
birthday decoration without wall,1,1,561,how-to-say-sorry-without-saying-sorry,0.25
birthday decoration zootopia,1,1,561,,0.0
birthday decorations free printable,1,1,561,birthday-banner-template-free-download,0.2
birthday party 2026 movie,1,1,561,birthday-party-invitation-template,0.25
birthday party appetizer ideas,1,1,561,birthday-party-invitation-template,0.25
birthday party best places near me,1,1,561,birthday-party-invitation-template,0.25
can i put birthday decorations in a hotel room,1,1,561,birthday-flyer-template,0.14
happy birthday decoration ideas,1,1,561,,0.0
birth year numerology,1,1,561,what-to-write-in-a-5-year-relationship-anniversary-letter,0.2
birthday ka number,1,1,561,,0.0
birthday name numerology,1,1,561,birthday-wishes-for-someone-special-with-name,0.33
birthday number balloons price,1,1,561,,0.0
birthday number decoration,1,1,561,,0.0
birthday number for cake,1,1,561,birthday-cake-topper-template,0.2
birthday number helium balloons,1,1,561,,0.0
birthday number is 1,1,1,561,,0.0
birthday number lights for hire,1,1,561,,0.0
birthday number one song uk,1,1,561,birthday-gift-for-girlfriend-online,0.2
birthday number photo collage,1,1,561,birthday-photo-collage-template-online,0.29
birthday number reading,1,1,561,,0.0
birthday number shadow photoshoot,1,1,561,,0.0
birthday number tattoo ideas,1,1,561,,0.0
birthday numerology number 4,1,1,561,,0.0
numerology birthday and name,1,1,561,birthday-wishes-for-someone-special-with-name,0.33
numerology birthday meaning calculator,1,1,561,meaning-of-flowers-in-a-bouquet,0.2
1 year birthday photo frame ideas,1,1,560,birthday-photo-frame-template,0.33
best friend birthday photo frame quotes,1,1,560,birthday-photo-frame-template,0.33
birthday gift photo frame best friend,1,1,560,birthday-gift-ideas-for-best-friend,0.4
birthday photo editor video,1,1,560,raksha-bandhan-video-maker-with-photo-and-music,0.22
birthday photo frame app install,1,1,560,birthday-photo-frame-template,0.33
birthday photo frame editing ideas,1,1,560,birthday-photo-frame-template,0.33
birthday photo frame maker with name,1,1,560,raksha-bandhan-wishes-with-name-and-photo,0.4
birthday photo frame one photo,1,1,560,birthday-photo-frame-template,0.33
birthday photo frame photo,1,1,560,birthday-photo-frame-template,0.33
happy birthday photo frame 2026,1,1,560,birthday-photo-frame-template,0.33
happy birthday photo frame online free,1,1,560,birthday-photo-frame-template,0.33
romantic birthday photo frame husband,1,1,560,birthday-photo-frame-template,0.33
birthday day decoration ideas at home,1,1,560,girlfriend-day-wishes-images-download,0.25
birthday decoration ideas at home for 4 year girl,1,1,560,what-to-write-in-a-5-year-relationship-anniversary-letter,0.2
birthday decoration ideas at home for mom,1,1,560,birthday-gift-for-mom-online,0.25
birthday decoration ideas at home in easy way,1,1,560,birthday-gift-for-mom-online,0.25
birthday decoration ideas at home on wall,1,1,560,best-romantic-virtual-memory-wall-templates-for-couples,0.17
birthday decoration ideas at home party decoration kits,1,1,560,birthday-party-invitation-template,0.25
birthday decoration ideas at home red and black,1,1,560,black-and-gold-birthday-invitation-template,0.14
birthday decoration ideas at home under ₹ 300,1,1,560,budget-birthday-gift-ideas-under-500,0.25
birthday decoration ideas at home with candles,1,1,560,,0.0
simple birthday decoration ideas at home low budget,1,1,560,birthday-itinerary-template,0.2
best birthday cake with name and photo,1,1,560,raksha-bandhan-wishes-with-name-and-photo,0.4
birthday cake photo with name online free,1,1,560,raksha-bandhan-wishes-with-name-and-photo,0.4
birthday cake with name and image,1,1,560,birthday-wishes-for-someone-special-with-name,0.33
birthday cake with name baby girl,1,1,560,birthday-wishes-for-someone-special-with-name,0.25
birthday cake with name candle,1,1,560,birthday-wishes-for-someone-special-with-name,0.33
birthday cake with name iqra,1,1,560,birthday-wishes-for-someone-special-with-name,0.33
birthday cake with name jay,1,1,560,birthday-wishes-for-someone-special-with-name,0.33
birthday cake with name karen,1,1,560,birthday-wishes-for-someone-special-with-name,0.33
birthday cake with name nitin,1,1,560,birthday-wishes-for-someone-special-with-name,0.33
birthday cake with name taha,1,1,560,birthday-wishes-for-someone-special-with-name,0.33
birthday cake with name uday images,1,1,560,birthday-wishes-for-someone-special-with-name,0.33
birthday cake with name veena,1,1,560,birthday-wishes-for-someone-special-with-name,0.33
birthday cake with name whatsapp,1,1,560,birthday-wishes-for-someone-special-with-name,0.33
birthday cake with name yasir,1,1,560,birthday-wishes-for-someone-special-with-name,0.33
birthday cake with name zohaib,1,1,560,birthday-wishes-for-someone-special-with-name,0.33
birthday gift appreciation message,1,1,560,online-birthday-gift-for-boyfriend,0.33
birthday gift best friend,1,1,560,birthday-gift-ideas-for-best-friend,0.4
birthday gift freebies,1,1,560,online-birthday-gift-for-boyfriend,0.33
birthday gift templates free,1,1,560,online-birthday-gift-for-boyfriend,0.33
birthday gift ulta,1,1,560,online-birthday-gift-for-boyfriend,0.33
birthday gift zara,1,1,560,online-birthday-gift-for-boyfriend,0.33
birthday surprise app,1,1,560,birthday-wishes-for-junior,0.33
birthday surprise events near me,1,1,560,birthday-wishes-for-chachu,0.25
birthday surprise hall,1,1,560,birthday-wishes-for-junior,0.33
birthday surprise johor bahru,1,1,560,birthday-wishes-for-junior,0.33
birthday surprise kolkata,1,1,560,birthday-wishes-for-junior,0.33
birthday surprise link for boyfriend,1,1,560,birthday-wishes-for-junior,0.33
birthday surprise near me with price,1,1,560,birthday-wishes-for-chachu,0.25
birthday surprise plan,1,1,560,birthday-wishes-for-husband,0.4
birthday surprise quotes for wife,1,1,560,birthday-wishes-for-junior,0.33
birthday surprise with husband,1,1,560,birthday-wishes-for-husband,0.4
what birthday gift for wife,1,1,560,online-birthday-gift-for-boyfriend,0.33
which birthday gift is best for husband,1,1,560,online-birthday-gift-for-boyfriend,0.33
birthday song by name,1,1,560,birthday-wishes-for-someone-special-with-name,0.33
happy birthday song name jannat,1,1,560,birthday-wishes-for-someone-special-with-name,0.33
happy birthday song with name create,1,1,560,birthday-wishes-for-someone-special-with-name,0.33
happy birthday song with name gif,1,1,560,birthday-wishes-for-someone-special-with-name,0.33
happy birthday song with name link,1,1,560,birthday-wishes-for-someone-special-with-name,0.33
happy birthday song with name priya,1,1,560,birthday-wishes-for-someone-special-with-name,0.33
happy birthday song with name rudra,1,1,560,birthday-wishes-for-someone-special-with-name,0.33
happy birthday song with name sonu,1,1,560,birthday-wishes-for-someone-special-with-name,0.33
happy birthday song with name tamil,1,1,560,miss-you-quotes-in-tamil,0.17
happy birthday song with name vihaan,1,1,560,birthday-wishes-for-someone-special-with-name,0.33
happy birthday song with no name,1,1,560,birthday-wishes-for-someone-special-with-name,0.33
happy birthday song with your name free,1,1,560,birthday-wishes-for-someone-special-with-name,0.33
birthday decoration at home simple,1,1,560,birthday-itinerary-template,0.2
birthday decoration ideas 2026,1,1,560,how-to-create-free-digital-birthday-invitation,0.25
birthday decoration in car dicky,1,1,560,,0.0
birthday decoration kit with lights,1,1,560,,0.0
birthday decoration names,1,1,560,,0.0
birthday decoration pic,1,1,560,,0.0
birthday decoration quetta,1,1,560,,0.0
birthday decoration without sticking on wall at home,1,1,560,how-to-say-sorry-without-saying-sorry,0.2
birthday decorations free standing,1,1,560,,0.0
birthday party app,1,1,560,birthday-party-invitation-template,0.25
birthday party best restaurants,1,1,560,birthday-party-invitation-template,0.25
birthday party zoo,1,1,560,birthday-party-invitation-template,0.25
can am birthday decorations,1,1,560,birthday-flyer-template,0.14
happy birthday decoration balloon,1,1,560,,0.0
birthdate numerology guide,1,1,560,apologize-to-my-boyfriend-online-wording,0.25
birthday karmic number,1,1,560,,0.0
birthday month numerology,1,1,560,birth-month-flowers-and-meanings,0.17
birthday number angel meaning,1,1,560,meaning-of-flowers-in-a-bouquet,0.2
birthday number blocks,1,1,560,how-to-add-custom-background-loops-romantic-landing-blocks,0.14
birthday number decoration ideas,1,1,560,,0.0
birthday number foil balloon,1,1,560,,0.0
birthday number headband,1,1,560,,0.0
birthday number lego,1,1,560,,0.0
birthday number note,1,1,560,birthday-newsletter-template,0.2
birthday number on cake,1,1,560,birthday-cake-topper-template,0.2
birthday number rupee note,1,1,560,birthday-newsletter-template,0.2
birthday number stickers,1,1,560,,0.0
birthday number tattoo,1,1,560,,0.0
birthday numerology calculator compatibility,1,1,560,interactive-love-calculator-text-display-box-no-code,0.11
birthday numerology number 9,1,1,560,,0.0
numerology birth year meaning,1,1,560,meaning-of-flowers-in-a-bouquet,0.2
2 year birthday photo frame,1,1,559,birthday-photo-frame-template,0.33
birthday photo editor app,1,1,559,free-online-love-letter-editor,0.2
birthday photo editor free,1,1,559,free-online-love-letter-editor,0.2
birthday photo frame brother,1,1,559,birthday-photo-frame-template,0.33
birthday photo frame design online free,1,1,559,birthday-photo-frame-template,0.33
birthday photo frame for best friend girl,1,1,559,birthday-photo-frame-template,0.33
birthday photo frame in pinterest,1,1,559,birthday-photo-frame-template,0.33
birthday photo frame ki design,1,1,559,birthday-photo-frame-template,0.33
birthday photo frame maker ai,1,1,559,birthday-photo-frame-template,0.33
birthday photo frame may,1,1,559,birthday-photo-frame-template,0.33
birthday photo frame psd file,1,1,559,birthday-photo-frame-template,0.33
birthday photo frame tamil,1,1,559,miss-you-quotes-in-tamil,0.17
birthday photo frame wife,1,1,559,birthday-photo-frame-template,0.33
happy birthday photo frame video,1,1,559,birthday-photo-frame-template,0.33
happy birthday photo frame with quotes,1,1,559,birthday-photo-frame-template,0.33
photo frame for birthday return gift,1,1,559,birthday-return-gift-ideas-online,0.4
best birthday decoration ideas at home for boy,1,1,559,birthday-invitation-template-for-boy,0.14
birthday decoration ideas at home for 3 year boy,1,1,559,what-to-write-in-a-5-year-relationship-anniversary-letter,0.2
birthday decoration ideas at home for couple,1,1,559,password-protected-custom-subdomains-couple-journals,0.17
birthday decoration ideas at home on terrace,1,1,559,,0.0
birthday decoration ideas at home round shape,1,1,559,,0.0
birthday decoration ideas at home sri lanka,1,1,559,,0.0
birthday decoration ideas at home under ₹ 150,1,1,559,birthday-wishes-for-girlfriend,0.25
birthday decoration ideas at home with net,1,1,559,,0.0
birthday decoration ideas in home,1,1,559,,0.0
birthday dinner decoration ideas at home,1,1,559,creative-online-invitation-page-candlelight-dinner,0.17
birthday party ideas at a house,1,1,559,birthday-party-invitation-template,0.25
birthday party ideas at home teen,1,1,559,birthday-party-invitation-template,0.25
boy birthday decoration ideas at home for kids,1,1,559,kids-birthday-invitation-template,0.17
half birthday decoration ideas at home,1,1,559,,0.0
happy birthday decoration ideas at home easy,1,1,559,birthday-gift-for-mom-online,0.25
birthday cake name for bestie,1,1,559,birthday-wishes-for-someone-special-with-name,0.33
birthday cake with name bilal,1,1,559,birthday-wishes-for-someone-special-with-name,0.33
birthday cake with name dinesh,1,1,559,birthday-wishes-for-someone-special-with-name,0.33
birthday cake with name heart shape,1,1,559,birthday-wishes-for-someone-special-with-name,0.25
birthday cake with name ibrahim,1,1,559,birthday-wishes-for-someone-special-with-name,0.33
birthday cake with name jija ji,1,1,559,birthday-wishes-for-someone-special-with-name,0.25
birthday cake with name komal,1,1,559,birthday-wishes-for-someone-special-with-name,0.33
birthday cake with name lakshmi,1,1,559,birthday-wishes-for-someone-special-with-name,0.33
birthday cake with name only,1,1,559,birthday-wishes-for-someone-special-with-name,0.33
birthday cake with name tabassum,1,1,559,birthday-wishes-for-someone-special-with-name,0.33
birthday cake with name usha,1,1,559,birthday-wishes-for-someone-special-with-name,0.33
birthday cake with name vaibhav,1,1,559,birthday-wishes-for-someone-special-with-name,0.33
birthday cake with name wife,1,1,559,birthday-wishes-for-someone-special-with-name,0.33
birthday cake with name yusuf,1,1,559,birthday-wishes-for-someone-special-with-name,0.33
birthday cake with name zara,1,1,559,birthday-wishes-for-someone-special-with-name,0.33
birthday gift application,1,1,559,online-birthday-gift-for-boyfriend,0.33
birthday gift bestie,1,1,559,online-birthday-gift-for-boyfriend,0.33
birthday gift free online,1,1,559,online-birthday-gift-for-boyfriend,0.33
birthday gift with chocolate,1,1,559,online-birthday-gift-for-boyfriend,0.33
birthday gift without money,1,1,559,online-birthday-gift-for-boyfriend,0.33
birthday gift yves rocher,1,1,559,online-birthday-gift-for-boyfriend,0.33
birthday gift zomato,1,1,559,online-birthday-gift-for-boyfriend,0.33
birthday surprise at midnight,1,1,559,birthday-wishes-for-junior,0.33
birthday surprise cake delivery,1,1,559,birthday-wishes-for-junior,0.33
birthday surprise event in pondicherry,1,1,559,birthday-wishes-for-junior,0.33
birthday surprise husband ideas,1,1,559,birthday-wishes-for-husband,0.4
birthday surprise johnny pop,1,1,559,birthday-wishes-for-junior,0.33
birthday surprise kochi,1,1,559,birthday-wishes-for-junior,0.33
birthday surprise nagercoil,1,1,559,birthday-wishes-for-junior,0.33
birthday surprise online game,1,1,559,birthday-wishes-for-junior,0.33
birthday surprise planners,1,1,559,birthday-wishes-for-junior,0.33
birthday surprise qr code,1,1,559,birthday-wishes-for-junior,0.33
birthday surprise sister,1,1,559,birthday-wishes-for-junior,0.33
birthday surprise theatre,1,1,559,birthday-wishes-for-junior,0.33
birthday surprise virtual,1,1,559,birthday-wishes-for-junior,0.33
happy birthday surprise,1,1,559,birthday-wishes-for-junior,0.33
what birthday gift for husband,1,1,559,online-birthday-gift-for-boyfriend,0.33
which birthday gift is best for sister,1,1,559,online-birthday-gift-for-boyfriend,0.33
birthday song in urdu with name,1,1,559,maafi-shayari-in-urdu,0.17
birthday song name list,1,1,559,birthday-wishes-for-someone-special-with-name,0.33
birthday song with my name,1,1,559,birthday-wishes-for-someone-special-with-name,0.33
birthday wishes song with name,1,1,559,birthday-wishes-for-someone-special-with-name,0.33
birthdaysongswithnames happy birthday song with name alphabet j,1,1,559,birthday-wishes-for-someone-special-with-name,0.25
happy birthday krishna name song,1,1,559,birthday-wishes-for-someone-special-with-name,0.33
happy birthday song with given name,1,1,559,birthday-wishes-for-someone-special-with-name,0.33
happy birthday song with name in english for girl,1,1,559,raksha-bandhan-wishes-for-bhaiya-and-bhabhi-in-english,0.2
happy birthday song with name ritika,1,1,559,birthday-wishes-for-someone-special-with-name,0.33
happy birthday song with name vaishnavi,1,1,559,birthday-wishes-for-someone-special-with-name,0.33
happy birthday song with your name website,1,1,559,birthday-wishes-for-someone-special-with-name,0.33
https birthday song with name com,1,1,559,birthday-wishes-for-someone-special-with-name,0.25
birthday decoration at home for kids,1,1,559,kids-birthday-invitation-template,0.17
birthday decoration chikmagalur,1,1,559,,0.0
birthday decoration golden black,1,1,559,black-and-gold-birthday-invitation-template,0.14
birthday decoration in room,1,1,559,private-cloud-note-storage-room-layout-for-dual-couple-synch,0.09
birthday decoration kit for boy,1,1,559,birthday-invitation-template-for-boy,0.14
birthday decoration led lights,1,1,559,,0.0
birthday decoration net,1,1,559,,0.0
birthday decoration online kuwait,1,1,559,,0.0
birthday decoration props,1,1,559,,0.0
birthday decoration queen,1,1,559,,0.0
birthday decoration set,1,1,559,how-to-set-a-precision-relationship-clocks-widget-link,0.17
birthday decoration theme for girl,1,1,559,anime-theme-dynamic-proposal-webpage-maker-free,0.17
birthday decoration very simple,1,1,559,birthday-itinerary-template,0.2
birthday decoration without balloons for boys,1,1,559,how-to-say-sorry-without-saying-sorry,0.25
birthday party application in english,1,1,559,raksha-bandhan-wishes-for-bhaiya-and-bhabhi-in-english,0.2
birthday party best hotel,1,1,559,birthday-party-invitation-template,0.25
birthday party zone near me,1,1,559,birthday-party-invitation-template,0.25
happy birthday decoration 2026,1,1,559,how-to-create-free-digital-birthday-invitation,0.25
happy birthday decoration room,1,1,559,private-cloud-note-storage-room-layout-for-dual-couple-synch,0.09
what birthday party,1,1,559,birthday-party-invitation-template,0.25
where can i buy birthday decorations,1,1,559,birthday-poster-template-free-download,0.2
birth name numerology,1,1,559,birthday-wishes-for-someone-special-with-name,0.33
birth numerology calculator,1,1,559,birth-month-flowers-and-meanings,0.17
birthday karaoke number,1,1,559,,0.0
birthday number angel,1,1,559,,0.0
birthday number donuts near me,1,1,559,forgive-me-please-custom-response-button-mobile,0.14
birthday number eight,1,1,559,,0.0
birthday number figurines,1,1,559,,0.0
birthday number gifts,1,1,559,girlfriend-day-gifts-online,0.14
birthday number holder,1,1,559,,0.0
birthday number is 5,1,1,559,,0.0
birthday number light up,1,1,559,how-do-i-set-up-a-password-protected-relationship-page,0.14
birthday number one box,1,1,559,birthday-gift-for-girlfriend-online,0.2
birthday number photo collage online free,1,1,559,birthday-photo-collage-template-online,0.29
birthday number roses,1,1,559,send-virtual-roses,0.17
birthday number sign,1,1,559,birthday-party-sign-in-sheet-template,0.17
birthday number trick,1,1,559,how-to-trick-your-girlfriend-with-a-fake-quiz-link-proposal,0.17
birthday number walmart,1,1,559,,0.0
birthday numerology number 1,1,1,559,,0.0
numberblocks birthday cake,1,1,559,birthday-cake-topper-template,0.2
numerology birth year 33,1,1,559,what-to-write-in-a-5-year-relationship-anniversary-letter,0.2
3 year birthday photo frame,1,1,558,birthday-photo-frame-template,0.33
birthday gift resin photo frame,1,1,558,birthday-photo-frame-template,0.33
birthday photo editor app free download,1,1,558,free-online-love-letter-editor,0.2
birthday photo editor free download,1,1,558,free-online-love-letter-editor,0.2
birthday photo frame baby girl,1,1,558,birthday-photo-frame-template,0.33
birthday photo frame design psd,1,1,558,birthday-photo-frame-template,0.33
birthday photo frame design video,1,1,558,birthday-photo-frame-template,0.33
birthday photo frame empty,1,1,558,birthday-photo-frame-template,0.33
birthday photo frame for best friend boy,1,1,558,birthday-photo-frame-template,0.33
birthday photo frame generator,1,1,558,birthday-photo-frame-template,0.33
birthday photo frame ka price,1,1,558,birthday-photo-frame-template,0.33
birthday photo frame mummy,1,1,558,birthday-photo-frame-template,0.33
birthday photo frame new trending,1,1,558,birthday-photo-frame-template,0.33
birthday photo frame wallpaper,1,1,558,birthday-photo-frame-template,0.33
birthday photo in frame,1,1,558,birthday-photo-frame-template,0.33
birthday queen photo frame,1,1,558,birthday-photo-frame-template,0.33
happy birthday photo frame download,1,1,558,birthday-photo-frame-template,0.33
best birthday decoration ideas at home for girl,1,1,558,birthday-invitation-template-for-girl,0.17
birthday celebration decoration ideas at home,1,1,558,is-it-national-girlfriend-day-today,0.14
birthday decoration ideas at home for 2 years boy,1,1,558,birthday-invitation-template-for-boy,0.14
birthday decoration ideas at home for girl aesthetic,1,1,558,aesthetic-flower-bouquet-online,0.17
birthday decoration ideas at home paper,1,1,558,first-anniversary-digital-layout-builder,0.12
birthday decoration ideas at home roof,1,1,558,,0.0
birthday decoration ideas at home under 1000,1,1,558,budget-birthday-gift-ideas-under-500,0.25
birthday decoration ideas at home with less balloons,1,1,558,,0.0
birthday decoration ideas at room at home,1,1,558,private-cloud-note-storage-room-layout-for-dual-couple-synch,0.09
birthday decoration ideas in home with balloons,1,1,558,,0.0
birthday design decoration ideas at home,1,1,558,birthday-banner-design-template,0.2
birthday party activities at home teens,1,1,558,birthday-party-invitation-template,0.25
girl birthday decoration ideas at home easy,1,1,558,birthday-invitation-template-for-girl,0.33
half birthday decoration ideas at home for girl,1,1,558,birthday-invitation-template-for-girl,0.17
minimal birthday decoration ideas at home,1,1,558,unbranded-minimal-grid-romantic-photos,0.12
simple birthday decoration ideas at home for kids girl,1,1,558,birthday-itinerary-template,0.2
simple birthday decoration ideas at home near me,1,1,558,birthday-itinerary-template,0.2
simple birthday decoration ideas at home on bed,1,1,558,birthday-itinerary-template,0.2
simple birthday decoration ideas at home video,1,1,558,birthday-itinerary-template,0.2
birthday cake images with name free download,1,1,558,birthday-wishes-for-someone-special-with-name,0.33
birthday cake with name & photo editor online free,1,1,558,raksha-bandhan-wishes-with-name-and-photo,0.4
birthday cake with name bushra,1,1,558,birthday-wishes-for-someone-special-with-name,0.33
birthday cake with name card,1,1,558,birthday-wishes-for-someone-special-with-name,0.33
birthday cake with name deepak,1,1,558,birthday-wishes-for-someone-special-with-name,0.33
birthday cake with name geeta,1,1,558,birthday-wishes-for-someone-special-with-name,0.33
birthday cake with name harsh,1,1,558,birthday-wishes-for-someone-special-with-name,0.33
birthday cake with name images free download,1,1,558,birthday-wishes-for-someone-special-with-name,0.33
birthday cake with name jitendra,1,1,558,birthday-wishes-for-someone-special-with-name,0.33
birthday cake with name khushi,1,1,558,birthday-wishes-for-someone-special-with-name,0.33
birthday cake with name lalita,1,1,558,birthday-wishes-for-someone-special-with-name,0.33
birthday cake with name mary,1,1,558,birthday-wishes-for-someone-special-with-name,0.33
birthday cake with name or photo,1,1,558,raksha-bandhan-wishes-with-name-and-photo,0.4
birthday cake with name tai,1,1,558,birthday-wishes-for-someone-special-with-name,0.33
birthday cake with name umer,1,1,558,birthday-wishes-for-someone-special-with-name,0.33
birthday cake with name vidya,1,1,558,birthday-wishes-for-someone-special-with-name,0.33
birthday cake with name wine bottle,1,1,558,birthday-wishes-for-someone-special-with-name,0.25
birthday cake with name yahya,1,1,558,birthday-wishes-for-someone-special-with-name,0.33
birthday cake with name zayan,1,1,558,birthday-wishes-for-someone-special-with-name,0.33
happy birthday cake with name edit for best friend,1,1,558,rakhi-wishes-with-brother-name-and-photo-edit,0.33
birthday gift appreciation,1,1,558,online-birthday-gift-for-boyfriend,0.33
birthday gift best friend girl,1,1,558,birthday-gift-ideas-for-best-friend,0.4
birthday gift freebies 2026,1,1,558,online-birthday-gift-for-boyfriend,0.33
birthday gift with photo,1,1,558,online-birthday-gift-for-boyfriend,0.33
birthday gift without gum,1,1,558,online-birthday-gift-for-boyfriend,0.33
birthday gift year old boy,1,1,558,birthday-gift-for-mom-online,0.25
birthday gift zus,1,1,558,online-birthday-gift-for-boyfriend,0.33
birthday surprise at night,1,1,558,birthday-wishes-for-junior,0.33
birthday surprise cafe near me,1,1,558,birthday-wishes-for-chachu,0.25
birthday surprise events in vijayawada,1,1,558,birthday-wishes-for-junior,0.33
birthday surprise hotel near me,1,1,558,birthday-wishes-for-chachu,0.25
birthday surprise ideas for boyfriend,1,1,558,birthday-wishes-for-junior,0.33
birthday surprise jakarta,1,1,558,birthday-wishes-for-junior,0.33
birthday surprise kozhikode,1,1,558,birthday-wishes-for-junior,0.33
birthday surprise location near me,1,1,558,birthday-wishes-for-chachu,0.25
birthday surprise msg,1,1,558,birthday-wishes-for-junior,0.33
birthday surprise near me for adults,1,1,558,birthday-wishes-for-chachu,0.25
birthday surprise on big screen,1,1,558,birthday-wishes-for-junior,0.33
birthday surprise party,1,1,558,birthday-wishes-for-junior,0.33
birthday surprise quotes for mom,1,1,558,birthday-wishes-for-junior,0.33
birthday surprise room near me,1,1,558,birthday-wishes-for-chachu,0.25
birthday surprise synonyms,1,1,558,birthday-wishes-for-junior,0.33
birthday surprise template,1,1,558,birthday-wishes-for-junior,0.33
birthday surprise video captions for instagram,1,1,558,birthday-wishes-for-chachu,0.25
how birthday gift,1,1,558,online-birthday-gift-for-boyfriend,0.33
nykaa surprise birthday gift 2026,1,1,558,how-to-surprise-long-distance-partner-online-virtual-gift-guide,0.38
surprise birthday online invitation,1,1,558,birthday-wishes-for-junior,0.33
what birthday gift,1,1,558,online-birthday-gift-for-boyfriend,0.33
which birthday gift is best for wife,1,1,558,online-birthday-gift-for-boyfriend,0.33
birthday song by name in hindi,1,1,558,raksha-bandhan-history-in-hindi,0.25
birthday song name list hindi,1,1,558,raksha-bandhan-history-in-hindi,0.25
birthday song with a name,1,1,558,birthday-wishes-for-someone-special-with-name,0.33
happy birthday jackie song with name,1,1,558,birthday-wishes-for-someone-special-with-name,0.33
happy birthday song with name com,1,1,558,birthday-wishes-for-someone-special-with-name,0.33
happy birthday song with name in english free download,1,1,558,raksha-bandhan-wishes-for-bhaiya-and-bhabhi-in-english,0.2
happy birthday song with name karthik,1,1,558,birthday-wishes-for-someone-special-with-name,0.33
happy birthday song with name ritesh,1,1,558,birthday-wishes-for-someone-special-with-name,0.33
happy birthday song with name sara,1,1,558,birthday-wishes-for-someone-special-with-name,0.33
happy birthday song with name video free download,1,1,558,birthday-wishes-for-someone-special-with-name,0.33
happy birthday song with the name,1,1,558,birthday-wishes-for-someone-special-with-name,0.33
happy birthday song with your name facebook page,1,1,558,birthday-wishes-for-jaan,0.25
happy birthday to u song with name,1,1,558,birthday-wishes-for-someone-special-with-name,0.33
birthday decoration at home for girl,1,1,558,birthday-invitation-template-for-girl,0.17
birthday decoration backdrop,1,1,558,birthday-backdrop-template,0.17
birthday decoration car theme,1,1,558,anime-theme-dynamic-proposal-webpage-maker-free,0.17
birthday decoration events near me,1,1,558,forgive-me-please-custom-response-button-mobile,0.14
birthday decoration green,1,1,558,,0.0
birthday decoration images,1,1,558,,0.0
birthday decoration in hubli,1,1,558,,0.0
birthday decoration justdial,1,1,558,,0.0
birthday decoration kit shop near me,1,1,558,forgive-me-please-custom-response-button-mobile,0.14
birthday decoration low budget,1,1,558,budget-birthday-gift-ideas-under-500,0.25
birthday decoration new,1,1,558,,0.0
birthday decoration on wall,1,1,558,best-romantic-virtual-memory-wall-templates-for-couples,0.17
birthday decoration online near me,1,1,558,forgive-me-please-custom-response-button-mobile,0.14
birthday decoration places near me,1,1,558,forgive-me-please-custom-response-button-mobile,0.14
birthday decoration quick,1,1,558,birthday-intro-template-free-download,0.2
birthday decoration simple in home,1,1,558,birthday-itinerary-template,0.2
birthday decoration team,1,1,558,,0.0
birthday decoration trends 2026,1,1,558,how-to-create-free-digital-birthday-invitation,0.25
birthday decoration under ₹150,1,1,558,birthday-wishes-for-girlfriend,0.25
birthday decoration vizag,1,1,558,,0.0
birthday decoration without tape,1,1,558,how-to-say-sorry-without-saying-sorry,0.25
birthday decorations yard,1,1,558,,0.0
birthday party appetizers for adults,1,1,558,birthday-party-invitation-template,0.25
birthday party best album,1,1,558,birthday-party-invitation-template,0.25
birthday party maker for kids,1,1,558,birthday-party-invitation-template,0.25
birthday party zoom background,1,1,558,birthday-zoom-background-template,0.33
happy birthday decoration wall,1,1,558,best-romantic-virtual-memory-wall-templates-for-couples,0.17
what birthday party theme,1,1,558,birthday-party-invitation-template,0.25
where can i buy birthday decorations near me,1,1,558,birthday-poster-template-free-download,0.17
birth name numerology calculator,1,1,558,birthday-wishes-for-someone-special-with-name,0.25
birth number numerology kannada,1,1,558,raksha-bandhan-wishes-in-kannada,0.2
birth numerology chart,1,1,558,birthday-seating-chart-template,0.2
birthday energy number,1,1,558,,0.0
birthday jams number one song,1,1,558,birthday-gift-for-girlfriend-online,0.2
birthday number age,1,1,558,raksha-bandhan-wishes-for-younger-brother,0.14
birthday number balloons black,1,1,558,black-and-gold-birthday-invitation-template,0.14
birthday number diy,1,1,558,happy-birthday-banner-template-printable,0.14
birthday number flowers,1,1,558,flowers-to-say-sorry-online,0.25
birthday number game,1,1,558,,0.0
birthday number hat,1,1,558,,0.0
birthday number is 9,1,1,558,,0.0
birthday number life path,1,1,558,personalized-love-path-webpage-with-embedded-audio-timeline,0.14
birthday number marquee,1,1,558,will-you-marry-me-marquee-scrolling-text-generator-link,0.12
birthday number one balloon,1,1,558,birthday-gift-for-girlfriend-online,0.2
birthday number photoshoot,1,1,558,,0.0
birthday number rhymes,1,1,558,,0.0
birthday number stand,1,1,558,,0.0
birthday number t shirt,1,1,558,,0.0
birthday number with photos,1,1,558,how-to-design-a-virtual-memory-lane-page-with-photos,0.17
birthday numerology number 7,1,1,558,,0.0
numerology birth year calculator,1,1,558,what-to-write-in-a-5-year-relationship-anniversary-letter,0.2
10 years birthday photo frame,1,1,557,birthday-photo-frame-template,0.33
birthday photo editor app download,1,1,557,free-online-love-letter-editor,0.2
birthday photo editor free online,1,1,557,free-online-love-letter-editor,0.2
birthday photo frame baby boy,1,1,557,birthday-photo-frame-template,0.33
birthday photo frame design prompt,1,1,557,birthday-photo-frame-template,0.33
birthday photo frame editing background,1,1,557,birthday-photo-frame-template,0.33
birthday photo frame format,1,1,557,birthday-photo-frame-template,0.33
birthday photo frame gift for best friend,1,1,557,birthday-gift-ideas-for-best-friend,0.4
birthday photo frame heart,1,1,557,birthday-photo-frame-template,0.33
birthday photo frame kaise banaye online free,1,1,557,birthday-photo-frame-template,0.33
birthday photo frame making,1,1,557,birthday-photo-frame-template,0.33
birthday photo frame name,1,1,557,raksha-bandhan-wishes-with-name-and-photo,0.4
birthday photo frame order,1,1,557,birthday-photo-frame-template,0.33
birthday photo frame pic,1,1,557,birthday-photo-frame-template,0.33
birthday photo frame text,1,1,557,birthday-photo-frame-template,0.33
birthday photo frame unique,1,1,557,birthday-photo-frame-template,0.33
birthday photo video editor online,1,1,557,raksha-bandhan-video-maker-with-photo-and-music,0.22
birthday wishes photo frame best friend,1,1,557,birthday-photo-frame-template,0.33
birthday wishes quotes for photo frame,1,1,557,birthday-photo-frame-template,0.33
happy birthday photo frame instagram story,1,1,557,birthday-photo-frame-template,0.33
happy birthday resin photo frame,1,1,557,birthday-photo-frame-template,0.33
60th birthday decoration ideas at home for dad,1,1,557,miss-you-message-for-dad,0.12
60th birthday decoration ideas at home for mom,1,1,557,birthday-gift-for-mom-online,0.25
baby girl birthday decoration ideas at home easy,1,1,557,birthday-invitation-template-for-girl,0.33
birthday decoration ideas at home for 10 year boy,1,1,557,custom-photo-grid-layout-for-10-year-relationship,0.29
birthday decoration ideas at home red,1,1,557,what-does-a-red-rose-mean,0.12
birthday decoration ideas at home under ₹ 1000,1,1,557,budget-birthday-gift-ideas-under-500,0.25
birthday decoration ideas at home with led lights,1,1,557,,0.0
birthday decoration ideas at home with newspaper,1,1,557,,0.0
birthday party activities at home for kids,1,1,557,birthday-party-invitation-template,0.25
birthday party ideas at home for toddler,1,1,557,birthday-party-invitation-template,0.25
birthday party ideas in home,1,1,557,birthday-party-invitation-template,0.25
cute birthday decoration ideas at home,1,1,557,1st-birthday-invitation-template-free,0.17
half birthday decoration ideas at home for boy,1,1,557,birthday-invitation-template-for-boy,0.14
husband birthday decoration ideas at home simple,1,1,557,birthday-itinerary-template,0.2
simple birthday decoration ideas at home for best friend,1,1,557,birthday-wishes-for-school-friend,0.25
simple birthday decoration ideas at home outdoor,1,1,557,birthday-itinerary-template,0.2
simple birthday decoration ideas at home pinterest,1,1,557,birthday-itinerary-template,0.2
very simple birthday decoration ideas at home with balloons,1,1,557,birthday-itinerary-template,0.2
birthday cake with name and photo editing,1,1,557,raksha-bandhan-wishes-with-name-and-photo,0.4
birthday cake with name and photo online order,1,1,557,raksha-bandhan-wishes-with-name-and-photo,0.4
birthday cake with name baby boy,1,1,557,birthday-wishes-for-someone-special-with-name,0.25
birthday cake with name chiku,1,1,557,birthday-wishes-for-someone-special-with-name,0.33
birthday cake with name design,1,1,557,birthday-wishes-for-someone-special-with-name,0.33
birthday cake with name greetings,1,1,557,birthday-wishes-for-someone-special-with-name,0.33
birthday cake with name husband,1,1,557,birthday-wishes-for-someone-special-with-name,0.33
birthday cake with name ideas,1,1,557,birthday-wishes-for-someone-special-with-name,0.33
birthday cake with name jane,1,1,557,birthday-wishes-for-someone-special-with-name,0.33
birthday cake with name krishna,1,1,557,birthday-wishes-for-someone-special-with-name,0.33
birthday cake with name lisa,1,1,557,birthday-wishes-for-someone-special-with-name,0.33
birthday cake with name order,1,1,557,birthday-wishes-for-someone-special-with-name,0.33
birthday cake with name riya,1,1,557,birthday-wishes-for-someone-special-with-name,0.33
birthday cake with name trisha,1,1,557,birthday-wishes-for-someone-special-with-name,0.33
birthday cake with name uma,1,1,557,birthday-wishes-for-someone-special-with-name,0.33
birthday cake with name vandana,1,1,557,birthday-wishes-for-someone-special-with-name,0.33
birthday cake with name yasmin,1,1,557,birthday-wishes-for-someone-special-with-name,0.33
birthday cake with name zeeshan,1,1,557,birthday-wishes-for-someone-special-with-name,0.33
happy birthday bestie cake with name,1,1,557,birthday-wishes-for-someone-special-with-name,0.33
happy birthday cake with name edit free,1,1,557,birthday-wishes-for-someone-special-with-name,0.33
happy birthday cake with name free,1,1,557,birthday-wishes-for-someone-special-with-name,0.33
happy birthday cake with name wishes,1,1,557,birthday-wishes-for-someone-special-with-name,0.33
birthday gift application in english,1,1,557,raksha-bandhan-wishes-for-bhaiya-and-bhabhi-in-english,0.2
birthday gift best,1,1,557,online-birthday-gift-for-boyfriend,0.33
birthday gift free in canada,1,1,557,online-birthday-gift-for-boyfriend,0.33
birthday gift with cake,1,1,557,online-birthday-gift-for-boyfriend,0.33
birthday gift without glue,1,1,557,online-birthday-gift-for-boyfriend,0.33
birthday gift younger sister,1,1,557,online-birthday-gift-for-boyfriend,0.33
birthday gift zurich,1,1,557,online-birthday-gift-for-boyfriend,0.33
birthday surprise ai,1,1,557,birthday-wishes-for-junior,0.33
birthday surprise bomb,1,1,557,birthday-wishes-for-junior,0.33
birthday surprise captions for instagram for friends,1,1,557,birthday-wishes-for-chachu,0.25
birthday surprise decoration near me,1,1,557,birthday-wishes-for-chachu,0.25
birthday surprise events in vizag,1,1,557,birthday-wishes-for-junior,0.33
birthday surprise gift ideas for son,1,1,557,birthday-wishes-for-junior,0.33
birthday surprise hyderabad,1,1,557,birthday-wishes-for-junior,0.33
birthday surprise johor,1,1,557,birthday-wishes-for-junior,0.33
birthday surprise ke liye thank you,1,1,557,birthday-wishes-for-chachu,0.25
birthday surprise nj lottery,1,1,557,birthday-wishes-for-junior,0.33
birthday surprise omr,1,1,557,birthday-wishes-for-junior,0.33
birthday surprise photo,1,1,557,birthday-wishes-for-junior,0.33
birthday surprise quotes for friends,1,1,557,birthday-wishes-for-junior,0.33
birthday surprise reels,1,1,557,birthday-wishes-for-junior,0.33
birthday surprise spots near me,1,1,557,birthday-wishes-for-chachu,0.25
birthday surprise thanks caption,1,1,557,birthday-wishes-for-junior,0.33
birthday surprise visit quotes,1,1,557,birthday-wishes-for-junior,0.33
how to birthday surprise,1,1,557,birthday-wishes-for-junior,0.33
what birthday gift for 8 year girl,1,1,557,online-birthday-gift-for-boyfriend,0.33
which birthday gift,1,1,557,online-birthday-gift-for-boyfriend,0.33
1 happy birthday song with name tamil,1,1,557,miss-you-quotes-in-tamil,0.17
best happy birthday song with name,1,1,557,birthday-wishes-for-someone-special-with-name,0.33
birthday song name ka,1,1,557,birthday-wishes-for-someone-special-with-name,0.33
birthday song name se,1,1,557,birthday-wishes-for-someone-special-with-name,0.33
google birthday song with name,1,1,557,birthday-wishes-for-someone-special-with-name,0.33
happy birthday john song with name,1,1,557,birthday-wishes-for-someone-special-with-name,0.33
happy birthday song in urdu lyrics with name,1,1,557,maafi-shayari-in-urdu,0.17
happy birthday song with name creator,1,1,557,birthday-wishes-for-someone-special-with-name,0.33
happy birthday song with name raju,1,1,557,birthday-wishes-for-someone-special-with-name,0.33
happy birthday song with name vishwa,1,1,557,birthday-wishes-for-someone-special-with-name,0.33
happy birthday song with person's name,1,1,557,birthday-wishes-for-someone-special-with-name,0.33
happy birthday video song with name editing,1,1,557,birthday-wishes-for-someone-special-with-name,0.25
latest birthday song with name,1,1,557,birthday-wishes-for-someone-special-with-name,0.33
youtube birthday song with your name,1,1,557,birthday-wishes-for-someone-special-with-name,0.33
birthday decoration aesthetic,1,1,557,aesthetic-flower-bouquet-online,0.17
birthday decoration blinkit,1,1,557,,0.0
birthday decoration chitradurga,1,1,557,,0.0
birthday decoration drawing easy,1,1,557,birthday-gift-for-mom-online,0.25
birthday decoration event planner near me,1,1,557,birthday-party-planner-template,0.14
birthday decoration gurgaon,1,1,557,,0.0
birthday decoration ideas for boy,1,1,557,birthday-invitation-template-for-boy,0.14
birthday decoration in mangalore,1,1,557,,0.0
birthday decoration jiomart,1,1,557,,0.0
birthday decoration kaise karen,1,1,557,,0.0
birthday decoration latest design,1,1,557,birthday-banner-design-template,0.2
birthday decoration men,1,1,557,,0.0
birthday decoration number,1,1,557,,0.0
birthday decoration online service,1,1,557,,0.0
birthday decoration only balloon,1,1,557,,0.0
birthday decoration person near me,1,1,557,birthday-wishes-for-special-person,0.14
birthday decoration photos simple,1,1,557,birthday-itinerary-template,0.2
birthday decoration rent,1,1,557,,0.0
birthday decoration store near me,1,1,557,forgive-me-please-custom-response-button-mobile,0.14
birthday decoration theatre,1,1,557,,0.0
birthday decoration under 200,1,1,557,budget-birthday-gift-ideas-under-500,0.25
birthday decoration without background,1,1,557,how-to-say-sorry-without-saying-sorry,0.25
birthday decorations queenstown,1,1,557,,0.0
birthday decorations youtube,1,1,557,,0.0
birthday design freepik,1,1,557,birthday-banner-design-template,0.2
birthday design maker,1,1,557,pastel-bouquet-maker-online,0.25
birthday design template psd free download,1,1,557,birthday-banner-design-template,0.4
birthday party appreciation message,1,1,557,birthday-party-invitation-template,0.25
birthday party best friend,1,1,557,birthday-party-invitation-template,0.25
birthday party zurich,1,1,557,birthday-party-invitation-template,0.25
happy birthday decoration board,1,1,557,birthday-milestone-board-template,0.14
pinterest birthday decoration 2026,1,1,557,how-to-create-free-digital-birthday-invitation,0.25
what's birthday party in spanish,1,1,557,birthday-party-invitation-template,0.25
where can i get birthday decorations near me,1,1,557,birthday-poster-template-free-download,0.33
birth name numerology tamil,1,1,557,miss-you-quotes-in-tamil,0.17
birth number horoscope,1,1,557,birth-month-flowers-and-meanings,0.17
birthday entry number,1,1,557,,0.0
birthday in number,1,1,557,,0.0
birthday number balloon decoration,1,1,557,,0.0
birthday number candles,1,1,557,,0.0
birthday number donuts,1,1,557,,0.0
birthday number foil,1,1,557,,0.0
birthday number gold,1,1,557,black-and-gold-birthday-invitation-template,0.14
birthday number is 7,1,1,557,,0.0
birthday number lights near me,1,1,557,forgive-me-please-custom-response-button-mobile,0.14
birthday number meaning 9,1,1,557,meaning-of-flowers-in-a-bouquet,0.2
birthday number one cake,1,1,557,birthday-cake-topper-template,0.2
birthday number photo,1,1,557,raksha-bandhan-wishes-with-name-and-photo,0.2
birthday number sparklers,1,1,557,,0.0
birthday number topper,1,1,557,birthday-cake-topper-template,0.2
birthday number wishes,1,1,557,,0.0
birthday numerology number 5,1,1,557,,0.0
jesus birthday numerology,1,1,557,,0.0
numerology birth and name,1,1,557,birthday-wishes-for-someone-special-with-name,0.33
numerology birth reading,1,1,557,birth-month-flowers-and-meanings,0.17
numerology birth year 7,1,1,557,what-to-write-in-a-5-year-relationship-anniversary-letter,0.2
what is birthday numerology,1,1,557,,0.0
12*15 photo frame size,1,1,556,birthday-photo-frame-template,0.33
5 year birthday photo frame,1,1,556,birthday-photo-frame-template,0.33
birthday photo editor app online,1,1,556,free-online-love-letter-editor,0.2
birthday photo frame and editor,1,1,556,birthday-photo-frame-template,0.33
birthday photo frame cake design,1,1,556,birthday-photo-frame-template,0.33
birthday photo frame design bestie,1,1,556,birthday-photo-frame-template,0.33
birthday photo frame design instagram,1,1,556,birthday-photo-frame-template,0.33
birthday photo frame download,1,1,556,birthday-photo-frame-template,0.33
birthday photo frame for jiju,1,1,556,birthday-photo-frame-template,0.33
birthday photo frame google,1,1,556,birthday-photo-frame-template,0.33
birthday photo frame logo,1,1,556,birthday-photo-frame-template,0.33
birthday photo frame meesho,1,1,556,birthday-photo-frame-template,0.33
birthday photo frame normal,1,1,556,birthday-photo-frame-template,0.33
birthday photo frame on meesho,1,1,556,birthday-photo-frame-template,0.33
birthday photo frame pdf,1,1,556,birthday-photo-frame-template,0.33
birthday photo frame under 300,1,1,556,birthday-photo-frame-template,0.33
birthday photo ka frame,1,1,556,birthday-photo-frame-template,0.33
happy birthday photo frame vector,1,1,556,birthday-photo-frame-template,0.33
peter rabbit first birthday photo frame,1,1,556,birthday-photo-frame-template,0.33
photo frame quotes for friends birthday,1,1,556,birthday-photo-frame-template,0.33
best birthday party ideas at home,1,1,556,birthday-party-invitation-template,0.25
birthday decoration ideas at home bangladesh,1,1,556,,0.0
birthday decoration ideas at home for girl without balloons,1,1,556,how-to-say-sorry-without-saying-sorry,0.2
birthday decoration ideas at home ring,1,1,556,,0.0
birthday decoration ideas at home under ₹ 250,1,1,556,budget-birthday-gift-ideas-under-500,0.25
birthday decoration ideas in house,1,1,556,,0.0
birthday party ideas at the house,1,1,556,birthday-party-invitation-template,0.25
corner birthday decoration ideas at home,1,1,556,,0.0
different birthday decoration ideas at home,1,1,556,i-miss-you-in-different-languages,0.17
elegant birthday decoration ideas at home,1,1,556,adult-birthday-invitation-template,0.14
girl birthday decoration ideas at home nearby,1,1,556,birthday-invitation-template-for-girl,0.17
happy birthday decoration ideas at home simple,1,1,556,birthday-itinerary-template,0.2
home birthday decoration ideas at home,1,1,556,,0.0
simple birthday decoration ideas at home for men,1,1,556,birthday-itinerary-template,0.2
simple birthday decoration ideas at home only balloons,1,1,556,birthday-itinerary-template,0.2
very simple birthday decoration ideas at home for girl,1,1,556,birthday-itinerary-template,0.2
best birthday wishes cake with name,1,1,556,birthday-wishes-for-someone-special-with-name,0.33
birthday cake images without name,1,1,556,birthday-wishes-for-someone-special-with-name,0.33
birthday cake with customized name,1,1,556,birthday-wishes-for-someone-special-with-name,0.33
birthday cake with name brother,1,1,556,birthday-wishes-for-brother,0.33
birthday cake with name daniel,1,1,556,birthday-wishes-for-someone-special-with-name,0.33
birthday cake with name edit for boy,1,1,556,rakhi-wishes-with-brother-name-and-photo-edit,0.33
birthday cake with name for boy online,1,1,556,birthday-wishes-for-someone-special-with-name,0.33
birthday cake with name for women,1,1,556,birthday-wishes-for-someone-special-with-name,0.33
birthday cake with name ganesh,1,1,556,birthday-wishes-for-someone-special-with-name,0.33
birthday cake with name generator for boy,1,1,556,birthday-wishes-for-someone-special-with-name,0.25
birthday cake with name honey,1,1,556,birthday-wishes-for-someone-special-with-name,0.33
birthday cake with name iram,1,1,556,birthday-wishes-for-someone-special-with-name,0.33
birthday cake with name jiju,1,1,556,birthday-wishes-for-someone-special-with-name,0.33
birthday cake with name khadija,1,1,556,birthday-wishes-for-someone-special-with-name,0.33
birthday cake with name lavanya,1,1,556,birthday-wishes-for-someone-special-with-name,0.33
birthday cake with name mahnoor,1,1,556,birthday-wishes-for-someone-special-with-name,0.33
birthday cake with name on side,1,1,556,birthday-wishes-for-someone-special-with-name,0.33
birthday cake with name papa,1,1,556,birthday-wishes-for-someone-special-with-name,0.33
birthday cake with name rajesh,1,1,556,birthday-wishes-for-someone-special-with-name,0.33
birthday cake with name sahil,1,1,556,birthday-wishes-for-someone-special-with-name,0.33
birthday cake with name tina,1,1,556,birthday-wishes-for-someone-special-with-name,0.33
birthday cake with name umesh,1,1,556,birthday-wishes-for-someone-special-with-name,0.33
birthday cake with name vikas,1,1,556,birthday-wishes-for-someone-special-with-name,0.33
birthday cake with name zahra,1,1,556,birthday-wishes-for-someone-special-with-name,0.33
birthday cake with your name,1,1,556,birthday-wishes-for-someone-special-with-name,0.33
happy birthday cake with name free download pdf,1,1,556,birthday-wishes-for-someone-special-with-name,0.33
20th birthday surprise ideas,1,1,556,birthday-wishes-for-junior,0.33
birthday gift appreciation message to my love,1,1,556,emotional-sorry-message-for-love,0.33
birthday gift best friend boy,1,1,556,birthday-gift-ideas-for-best-friend,0.4
birthday gift freebies 2025,1,1,556,online-birthday-gift-for-boyfriend,0.33
birthday gift maker near me,1,1,556,letter-bouquet-maker,0.33
birthday gift with flowers,1,1,556,online-birthday-gift-for-boyfriend,0.33
birthday gift without spending money,1,1,556,birthday-gift-for-mom-online,0.25
birthday surprise animation,1,1,556,birthday-wishes-for-junior,0.33
birthday surprise box ideas,1,1,556,birthday-wishes-for-junior,0.33
birthday surprise cake for husband,1,1,556,birthday-wishes-for-husband,0.4
birthday surprise delivery near me,1,1,556,birthday-gift-combo-online-delivery,0.29
birthday surprise events in bangalore,1,1,556,birthday-wishes-for-junior,0.33
birthday surprise halls near me,1,1,556,birthday-wishes-for-chachu,0.25
birthday surprise in mall bangalore near me,1,1,556,birthday-wishes-for-chachu,0.2
birthday surprise in zirakpur,1,1,556,birthday-wishes-for-junior,0.33
birthday surprise jaffna,1,1,556,birthday-wishes-for-junior,0.33
birthday surprise kottayam,1,1,556,birthday-wishes-for-junior,0.33
birthday surprise me website,1,1,556,birthday-wishes-for-junior,0.33
birthday surprise noida,1,1,556,birthday-wishes-for-junior,0.33
birthday surprise or surprise birthday,1,1,556,birthday-wishes-for-junior,0.33
birthday surprise places,1,1,556,birthday-wishes-for-junior,0.33
birthday surprise quotes for daughter,1,1,556,birthday-wishes-for-junior,0.33
birthday surprise room,1,1,556,birthday-wishes-for-junior,0.33
birthday surprise story,1,1,556,birthday-wishes-for-junior,0.33
birthday surprise to husband,1,1,556,birthday-wishes-for-husband,0.4
birthday surprise video for kids,1,1,556,birthday-wishes-for-junior,0.33
birthday surprise wishes for wife,1,1,556,birthday-wishes-for-junior,0.33
how to give birthday surprise online,1,1,556,birthday-wishes-for-junior,0.33
how to surprise birthday for husband,1,1,556,birthday-wishes-for-husband,0.4
what birthday gift for best friend,1,1,556,birthday-gift-ideas-for-best-friend,0.4
which birthday gift is best,1,1,556,online-birthday-gift-for-boyfriend,0.33
1 happy birthday song with name kannada,1,1,556,raksha-bandhan-wishes-in-kannada,0.2
1 happy birthday song with name telugu,1,1,556,raksha-bandhan-wishes-in-telugu,0.2
best happy birthday song download with name,1,1,556,birthday-wishes-for-someone-special-with-name,0.33
birthday song by name in telugu,1,1,556,raksha-bandhan-wishes-in-telugu,0.2
birthday song name ringtone download,1,1,556,birthday-wishes-for-someone-special-with-name,0.33
birthday song with personalized name,1,1,556,birthday-wishes-for-someone-special-with-name,0.33
captain zoom birthday song with name,1,1,556,birthday-wishes-for-someone-special-with-name,0.25
happy birthday james song with name,1,1,556,birthday-wishes-for-someone-special-with-name,0.33
happy birthday song name list,1,1,556,birthday-wishes-for-someone-special-with-name,0.33
happy birthday song with name catherine,1,1,556,birthday-wishes-for-someone-special-with-name,0.33
happy birthday song with name female voice,1,1,556,birthday-wishes-for-someone-special-with-name,0.25
happy birthday song with name in english free,1,1,556,raksha-bandhan-wishes-for-bhaiya-and-bhabhi-in-english,0.2
happy birthday song with specific name,1,1,556,birthday-wishes-for-someone-special-with-name,0.33
happy birthday song with your name instagram,1,1,556,birthday-wishes-for-someone-special-with-name,0.33
wish u happy birthday song download with name,1,1,556,birthday-wishes-for-someone-special-with-name,0.33
www birthday song with name,1,1,556,birthday-wishes-for-someone-special-with-name,0.33
birthday chart decoration ideas,1,1,556,birthday-seating-chart-template,0.2
birthday decoration at home for boys,1,1,556,,0.0
birthday decoration baby boy,1,1,556,birthday-invitation-template-for-boy,0.14
birthday decoration card,1,1,556,happy-birthday-card-template-free,0.25
birthday decoration delhi,1,1,556,,0.0
birthday decoration easy and simple,1,1,556,birthday-gift-for-mom-online,0.25
birthday decoration green theme,1,1,556,anime-theme-dynamic-proposal-webpage-maker-free,0.17
birthday decoration in tumkur,1,1,556,,0.0
birthday decoration jcb theme,1,1,556,anime-theme-dynamic-proposal-webpage-maker-free,0.17
birthday decoration kids,1,1,556,kids-birthday-invitation-template,0.17
birthday decoration list name,1,1,556,birthday-wishes-for-someone-special-with-name,0.33
birthday decoration manipal,1,1,556,,0.0
birthday decoration name board,1,1,556,birthday-wishes-for-someone-special-with-name,0.33
birthday decoration new 2026,1,1,556,how-to-create-free-digital-birthday-invitation,0.25
birthday decoration on blinkit,1,1,556,,0.0
birthday decoration online bangalore,1,1,556,,0.0
birthday decoration round ring,1,1,556,,0.0
birthday decoration services at home with price,1,1,556,,0.0
birthday decoration table,1,1,556,,0.0
birthday decoration video download,1,1,556,birthday-video-template-free,0.2
birthday decoration without damaging wall,1,1,556,how-to-say-sorry-without-saying-sorry,0.25
birthday decorations qatar price,1,1,556,,0.0
birthday design app,1,1,556,birthday-banner-design-template,0.2
birthday design template free,1,1,556,birthday-banner-design-template,0.4
birthday party best songs,1,1,556,birthday-party-invitation-template,0.25
birthday party free,1,1,556,birthday-party-invitation-template,0.25
birthday party makers greenville nc,1,1,556,birthday-party-invitation-template,0.25
birthday party ymca,1,1,556,birthday-party-invitation-template,0.25
birthday party zirakpur,1,1,556,birthday-party-invitation-template,0.25
how birthday party,1,1,556,birthday-party-invitation-template,0.25
what are birthday decoration items,1,1,556,rakhi-wishes-for-cousin-brother,0.14
where can i buy birthday decorations nearby,1,1,556,birthday-poster-template-free-download,0.2
birth and numerology,1,1,556,birth-month-flowers-and-meanings,0.17
birth number in numerology,1,1,556,birth-month-flowers-and-meanings,0.17
birthday number balloons small,1,1,556,,0.0
birthday number calculator,1,1,556,interactive-love-calculator-text-display-box-no-code,0.11
birthday number design tattoo,1,1,556,birthday-banner-design-template,0.2
birthday number format,1,1,556,romantic-deep-emotional-letter-format-for-marriage-vows,0.14
birthday number glasses,1,1,556,,0.0
birthday number is 2,1,1,556,,0.0
birthday number lego set,1,1,556,how-to-set-a-precision-relationship-clocks-widget-link,0.17
birthday number meaning 8,1,1,556,meaning-of-flowers-in-a-bouquet,0.2
birthday number on stick,1,1,556,,0.0
birthday number spiritual meaning,1,1,556,meaning-of-flowers-in-a-bouquet,0.2
birthday number two,1,1,556,raksha-bandhan-wishes-for-bhaiya-bhabhi,0.12
birthday number with flowers,1,1,556,flowers-to-say-sorry-online,0.25
numerology birth no 6,1,1,556,birth-month-flowers-and-meanings,0.17
numerology birth report,1,1,556,birth-month-flowers-and-meanings,0.17
numerology birth year tarot,1,1,556,what-to-write-in-a-5-year-relationship-anniversary-letter,0.2
numerology birthdate hidden warnings,1,1,556,hidden-image-reveals-timeline-frames,0.17
what is birth numerology,1,1,556,birth-month-flowers-and-meanings,0.17
8 date birthday famous personality,1,1,555,girlfriend-day-date,0.2
birth date and time personality,1,1,555,girlfriend-day-date,0.2
birthday astrology dates,1,1,555,how-to-map-out-relationship-dates-with-photo-carousel-blocks,0.14
birthday personality by date of birth,1,1,555,birth-month-flowers-and-meanings,0.33
60 years birthday photo frame,1,1,555,birthday-photo-frame-template,0.33
birthday photo editor app free,1,1,555,free-online-love-letter-editor,0.2
birthday photo editor online,1,1,555,free-online-love-letter-editor,0.2
birthday photo frame add photo,1,1,555,birthday-photo-frame-template,0.33
birthday photo frame cdr,1,1,555,birthday-photo-frame-template,0.33
birthday photo frame editing free,1,1,555,birthday-photo-frame-template,0.33
birthday photo frame editor app download,1,1,555,birthday-photo-frame-template,0.33
birthday photo frame hanging,1,1,555,birthday-photo-frame-template,0.33
birthday photo frame ideas for girl,1,1,555,birthday-photo-frame-template,0.33
birthday photo frame light wala,1,1,555,birthday-photo-frame-template,0.33
birthday photo frame marathi,1,1,555,i-miss-you-in-marathi,0.2
birthday photo frame nearby,1,1,555,birthday-photo-frame-template,0.33
birthday photo frame price in nepal,1,1,555,birthday-photo-frame-template,0.33
birthday photo frame sticker,1,1,555,birthday-photo-frame-template,0.33
birthday photo frame under 100,1,1,555,birthday-photo-frame-template,0.33
birthday photo video editor app,1,1,555,raksha-bandhan-video-maker-with-photo-and-music,0.22
birthday selfie ideas,1,1,555,,0.0
happy birthday photo frame kaise banaye,1,1,555,birthday-photo-frame-template,0.33
happy birthday round photo frame,1,1,555,birthday-photo-frame-template,0.33
photo frame quotes for couple birthday,1,1,555,birthday-photo-frame-template,0.33
size of the photo frame,1,1,555,birthday-photo-frame-template,0.33
birthday card decoration ideas at home,1,1,555,happy-birthday-card-template-free,0.25
birthday decoration ideas at home balloon,1,1,555,,0.0
birthday decoration ideas at home for girl photo,1,1,555,raksha-bandhan-wishes-with-name-and-photo,0.2
birthday decoration ideas at home window,1,1,555,,0.0
birthday decoration theme in home,1,1,555,anime-theme-dynamic-proposal-webpage-maker-free,0.17
boy birthday decoration ideas at home nearby,1,1,555,birthday-invitation-template-for-boy,0.14
boy birthday decoration ideas at home pinterest,1,1,555,birthday-invitation-template-for-boy,0.14
diy birthday decoration ideas at home for girl,1,1,555,birthday-invitation-template-for-girl,0.17
easy birthday decoration ideas at home with balloons,1,1,555,birthday-gift-for-mom-online,0.25
father birthday decoration ideas at home simple,1,1,555,birthday-itinerary-template,0.2
krishna theme birthday decoration ideas at home,1,1,555,anime-theme-dynamic-proposal-webpage-maker-free,0.17
monthly birthday decoration ideas at home,1,1,555,,0.0
simple birthday decoration ideas at home with lights,1,1,555,birthday-itinerary-template,0.2
simple home birthday decoration ideas at home,1,1,555,birthday-itinerary-template,0.2
twins birthday decoration ideas at home,1,1,555,,0.0
birthday cake for best friend with name and photo,1,1,555,raksha-bandhan-wishes-with-name-and-photo,0.4
birthday cake photo editing with name online free,1,1,555,raksha-bandhan-wishes-with-name-and-photo,0.4
birthday cake photo with name free download,1,1,555,raksha-bandhan-wishes-with-name-and-photo,0.4
birthday cake with name and date,1,1,555,birthday-wishes-for-someone-special-with-name,0.33
birthday cake with name boys kids,1,1,555,birthday-wishes-for-someone-special-with-name,0.25
birthday cake with name dua,1,1,555,birthday-wishes-for-someone-special-with-name,0.33
birthday cake with name gaurav,1,1,555,birthday-wishes-for-someone-special-with-name,0.33
birthday cake with name hubby,1,1,555,birthday-wishes-for-someone-special-with-name,0.33
birthday cake with name imran,1,1,555,birthday-wishes-for-someone-special-with-name,0.33
birthday cake with name jessica,1,1,555,birthday-wishes-for-someone-special-with-name,0.33
birthday cake with name kavya,1,1,555,birthday-wishes-for-someone-special-with-name,0.33
birthday cake with name leena,1,1,555,birthday-wishes-for-someone-special-with-name,0.33
birthday cake with name maha,1,1,555,birthday-wishes-for-someone-special-with-name,0.33
birthday cake with name omkar,1,1,555,birthday-wishes-for-someone-special-with-name,0.33
birthday cake with name parth,1,1,555,birthday-wishes-for-someone-special-with-name,0.33
birthday cake with name rose,1,1,555,birthday-wishes-for-someone-special-with-name,0.33
birthday cake with name shraddha,1,1,555,birthday-wishes-for-someone-special-with-name,0.33
birthday cake with name tayyaba,1,1,555,birthday-wishes-for-someone-special-with-name,0.33
birthday cake with name urooj,1,1,555,birthday-wishes-for-someone-special-with-name,0.33
birthday cake with name vinay,1,1,555,birthday-wishes-for-someone-special-with-name,0.33
birthday cake with name zunaira,1,1,555,birthday-wishes-for-someone-special-with-name,0.33
happy birthday cake with name candles,1,1,555,birthday-wishes-for-someone-special-with-name,0.33
happy birthday cake with name maker,1,1,555,birthday-wishes-for-someone-special-with-name,0.33
happy birthday cake with name wife,1,1,555,birthday-wishes-for-someone-special-with-name,0.33
happy birthday cake with name yogesh,1,1,555,birthday-wishes-for-someone-special-with-name,0.33
queen birthday cake with name,1,1,555,birthday-wishes-for-someone-special-with-name,0.33
birthday gift apple,1,1,555,online-birthday-gift-for-boyfriend,0.33
birthday gift best friend male,1,1,555,birthday-gift-ideas-for-best-friend,0.4
birthday gift free stores,1,1,555,online-birthday-gift-for-boyfriend,0.33
birthday gift maker online free,1,1,555,letter-bouquet-maker,0.33
birthday gift online order,1,1,555,online-birthday-gift-for-boyfriend,0.33
birthday gift uk,1,1,555,online-birthday-gift-for-boyfriend,0.33
birthday gift with photo frame,1,1,555,birthday-photo-frame-template,0.33
birthday gift without card,1,1,555,online-birthday-gift-for-boyfriend,0.33
birthday surprise at home for kids,1,1,555,birthday-wishes-for-junior,0.33
birthday surprise builder,1,1,555,birthday-wishes-for-junior,0.33
birthday surprise code,1,1,555,birthday-wishes-for-junior,0.33
birthday surprise drawing,1,1,555,birthday-wishes-for-junior,0.33
birthday surprise events in chennai,1,1,555,birthday-wishes-for-junior,0.33
birthday surprise hotel room,1,1,555,birthday-wishes-for-junior,0.33
birthday surprise invitations templates,1,1,555,birthday-wishes-for-junior,0.33
birthday surprise japan,1,1,555,birthday-wishes-for-junior,0.33
birthday surprise kollam,1,1,555,birthday-wishes-for-junior,0.33
birthday surprise link for love,1,1,555,birthday-wishes-for-junior,0.33
birthday surprise music,1,1,555,birthday-wishes-for-junior,0.33
birthday surprise night,1,1,555,birthday-wishes-for-junior,0.33
birthday surprise on car,1,1,555,birthday-wishes-for-junior,0.33
birthday surprise private theatre,1,1,555,birthday-wishes-for-junior,0.33
birthday surprise quotes for instagram,1,1,555,rakhi-quotes-one-liners-for-instagram,0.4
birthday surprise reply,1,1,555,birthday-wishes-for-junior,0.33
birthday surprise scanner,1,1,555,birthday-wishes-for-junior,0.33
birthday surprise thanks quotes,1,1,555,birthday-wishes-for-junior,0.33
birthday surprise visit friends quotes,1,1,555,birthday-wishes-for-chachu,0.25
birthday surprise wishes link,1,1,555,birthday-wishes-for-junior,0.33
how to surprise birthday party,1,1,555,birthday-wishes-for-junior,0.33
how to surprise on birthday,1,1,555,birthday-wishes-for-junior,0.33
sudden birthday surprise ideas,1,1,555,birthday-wishes-for-junior,0.33
what birthday gift for female friend,1,1,555,birthday-gift-ideas-for-best-friend,0.4
which birthday gift is best for girl,1,1,555,online-birthday-gift-for-boyfriend,0.33
zepto birthday surprise,1,1,555,birthday-wishes-for-junior,0.33
bhojpuri birthday song with name,1,1,555,birthday-wishes-for-someone-special-with-name,0.33
birthday greeting song with name,1,1,555,birthday-wishes-for-someone-special-with-name,0.33
birthday song malayalam lyrics with name,1,1,555,miss-you-quotes-in-malayalam,0.17
captain zoom birthday song with name free download,1,1,555,birthday-wishes-for-someone-special-with-name,0.25
happy birthday joan song with name,1,1,555,birthday-wishes-for-someone-special-with-name,0.33
happy birthday song download with name tamil,1,1,555,miss-you-quotes-in-tamil,0.17
happy birthday song with custom name,1,1,555,birthday-wishes-for-someone-special-with-name,0.33
happy birthday song with kids name,1,1,555,birthday-wishes-for-someone-special-with-name,0.33
happy birthday song with name and wishes,1,1,555,birthday-wishes-for-someone-special-with-name,0.33
happy birthday song with personalised name,1,1,555,birthday-wishes-for-someone-special-with-name,0.33
happy birthday song with seema name,1,1,555,birthday-wishes-for-someone-special-with-name,0.33
music birthday cake with name edit,1,1,555,rakhi-wishes-with-brother-name-and-photo-edit,0.33
rsc birthday song with name,1,1,555,birthday-wishes-for-someone-special-with-name,0.33
youtube birthday song with name,1,1,555,birthday-wishes-for-someone-special-with-name,0.33
20th birthday decoration ideas,1,1,555,,0.0
birthday decoration at home items,1,1,555,moving-items-dodge-no-response-proposal,0.11
birthday decoration baby girl,1,1,555,birthday-invitation-template-for-girl,0.17
birthday decoration contact number near me,1,1,555,forgive-me-please-custom-response-button-mobile,0.14
birthday decoration dikhaiye,1,1,555,,0.0
birthday decoration elsa theme,1,1,555,anime-theme-dynamic-proposal-webpage-maker-free,0.17
birthday decoration goa beach,1,1,555,,0.0
birthday decoration hotel,1,1,555,,0.0
birthday decoration ideas at beach,1,1,555,,0.0
birthday decoration in davangere,1,1,555,,0.0
birthday decoration jhalar in english,1,1,555,raksha-bandhan-wishes-for-bhaiya-and-bhabhi-in-english,0.2
birthday decoration ka saman,1,1,555,,0.0
birthday decoration love theme,1,1,555,birthday-wishes-for-love-with-name,0.2
birthday decoration manufacturers,1,1,555,,0.0
birthday decoration minimal,1,1,555,unbranded-minimal-grid-romantic-photos,0.12
birthday decoration net curtain,1,1,555,,0.0
birthday decoration one year,1,1,555,birthday-gift-for-girlfriend-online,0.2
birthday decoration online delivery,1,1,555,digital-flower-delivery,0.17
birthday decoration plan,1,1,555,birthday-checklist-template,0.2
birthday decoration rental,1,1,555,,0.0
birthday decoration shop,1,1,555,,0.0
birthday decoration thread,1,1,555,,0.0
birthday decoration urban company,1,1,555,raksha-bandhan-business-wishes-with-company-logo,0.2
birthday decoration visiting card,1,1,555,happy-birthday-card-template-free,0.25
birthday decoration without balloons for girl,1,1,555,how-to-say-sorry-without-saying-sorry,0.25
birthday design free,1,1,555,birthday-banner-design-template,0.2
birthday design template cdr,1,1,555,birthday-banner-design-template,0.4
birthday party appetizers kids,1,1,555,birthday-party-invitation-template,0.25
birthday party best dress,1,1,555,birthday-party-invitation-template,0.25
birthday party quotes,1,1,555,birthday-party-invitation-template,0.25
birthday party yacht rental,1,1,555,birthday-party-invitation-template,0.25
birthday party zoo near me,1,1,555,birthday-party-invitation-template,0.25
how to birthday decoration at home,1,1,555,,0.0
what decorations for birthday party,1,1,555,birthday-party-invitation-template,0.25
where can i buy birthday decorations in store,1,1,555,birthday-poster-template-free-download,0.2
birth date numerology free,1,1,555,girlfriend-day-date,0.2
birth date numerology in marathi,1,1,555,i-miss-you-in-marathi,0.2
birthdate numerology test partners,1,1,555,interactive-love-meter-test-link-maker-for-valentine-fun,0.12
birthday angel number calculator,1,1,555,interactive-love-calculator-text-display-box-no-code,0.11
birthday hat number 1,1,1,555,,0.0
birthday number balloons 10,1,1,555,custom-photo-grid-layout-for-10-year-relationship,0.14
birthday number candles near me,1,1,555,forgive-me-please-custom-response-button-mobile,0.14
birthday number display,1,1,555,display-meeting-map-on-anniversary-timeline,0.17
birthday number filled with balloons,1,1,555,,0.0
birthday number girls,1,1,555,,0.0
birthday number led,1,1,555,,0.0
birthday number meaning 7,1,1,555,meaning-of-flowers-in-a-bouquet,0.2
birthday number of 9,1,1,555,,0.0
birthday number price,1,1,555,,0.0
birthday number shirt,1,1,555,,0.0
birthday number writing,1,1,555,unbranded-text-area-canvas-poetry,0.14
birthday numbers and their meanings,1,1,555,flowers-and-their-meanings-list,0.33
birthday numerology number 3,1,1,555,,0.0
numerology birth no 4,1,1,555,birth-month-flowers-and-meanings,0.17
numerology birth year 9,1,1,555,what-to-write-in-a-5-year-relationship-anniversary-letter,0.2
birthday personality compatibility,1,1,554,,0.0
numerology birth date personality calculator,1,1,554,girlfriend-day-date,0.2
1 year baby birthday photo frame design,1,1,554,birthday-photo-frame-template,0.33
birthday photo editor online free download,1,1,554,free-online-love-letter-editor,0.2
birthday photo frame amazon,1,1,554,birthday-photo-frame-template,0.33
birthday photo frame boyfriend,1,1,554,birthday-photo-frame-template,0.33
birthday photo frame create online,1,1,554,birthday-photo-frame-template,0.33
birthday photo frame design hd,1,1,554,birthday-photo-frame-template,0.33
birthday photo frame design july,1,1,554,birthday-photo-frame-template,0.33
birthday photo frame design kids,1,1,554,birthday-photo-frame-template,0.33
birthday photo frame editor app,1,1,554,birthday-photo-frame-template,0.33
birthday photo frame for female best friend,1,1,554,birthday-photo-frame-template,0.33
birthday photo frame gf,1,1,554,birthday-photo-frame-template,0.33
birthday photo frame ideas for boys,1,1,554,birthday-photo-frame-template,0.33
birthday photo frame little boy,1,1,554,birthday-photo-frame-template,0.33
birthday photo frame march,1,1,554,birthday-photo-frame-template,0.33
birthday photo frame october,1,1,554,birthday-photo-frame-template,0.33
birthday photo frame phd,1,1,554,birthday-photo-frame-template,0.33
birthday photo frame sri lanka,1,1,554,birthday-photo-frame-template,0.33
birthday photo video editor online free,1,1,554,raksha-bandhan-video-maker-with-photo-and-music,0.22
happy birthday photo frame instagram,1,1,554,birthday-photo-frame-template,0.33
happy birthday photo frame upload,1,1,554,birthday-photo-frame-template,0.33
2nd birthday decoration ideas at home pinterest,1,1,554,,0.0
baby birthday decoration ideas at home simple,1,1,554,birthday-itinerary-template,0.2
birthday cake decoration ideas at home,1,1,554,birthday-cake-topper-template,0.2
birthday decoration ideas at home blue,1,1,554,,0.0
birthday decoration ideas at home for 10 year girl,1,1,554,custom-photo-grid-layout-for-10-year-relationship,0.29
birthday decoration ideas at home for girlfriend,1,1,554,how-to-surprise-girlfriend-on-birthday-online,0.33
birthday decoration ideas at home red and golden,1,1,554,what-does-a-red-rose-mean,0.12
birthday decoration ideas simple at home,1,1,554,birthday-itinerary-template,0.2
birthday lunch decoration ideas at home,1,1,554,,0.0
birthday table decoration ideas at home simple,1,1,554,birthday-itinerary-template,0.2
decoration birthday decoration ideas at home,1,1,554,,0.0
easy birthday decoration ideas at home for kids,1,1,554,birthday-gift-for-mom-online,0.25
indoor birthday party ideas at home,1,1,554,birthday-party-invitation-template,0.25
birthday cake for best friend female with name,1,1,554,birthday-wishes-for-school-friend,0.25
birthday cake with multiple names,1,1,554,birthday-cake-topper-template,0.2
birthday cake with name 1 year boy,1,1,554,birthday-wishes-for-someone-special-with-name,0.25
birthday cake with name and photo app download,1,1,554,raksha-bandhan-wishes-with-name-and-photo,0.4
birthday cake with name and photo online,1,1,554,raksha-bandhan-wishes-with-name-and-photo,0.4
birthday cake with name and wishes for friend,1,1,554,birthday-wishes-for-someone-special-with-name,0.33
birthday cake with name arun,1,1,554,birthday-wishes-for-someone-special-with-name,0.33
birthday cake with name bhabhi ji,1,1,554,birthday-wishes-for-bhabhi,0.25
birthday cake with name didi,1,1,554,birthday-wishes-for-someone-special-with-name,0.33
birthday cake with name edit for sister,1,1,554,rakhi-wishes-with-brother-name-and-photo-edit,0.33
birthday cake with name gauri,1,1,554,birthday-wishes-for-someone-special-with-name,0.33
birthday cake with name hema,1,1,554,birthday-wishes-for-someone-special-with-name,0.33
birthday cake with name joshua,1,1,554,birthday-wishes-for-someone-special-with-name,0.33
birthday cake with name kalpana,1,1,554,birthday-wishes-for-someone-special-with-name,0.33
birthday cake with name lucy,1,1,554,birthday-wishes-for-someone-special-with-name,0.33
birthday cake with name musa,1,1,554,birthday-wishes-for-someone-special-with-name,0.33
birthday cake with name of ayesha,1,1,554,birthday-wishes-for-someone-special-with-name,0.33
birthday cake with name photo and music,1,1,554,raksha-bandhan-wishes-with-name-and-photo,0.4
birthday cake with name rekha,1,1,554,birthday-wishes-for-someone-special-with-name,0.33
birthday cake with name sangeeta,1,1,554,birthday-wishes-for-someone-special-with-name,0.33
birthday cake with name tag,1,1,554,birthday-wishes-for-someone-special-with-name,0.33
birthday cake with name utkarsh,1,1,554,birthday-wishes-for-someone-special-with-name,0.33
birthday cake with name vishal,1,1,554,birthday-wishes-for-someone-special-with-name,0.33
birthday cake with name zimal,1,1,554,birthday-wishes-for-someone-special-with-name,0.33
birthday wishes cake with name free download,1,1,554,birthday-wishes-for-someone-special-with-name,0.33
happy birthday cake with name cartoon,1,1,554,birthday-wishes-for-someone-special-with-name,0.33
happy birthday cake with name generator,1,1,554,birthday-wishes-for-someone-special-with-name,0.33
birthday gift app free,1,1,554,online-birthday-gift-for-boyfriend,0.33
birthday gift best friend ideas,1,1,554,birthday-gift-ideas-for-best-friend,0.4
birthday gift free delivery,1,1,554,online-birthday-gift-for-boyfriend,0.33
birthday gift online free,1,1,554,online-birthday-gift-for-boyfriend,0.33
birthday gift with husband,1,1,554,online-birthday-gift-for-boyfriend,0.33
birthday gift year old girl,1,1,554,birthday-gift-for-mom-online,0.25
birthday surprise 2024,1,1,554,birthday-wishes-for-junior,0.33
birthday surprise at home for husband,1,1,554,birthday-wishes-for-husband,0.4
birthday surprise bangkok,1,1,554,birthday-wishes-for-junior,0.33
birthday surprise caption for husband,1,1,554,birthday-wishes-for-husband,0.4
birthday surprise dubai,1,1,554,birthday-wishes-for-junior,0.33
birthday surprise experiences for husband,1,1,554,birthday-wishes-for-husband,0.4
birthday surprise gift for daughter,1,1,554,birthday-wishes-for-junior,0.33
birthday surprise hotel booking,1,1,554,birthday-wishes-for-junior,0.33
birthday surprise ideas for husband in bangalore,1,1,554,birthday-wishes-for-husband,0.4
birthday surprise ideas without money,1,1,554,birthday-wishes-for-junior,0.33
birthday surprise in bangalore for couples,1,1,554,birthday-wishes-for-junior,0.33
birthday surprise in jeddah,1,1,554,birthday-wishes-for-junior,0.33
birthday surprise karachi,1,1,554,birthday-wishes-for-junior,0.33
birthday surprise lines,1,1,554,birthday-wishes-for-junior,0.33
birthday surprise message for husband,1,1,554,birthday-wishes-for-husband,0.4
birthday surprise nagpur,1,1,554,birthday-wishes-for-junior,0.33
birthday surprise on,1,1,554,birthday-wishes-for-junior,0.33
birthday surprise plan ideas,1,1,554,birthday-wishes-for-husband,0.4
birthday surprise quotes in english,1,1,554,raksha-bandhan-wishes-for-bhaiya-and-bhabhi-in-english,0.2
birthday surprise room setup,1,1,554,birthday-wishes-for-junior,0.33
birthday surprise song hindi,1,1,554,raksha-bandhan-history-in-hindi,0.25
birthday surprise theatre near me,1,1,554,birthday-wishes-for-chachu,0.25
birthday surprise vehicle,1,1,554,birthday-wishes-for-junior,0.33
how can i surprise someone on their birthday,1,1,554,birthday-wishes-for-chachu,0.25
how to surprise birthday wishes,1,1,554,birthday-wishes-for-junior,0.33
what birthday gift for sister,1,1,554,online-birthday-gift-for-boyfriend,0.33
which birthday gift for wife,1,1,554,online-birthday-gift-for-boyfriend,0.33
birthday song ke name,1,1,554,birthday-wishes-for-someone-special-with-name,0.33
birthday song made by name,1,1,554,birthday-wishes-for-someone-special-with-name,0.25
birthday song punjabi name,1,1,554,miss-you-message-in-punjabi,0.17
birthday song singer name,1,1,554,birthday-wishes-for-someone-special-with-name,0.33
captain zoom birthday song with name free download mp4,1,1,554,birthday-wishes-for-love-with-name,0.2
happy birthday jane song with name,1,1,554,birthday-wishes-for-someone-special-with-name,0.33
happy birthday rock song with name,1,1,554,birthday-wishes-for-someone-special-with-name,0.33
happy birthday song name edit download,1,1,554,birthday-wishes-for-someone-special-with-name,0.33
happy birthday song name wala,1,1,554,birthday-wishes-for-someone-special-with-name,0.33
happy birthday song with child's name,1,1,554,birthday-wishes-for-someone-special-with-name,0.33
happy birthday song with name ai generator,1,1,554,birthday-wishes-for-someone-special-with-name,0.25
l happy birthday song with name,1,1,554,birthday-wishes-for-someone-special-with-name,0.33
make a birthday song with your name,1,1,554,birthday-wishes-for-someone-special-with-name,0.33
video birthday song with name and photo,1,1,554,raksha-bandhan-wishes-with-name-and-photo,0.4
birthday decoration at home for husband,1,1,554,birthday-wishes-for-husband,0.2
birthday decoration bijapur,1,1,554,,0.0
birthday decoration cake,1,1,554,birthday-cake-topper-template,0.2
birthday decoration creator,1,1,554,interactive-grid-collage-creator-for-dating-anniversaries,0.17
birthday decoration diy at home,1,1,554,happy-birthday-banner-template-printable,0.14
birthday decoration event management,1,1,554,custom-background-track-valentine-event-page-builder,0.14
birthday decoration flowers,1,1,554,flowers-to-say-sorry-online,0.25
birthday decoration golden black balloon,1,1,554,black-and-gold-birthday-invitation-template,0.14
birthday decoration husband,1,1,554,birthday-wishes-for-husband,0.2
birthday decoration ideas for adults,1,1,554,,0.0
birthday decoration ideas for kids,1,1,554,kids-birthday-invitation-template,0.17
birthday decoration ideas for outdoor,1,1,554,,0.0
birthday decoration instant delivery,1,1,554,digital-flower-delivery,0.17
birthday decoration jamshedpur,1,1,554,,0.0
birthday decoration kit blinkit,1,1,554,,0.0
birthday decoration letters,1,1,554,private-cloud-archive-love-letters,0.17
birthday decoration marathahalli,1,1,554,,0.0
birthday decoration normal,1,1,554,,0.0
birthday decoration on board,1,1,554,birthday-milestone-board-template,0.14
birthday decoration online hyderabad,1,1,554,,0.0
birthday decoration party hall,1,1,554,birthday-party-invitation-template,0.25
birthday decoration red colour,1,1,554,what-does-a-red-rose-mean,0.12
birthday decoration screen,1,1,554,dual-tracking-viewports-split-screen-relationship-stories,0.14
birthday decoration things name,1,1,554,birthday-wishes-for-someone-special-with-name,0.33
birthday decoration unicorn,1,1,554,unicorn-birthday-invitation-template,0.17
birthday decoration without arch,1,1,554,how-to-say-sorry-without-saying-sorry,0.25
birthday design template for kids,1,1,554,birthday-banner-design-template,0.4
birthday party appleton,1,1,554,birthday-party-invitation-template,0.25
birthday party best,1,1,554,birthday-party-invitation-template,0.25
birthday party free images,1,1,554,birthday-party-invitation-template,0.25
birthday party quotes for instagram,1,1,554,rakhi-quotes-one-liners-for-instagram,0.4
birthday party yacht,1,1,554,birthday-party-invitation-template,0.25
birthday party zone,1,1,554,birthday-party-invitation-template,0.25
how to birthday decoration room,1,1,554,private-cloud-note-storage-room-layout-for-dual-couple-synch,0.09
how to decorate birthday table with balloons,1,1,554,,0.0
where can i buy 50th birthday decorations,1,1,554,birthday-poster-template-free-download,0.2
birth date numerology in hindi,1,1,554,raksha-bandhan-history-in-hindi,0.25
birth registration number,1,1,554,birth-month-flowers-and-meanings,0.17
birthdate and numerology,1,1,554,,0.0
birthday hat number 2,1,1,554,,0.0
birthday number 9 numerology,1,1,554,,0.0
birthday number balloon 3,1,1,554,,0.0
birthday number cake,1,1,554,birthday-cake-topper-template,0.2
birthday number dolls,1,1,554,,0.0
birthday number frame,1,1,554,birthday-photo-frame-template,0.17
birthday number list,1,1,554,birthday-wish-list-template,0.2
birthday number meaning 4,1,1,554,meaning-of-flowers-in-a-bouquet,0.2
birthday number one candle,1,1,554,birthday-gift-for-girlfriend-online,0.2
birthday number props,1,1,554,,0.0
birthday number shadow,1,1,554,,0.0
birthday number top,1,1,554,,0.0
birthday numerology number 2,1,1,554,,0.0
birthday whatsapp number,1,1,554,free-live-relationship-timer-link-for-whatsapp-bio,0.17
numerology birth grid,1,1,554,birth-month-flowers-and-meanings,0.17
numerology birth no 7,1,1,554,birth-month-flowers-and-meanings,0.17
numerology birth year 6,1,1,554,what-to-write-in-a-5-year-relationship-anniversary-letter,0.2
what is birthday number in numerology,1,1,554,,0.0
birthday date compatibility,1,1,553,girlfriend-day-date,0.2
birthday today personality,1,1,553,free-digital-flowers,0.17
does birth date affect personality,1,1,553,girlfriend-day-date,0.2
60th birthday photo frames uk,1,1,553,raksha-bandhan-wishes-with-name-and-photo,0.2
birthday calendar photo frame july,1,1,553,birthday-photo-frame-template,0.33
birthday frame photo editing canva,1,1,553,birthday-photo-frame-template,0.33
birthday photo editor online free without watermark,1,1,553,how-to-say-sorry-without-saying-sorry,0.25
birthday photo frame album,1,1,553,birthday-photo-frame-template,0.33
birthday photo frame blank,1,1,553,birthday-photo-frame-template,0.33
birthday photo frame canva,1,1,553,birthday-photo-frame-template,0.33
birthday photo frame design app,1,1,553,birthday-photo-frame-template,0.33
birthday photo frame design for husband,1,1,553,birthday-photo-frame-template,0.33
birthday photo frame design in boys,1,1,553,birthday-photo-frame-template,0.33
birthday photo frame design vector,1,1,553,birthday-photo-frame-template,0.33
birthday photo frame for friend,1,1,553,birthday-photo-frame-template,0.33
birthday photo frame for male best friend,1,1,553,birthday-photo-frame-template,0.33
birthday photo frame gift for husband,1,1,553,birthday-photo-frame-template,0.33
birthday photo frame ideas for boyfriend,1,1,553,birthday-photo-frame-template,0.33
birthday photo frame lover,1,1,553,birthday-photo-frame-template,0.33
birthday photo frame men,1,1,553,birthday-photo-frame-template,0.33
birthday photo frame picture,1,1,553,birthday-photo-frame-template,0.33
birthday photo frame status,1,1,553,birthday-photo-frame-template,0.33
birthday photo frame transparent,1,1,553,birthday-photo-frame-template,0.33
happy birthday photo frame kids,1,1,553,birthday-photo-frame-template,0.33
happy birthday photo frame new design,1,1,553,birthday-photo-frame-template,0.33
one year baby birthday photo frame,1,1,553,birthday-photo-frame-template,0.33
birthday cake table decoration ideas at home,1,1,553,birthday-cake-topper-template,0.2
birthday decoration ideas at home for 13 year girl,1,1,553,what-to-write-in-a-5-year-relationship-anniversary-letter,0.2
birthday decoration ideas at home for girl and boy,1,1,553,birthday-invitation-template-for-girl,0.17
birthday decoration ideas at home status,1,1,553,girlfriend-day-status-for-whatsapp,0.14
birthday decoration ideas at home things,1,1,553,things-to-do-on-girlfriend-day,0.14
birthday decoration ideas at home unicorn theme,1,1,553,anime-theme-dynamic-proposal-webpage-maker-free,0.17
birthday decoration ideas at home without wall,1,1,553,how-to-say-sorry-without-saying-sorry,0.25
birthday decoration ideas for adults at home,1,1,553,,0.0
birthday wall decoration ideas at home simple,1,1,553,birthday-itinerary-template,0.2
children birthday decoration ideas at home,1,1,553,,0.0
diy 1st birthday decoration ideas at home,1,1,553,1st-birthday-invitation-template-free,0.17
easy birthday decoration ideas at home for husband,1,1,553,birthday-gift-for-mom-online,0.25
indoor birthday party ideas at home for girl,1,1,553,birthday-party-invitation-template,0.25
simple birthday decoration ideas at home for love,1,1,553,what-flower-means-i-love-you,0.29
simple birthday decoration ideas at home red colour,1,1,553,birthday-itinerary-template,0.2
small birthday party ideas at home for kids,1,1,553,birthday-party-invitation-template,0.25
appa birthday cake with name,1,1,553,birthday-wishes-for-someone-special-with-name,0.33
birthday cake for best friend male with name,1,1,553,birthday-wishes-for-school-friend,0.25
birthday cake images with name free,1,1,553,birthday-wishes-for-someone-special-with-name,0.33
birthday cake images with name generator,1,1,553,birthday-wishes-for-someone-special-with-name,0.33
birthday cake photo girl with name online,1,1,553,raksha-bandhan-wishes-with-name-and-photo,0.4
birthday cake with name alka,1,1,553,birthday-wishes-for-someone-special-with-name,0.33
birthday cake with name delivery,1,1,553,birthday-wishes-for-someone-special-with-name,0.33
birthday cake with name edit for men,1,1,553,rakhi-wishes-with-brother-name-and-photo-edit,0.33
birthday cake with name gurpreet,1,1,553,birthday-wishes-for-someone-special-with-name,0.33
birthday cake with name huzaifa,1,1,553,birthday-wishes-for-someone-special-with-name,0.33
birthday cake with name irha,1,1,553,birthday-wishes-for-someone-special-with-name,0.33
birthday cake with name julie,1,1,553,birthday-wishes-for-someone-special-with-name,0.33
birthday cake with name kamal,1,1,553,birthday-wishes-for-someone-special-with-name,0.33
birthday cake with name lata,1,1,553,birthday-wishes-for-someone-special-with-name,0.33
birthday cake with name mehak,1,1,553,birthday-wishes-for-someone-special-with-name,0.33
birthday cake with name of fatima,1,1,553,birthday-wishes-for-someone-special-with-name,0.33
birthday cake with name prashant,1,1,553,birthday-wishes-for-someone-special-with-name,0.33
birthday cake with name rohan,1,1,553,birthday-wishes-for-someone-special-with-name,0.33
birthday cake with name saba,1,1,553,birthday-wishes-for-someone-special-with-name,0.33
birthday cake with name talha,1,1,553,birthday-wishes-for-someone-special-with-name,0.33
birthday cake with name vaishnavi,1,1,553,birthday-wishes-for-someone-special-with-name,0.33
birthday cake with name with pic,1,1,553,birthday-wishes-for-someone-special-with-name,0.33
birthday cake with name zoha,1,1,553,birthday-wishes-for-someone-special-with-name,0.33
happy birthday cake with name car,1,1,553,birthday-wishes-for-someone-special-with-name,0.33
happy birthday cake with name edit free download,1,1,553,birthday-wishes-for-someone-special-with-name,0.33
happy birthday cake with name umar,1,1,553,birthday-wishes-for-someone-special-with-name,0.33
happy birthday cake with name written,1,1,553,birthday-wishes-for-someone-special-with-name,0.33
happy birthday cake with name yash,1,1,553,birthday-wishes-for-someone-special-with-name,0.33
birthday gift appreciation prayer,1,1,553,online-birthday-gift-for-boyfriend,0.33
birthday gift best wishes,1,1,553,online-birthday-gift-for-boyfriend,0.33
birthday gift free in dubai,1,1,553,online-birthday-gift-for-boyfriend,0.33
birthday gift jewellery,1,1,553,online-birthday-gift-for-boyfriend,0.33
birthday gift online order sri lanka,1,1,553,birthday-gift-combo-online-delivery,0.29
birthday gift with,1,1,553,online-birthday-gift-for-boyfriend,0.33
birthday gift young men,1,1,553,online-birthday-gift-for-boyfriend,0.33
birthday surprise 2,1,1,553,birthday-wishes-for-junior,0.33
birthday surprise at pvr,1,1,553,birthday-wishes-for-junior,0.33
birthday surprise booking near me,1,1,553,birthday-wishes-for-chachu,0.25
birthday surprise celebration near me,1,1,553,birthday-wishes-for-chachu,0.25
birthday surprise decoration for boyfriend,1,1,553,birthday-wishes-for-junior,0.33
birthday surprise events in coimbatore,1,1,553,birthday-wishes-for-junior,0.33
birthday surprise gift service online,1,1,553,birthday-wishes-for-junior,0.33
birthday surprise html,1,1,553,birthday-wishes-for-junior,0.33
birthday surprise ideas for wife,1,1,553,birthday-wishes-for-junior,0.33
birthday surprise in theatre,1,1,553,birthday-wishes-for-junior,0.33
birthday surprise itinerary template,1,1,553,birthday-itinerary-template,0.4
birthday surprise kl,1,1,553,birthday-wishes-for-junior,0.33
birthday surprise link free with name,1,1,553,birthday-wishes-for-junior,0.33
birthday surprise novel,1,1,553,birthday-wishes-for-junior,0.33
birthday surprise quotes for son,1,1,553,birthday-wishes-for-junior,0.33
birthday surprise reaction,1,1,553,birthday-wishes-for-junior,0.33
birthday surprise same day delivery,1,1,553,romantic-girlfriend-day-wishes,0.4
birthday surprise to wife,1,1,553,birthday-wishes-for-junior,0.33
birthday surprise venue,1,1,553,birthday-wishes-for-junior,0.33
birthday surprise website ideas,1,1,553,birthday-wishes-for-junior,0.33
how can i surprise my birthday ideas,1,1,553,birthday-wishes-for-junior,0.33
how to surprise birthday for boyfriend,1,1,553,birthday-wishes-for-junior,0.33
when you surprise,1,1,553,birthday-wishes-for-junior,0.33
which birthday gift is best for men,1,1,553,online-birthday-gift-for-boyfriend,0.33
zepto birthday surprise coupon,1,1,553,birthday-wishes-for-junior,0.33
birthday song for every name,1,1,553,birthday-wishes-for-someone-special-with-name,0.33
birthday song maker by name,1,1,553,name-bouquet-maker-online,0.29
birthday song with name baby voice,1,1,553,birthday-wishes-for-someone-special-with-name,0.25
birthday voice song with name,1,1,553,birthday-wishes-for-someone-special-with-name,0.33
gujarati birthday song with name,1,1,553,raksha-bandhan-wishes-in-gujarati,0.2
happy birthday jay song with name,1,1,553,birthday-wishes-for-someone-special-with-name,0.33
happy birthday robert song with name,1,1,553,birthday-wishes-for-someone-special-with-name,0.33
happy birthday song name ke sath,1,1,553,birthday-wishes-for-someone-special-with-name,0.25
happy birthday song name wise,1,1,553,birthday-wishes-for-someone-special-with-name,0.33
happy birthday song with name for free download,1,1,553,birthday-wishes-for-someone-special-with-name,0.33
happy birthday song with name how to make,1,1,553,birthday-wishes-for-someone-special-with-name,0.33
how can i make a birthday song with my name,1,1,553,how-to-make-an-emotional-apology-website-with-song-embed,0.33
marathi birthday song lyrics with name,1,1,553,i-miss-you-in-marathi,0.2
sanskrit birthday song with name,1,1,553,birthday-wishes-for-someone-special-with-name,0.33
youtube captain zoom birthday song with name,1,1,553,birthday-wishes-for-love-with-name,0.2
28th birthday decoration ideas,1,1,553,raksha-bandhan-2026,0.1
birthday decoration at home service near me,1,1,553,forgive-me-please-custom-response-button-mobile,0.14
birthday decoration bow,1,1,553,,0.0
birthday decoration cafe near me,1,1,553,forgive-me-please-custom-response-button-mobile,0.14
birthday decoration delivery today,1,1,553,virtual-flower-delivery,0.25
birthday decoration essentials,1,1,553,,0.0
birthday decoration example,1,1,553,complete-canvas-codebase-example-for-romance-links,0.14
birthday decoration girl baby,1,1,553,birthday-invitation-template-for-girl,0.17
birthday decoration home service,1,1,553,,0.0
birthday decoration ideas for girls,1,1,553,,0.0
birthday decoration in car ideas,1,1,553,,0.0
birthday decoration jobs near me,1,1,553,forgive-me-please-custom-response-button-mobile,0.14
birthday decoration ka photo,1,1,553,raksha-bandhan-wishes-with-name-and-photo,0.2
birthday decoration lavender colour,1,1,553,,0.0
birthday decoration me kya kya lagta hai,1,1,553,forgive-me-please-custom-response-button-mobile,0.14
birthday decoration nearby,1,1,553,,0.0
birthday decoration online store,1,1,553,,0.0
birthday decoration order,1,1,553,bouquet-for-girlfriend-online,0.17
birthday decoration pink,1,1,553,aesthetic-minimalist-pastel-pink-love-message-grid,0.14
birthday decoration red and white,1,1,553,what-do-white-roses-mean,0.14
birthday decoration saman,1,1,553,,0.0
birthday decoration tent,1,1,553,,0.0
birthday decoration under 5000,1,1,553,budget-birthday-gift-ideas-under-500,0.25
birthday decoration vip,1,1,553,,0.0
birthday decoration wallpaper,1,1,553,,0.0
birthday decoration with black and golden balloons,1,1,553,black-and-gold-birthday-invitation-template,0.14
birthday decoration without ring,1,1,553,how-to-say-sorry-without-saying-sorry,0.25
birthday design template pinterest,1,1,553,birthday-banner-design-template,0.4
birthday party application for friend,1,1,553,birthday-party-invitation-template,0.25
birthday party best food,1,1,553,birthday-party-invitation-template,0.25
birthday party freepik,1,1,553,birthday-party-invitation-template,0.25
birthday party qatar,1,1,553,birthday-party-invitation-template,0.25
birthday party yacht rental dubai,1,1,553,birthday-party-invitation-template,0.25
birthday party zig and sharko,1,1,553,birthday-party-invitation-template,0.25
is it bad luck to celebrate birthday before,1,1,553,celebrate-raksha-bandhan-online-long-distance,0.2
where can i buy 40th birthday decorations,1,1,553,birthday-poster-template-free-download,0.2
who decorate birthday party,1,1,553,birthday-party-invitation-template,0.25
2026 year numerology,1,1,553,how-to-create-free-digital-birthday-invitation,0.25
birth date numerology in tamil,1,1,553,miss-you-quotes-in-tamil,0.17
birth helpline number,1,1,553,birth-month-flowers-and-meanings,0.17
birth of numerology,1,1,553,birth-month-flowers-and-meanings,0.17
birthday and number,1,1,553,,0.0
birthday girl number of pages,1,1,553,birthday-invitation-template-for-girl,0.17
birthday number 4 numerology,1,1,553,,0.0
birthday number balloon 4,1,1,553,,0.0
birthday number candle price,1,1,553,,0.0
birthday number date,1,1,553,girlfriend-day-date,0.2
birthday number funko pop,1,1,553,cute-custom-pop-up-box-alert-for-crush-confession,0.12
birthday number led light,1,1,553,,0.0
birthday number meaning 2,1,1,553,meaning-of-flowers-in-a-bouquet,0.2
birthday number pictures,1,1,553,,0.0
birthday number stickers for cards,1,1,553,sorry-images-with-name,0.14
birthday number theory,1,1,553,,0.0
birthday numerology number calculator,1,1,553,interactive-love-calculator-text-display-box-no-code,0.11
birthday roman number,1,1,553,custom-dynamic-text-sliders-tool-for-drafting-multiple-roman,0.1
numerology birth no 1,1,1,553,birth-month-flowers-and-meanings,0.17
numerology birth year 5,1,1,553,what-to-write-in-a-5-year-relationship-anniversary-letter,0.2
what is numerology for birth date,1,1,553,girlfriend-day-date,0.2
which birthday date is lucky,1,1,553,girlfriend-day-date,0.2
birthday date love percentage,1,1,552,birthday-wishes-for-love-with-name,0.2
does your birthday determine your personality,1,1,552,what-does-a-tulip-symbolize,0.17
1 year baby birthday photo frame,1,1,552,birthday-photo-frame-template,0.33
birthday calendar photo frame january,1,1,552,birthday-photo-frame-template,0.33
birthday frame images hd,1,1,552,birthday-photo-frame-template,0.17
birthday frame photo editing tamil,1,1,552,miss-you-quotes-in-tamil,0.17
birthday frame without photo,1,1,552,birthday-photo-frame-template,0.33
birthday photo editor online free ai,1,1,552,free-online-love-letter-editor,0.2
birthday photo frame and name,1,1,552,raksha-bandhan-wishes-with-name-and-photo,0.4
birthday photo frame background design,1,1,552,birthday-photo-frame-template,0.33
birthday photo frame cdr file free download,1,1,552,birthday-photo-frame-template,0.33
birthday photo frame design kaise banaye,1,1,552,birthday-photo-frame-template,0.33
birthday photo frame design new model,1,1,552,birthday-photo-frame-template,0.33
birthday photo frame green screen,1,1,552,birthday-photo-frame-template,0.33
birthday photo frame ideas for bestie,1,1,552,birthday-photo-frame-template,0.33
birthday photo frame ideas for sister,1,1,552,birthday-photo-frame-template,0.33
birthday photo frame latest,1,1,552,birthday-photo-frame-template,0.33
birthday photo frame model,1,1,552,birthday-photo-frame-template,0.33
birthday photo frame only,1,1,552,birthday-photo-frame-template,0.33
birthday photo frame photo edit,1,1,552,birthday-photo-frame-template,0.33
birthday photo frame september,1,1,552,birthday-photo-frame-template,0.33
birthday photo frame shayari,1,1,552,birthday-photo-frame-template,0.33
happy birthday photo editor video,1,1,552,raksha-bandhan-video-maker-with-photo-and-music,0.22
happy birthday photo frame app free download,1,1,552,birthday-photo-frame-template,0.33
happy birthday photo frame maker,1,1,552,birthday-photo-frame-template,0.33
happy birthday photo frame psd free download,1,1,552,birthday-photo-frame-template,0.33
unicorn birthday photo frame,1,1,552,birthday-photo-frame-template,0.33
50th birthday decoration ideas at home for men,1,1,552,50th-birthday-invitation-template,0.14
badminton theme birthday decoration ideas at home,1,1,552,anime-theme-dynamic-proposal-webpage-maker-free,0.17
birthday decoration craft ideas at home,1,1,552,,0.0
birthday decoration ideas at home for 5 years old girl,1,1,552,birthday-invitation-template-for-girl,0.17
birthday decoration ideas at home for 7 year old boy,1,1,552,what-to-write-in-a-5-year-relationship-anniversary-letter,0.2
birthday decoration ideas at home for girl under 80,1,1,552,budget-birthday-gift-ideas-under-500,0.2
birthday decoration ideas at home for grandma,1,1,552,,0.0
birthday decoration ideas at home new 2024,1,1,552,,0.0
birthday decoration ideas at home red theme,1,1,552,anime-theme-dynamic-proposal-webpage-maker-free,0.17
birthday decoration ideas at home without stand,1,1,552,how-to-say-sorry-without-saying-sorry,0.25
elsa birthday decoration ideas at home,1,1,552,,0.0
girl birthday decoration ideas at home pinterest,1,1,552,birthday-invitation-template-for-girl,0.17
kpop birthday party ideas at home,1,1,552,birthday-party-invitation-template,0.25
laddu gopal birthday decoration ideas at home,1,1,552,,0.0
simple birthday decoration ideas at home for girl diy,1,1,552,birthday-itinerary-template,0.2
best birthday cake for girls with name,1,1,552,birthday-wishes-for-someone-special-with-name,0.33
birthday cake create name and photo,1,1,552,raksha-bandhan-wishes-with-name-and-photo,0.4
birthday cake name writing ideas,1,1,552,birthday-wishes-for-someone-special-with-name,0.33
birthday cake online name generator,1,1,552,birthday-wishes-for-someone-special-with-name,0.33
birthday cake with candles name generator,1,1,552,birthday-wishes-for-someone-special-with-name,0.25
birthday cake with name and photo for boy,1,1,552,raksha-bandhan-wishes-with-name-and-photo,0.4
birthday cake with name and year,1,1,552,birthday-wishes-for-someone-special-with-name,0.33
birthday cake with name dolly,1,1,552,birthday-wishes-for-someone-special-with-name,0.33
birthday cake with name edit for kids,1,1,552,rakhi-wishes-with-brother-name-and-photo-edit,0.33
birthday cake with name grace,1,1,552,birthday-wishes-for-someone-special-with-name,0.33
birthday cake with name hussain,1,1,552,birthday-wishes-for-someone-special-with-name,0.33
birthday cake with name john,1,1,552,birthday-wishes-for-someone-special-with-name,0.33
birthday cake with name kunal,1,1,552,birthday-wishes-for-someone-special-with-name,0.33
birthday cake with name monika,1,1,552,birthday-wishes-for-someone-special-with-name,0.33
birthday cake with name on plate,1,1,552,birthday-wishes-for-someone-special-with-name,0.33
birthday cake with name picture,1,1,552,birthday-wishes-for-someone-special-with-name,0.33
birthday cake with name rupali,1,1,552,birthday-wishes-for-someone-special-with-name,0.33
birthday cake with name sadia,1,1,552,birthday-wishes-for-someone-special-with-name,0.33
birthday cake with name text,1,1,552,birthday-wishes-for-someone-special-with-name,0.33
birthday cake with name tushar,1,1,552,birthday-wishes-for-someone-special-with-name,0.33
birthday cake with name varun,1,1,552,birthday-wishes-for-someone-special-with-name,0.33
birthday cake with name zahid,1,1,552,birthday-wishes-for-someone-special-with-name,0.33
happy birthday cake with name boy,1,1,552,birthday-wishes-for-someone-special-with-name,0.33
happy birthday cake with name edit app,1,1,552,rakhi-wishes-with-brother-name-and-photo-edit,0.33
happy birthday cake with name latest,1,1,552,birthday-wishes-for-someone-special-with-name,0.33
happy birthday cake with name uma,1,1,552,birthday-wishes-for-someone-special-with-name,0.33
virtual birthday cake with name free,1,1,552,birthday-wishes-for-someone-special-with-name,0.33
2026 happy birthday,1,1,552,how-to-create-free-digital-birthday-invitation,0.25
birthday gift appreciation message to friends,1,1,552,birthday-gift-for-mom-online,0.25
birthday gift best friend ke liye,1,1,552,birthday-gift-ideas-for-best-friend,0.4
birthday gift free sephora,1,1,552,online-birthday-gift-for-boyfriend,0.33
birthday gift jewelry,1,1,552,online-birthday-gift-for-boyfriend,0.33
birthday gift online shopping,1,1,552,online-birthday-gift-for-boyfriend,0.33
birthday gift with card,1,1,552,online-birthday-gift-for-boyfriend,0.33
birthday surprise at mall,1,1,552,birthday-wishes-for-junior,0.33
birthday surprise by husband quotes,1,1,552,birthday-wishes-for-husband,0.4
birthday surprise card online,1,1,552,birthday-wishes-for-junior,0.33
birthday surprise emoji,1,1,552,birthday-wishes-for-junior,0.33
birthday surprise gift for sister,1,1,552,birthday-wishes-for-junior,0.33
birthday surprise halls in chennai,1,1,552,birthday-wishes-for-junior,0.33
birthday surprise in car,1,1,552,birthday-wishes-for-junior,0.33
birthday surprise kurunegala,1,1,552,birthday-wishes-for-junior,0.33
birthday surprise navi mumbai,1,1,552,birthday-wishes-for-junior,0.33
birthday surprise packages,1,1,552,birthday-wishes-for-junior,0.33
birthday surprise qatar,1,1,552,birthday-wishes-for-junior,0.33
birthday surprise restaurant in ecr,1,1,552,birthday-wishes-for-junior,0.33
birthday surprise status,1,1,552,birthday-wishes-for-junior,0.33
birthday surprise teddy bear,1,1,552,birthday-wishes-for-junior,0.33
birthday surprise ticket template,1,1,552,birthday-party-ticket-template,0.33
birthday surprise video song,1,1,552,birthday-wishes-for-junior,0.33
can we surprise,1,1,552,birthday-wishes-for-junior,0.33
how to surprise birthday for wife,1,1,552,birthday-wishes-for-junior,0.33
is it surprise or surprise,1,1,552,birthday-wishes-for-junior,0.33
what birthday gift for brother,1,1,552,birthday-wishes-for-brother,0.33
which birthday gift sephora,1,1,552,online-birthday-gift-for-boyfriend,0.33
why birthday special,1,1,552,birthday-wishes-for-gf-in-a-special-way,0.33
wonderful birthday surprise,1,1,552,birthday-wishes-for-junior,0.33
zambrero birthday surprise,1,1,552,birthday-wishes-for-junior,0.33
birthday song in tamil lyrics with name,1,1,552,miss-you-quotes-in-tamil,0.17
birthday song maker with name and photo online,1,1,552,raksha-bandhan-wishes-with-name-and-photo,0.4
birthday song name for brother,1,1,552,birthday-wishes-for-brother,0.33
birthday song with name tune,1,1,552,birthday-wishes-for-someone-special-with-name,0.33
birthday song with names songs,1,1,552,how-to-make-an-emotional-apology-website-with-song-embed,0.17
create birthday song with name online,1,1,552,birthday-wishes-for-someone-special-with-name,0.33
happy birthday ryan song with name,1,1,552,birthday-wishes-for-someone-special-with-name,0.33
happy birthday song name editor,1,1,552,birthday-wishes-for-someone-special-with-name,0.33
happy birthday song name ka,1,1,552,birthday-wishes-for-someone-special-with-name,0.33
happy birthday song with name for sister,1,1,552,birthday-wishes-for-someone-special-with-name,0.33
happy birthday song with name for twins,1,1,552,birthday-wishes-for-someone-special-with-name,0.33
happy birthday song with name in afrikaans,1,1,552,birthday-wishes-for-someone-special-with-name,0.33
happy birthday song with the first name vol 14,1,1,552,birthday-wishes-for-love-with-name,0.2
happy birthday zara song with name,1,1,552,birthday-wishes-for-someone-special-with-name,0.33
how can i make a birthday song with my name online,1,1,552,how-to-make-an-emotional-apology-website-with-song-embed,0.33
personalised birthday song with name,1,1,552,birthday-wishes-for-someone-special-with-name,0.33
tum jiyo hazaro saal birthday song with name,1,1,552,birthday-wishes-for-love-with-name,0.17
birthday decoration 26,1,1,552,,0.0
birthday decoration at home for men,1,1,552,,0.0
birthday decoration bangalore at home,1,1,552,,0.0
birthday decoration colour combination,1,1,552,,0.0
birthday decoration design for girl,1,1,552,birthday-banner-design-template,0.2
birthday decoration equipment,1,1,552,,0.0
birthday decoration gift,1,1,552,online-birthday-gift-for-boyfriend,0.33
birthday decoration hotel room,1,1,552,private-cloud-note-storage-room-layout-for-dual-couple-synch,0.09
birthday decoration in rr nagar,1,1,552,,0.0
birthday decoration jaipur contact number,1,1,552,,0.0
birthday decoration kit with stand,1,1,552,,0.0
birthday decoration low price,1,1,552,,0.0
birthday decoration me kya kya chahiye,1,1,552,forgive-me-please-custom-response-button-mobile,0.14
birthday decoration new style,1,1,552,birthday-chalkboard-template-free,0.17
birthday decoration of,1,1,552,,0.0
birthday decoration on swing,1,1,552,,0.0
birthday decoration online pakistan,1,1,552,,0.0
birthday decoration party ideas,1,1,552,birthday-party-invitation-template,0.25
birthday decoration pic at home,1,1,552,,0.0
birthday decoration rent shop near me,1,1,552,forgive-me-please-custom-response-button-mobile,0.14
birthday decoration shimoga,1,1,552,,0.0
birthday decoration tools,1,1,552,virtual-love-letter-delivery-scheduler,0.12
birthday decoration under 1500,1,1,552,budget-birthday-gift-ideas-under-500,0.25
birthday decoration vijayawada,1,1,552,,0.0
birthday decoration wholesale shop near me,1,1,552,forgive-me-please-custom-response-button-mobile,0.14
birthday decoration with ribbons and balloons,1,1,552,,0.0
birthday decoration without stand,1,1,552,how-to-say-sorry-without-saying-sorry,0.25
birthday design free download,1,1,552,birthday-banner-design-template,0.2
birthday party application letter,1,1,552,birthday-party-invitation-template,0.25
birthday party best location,1,1,552,birthday-party-invitation-template,0.25
birthday party questions,1,1,552,birthday-party-invitation-template,0.25
birthday party youtube,1,1,552,birthday-party-invitation-template,0.25
birthday party zone for kids,1,1,552,birthday-party-invitation-template,0.25
how can i decorate my birthday at home,1,1,552,birthday-flyer-template,0.14
how to birthday decoration at home for girl,1,1,552,birthday-invitation-template-for-girl,0.17
how to decorate for birthday,1,1,552,,0.0
how to do birthday decoration,1,1,552,how-do-i-build-a-proposal-page-with-yes-and-no-option,0.14
is it birthday celebration or celebrations,1,1,552,sorry-images,0.17
where can i get 60th birthday decorations,1,1,552,birthday-poster-template-free-download,0.4
wholesale birthday decoration items,1,1,552,moving-items-dodge-no-response-proposal,0.11
2026 numerology predictions,1,1,552,how-to-create-free-digital-birthday-invitation,0.25
best numerology birth date,1,1,552,girlfriend-day-date,0.2
birthday angel number generator,1,1,552,interactive-crush-confession-link-generator-free,0.2
birthday balloon number 2,1,1,552,,0.0
birthday greeting number,1,1,552,corporate-raksha-bandhan-greeting-for-employees,0.17
birthday hat number 4,1,1,552,,0.0
birthday number crossword clue,1,1,552,,0.0
birthday number figure balloon filling box,1,1,552,virtual-gift-box-for-birthday,0.17
birthday number lucky,1,1,552,,0.0
birthday number magic trick,1,1,552,how-to-trick-your-girlfriend-with-a-fake-quiz-link-proposal,0.17
birthday number pose,1,1,552,,0.0
birthday number stack,1,1,552,most-responsive-typography-stack-romantic-letters,0.14
birthday number tattoo design,1,1,552,birthday-banner-design-template,0.2
birthday wala number,1,1,552,,0.0
how birth number is calculated,1,1,552,birth-month-flowers-and-meanings,0.17
my birthday in numerology,1,1,552,,0.0
number birthday ref magnet,1,1,552,,0.0
numerology birth date 1 to 9,1,1,552,girlfriend-day-date,0.2
numerology birth no 8,1,1,552,birth-month-flowers-and-meanings,0.17
numerology birth year 8,1,1,552,what-to-write-in-a-5-year-relationship-anniversary-letter,0.2
numerology born on the 11th,1,1,552,,0.0
what numerology says about your birthday,1,1,552,flower-meanings,0.17
which birth number,1,1,552,raksha-bandhan-online-wishes,0.2
birth date template,1,1,551,how-to-make-a-birthday-invitation-template,0.33
birth date x birthday,1,1,551,girlfriend-day-date,0.2
birthday date kaise pata kare,1,1,551,girlfriend-day-date,0.2
birthday date quiz,1,1,551,girlfriend-day-date,0.2
best birthday photo frame design,1,1,551,birthday-photo-frame-template,0.33
birthday calendar photo frame hd download,1,1,551,birthday-photo-frame-template,0.33
birthday calendar photo frame maker online,1,1,551,birthday-photo-frame-template,0.33
birthday frame photo editing photoshop,1,1,551,birthday-photo-frame-template,0.33
birthday frame with photo online free,1,1,551,birthday-photo-frame-template,0.33
birthday photo editor online free with music,1,1,551,raksha-bandhan-video-maker-with-photo-and-music,0.22
birthday photo frame 5 photo,1,1,551,birthday-photo-frame-template,0.33
birthday photo frame a4,1,1,551,birthday-photo-frame-template,0.33
birthday photo frame brother and sister,1,1,551,birthday-photo-frame-template,0.33
birthday photo frame design 2024,1,1,551,birthday-photo-frame-template,0.33
birthday photo frame design free download pdf,1,1,551,birthday-photo-frame-template,0.33
birthday photo frame gif,1,1,551,birthday-photo-frame-template,0.33
birthday photo frame images hd,1,1,551,birthday-photo-frame-template,0.33
birthday photo frame making at home,1,1,551,birthday-photo-frame-template,0.33
birthday photo frame photo editing,1,1,551,birthday-photo-frame-template,0.33
birthday photo frame prompt free,1,1,551,birthday-photo-frame-template,0.33
birthday photo frame single,1,1,551,birthday-photo-frame-template,0.33
birthday photo frame stand,1,1,551,birthday-photo-frame-template,0.33
birthday photo frame telugu,1,1,551,raksha-bandhan-wishes-in-telugu,0.2
happy birthday jaan photo frame,1,1,551,birthday-photo-frame-template,0.33
happy birthday photo frame app download,1,1,551,birthday-photo-frame-template,0.33
happy birthday photo frame khali,1,1,551,birthday-photo-frame-template,0.33
happy birthday photo frame psd,1,1,551,birthday-photo-frame-template,0.33
how to add photo in birthday frame,1,1,551,birthday-photo-frame-template,0.33
photo frame birthday gift under ₹ 200,1,1,551,budget-birthday-gift-ideas-under-500,0.4
photo frame in birthday gift,1,1,551,birthday-photo-frame-template,0.33
wish you happy birthday photo frame,1,1,551,birthday-photo-frame-template,0.33
1st birthday decoration ideas in home,1,1,551,1st-birthday-invitation-template-free,0.17
50th birthday decoration ideas at home for mom,1,1,551,birthday-gift-for-mom-online,0.25
birthday decoration ideas at home 2,1,1,551,,0.0
birthday decoration ideas at home beautiful,1,1,551,happy-birthday-card-template-free,0.25
birthday decoration ideas at home for 1 year girl,1,1,551,what-to-write-in-a-5-year-relationship-anniversary-letter,0.2
birthday decoration ideas at home for father,1,1,551,,0.0
birthday decoration ideas at home for girl 15 year old,1,1,551,birthday-invitation-template-for-girl,0.17
birthday decoration ideas at home for girl under ₹ 200,1,1,551,budget-birthday-gift-ideas-under-500,0.2
birthday decoration ideas at home village,1,1,551,,0.0
birthday decoration ideas at home with curtain,1,1,551,,0.0
birthday decoration ideas at home without using wall,1,1,551,how-to-say-sorry-without-saying-sorry,0.2
birthday decoration ideas at homemade things,1,1,551,things-to-do-on-girlfriend-day,0.14
dog birthday party ideas at home,1,1,551,birthday-party-invitation-template,0.25
easy birthday decoration ideas at home for adults,1,1,551,birthday-gift-for-mom-online,0.25
kids birthday party ideas at home indian,1,1,551,birthday-party-invitation-template,0.25
little girl birthday decoration ideas at home,1,1,551,birthday-invitation-template-for-girl,0.17
men birthday decoration ideas at home simple,1,1,551,birthday-itinerary-template,0.2
one month birthday decoration ideas at home,1,1,551,birthday-gift-for-girlfriend-online,0.2
simple birthday decoration ideas at home pinterest for girl,1,1,551,birthday-itinerary-template,0.2
best birthday cake for men with name,1,1,551,birthday-wishes-for-someone-special-with-name,0.33
big cake names,1,1,551,birthday-cake-topper-template,0.2
birthday cake cream name,1,1,551,birthday-wishes-for-someone-special-with-name,0.33
birthday cake gif with name free,1,1,551,birthday-wishes-for-someone-special-with-name,0.33
birthday cake maker with name and photo,1,1,551,raksha-bandhan-wishes-with-name-and-photo,0.4
birthday cake name writing cream,1,1,551,birthday-wishes-for-someone-special-with-name,0.25
birthday cake name yusra,1,1,551,birthday-wishes-for-someone-special-with-name,0.33
birthday cake wishes name edit,1,1,551,birthday-wishes-for-someone-special-with-name,0.33
birthday cake with name and candles,1,1,551,birthday-wishes-for-someone-special-with-name,0.33
birthday cake with name doctor,1,1,551,birthday-wishes-for-someone-special-with-name,0.33
birthday cake with name edit gif,1,1,551,rakhi-wishes-with-brother-name-and-photo-edit,0.33
birthday cake with name editable,1,1,551,birthday-wishes-for-someone-special-with-name,0.33
birthday cake with name gayatri,1,1,551,birthday-wishes-for-someone-special-with-name,0.33
birthday cake with name harshita,1,1,551,birthday-wishes-for-someone-special-with-name,0.33
birthday cake with name jannat,1,1,551,birthday-wishes-for-someone-special-with-name,0.33
birthday cake with name kirti,1,1,551,birthday-wishes-for-someone-special-with-name,0.33
birthday cake with name mama,1,1,551,birthday-wishes-for-someone-special-with-name,0.33
birthday cake with name option,1,1,551,birthday-wishes-for-someone-special-with-name,0.33
birthday cake with name photo and music download,1,1,551,raksha-bandhan-wishes-with-name-and-photo,0.4
birthday cake with name renu,1,1,551,birthday-wishes-for-someone-special-with-name,0.33
birthday cake with name sandra,1,1,551,birthday-wishes-for-someone-special-with-name,0.33
birthday cake with name trupti,1,1,551,birthday-wishes-for-someone-special-with-name,0.33
birthday cake with name vansh,1,1,551,birthday-wishes-for-someone-special-with-name,0.33
elegant birthday cake with name edit online,1,1,551,rakhi-wishes-with-brother-name-and-photo-edit,0.33
happy birthday cake with name images,1,1,551,birthday-wishes-for-someone-special-with-name,0.33
happy birthday cake with name love,1,1,551,birthday-wishes-for-love-with-name,0.4
happy birthday cake with name umair,1,1,551,birthday-wishes-for-someone-special-with-name,0.33
happy birthday cake with name zainab,1,1,551,birthday-wishes-for-someone-special-with-name,0.33
birthday gift appa,1,1,551,online-birthday-gift-for-boyfriend,0.33
birthday gift free fire,1,1,551,online-birthday-gift-for-boyfriend,0.33
birthday gift online link,1,1,551,online-birthday-gift-for-boyfriend,0.33
birthday gift or present,1,1,551,online-birthday-gift-for-boyfriend,0.33
birthday surprise at home ideas,1,1,551,birthday-wishes-for-junior,0.33
birthday surprise card maker,1,1,551,birthday-wishes-for-junior,0.33
birthday surprise celebration caption,1,1,551,birthday-wishes-for-junior,0.33
birthday surprise dance performance,1,1,551,birthday-wishes-for-junior,0.33
birthday surprise edmonton,1,1,551,birthday-wishes-for-junior,0.33
birthday surprise for mom,1,1,551,birthday-wishes-for-junior,0.33
birthday surprise gift delivery,1,1,551,birthday-gift-combo-online-delivery,0.43
birthday surprise hashtags for instagram,1,1,551,birthday-wishes-for-junior,0.33
birthday surprise in varkala,1,1,551,birthday-wishes-for-junior,0.33
birthday surprise keepsake box melissa and doug,1,1,551,virtual-gift-box-for-birthday,0.33
birthday surprise link generator,1,1,551,hidden-message-link-website-generator-for-romantic-surprise,0.43
birthday surprise man delorean,1,1,551,birthday-wishes-for-junior,0.33
birthday surprise nasa,1,1,551,birthday-wishes-for-junior,0.33
birthday surprise news,1,1,551,birthday-wishes-for-junior,0.33
birthday surprise picture,1,1,551,birthday-wishes-for-junior,0.33
birthday surprise quotes for family,1,1,551,birthday-wishes-for-junior,0.33
birthday surprise restaurants in chennai,1,1,551,birthday-wishes-for-junior,0.33
birthday surprise spinner google,1,1,551,birthday-wishes-for-junior,0.33
birthday surprise thank you message for wife,1,1,551,birthday-surprise-message-with-password,0.33
birthday surprise vancouver,1,1,551,birthday-wishes-for-junior,0.33
birthday surprise without decoration,1,1,551,birthday-wishes-for-junior,0.33
how can i surprise someone with a birthday present,1,1,551,birthday-wishes-for-chachu,0.25
how to surprise birthday gift,1,1,551,birthday-wishes-for-junior,0.33
is a birthday very special,1,1,551,birthday-wishes-for-gf-in-a-special-way,0.33
sudden birthday surprise,1,1,551,birthday-wishes-for-junior,0.33
what birthday gift for 12 year girl,1,1,551,birthday-gift-for-mom-online,0.25
which birthday gift is best for boys,1,1,551,online-birthday-gift-for-boyfriend,0.33
why birthday is so special,1,1,551,birthday-wishes-for-gf-in-a-special-way,0.33
zuru birthday surprise,1,1,551,birthday-wishes-for-junior,0.33
birthday song in kannada with name free download,1,1,551,raksha-bandhan-wishes-in-kannada,0.2
birthday song in sanskrit lyrics with name,1,1,551,birthday-wishes-for-someone-special-with-name,0.25
birthday song maker with name online,1,1,551,birthday-wishes-for-someone-special-with-name,0.33
birthday song making by name,1,1,551,birthday-surprise-website-for-boyfriend,0.25
birthday song with name song,1,1,551,birthday-wishes-for-someone-special-with-name,0.33
captain zoom birthday song download with name,1,1,551,birthday-wishes-for-someone-special-with-name,0.25
create birthday song with name free,1,1,551,birthday-wishes-for-someone-special-with-name,0.33
funny birthday song with name and photo,1,1,551,raksha-bandhan-wishes-with-name-and-photo,0.4
generate birthday song with name online free,1,1,551,birthday-wishes-for-someone-special-with-name,0.33
happy birthday rebecca song with name,1,1,551,birthday-wishes-for-someone-special-with-name,0.33
happy birthday song in japanese with name,1,1,551,birthday-wishes-for-someone-special-with-name,0.33
happy birthday song name style,1,1,551,birthday-wishes-for-someone-special-with-name,0.33
happy birthday song with name ai,1,1,551,birthday-wishes-for-someone-special-with-name,0.33
happy birthday song with name and photo video download,1,1,551,raksha-bandhan-wishes-with-name-and-photo,0.4
happy birthday song with name fatima,1,1,551,birthday-wishes-for-someone-special-with-name,0.33
happy birthday song with name for free,1,1,551,birthday-wishes-for-someone-special-with-name,0.33
how can i make a birthday song with my name free,1,1,551,how-to-make-an-emotional-apology-website-with-song-embed,0.33
make happy birthday song with name online free,1,1,551,birthday-wishes-for-someone-special-with-name,0.33
traditional birthday song with name,1,1,551,birthday-wishes-for-someone-special-with-name,0.33
www happy birthday song with name,1,1,551,birthday-wishes-for-someone-special-with-name,0.33
birthday decoration 2024,1,1,551,,0.0
birthday decoration at home pinterest,1,1,551,,0.0
birthday decoration bagalkot,1,1,551,,0.0
birthday decoration circle stand,1,1,551,,0.0
birthday decoration drawing for kids,1,1,551,kids-birthday-invitation-template,0.17
birthday decoration emoji,1,1,551,raksha-bandhan-wishes-with-emoji,0.12
birthday decoration express delivery,1,1,551,digital-flower-delivery,0.17
birthday decoration gate,1,1,551,,0.0
birthday decoration hd images,1,1,551,will-you-be-my-date-interactive-card-download-hd,0.14
birthday decoration in party hall,1,1,551,birthday-party-invitation-template,0.25
birthday decoration jammu,1,1,551,,0.0
birthday decoration kengeri,1,1,551,,0.0
birthday decoration lavender theme,1,1,551,anime-theme-dynamic-proposal-webpage-maker-free,0.17
birthday decoration man,1,1,551,,0.0
birthday decoration net with light,1,1,551,,0.0
birthday decoration online blinkit,1,1,551,,0.0
birthday decoration open place,1,1,551,open-source-custom-page-grid-for-partner-birthday,0.14
birthday decoration photo girl,1,1,551,raksha-bandhan-wishes-with-name-and-photo,0.2
birthday decoration room ideas,1,1,551,private-cloud-note-storage-room-layout-for-dual-couple-synch,0.09
birthday decoration stand meesho,1,1,551,,0.0
birthday decoration trending,1,1,551,,0.0
birthday decoration u shape,1,1,551,,0.0
birthday decoration with net curtain,1,1,551,,0.0
birthday decoration without curtain,1,1,551,how-to-say-sorry-without-saying-sorry,0.25
birthday design template for men,1,1,551,birthday-banner-design-template,0.4
birthday party appleton wi,1,1,551,birthday-party-invitation-template,0.25
birthday party best cafe,1,1,551,birthday-party-invitation-template,0.25
birthday party quiz,1,1,551,birthday-party-invitation-template,0.25
birthday party yacht dubai,1,1,551,birthday-party-invitation-template,0.25
birthday party zone bowling,1,1,551,birthday-party-invitation-template,0.25
how do birthday decoration home,1,1,551,how-do-i-build-a-proposal-page-with-yes-and-no-option,0.14
how to diy birthday decorations,1,1,551,happy-birthday-banner-template-printable,0.14
where can i buy cheap birthday decorations,1,1,551,birthday-poster-template-free-download,0.2
wholesale birthday decoration shop,1,1,551,,0.0
why birthday celebrate,1,1,551,celebrate-raksha-bandhan-online-long-distance,0.2
best numerology number for birth,1,1,551,birth-month-flowers-and-meanings,0.17
birth chart numerology grid,1,1,551,birthday-seating-chart-template,0.2
birth date numerology fears,1,1,551,girlfriend-day-date,0.2
birth date numerology name,1,1,551,birthday-wishes-for-someone-special-with-name,0.25
birth number numerology work style,1,1,551,birth-month-flowers-and-meanings,0.17
birth number significance,1,1,551,birth-month-flowers-and-meanings,0.17
birthday angel number 999,1,1,551,,0.0
birthday balloon number 1,1,1,551,,0.0
birthday hat number 3,1,1,551,,0.0
birthday meaning in numerology,1,1,551,meaning-of-flowers-in-a-bouquet,0.2
birthday number compatibility,1,1,551,,0.0
birthday number flower bouquet,1,1,551,digital-flower-bouquet,0.4
birthday number logo,1,1,551,raksha-bandhan-business-wishes-with-company-logo,0.2
birthday number meaning 1,1,1,551,meaning-of-flowers-in-a-bouquet,0.2
birthday number picks,1,1,551,birthday-gift-ideas-for-best-friend,0.2
how to calculate numerology number birthday,1,1,551,,0.0
numerology birth year 4,1,1,551,what-to-write-in-a-5-year-relationship-anniversary-letter,0.2
numerology birthday number 22,1,1,551,,0.0
numerology born on 30th,1,1,551,,0.0
roman numeral birthday tattoo,1,1,551,custom-dynamic-text-sliders-tool-for-drafting-multiple-roman,0.1
which birth number is lucky,1,1,551,raksha-bandhan-online-wishes,0.2
9 birthday date personality,1,1,550,girlfriend-day-date,0.2
birthday date template,1,1,550,how-to-make-a-birthday-invitation-template,0.33
birthday personality test by date of birth,1,1,550,birth-month-flowers-and-meanings,0.33
6 years old birthday photo frame,1,1,550,birthday-photo-frame-template,0.33
best birthday photo frame for girl,1,1,550,birthday-photo-frame-template,0.33
birthday photo editor online free for girl,1,1,550,free-online-love-letter-editor,0.2
birthday photo frame bhai ke liye,1,1,550,birthday-photo-frame-template,0.33
birthday photo frame box,1,1,550,birthday-photo-frame-template,0.33
birthday photo frame collage ideas,1,1,550,birthday-photo-frame-template,0.33
birthday photo frame design husband,1,1,550,birthday-photo-frame-template,0.33
birthday photo frame glass,1,1,550,birthday-photo-frame-template,0.33
birthday photo frame ideas for brother,1,1,550,birthday-photo-frame-template,0.33
birthday photo frame pdf download,1,1,550,birthday-photo-frame-template,0.33
birthday photo frame review,1,1,550,birthday-photo-frame-template,0.33
birthday photo frame stylish,1,1,550,birthday-photo-frame-template,0.33
birthday photo frame with name online,1,1,550,raksha-bandhan-wishes-with-name-and-photo,0.4
birthday wishes photo frame maker,1,1,550,birthday-photo-frame-template,0.33
happy birthday jiju photo frame,1,1,550,birthday-photo-frame-template,0.33
happy birthday photo frame gift,1,1,550,birthday-photo-frame-template,0.33
happy birthday photo frame love,1,1,550,birthday-photo-frame-template,0.33
photo frame birthday gift under 200,1,1,550,budget-birthday-gift-ideas-under-500,0.4
viral birthday photo frame,1,1,550,birthday-photo-frame-template,0.33
70th birthday decoration ideas at home for mom,1,1,550,birthday-gift-for-mom-online,0.25
birthday decoration ideas at home bedroom,1,1,550,,0.0
birthday decoration ideas at home for 2 years girl,1,1,550,birthday-invitation-template-for-girl,0.17
birthday decoration ideas at home green theme,1,1,550,anime-theme-dynamic-proposal-webpage-maker-free,0.17
birthday decoration ideas at home ideas,1,1,550,,0.0
birthday decoration ideas at home in india,1,1,550,girlfriend-day-india,0.1
birthday decoration ideas at home new design,1,1,550,birthday-banner-design-template,0.2
birthday decoration ideas at home very easy,1,1,550,birthday-gift-for-mom-online,0.25
birthday decoration ideas at home without tape,1,1,550,how-to-say-sorry-without-saying-sorry,0.25
birthday entrance decoration ideas at home,1,1,550,,0.0
birthday party dinner ideas at home,1,1,550,birthday-party-invitation-template,0.25
creative birthday decoration ideas at home,1,1,550,creative-layout-milestone-anniversary-proposal-site,0.17
first birthday decoration ideas in home,1,1,550,first-birthday-invitation-template,0.17
last minute birthday decoration ideas at home,1,1,550,last-minute-girlfriend-day-gift,0.25
one year birthday decoration ideas at home,1,1,550,birthday-gift-for-girlfriend-online,0.2
party ideas at home kids,1,1,550,birthday-party-invitation-template,0.25
simple 18th birthday decoration ideas at home pinterest,1,1,550,birthday-itinerary-template,0.2
simple birthday decoration ideas at home black and gold,1,1,550,black-and-gold-birthday-invitation-template,0.29
simple birthday decoration ideas at home with ribbon,1,1,550,birthday-itinerary-template,0.2
tween birthday party ideas at home,1,1,550,birthday-party-invitation-template,0.25
unique birthday decoration ideas at home for husband,1,1,550,unique-birthday-gift-ideas-for-girlfriend,0.25
best birthday cake for boys with name,1,1,550,birthday-wishes-for-someone-special-with-name,0.33
birthday cake name wala,1,1,550,birthday-wishes-for-someone-special-with-name,0.33
birthday cake wishes with name free,1,1,550,birthday-wishes-for-someone-special-with-name,0.33
birthday cake with name add,1,1,550,birthday-wishes-for-someone-special-with-name,0.33
birthday cake with name amit,1,1,550,birthday-wishes-for-someone-special-with-name,0.33
birthday cake with name and pic edit,1,1,550,rakhi-wishes-with-brother-name-and-photo-edit,0.33
birthday cake with name dhruv,1,1,550,birthday-wishes-for-someone-special-with-name,0.33
birthday cake with name edit for women,1,1,550,rakhi-wishes-with-brother-name-and-photo-edit,0.33
birthday cake with name for baby girl,1,1,550,birthday-wishes-for-someone-special-with-name,0.25
birthday cake with name gagan,1,1,550,birthday-wishes-for-someone-special-with-name,0.33
birthday cake with name hania,1,1,550,birthday-wishes-for-someone-special-with-name,0.33
birthday cake with name idea,1,1,550,birthday-wishes-for-someone-special-with-name,0.33
birthday cake with name junaid,1,1,550,birthday-wishes-for-someone-special-with-name,0.33
birthday cake with name kevin,1,1,550,birthday-wishes-for-someone-special-with-name,0.33
birthday cake with name maya,1,1,550,birthday-wishes-for-someone-special-with-name,0.33
birthday cake with name price,1,1,550,birthday-wishes-for-someone-special-with-name,0.33
birthday cake with name ramesh,1,1,550,birthday-wishes-for-someone-special-with-name,0.33
birthday cake with name sachin,1,1,550,birthday-wishes-for-someone-special-with-name,0.33
birthday cake with name tehreem,1,1,550,birthday-wishes-for-someone-special-with-name,0.33
birthday cake with name vivek,1,1,550,birthday-wishes-for-someone-special-with-name,0.33
happy birthday appa cake with name,1,1,550,birthday-wishes-for-someone-special-with-name,0.33
happy birthday cake name maker online,1,1,550,birthday-wishes-for-someone-special-with-name,0.33
happy birthday cake with name and picture,1,1,550,birthday-wishes-for-someone-special-with-name,0.33
happy birthday cake with name brother,1,1,550,birthday-wishes-for-brother,0.33
happy birthday cake with name usman,1,1,550,birthday-wishes-for-someone-special-with-name,0.33
happy birthday cake with name zahra,1,1,550,birthday-wishes-for-someone-special-with-name,0.33
virtual birthday cake with name and candles,1,1,550,birthday-wishes-for-someone-special-with-name,0.25
birthday gift appreciation quotes,1,1,550,online-birthday-gift-for-boyfriend,0.33
birthday gift best for girls,1,1,550,online-birthday-gift-for-boyfriend,0.33
birthday gift free uk,1,1,550,online-birthday-gift-for-boyfriend,0.33
birthday gift jewellery for wife,1,1,550,online-birthday-gift-for-boyfriend,0.33
birthday gift on blinkit,1,1,550,online-birthday-gift-for-boyfriend,0.33
birthday gift online delivery kerala,1,1,550,online-birthday-gift-for-boyfriend,0.33
birthday gift ulta 2026,1,1,550,online-birthday-gift-for-boyfriend,0.33
birthday gift with sister,1,1,550,online-birthday-gift-for-boyfriend,0.33
birthday surprise and unspoken wishes book,1,1,550,birthday-wishes-for-junior,0.33
birthday surprise by wife quotes,1,1,550,birthday-surprise-message-with-password,0.33
birthday surprise chandigarh,1,1,550,birthday-wishes-for-junior,0.33
birthday surprise dene ke liye thanks in english,1,1,550,raksha-bandhan-wishes-for-bhaiya-and-bhabhi-in-english,0.17
birthday surprise explosion box amazon,1,1,550,virtual-gift-box-for-birthday,0.33
birthday surprise for kids,1,1,550,birthday-wishes-for-junior,0.33
birthday surprise home decoration,1,1,550,birthday-wishes-for-junior,0.33
birthday surprise in goa,1,1,550,birthday-wishes-for-junior,0.33
birthday surprise kerala,1,1,550,birthday-wishes-for-junior,0.33
birthday surprise link with name,1,1,550,birthday-wishes-for-junior,0.33
birthday surprise mumbai,1,1,550,birthday-wishes-for-junior,0.33
birthday surprise nellore,1,1,550,birthday-wishes-for-junior,0.33
birthday surprise part 2,1,1,550,birthday-wishes-for-junior,0.33
birthday surprise party ideas,1,1,550,birthday-wishes-for-junior,0.33
birthday surprise quotes for sister,1,1,550,birthday-wishes-for-junior,0.33
birthday surprise room decoration for boyfriend,1,1,550,apologize-to-my-boyfriend-online-wording,0.25
birthday surprise shop near me,1,1,550,birthday-wishes-for-chachu,0.25
birthday surprise thank you,1,1,550,birthday-wishes-for-junior,0.33
birthday surprise thank you reply,1,1,550,birthday-wishes-for-junior,0.33
birthday surprise trip template,1,1,550,birthday-wishes-for-junior,0.33
birthday surprise vegas,1,1,550,birthday-wishes-for-junior,0.33
birthday surprise web,1,1,550,birthday-wishes-for-junior,0.33
birthday surprise without balloons,1,1,550,birthday-wishes-for-junior,0.33
how can i surprise my happy birthday,1,1,550,birthday-wishes-for-junior,0.33
how to caption birthday surprise,1,1,550,birthday-wishes-for-junior,0.33
surprise birthday celeb,1,1,550,birthday-wishes-for-junior,0.33
surprise birthday invitation maker,1,1,550,birthday-wishes-for-junior,0.33
surprise birthday means,1,1,550,birthday-wishes-for-junior,0.33
surprise on birthday,1,1,550,birthday-wishes-for-junior,0.33
what birthday gift for dad,1,1,550,online-birthday-gift-for-boyfriend,0.33
which birthday gift is best for brother,1,1,550,birthday-wishes-for-brother,0.33
why birthday is bad,1,1,550,why-raksha-bandhan-is-celebrated,0.14
zepto birthday surprise code,1,1,550,birthday-wishes-for-junior,0.33
1 birthday song with name for girl,1,1,550,birthday-wishes-for-someone-special-with-name,0.33
ai birthday song maker with name,1,1,550,name-bouquet-maker-online,0.29
birthday song for daughter with name in english,1,1,550,raksha-bandhan-wishes-for-bhaiya-and-bhabhi-in-english,0.2
birthday song for son with name,1,1,550,birthday-wishes-for-someone-special-with-name,0.33
birthday song for wife with name in hindi,1,1,550,raksha-bandhan-history-in-hindi,0.25
birthday song video download with name,1,1,550,birthday-wishes-for-someone-special-with-name,0.33
customized happy birthday song with name online free,1,1,550,birthday-wishes-for-someone-special-with-name,0.33
happy birthday lisa song with name,1,1,550,birthday-wishes-for-someone-special-with-name,0.33
happy birthday ringtone song with name,1,1,550,birthday-wishes-for-someone-special-with-name,0.33
happy birthday song in japanese lyrics with name,1,1,550,birthday-wishes-for-someone-special-with-name,0.25
happy birthday song with name alvin and the chipmunks,1,1,550,birthday-wishes-for-someone-special-with-name,0.25
happy birthday song with name in tamil,1,1,550,miss-you-quotes-in-tamil,0.17
happy birthday song with names lang zal ze leven,1,1,550,how-to-make-an-emotional-apology-website-with-song-embed,0.17
kannada happy birthday song with name,1,1,550,raksha-bandhan-wishes-in-kannada,0.2
marathi birthday song with name and photo,1,1,550,i-miss-you-in-marathi,0.2
youtube personalized birthday song with name,1,1,550,create-a-sorry-message-with-name,0.29
birthday decoration 2023,1,1,550,,0.0
birthday decoration at home with photos,1,1,550,how-to-design-a-virtual-memory-lane-page-with-photos,0.17
birthday decoration black and white,1,1,550,minimal-black-white-sorry-page-creator,0.22
birthday decoration charges,1,1,550,,0.0
birthday decoration creation,1,1,550,,0.0
birthday decoration design for boy,1,1,550,birthday-banner-design-template,0.2
birthday decoration esthetic,1,1,550,,0.0
birthday decoration for boyfriend,1,1,550,online-birthday-gift-for-boyfriend,0.33
birthday decoration garden,1,1,550,,0.0
birthday decoration home simple,1,1,550,birthday-itinerary-template,0.2
birthday decoration in belgaum,1,1,550,,0.0
birthday decoration jabalpur,1,1,550,,0.0
birthday decoration kit near me,1,1,550,forgive-me-please-custom-response-button-mobile,0.14
birthday decoration lucknow,1,1,550,,0.0
birthday decoration material near me,1,1,550,forgive-me-please-custom-response-button-mobile,0.14
birthday decoration near me shop,1,1,550,forgive-me-please-custom-response-button-mobile,0.14
birthday decoration on stage,1,1,550,,0.0
birthday decoration online at home,1,1,550,,0.0
birthday decoration party hall near me,1,1,550,birthday-party-invitation-template,0.2
birthday decoration room near me,1,1,550,forgive-me-please-custom-response-button-mobile,0.14
birthday decoration services near me,1,1,550,forgive-me-please-custom-response-button-mobile,0.14
birthday decoration theme ideas,1,1,550,anime-theme-dynamic-proposal-webpage-maker-free,0.17
birthday decoration using curtains,1,1,550,heal-fight-with-digital-memory-page,0.12
birthday decoration vector,1,1,550,cute-doodle-heart-vector-bundle-couple-code-sites,0.12
birthday decoration without balloons for kids,1,1,550,how-to-say-sorry-without-saying-sorry,0.25
birthday decorations diy at home,1,1,550,happy-birthday-banner-template-printable,0.14
birthday design template for pastor,1,1,550,birthday-banner-design-template,0.4
birthday party apple orchard,1,1,550,birthday-party-invitation-template,0.25
birthday party best western,1,1,550,birthday-party-invitation-template,0.25
birthday party free printables,1,1,550,birthday-party-invitation-template,0.25
birthday party quiz questions,1,1,550,birthday-party-invitation-template,0.25
birthday party ymca pool,1,1,550,birthday-party-invitation-template,0.25
birthday party zoo atlanta,1,1,550,birthday-party-invitation-template,0.25
how do birthday decoration,1,1,550,how-do-i-build-a-proposal-page-with-yes-and-no-option,0.14
how to simple birthday decoration,1,1,550,birthday-itinerary-template,0.2
what are the decoration items for birthday,1,1,550,rakhi-wishes-for-cousin-brother,0.14
what decorations are needed for a birthday,1,1,550,rakhi-wishes-for-cousin-brother,0.14
when birthday celebration,1,1,550,when-is-national-girlfriend-day,0.29
where can i buy 80th birthday decorations,1,1,550,birthday-poster-template-free-download,0.2
why birthday should be celebrated,1,1,550,why-raksha-bandhan-is-celebrated,0.29
2026 numerology number,1,1,550,how-to-create-free-digital-birthday-invitation,0.25
22 birthday in numerology,1,1,550,,0.0
best numerology birth chart,1,1,550,birthday-seating-chart-template,0.2
birth chart with numerology,1,1,550,birthday-seating-chart-template,0.2
birth date numerology astrology,1,1,550,girlfriend-day-date,0.2
birth date numerology chart,1,1,550,birthday-seating-chart-template,0.2
birth date numerology numbers,1,1,550,girlfriend-day-date,0.2
birth number vedic astrology,1,1,550,birth-month-flowers-and-meanings,0.17
birthdate numerology free,1,1,550,,0.0
birthday balloon number 6,1,1,550,,0.0
birthday calculator astrology numerology,1,1,550,interactive-love-calculator-text-display-box-no-code,0.11
birthday hotline number,1,1,550,,0.0
birthday id number,1,1,550,,0.0
birthday number cupcakes,1,1,550,,0.0
birthday number four,1,1,550,,0.0
birthday number letters,1,1,550,private-cloud-archive-love-letters,0.17
birthday number meaning 5,1,1,550,meaning-of-flowers-in-a-bouquet,0.2
birthday number numerology,1,1,550,,0.0
birthday number photo frame,1,1,550,birthday-photo-frame-template,0.33
birthday number standee,1,1,550,,0.0
birthday number train,1,1,550,,0.0
birthday reference number,1,1,550,,0.0
golden birthday numerology,1,1,550,,0.0
how does birthday numerology work,1,1,550,what-does-a-tulip-symbolize,0.17
how to calculate numerology birth date,1,1,550,girlfriend-day-date,0.2
numerology birth year 2,1,1,550,what-to-write-in-a-5-year-relationship-anniversary-letter,0.2
numerology birthday number 12,1,1,550,online-birthday-surprise-for-girlfriend,0.25
numerology born on the 19th,1,1,550,,0.0
what is birth date number in numerology,1,1,550,girlfriend-day-date,0.2
which birth number is best,1,1,550,raksha-bandhan-online-wishes,0.2
z numerology number,1,1,550,,0.0
