suggestion,words,prefix_hits,relevance,best_rank,source_prefixes
karwa chauth gift for wife in hindi,7,36,601,1,karwa chauth gift for wife | karwa chauth gift for wife  | karwa chauth gift for wife a | karwa chauth gift for wife c | karwa chauth gift for wife d | karwa chauth gift for wife e | karwa chauth gift for wife g | karwa chauth gift for wife i | karwa chauth gift for wife k | karwa chauth gift for wife l | karwa chauth gift for wife n | karwa chauth gift for wife p | karwa chauth gift for wife q | karwa chauth gift for wife r | karwa chauth gift for wife s | karwa chauth gift for wife v | karwa chauth gift for wife w | karwa chauth gift for wife x | karwa chauth gift for wife best | karwa chauth gift for wife online | karwa chauth gift for wife with | karwa chauth gift for wife for | karwa chauth gift for wife in | karwa chauth gift for wife without | karwa chauth gift for wife app | karwa chauth gift for wife maker | karwa chauth gift for wife 2026 | karwa chauth gift for wife 2027 | how karwa chauth gift for wife | what karwa chauth gift for wife | when karwa chauth gift for wife | why karwa chauth gift for wife | which karwa chauth gift for wife | who karwa chauth gift for wife | can i karwa chauth gift for wife | is it karwa chauth gift for wife
how many roses to give girlfriend,6,33,1250,1,how many roses to give | how many roses to give  | how many roses to give b | how many roses to give d | how many roses to give e | how many roses to give f | how many roses to give g | how many roses to give h | how many roses to give j | how many roses to give l | how many roses to give n | how many roses to give o | how many roses to give p | how many roses to give q | how many roses to give r | how many roses to give s | how many roses to give t | how many roses to give u | how many roses to give v | how many roses to give w | how many roses to give x | how many roses to give y | how many roses to give z | how many roses to give best | how many roses to give 2027 | how how many roses to give | what how many roses to give | when how many roses to give | why how many roses to give | which how many roses to give | who how many roses to give | can i how many roses to give | is it how many roses to give
karwa chauth gift for wife amazon,6,28,601,1,karwa chauth gift for wife | karwa chauth gift for wife  | karwa chauth gift for wife a | karwa chauth gift for wife c | karwa chauth gift for wife d | karwa chauth gift for wife e | karwa chauth gift for wife g | karwa chauth gift for wife l | karwa chauth gift for wife n | karwa chauth gift for wife p | karwa chauth gift for wife v | karwa chauth gift for wife w | karwa chauth gift for wife x | karwa chauth gift for wife z | karwa chauth gift for wife free | karwa chauth gift for wife online | karwa chauth gift for wife with | karwa chauth gift for wife app | karwa chauth gift for wife 2026 | karwa chauth gift for wife 2027 | how karwa chauth gift for wife | what karwa chauth gift for wife | when karwa chauth gift for wife | why karwa chauth gift for wife | which karwa chauth gift for wife | who karwa chauth gift for wife | can i karwa chauth gift for wife | is it karwa chauth gift for wife
marigold flower meaning in hindi,5,26,1250,1,marigold flower meaning | marigold flower meaning  | marigold flower meaning a | marigold flower meaning b | marigold flower meaning c | marigold flower meaning d | marigold flower meaning e | marigold flower meaning f | marigold flower meaning g | marigold flower meaning i | marigold flower meaning j | marigold flower meaning k | marigold flower meaning l | marigold flower meaning m | marigold flower meaning n | marigold flower meaning o | marigold flower meaning p | marigold flower meaning r | marigold flower meaning u | marigold flower meaning v | marigold flower meaning w | marigold flower meaning y | marigold flower meaning z | marigold flower meaning with | marigold flower meaning for | marigold flower meaning in
how many roses to give,5,25,601,1,how many roses to give  | how many roses to give b | how many roses to give d | how many roses to give f | how many roses to give g | how many roses to give h | how many roses to give n | how many roses to give o | how many roses to give p | how many roses to give q | how many roses to give r | how many roses to give s | how many roses to give t | how many roses to give u | how many roses to give w | how many roses to give y | how many roses to give with | how how many roses to give | what how many roses to give | when how many roses to give | why how many roses to give | which how many roses to give | who how many roses to give | can i how many roses to give | is it how many roses to give
how many roses to give to a girl,8,23,601,1,how many roses to give b | how many roses to give d | how many roses to give e | how many roses to give f | how many roses to give h | how many roses to give j | how many roses to give l | how many roses to give n | how many roses to give o | how many roses to give p | how many roses to give r | how many roses to give s | how many roses to give t | how many roses to give u | how many roses to give v | how many roses to give w | how many roses to give x | how many roses to give y | how many roses to give z | how many roses to give best | how many roses to give with | how many roses to give maker | how many roses to give 2027
marigold flower meaning in english,5,23,601,2,marigold flower meaning | marigold flower meaning  | marigold flower meaning a | marigold flower meaning c | marigold flower meaning d | marigold flower meaning e | marigold flower meaning f | marigold flower meaning g | marigold flower meaning i | marigold flower meaning j | marigold flower meaning l | marigold flower meaning n | marigold flower meaning o | marigold flower meaning p | marigold flower meaning u | marigold flower meaning v | marigold flower meaning w | marigold flower meaning x | marigold flower meaning y | marigold flower meaning z | marigold flower meaning with | marigold flower meaning for | marigold flower meaning in
how many roses should you give a girl,8,22,600,2,how many roses to give b | how many roses to give d | how many roses to give e | how many roses to give f | how many roses to give g | how many roses to give h | how many roses to give j | how many roses to give l | how many roses to give n | how many roses to give o | how many roses to give p | how many roses to give q | how many roses to give r | how many roses to give s | how many roses to give t | how many roses to give u | how many roses to give v | how many roses to give w | how many roses to give x | how many roses to give y | how many roses to give best | how many roses to give with
what does the marigold flower symbolize,6,22,600,2,marigold flower meaning a | marigold flower meaning b | marigold flower meaning c | marigold flower meaning d | marigold flower meaning e | marigold flower meaning f | marigold flower meaning g | marigold flower meaning h | marigold flower meaning j | marigold flower meaning k | marigold flower meaning l | marigold flower meaning m | marigold flower meaning p | marigold flower meaning r | marigold flower meaning s | marigold flower meaning u | marigold flower meaning v | marigold flower meaning w | marigold flower meaning y | how marigold flower meaning | what marigold flower meaning | is it marigold flower meaning
what do marigolds symbolize,4,22,556,7,marigold flower meaning a | marigold flower meaning b | marigold flower meaning c | marigold flower meaning d | marigold flower meaning e | marigold flower meaning f | marigold flower meaning g | marigold flower meaning h | marigold flower meaning j | marigold flower meaning k | marigold flower meaning l | marigold flower meaning m | marigold flower meaning p | marigold flower meaning r | marigold flower meaning s | marigold flower meaning u | marigold flower meaning v | marigold flower meaning w | marigold flower meaning y | how marigold flower meaning | what marigold flower meaning | is it marigold flower meaning
hydrangea meaning in flower language,5,21,601,1,hydrangea meaning | hydrangea meaning  | hydrangea meaning e | hydrangea meaning g | hydrangea meaning h | hydrangea meaning i | hydrangea meaning j | hydrangea meaning k | hydrangea meaning n | hydrangea meaning u | hydrangea meaning v | hydrangea meaning x | hydrangea meaning y | hydrangea meaning z | hydrangea meaning with | hydrangea meaning for | hydrangea meaning in | hydrangea meaning app | hydrangea meaning template | hydrangea meaning 2026 | hydrangea meaning 2027
karwa chauth gift for wife online,6,21,601,1,karwa chauth gift for wife a | karwa chauth gift for wife c | karwa chauth gift for wife d | karwa chauth gift for wife e | karwa chauth gift for wife g | karwa chauth gift for wife j | karwa chauth gift for wife k | karwa chauth gift for wife l | karwa chauth gift for wife n | karwa chauth gift for wife o | karwa chauth gift for wife p | karwa chauth gift for wife q | karwa chauth gift for wife r | karwa chauth gift for wife v | karwa chauth gift for wife w | karwa chauth gift for wife x | karwa chauth gift for wife z | karwa chauth gift for wife free | karwa chauth gift for wife without | karwa chauth gift for wife app | karwa chauth gift for wife maker
propose day gift card,4,21,601,1,propose day gift | propose day gift  | propose day gift c | propose day gift d | propose day gift g | propose day gift j | propose day gift k | propose day gift l | propose day gift m | propose day gift n | propose day gift o | propose day gift p | propose day gift q | propose day gift r | propose day gift s | propose day gift v | propose day gift w | propose day gift x | propose day gift y | propose day gift z | propose day gift maker
bouquet colour,2,19,600,2,bouquet colour combination b | bouquet colour combination c | bouquet colour combination f | bouquet colour combination h | bouquet colour combination j | bouquet colour combination k | bouquet colour combination l | bouquet colour combination m | bouquet colour combination n | bouquet colour combination o | bouquet colour combination p | bouquet colour combination r | bouquet colour combination s | bouquet colour combination u | bouquet colour combination w | bouquet colour combination x | bouquet colour combination z | bouquet colour combination free | bouquet colour combination for
how many roses to give on rose day,8,19,553,5,how many roses to give d | how many roses to give e | how many roses to give f | how many roses to give g | how many roses to give h | how many roses to give j | how many roses to give l | how many roses to give n | how many roses to give o | how many roses to give p | how many roses to give r | how many roses to give t | how many roses to give v | how many roses to give w | how many roses to give x | how many roses to give y | how many roses to give z | how many roses to give for | how many roses to give in
bouquet colour combination,3,18,601,1,bouquet colour combination  | bouquet colour combination b | bouquet colour combination c | bouquet colour combination h | bouquet colour combination j | bouquet colour combination k | bouquet colour combination l | bouquet colour combination m | bouquet colour combination n | bouquet colour combination p | bouquet colour combination r | bouquet colour combination s | bouquet colour combination u | bouquet colour combination w | bouquet colour combination x | bouquet colour combination z | bouquet colour combination best | bouquet colour combination free
marigold flower meaning in hinduism,5,18,601,1,marigold flower meaning a | marigold flower meaning b | marigold flower meaning c | marigold flower meaning d | marigold flower meaning f | marigold flower meaning g | marigold flower meaning h | marigold flower meaning j | marigold flower meaning p | marigold flower meaning r | marigold flower meaning s | marigold flower meaning v | marigold flower meaning w | marigold flower meaning x | marigold flower meaning y | marigold flower meaning best | marigold flower meaning 2026 | marigold flower meaning 2027
flower names in hindi meaning,5,17,601,1,flower names in hindi b | flower names in hindi c | flower names in hindi d | flower names in hindi h | flower names in hindi l | flower names in hindi n | flower names in hindi r | flower names in hindi s | flower names in hindi x | flower names in hindi y | flower names in hindi z | flower names in hindi best | flower names in hindi free | flower names in hindi online | flower names in hindi app | flower names in hindi maker | flower names in hindi template
karwa chauth gift for wife india,6,17,600,2,karwa chauth gift for wife | karwa chauth gift for wife  | karwa chauth gift for wife c | karwa chauth gift for wife i | karwa chauth gift for wife free | karwa chauth gift for wife with | karwa chauth gift for wife in | karwa chauth gift for wife maker | karwa chauth gift for wife 2026 | how karwa chauth gift for wife | what karwa chauth gift for wife | when karwa chauth gift for wife | why karwa chauth gift for wife | which karwa chauth gift for wife | who karwa chauth gift for wife | can i karwa chauth gift for wife | is it karwa chauth gift for wife
propose day gift idea,4,17,600,2,propose day gift c | propose day gift d | propose day gift g | propose day gift j | propose day gift k | propose day gift l | propose day gift m | propose day gift o | propose day gift p | propose day gift q | propose day gift r | propose day gift s | propose day gift t | propose day gift u | propose day gift v | propose day gift w | propose day gift y
what does marigold mean spiritually,5,17,556,4,marigold flower meaning b | marigold flower meaning c | marigold flower meaning e | marigold flower meaning g | marigold flower meaning h | marigold flower meaning k | marigold flower meaning l | marigold flower meaning m | marigold flower meaning r | marigold flower meaning s | marigold flower meaning u | marigold flower meaning v | marigold flower meaning w | marigold flower meaning y | how marigold flower meaning | what marigold flower meaning | is it marigold flower meaning
flower names in hindi for girl,6,16,1250,1,flower names in hindi | flower names in hindi  | flower names in hindi f | flower names in hindi g | flower names in hindi best | flower names in hindi free | flower names in hindi with | flower names in hindi for | flower names in hindi in | flower names in hindi app | how flower names in hindi | what flower names in hindi | when flower names in hindi | why flower names in hindi | which flower names in hindi | who flower names in hindi
karwa chauth gift for wife in gold,7,16,601,1,karwa chauth gift for wife | karwa chauth gift for wife  | karwa chauth gift for wife i | karwa chauth gift for wife j | karwa chauth gift for wife s | karwa chauth gift for wife with | karwa chauth gift for wife for | karwa chauth gift for wife in | how karwa chauth gift for wife | what karwa chauth gift for wife | when karwa chauth gift for wife | why karwa chauth gift for wife | which karwa chauth gift for wife | who karwa chauth gift for wife | can i karwa chauth gift for wife | is it karwa chauth gift for wife
propose day gift ideas for girlfriend,6,16,601,1,propose day gift c | propose day gift d | propose day gift g | propose day gift i | propose day gift k | propose day gift l | propose day gift n | propose day gift p | propose day gift q | propose day gift r | propose day gift s | propose day gift t | propose day gift u | propose day gift v | propose day gift w | propose day gift y
how many roses to give for birthday,7,15,601,2,how many roses to give | how many roses to give  | how many roses to give b | how many roses to give f | how many roses to give with | how many roses to give for | how many roses to give in | how how many roses to give | what how many roses to give | when how many roses to give | why how many roses to give | which how many roses to give | who how many roses to give | can i how many roses to give | is it how many roses to give
karwa chauth gift for wife ideas,6,15,600,2,karwa chauth gift for wife | karwa chauth gift for wife  | karwa chauth gift for wife i | karwa chauth gift for wife with | karwa chauth gift for wife app | karwa chauth gift for wife 2026 | karwa chauth gift for wife 2027 | how karwa chauth gift for wife | what karwa chauth gift for wife | when karwa chauth gift for wife | why karwa chauth gift for wife | which karwa chauth gift for wife | who karwa chauth gift for wife | can i karwa chauth gift for wife | is it karwa chauth gift for wife
how many roses to give on valentine's day,8,14,601,1,how many roses to give | how many roses to give  | how many roses to give d | how many roses to give o | how many roses to give v | how many roses to give in | how how many roses to give | what how many roses to give | when how many roses to give | why how many roses to give | which how many roses to give | who how many roses to give | can i how many roses to give | is it how many roses to give
marigold flower means what,4,14,601,1,marigold flower meaning a | marigold flower meaning c | marigold flower meaning d | marigold flower meaning e | marigold flower meaning f | marigold flower meaning g | marigold flower meaning l | marigold flower meaning m | marigold flower meaning p | marigold flower meaning r | marigold flower meaning v | marigold flower meaning x | marigold flower meaning y | marigold flower meaning best
how many roses to give for graduation,7,14,600,2,how many roses to give | how many roses to give  | how many roses to give f | how many roses to give with | how many roses to give for | how many roses to give in | how how many roses to give | what how many roses to give | when how many roses to give | why how many roses to give | which how many roses to give | who how many roses to give | can i how many roses to give | is it how many roses to give
karwa chauth gift for wife in silver,7,14,562,3,karwa chauth gift for wife | karwa chauth gift for wife  | karwa chauth gift for wife i | karwa chauth gift for wife with | karwa chauth gift for wife for | karwa chauth gift for wife in | how karwa chauth gift for wife | what karwa chauth gift for wife | when karwa chauth gift for wife | why karwa chauth gift for wife | which karwa chauth gift for wife | who karwa chauth gift for wife | can i karwa chauth gift for wife | is it karwa chauth gift for wife
how many roses to give for anniversary,7,14,561,4,how many roses to give | how many roses to give  | how many roses to give a | how many roses to give with | how many roses to give for | how many roses to give in | how how many roses to give | what how many roses to give | when how many roses to give | why how many roses to give | which how many roses to give | who how many roses to give | can i how many roses to give | is it how many roses to give
bouquet color code,3,14,550,8,bouquet colour combination b | bouquet colour combination c | bouquet colour combination h | bouquet colour combination j | bouquet colour combination l | bouquet colour combination m | bouquet colour combination n | bouquet colour combination o | bouquet colour combination p | bouquet colour combination r | bouquet colour combination s | bouquet colour combination u | bouquet colour combination w | bouquet colour combination x
flower names in hindi with pictures,6,13,1250,1,flower names in hindi | flower names in hindi  | flower names in hindi p | flower names in hindi w | flower names in hindi with | flower names in hindi for | flower names in hindi in | how flower names in hindi | what flower names in hindi | when flower names in hindi | why flower names in hindi | which flower names in hindi | who flower names in hindi
how many roses to give a girl,7,13,1250,1,how many roses to give | how many roses to give  | how many roses to give a | how many roses to give g | how many roses to give q | how how many roses to give | what how many roses to give | when how many roses to give | why how many roses to give | which how many roses to give | who how many roses to give | can i how many roses to give | is it how many roses to give
flower names in hindi with meaning,6,13,601,1,flower names in hindi | flower names in hindi  | flower names in hindi m | flower names in hindi w | flower names in hindi with | flower names in hindi for | flower names in hindi in | how flower names in hindi | what flower names in hindi | when flower names in hindi | why flower names in hindi | which flower names in hindi | who flower names in hindi
how many roses to give on first date,8,13,601,1,how many roses to give | how many roses to give  | how many roses to give o | how many roses to give for | how many roses to give in | how how many roses to give | what how many roses to give | when how many roses to give | why how many roses to give | which how many roses to give | who how many roses to give | can i how many roses to give | is it how many roses to give
karwa chauth gift for wife same day delivery,8,13,601,1,karwa chauth gift for wife | karwa chauth gift for wife  | karwa chauth gift for wife d | karwa chauth gift for wife s | karwa chauth gift for wife with | how karwa chauth gift for wife | what karwa chauth gift for wife | when karwa chauth gift for wife | why karwa chauth gift for wife | which karwa chauth gift for wife | who karwa chauth gift for wife | can i karwa chauth gift for wife | is it karwa chauth gift for wife
how many roses to give for proposal,7,13,562,3,how many roses to give | how many roses to give  | how many roses to give with | how many roses to give for | how many roses to give in | how how many roses to give | what how many roses to give | when how many roses to give | why how many roses to give | which how many roses to give | who how many roses to give | can i how many roses to give | is it how many roses to give
flower names in hindi 10,5,13,559,6,flower names in hindi | flower names in hindi  | flower names in hindi h | flower names in hindi y | flower names in hindi z | flower names in hindi best | flower names in hindi template | how flower names in hindi | what flower names in hindi | when flower names in hindi | why flower names in hindi | which flower names in hindi | who flower names in hindi
flower names in hindi 20,5,13,558,7,flower names in hindi | flower names in hindi  | flower names in hindi h | flower names in hindi r | flower names in hindi x | flower names in hindi y | flower names in hindi z | how flower names in hindi | what flower names in hindi | when flower names in hindi | why flower names in hindi | which flower names in hindi | who flower names in hindi
hydrangea meaning in malayalam,4,13,555,10,hydrangea meaning | hydrangea meaning  | hydrangea meaning e | hydrangea meaning g | hydrangea meaning h | hydrangea meaning i | hydrangea meaning k | hydrangea meaning n | hydrangea meaning u | hydrangea meaning y | hydrangea meaning with | hydrangea meaning for | hydrangea meaning in
flower names in hindi and english,6,12,1250,1,flower names in hindi | flower names in hindi  | flower names in hindi a | flower names in hindi k | flower names in hindi s | flower names in hindi app | how flower names in hindi | what flower names in hindi | when flower names in hindi | why flower names in hindi | which flower names in hindi | who flower names in hindi
karwa chauth gift for wife flipkart,6,12,601,1,karwa chauth gift for wife | karwa chauth gift for wife  | karwa chauth gift for wife f | karwa chauth gift for wife with | how karwa chauth gift for wife | what karwa chauth gift for wife | when karwa chauth gift for wife | why karwa chauth gift for wife | which karwa chauth gift for wife | who karwa chauth gift for wife | can i karwa chauth gift for wife | is it karwa chauth gift for wife
karwa chauth gift for wife nearby,6,12,601,1,karwa chauth gift for wife | karwa chauth gift for wife  | karwa chauth gift for wife n | karwa chauth gift for wife with | how karwa chauth gift for wife | what karwa chauth gift for wife | when karwa chauth gift for wife | why karwa chauth gift for wife | which karwa chauth gift for wife | who karwa chauth gift for wife | can i karwa chauth gift for wife | is it karwa chauth gift for wife
karwa chauth gift for wife under 5000,7,12,601,1,karwa chauth gift for wife | karwa chauth gift for wife  | karwa chauth gift for wife u | karwa chauth gift for wife with | how karwa chauth gift for wife | what karwa chauth gift for wife | when karwa chauth gift for wife | why karwa chauth gift for wife | which karwa chauth gift for wife | who karwa chauth gift for wife | can i karwa chauth gift for wife | is it karwa chauth gift for wife
how many roses should i give to my boyfriend,9,12,600,2,how many roses to give b | how many roses to give d | how many roses to give f | how many roses to give h | how many roses to give i | how many roses to give l | how many roses to give p | how many roses to give q | how many roses to give s | how many roses to give y | how many roses to give best | how many roses to give maker
karwa chauth gift for wife saree,6,12,600,2,karwa chauth gift for wife | karwa chauth gift for wife  | karwa chauth gift for wife s | karwa chauth gift for wife with | how karwa chauth gift for wife | what karwa chauth gift for wife | when karwa chauth gift for wife | why karwa chauth gift for wife | which karwa chauth gift for wife | who karwa chauth gift for wife | can i karwa chauth gift for wife | is it karwa chauth gift for wife
karwa chauth gift for wife under 500,7,12,600,2,karwa chauth gift for wife | karwa chauth gift for wife  | karwa chauth gift for wife u | karwa chauth gift for wife with | how karwa chauth gift for wife | what karwa chauth gift for wife | when karwa chauth gift for wife | why karwa chauth gift for wife | which karwa chauth gift for wife | who karwa chauth gift for wife | can i karwa chauth gift for wife | is it karwa chauth gift for wife
karwa chauth gift for wife under 1000,7,12,562,3,karwa chauth gift for wife | karwa chauth gift for wife  | karwa chauth gift for wife u | karwa chauth gift for wife with | how karwa chauth gift for wife | what karwa chauth gift for wife | when karwa chauth gift for wife | why karwa chauth gift for wife | which karwa chauth gift for wife | who karwa chauth gift for wife | can i karwa chauth gift for wife | is it karwa chauth gift for wife
karwa chauth gift for wife under 10000,7,12,561,4,karwa chauth gift for wife | karwa chauth gift for wife  | karwa chauth gift for wife u | karwa chauth gift for wife with | how karwa chauth gift for wife | what karwa chauth gift for wife | when karwa chauth gift for wife | why karwa chauth gift for wife | which karwa chauth gift for wife | who karwa chauth gift for wife | can i karwa chauth gift for wife | is it karwa chauth gift for wife
flower names in hindi and english with pictures,8,11,601,2,flower names in hindi | flower names in hindi  | flower names in hindi a | flower names in hindi e | flower names in hindi p | how flower names in hindi | what flower names in hindi | when flower names in hindi | why flower names in hindi | which flower names in hindi | who flower names in hindi
how many roses to give a friend,7,11,601,2,how many roses to give | how many roses to give  | how many roses to give a | how how many roses to give | what how many roses to give | when how many roses to give | why how many roses to give | which how many roses to give | who how many roses to give | can i how many roses to give | is it how many roses to give
how.many roses to give a russian girl,7,11,600,3,how many roses to give | how many roses to give  | how many roses to give a | how how many roses to give | what how many roses to give | when how many roses to give | why how many roses to give | which how many roses to give | who how many roses to give | can i how many roses to give | is it how many roses to give
flower names in hindi with picture,6,11,556,5,flower names in hindi p | flower names in hindi best | flower names in hindi free | flower names in hindi online | flower names in hindi app | flower names in hindi template | how flower names in hindi | when flower names in hindi | why flower names in hindi | which flower names in hindi | who flower names in hindi
hydrangea meaning in kannada,4,10,1251,1,hydrangea meaning | hydrangea meaning  | hydrangea meaning e | hydrangea meaning i | hydrangea meaning n | hydrangea meaning u | hydrangea meaning y | hydrangea meaning with | hydrangea meaning for | hydrangea meaning in
karwa chauth gift for wife,5,10,601,1,karwa chauth gift for wife  | karwa chauth gift for wife with | how karwa chauth gift for wife | what karwa chauth gift for wife | when karwa chauth gift for wife | why karwa chauth gift for wife | which karwa chauth gift for wife | who karwa chauth gift for wife | can i karwa chauth gift for wife | is it karwa chauth gift for wife
what does the hydrangea represent,5,10,600,2,hydrangea meaning a | hydrangea meaning e | hydrangea meaning g | hydrangea meaning h | hydrangea meaning j | hydrangea meaning k | hydrangea meaning u | hydrangea meaning v | hydrangea meaning y | what hydrangea meaning
what do hydrangeas symbolize,4,10,558,7,hydrangea meaning a | hydrangea meaning e | hydrangea meaning g | hydrangea meaning h | hydrangea meaning j | hydrangea meaning k | hydrangea meaning u | hydrangea meaning v | hydrangea meaning y | what hydrangea meaning
hydrangea meaning in chinese,4,10,557,4,hydrangea meaning g | hydrangea meaning h | hydrangea meaning i | hydrangea meaning j | hydrangea meaning k | hydrangea meaning n | hydrangea meaning y | hydrangea meaning with | hydrangea meaning for | hydrangea meaning in
how many roses to give someone,6,10,556,9,how many roses to give | how many roses to give  | how how many roses to give | what how many roses to give | when how many roses to give | why how many roses to give | which how many roses to give | who how many roses to give | can i how many roses to give | is it how many roses to give
there are 18 roses for every 6 roses. how many roses are there if there are 3 roses,18,10,555,6,how many roses to give b | how many roses to give d | how many roses to give e | how many roses to give j | how many roses to give l | how many roses to give p | how many roses to give r | how many roses to give t | how many roses to give u | how many roses to give with
what does marigolds represent,4,10,555,8,marigold flower meaning a | marigold flower meaning b | marigold flower meaning d | marigold flower meaning e | marigold flower meaning h | marigold flower meaning l | marigold flower meaning p | marigold flower meaning r | marigold flower meaning u | marigold flower meaning y
hydrangea meaning in english,4,9,601,3,hydrangea meaning | hydrangea meaning  | hydrangea meaning e | hydrangea meaning i | hydrangea meaning k | hydrangea meaning n | hydrangea meaning with | hydrangea meaning for | hydrangea meaning in
marigold flower meaning in friendship,5,9,601,1,marigold flower meaning | marigold flower meaning  | marigold flower meaning f | marigold flower meaning i | marigold flower meaning n | marigold flower meaning o | marigold flower meaning with | marigold flower meaning for | marigold flower meaning in
marigold flower meaning in relationship,5,9,601,1,marigold flower meaning | marigold flower meaning  | marigold flower meaning i | marigold flower meaning n | marigold flower meaning o | marigold flower meaning r | marigold flower meaning with | marigold flower meaning for | marigold flower meaning in
flower names in hindi easy,5,9,600,2,flower names in hindi | flower names in hindi  | flower names in hindi e | how flower names in hindi | what flower names in hindi | when flower names in hindi | why flower names in hindi | which flower names in hindi | who flower names in hindi
propose day gift for boyfriend,5,9,561,4,propose day gift | propose day gift  | propose day gift b | propose day gift f | propose day gift n | propose day gift with | propose day gift for | propose day gift in | propose day gift 2026
marigold flower meaning in malayalam,5,9,557,8,marigold flower meaning | marigold flower meaning  | marigold flower meaning i | marigold flower meaning l | marigold flower meaning n | marigold flower meaning o | marigold flower meaning with | marigold flower meaning for | marigold flower meaning in
what does marigold represent,4,9,557,3,marigold flower meaning c | marigold flower meaning g | marigold flower meaning k | marigold flower meaning m | marigold flower meaning v | marigold flower meaning w | how marigold flower meaning | what marigold flower meaning | is it marigold flower meaning
how many roses for friendship,5,9,555,5,how many roses to give f | how many roses to give g | how many roses to give n | how many roses to give o | how many roses to give s | how many roses to give x | how many roses to give y | how many roses to give best | how many roses to give with
how many roses to gift,5,9,551,3,how many roses to give e | how many roses to give g | how many roses to give n | how many roses to give t | how many roses to give u | how many roses to give v | how many roses to give x | how many roses to give z | how many roses to give 2027
flower names in hindi,4,8,601,1,flower names in hindi  | flower names in hindi b | flower names in hindi j | how flower names in hindi | when flower names in hindi | why flower names in hindi | which flower names in hindi | who flower names in hindi
propose day gift for men,5,8,601,1,propose day gift | propose day gift  | propose day gift f | propose day gift m | propose day gift n | propose day gift with | propose day gift for | propose day gift in
flower names in hindi for kids,6,8,600,2,flower names in hindi | flower names in hindi  | flower names in hindi k | how flower names in hindi | when flower names in hindi | why flower names in hindi | which flower names in hindi | who flower names in hindi
hydrangea meaning hindi,3,8,600,2,hydrangea meaning e | hydrangea meaning g | hydrangea meaning h | hydrangea meaning j | hydrangea meaning k | hydrangea meaning u | hydrangea meaning y | hydrangea meaning z
marigold flower meaning in love,5,8,600,2,marigold flower meaning | marigold flower meaning  | marigold flower meaning i | marigold flower meaning n | marigold flower meaning o | marigold flower meaning with | marigold flower meaning for | marigold flower meaning in
marigold flower meaning in urdu,5,8,600,3,marigold flower meaning | marigold flower meaning  | marigold flower meaning i | marigold flower meaning n | marigold flower meaning o | marigold flower meaning with | marigold flower meaning for | marigold flower meaning in
propose day gift for wife,5,8,600,2,propose day gift | propose day gift  | propose day gift f | propose day gift n | propose day gift w | propose day gift with | propose day gift for | propose day gift in
marigold flower meaning in bengali,5,8,562,3,marigold flower meaning | marigold flower meaning  | marigold flower meaning i | marigold flower meaning n | marigold flower meaning o | marigold flower meaning with | marigold flower meaning for | marigold flower meaning in
propose day gift ideas for wife,6,8,562,3,propose day gift | propose day gift  | propose day gift i | propose day gift u | propose day gift v | propose day gift w | propose day gift y | propose day gift z
marigold flower meaning in tamil,5,8,561,4,marigold flower meaning | marigold flower meaning  | marigold flower meaning i | marigold flower meaning n | marigold flower meaning o | marigold flower meaning with | marigold flower meaning for | marigold flower meaning in
hydrangea meaning in telugu,4,8,560,5,hydrangea meaning | hydrangea meaning  | hydrangea meaning i | hydrangea meaning n | hydrangea meaning t | hydrangea meaning with | hydrangea meaning for | hydrangea meaning in
hydrangea meaning in marathi,4,8,559,6,hydrangea meaning | hydrangea meaning  | hydrangea meaning i | hydrangea meaning m | hydrangea meaning n | hydrangea meaning with | hydrangea meaning for | hydrangea meaning in
marigold flower meaning in kannada,5,8,558,7,marigold flower meaning  | marigold flower meaning i | marigold flower meaning n | marigold flower meaning o | marigold flower meaning u | marigold flower meaning with | marigold flower meaning for | marigold flower meaning in
propose day gift for boys,5,8,558,7,propose day gift | propose day gift  | propose day gift b | propose day gift f | propose day gift n | propose day gift with | propose day gift for | propose day gift in
flower names hindi english,4,8,551,4,flower names in hindi b | flower names in hindi c | flower names in hindi d | flower names in hindi j | flower names in hindi l | flower names in hindi m | flower names in hindi n | flower names in hindi u
how many roses should be given,6,8,551,11,how many roses to give b | how many roses to give j | how many roses to give o | how many roses to give q | how many roses to give r | how many roses to give s | how many roses to give w | how many roses to give maker
hydrangea meaning in hindi,4,7,1250,2,hydrangea meaning | hydrangea meaning  | hydrangea meaning i | hydrangea meaning n | hydrangea meaning with | hydrangea meaning for | hydrangea meaning in
flower names in hindi chart,5,7,601,1,flower names in hindi h | flower names in hindi x | flower names in hindi y | flower names in hindi z | flower names in hindi free | flower names in hindi online | flower names in hindi template
flower names in hindi english,5,7,601,1,flower names in hindi e | flower names in hindi h | flower names in hindi x | flower names in hindi y | flower names in hindi z | flower names in hindi online | flower names in hindi maker
color combinations for card making,5,7,600,2,bouquet colour combination b | bouquet colour combination c | bouquet colour combination f | bouquet colour combination o | bouquet colour combination p | bouquet colour combination s | bouquet colour combination for
how to combine flower colors,5,7,600,2,bouquet colour combination b | bouquet colour combination c | bouquet colour combination f | bouquet colour combination o | bouquet colour combination p | bouquet colour combination r | bouquet colour combination for
hydrangea meaning in bengali,4,7,600,4,hydrangea meaning | hydrangea meaning  | hydrangea meaning i | hydrangea meaning n | hydrangea meaning with | hydrangea meaning for | hydrangea meaning in
marigold flower meaning in hindi and english,7,7,600,2,marigold flower meaning a | marigold flower meaning e | marigold flower meaning h | marigold flower meaning i | marigold flower meaning o | marigold flower meaning for | marigold flower meaning in
propose day gift ideas for boyfriend,6,7,561,4,propose day gift  | propose day gift b | propose day gift i | propose day gift n | propose day gift t | propose day gift best | propose day gift 2026
hydrangea meaning in gujarati,4,7,560,5,hydrangea meaning | hydrangea meaning  | hydrangea meaning g | hydrangea meaning i | hydrangea meaning n | hydrangea meaning with | hydrangea meaning in
hydrangea meaning in tamil,4,7,560,5,hydrangea meaning | hydrangea meaning  | hydrangea meaning i | hydrangea meaning n | hydrangea meaning with | hydrangea meaning for | hydrangea meaning in
how to match flower colors,5,7,555,5,bouquet colour combination b | bouquet colour combination f | bouquet colour combination o | bouquet colour combination p | bouquet colour combination r | bouquet colour combination s | bouquet colour combination for
hydrangea meaning in urdu,4,6,601,1,hydrangea meaning i | hydrangea meaning n | hydrangea meaning u | hydrangea meaning with | hydrangea meaning for | hydrangea meaning in
karwa chauth gift for wife quora,6,6,601,1,karwa chauth gift for wife e | karwa chauth gift for wife q | karwa chauth gift for wife r | karwa chauth gift for wife v | karwa chauth gift for wife z | karwa chauth gift for wife without
propose day gift for girlfriend,5,6,601,1,propose day gift | propose day gift  | propose day gift f | propose day gift g | propose day gift with | propose day gift for
how many flowers to give a girl,7,6,600,3,how many roses to give | how many roses to give  | how many roses to give a | how many roses to give g | how many roses to give q | how how many roses to give
hydrangea meaning in love,4,6,600,2,hydrangea meaning | hydrangea meaning  | hydrangea meaning i | hydrangea meaning n | hydrangea meaning with | hydrangea meaning in
propose day gift for gf,5,6,600,2,propose day gift f | propose day gift g | propose day gift n | propose day gift with | propose day gift for | propose day gift in
propose day gift for husband,5,6,562,3,propose day gift | propose day gift  | propose day gift f | propose day gift h | propose day gift with | propose day gift for
propose day gift for him,5,6,560,5,propose day gift | propose day gift  | propose day gift f | propose day gift h | propose day gift with | propose day gift for
best karwa chauth gift for wife in gold,8,6,558,4,karwa chauth gift for wife b | karwa chauth gift for wife g | karwa chauth gift for wife i | karwa chauth gift for wife best | karwa chauth gift for wife for | karwa chauth gift for wife in
propose day gift for her,5,6,558,7,propose day gift f | propose day gift h | propose day gift n | propose day gift with | propose day gift for | propose day gift in
marigold flower meaning in marathi,5,6,556,9,marigold flower meaning i | marigold flower meaning n | marigold flower meaning o | marigold flower meaning with | marigold flower meaning for | marigold flower meaning in
marigold flower meaning in tagalog,5,6,556,5,marigold flower meaning | marigold flower meaning  | marigold flower meaning i | marigold flower meaning o | marigold flower meaning t | marigold flower meaning in
what does the number of roses given mean,8,6,556,4,how many roses to give n | how many roses to give o | how many roses to give q | how many roses to give s | how many roses to give v | how many roses to give w
marigold flower meaning in telugu,5,6,555,10,marigold flower meaning i | marigold flower meaning n | marigold flower meaning o | marigold flower meaning with | marigold flower meaning for | marigold flower meaning in
marigold flower meaning in gujarati,5,6,552,13,marigold flower meaning i | marigold flower meaning n | marigold flower meaning o | marigold flower meaning with | marigold flower meaning for | marigold flower meaning in
flower name in hindi for kids,6,5,601,2,flower names in hindi f | flower names in hindi with | flower names in hindi for | flower names in hindi in | what flower names in hindi
how many flowers to give in ukraine,7,5,601,1,how many roses to give i | how many roses to give u | how many roses to give with | how many roses to give for | how many roses to give in
hydrangea meaning of flower,4,5,601,1,hydrangea meaning a | hydrangea meaning d | hydrangea meaning o | hydrangea meaning p | hydrangea meaning r
how many flowers to give a russian girl,8,5,600,2,how many roses to give | how many roses to give a | how many roses to give q | how many roses to give r | how how many roses to give
hydrangea meaning in science,4,5,600,2,hydrangea meaning e | hydrangea meaning u | hydrangea meaning v | hydrangea meaning x | hydrangea meaning app
hydrangea meaning of name,4,5,600,2,hydrangea meaning a | hydrangea meaning d | hydrangea meaning o | hydrangea meaning p | hydrangea meaning r
karwa chauth gift for wife in gold price,8,5,600,2,karwa chauth gift for wife g | karwa chauth gift for wife i | karwa chauth gift for wife p | karwa chauth gift for wife for | karwa chauth gift for wife in
marigold flower meaning day of the dead,7,5,600,2,marigold flower meaning d | marigold flower meaning f | marigold flower meaning p | marigold flower meaning r | marigold flower meaning t
propose day gift ideas for husband,6,5,600,2,propose day gift | propose day gift  | propose day gift h | propose day gift i | propose day gift n
hydrangea meaning of word,4,5,562,3,hydrangea meaning a | hydrangea meaning d | hydrangea meaning o | hydrangea meaning p | hydrangea meaning r
hydrangea meaning in japan,4,5,559,6,hydrangea meaning i | hydrangea meaning n | hydrangea meaning with | hydrangea meaning for | hydrangea meaning in
tanishq karwa chauth gift for wife in gold,8,5,559,3,karwa chauth gift for wife g | karwa chauth gift for wife i | karwa chauth gift for wife t | karwa chauth gift for wife for | karwa chauth gift for wife in
best karwa chauth gift for wife in india,8,5,557,8,karwa chauth gift for wife b | karwa chauth gift for wife i | karwa chauth gift for wife best | karwa chauth gift for wife for | karwa chauth gift for wife in
propose day gift for girl,5,5,557,3,propose day gift f | propose day gift g | propose day gift with | propose day gift for | propose day gift in
chocolate day gift for girlfriend,5,5,556,4,propose day gift f | propose day gift g | propose day gift with | propose day gift for | propose day gift in
promise day gift for girlfriend,5,5,555,5,propose day gift f | propose day gift g | propose day gift with | propose day gift for | propose day gift in
karwa chauth gift for wife images,6,5,551,13,karwa chauth gift for wife d | karwa chauth gift for wife g | karwa chauth gift for wife p | karwa chauth gift for wife q | karwa chauth gift for wife w
roseday gold,2,4,1251,1,rose day | rose day  | rose day g | rose day o
rose day in february 2026,5,4,1250,1,rose day i | rose day with | rose day for | rose day in
roseday cv 10,3,4,1250,2,rose day | rose day  | rose day c | rose day o
roseday gold 20,3,4,1250,2,rose day | rose day  | rose day g | rose day o
best bouquet colour combination,4,4,601,1,bouquet colour combination | bouquet colour combination  | bouquet colour combination b | bouquet colour combination best
different flower names in hindi,5,4,601,1,flower names in hindi d | flower names in hindi x | flower names in hindi y | flower names in hindi best
flower bouquet colour combination,4,4,601,1,bouquet colour combination | bouquet colour combination  | bouquet colour combination f | bouquet colour combination free
how many flowers to give in russia,7,4,601,1,how many roses to give i | how many roses to give with | how many roses to give for | how many roses to give in
karwa chauth gift for wife hindi,6,4,601,1,karwa chauth gift for wife h | karwa chauth gift for wife j | karwa chauth gift for wife z | karwa chauth gift for wife free
karwa chauth gift for wife ideas india,7,4,601,1,karwa chauth gift for wife i | karwa chauth gift for wife maker | karwa chauth gift for wife 2026 | karwa chauth gift for wife 2027
propose day gift blinkit,4,4,601,1,propose day gift | propose day gift  | propose day gift b | propose day gift n
propose day gift ideas,4,4,601,1,propose day gift | propose day gift  | propose day gift i | propose day gift in
propose day gift link,4,4,601,1,propose day gift | propose day gift  | propose day gift l | propose day gift n
what is marigold flower meaning,5,4,601,1,marigold flower meaning w | how marigold flower meaning | what marigold flower meaning | is it marigold flower meaning
flower name in hindi and gujarati,6,4,600,2,flower names in hindi a | flower names in hindi g | flower names in hindi with | what flower names in hindi
flower name in hindi for class 1,7,4,600,3,flower names in hindi f | flower names in hindi with | flower names in hindi for | flower names in hindi in
flower names with hindi meaning,5,4,600,2,flower names in hindi j | flower names in hindi k | flower names in hindi t | flower names in hindi u
propose day gift instant delivery,5,4,600,2,propose day gift d | propose day gift i | propose day gift online | propose day gift in
propose day gift quotes,4,4,600,2,propose day gift l | propose day gift q | propose day gift x | propose day gift z
first karwa chauth gift for wife in india,8,4,561,4,karwa chauth gift for wife f | karwa chauth gift for wife i | karwa chauth gift for wife for | karwa chauth gift for wife in
flower name in hindi with drawing,6,4,560,4,flower names in hindi w | flower names in hindi with | flower names in hindi for | flower names in hindi in
flowers name in hindi with pronunciation,6,4,559,5,flower names in hindi w | flower names in hindi with | flower names in hindi for | flower names in hindi in
how many flowers to give for birthday,7,4,559,6,how many roses to give | how many roses to give with | how many roses to give for | how many roses to give in
ribbon flower bouquet colour combination,5,4,558,3,bouquet colour combination | bouquet colour combination  | bouquet colour combination f | bouquet colour combination r
rose day in hindi,4,4,557,8,rose day i | rose day with | rose day for | rose day in
is there another name for hydrangea,6,4,556,9,hydrangea meaning a | hydrangea meaning h | hydrangea meaning y | what hydrangea meaning
rose day in feb,4,4,556,9,rose day i | rose day with | rose day for | rose day in
how many roses in the world,6,4,555,10,how many roses to give e | how many roses to give l | how many roses to give u | how many roses to give v
promise day gift for boyfriend,5,4,555,10,propose day gift b | propose day gift f | propose day gift with | propose day gift for
promise day gift for wife,5,4,555,4,propose day gift f | propose day gift w | propose day gift with | propose day gift for
marigold flower is a symbol of,6,4,554,9,marigold flower meaning a | marigold flower meaning f | marigold flower meaning j | marigold flower meaning s
propose day gift delivery,4,4,553,3,propose day gift d | propose day gift v | propose day gift z | propose day gift online
hydrangea meaning flower,3,3,1251,1,hydrangea meaning | hydrangea meaning  | hydrangea meaning f
hydrangea meaning japan,3,3,1251,1,hydrangea meaning | hydrangea meaning  | hydrangea meaning j
hydrangea meaning symbolism,3,3,1251,1,hydrangea meaning | hydrangea meaning  | hydrangea meaning s
rose day ez,3,3,1251,1,rose day | rose day  | rose day e
rose day tablets,3,3,1251,1,rose day | rose day  | rose day t
hydrangea meaning spiritual,3,3,1250,2,hydrangea meaning | hydrangea meaning  | hydrangea meaning s
marigold flower meaning negative,4,3,1250,1,marigold flower meaning | marigold flower meaning  | marigold flower meaning n
marigold flower meaning spiritual,4,3,1250,1,marigold flower meaning | marigold flower meaning  | marigold flower meaning s
rose day date,3,3,1250,1,rose day | rose day  | rose day d
rose day kab hai,4,3,1250,1,rose day | rose day  | rose day k
rose day tablets uses,4,3,1250,2,rose day | rose day  | rose day t
rose day 2026,3,3,752,1,rose day | rose day  | rose day 2027
rose day kab hai 2026,5,3,700,2,rose day | rose day  | rose day k
crochet bouquet colour combination,4,3,601,1,bouquet colour combination | bouquet colour combination  | bouquet colour combination c
marigold flower meaning tattoo,4,3,601,1,marigold flower meaning | marigold flower meaning  | marigold flower meaning t
paper bouquet colour combination,4,3,601,1,bouquet colour combination | bouquet colour combination  | bouquet colour combination p
propose day gift online,4,3,601,1,propose day gift c | propose day gift o | propose day gift z
propose day gift photo,4,3,601,1,propose day gift k | propose day gift p | propose day gift x
rose bouquet colour combination,4,3,601,1,bouquet colour combination | bouquet colour combination  | bouquet colour combination r
rose day 2026 date,4,3,601,1,rose day | rose day  | rose day 2026
rose day for cancer patients,5,3,601,1,rose day f | rose day with | rose day for
roseday 10,2,3,601,1,rose day | rose day  | rose day o
spring bouquet colour combination,4,3,601,1,bouquet colour combination | bouquet colour combination  | bouquet colour combination s
which rose day is today,5,3,601,1,what rose day | which rose day | who rose day
yellow flower names in hindi,5,3,601,1,flower names in hindi | flower names in hindi  | flower names in hindi y
best karwa chauth gift for wife under 500,8,3,600,2,karwa chauth gift for wife b | karwa chauth gift for wife u | karwa chauth gift for wife best
flower names with hindi,4,3,600,2,flower names in hindi x | flower names in hindi best | flower names in hindi free
how many flowers to give on valentine's day,8,3,600,2,how many roses to give v | how many roses to give for | how many roses to give in
how many roses to make a rosary,7,3,600,2,how many roses to give  | how many roses to give a | how many roses to give q
hydrangea meaning in personality,4,3,600,2,hydrangea meaning x | hydrangea meaning z | hydrangea meaning app
hydrangea plant significance,3,3,600,2,hydrangea meaning template | hydrangea meaning 2026 | hydrangea meaning 2027
karwa chauth gift for wife near me,7,3,600,2,karwa chauth gift for wife m | karwa chauth gift for wife n | karwa chauth gift for wife without
karwa chauth gift to wife,5,3,600,2,karwa chauth gift for wife t | karwa chauth gift for wife for | karwa chauth gift for wife in
list of flower names in hindi and english with pictures,10,3,600,2,flower names in hindi e | flower names in hindi l | flower names in hindi p
propose day gift pic,4,3,600,2,propose day gift g | propose day gift p | propose day gift x
ribbon bouquet colour combination,4,3,600,2,bouquet colour combination | bouquet colour combination  | bouquet colour combination r
spring bouquet 7154 colour combination pdf,6,3,600,2,bouquet colour combination | bouquet colour combination p | bouquet colour combination s
w flower names,3,3,600,2,flower names in hindi x | flower names in hindi y | flower names in hindi best
what are good color combinations,5,3,600,2,bouquet colour combination p | bouquet colour combination s | bouquet colour combination best
what does marigold meaning flower language,6,3,600,2,marigold flower meaning d | marigold flower meaning w | what marigold flower meaning
marigold flower meaning in the bible,6,3,562,3,marigold flower meaning a | marigold flower meaning b | marigold flower meaning t
flower name in hindi for kg class,7,3,561,4,flower names in hindi f | flower names in hindi for | flower names in hindi in
karwa chauth gift for wife instant delivery,7,3,561,3,karwa chauth gift for wife d | karwa chauth gift for wife i | karwa chauth gift for wife in
flowers name in hindi for class 2,7,3,559,6,flower names in hindi f | flower names in hindi for | flower names in hindi in
how many roses to make a lei,7,3,559,6,how many roses to give  | how many roses to give a | how many roses to give q
karva chauth gift for wife in india,7,3,559,6,karwa chauth gift for wife i | karwa chauth gift for wife for | karwa chauth gift for wife in
flowers name in hindi for lkg class,7,3,558,7,flower names in hindi f | flower names in hindi for | flower names in hindi in
how many roses to make a bouquet,7,3,558,7,how many roses to give a | how many roses to give b | how many roses to give q
rose day in 2026,4,3,558,7,rose day i | rose day with | rose day in
karva chauth gift to wife,5,3,557,3,karwa chauth gift for wife t | karwa chauth gift for wife for | karwa chauth gift for wife in
propose day gift ideas handmade,5,3,557,8,propose day gift h | propose day gift i | propose day gift in
ribbon rose bouquet colour combination,5,3,557,4,bouquet colour combination | bouquet colour combination  | bouquet colour combination r
why are hydrangeas called hydrangeas,5,3,557,6,hydrangea meaning a | hydrangea meaning e | hydrangea meaning u
indian flower names in hindi,5,3,556,5,flower names in hindi | flower names in hindi  | flower names in hindi i
propose day par kya gift de,6,3,556,5,propose day gift d | propose day gift k | propose day gift p
best karwa chauth gift for wife nearby,7,3,555,3,karwa chauth gift for wife b | karwa chauth gift for wife n | karwa chauth gift for wife best
chocolate day gift for husband,5,3,555,10,propose day gift h | propose day gift with | propose day gift for
hydrangea gift meaning,3,3,555,8,hydrangea meaning h | hydrangea meaning u | hydrangea meaning v
rose day in february 2026 wishes,6,3,554,11,rose day with | rose day for | rose day in
flower name in hindi list,5,3,552,5,flower names in hindi k | flower names in hindi l | what flower names in hindi
hydrangea flower meaning,3,3,552,3,hydrangea meaning app | hydrangea meaning template | hydrangea meaning 2026
rose day 2025,3,3,552,13,rose day | rose day  | rose day 2027
hydrangea meaning telugu,3,3,551,10,hydrangea meaning x | hydrangea meaning y | hydrangea meaning app
propose day gift handmade,4,3,551,3,propose day gift j | propose day gift m | propose day gift maker
hydrangea meaning in latin,4,3,550,15,hydrangea meaning i | hydrangea meaning n | hydrangea meaning in
roseday ez 20,3,2,1250,2,rose day e | rose day o
roseday f 10,3,2,1250,2,rose day f | rose day o
roseday cv 20,3,2,800,4,rose day c | rose day o
rose day 20,3,2,750,3,rose day | rose day 
rose day in august,4,2,750,2,rose day i | rose day in
best karwa chauth gift for wife,6,2,601,1,karwa chauth gift for wife b | karwa chauth gift for wife best
chocolate day gift online,4,2,601,1,propose day gift o | propose day gift online
colour combination for bouquet,4,2,601,1,bouquet colour combination f | bouquet colour combination for
easy flower names for kids in hindi,7,2,601,1,flower names in hindi e | flower names in hindi k
flower names in hindi in english,6,2,601,1,flower names in hindi free | flower names in hindi in
flower names in hindi to english,6,2,601,1,flower names in hindi t | flower names in hindi for
flower names starting with n in hindi,7,2,601,1,flower names in hindi n | flower names in hindi s
flowers colour combination,3,2,601,1,bouquet colour combination | bouquet colour combination 
flowers names 20 in hindi,5,2,601,1,flower names in hindi 2026 | flower names in hindi 2027
how many flowers to make a pound of honey,9,2,601,1,how many roses to give o | how many roses to give p
how many roses can you make with 25 yards of ribbon,11,2,601,1,how many roses to give w | how many roses to give y
how many roses does hinge give you,7,2,601,1,how many roses to give h | how many roses to give y
how many roses should i give to my best friend,10,2,601,1,how many roses to give i | how many roses to give best
hydrangea meaning for wedding,4,2,601,1,hydrangea meaning f | hydrangea meaning for
hydrangea meaning language of flowers,5,2,601,1,hydrangea meaning l | hydrangea meaning o
hydrangea meaning victorian flower language,5,2,601,1,hydrangea meaning l | hydrangea meaning v
karva chauth gift for wife online,6,2,601,1,karwa chauth gift for wife o | karwa chauth gift for wife online
karwa chauth gift for wife jewellery,6,2,601,1,karwa chauth gift for wife | karwa chauth gift for wife j
karwa chauth gift for wife payal design,7,2,601,1,karwa chauth gift for wife d | karwa chauth gift for wife p
propose day best gift,4,2,601,1,propose day gift b | propose day gift best
propose day gift,3,2,601,1,propose day gift  | propose day gift n
propose day gift hamper,4,2,601,1,propose day gift h | propose day gift n
propose day gift instamart,4,2,601,1,propose day gift i | propose day gift in
propose day gift under 150,5,2,601,1,propose day gift n | propose day gift u
propose day gift website,4,2,601,1,propose day gift | propose day gift w
rose day best wishes for girlfriend,6,2,601,1,rose day b | rose day best
rose day international school,4,2,601,4,rose day i | rose day in
rose day wishes,3,2,601,3,rose day l | rose day w
roseday asp 10,3,2,601,1,rose day a | rose day app
what rose day date,4,2,601,1,how rose day | what rose day
best colour combination for bouquet,5,2,600,2,bouquet colour combination f | bouquet colour combination for
bouquet colour schemes,3,2,600,2,bouquet colour combination | bouquet colour combination 
chocolate day best gift,4,2,600,2,propose day gift b | propose day gift best
chocolate day gift real pic,5,2,600,2,propose day gift p | propose day gift r
flower name in hindi and english with meaning,8,2,600,3,flower names in hindi a | what flower names in hindi
flower name in hindi with english,6,2,600,3,flower names in hindi w | flower names in hindi with
flower names hindi english donon,5,2,600,2,flower names in hindi d | flower names in hindi e
flowers names in hindi 20 words,6,2,600,2,flower names in hindi 2026 | flower names in hindi 2027
how many roses to give for valentine's day,8,2,600,2,how many roses to give with | how many roses to give for
hydrangea flower meaning japan,4,2,600,4,hydrangea meaning f | hydrangea meaning j
hydrangea meaning for love,4,2,600,2,hydrangea meaning f | hydrangea meaning for
hydrangea season india,3,2,600,2,hydrangea meaning 2026 | hydrangea meaning 2027
karwa chauth gift for kitty party,6,2,600,2,karwa chauth gift for wife k | karwa chauth gift for wife p
karwa chauth gift for wife quotes,6,2,600,2,karwa chauth gift for wife l | karwa chauth gift for wife q
karwa chauth gift online,4,2,600,2,karwa chauth gift for wife o | karwa chauth gift for wife online
marigold flower comes in which season,6,2,600,2,marigold flower meaning 2026 | marigold flower meaning 2027
marigold flower in kannada wikipedia meaning,6,2,600,2,marigold flower meaning k | marigold flower meaning w
marigold flower in which month,5,2,600,2,marigold flower meaning 2026 | marigold flower meaning 2027
marigold flower meaning in,4,2,600,2,marigold flower meaning j | marigold flower meaning z
marigold flowers meaning dia de los muertos,7,2,600,2,marigold flower meaning d | marigold flower meaning l
marigold meaning victorian flower language,5,2,600,2,marigold flower meaning l | marigold flower meaning v
promise day gift card,4,2,600,2,propose day gift c | propose day gift d
propose day gifts india,4,2,600,2,propose day gift online | propose day gift maker
rose day best wishes,4,2,600,2,rose day b | rose day best
rose day for husband,4,2,600,2,rose day with | rose day for
rose day india,3,2,600,5,rose day i | rose day in
rose day video maker,4,2,600,2,rose day v | rose day maker
spring bouquet 7154 colour combination,5,2,600,2,bouquet colour combination | bouquet colour combination s
what day rose bowl,4,2,600,2,how rose day | what rose day
which color combination is best with brown,7,2,600,2,bouquet colour combination b | bouquet colour combination r
which rose day date,4,2,600,2,which rose day | who rose day
yellow marigold flower meaning in hindi,6,2,600,2,marigold flower meaning h | marigold flower meaning y
bouquet colour palettes,3,2,562,3,bouquet colour combination | bouquet colour combination 
how many roses to make rose oil,7,2,562,3,how many roses to give o | how many roses to give r
karwa chauth gift for wife between ₹ 700 and ₹ 1500,11,2,562,3,karwa chauth gift for wife a | karwa chauth gift for wife b
karwa chauth gift options for wife,6,2,562,3,karwa chauth gift for wife o | karwa chauth gift for wife online
rose day best shayari,4,2,562,3,rose day b | rose day best
bouquet colour combos,3,2,561,4,bouquet colour combination | bouquet colour combination 
flower name in hindi and sanskrit,6,2,561,4,flower names in hindi a | what flower names in hindi
karwa chauth gift for wife between ₹ 1000 and ₹ 5000,11,2,561,4,karwa chauth gift for wife a | karwa chauth gift for wife b
karwa chauth gift for wife in india,7,2,561,4,karwa chauth gift for wife s | karwa chauth gift for wife for
rose day best quotes,4,2,561,4,rose day b | rose day best
first karwa chauth gift for wife ideas,7,2,560,5,karwa chauth gift for wife f | karwa chauth gift for wife i
flowers name in hindi for ukg class,7,2,560,5,flower names in hindi f | flower names in hindi for
how many flowers to make a pound of saffron,9,2,560,5,how many roses to give o | how many roses to give p
hydrangea color meaning soil,4,2,560,5,hydrangea meaning c | hydrangea meaning s
hydrangea flower meaning victorian,4,2,560,5,hydrangea meaning f | hydrangea meaning v
hydrangea love meaning txt,4,2,560,5,hydrangea meaning l | hydrangea meaning t
karva chauth gift for wife between ₹ 500 and ₹ 900,11,2,560,5,karwa chauth gift for wife a | karwa chauth gift for wife b
rose day in korea,4,2,560,5,rose day i | rose day in
flower name in hindi and english 200,7,2,559,6,flower names in hindi a | flower names in hindi with
how many flowers to make a gram of saffron,9,2,559,6,how many roses to give g | how many roses to give o
how many flowers to make butterfly pea tea,8,2,559,3,how many roses to give b | how many roses to give p
hydrangea plant meaning in hindi,5,2,559,6,hydrangea meaning h | hydrangea meaning p
marigold flower meaning in hindi marathi,6,2,559,5,marigold flower meaning h | marigold flower meaning m
rose day international,3,2,559,6,rose day i | rose day in
when is rose day in valentine week,7,2,559,6,when rose day | is it rose day
yellow marigold flower meaning in love,6,2,559,4,marigold flower meaning l | marigold flower meaning y
flowers name in hindi with colours,6,2,558,6,flower names in hindi w | flower names in hindi with
garland of marigold flower meaning in hindi,7,2,558,4,marigold flower meaning g | marigold flower meaning h
how many flowers to make a puakenikeni lei,8,2,558,3,how many roses to give l | how many roses to give p
karwa chauth gifts for wife from husband,7,2,558,7,karwa chauth gift for wife for | karwa chauth gift for wife in
marigold and cosmos flower meaning,5,2,558,5,marigold flower meaning a | marigold flower meaning c
red marigold flower meaning in hindi,6,2,558,4,marigold flower meaning h | marigold flower meaning r
rose day instagram,3,2,558,7,rose day i | rose day in
rose day template free download,5,2,558,7,rose day free | rose day template
when is rose day in india,6,2,558,7,when rose day | is it rose day
yellow marigold flower meaning spiritual,5,2,558,7,marigold flower meaning s | marigold flower meaning y
chocolate day gift card,4,2,557,4,propose day gift c | propose day gift d
flower plants for home with names in hindi,8,2,557,4,flower names in hindi h | flower names in hindi p
flowers name in hindi with english meaning,7,2,557,7,flower names in hindi w | flower names in hindi with
green hydrangea meaning in relationship,5,2,557,8,hydrangea meaning g | hydrangea meaning r
how many flowers to make a plumeria lei,8,2,557,4,how many roses to give l | how many roses to give p
karwa chauth gift for husband under 500,7,2,557,6,karwa chauth gift for wife h | karwa chauth gift for wife u
rose day in la,4,2,557,8,rose day i | rose day in
colour combination for ribbon bouquet,5,2,556,5,bouquet colour combination f | bouquet colour combination for
common flower names in india,5,2,556,4,flower names in hindi best | flower names in hindi free
flowers name in with hindi,5,2,556,8,flower names in hindi w | flower names in hindi with
how many roses can i make with 50 yards of ribbon,11,2,556,9,how many roses to give i | how many roses to give with
how many roses does hinge give for free,8,2,556,3,how many roses to give h | how many roses to give for
karwa chauth gift for husband amazon,6,2,556,6,karwa chauth gift for wife a | karwa chauth gift for wife h
promise day best gift,4,2,556,9,propose day gift b | propose day gift best
propose day gift same day delivery,6,2,556,4,propose day gift d | propose day gift s
purple hydrangea meaning,3,2,556,7,hydrangea meaning j | hydrangea meaning u
rose day 10mg tablet,4,2,556,9,rose day | rose day 
rose day in calabasas,4,2,556,9,rose day i | rose day in
what are the two types of hydrangeas,7,2,556,9,hydrangea meaning a | hydrangea meaning e
when is rose day in february 2026,7,2,556,9,when rose day | is it rose day
best colour combination for flower bouquet,6,2,555,6,bouquet colour combination f | bouquet colour combination for
blue hydrangea meaning in relationship,5,2,555,8,hydrangea meaning b | hydrangea meaning r
how many roses can i make with 25 yards of ribbon,11,2,555,10,how many roses to give i | how many roses to give with
promise day gift ideas,4,2,555,10,propose day gift i | propose day gift in
roseday tablet,2,2,555,10,rose day o | what rose day
100 flower names in hindi,5,2,554,11,flower names in hindi | flower names in hindi 
100 flower names in hindi with meaning,7,2,554,4,flower names in hindi m | flower names in hindi with
best 1st karwa chauth gift for wife,7,2,554,6,karwa chauth gift for wife b | karwa chauth gift for wife best
blue hydrangea meaning lana del rey,6,2,554,11,hydrangea meaning d | hydrangea meaning l
how many roses should i get my girlfriend,8,2,554,4,how many roses to give g | how many roses to give best
karwa chauth gift for sasu maa,6,2,554,11,karwa chauth gift for wife m | karwa chauth gift for wife s
promise day gift for best friend,6,2,554,4,propose day gift b | propose day gift best
propose day par gf ko kya gift de,8,2,554,5,propose day gift d | propose day gift k
white hydrangea meaning in relationship,5,2,554,9,hydrangea meaning r | hydrangea meaning w
best gift for karwa chauth for wife amazon,8,2,553,9,karwa chauth gift for wife a | karwa chauth gift for wife best
chocolate day gift for best friend,6,2,553,5,propose day gift b | propose day gift best
how many flowers can you give in hollow knight,9,2,553,12,how many roses to give i | how many roses to give in
how many flowers to give on first date,8,2,553,10,how many roses to give for | how many roses to give in
karwa chauth 2025 best gift for wife,7,2,553,7,karwa chauth gift for wife b | karwa chauth gift for wife best
what color of flowers go together,6,2,553,7,bouquet colour combination f | bouquet colour combination for
white flowers names in hindi,5,2,553,12,flower names in hindi | flower names in hindi 
white hydrangea meaning spiritual,4,2,553,12,hydrangea meaning s | hydrangea meaning w
100 flower names in english and hindi with meaning,9,2,552,6,flower names in hindi e | flower names in hindi m
hydrangea birth flower meaning,4,2,552,3,hydrangea meaning 2026 | hydrangea meaning 2027
hydrangea meaning in poetry,4,2,552,13,hydrangea meaning with | hydrangea meaning for
names that mean flower in hindi,6,2,552,10,flower names in hindi m | flower names in hindi t
rose day in february 2026 list,6,2,552,13,rose day with | rose day in
what is national rose day,5,2,552,5,what rose day | who rose day
gift for karwa chauth for wife nearby,7,2,551,14,karwa chauth gift for wife f | karwa chauth gift for wife for
how many flowers to give,5,2,551,14,how many roses to give | how how many roses to give
marigold flower meaning in mexico,5,2,551,14,marigold flower meaning with | marigold flower meaning for
flower names in hindi language,5,2,550,7,flower names in hindi l | flower names in hindi r
karwa chauth gift for wife in gold amazon,8,2,550,12,karwa chauth gift for wife a | karwa chauth gift for wife x
marigold flower in which season,5,2,550,5,marigold flower meaning 2026 | marigold flower meaning 2027
marigold flower meaning bengali,4,2,550,15,marigold flower meaning b | marigold flower meaning best
rose day cv,3,1,1251,1,rose day c
rose day hours,3,1,1251,1,rose day h
rose day june,3,1,1251,1,rose day j
rose day spa,3,1,1251,1,rose day s
roseday a,2,1,1251,1,rose day a
roseday f,2,1,1251,1,rose day f
hydrangea meaning color,3,1,1250,1,hydrangea meaning c
hydrangea meaning death,3,1,1250,1,hydrangea meaning d
hydrangea meaning flower language,4,1,1250,2,hydrangea meaning f
hydrangea meaning japanese,3,1,1250,2,hydrangea meaning j
rose day houston,3,1,1250,2,rose day h
rose day june 13,4,1,1250,2,rose day j
rose day list,3,1,1250,1,rose day l
rose day medicine,3,1,1250,1,rose day m
rose day national,3,1,1250,1,rose day n
rose day photo,3,1,1250,1,rose day p
rose day quotes,3,1,1250,1,rose day q
rose day shayari,3,1,1250,2,rose day s
rose day uses,3,1,1250,1,rose day u
rose day valentine week,4,1,1250,1,rose day v
rose day yacht party,4,1,1250,1,rose day y
roseday a10,2,1,1250,2,rose day a
when rose day in 2026,5,1,1250,1,when rose day
roseday a20,2,1,1200,3,rose day a
rose day 2027 date,4,1,1100,1,rose day 2027
rose day images,3,1,1100,2,rose day i
rose day date 2026,4,1,1000,2,rose day d
rose day prompt for ai image generator,7,1,1000,2,rose day p
rose day which company,4,1,1000,1,rose day w
rose day f tablet,4,1,900,3,rose day f
rose day lipstick,3,1,900,2,rose day l
rose day prompt for girls,5,1,900,3,rose day p
is it rose day today,5,1,850,1,is it rose day
roseday ez 10,3,1,850,3,rose day e
roseday gold 10,3,1,850,3,rose day g
rose day cv 20 tablet,5,1,801,3,rose day c
roseday ez tablet,3,1,801,4,rose day e
roseday ez 40,3,1,800,5,rose day e
rose day capsule,3,1,700,5,rose day c
rose day meaning,3,1,650,2,rose day m
rose day which date,4,1,650,2,rose day w
roseday gold tablet,3,1,650,4,rose day g
rose day drawing,3,1,602,3,rose day d
roseday f20,2,1,602,4,rose day f
best flower name in hindi,5,1,601,1,flower names in hindi best
blue flower names in hindi,5,1,601,1,flower names in hindi b
can i use rose water day and night,8,1,601,1,can i rose day
chocolate day gift quotes,4,1,601,1,propose day gift q
colour combination of bouquet,4,1,601,1,bouquet colour combination o
common flower names in hindi,5,1,601,1,flower names in hindi c
flower name in hindi hibiscus,5,1,601,1,flower names in hindi h
flower name in hindi images,5,1,601,1,flower names in hindi i
flower name in hindi or english,6,1,601,1,flower names in hindi o
freesia flower name in hindi,5,1,601,1,flower names in hindi free
how many flowers to make a jar of honey,9,1,601,1,how many roses to give j
how many hibiscus flowers to make tea,7,1,601,1,how many roses to give t
how many roses are there in 2024,7,1,601,1,how many roses to give 2027
how many roses does hinge x give you,8,1,601,1,how many roses to give x
how many roses needed to make a rosary,8,1,601,1,how many roses to give n
how many roses should i give to my girlfriend,9,1,601,1,how many roses to give s
how many roses to make essential oil,7,1,601,1,how many roses to give e
how many roses to make lei,6,1,601,1,how many roses to give l
how many roses to make rosary,6,1,601,1,how many roses to give r
how rose day is celebrated,5,1,601,1,how rose day
hydrangea arborescens meaning,3,1,601,1,hydrangea meaning a
hydrangea dream meaning,3,1,601,2,hydrangea meaning d
hydrangea macrophylla meaning,3,1,601,1,hydrangea meaning m
hydrangea meaning,2,1,601,1,what hydrangea meaning
hydrangea meaning blue,3,1,601,1,hydrangea meaning b
hydrangea meaning chinese,3,1,601,2,hydrangea meaning c
hydrangea meaning etymology,3,1,601,1,hydrangea meaning e
hydrangea meaning floriography,3,1,601,3,hydrangea meaning f
hydrangea meaning greek,3,1,601,1,hydrangea meaning g
hydrangea meaning hanakotoba,3,1,601,1,hydrangea meaning h
hydrangea meaning korean,3,1,601,1,hydrangea meaning k
hydrangea meaning purple,3,1,601,1,hydrangea meaning p
hydrangea meaning reddit,3,1,601,1,hydrangea meaning r
hydrangea meaning tattoo,3,1,601,1,hydrangea meaning t
hydrangea meaning wedding,3,1,601,1,hydrangea meaning w
hydrangea song meaning,3,1,601,3,hydrangea meaning s
hydrangea symbolism japan,3,1,601,3,hydrangea meaning j
hydrangea temperature,2,1,601,1,hydrangea meaning template
hydrangea yellow meaning,3,1,601,1,hydrangea meaning y
is it rose day tomorrow,5,1,601,2,is it rose day
jasmine flower names in hindi,5,1,601,1,flower names in hindi j
karwa chauth gift for couple,5,1,601,1,karwa chauth gift for wife c
karwa chauth gift for wife blinkit,6,1,601,1,karwa chauth gift for wife b
karwa chauth gift for wife dress,6,1,601,1,karwa chauth gift for wife d
karwa chauth gift for wife earrings,6,1,601,1,karwa chauth gift for wife e
karwa chauth gift for wife gold,6,1,601,1,karwa chauth gift for wife g
karwa chauth gift for wife list,6,1,601,1,karwa chauth gift for wife l
karwa chauth gift for wife meesho,6,1,601,1,karwa chauth gift for wife m
karwa chauth gift for wife reddit,6,1,601,1,karwa chauth gift for wife r
karwa chauth gift for wife tanishq,6,1,601,1,karwa chauth gift for wife t
karwa chauth gift for wife watch,6,1,601,1,karwa chauth gift for wife w
karwa chauth gift for wife zepto,6,1,601,1,karwa chauth gift for wife z
karwa chauth ka gift for wife,6,1,601,1,karwa chauth gift for wife k
lotus flower names in hindi,5,1,601,1,flower names in hindi l
marigold flower assamese meaning,4,1,601,1,marigold flower meaning a
marigold flower color meaning,4,1,601,1,marigold flower meaning c
marigold flower essence meaning,4,1,601,1,marigold flower meaning e
marigold flower garland meaning,4,1,601,1,marigold flower meaning g
marigold flower meaning bangla,4,1,601,1,marigold flower meaning b
marigold flower meaning death,4,1,601,1,marigold flower meaning d
marigold flower meaning hindi,4,1,601,1,marigold flower meaning h
marigold flower meaning in punjabi,5,1,601,1,marigold flower meaning p
marigold flower meaning japan,4,1,601,1,marigold flower meaning j
marigold flower meaning korean,4,1,601,1,marigold flower meaning k
marigold flower meaning love,4,1,601,1,marigold flower meaning l
marigold flower meaning mexico,4,1,601,1,marigold flower meaning m
marigold flower meaning sad,4,1,601,2,marigold flower meaning s
marigold flower meaning victorian,4,1,601,1,marigold flower meaning v
marigold flower name meaning,4,1,601,2,marigold flower meaning n
marigold flower urdu meaning,4,1,601,1,marigold flower meaning u
national rose day 2027,4,1,601,2,rose day 2027
propose day 2026 gift,4,1,601,1,propose day gift 2026
propose day gift ring,4,1,601,1,propose day gift r
propose day gift service,4,1,601,1,propose day gift s
propose day gift to wife,5,1,601,1,propose day gift t
propose day gift zepto,4,1,601,1,propose day gift z
propose day gifts online,4,1,601,1,propose day gift maker
propose day ka gift,4,1,601,1,propose day gift k
propose day par kya gift diya jata hai,8,1,601,1,propose day gift j
propose day virtual gift,4,1,601,1,propose day gift v
red flower names in hindi,5,1,601,1,flower names in hindi r
rose day baby photoshoot ideas at home,7,1,601,1,rose day b
rose day card maker,4,1,601,1,rose day maker
rose day cream,3,1,601,6,rose day c
rose day dresses,3,1,601,4,rose day d
rose day ex,3,1,601,6,rose day e
rose day f5,3,1,601,5,rose day f
rose day free template,4,1,601,1,rose day free
rose day gift,3,1,601,5,rose day g
rose day hindi shayari,4,1,601,3,rose day h
rose day japan,3,1,601,3,rose day j
rose day kab hota hai,5,1,601,3,rose day k
rose day lakme lipstick,4,1,601,3,rose day l
rose day movie,3,1,601,3,rose day m
rose day nursery,3,1,601,2,rose day n
rose day online card,4,1,601,1,rose day online
rose day perfume,3,1,601,4,rose day p
rose day quotes for love,5,1,601,2,rose day q
rose day resort raipur,4,1,601,1,rose day r
rose day school,3,1,601,3,rose day s
rose day template capcut,4,1,601,1,rose day template
rose day unique spa sector 18 noida,7,1,601,2,rose day u
rose day vintage,3,1,601,2,rose day v
rose day with shayari,4,1,601,1,rose day with
rose day without makeup,4,1,601,1,rose day without
rose day yacht party philadelphia,5,1,601,2,rose day y
rose day zonta,3,1,601,1,rose day z
roseday asp,2,1,601,4,rose day a
roseday tab,2,1,601,3,rose day t
some flower names in hindi,5,1,601,1,flower names in hindi s
unique flower names in hindi,5,1,601,1,flower names in hindi u
what is flower name in hindi,6,1,601,1,what flower names in hindi
when rose day is celebrated,5,1,601,2,when rose day
white marigold flower meaning,4,1,601,1,marigold flower meaning w
why rose day is celebrated,5,1,601,1,why rose day
xenia flower name in hindi,5,1,601,1,flower names in hindi x
yellow marigold flower meaning,4,1,601,1,marigold flower meaning y
zinnia flower name in hindi,5,1,601,1,flower names in hindi z
beautiful flower names in hindi,5,1,600,2,flower names in hindi b
can i use rose water every day,7,1,600,2,can i rose day
chocolate day gift hamper,4,1,600,2,propose day gift h
chocolate day ka gift,4,1,600,2,propose day gift k
chocolate day virtual gift,4,1,600,2,propose day gift v
flower name in hindi orchid,5,1,600,2,flower names in hindi o
flower names chart in hindi,5,1,600,2,flower names in hindi c
flower names hindi mein,4,1,600,2,flower names in hindi m
flower names in urdu and hindi,6,1,600,2,flower names in hindi u
flowers name in in hindi,5,1,600,2,flower names in hindi in
happy rose day 2027,4,1,600,3,rose day 2027
hindi flower names in hindi,5,1,600,2,flower names in hindi h
how many butterfly pea flowers to make tea,8,1,600,2,how many roses to give t
how many doses needed to make a lei,8,1,600,2,how many roses to give n
how many flowers to make 1 pound of honey,9,1,600,2,how many roses to give p
how many flowers to make bouquet,6,1,600,2,how many roses to give b
how many flowers to make lei,6,1,600,2,how many roses to give l
how many hibiscus flowers to make jamaica,7,1,600,2,how many roses to give j
how many pounds of roses to make essential oil,9,1,600,2,how many roses to give e
how many roses does hinge give,6,1,600,2,how many roses to give h
how many roses make up a bouquet,7,1,600,2,how many roses to give u
how many roses to give a girlfriend,7,1,600,2,how many roses to give maker
hydrangea deep meaning,3,1,600,3,hydrangea meaning d
hydrangea kannada meaning,3,1,600,2,hydrangea meaning k
hydrangea malayalam meaning,3,1,600,2,hydrangea meaning m
hydrangea meaning by color,4,1,600,2,hydrangea meaning b
hydrangea meaning china,3,1,600,3,hydrangea meaning c
hydrangea meaning flower blue,4,1,600,4,hydrangea meaning f
hydrangea meaning green,3,1,600,2,hydrangea meaning g
hydrangea meaning love,3,1,600,2,hydrangea meaning l
hydrangea meaning pink,3,1,600,2,hydrangea meaning p
hydrangea meaning red,3,1,600,2,hydrangea meaning r
hydrangea meaning victorian,3,1,600,2,hydrangea meaning v
hydrangea meaning white,3,1,600,2,hydrangea meaning w
hydrangea sad meaning,3,1,600,4,hydrangea meaning s
hydrangea tree meaning,3,1,600,2,hydrangea meaning t
hydrangea urban dictionary,3,1,600,2,hydrangea meaning u
in hindi flower names,4,1,600,2,flower names in hindi y
is it national rose day,5,1,600,3,is it rose day
karva chauth gift for wife amazon,6,1,600,2,karwa chauth gift for wife a
karwa chauth gift card,4,1,600,2,karwa chauth gift for wife c
karwa chauth gift for jethani,5,1,600,2,karwa chauth gift for wife j
karwa chauth gift for pregnant wife,6,1,600,2,karwa chauth gift for wife p
karwa chauth gift for wife bracelet,6,1,600,2,karwa chauth gift for wife b
karwa chauth gift for wife fnp,6,1,600,2,karwa chauth gift for wife f
karwa chauth gift for wife mirror,6,1,600,2,karwa chauth gift for wife m
karwa chauth gift for women,5,1,600,2,karwa chauth gift for wife w
karwa chauth gift hamper for wife,6,1,600,2,karwa chauth gift for wife h
luxury karwa chauth gift for wife,6,1,600,2,karwa chauth gift for wife l
marigold flower biblical meaning,4,1,600,2,marigold flower meaning b
marigold flower emoji meaning,4,1,600,2,marigold flower meaning e
marigold flower gujarati meaning,4,1,600,2,marigold flower meaning g
marigold flower meaning hindu,4,1,600,2,marigold flower meaning h
marigold flower meaning in chinese,5,1,600,2,marigold flower meaning c
marigold flower meaning in philippines,5,1,600,2,marigold flower meaning p
marigold flower meaning jealousy,4,1,600,2,marigold flower meaning j
marigold flower meaning kannada,4,1,600,2,marigold flower meaning k
marigold flower meaning malayalam,4,1,600,2,marigold flower meaning m
marigold flower meaning telugu,4,1,600,2,marigold flower meaning t
marigold flower symbolic meaning,4,1,600,3,marigold flower meaning s
marigold meaning flower language,4,1,600,2,marigold flower meaning l
marigold plant meaning in urdu,5,1,600,2,marigold flower meaning u
powerful flower names,3,1,600,2,flower names in hindi best
promise day gift for men,5,1,600,2,propose day gift m
promise day gift link,4,1,600,2,propose day gift l
promise day gift website,4,1,600,2,propose day gift w
propose day 2026,3,1,600,2,propose day gift 2026
propose day gift image,4,1,600,2,propose day gift x
propose day gift under 90,5,1,600,2,propose day gift u
propose day special gift,4,1,600,2,propose day gift s
rare flower names in hindi,5,1,600,2,flower names in hindi r
rose day 2026 in india,5,1,600,2,rose day 2026
rose day breaker,3,1,600,2,rose day b
rose day celebration,3,1,600,7,rose day c
rose day date rolex,4,1,600,5,rose day d
rose day event,3,1,600,7,rose day e
rose day february 2026,4,1,600,6,rose day f
rose day free download images,5,1,600,2,rose day free
rose day husband wishes,4,1,600,4,rose day h
rose day jokes,3,1,600,4,rose day j
rose day kab aata hai,5,1,600,4,rose day k
rose day la,3,1,600,4,rose day l
rose day meme,3,1,600,4,rose day m
rose day next,3,1,600,3,rose day n
rose day online wish,4,1,600,2,rose day online
rose day panty,3,1,600,5,rose day p
rose day quotes in marathi for husband,7,1,600,3,rose day q
rose day real pic,4,1,600,2,rose day r
rose day special,3,1,600,4,rose day s
rose day tablet 10 mg,5,1,600,4,rose day t
rose day template vn,4,1,600,2,rose day template
rose day unique spa,4,1,600,3,rose day u
rose day vip tickets,4,1,600,3,rose day v
rose day wishes for wife,5,1,600,4,rose day w
rose day with photo,4,1,600,2,rose day with
rose day without rose,4,1,600,2,rose day without
rose day yavaga,3,1,600,3,rose day y
rose zara day collection 06,5,1,600,2,rose day z
roseday a 10 tablet,4,1,600,5,rose day a
roseday asp 75/20,3,1,600,2,rose day app
roseday gold 10 mg,4,1,600,6,rose day g
roseday tablet uses,3,1,600,2,rose day o
shoe flower name in hindi image,6,1,600,2,flower names in hindi i
simple flower names in hindi,5,1,600,2,flower names in hindi s
ten flower names in hindi,5,1,600,2,flower names in hindi t
what hydrangea symbolism,3,1,600,2,what hydrangea meaning
when rose day in 2025,5,1,600,3,when rose day
why today is rose day,5,1,600,2,why rose day
zinnia flower name in hindi and english,7,1,600,2,flower names in hindi z
10 flowers name in hindi or english,7,1,562,3,flower names in hindi o
first karwa chauth gift for wife,6,1,562,3,karwa chauth gift for wife f
green flower names in hindi,5,1,562,3,flower names in hindi g
hibiscus flower name in hindi meaning,6,1,562,3,flower names in hindi h
how many flowers to give to say i love you,10,1,562,3,how many roses to give i
how many roses does hinge give u,7,1,562,3,how many roses to give u
hydrangea meaning bible,3,1,562,3,hydrangea meaning b
hydrangea meaning gift,3,1,562,3,hydrangea meaning g
hydrangea meaning in europe,4,1,562,3,hydrangea meaning e
hydrangea meaning latin,3,1,562,3,hydrangea meaning l
hydrangea meaning pronunciation,3,1,562,3,hydrangea meaning p
hydrangea tulip meaning,3,1,562,3,hydrangea meaning t
hydrangea vocaloid meaning,3,1,562,3,hydrangea meaning v
karwa chauth gift for wife mangalsutra,6,1,562,3,karwa chauth gift for wife m
karwa chauth gift for wife silver,6,1,562,3,karwa chauth gift for wife s
marigold flower meaning marathi,4,1,562,3,marigold flower meaning m
metaphysical meaning of hydrangea,4,1,562,3,hydrangea meaning m
promise day gift blinkit,4,1,562,3,propose day gift b
propose day handmade gift,4,1,562,3,propose day gift h
rose day 2026 los angeles,5,1,562,3,rose day 2026
rose day bra,3,1,562,3,rose day b
rose day for wife,4,1,562,3,rose day for
rose day freepik,3,1,562,3,rose day free
rose day rays,3,1,562,3,rose day r
rose day template capcut trend,5,1,562,3,rose day template
rose day with quotes,4,1,562,3,rose day with
rose zara day collection,4,1,562,3,rose day z
roseday a 20,3,1,562,3,rose day o
roseday asp 75/10,3,1,562,3,rose day app
what hydrangea flower meaning,4,1,562,3,what hydrangea meaning
chocolate day gift box,4,1,561,4,propose day gift b
flowers name in hindi and odia,6,1,561,4,flower names in hindi o
garden flower names in hindi,5,1,561,4,flower names in hindi g
hollyhock flower name in hindi,5,1,561,4,flower names in hindi h
how many roses can u give on hinge,8,1,561,4,how many roses to give u
how many roses should i give my girlfriend,8,1,561,4,how many roses to give i
how many roses should you give on valentine's day,9,1,561,3,how many roses to give y
hydrangea colours meaning,3,1,561,4,hydrangea meaning c
hydrangea dark meaning,3,1,561,4,hydrangea meaning d
hydrangea flower essence meaning,4,1,561,4,hydrangea meaning e
hydrangea girl meaning,3,1,561,4,hydrangea meaning g
hydrangea leaf meaning,3,1,561,4,hydrangea meaning l
hydrangea macrophylla meaning in love,5,1,561,4,hydrangea meaning m
hydrangea meaning bojack,3,1,561,4,hydrangea meaning b
hydrangea meaning hope,3,1,561,3,hydrangea meaning h
hydrangea meaning witchcraft,3,1,561,3,hydrangea meaning w
hydrangea plant meaning,3,1,561,4,hydrangea meaning p
hydrangea symbolism victorian,3,1,561,4,hydrangea meaning v
hydrangea tamil meaning,3,1,561,4,hydrangea meaning t
is it red rose day,5,1,561,4,is it rose day
karwa chauth gift for my wife,6,1,561,4,karwa chauth gift for wife m
karwa chauth gift for wife shayari,6,1,561,4,karwa chauth gift for wife s
list of karva chauth gift for wife,7,1,561,4,karwa chauth gift for wife o
marigold birth flower meaning,4,1,561,4,marigold flower meaning b
marigold flower meaning in myanmar,5,1,561,4,marigold flower meaning m
marigold flower sinhala meaning,4,1,561,4,marigold flower meaning s
rose all day zero,4,1,561,4,rose day z
rose day 2026 uk,4,1,561,4,rose day 2026
rose day bouquet teleflora,4,1,561,4,rose day b
rose day for wife quotes,5,1,561,4,rose day for
rose day note,3,1,561,4,rose day n
rose day online gift,4,1,561,3,rose day online
rose day quotes for husband,5,1,561,4,rose day q
rose day rays mequon,4,1,561,4,rose day r
rose day template video,4,1,561,4,rose day template
rose day usa,3,1,561,4,rose day u
rose day virtual garden,4,1,561,4,rose day v
rose day website free,4,1,561,4,rose day free
rose day with jesus,4,1,561,4,rose day with
rose day yellow,3,1,561,4,rose day y
roseday asp 75,3,1,561,4,rose day app
what after rose day,4,1,561,4,what rose day
what does hydrangea meaning,4,1,561,4,what hydrangea meaning
when rose day in february,5,1,561,4,when rose day
फ्लावर्स नेम इन हिंदी,4,1,561,4,flower names in hindi
blue hydrangea meaning japan,4,1,560,5,hydrangea meaning j
blue marigold flower meaning,4,1,560,5,marigold flower meaning b
chocolate day gift blinkit,4,1,560,5,propose day gift b
eclipse hydrangea meaning,3,1,560,5,hydrangea meaning e
flowers name hindi or english me,6,1,560,5,flower names in hindi o
gladiolus flower name in hindi,5,1,560,5,flower names in hindi g
how many dried hibiscus flowers to make tea,8,1,560,3,how many roses to give t
how many flowers make up a bouquet,7,1,560,5,how many roses to give u
how many roses can you give on hinge,8,1,560,4,how many roses to give y
how many roses should i give,6,1,560,5,how many roses to give i
hydrangea bouquet meaning,3,1,560,5,hydrangea meaning b
hydrangea flower meaning in urdu,5,1,560,3,hydrangea meaning u
hydrangea flower name in hindi,5,1,560,5,flower names in hindi h
hydrangea hidden meaning,3,1,560,4,hydrangea meaning h
hydrangea magical meaning,3,1,560,5,hydrangea meaning m
hydrangea meaning and symbolism,4,1,560,5,hydrangea meaning a
hydrangea meaning family,3,1,560,5,hydrangea meaning f
hydrangea meaning in odia,4,1,560,5,hydrangea meaning o
hydrangea meaning water,3,1,560,4,hydrangea meaning w
hydrangea paniculata meaning,3,1,560,5,hydrangea meaning p
hydrangea serrata meaning,3,1,560,5,hydrangea meaning s
is it international rose day,5,1,560,5,is it rose day
karva chauth gift for my wife,6,1,560,5,karwa chauth gift for wife m
karwa chauth gift for wife suggestion,6,1,560,5,karwa chauth gift for wife s
karwa chauth gift for wife under 2000,7,1,560,5,karwa chauth gift for wife u
karwa chauth gift options,4,1,560,5,karwa chauth gift for wife o
karwa chauth handbags gift for wife,6,1,560,3,karwa chauth gift for wife h
marigold flower cultural significance,4,1,560,3,marigold flower meaning c
marigold flower dream meaning,4,1,560,3,marigold flower meaning d
marigold flower ka meaning,4,1,560,3,marigold flower meaning k
marigold plant meaning in marathi,5,1,560,5,marigold flower meaning m
marigold plant spiritual meaning,4,1,560,5,marigold flower meaning s
price karwa chauth gift for wife,6,1,560,4,karwa chauth gift for wife p
rose all day zero alcohol,5,1,560,5,rose day z
rose day 2026 june,4,1,560,5,rose day 2026
rose day best gift,4,1,560,5,rose day best
rose day bouquet,3,1,560,5,rose day b
rose day for husband quotes,5,1,560,5,rose day for
rose day hd images,4,1,560,5,rose day h
rose day images free,4,1,560,5,rose day free
rose day jokes in hindi,5,1,560,5,rose day j
rose day kitne tarikh ko hai,6,1,560,5,rose day k
rose day la 2026,4,1,560,5,rose day l
rose day nepal,3,1,560,5,rose day n
rose day online delivery,4,1,560,4,rose day online
rose day quotes for wife,5,1,560,5,rose day q
rose day romantic images,4,1,560,5,rose day r
rose day shayari in hindi,5,1,560,5,rose day s
rose day template website,4,1,560,5,rose day template
rose day uk,3,1,560,5,rose day u
rose day video,3,1,560,5,rose day v
rose day wine,3,1,560,5,rose day w
rose day with wife,4,1,560,5,rose day with
rose day yellow images,4,1,560,5,rose day y
roseday asp 75 10,4,1,560,5,rose day app
roseday medicine uses,3,1,560,5,rose day m
what do hydrangeas meaning flower language,6,1,560,5,what hydrangea meaning
what is rose day in india,6,1,560,5,what rose day
when rose day date,4,1,560,5,when rose day
फ्लावर्स नेम हिंदी english,4,1,560,4,flower names in hindi e
10 flower names in hindi and english,7,1,559,5,flower names in hindi e
african marigold flower meaning,4,1,559,4,marigold flower meaning a
black marigold flower meaning,4,1,559,6,marigold flower meaning b
corn marigold flower meaning,4,1,559,4,marigold flower meaning c
first karva chauth gift for wife,6,1,559,6,karwa chauth gift for wife f
flowers colour combo,3,1,559,6,bouquet colour combination 
flowers name hindi or english mein,6,1,559,6,flower names in hindi o
gajra flower name in hindi,5,1,559,6,flower names in hindi g
helichrysum flower name in hindi,5,1,559,6,flower names in hindi h
how many flowers make up a sunflower,7,1,559,6,how many roses to give u
how many fresh hibiscus flowers to make tea,8,1,559,4,how many roses to give t
how many roses does hinge give you for free,9,1,559,5,how many roses to give y
how many roses should i give my mom,8,1,559,6,how many roses to give i
hydrangea bush meaning,3,1,559,6,hydrangea meaning b
hydrangea colors meaning ph,4,1,559,6,hydrangea meaning c
hydrangea flower gift meaning,4,1,559,6,hydrangea meaning g
hydrangea flower meaning hindi,4,1,559,5,hydrangea meaning h
hydrangea flower meaning in english,5,1,559,6,hydrangea meaning e
hydrangea lyrics meaning,3,1,559,6,hydrangea meaning l
hydrangea meaning funeral,3,1,559,6,hydrangea meaning f
hydrangea meaning in arabic,4,1,559,6,hydrangea meaning a
hydrangea meaning in the bible,5,1,559,6,hydrangea meaning t
hydrangea meaning in vietnamese,4,1,559,6,hydrangea meaning v
hydrangea meaning word,3,1,559,5,hydrangea meaning w
hydrangea spirit meaning,3,1,559,6,hydrangea meaning s
hydrangea symbolism korea,3,1,559,3,hydrangea meaning k
is rose day on 7 feb,6,1,559,6,is it rose day
karwa chauth gift for husband,5,1,559,4,karwa chauth gift for wife h
karwa chauth gift for wife under 300,7,1,559,6,karwa chauth gift for wife u
karwa chauth gift kya de wife ko,7,1,559,5,karwa chauth gift for wife d
karwa chauth personalized gift for wife,6,1,559,5,karwa chauth gift for wife p
karwa chauth special gift for wife,6,1,559,6,karwa chauth gift for wife s
marigold flower gift meaning,4,1,559,3,marigold flower meaning g
marigold flower meaning in sanskrit,5,1,559,6,marigold flower meaning s
marigold plant meaning in kannada,5,1,559,4,marigold flower meaning k
meaning of hydrangea,3,1,559,6,hydrangea meaning o
names of the flower in hindi,6,1,559,3,flower names in hindi t
pink marigold flower meaning,4,1,559,4,marigold flower meaning p
promise day handmade gift,4,1,559,6,propose day gift h
purple hydrangea meaning japan,4,1,559,6,hydrangea meaning j
red marigold flower meaning,4,1,559,3,marigold flower meaning r
red rose day 2027,4,1,559,4,rose day 2027
rose day 2026 calabasas,4,1,559,6,rose day 2026
rose day best friend,4,1,559,6,rose day best
rose day dc,3,1,559,6,rose day d
rose day for girlfriend wishes,5,1,559,6,rose day for
rose day hand pic,4,1,559,6,rose day h
rose day journal,3,1,559,6,rose day j
rose day kiss day list 2026,6,1,559,6,rose day k
rose day los angeles,4,1,559,6,rose day l
rose day make sentence,4,1,559,6,rose day m
rose day niye caption,4,1,559,6,rose day n
rose day online link,4,1,559,5,rose day online
rose day propose day valentine day,6,1,559,6,rose day p
rose day quotes for girlfriend,5,1,559,6,rose day q
rose day red,3,1,559,6,rose day r
rose day spa noida sector 18,6,1,559,6,rose day s
rose day template free,4,1,559,6,rose day template
rose day usa 2026,4,1,559,6,rose day u
rose day valentine week 2026,5,1,559,6,rose day v
rose day video free download,5,1,559,6,rose day free
rose day website maker,4,1,559,3,rose day maker
rose day wishes for girlfriend,5,1,559,6,rose day w
rose day youtube,3,1,559,6,rose day y
roseday 5 mg,3,1,559,6,rose day o
roseday a 20 tablet,4,1,559,6,rose day a
roseday aspirin,2,1,559,6,rose day app
what does purple hydrangea meaning,5,1,559,6,what hydrangea meaning
what is rose day in korea,6,1,559,6,what rose day
which date rose day 2026,5,1,559,3,which rose day
wonder rose day zara,4,1,559,6,rose day z
100 flower names in hindi and english,7,1,558,6,flower names in hindi e
100 flower names with pictures in hindi,7,1,558,3,flower names in hindi p
best rose day,3,1,558,7,rose day best
blue hydrangea meaning victorian,4,1,558,7,hydrangea meaning v
chocolate day gift photo,4,1,558,3,propose day gift p
desert marigold flower meaning,4,1,558,5,marigold flower meaning d
fig marigold flower meaning,4,1,558,3,marigold flower meaning f
flower name in hindi without matra,6,1,558,5,flower names in hindi w
flower name of hindi,4,1,558,7,flower names in hindi o
flower names in telugu hindi and english,7,1,558,4,flower names in hindi t
flowers names in hindi and telugu,6,1,558,7,flower names in hindi a
gerbera flower name in hindi,5,1,558,7,flower names in hindi g
giving hydrangea meaning,3,1,558,7,hydrangea meaning g
happy rose day reply,4,1,558,7,rose day r
how many flowers make up a small bouquet,8,1,558,7,how many roses to give u
how many flowers to make an ounce of saffron,9,1,558,7,how many roses to give o
how many roses can i give on hinge,8,1,558,7,how many roses to give i
how many roses did ross give emily,7,1,558,3,how many roses to give e
how much hibiscus flowers to make tea,7,1,558,5,how many roses to give t
hyacinth flower name in hindi,5,1,558,7,flower names in hindi h
hydrangea bengali meaning,3,1,558,7,hydrangea meaning b
hydrangea flower meaning in kannada,5,1,558,4,hydrangea meaning k
hydrangea literal meaning,3,1,558,7,hydrangea meaning l
hydrangea meaning in assamese,4,1,558,7,hydrangea meaning a
hydrangea meaning in japanese culture,5,1,558,7,hydrangea meaning j
hydrangea meaning in myanmar,4,1,558,7,hydrangea meaning m
hydrangea poetic meaning,3,1,558,7,hydrangea meaning p
hydrangea symbolism china,3,1,558,7,hydrangea meaning c
hydrangea symbolism spiritual,3,1,558,7,hydrangea meaning s
hydrangea symbolism white,3,1,558,6,hydrangea meaning w
international rose day 2027,4,1,558,5,rose day 2027
is rose day celebrated,4,1,558,7,is it rose day
karwa chauth gift for daughter in law,7,1,558,6,karwa chauth gift for wife d
karwa chauth gift for fiance,5,1,558,7,karwa chauth gift for wife f
karwa chauth gift for her,5,1,558,5,karwa chauth gift for wife h
karwa chauth gift for mother in law,7,1,558,7,karwa chauth gift for wife m
karwa chauth gift for parents,5,1,558,6,karwa chauth gift for wife p
karwa chauth gift for wife under ₹ 500,8,1,558,7,karwa chauth gift for wife u
karwa chauth gift on blinkit,5,1,558,7,karwa chauth gift for wife o
karwa chauth surprise gift for wife,6,1,558,7,karwa chauth gift for wife s
marigold flower ka hindi meaning,5,1,558,5,marigold flower meaning k
marigold flower meaning tamil,4,1,558,3,marigold flower meaning t
marigold flower significance in mexico,5,1,558,7,marigold flower meaning m
marigold october birth flower meaning,5,1,558,7,marigold flower meaning b
marigold plant meaning in hindi,5,1,558,6,marigold flower meaning h
orange hydrangea meaning,3,1,558,7,hydrangea meaning o
pot marigold flower meaning,4,1,558,5,marigold flower meaning p
rose all day zen,4,1,558,7,rose day z
rose day 2026 list,4,1,558,7,rose day 2026
rose day date 2026 in pakistan,6,1,558,7,rose day d
rose day for 2026,4,1,558,7,rose day for
rose day game,3,1,558,7,rose day g
rose day history,3,1,558,7,rose day h
rose day jaan,3,1,558,7,rose day j
rose day kab manaya jata hai,6,1,558,7,rose day k
rose day loose park,4,1,558,7,rose day l
rose day montessori,3,1,558,7,rose day m
rose day niye caption bangla,5,1,558,7,rose day n
rose day online website,4,1,558,6,rose day online
rose day photo maker,4,1,558,4,rose day maker
rose day prompt,3,1,558,7,rose day p
rose day quotes in english,5,1,558,7,rose day q
rose day spa kadamtala,4,1,558,7,rose day s
rose day unique wishes,4,1,558,7,rose day u
rose day video download,4,1,558,7,rose day v
rose day wishes for boyfriend,5,1,558,7,rose day w
rose day yesterday,3,1,558,7,rose day y
roseday a tablet,3,1,558,7,rose day a
roseday asp 40 75,4,1,558,7,rose day app
roseday f 10 tablet,4,1,558,7,rose day f
tulip flower name in hindi images,6,1,558,3,flower names in hindi i
what do marigold flowers mean,5,1,558,3,what marigold flower meaning
what is rose day meaning,5,1,558,7,what rose day
where can i buy damask rose day cream,8,1,558,3,can i rose day
which day rose day celebrated,5,1,558,4,which rose day
about how many roses make up the garland,8,1,557,8,how many roses to give u
blue hydrangea japanese meaning,4,1,557,8,hydrangea meaning j
blue hydrangea meaning death,4,1,557,8,hydrangea meaning d
book and rose day 2027,5,1,557,6,rose day 2027
chocolate day gift pack,4,1,557,4,propose day gift p
chocolate day special gift,4,1,557,3,propose day gift s
colour combination for flower bouquet,5,1,557,3,bouquet colour combination for
flower name hindi into english,5,1,557,4,flower names in hindi i
flower name in hindi and english with pictures pdf,9,1,557,8,flower names in hindi a
flower other names in hindi,5,1,557,8,flower names in hindi o
flowers name in hindi five,5,1,557,8,flower names in hindi f
french marigold flower meaning,4,1,557,4,marigold flower meaning f
geranium flower name in hindi,5,1,557,8,flower names in hindi g
gift for wife on karwa chauth,6,1,557,8,karwa chauth gift for wife o
happy rose day reply to my love,7,1,557,8,rose day r
hibiscus flower name in hindi and english,7,1,557,8,flower names in hindi h
how many flowers should i give my girlfriend,8,1,557,8,how many roses to give i
how many jasmine flowers to make essential oil,8,1,557,4,how many roses to give e
how much chamomile flowers to make tea,7,1,557,6,how many roses to give t
how much do roses give you on tiktok,8,1,557,7,how many roses to give y
hydrangea bad meaning,3,1,557,8,hydrangea meaning b
hydrangea colors and meaning,4,1,557,8,hydrangea meaning a
hydrangea flower meaning in korean,5,1,557,5,hydrangea meaning k
hydrangea flower meaning love,4,1,557,8,hydrangea meaning l
hydrangea flower meaning white,4,1,557,7,hydrangea meaning w
hydrangea meaning in malay,4,1,557,8,hydrangea meaning m
hydrangea meaning in relationship,4,1,557,6,hydrangea meaning r
hydrangea meaning in the language of flowers,7,1,557,8,hydrangea meaning t
hydrangea personality meaning,3,1,557,8,hydrangea meaning p
hydrangeas clustered meaning,3,1,557,8,hydrangea meaning c
is it national red rose day,6,1,557,8,is it rose day
karwa chauth gift for daughter,5,1,557,7,karwa chauth gift for wife d
karwa chauth gift for friend,5,1,557,8,karwa chauth gift for wife f
karwa chauth gift for girlfriend,5,1,557,5,karwa chauth gift for wife g
karwa chauth gift for men,5,1,557,8,karwa chauth gift for wife m
karwa chauth gift for wife under 20000,7,1,557,8,karwa chauth gift for wife u
karwa chauth gift ideas for wife india,7,1,557,8,karwa chauth gift for wife in
karwa chauth special gift for wife under 500,8,1,557,8,karwa chauth gift for wife s
marigold flower definition in english,5,1,557,4,marigold flower meaning e
marigold flower meaning in sindhi,5,1,557,8,marigold flower meaning s
marsh marigold flower meaning,4,1,557,8,marigold flower meaning m
meaning behind marigold flower,4,1,557,8,marigold flower meaning b
oakleaf hydrangea meaning,3,1,557,8,hydrangea meaning o
pink hydrangea meaning soil,4,1,557,8,hydrangea meaning s
propose day gift ideas for him,6,1,557,8,propose day gift i
purple.marigold flower meaning,3,1,557,6,marigold flower meaning p
rose day 2026 wishes,4,1,557,8,rose day 2026
rose day background,3,1,557,8,rose day b
rose day best line for girlfriend,6,1,557,8,rose day best
rose day card free,4,1,557,8,rose day free
rose day couple photo,4,1,557,8,rose day c
rose day date 2025,4,1,557,8,rose day d
rose day emoji,3,1,557,8,rose day e
rose day for mother,4,1,557,8,rose day for
rose day gift zepto,4,1,557,8,rose day z
rose day hai,3,1,557,8,rose day h
rose day jewellery,3,1,557,8,rose day j
rose day kobe,3,1,557,8,rose day k
rose day link maker,4,1,557,5,rose day maker
rose day lyndhurst,3,1,557,8,rose day l
rose day malibu,3,1,557,8,rose day m
rose day name,3,1,557,8,rose day n
rose day online edit,4,1,557,7,rose day online
rose day propose day,4,1,557,8,rose day p
rose day quotes in marathi,5,1,557,8,rose day q
rose day spa noida sector 63,6,1,557,8,rose day s
rose day template link,4,1,557,8,rose day template
rose day underwear,3,1,557,8,rose day u
rose day valentine,3,1,557,8,rose day v
rose day wishes for husband,5,1,557,8,rose day w
rose of your day,4,1,557,8,rose day y
roseday 10 tablet uses,4,1,557,8,rose day o
roseday asp 20/150,3,1,557,8,rose day app
roseday f 10 mg,4,1,557,8,rose day f
roseday gold 20 tablet,4,1,557,8,rose day g
three flower names in hindi,5,1,557,5,flower names in hindi t
violet hydrangea meaning,3,1,557,8,hydrangea meaning v
what is rose day 2026,5,1,557,8,what rose day
when happy rose day,4,1,557,8,when rose day
where can i watch the rose day parade,8,1,557,4,can i rose day
which date rose day 2025,5,1,557,5,which rose day
yellow marigold flower in kannada meaning,6,1,557,6,marigold flower meaning k
10 flowers name in hindi for class 1,8,1,556,9,flower names in hindi f
ajisai hydrangea meaning,3,1,556,9,hydrangea meaning a
best first karwa chauth gift for wife,7,1,556,9,karwa chauth gift for wife f
blue hydrangea dream meaning,4,1,556,9,hydrangea meaning d
blue hydrangea flower meaning japan,5,1,556,9,hydrangea meaning j
blue hydrangea meaning love,4,1,556,9,hydrangea meaning l
blue hydrangea meaning wedding,4,1,556,8,hydrangea meaning w
buy karwa chauth gift for wife,6,1,556,9,karwa chauth gift for wife b
can i drink rose water every day,7,1,556,5,can i rose day
color combination examples,3,1,556,3,bouquet colour combination c
difference in hydrangeas,3,1,556,9,hydrangea meaning v
flower name in hindi and kannada,6,1,556,9,flower names in hindi a
flower names in hindi with images,6,1,556,9,flower names in hindi 
flower names in telugu hindi english,6,1,556,8,flower names in hindi e
flowers name in hindi worksheet,5,1,556,7,flower names in hindi w
gardenia flower name in hindi,5,1,556,9,flower names in hindi g
gift for wife on karwa chauth india,7,1,556,9,karwa chauth gift for wife o
happy rose day template,4,1,556,9,rose day template
how many flowers should i give my boyfriend,8,1,556,9,how many roses to give i
how many flowers should you give a girl,8,1,556,8,how many roses to give y
how to rose day wishes,5,1,556,3,how rose day
how.many roses.to.make.a bridal.bouquet,3,1,556,9,how many roses to give a
hydrangea and rose meaning,4,1,556,7,hydrangea meaning r
hydrangea flower meaning chinese,4,1,556,9,hydrangea meaning c
hydrangea flower meaning in odia,5,1,556,9,hydrangea meaning o
hydrangea flower meaning in relationship,5,1,556,9,hydrangea meaning f
hydrangea ph meaning,3,1,556,9,hydrangea meaning p
hydrangea symbolism blue,3,1,556,9,hydrangea meaning b
hydrangea tree symbolism,3,1,556,9,hydrangea meaning t
karwa chauth date 2025 gift for wife,7,1,556,8,karwa chauth gift for wife d
karwa chauth gift captions instagram,5,1,556,3,karwa chauth gift for wife c
karwa chauth gift for girls,5,1,556,6,karwa chauth gift for wife g
karwa chauth gift for him,5,1,556,7,karwa chauth gift for wife h
karwa chauth gift for mother,5,1,556,9,karwa chauth gift for wife m
karwa chauth gift pack,4,1,556,8,karwa chauth gift for wife p
karwa chauth gift set for wife,6,1,556,9,karwa chauth gift for wife s
marigold flower name meaning in hindi,6,1,556,8,marigold flower meaning h
marigold flowers in spanish meaning,5,1,556,9,marigold flower meaning s
mexican marigold flower meaning,4,1,556,9,marigold flower meaning m
oleander flower name in hindi,5,1,556,9,flower names in hindi o
promise day gift under 150,5,1,556,3,propose day gift u
promise day ka gift,4,1,556,3,propose day gift k
propose day par gift,4,1,556,5,propose day gift p
rose day 2026 quotes,4,1,556,9,rose day 2026
rose day bengali caption,4,1,556,9,rose day b
rose day best friend wishes,5,1,556,9,rose day best
rose day chart,3,1,556,9,rose day c
rose day date olive,4,1,556,9,rose day d
rose day eppudu,3,1,556,9,rose day e
rose day for wife wishes,5,1,556,9,rose day for
rose day husband,3,1,556,9,rose day h
rose day is z,4,1,556,9,rose day z
rose day june 2026,4,1,556,9,rose day j
rose day kab hai 2027,5,1,556,7,rose day 2027
rose day korea,3,1,556,9,rose day k
rose day la 2026 schedule,5,1,556,9,rose day l
rose day massage,3,1,556,9,rose day m
rose day notes for instagram,5,1,556,9,rose day n
rose day online shopping,4,1,556,8,rose day online
rose day pic gf bf,5,1,556,9,rose day p
rose day quotes in hindi,5,1,556,9,rose day q
rose day shop,3,1,556,9,rose day s
rose day surprise link free,5,1,556,9,rose day free
rose day thank you messages husband,6,1,556,9,rose day y
rose day unique gift,4,1,556,9,rose day u
rose day virtual gift,4,1,556,9,rose day v
rose day wish maker,4,1,556,6,rose day maker
rose day wishes for husband in english,7,1,556,9,rose day w
rose gold rolex day date,5,1,556,9,rose day r
roseday a 75,3,1,556,9,rose day a
roseday asp 10 150,4,1,556,9,rose day app
roseday f 20 tablet,4,1,556,9,rose day f
roseday gold tab,3,1,556,9,rose day g
roseday tablet kis kaam aati hai,6,1,556,5,rose day t
two flower names in hindi,5,1,556,6,flower names in hindi t
what color combination gives red,5,1,556,5,bouquet colour combination r
what is a hydrangeas,4,1,556,5,hydrangea meaning y
what is hydrangea macrophylla,4,1,556,9,hydrangea meaning m
what is rose day special,5,1,556,9,what rose day
when is rose day in 2026,6,1,556,9,is it rose day
which day after rose day,5,1,556,6,which rose day
10 flowers name in hindi for girl,7,1,555,10,flower names in hindi f
annabelle hydrangea meaning,3,1,555,10,hydrangea meaning a
best gift for wife on karwa chauth,7,1,555,10,karwa chauth gift for wife o
best karwa chauth gift to wife,6,1,555,5,karwa chauth gift for wife t
blue hydrangea bouquet meaning,4,1,555,10,hydrangea meaning b
blue hydrangea meaning soil,4,1,555,10,hydrangea meaning s
can i use rose water in day,7,1,555,6,can i rose day
captions for karwa chauth gift,5,1,555,4,karwa chauth gift for wife c
chocolate day par gift,4,1,555,6,propose day gift p
chocolate father's day gift under 100 rupees,7,1,555,4,propose day gift u
does hydrangea mean water,4,1,555,9,hydrangea meaning w
flower name in hindi and english pdf,7,1,555,10,flower names in hindi a
flower names from m,4,1,555,5,flower names in hindi x
flower names hindi me,4,1,555,3,flower names in hindi m
flower tree names in hindi,5,1,555,7,flower names in hindi t
flowers name in hindi word,5,1,555,8,flower names in hindi w
flowers names with h,4,1,555,10,flower names in hindi h
gypsy flower name in hindi,5,1,555,10,flower names in hindi g
how did hydrangea get its name,6,1,555,10,what hydrangea meaning
how many roses to make a big bouquet,8,1,555,10,how many roses to give a
hydrangea flower dream meaning,4,1,555,10,hydrangea meaning d
hydrangea flower meaning color,4,1,555,10,hydrangea meaning c
hydrangea flower meaning in hindi,5,1,555,10,hydrangea meaning f
hydrangea flower tattoo meaning,4,1,555,10,hydrangea meaning t
hydrangea macrophylla symbolism,3,1,555,10,hydrangea meaning m
hydrangea meaning in life,4,1,555,10,hydrangea meaning l
hydrangea symbolism purple,3,1,555,10,hydrangea meaning p
iris flower name in hindi,5,1,555,6,flower names in hindi i
karva chauth gift for women,5,1,555,3,karwa chauth gift for wife w
karwa chauth gift amazon,4,1,555,7,karwa chauth gift for wife a
karwa chauth gift delivery,4,1,555,9,karwa chauth gift for wife d
karwa chauth gift for husband ideas,6,1,555,8,karwa chauth gift for wife h
karwa chauth gift for mil,5,1,555,10,karwa chauth gift for wife m
karwa chauth gift from husband,5,1,555,10,karwa chauth gift for wife f
karwa chauth gift gold,4,1,555,7,karwa chauth gift for wife g
karwa chauth gift kya de,5,1,555,3,karwa chauth gift for wife k
karwa chauth gift packing ideas,5,1,555,9,karwa chauth gift for wife p
karwa chauth gift status for wife,6,1,555,10,karwa chauth gift for wife s
marigold flower meaning in thailand,5,1,555,6,marigold flower meaning t
meaning of hydrangea tattoo,4,1,555,10,hydrangea meaning o
national red rose day 2027,5,1,555,8,rose day 2027
october flower name in hindi,5,1,555,10,flower names in hindi o
promise day special gift,4,1,555,5,propose day gift s
purple flower names in hindi,5,1,555,6,flower names in hindi p
rose day 2026 kab hai,5,1,555,10,rose day 2026
rose day baby photoshoot,4,1,555,10,rose day b
rose day best line,4,1,555,10,rose day best
rose day card template,4,1,555,10,rose day template
rose day cv 20 mg,5,1,555,10,rose day c
rose day download photo,4,1,555,10,rose day d
rose day etc,3,1,555,10,rose day e
rose day for shayari,4,1,555,10,rose day for
rose day hashtags,3,1,555,10,rose day h
rose day journal ideas,4,1,555,10,rose day j
rose day korean song,4,1,555,10,rose day k
rose day location,3,1,555,10,rose day l
rose day mimi,3,1,555,10,rose day m
rose day nepali date,4,1,555,10,rose day n
rose day online wishes link,5,1,555,9,rose day online
rose day parade,3,1,555,10,rose day p
rose day quotes for boyfriend,5,1,555,10,rose day q
rose day rose,3,1,555,10,rose day r
rose day searcy,3,1,555,10,rose day s
rose day surprise link maker,5,1,555,7,rose day maker
rose day tablet use in hindi,6,1,555,6,rose day t
rose day thank you message,5,1,555,10,rose day y
rose day urdu shayari,4,1,555,10,rose day u
rose day video status,4,1,555,10,rose day v
rose day website link free,5,1,555,10,rose day free
rose day when,3,1,555,10,rose day w
rose guns days zel,4,1,555,10,rose day z
roseday a 10 capsule,4,1,555,10,rose day a
roseday asp 20 75,4,1,555,10,rose day app
roseday f 10 tablet kis kaam aati hai,8,1,555,10,rose day f
roseday gold 40,3,1,555,10,rose day g
unique karwa chauth gift for wife,6,1,555,10,karwa chauth gift for wife u
valentine propose day gift,4,1,555,3,propose day gift v
what is the best color combinations,6,1,555,3,bouquet colour combination best
what is the best four roses,6,1,555,3,how many roses to give best
when is rose day in february,6,1,555,10,is it rose day
when is rose day in korea,6,1,555,10,when rose day
which day is rose day in february,7,1,555,7,which rose day
10 flowers hindi name,4,1,554,6,flower names in hindi x
20 flower names in hindi and english,7,1,554,10,flower names in hindi e
4 best colour combinations,4,1,554,4,bouquet colour combination best
blue hydrangea macrophylla meaning,4,1,554,11,hydrangea meaning m
blue hydrangea meaning chinese,4,1,554,11,hydrangea meaning c
blue hydrangea meaning spiritual,4,1,554,11,hydrangea meaning s
blue hydrangea tattoo meaning,4,1,554,11,hydrangea meaning t
can i drink rose tea every day,7,1,554,7,can i rose day
can you give roses to a friend,7,1,554,6,how many roses to give f
cb hydrangea white meaning spiritual,5,1,554,10,hydrangea meaning w
chocolate day gift caption,4,1,554,4,propose day gift c
chocolate day gift for boyfriend,5,1,554,11,propose day gift b
chocolate day gift for men,5,1,554,3,propose day gift m
chocolate day gift for wife,5,1,554,5,propose day gift w
chocolate day gift ideas,4,1,554,11,propose day gift i
chocolate day surprise gift,4,1,554,6,propose day gift s
chocolate mother's day gift under 100 rupees,7,1,554,5,propose day gift u
easy flowers name in hindi for kids,7,1,554,11,flower names in hindi f
flower and their names in hindi,6,1,554,8,flower names in hindi t
flower name in hindi and english 20,7,1,554,11,flower names in hindi a
gazania flower name in hindi,5,1,554,11,flower names in hindi g
gift for wife at karwa chauth,6,1,554,8,karwa chauth gift for wife a
gift for wife on first karwa chauth,7,1,554,11,karwa chauth gift for wife o
girl propose day gift ideas,5,1,554,6,propose day gift g
how many flowers should i give,6,1,554,11,how many roses to give i
how many roses in a bunch,6,1,554,8,how many roses to give b
how many roses to give on valentine's,7,1,554,9,what how many roses to give
how many roses to make a heart,7,1,554,11,how many roses to give a
how to propose rose day,5,1,554,5,how rose day
hydrangea wedding bouquet meaning,4,1,554,11,hydrangea meaning b
is hortensia the same as hydrangea,6,1,554,11,what hydrangea meaning
is it marigold,3,1,554,6,is it marigold flower meaning
is today rose day in india,6,1,554,11,is it rose day
ixora flower name in hindi,5,1,554,7,flower names in hindi i
karva chauth husband gift to wife,6,1,554,6,karwa chauth gift for wife t
karwa chauth gift combo,4,1,554,5,karwa chauth gift for wife c
karwa chauth gift dress,4,1,554,10,karwa chauth gift for wife d
karwa chauth gift for hubby,5,1,554,9,karwa chauth gift for wife h
karwa chauth gift for ladies,5,1,554,3,karwa chauth gift for wife l
karwa chauth gift for mother in law in india,9,1,554,11,karwa chauth gift for wife m
karwa chauth gift from mother in law,7,1,554,11,karwa chauth gift for wife f
karwa chauth gift kit,4,1,554,4,karwa chauth gift for wife k
karwa chauth gift pic,4,1,554,10,karwa chauth gift for wife p
karwa chauth wife gifts,4,1,554,8,karwa chauth gift for wife g
list of flower names in hindi,6,1,554,3,flower names in hindi l
meaning of hydrangea in love,5,1,554,11,hydrangea meaning o
national rose wine day 2027,5,1,554,9,rose day 2027
necklaces karwa chauth gift for wife,6,1,554,4,karwa chauth gift for wife n
orange flower name in hindi,5,1,554,11,flower names in hindi o
pink flower names in hindi,5,1,554,7,flower names in hindi p
promise day gift for husband,5,1,554,11,propose day gift h
propose day gift flipkart,4,1,554,11,propose day gift f
propose day gift for bf,5,1,554,11,propose day gift in
propose day gifts for her,5,1,554,11,propose day gift
propose day ke liye gift,5,1,554,3,propose day gift l
propose day par wife ko kya gift de,8,1,554,7,propose day gift d
rose and rebecca's day spa,5,1,554,11,rose day r
rose day 2026 shayari,4,1,554,11,rose day 2026
rose day apartment,3,1,554,11,rose day a
rose day bengali shayari,4,1,554,11,rose day b
rose day best wishes for girlfriend in hindi,8,1,554,11,rose day best
rose day celebration ideas,4,1,554,11,rose day c
rose day edit,3,1,554,11,rose day e
rose day hai kya,4,1,554,11,rose day h
rose day images 2026,4,1,554,11,rose day i
rose day jokes in english,5,1,554,11,rose day j
rose day king gillette ranch,5,1,554,11,rose day k
rose day list 2026,4,1,554,11,rose day l
rose day massage reviews,4,1,554,11,rose day m
rose day name edit,4,1,554,11,rose day n
rose day portable groove 09,5,1,554,11,rose day p
rose day qr code maker,5,1,554,8,rose day maker
rose day quotes for love in hindi,7,1,554,11,rose day q
rose day special template,4,1,554,11,rose day template
rose day springfield mo,4,1,554,11,rose day s
rose day surprise online,4,1,554,10,rose day online
rose day this year,4,1,554,11,rose day y
rose day today,3,1,554,7,rose day t
rose day uae,3,1,554,11,rose day u
rose day valentine week 2025,5,1,554,11,rose day v
rose day website,3,1,554,11,rose day w
rose day wishes link free,5,1,554,11,rose day free
rose doris day,3,1,554,11,rose day d
roseday asp 150 20,4,1,554,11,rose day app
roseday f 10 kis chij ki dava hai,8,1,554,11,rose day f
roseday gold capsule,3,1,554,11,rose day g
six flower names in hindi,5,1,554,3,flower names in hindi s
tomorrow which day rose,4,1,554,8,which rose day
what are good color combinations for clothes,7,1,554,6,bouquet colour combination s
what are the color combination,5,1,554,5,bouquet colour combination c
what is rose day 2025,5,1,554,11,what rose day
what to gift on karwa chauth for wife,8,1,554,4,karwa chauth gift for wife w
when is rose day in 2026 feb,7,1,554,11,when rose day
white hydrangea dream meaning,4,1,554,11,hydrangea meaning d
who is rose day celebrated,5,1,554,3,who rose day
wonder rose zara day collection,5,1,554,11,rose day z
10 flower name in hindi in english,7,1,553,10,flower names in hindi in
2 best colour combinations,4,1,553,5,bouquet colour combination best
best gift for wife on karwa chauth in india,9,1,553,12,karwa chauth gift for wife o
blue hydrangea biblical meaning,4,1,553,12,hydrangea meaning b
can i use rose fertilizer on daylilies,7,1,553,8,can i rose day
color combos that make other colors,6,1,553,6,bouquet colour combination c
create your propose day surprise gift,6,1,553,7,propose day gift s
dried hydrangea meaning,3,1,553,12,hydrangea meaning d
five flower names in hindi and english,7,1,553,11,flower names in hindi e
flower drawing and their names in hindi,7,1,553,9,flower names in hindi t
flower name in hindi all,5,1,553,12,flower names in hindi a
flower names for hindi,4,1,553,12,flower names in hindi f
gypsophila flower name in hindi,5,1,553,12,flower names in hindi g
happy rose day yellow flower,5,1,553,12,rose day y
how many roses to make a small bouquet,8,1,553,12,how many roses to give a
how to wish rose day to girlfriend,7,1,553,6,how rose day
hydrangea flower meaning in love,5,1,553,12,hydrangea meaning f
hydrangea in tagalog meaning,4,1,553,12,hydrangea meaning t
hydrangea meaning i changed for love and it ruined me,10,1,553,12,hydrangea meaning c
hydrangea meaning in literature,4,1,553,12,hydrangea meaning l
indigo flower name in hindi,5,1,553,8,flower names in hindi i
is marigold is a flower,5,1,553,7,is it marigold flower meaning
jesus rose which day,4,1,553,9,which rose day
karva chauth gift for my husband,6,1,553,12,karwa chauth gift for wife m
karwa chauth gift flipkart,4,1,553,12,karwa chauth gift for wife f
karwa chauth gift for bhabhi,5,1,553,12,karwa chauth gift for wife b
karwa chauth gift for husband in india,7,1,553,10,karwa chauth gift for wife h
karwa chauth gift for sister,5,1,553,12,karwa chauth gift for wife s
karwa chauth gift near me,5,1,553,5,karwa chauth gift for wife n
karwa chauth gift quotes,4,1,553,3,karwa chauth gift for wife q
karwa chauth gift thank you message,6,1,553,7,karwa chauth gift for wife t
karwa chauth gift under 1000,5,1,553,12,karwa chauth gift for wife u
ketaki flower other names in hindi,6,1,553,3,flower names in hindi k
male flower names in hindi,5,1,553,5,flower names in hindi m
marigold flower represents,3,1,553,9,marigold flower meaning r
marigold plant meaning in tamil,5,1,553,8,marigold flower meaning t
meaning of hydrangea colors,4,1,553,12,hydrangea meaning o
mophead hydrangea meaning,3,1,553,12,hydrangea meaning m
one flower name in hindi,5,1,553,12,flower names in hindi o
pretty flower names in hindi,5,1,553,8,flower names in hindi p
promise day gift for him,5,1,553,12,propose day gift h
promise day gift ideas for husband,6,1,553,12,propose day gift i
propose day me kya gift de,6,1,553,4,propose day gift m
propose day par kya gift dena chahiye,7,1,553,5,propose day gift c
propose day unique gift,4,1,553,6,propose day gift u
reblooming hydrangea meaning,3,1,553,10,hydrangea meaning r
rose day 2026 gift,4,1,553,12,rose day 2026
rose day 2028,3,1,553,10,rose day 2027
rose day ai prompt,4,1,553,12,rose day a
rose day appudu,3,1,553,12,rose day app
rose day bangla caption,4,1,553,12,rose day b
rose day best song,4,1,553,12,rose day best
rose day cv tablet,4,1,553,12,rose day c
rose day emotional quotes,4,1,553,12,rose day e
rose day hai kya aaj,5,1,553,12,rose day h
rose day jesus,3,1,553,12,rose day j
rose day kansas city,4,1,553,12,rose day k
rose day link,3,1,553,12,rose day l
rose day making,3,1,553,9,rose day maker
rose day message,3,1,553,12,rose day m
rose day nz,3,1,553,12,rose day n
rose day order online,4,1,553,11,rose day online
rose day party,3,1,553,12,rose day p
rose day photo template,4,1,553,12,rose day template
rose day quotes for friends,5,1,553,12,rose day q
rose day rose images,4,1,553,12,rose day r
rose day spa and massage st louis photos,8,1,553,12,rose day s
rose day tablet 20 mg,5,1,553,8,rose day t
rose day to valentine list 2026,6,1,553,12,rose day for
rose day unique quotes,4,1,553,12,rose day u
rose day valentine week wishes,5,1,553,12,rose day v
rose day wish website free,5,1,553,12,rose day free
rose day wishes in hindi,5,1,553,12,rose day w
rose diamond days,3,1,553,12,rose day d
roseday 5,2,1,553,12,rose day o
roseday f 10 tablet uses,5,1,553,12,rose day f
roseday gold 20 mg,4,1,553,12,rose day g
what are the names of hydrangeas,6,1,553,12,hydrangea meaning g
what does hydrangea signify,4,1,553,12,what hydrangea meaning
what is rose day in hindi,6,1,553,12,what rose day
what marigold flower represent,4,1,553,8,what marigold flower meaning
when is rose day 2025,5,1,553,12,is it rose day
when is rose day and all,6,1,553,12,when rose day
who rose on the third day,6,1,553,4,who rose day
wonder rose zara day collection 01,6,1,553,12,rose day z
best karwa chauth gift ideas for wife,7,1,552,8,karwa chauth gift for wife best
bright rose zara day collection 06,6,1,552,13,rose day z
can i use rose water twice a day,8,1,552,9,can i rose day
canva rose day template,4,1,552,13,rose day template
color combinations and their meanings,5,1,552,5,bouquet colour combination o
dreamy hydrangea meaning,3,1,552,13,hydrangea meaning d
flower drawing with names in hindi,6,1,552,3,flower names in hindi d
flower name in hindi and english both,7,1,552,13,flower names in hindi a
flowers name in hindi and english for kids,8,1,552,13,flower names in hindi f
flowers name in hindi writing,5,1,552,11,flower names in hindi w
flowers name r,3,1,552,4,flower names in hindi r
gift for karwa chauth for wife,6,1,552,13,karwa chauth gift for wife f
gift on propose day,4,1,552,3,propose day gift o
gulmohar flower name in hindi,5,1,552,13,flower names in hindi g
how many types of hydrangeas,5,1,552,13,hydrangea meaning v
how marigold flower looks,4,1,552,6,how marigold flower meaning
how to reply happy rose day,6,1,552,7,how rose day
hydrangea color symbolism,3,1,552,13,hydrangea meaning c
hydrangea flower meaning in marathi,5,1,552,13,hydrangea meaning m
hydrangea flower meaning negative,4,1,552,13,hydrangea meaning f
hydrangea macrophylla blue meaning,4,1,552,13,hydrangea meaning b
iris flower name in hindi meaning,6,1,552,9,flower names in hindi i
is it marigold or marigold,5,1,552,8,is it marigold flower meaning
karwa chauth gift for bahu,5,1,552,13,karwa chauth gift for wife b
karwa chauth gift to husband,5,1,552,8,karwa chauth gift for wife t
karwa chauth gift under 500,5,1,552,13,karwa chauth gift for wife u
meaning of hydrangea in japan,5,1,552,13,hydrangea meaning o
orchid flower name in hindi meaning,6,1,552,13,flower names in hindi o
promise day gift for her,5,1,552,13,propose day gift h
promise day gift ideas for wife,6,1,552,13,propose day gift i
propose day best gift for girlfriend,6,1,552,6,propose day gift best
proposed gift,2,1,552,4,propose day gift 2026
purple hydrangea meaning soil,4,1,552,13,hydrangea meaning s
rose day 2026 images,4,1,552,13,rose day 2026
rose day address,3,1,552,13,rose day a
rose day app tablet,4,1,552,13,rose day app
rose day bangladesh,3,1,552,13,rose day b
rose day best wishes for wife,6,1,552,13,rose day best
rose day company,3,1,552,13,rose day c
rose day english quotes,4,1,552,13,rose day e
rose day hindi meaning,4,1,552,13,rose day h
rose day jokes marathi,4,1,552,13,rose day j
rose day kis din hai,5,1,552,13,rose day k
rose day link create,4,1,552,13,rose day l
rose day makeup,3,1,552,10,rose day maker
rose day msg for love,5,1,552,13,rose day m
rose day niye kichu kotha,5,1,552,13,rose day n
rose day promo code,4,1,552,13,rose day p
rose day quotes in bengali,5,1,552,13,rose day q
rose day shop online uk women's,6,1,552,12,rose day online
rose day spa newcastle,4,1,552,13,rose day s
rose day thank you quotes for husband,7,1,552,13,rose day y
rose day tickets,3,1,552,9,rose day t
rose day unique ideas,4,1,552,13,rose day u
rose day virtual garden free,5,1,552,13,rose day free
rose day vn template,4,1,552,13,rose day v
rose day wishes link,4,1,552,13,rose day w
rose diamond days forever,4,1,552,13,rose day d
rose gold rolex day date 40,6,1,552,13,rose day r
roseday f 20,3,1,552,13,rose day o
roseday gold tablet uses,4,1,552,13,rose day g
silver gift for wife on karwa chauth,7,1,552,13,karwa chauth gift for wife o
small hydrangea tattoo meaning,4,1,552,13,hydrangea meaning t
the marigold flower meaning,4,1,552,9,marigold flower meaning t
unique flower names for girl in hindi,7,1,552,3,flower names in hindi u
what is hydrangea flower,4,1,552,13,what hydrangea meaning
what is rose day celebrated,5,1,552,13,what rose day
what marigold flower,3,1,552,9,what marigold flower meaning
when is rose day valentine,5,1,552,13,when rose day
which day happy rose day,5,1,552,10,which rose day
10 easy flower names in hindi,6,1,551,13,flower names in hindi e
5 flower pictures with names in hindi,7,1,551,10,flower names in hindi p
best bouquet color combination,4,1,551,7,bouquet colour combination best
blue hydrangea meaning flower language,5,1,551,14,hydrangea meaning l
blue hydrangea meaning in love,5,1,551,14,hydrangea meaning b
bouquet colour meaning,3,1,551,3,bouquet colour combination m
bouquet colour paper,3,1,551,9,bouquet colour combination p
can i use rose water during the day,8,1,551,10,can i rose day
chocolate day gift for her,5,1,551,14,propose day gift h
flower name in hindi class 1,6,1,551,14,what flower names in hindi
flowers name in hindi with kannada meaning,7,1,551,12,flower names in hindi w
flowers names in hindi any 10,6,1,551,14,flower names in hindi a
four flower names in hindi,5,1,551,14,flower names in hindi f
gift for wife for first karwa chauth,7,1,551,14,karwa chauth gift for wife for
gokarna flower name in hindi,5,1,551,14,flower names in hindi g
how does marigold flower look like,6,1,551,7,how marigold flower meaning
how many roses to give on a first date,9,1,551,14,how many roses to give a
how much rolex daytona rose gold,6,1,551,8,how rose day
hydrangea cultural significance,3,1,551,14,hydrangea meaning c
hydrangea flower meaning in bengali,5,1,551,14,hydrangea meaning f
hydrangea flower meaning in malayalam,5,1,551,14,hydrangea meaning m
hydrangea flower meaning in tamil,5,1,551,14,hydrangea meaning t
hydrangea flower meaning pink,4,1,551,14,hydrangea meaning p
hydrangea flower symbolize,3,1,551,4,hydrangea meaning template
hydrangea meaning marathi,3,1,551,13,hydrangea meaning h
hydrangea signifies,2,1,551,4,hydrangea meaning x
hydrangea signify,2,1,551,3,hydrangea meaning z
iris flower name in hindi and english,7,1,551,10,flower names in hindi i
is marigold a good flower,5,1,551,9,is it marigold flower meaning
karva chauth gift wife ke liye,6,1,551,7,karwa chauth gift for wife k
karwa chauth gift hamper,4,1,551,12,karwa chauth gift for wife h
karwa chauth gift mirror,4,1,551,14,karwa chauth gift for wife m
karwa chauth gift tanishq,4,1,551,9,karwa chauth gift for wife t
karwa chauth gift under 5000,5,1,551,14,karwa chauth gift for wife u
marigold and cosmos flower tattoo meaning,6,1,551,10,marigold flower meaning t
marigold flower meaning,3,1,551,14,marigold flower meaning 
marigold flower meaning in hindi name,6,1,551,9,marigold flower meaning u
marigold flowers means,3,1,551,4,marigold flower meaning 2026
meaning of hydrangea in hindi,5,1,551,14,hydrangea meaning o
osteospermum flower name in hindi,5,1,551,14,flower names in hindi o
promise day gift ideas for him,6,1,551,14,propose day gift i
propose best gift,3,1,551,7,propose day gift best
propose day 2027,3,1,551,5,propose day gift 2026
purple hydrangea meaning in relationship,5,1,551,12,hydrangea meaning r
purple hydrangea meaning spiritual,4,1,551,14,hydrangea meaning s
rose day 2026 bangladesh,4,1,551,14,rose day 2026
rose day 2029,3,1,551,12,rose day 2027
rose day application,3,1,551,14,rose day app
rose day at loose park,5,1,551,14,rose day a
rose day best shayari in hindi,6,1,551,14,rose day best
rose day composition,3,1,551,14,rose day c
rose day ecard,3,1,551,14,rose day e
rose day festival,3,1,551,14,rose day f
rose day hand pic real,5,1,551,14,rose day h
rose day in india,4,1,551,14,rose day with
rose day janwar,3,1,551,14,rose day j
rose day kitni tarikh ko hai,6,1,551,14,rose day k
rose day message for wife,5,1,551,14,rose day m
rose day natural pic,4,1,551,14,rose day n
rose day photo editing online,5,1,551,13,rose day online
rose day photography,3,1,551,14,rose day p
rose day quotes for husband in hindi,7,1,551,14,rose day q
rose day rose pic,4,1,551,14,rose day r
rose day salon,3,1,551,14,rose day s
rose day special website free,5,1,551,14,rose day free
rose day thank you message to my love,8,1,551,14,rose day y
rose day time,3,1,551,10,rose day t
rose day ukhane in marathi,5,1,551,14,rose day u
rose day wallpaper,3,1,551,14,rose day w
rose day wish template,4,1,551,14,rose day template
rose gold day date,4,1,551,14,rose day d
rose maker online,3,1,551,11,rose day maker
rose without,2,1,551,3,rose day without
roseday gold 20 capsule,4,1,551,14,rose day g
special gift for wife on karwa chauth,7,1,551,14,karwa chauth gift for wife o
what is hydrangea plant,4,1,551,14,what hydrangea meaning
what is red rose day,5,1,551,14,what rose day
what marigold represent,3,1,551,10,what marigold flower meaning
when is rose day parade,5,1,551,14,when rose day
which day we celebrate rose day,6,1,551,11,which rose day
white hydrangea meaning in love,5,1,551,13,hydrangea meaning w
who rose,2,1,551,6,who rose day
wonder rose zara day collection perfume,6,1,551,14,rose day z
फ्लावर नेम्स इन हिंदी,4,1,551,14,flower names in hindi
100 flower names with pictures pdf in hindi,8,1,550,11,flower names in hindi p
best gift for karwa chauth for wife,7,1,550,15,karwa chauth gift for wife f
blue hydrangea meaning ph,4,1,550,15,hydrangea meaning p
chocolate day gift for him,5,1,550,15,propose day gift h
chocolate day gift images,4,1,550,15,propose day gift i
dead hydrangea meaning,3,1,550,15,hydrangea meaning d
flower colour combination for bouquet,5,1,550,8,bouquet colour combination best
flower name in hindi and,5,1,550,15,flower names in hindi a
flower names in sanskrit,4,1,550,7,flower names in hindi s
flowers names hindi to english,5,1,550,12,flower names in hindi t
funny flower names in hindi,5,1,550,15,flower names in hindi f
gloxinia flower name in hindi,5,1,550,15,flower names in hindi g
happy rose day date,4,1,550,15,rose day d
how many flowers to make a bouquet,7,1,550,15,how many roses to give a
how marigold,2,1,550,8,how marigold flower meaning
hydrangea 20,2,1,550,5,hydrangea meaning 2027
hydrangea flower meaning in telugu,5,1,550,15,hydrangea meaning t
hydrangea in spanish meaning,4,1,550,15,hydrangea meaning s
hydrangea leaf color meaning,4,1,550,15,hydrangea meaning c
igp karwa chauth gift for wife,6,1,550,15,karwa chauth gift for wife i
indian flowers name in hindi and english,7,1,550,11,flower names in hindi i
is marigold a flowering plant,5,1,550,10,is it marigold flower meaning
karva chauth gift for wife hindi,6,1,550,8,karwa chauth gift for wife k
karwa chauth gift for wife ring,6,1,550,5,karwa chauth gift for wife r
karwa chauth gift hamper ideas,5,1,550,13,karwa chauth gift for wife h
karwa chauth gift message,4,1,550,15,karwa chauth gift for wife m
karwa chauth gift to saas,5,1,550,10,karwa chauth gift for wife t
karwa chauth gift uk,4,1,550,15,karwa chauth gift for wife u
limelight hydrangea meaning,3,1,550,15,hydrangea meaning l
marigold flower ka matlab,4,1,550,13,marigold flower meaning k
marigold flower meaning in korean,5,1,550,15,marigold flower meaning with
marigold flower message,3,1,550,4,marigold flower meaning x
marigold flower signifies,3,1,550,15,marigold flower meaning s
meaning of hydrangea plant,4,1,550,15,hydrangea meaning o
mother's day rose & freesia,5,1,550,15,rose day free
orchid flower name in hindi with picture,7,1,550,15,flower names in hindi o
pink hydrangea meaning in relationship,5,1,550,13,hydrangea meaning r
promise day gift for boys,5,1,550,15,propose day gift b
rain and hydrangea matsu meaning,5,1,550,15,hydrangea meaning m
rose appreciation day,3,1,550,15,rose day app
rose day 2026 photo,4,1,550,15,rose day 2026
rose day at colonial park,5,1,550,15,rose day a
rose day bestie pic,4,1,550,15,rose day best
rose day english shayari,4,1,550,15,rose day e
rose day festival 2026,4,1,550,15,rose day f
rose day gemini ai razz suman,6,1,550,15,rose day g
rose day hotel,3,1,550,15,rose day h
rose day ideas,3,1,550,15,rose day i
rose day in valentine week,5,1,550,15,rose day in
rose day january,3,1,550,15,rose day j
rose day ke liye shayari,5,1,550,15,rose day k
rose day line for love,5,1,550,15,rose day l
rose day link create online with name,7,1,550,14,rose day online
rose day makeup look,4,1,550,12,rose day maker
rose day meme template,4,1,550,15,rose day template
rose day message to my love,6,1,550,15,rose day m
rose day night,3,1,550,15,rose day n
rose day on which date,5,1,550,15,rose day with
rose day party 2026,4,1,550,15,rose day p
rose day quotes for wife in hindi,7,1,550,15,rose day q
rose day rose gift,4,1,550,15,rose day r
rose day spa & massage photos,6,1,550,15,rose day s
rose day thank you caption,5,1,550,15,rose day y
rose day toronto,3,1,550,11,rose day t
rose day valentine week quotes,5,1,550,15,rose day v
rose day week,3,1,550,15,rose day w
rose day which colour,4,1,550,12,which rose day
rose without you part,4,1,550,4,rose day without
roseday a 75/20,3,1,550,15,rose day o
roseday cv 75,3,1,550,15,rose day c
roseday uses in hindi,4,1,550,15,rose day u
unique gift for wife on karwa chauth,7,1,550,15,karwa chauth gift for wife o
what is hydrangea called in hindi,6,1,550,15,what hydrangea meaning
what marigold flower in hindi,5,1,550,11,what marigold flower meaning
when is rose day for cancer patients,7,1,550,15,when rose day
where can i buy rose all day wine,8,1,550,11,can i rose day
which day is rose day,5,1,550,9,how rose day
white hydrangea meaning flower language,5,1,550,14,hydrangea meaning w
who gives rose in rose day,6,1,550,7,who rose day
why rose day is celebrated in india,7,1,550,3,why rose day
wonder rose zara day collection 01 price,7,1,550,15,rose day z
yellow marigold flower in telugu meaning,6,1,550,11,marigold flower meaning t
