suggestion,words,prefix_hits,relevance,best_rank,source_prefixes
miss you appa quotes in kannada,6,10,1254,1,miss you | miss you  | miss you a | miss you app | miss you quotes a | miss you quotes app | miss you status app | missing you app | miss you caption a | miss you caption app
miss you quotes in kannada,5,10,1251,1,miss you q | miss you quotes | miss you quotes  | miss you quotes i | miss you quotes with | miss you quotes in | miss you status i | miss you status in | miss you caption i | miss you caption in
miss you quotes in english,5,10,1250,2,miss you q | miss you quotes | miss you quotes  | miss you quotes i | miss you quotes with | miss you quotes in | miss you status i | miss you status in | miss you caption i | miss you caption in
miss you quotes in hindi,5,10,900,3,miss you q | miss you quotes | miss you quotes  | miss you quotes i | miss you quotes with | miss you quotes in | miss you status i | miss you status in | miss you caption i | miss you caption in
miss you quotes for love,5,8,1000,1,miss you q | miss you quotes | miss you quotes  | miss you quotes f | miss you quotes with | miss you quotes for | miss you status f | miss you status for
miss you quotes for husband,5,8,950,2,miss you q | miss you quotes | miss you quotes  | miss you quotes f | miss you quotes with | miss you quotes for | miss you status f | miss you status for
miss you quotes for friends,5,8,750,3,miss you q | miss you quotes | miss you quotes  | miss you quotes f | miss you quotes with | miss you quotes for | miss you status f | miss you status for
miss you quotes for her,5,8,600,5,miss you q | miss you quotes | miss you quotes  | miss you quotes f | miss you quotes with | miss you quotes for | miss you status f | miss you status for
miss you appa quotes in english,6,7,1252,3,miss you a | miss you app | miss you quotes a | miss you quotes app | miss you status app | missing you app | miss you caption app
miss you quotes in marathi,5,7,561,4,miss you quotes i | miss you quotes with | miss you quotes in | miss you status i | miss you status in | miss you caption i | miss you caption in
miss you quotes for best friend,6,7,559,6,miss you q | miss you quotes | miss you quotes  | miss you quotes f | miss you quotes with | miss you quotes for | miss you status f
miss you quotes in tamil,5,7,559,6,miss you quotes i | miss you quotes with | miss you quotes in | miss you status i | miss you status in | miss you caption i | miss you caption in
miss you quotes for wife,5,7,556,9,miss you q | miss you quotes | miss you quotes  | miss you quotes f | miss you quotes with | miss you quotes for | miss you status f
miss you quotes for sister,5,7,554,11,miss you q | miss you quotes | miss you quotes  | miss you quotes f | miss you quotes with | miss you quotes for | miss you status f
miss you status in english,5,6,1251,1,miss you status | miss you status  | miss you status i | miss you status n | miss you status with | miss you status in
miss you caption for love,5,6,1250,1,miss you c | miss you caption | miss you caption  | miss you caption f | miss you caption with | miss you caption for
miss you status in hindi,5,6,1250,2,miss you status | miss you status  | miss you status i | miss you status n | miss you status with | miss you status in
miss you shayari in english,5,6,601,4,miss you s | miss you shayari | miss you shayari  | miss you shayari i | miss you shayari l | miss you shayari in
miss you status in marathi,5,6,601,3,miss you status | miss you status  | miss you status i | miss you status n | miss you status with | miss you status in
why i miss you quotes for her,7,6,601,1,why miss you | why i miss you | why miss you quotes | why miss you status | why missing you | why miss you caption
miss you status in tamil,5,6,600,4,miss you status | miss you status  | miss you status i | miss you status n | miss you status with | miss you status in
miss you quotes for brother,5,6,557,8,miss you q | miss you quotes | miss you quotes  | miss you quotes f | miss you quotes for | miss you status f
miss you quotes in telugu,5,6,555,10,miss you quotes i | miss you quotes with | miss you quotes in | miss you status in | miss you caption i | miss you caption in
miss you quotes short,4,5,1251,1,miss you q | miss you quotes | miss you quotes  | miss you quotes s | miss you caption s
miss you status for husband,5,5,1251,1,miss you status | miss you status  | miss you status f | miss you status with | miss you status for
miss you status for girlfriend,5,5,1250,2,miss you status | miss you status  | miss you status f | miss you status with | miss you status for
miss you caption in english,5,5,1000,1,miss you caption | miss you caption  | miss you caption i | miss you caption with | miss you caption in
miss you caption for friend,5,5,950,2,miss you caption | miss you caption  | miss you caption f | miss you caption with | miss you caption for
miss you status for wife,5,5,950,3,miss you status | miss you status  | miss you status f | miss you status with | miss you status for
miss you caption for husband,5,5,850,3,miss you caption | miss you caption  | miss you caption f | miss you caption with | miss you caption for
miss you caption for instagram,5,5,800,4,miss you caption | miss you caption  | miss you caption f | miss you caption with | miss you caption for
how i miss you quotes,5,5,601,1,how miss you | how i miss you | how miss you quotes | how miss you status | how miss you caption
how much can you miss someone quotes,7,5,601,2,miss you quotes q | miss you quotes x | miss you quotes z | miss you quotes free | miss you status q
miss you quotes best friend,5,5,601,1,miss you quotes b | miss you quotes best | miss you status b | miss you status best | miss you caption best
miss you quotes in hindi english,6,5,601,4,miss you q | miss you quotes | miss you quotes  | miss you quotes i | miss you quotes in
miss you quotes with images,5,5,601,1,miss you quotes w | miss you quotes with | miss you status with | miss you caption w | miss you caption with
why miss you quotes,4,5,601,1,why miss you | why miss you status | why missing you | why miss u | why miss you caption
miss you appa quotes in tamil,6,5,600,2,miss you quotes a | miss you quotes app | miss you status app | missing you app | miss you caption app
miss you caption for brother,5,5,600,6,miss you caption | miss you caption  | miss you caption f | miss you caption with | miss you caption for
miss you quotes bestie,4,5,562,3,miss you quotes b | miss you quotes best | miss you status b | miss you status best | miss you caption best
miss you shayari hindi 2 line with emoji,8,5,560,5,miss you shayari | miss you shayari  | miss you shayari h | miss you shayari w | miss you shayari with
miss you quotes for him long distance,7,5,558,7,miss you q | miss you quotes | miss you quotes  | miss you quotes f | miss you quotes for
miss you quotes in marathi text,6,5,554,11,miss you quotes with | miss you status i | miss you status in | miss you caption i | miss you caption in
miss you appa,3,4,1253,2,miss you | miss you  | miss you a | miss you app
miss u in korean,4,4,1252,1,miss u  | miss u i | miss u with | miss u in
i miss you quotes,4,4,1251,1,i miss you | i miss you  | i miss you q | can i miss you quotes
miss you shayari hindi 2 line,6,4,1251,1,miss you s | miss you shayari | miss you shayari  | miss you shayari h
i miss you in tamil,5,4,1250,1,i miss you | i miss you  | i miss you i | i miss you in
miss u in tamil,4,4,1250,3,miss u  | miss u i | miss u with | miss u in
miss u quotes,3,4,1250,1,miss u | miss u  | miss u q | miss u w
miss you appa quotes,4,4,1250,5,miss you app | miss you quotes app | miss you status app | miss you caption app
miss you in kannada,4,4,1250,1,miss you | miss you  | miss you i | miss you in
miss you in korean,4,4,1150,2,miss you | miss you  | miss you i | miss you in
miss you uncle quotes,4,4,1150,2,miss you u | miss you quotes u | miss you status u | miss you caption u
i miss you in malayalam,5,4,1050,2,i miss you | i miss you  | i miss you i | i miss you in
i miss you in kannada,5,4,1000,3,i miss you | i miss you  | i miss you i | i miss you in
miss you quotes long distance,5,4,950,2,miss you quotes l | miss you status d | miss you status l | miss you caption l
missing you in hindi,4,4,903,1,missing you | missing you  | missing you i | missing you in
miss you in tamil,4,4,900,3,miss you | miss you  | miss you i | miss you in
miss u forever quotes,4,4,750,5,miss you status q | miss you status u | miss u for | miss you caption y
i miss you in telugu,5,4,701,4,i miss you | i miss you  | i miss you i | i miss you in
i miss you in korean,5,4,700,5,i miss you | i miss you  | i miss you i | i miss you in
miss you shayari in hindi,5,4,700,3,miss you shayari | miss you shayari  | miss you shayari i | miss you shayari in
can i miss you meaning,5,4,601,1,can i miss you | can i i miss you | can i missing you | can i miss u
i miss you in hindi,5,4,601,6,i miss you | i miss you  | i miss you i | i miss you in
miss you quotes for him,5,4,601,4,miss you quotes | miss you quotes  | miss you quotes f | miss you quotes for
miss you quotes long distance relationship,6,4,601,3,miss you quotes l | miss you status d | miss you status l | miss you caption l
miss you shayari for husband,5,4,601,1,miss you shayari | miss you shayari  | miss you shayari f | miss you shayari for
miss you shayari love romantic,5,4,601,1,miss you shayari | miss you shayari  | miss you shayari l | miss you shayari r
what do you miss quotes,5,4,601,1,miss you quotes q | miss you quotes free | what miss you quotes | miss you status q
i miss you in japanese,5,4,600,7,i miss you | i miss you  | i miss you i | i miss you in
miss you bestie quotes short,5,4,600,6,miss you best | miss you quotes best | miss you status best | miss you caption best
miss you free fire shayari,5,4,600,1,miss you free | miss you shayari free | missing you free | miss u free
miss you quotes best friend girl,6,4,600,2,miss you quotes b | miss you quotes best | miss you status best | miss you caption best
miss you quotes in english for best friend,8,4,600,5,miss you quotes e | miss you quotes i | miss you quotes in | miss you status e
when you miss him quotes,5,4,600,2,when miss you | when miss you quotes | is it miss you quotes | when miss you status
miss you appa quotes in tamil short,7,4,560,5,miss you quotes app | miss you status app | missing you app | miss you caption app
miss you status in bangla,5,4,560,5,miss you status i | miss you status n | miss you status with | miss you status in
miss you quotes my love,5,4,559,6,miss you quotes m | miss you status l | miss you status m | miss you caption m
miss you caption for love in english,7,4,558,7,miss you caption | miss you caption  | miss you caption f | miss you caption for
when someone miss you quotes,5,4,558,3,when miss you quotes | is it miss you quotes | when miss you status | when miss you caption
i miss you in spanish,5,4,557,8,i miss you | i miss you  | i miss you i | i miss you in
when i miss you quotes for her,7,4,557,4,when miss you quotes | is it miss you quotes | when miss you status | when miss you caption
will always miss you quotes,5,4,557,4,why miss you quotes | is it miss you quotes | why miss you caption | is it miss you caption
miss you caption for best friend,6,4,556,9,miss you caption | miss you caption  | miss you caption f | miss you caption for
miss you caption for instagram story,6,4,555,10,miss you caption | miss you caption  | miss you caption f | miss you caption for
miss you captions for bestie,5,4,554,11,miss you caption | miss you caption  | miss you caption f | miss you caption for
miss you caption for girlfriend,5,4,553,12,miss you caption  | miss you caption f | miss you caption with | miss you caption for
miss misses difference,3,4,551,3,miss you 2027 | miss you status d | miss u template | miss u 2027
miss u appa quotes in english,6,3,1253,2,miss u  | miss u a | miss u app
miss u appa quotes in kannada,6,3,1252,3,miss u  | miss u a | miss u app
miss you lot meaning in kannada,6,3,1252,1,miss you | miss you  | miss you l
miss u appa in kannada,5,3,1251,4,miss u  | miss u a | miss u app
miss u in kannada,4,3,1251,2,miss u  | miss u i | miss u in
miss you quotes english,4,3,1251,1,miss you quotes e | miss you status e | miss you caption e
miss you quotes hindi,4,3,1251,1,miss you quotes h | miss you status h | miss you caption h
miss you status video,4,3,1251,1,miss you status | miss you status  | miss you status v
missing you movie,3,3,1251,1,missing you | missing you  | missing you m
how miss you my love,5,3,1250,1,how miss you | how missing you | how miss u
i miss you meaning in kannada,6,3,1250,1,i miss you | i miss you  | i miss you m
i miss you papa,4,3,1250,1,i miss you | i miss you  | i miss you p
miss u dad quotes,4,3,1250,1,miss u | miss u  | miss u d
miss you emoji,3,3,1250,1,miss you | miss you  | miss you e
miss you forever,3,3,1250,1,miss you f | miss you for | miss u for
miss you free fire name,5,3,1250,1,miss you free | missing you free | miss u free
miss you online shopping,4,3,1250,1,miss you o | miss you online | missing you online
miss you quotes,3,3,1250,1,miss you | miss you  | miss you q
miss you quotes after death,5,3,1250,1,miss you quotes a | miss you status a | miss you caption a
miss you quotes english short,5,3,1250,2,miss you quotes e | miss you status e | miss you caption e
miss you quotes husband,4,3,1250,2,miss you quotes h | miss you status h | miss you caption h
miss you quotes kannada,4,3,1250,1,miss you quotes k | miss you status k | miss you caption k
miss you quotes love,4,3,1250,1,miss you quotes l | miss you status l | miss you caption l
miss you quotes rip,4,3,1250,1,miss you quotes r | miss you status r | miss you caption r
miss you quotes urdu,4,3,1250,1,miss you quotes u | miss you status u | miss you caption u
miss you status quotes,4,3,1250,1,miss you status | miss you status  | miss you status q
miss you status video download,5,3,1250,2,miss you status | miss you status  | miss you status v
miss you template capcut,4,3,1250,1,miss you template | missing you template | miss u template
missing you 2026 movie,4,3,1250,1,miss you 2026 | missing you 2026 | miss u 2026
missing you cast,3,3,1250,2,missing you c | missing you v | missing you x
missing you harlan coben netflix,5,3,1250,1,missing you | missing you  | missing you h
missing you imdb,3,3,1250,1,missing you | missing you  | missing you i
missing you korean movie,4,3,1250,1,missing you | missing you  | missing you k
missing you meaning in kannada,5,3,1250,2,missing you | missing you  | missing you m
missing you netflix,3,3,1250,1,missing you | missing you  | missing you n
missing you quotes,3,3,1250,1,missing you | missing you  | missing you q
i miss you so much,5,3,1200,2,i miss you | i miss you  | i miss you s
miss you dad quotes,4,3,1200,2,miss you | miss you  | miss you d
miss you papa,3,3,1150,1,miss you | miss you  | miss you p
missing you kdrama,3,3,1150,3,missing you | missing you  | missing you k
why i miss you so much,6,3,1100,1,why miss you | why i miss you | why missing you
miss you meaning in kannada,5,3,1050,1,miss you | miss you  | miss you m
miss you status telugu,4,3,1000,1,miss you status | miss you status  | miss you status t
miss u 2026 date,4,3,900,1,miss you 2026 | missing you 2026 | miss u 2026
missing you a lot meaning in hindi,7,3,851,1,missing you | missing you  | missing you a
miss you movie,3,3,850,2,miss you | miss you  | miss you m
miss u in spanish,4,3,801,4,miss u i | miss u with | miss u in
missing you meaning in hindi,5,3,800,3,missing you | missing you  | missing you m
i miss you a lot meaning in hindi,8,3,654,1,i miss you | i miss you  | i miss you a
can i miss you,4,3,601,1,can i i miss you | can i missing you | can i miss u
do i miss you quotes,5,3,601,1,can i miss you quotes | can i miss you status | can i miss you caption
how miss you in spanish,5,3,601,2,how miss you | how missing you | how miss u
i miss you meaning in hindi,6,3,601,2,i miss you | i miss you  | i miss you m
is it miss you too or to,7,3,601,2,is it miss you | is it missing you | is it miss u
miss u 2026 venue,4,3,601,2,miss you 2026 | missing you 2026 | miss u 2026
miss you 2026 song,4,3,601,1,miss you 2026 | missing you 2026 | miss u 2026
miss you appa status,4,3,601,8,miss you app | miss you status a | miss you status app
miss you caption for boyfriend,5,3,601,5,miss you caption  | miss you caption f | miss you caption for
miss you caption in marathi,5,3,601,2,miss you caption i | miss you caption with | miss you caption in
miss you freestyle skrapz lyrics,5,3,601,2,miss you free | missing you free | miss u free
miss you quotes sister,4,3,601,4,miss you quotes s | miss you status s | miss you caption s
miss you quotes tamil,4,3,601,1,miss you quotes t | miss you status t | miss you caption t
miss you shayari text,4,3,601,1,miss you shayari | miss you shayari  | miss you shayari t
miss you shayari urdu,4,3,601,1,miss you shayari | miss you shayari  | miss you shayari u
miss you status bangla,4,3,601,1,miss you status | miss you status  | miss you status b
miss you status for friends,5,3,601,4,miss you status f | miss you status with | miss you status for
miss you status punjabi,4,3,601,1,miss you status | miss you status  | miss you status p
miss you without saying it,5,3,601,3,miss you with | miss you without | miss u without
miss you zindagi shayari,4,3,601,1,miss you z | miss you shayari z | missing you z
missing you 2026 tv series,5,3,601,2,miss you 2026 | missing you 2026 | miss u 2026
missing you meaning,3,3,601,4,missing you | missing you  | missing you m
we miss you template,4,3,601,1,miss you template | i miss you template | missing you template
when you miss quotes,4,3,601,1,when miss you quotes | when miss you status | when miss you caption
why miss you meaning in hindi,6,3,601,1,why miss you | why missing you | why miss u
how i miss you quotes for her,7,3,600,2,how miss you quotes | how miss you status | how miss you caption
i miss you meaning,4,3,600,3,i miss you | i miss you  | i miss you m
i miss you without sounding desperate,6,3,600,3,miss you without | i miss you with | i miss you without
i will miss you quotes,5,3,600,2,can i miss you quotes | can i miss you status | can i miss you caption
miss misses meaning,3,3,600,2,miss you 2027 | miss u template | miss u 2027
miss u 2026 host,4,3,600,3,miss you 2026 | missing you 2026 | miss u 2026
miss you bestie caption,4,3,600,2,miss you best | miss you caption b | miss you caption best
miss you brother quotes after death,6,3,600,3,miss you b | miss you quotes b | miss you status b
miss you caption in bengali,5,3,600,3,miss you caption i | miss you caption with | miss you caption in
miss you college quotes,4,3,600,4,miss you c | miss you quotes c | miss you caption c
miss you online download,4,3,600,2,miss you online | missing you online | miss u online
miss you quotes assamese,4,3,600,4,miss you quotes a | miss you status a | miss you caption a
miss you quotes dad,4,3,600,3,miss you quotes d | miss you status d | miss you caption d
miss you quotes grandpa,4,3,600,2,miss you quotes g | miss you status g | miss you caption g
miss you quotes marathi,4,3,600,2,miss you quotes m | miss you status m | miss you caption m
miss you quotes on death,5,3,600,1,miss you quotes o | miss you status online | miss you caption o
miss you rip quotes marathi,5,3,600,2,miss you quotes r | miss you status r | miss you caption r
miss you shayari hindi english,5,3,600,5,miss you shayari | miss you shayari  | miss you shayari h
miss you status for best friend,6,3,600,5,miss you status best | miss you status with | miss you status for
miss you status for brother,5,3,600,5,miss you status f | miss you status with | miss you status for
miss you status marathi text,5,3,600,2,miss you status | miss you status  | miss you status m
missing you 2026 cast,4,3,600,3,miss you 2026 | missing you 2026 | miss u 2026
missing you series,3,3,600,3,missing you | missing you  | missing you s
who miss you meaning in urdu,6,3,600,2,who miss you | which missing you | who missing you
who's missing you meaning,4,3,600,2,who miss you | which missing you | who missing you
i will miss you quotes for her,7,3,562,3,can i miss you quotes | can i miss you status | can i miss you caption
how i miss you so,5,3,561,4,how miss you | how i miss you | how missing you
i will miss you quotes for friends,7,3,561,4,can i miss you quotes | can i miss you status | can i miss you caption
miss u 2026 winner,4,3,561,4,miss you 2026 | missing you 2026 | miss u 2026
miss you quotes daughter,4,3,561,4,miss you quotes d | miss you status d | miss you caption d
miss you quotes to best friend,6,3,561,4,miss you quotes t | miss you status t | miss you caption t
miss you uncle quotes in english,6,3,561,4,miss you u | miss you quotes u | miss you caption u
missing you 2026 netflix,4,3,561,4,miss you 2026 | missing you 2026 | miss u 2026
what miss you after goodbye,5,3,561,4,what miss you | how missing you | what missing you
who's missing you in tagalog,5,3,561,4,who miss you | which missing you | who missing you
is miss you so much,5,3,560,5,is it miss you | is it i miss you | is it missing you
miss u 2026 candidates,4,3,560,5,miss you 2026 | missing you 2026 | miss u 2026
miss you bestie quotes in english,6,3,560,5,miss you quotes best | miss you status best | miss you caption best
miss you quotes and images,5,3,560,5,miss you quotes a | miss you status a | miss you caption a
miss you uncle quotes in hindi,6,3,560,5,miss you u | miss you quotes u | miss you caption u
what miss you like crazy,5,3,560,5,what miss you | how missing you | what missing you
is miss you baby,4,3,559,6,is it miss you | is it i miss you | is it missing you
miss u 2026 philippines,4,3,559,6,miss you 2026 | missing you 2026 | miss u 2026
miss you a lot meaning in hindi,7,3,559,6,miss you | miss you  | miss you a
miss you aaji quotes in marathi,6,3,559,6,miss you quotes a | miss you status a | miss you caption a
miss you appa quotes in kannada from daughter,8,3,559,6,miss you quotes app | miss you status app | miss you caption app
miss you best quotes,4,3,559,6,miss you quotes best | miss you status best | miss you caption best
miss you everyday quotes,4,3,559,6,miss you quotes e | miss you status e | miss you caption e
miss you love quotes,4,3,559,6,miss you l | miss you quotes l | miss you caption l
miss you online karne wala,5,3,559,5,miss you online | missing you online | miss u online
miss you shayari hindi 2 line love,7,3,559,6,miss you shayari | miss you shayari  | miss you shayari h
miss you shayari in hindi text,6,3,559,6,miss you shayari  | miss you shayari i | miss you shayari in
who's missing you meaning in bengali,6,3,559,6,who miss you | which missing you | who missing you
why i miss you so much meaning in hindi,9,3,559,6,why miss you | why i miss you | why missing you
miss you appa quotes in kannada pdf,7,3,558,7,miss you quotes app | miss you status app | miss you caption app
miss you bestie quotes in marathi,6,3,558,7,miss you quotes best | miss you status best | miss you caption best
miss you papa quotes in hindi,6,3,558,7,miss you p | miss you quotes p | miss you status p
miss you quotes grandma,4,3,558,7,miss you quotes g | miss you status g | miss you caption g
miss you quotes in english short,6,3,558,7,miss you quotes i | miss you quotes in | miss you caption in
miss you quotes mom,4,3,558,7,miss you quotes m | miss you status m | miss you caption m
miss you quotes to husband,5,3,558,7,miss you quotes t | miss you status t | miss you caption t
miss you status in marathi text,6,3,558,7,miss you status i | miss you status n | miss you status in
miss you status marathi text for husband,7,3,558,3,miss you status | miss you status  | miss you status m
missing what's you lyrics,4,3,558,7,what miss you | how missing you | what missing you
who you miss meaning in tamil,6,3,558,7,who miss you | which missing you | who missing you
why i miss you meaning in urdu,7,3,558,7,why miss you | why i miss you | why missing you
why you miss someone quotes,5,3,558,7,why miss you | why miss you quotes | why missing you
is miss your face,4,3,557,8,is it miss you | is it i miss you | is it missing you
miss u in telugu,4,3,557,8,miss u i | miss u with | miss u in
miss you appa quotes in english short,7,3,557,8,miss you quotes app | miss you status app | miss you caption app
miss you caption for sister,5,3,557,8,miss you caption  | miss you caption f | miss you caption for
miss you nanaji status in hindi,6,3,557,8,miss you n | miss you status h | miss you status n
miss you nani quotes,4,3,557,8,miss you n | miss you quotes n | miss you status n
who you miss meaning in telugu,6,3,557,8,who miss you | which missing you | who missing you
miss u in arabic,4,3,556,9,miss u i | miss u with | miss u in
miss you appa quotes from daughter,6,3,556,9,miss you quotes app | miss you status app | miss you caption app
miss you free clip art,5,3,556,7,miss you free | missing you free | miss u free
when you miss him quotes short,6,3,556,5,when miss you quotes | is it miss you quotes | when miss you status
who you miss meaning in malayalam,6,3,556,9,who miss you | which missing you | who missing you
miss you appa quotes in english from daughter,8,3,555,10,miss you quotes app | miss you status app | miss you caption app
miss you free fire photo,5,3,555,8,miss you free | missing you free | miss u free
miss you guys quotes,4,3,555,5,miss you g | miss you quotes g | miss you status g
why i miss you more,5,3,555,10,why miss you | why i miss you | why missing you
miss u in french,4,3,554,11,miss u i | miss u with | miss u in
miss you freepik,3,3,554,9,miss you free | missing you free | miss u free
miss you grandfather quotes in english,6,3,554,6,miss you g | miss you quotes g | miss you status g
miss you quotes in english for girlfriend,7,3,554,11,miss you quotes e | miss you quotes i | miss you quotes in
why i miss you meaning in bengali,7,3,554,11,why miss you | why i miss you | why missing you
miss you caption for husband in english,7,3,553,12,miss you caption  | miss you caption f | miss you caption for
miss you quotes in urdu text,6,3,553,3,miss you quotes u | miss you status u | miss you caption u
miss u in japanese,4,3,552,13,miss u i | miss u with | miss u in
miss you already meaning,4,3,551,4,miss you 2027 | miss you status m | miss u 2027
miss you caption for cousin,5,3,551,14,miss you caption f | miss you caption with | miss you caption for
miss you quotes for father,5,3,550,15,miss you quotes f | miss you quotes for | miss you status f
i miss you appa,4,2,1254,1,i miss you a | i miss you app
miss u appa,3,2,1254,1,miss u a | miss u app
i miss you appa quotes kannada short,7,2,1253,2,i miss you a | i miss you app
i miss you appa quotes,5,2,1252,3,i miss you a | i miss you app
i miss you appa quotes kannada,6,2,1251,4,i miss you a | i miss you app
i miss you bestie,4,2,1251,1,i miss you b | i miss you best
i miss you forever meaning in hindi,7,2,1251,1,i miss you f | i miss you for
miss u bestie,3,2,1251,1,miss u b | miss u best
miss u forever meaning in hindi,6,2,1251,1,miss u f | miss u for
miss you bestie quotes,4,2,1251,1,miss you b | miss you best
missing you captions,3,2,1251,1,missing you c | missing you x
missing you forever meaning in hindi,6,2,1251,1,missing you f | missing you for
how i miss you meaning,5,2,1250,1,how miss you | how i miss you
i miss you appa quotes from daughter,7,2,1250,5,i miss you a | i miss you app
i miss you forever,4,2,1250,2,i miss you f | i miss you for
i miss you quotes for husband long distance,8,2,1250,2,i miss you q | can i miss you quotes
i miss you without saying it,6,2,1250,1,i miss you with | i miss you without
is it miss you or missing you,7,2,1250,1,which miss you | is it miss you
miss u appa quotes,4,2,1250,5,miss u a | miss u app
miss u bestie quotes,4,2,1250,2,miss u b | miss u best
miss u emoji,3,2,1250,1,miss u  | miss u e
miss u forever,3,2,1250,2,miss u f | miss u for
miss u friends quotes,4,2,1250,1,miss u  | miss u f
miss u lot meaning in kannada,6,2,1250,1,miss u  | miss u l
miss u papa,3,2,1250,1,miss u  | miss u p
miss you best friend quotes,5,2,1250,2,miss you b | miss you best
miss you caption short,4,2,1250,1,miss you caption  | miss you caption s
miss you captions,3,2,1250,1,miss you c | miss you caption
miss you friends quotes,4,2,1250,2,miss you  | miss you f
miss you quotes brother,4,2,1250,1,miss you quotes b | miss you status b
miss you quotes death,4,2,1250,1,miss you quotes d | miss you caption d
miss you quotes one line,5,2,1250,1,miss you quotes o | miss you caption o
miss you quotes short line,5,2,1250,2,miss you quotes s | miss you caption s
miss you quotes wife,4,2,1250,1,miss you quotes w | miss you caption w
miss you shayari 2 line english,6,2,1250,2,miss you shayari | miss you shayari 
miss you zindagi,3,2,1250,1,miss you z | missing you z
missing you forever,3,2,1250,2,missing you f | missing you for
missing you with all my heart,6,2,1250,1,missing you w | missing you with
missing you without saying it,5,2,1250,1,missing you with | missing you without
miss you bestie,3,2,1200,3,miss you b | miss you best
miss you quotes heart touching,5,2,1200,3,miss you quotes h | miss you caption h
miss u brother quotes,4,2,1150,1,miss u  | miss u b
miss u meaning in kannada,5,2,1150,1,miss u  | miss u m
missing you captions for instagram,5,2,1100,3,missing you c | missing you x
miss you forever meaning in hindi,6,2,1050,2,miss you f | miss you for
i miss you with emoji text,6,2,1001,2,i miss you with | missing you with
miss u love u,4,2,1000,3,miss u l | miss u u
missing you in kannada,4,2,902,2,missing you i | missing you in
missing you in malayalam,4,2,901,3,missing you i | missing you in
missing you in tamil,4,2,900,4,missing you i | missing you in
i miss you forever meaning,5,2,850,3,i miss you f | i miss you for
miss you quotes aesthetic,4,2,850,2,miss you quotes a | miss you caption a
miss you zubeen da,4,2,850,2,miss you z | missing you z
miss u in korean language,5,2,800,5,miss u i | miss u in
missing you 2016,3,2,800,2,missing you | missing you 
miss u appa images,4,2,750,6,miss u a | miss u app
miss you quotes sad,4,2,700,3,miss you quotes s | miss you caption s
miss you shayari,3,2,700,1,miss you  | miss you s
miss you shayari hindi 2 line for girl,8,2,700,2,miss you shayari | miss you shayari h
missing you (2025 tv series),5,2,650,3,missing you | missing you 
missing you forever quotes,4,2,602,3,missing you f | missing you for
when i miss you quotes,5,2,602,2,when i miss you | is it miss you quotes
best friend miss you captions,5,2,601,1,miss you caption b | miss you caption best
i miss you forever and ever meaning in hindi,9,2,601,4,i miss you f | i miss you for
i miss you online message,5,2,601,1,miss you online | i miss you online
i miss you quotes for her,6,2,601,3,i miss you q | can i miss you quotes
i miss you without actually saying it,7,2,601,2,i miss you with | i miss you without
is it missing you already,5,2,601,1,is it miss you | is it missing you
miss u 2027,3,2,601,1,miss you 2027 | missing you 2027
miss u a lot meaning in hindi,7,2,601,4,miss u  | miss u a
miss u in hindi,4,2,601,7,miss u i | miss u in
miss u quotes short,4,2,601,4,miss you status s | miss u q
miss you caption bangla english,5,2,601,2,miss you caption b | miss you caption e
miss you forever in hindi,5,2,601,3,miss you f | miss you for
miss you free fire,4,2,601,1,missing you free | miss u free
miss you in hindi,4,2,601,4,miss you i | miss you in
miss you jaan quotes,4,2,601,1,miss you quotes j | miss you caption j
miss you online,3,2,601,1,miss you o | miss u online
miss you papa caption,4,2,601,1,miss you caption p | miss you caption app
miss you quotes colleagues,4,2,601,1,miss you quotes c | miss you caption c
miss you quotes death anniversary,5,2,601,2,miss you quotes d | miss you caption d
miss you quotes emotional,4,2,601,3,miss you quotes e | miss you caption e
miss you quotes for your best friend,7,2,601,1,miss you quotes y | miss you caption y
miss you quotes gujarati text,5,2,601,1,miss you quotes g | miss you caption g
miss you quotes hindi love,5,2,601,4,miss you quotes h | miss you caption h
miss you quotes kannada short,5,2,601,2,miss you quotes k | miss you caption k
miss you quotes malayalam,4,2,601,1,miss you quotes m | miss you caption m
miss you quotes nepali,4,2,601,1,miss you quotes n | miss you caption n
miss you quotes odia,4,2,601,2,miss you quotes o | miss you caption o
miss you quotes pinterest,4,2,601,1,miss you quotes p | miss you caption p
miss you quotes romantic,4,2,601,2,miss you quotes r | miss you caption r
miss you quotes without saying it,6,2,601,2,miss you quotes w | miss you caption w
miss you shayari best friend,5,2,601,1,miss you shayari b | miss you shayari best
miss you shayari with emoji,5,2,601,1,miss you shayari w | miss you shayari with
miss you sister captions,4,2,601,2,miss you caption s | miss you caption with
miss you status for whatsapp,5,2,601,4,miss you status with | miss you status for
miss you veere quotes in punjabi,6,2,601,1,miss you quotes v | miss you caption v
miss you without i,4,2,601,2,missing you without | miss u without
miss you zubeen da quotes,5,2,601,1,miss you z | miss you quotes z
miss you शायरी हिंदी में,5,2,601,3,miss you shayari  | miss you shayari h
missing you chinese drama,4,2,601,4,missing you c | missing you x
missing you in hindi meaning,5,2,601,7,missing you i | missing you in
missing you online movie,4,2,601,2,miss you online | missing you online
where missing you filmed,4,2,601,1,which miss you | which missing you
who's missing you meaning in hindi,6,2,601,1,which missing you | who missing you
why i miss you so much quotes,7,2,601,2,why i miss you | why missing you
do i miss you,4,2,600,2,can i miss you | can i i miss you
how's you miss meaning in hindi,6,2,600,3,how miss you | how missing you
i miss you forever meaning in telugu,7,2,600,5,i miss you f | i miss you for
miss u in marathi,4,2,600,8,miss u i | miss u in
miss you bhai caption,4,2,600,2,miss you caption b | miss you caption v
miss you dad status,4,2,600,4,miss you d | miss you status d
miss you free images,4,2,600,3,miss you free | miss u free
miss you in kannada meaning,5,2,600,5,miss you i | miss you in
miss you jiju quotes,4,2,600,2,miss you quotes j | miss you caption j
miss you kaka quotes in marathi,6,2,600,2,miss you quotes k | miss you status k
miss you mom quotes,4,2,600,4,miss you | miss you m
miss you nanna quotes in english,6,2,600,2,miss you quotes n | miss you caption n
miss you not,3,2,600,2,miss you n | miss you without
miss you quotes copy paste,5,2,600,2,miss you quotes c | miss you caption c
miss you quotes emoji,4,2,600,4,miss you quotes e | miss you caption e
miss you quotes girlfriend,4,2,600,2,miss you quotes g | miss you caption g
miss you quotes hindi english,5,2,600,5,miss you quotes h | miss you caption h
miss you quotes kids,4,2,600,3,miss you quotes k | miss you caption k
miss you quotes love short,5,2,600,4,miss you quotes l | miss you caption l
miss you quotes one word,5,2,600,3,miss you quotes o | miss you caption o
miss you quotes passed away,5,2,600,2,miss you quotes p | miss you caption p
miss you quotes telugu,4,2,600,2,miss you quotes t | miss you caption t
miss you roommate quotes,4,2,600,3,miss you quotes r | miss you caption r
miss you shayari bestie,4,2,600,2,miss you shayari b | miss you shayari best
miss you shayari dosti ke liye,6,2,600,2,miss you shayari d | miss you shayari k
miss you shayari for wife,5,2,600,2,miss you shayari f | miss you shayari for
miss you uncle quotes in marathi,6,2,600,3,miss you quotes u | miss you caption u
miss you vahini quotes in marathi,6,2,600,2,miss you quotes v | miss you caption v
miss you with lyrics,4,2,600,4,miss you with | miss u with
miss you with robin schulz,5,2,600,2,miss you with | miss u with
miss you without goodbye,4,2,600,3,missing you without | miss u without
miss you x shayari,4,2,600,2,miss you x | miss you shayari x
miss you yaad shayari,4,2,600,2,miss you y | miss you shayari y
miss you yaar shayari,4,2,600,4,miss you y | miss you shayari y
miss you zubeen da in assamese,6,2,600,4,miss you z | missing you z
missing you comes in waves,5,2,600,5,missing you c | missing you x
missing you in spanish,4,2,600,8,missing you i | missing you in
missing you youtube,3,2,600,3,missing you u | missing you y
that i miss you lyrics,5,2,600,2,which i miss you | who i miss you
what's miss you in spanish,5,2,600,2,what miss you | what missing you
what's missing you about on netflix,6,2,600,2,what miss you | what missing you
when you miss me,4,2,600,2,when miss you | when missing you
which is miss you emoji,5,2,600,2,which miss you | which missing you
why i miss you quotes,5,2,600,3,why i miss you | what miss you quotes
do i miss you at the party,7,2,562,3,can i miss you | can i i miss you
is it i miss u too or to,8,2,562,3,is it i miss you | is it miss u
it is missing you in spanish,6,2,562,3,is it miss you | is it missing you
miss you best shayari,4,2,562,3,miss you shayari b | miss you shayari best
miss you jiju quotes in hindi,6,2,562,3,miss you quotes j | miss you caption j
miss you nanna quotes in telugu,6,2,562,3,miss you quotes n | miss you caption n
miss you quotes gujarati,4,2,562,3,miss you quotes g | miss you caption g
miss you quotes marathi text,5,2,562,3,miss you quotes m | miss you caption m
miss you quotes punjabi,4,2,562,3,miss you quotes p | miss you caption p
miss you quotes tamil short,5,2,562,3,miss you quotes t | miss you caption t
miss you shayari for husband in hindi,7,2,562,3,miss you shayari f | miss you shayari for
miss you shayari in english 2 line with emoji,9,2,562,3,miss you shayari i | miss you shayari in
miss you voice quotes,4,2,562,3,miss you quotes v | miss you caption v
what miss you in hindi,5,2,562,3,what miss you | what missing you
why miss you in hindi,5,2,562,3,why miss you | why missing you
do i miss you count the stars,7,2,561,4,can i miss you | can i i miss you
how you miss me,4,2,561,4,how miss you | how missing you
i miss you no matlab,5,2,561,4,miss you without | i miss you without
is it i missed your call,6,2,561,4,is it i miss you | is it missing you
miss you caption instagram,4,2,561,4,miss you caption i | miss you caption in
miss you jiju quotes in marathi,6,2,561,4,miss you quotes j | miss you caption j
miss you nanna quotes in telugu in english,8,2,561,4,miss you quotes n | miss you caption n
miss you quotes cute,4,2,561,4,miss you quotes c | miss you caption c
miss you quotes paragraph,4,2,561,4,miss you quotes p | miss you caption p
miss you quotes who passed away,6,2,561,4,miss you quotes w | miss you caption w
miss you ramadan quotes,4,2,561,4,miss you quotes r | miss you caption r
miss you shayari in english hindi,6,2,561,4,miss you shayari i | miss you shayari in
miss you shayari two line,5,2,561,4,miss you shayari l | miss you shayari t
miss you valentine quotes,4,2,561,4,miss you quotes v | miss you caption v
miss you without i meaning,5,2,561,4,missing you without | miss u without
miss you yaar shayari in hindi,6,2,561,4,miss you y | miss you shayari y
that i miss you chords,5,2,561,4,which i miss you | who i miss you
when you miss her quotes,5,2,561,4,when miss you | when missing you
why you miss me,4,2,561,4,why miss you | why missing you
how you miss me meaning in hindi,7,2,560,5,how miss you | how missing you
i miss you free,4,2,560,5,miss you free | miss u free
i will miss you quotes for sister,7,2,560,5,can i miss you status | can i miss you caption
miss you juniors quotes,4,2,560,5,miss you quotes j | miss you caption j
miss you papa template,4,2,560,5,miss you template | missing you template
miss you quotes coworker,4,2,560,5,miss you quotes c | miss you caption c
miss you quotes death brother,5,2,560,5,miss you quotes d | miss you caption d
miss you quotes ex boyfriend,5,2,560,5,miss you quotes e | miss you caption e
miss you quotes grief,4,2,560,5,miss you quotes g | miss you caption g
miss you quotes long,4,2,560,5,miss you quotes l | miss you caption l
miss you quotes malayalam for husband,6,2,560,5,miss you quotes m | miss you caption m
miss you quotes one line hindi,6,2,560,5,miss you quotes o | miss you caption o
miss you quotes papa,4,2,560,5,miss you quotes p | miss you status p
miss you quotes pics,4,2,560,5,miss you quotes p | miss you caption p
miss you quotes with moon,5,2,560,5,miss you quotes w | miss you caption w
miss you roommate quotes short,5,2,560,5,miss you quotes r | miss you caption r
miss you shayari for love,5,2,560,5,miss you shayari f | miss you shayari for
miss you shayari in english 2 line,7,2,560,5,miss you shayari i | miss you shayari in
miss you village quotes,4,2,560,5,miss you quotes v | miss you caption v
miss you wali shayari,4,2,560,5,miss you w | miss you shayari w
miss you with love,4,2,560,5,miss you with | miss u with
miss you without words,4,2,560,5,missing you without | miss u without
miss you yrr shayari,4,2,560,5,miss you y | miss you shayari y
miss you zai1k lyrics,4,2,560,5,miss you z | missing you z
misuse,1,2,560,5,how miss u | why miss u
that i miss you song,5,2,560,5,which i miss you | who i miss you
when you miss a friend,5,2,560,5,when miss you | when missing you
who's missing you in hindi,5,2,560,5,which missing you | who missing you
why you miss me meaning in hindi,7,2,560,5,why miss you | why missing you
will i miss you,4,2,560,5,can i miss you | can i i miss you
do i miss you meaning,5,2,559,6,can i miss you | can i i miss you
how i miss you lyrics,5,2,559,6,how miss you | how i miss you
how you miss 100 shots,5,2,559,6,how miss you | how missing you
i miss you caption,4,2,559,6,i miss you c | can i miss you caption
miss u 2026,3,2,559,6,miss you 2026 | missing you 2026
miss you in spanish,4,2,559,6,miss you i | miss you in
miss you jaan quotes in english,6,2,559,6,miss you quotes j | miss you caption j
miss you kaka quotes in gujarati,6,2,559,6,miss you quotes k | miss you caption k
miss you nana quotes,4,2,559,6,miss you quotes n | miss you status n
miss you office quotes,4,2,559,6,miss you quotes o | miss you caption o
miss you papa quotes in marathi,6,2,559,6,miss you quotes p | miss you status p
miss you papa shayari 2 line,6,2,559,6,miss you p | miss you shayari p
miss you quotes cartoon,4,2,559,6,miss you quotes c | miss you caption c
miss you quotes goodreads,4,2,559,6,miss you quotes g | miss you caption g
miss you quotes heaven,4,2,559,6,miss you quotes h | miss you caption h
miss you quotes simple,4,2,559,6,miss you quotes s | miss you caption s
miss you quotes tagalog,4,2,559,6,miss you quotes t | miss you caption t
miss you quotes with flowers,5,2,559,6,miss you quotes w | miss you caption w
miss you reply quotes,4,2,559,6,miss you quotes r | miss you caption r
miss you shayari for gf,5,2,559,6,miss you shayari f | miss you shayari for
miss you status for papa,5,2,559,6,miss you status f | miss you status for
miss you status in nepali,5,2,559,6,miss you status i | miss you status in
miss you umma quotes,4,2,559,6,miss you quotes u | miss you caption u
miss you veere quotes in punjabi text,7,2,559,6,miss you quotes v | miss you caption v
miss you with me,4,2,559,6,miss you with | miss u with
missing you code,3,2,559,6,missing you c | missing you x
that i miss you in hindi,6,2,559,6,which i miss you | who i miss you
we will miss you template,5,2,559,6,miss you template | i miss you template
when you miss me meaning in hindi,7,2,559,6,when miss you | when missing you
why you miss me in spanish,6,2,559,6,why miss you | why missing you
is miss you blink 182,5,2,558,7,is it miss you | is it missing you
miss u 2026 ph,4,2,558,7,miss you 2026 | miss u 2026
miss you ajoba quotes in marathi,6,2,558,7,miss you quotes a | miss you caption a
miss you cousin quotes,4,2,558,7,miss you quotes c | miss you caption c
miss you dad template,4,2,558,7,miss you template | missing you template
miss you ex quotes,4,2,558,7,miss you quotes e | miss you caption e
miss you in numbers,4,2,558,7,miss you i | miss you in
miss you jiju quotes in english,6,2,558,7,miss you quotes j | miss you caption j
miss you kaka quotes,4,2,558,7,miss you quotes k | miss you caption k
miss you quotes hindi text,5,2,558,7,miss you quotes h | miss you caption h
miss you related quotes,4,2,558,7,miss you quotes r | miss you caption r
miss you shayari for girlfriend in hindi,7,2,558,7,miss you shayari f | miss you shayari for
miss you shayari gujarati om shanti,6,2,558,7,miss you shayari g | miss you shayari o
miss you shayari in english text,6,2,558,7,miss you shayari i | miss you shayari in
miss you status for sister,5,2,558,7,miss you status with | miss you status for
miss you uncle shayari,4,2,558,7,miss you u | miss you shayari u
miss you unique quotes,4,2,558,7,miss you quotes u | miss you caption u
miss you vadina quotes,4,2,558,7,miss you quotes v | miss you caption v
miss you with numbers,4,2,558,7,miss you with | miss u with
missing you correct sentence,4,2,558,7,missing you c | missing you x
missing you in french,4,2,558,7,missing you i | missing you in
missing you with brandy,4,2,558,7,miss you with | missing you with
that i miss you so much,6,2,558,7,which i miss you | who i miss you
will i miss you meaning in hindi,7,2,558,7,can i miss you | can i i miss you
do i miss you lyrics,5,2,557,8,can i miss you | can i i miss you
i miss you quotes short,5,2,557,8,i miss you q | can i miss you quotes
i'm missing you,3,2,557,8,how missing you | why missing you
miss you bestie quotes in hindi,6,2,557,8,miss you quotes best | miss you status best
miss you bhai template,4,2,557,8,miss you template | missing you template
miss you everyone quotes,4,2,557,8,miss you quotes e | miss you caption e
miss you free gif,4,2,557,6,miss you free | miss u free
miss you friends quotes one line,6,2,557,8,miss you quotes o | miss you caption o
miss you in french,4,2,557,8,miss you i | miss you in
miss you juniors quotes short,5,2,557,8,miss you quotes j | miss you caption j
miss you kaka quotes in english,6,2,557,8,miss you quotes k | miss you caption k
miss you maa quotes,4,2,557,8,miss you quotes m | miss you caption m
miss you papa quotes in gujarati,6,2,557,8,miss you quotes p | miss you status p
miss you papa shayari english,5,2,557,8,miss you p | miss you shayari p
miss you quotes gif,4,2,557,8,miss you quotes g | miss you caption g
miss you quotes her,4,2,557,4,miss you quotes h | miss you status h
miss you quotes husband short,5,2,557,8,miss you quotes h | miss you caption h
miss you quotes to girlfriend,5,2,557,8,miss you quotes t | miss you caption t
miss you ra quotes,4,2,557,8,miss you quotes r | miss you caption r
miss you shayari for wife in hindi,7,2,557,8,miss you shayari f | miss you shayari for
miss you shayari hindi 2 line with emoji whatsapp,9,2,557,8,miss you shayari h | miss you shayari w
miss you shayari in urdu,5,2,557,8,miss you shayari i | miss you shayari in
miss you shayari love romantic for husband,7,2,557,8,miss you shayari l | miss you shayari r
miss you status in gujarati,5,2,557,8,miss you status i | miss you status in
miss you uncle quotes in gujarati,6,2,557,8,miss you quotes u | miss you caption u
miss you vahini quotes in marathi text,7,2,557,8,miss you quotes v | miss you caption v
miss you wife quotes in marathi,6,2,557,8,miss you quotes w | miss you caption w
miss you zuchu,3,2,557,8,miss you z | missing you z
missing what's you meaning,4,2,557,8,how missing you | what missing you
missing you card,3,2,557,8,missing you c | missing you x
missing you in korean,4,2,557,8,missing you i | missing you in
that i miss you in tagalog,6,2,557,8,which i miss you | who i miss you
what you miss meaning in hindi,6,2,557,8,what miss you | what missing you
when you miss jury duty what happens,7,2,557,8,when miss you | when missing you
do i miss you meaning in hindi,7,2,556,9,can i miss you | can i i miss you
i miss you in french,5,2,556,9,i miss you i | i miss you in
is miss you by oliver tree,6,2,556,9,is it miss you | is it i miss you
miss you bestie quotes in tamil,6,2,556,9,miss you quotes best | miss you status best
miss you freestyle skrapz,4,2,556,9,missing you free | miss u free
miss you in japanese,4,2,556,9,miss you i | miss you in
miss you jaan quotes in hindi,6,2,556,9,miss you quotes j | miss you caption j
miss you khala quotes,4,2,556,9,miss you quotes k | miss you caption k
miss you maa quotes in hindi,6,2,556,9,miss you quotes m | miss you caption m
miss you nanna quotes,4,2,556,9,miss you quotes n | miss you status n
miss you papa quotes in english,6,2,556,9,miss you quotes p | miss you status p
miss you quotes for office colleagues,6,2,556,9,miss you quotes o | miss you caption o
miss you quotes grandfather,4,2,556,9,miss you quotes g | miss you caption g
miss you quotes hindi sad,5,2,556,9,miss you quotes h | miss you caption h
miss you quotes in bengali,5,2,556,9,miss you quotes i | miss you quotes in
miss you quotes in english for husband,7,2,556,6,miss you quotes e | miss you status e
miss you quotes telugu images,5,2,556,9,miss you quotes t | miss you caption t
miss you relationship quotes,4,2,556,9,miss you quotes r | miss you caption r
miss you shayari for best friend,6,2,556,9,miss you shayari f | miss you shayari for
miss you shayari in hindi 2 line,7,2,556,9,miss you shayari i | miss you shayari in
miss you shayari my wife,5,2,556,9,miss you shayari m | miss you shayari w
miss you status for father,5,2,556,9,miss you status with | miss you status for
miss you uncle quotes short,5,2,556,9,miss you quotes u | miss you caption u
miss you vacation quotes,4,2,556,9,miss you quotes v | miss you caption v
miss you wife quotes in hindi,6,2,556,9,miss you quotes w | miss you caption w
missing you chords,3,2,556,9,missing you c | missing you x
missing you in japanese,4,2,556,9,missing you i | missing you in
that i miss you meaning in urdu,7,2,556,9,which i miss you | who i miss you
what you miss me meaning in hindi,7,2,556,9,what miss you | what missing you
when you miss someone what to do,7,2,556,9,when miss you | when missing you
i miss you in numbers,5,2,555,10,i miss you i | i miss you in
i miss you short form,5,2,555,10,i miss you s | i miss you template
is miss you after goodbye a movie,7,2,555,10,is it miss you | is it i miss you
miss u hubby status for whatsapp,6,2,555,6,miss you status h | miss u h
miss u in kannada meaning,5,2,555,10,miss u i | miss u in
miss u jaan quotes,4,2,555,10,miss you status j | miss u j
miss you bestie quotes for instagram,6,2,555,10,miss you quotes best | miss you status best
miss you card online,4,2,555,9,miss you online | missing you online
miss you dad quotes from daughter,6,2,555,5,miss you quotes d | miss you status d
miss you dad quotes one line,6,2,555,10,miss you quotes o | miss you caption o
miss you husband quotes in english,6,2,555,10,miss you h | miss you quotes h
miss you in other languages,5,2,555,10,miss you i | miss you in
miss you jiju quotes in marathi text,7,2,555,10,miss you quotes j | miss you caption j
miss you kids quotes short,5,2,555,10,miss you quotes k | miss you caption k
miss you nan quotes,4,2,555,10,miss you quotes n | miss you status n
miss you papa quotes english,5,2,555,7,miss you quotes e | miss you status e
miss you quotes arabic,4,2,555,10,miss you status a | miss you caption a
miss you quotes for girlfriend,5,2,555,10,miss you quotes f | miss you quotes for
miss you quotes in urdu,5,2,555,10,miss you quotes i | miss you quotes in
miss you quotes tamil for husband,6,2,555,10,miss you quotes t | miss you caption t
miss you quotes to sister,5,2,555,6,miss you quotes t | miss you status t
miss you retirement quotes,4,2,555,10,miss you quotes r | miss you caption r
miss you shayari 2 line,5,2,555,10,miss you shayari | miss you shayari 
miss you shayari for boyfriend,5,2,555,10,miss you shayari f | miss you shayari for
miss you shayari hindi 2 line best friend,8,2,555,10,miss you shayari h | miss you shayari best
miss you shayari in hindi for girl,7,2,555,10,miss you shayari i | miss you shayari in
miss you sister quotes in marathi,6,2,555,3,miss you quotes s | miss you status s
miss you uncle quotes in tamil,6,2,555,10,miss you quotes u | miss you caption u
miss you veere quotes,4,2,555,10,miss you quotes v | miss you caption v
miss you wife quotes short,5,2,555,10,miss you quotes w | miss you caption w
miss you zubeen garg,4,2,555,10,miss you z | missing you z
missing you code word,4,2,555,10,missing you c | missing you x
missing you in other words,5,2,555,10,missing you i | missing you in
shall i miss you,4,2,555,10,can i miss you | can i i miss you
that i miss you meaning,5,2,555,10,which i miss you | who i miss you
that you miss me meaning in hindi,7,2,555,3,which miss you | which missing you
when im missing you quotes,5,2,555,6,when miss you quotes | is it miss you quotes
who you miss meaning in kannada,6,2,555,10,who miss you | who missing you
how i miss you song,5,2,554,11,how miss you | how missing you
i miss you in bengali,5,2,554,11,i miss you i | i miss you in
is miss your warm hands,5,2,554,11,is it miss you | is it i miss you
miss you appa quotes in marathi,6,2,554,11,miss you quotes app | miss you caption app
miss you bestie quotes in urdu,6,2,554,11,miss you quotes best | miss you status best
miss you in malayalam,4,2,554,11,miss you i | miss you in
miss you kolkata quotes,4,2,554,11,miss you quotes k | miss you caption k
miss you mom template,4,2,554,11,miss you template | missing you template
miss you papa quotes in marathi from daughter,8,2,554,11,miss you quotes p | miss you status p
miss you shayari for boyfriend in hindi,7,2,554,11,miss you shayari f | miss you shayari for
miss you shayari in roman english,6,2,554,11,miss you shayari i | miss you shayari in
miss you uncle quotes in english short,7,2,554,11,miss you quotes u | miss you caption u
missing you crazy,3,2,554,11,missing you c | missing you x
missing you in telugu,4,2,554,11,missing you i | missing you in
that i miss you in spanish,6,2,554,11,which i miss you | who i miss you
that you miss me,4,2,554,4,which miss you | which missing you
what you miss about a man,6,2,554,11,what miss you | what missing you
when you miss me in spanish,6,2,554,11,when miss you | when missing you
will i miss you meaning in urdu,7,2,554,11,can i miss you | can i i miss you
do i miss you too,5,2,553,12,can i miss you | can i i miss you
i miss you in german,5,2,553,12,i miss you i | i miss you in
is miss you im sorry lyrics,6,2,553,12,is it miss you | is it i miss you
miss u in german language,5,2,553,12,miss u i | miss u in
miss you appa quotes in tamil in english,8,2,553,12,miss you quotes app | miss you caption app
miss you bestie quotes funny,5,2,553,12,miss you quotes best | miss you status best
miss you bestie shayari,4,2,553,12,miss you best | missing you best
miss you brother quotes in marathi,6,2,553,12,miss you quotes b | miss you status b
miss you card template free,5,2,553,12,miss you template | missing you template
miss you for friend,4,2,553,12,miss you for | miss u for
miss you grandfather quotes in marathi,6,2,553,7,miss you quotes g | miss you status g
miss you in telugu,4,2,553,12,miss you i | miss you in
miss you kashmir quotes,4,2,553,12,miss you quotes k | miss you caption k
miss you like quotes,4,2,553,12,miss you quotes l | miss you status l
miss you papa quotes in marathi from son,8,2,553,12,miss you quotes p | miss you status p
miss you quotes for boyfriend,5,2,553,12,miss you quotes f | miss you quotes for
miss you quotes in gujarati,5,2,553,12,miss you caption i | miss you caption in
miss you quotes in one line,6,2,553,12,miss you quotes i | miss you quotes in
miss you rain quotes,4,2,553,12,miss you quotes r | miss you caption r
miss you shayari for long distance relationship,7,2,553,12,miss you shayari f | miss you shayari for
miss you shayari instagram,4,2,553,12,miss you shayari i | miss you shayari in
miss you uppa quotes,4,2,553,12,miss you quotes u | miss you caption u
miss you your smile,4,2,553,12,missing you y | miss u y
miss you zubeen the,4,2,553,12,miss you z | missing you z
missing you couple gif,4,2,553,12,missing you c | missing you x
missing you in urdu,4,2,553,12,missing you i | missing you in
that you miss me in spanish,6,2,553,5,which miss you | which missing you
what you miss in tagalog,5,2,553,12,what miss you | what missing you
when you miss mom,4,2,553,12,when miss you | when missing you
which miss universe contestants walk out,6,2,553,12,what miss u | which miss u
why i miss you song,5,2,553,12,why miss you | why i miss you
i miss you in marathi,5,2,552,13,i miss you i | i miss you in
i miss you zindagi,4,2,552,13,miss you z | i miss you z
is miss you love,4,2,552,13,is it miss you | is it i miss you
miss u quotes bestie,4,2,552,13,miss you quotes best | miss you status best
miss you appa quotes in tamil for daughter,8,2,552,13,miss you quotes app | miss you caption app
miss you free fire nickname,5,2,552,13,missing you free | miss u free
miss you husband quotes urdu,5,2,552,4,miss you quotes u | miss you status u
miss you in korean language,5,2,552,13,miss you i | miss you in
miss you nephew quotes,4,2,552,13,miss you quotes n | miss you status n
miss you papa shayari 2 line english,7,2,552,13,miss you p | miss you shayari p
miss you quotes for love short,6,2,552,13,miss you quotes f | miss you quotes for
miss you quotes in hindi text,6,2,552,13,miss you quotes i | miss you quotes in
miss you quotes in telugu text,6,2,552,13,miss you caption i | miss you caption in
miss you shayari for girlfriend,5,2,552,13,miss you shayari f | miss you shayari for
miss you shayari hindi 2 line urdu,7,2,552,13,miss you shayari h | miss you shayari u
miss you shayari in bangla,5,2,552,13,miss you shayari i | miss you shayari in
missing you 2016 online watch,5,2,552,12,miss you online | missing you online
missing you cat,3,2,552,13,missing you c | missing you x
missing you in bengali,4,2,552,13,missing you i | missing you in
when you miss bro,4,2,552,13,when miss you | when missing you
when you miss friends quotes,5,2,552,9,when miss you | when miss you quotes
miss quote meaning,3,2,551,4,miss you quotes q | miss you quotes z
miss u in numbers,4,2,551,14,miss u i | miss u in
miss you in other words,5,2,551,14,miss you i | miss you in
miss you quotes for long distance relationship,7,2,551,14,miss you quotes f | miss you quotes for
miss you quotes in tamil text,6,2,551,14,miss you caption i | miss you caption in
miss you quotes instagram,4,2,551,14,miss you quotes i | miss you quotes in
miss you quotes to him,5,2,551,10,miss you status t | miss you caption t
miss you shayari in marathi,5,2,551,14,miss you shayari i | miss you shayari in
missing you chinese movie,4,2,551,14,missing you c | missing you x
zantiis miss you 2026,4,2,551,14,miss you 2026 | missing you 2026
miss you caption for wife,5,2,550,15,miss you caption f | miss you caption for
miss you day 2026,4,2,550,15,miss you 2026 | missing you 2026
miss you free fire name style,6,2,550,15,missing you free | miss u free
miss you shayari in punjabi text,6,2,550,15,miss you shayari i | miss you shayari in
missing someone quotes in english,5,2,550,5,miss you quotes z | miss you status u
missing you cast korean,4,2,550,15,missing you c | missing you x
when i miss u quotes,5,2,550,11,when miss you quotes | when miss you caption
which miss universe won 2025,5,2,550,15,what miss u | which miss u
मिस यू शायरी फॉर हस्बैंड,5,2,550,15,miss you shayari f | miss you shayari for
miss u uncle,3,1,1252,1,miss u u
missing you best friend quotes,5,1,1252,1,missing you best
i miss you lot meaning in kannada,7,1,1251,1,i miss you l
i miss you reply,4,1,1251,1,i miss you r
i miss you very much meaning in hindi,8,1,1251,1,i miss you v
i miss you xxl,4,1,1251,1,i miss you x
miss u hubby quotes,4,1,1251,1,miss u h
miss u kannada meaning,4,1,1251,1,miss u k
miss u too,3,1,1251,1,miss u t
miss u uncle after death,5,1,1251,2,miss u u
miss u wife,3,1,1251,1,miss u w
miss you appa kannada,4,1,1251,4,miss you app
miss you friends,3,1,1251,1,miss you f
miss you husband,3,1,1251,1,miss you h
miss you lot,3,1,1251,2,miss you l
missing you badly,3,1,1251,1,missing you b
missing you best friend,4,1,1251,2,missing you best
missing you ott,3,1,1251,1,missing you o
missing you papa,3,1,1251,1,missing you p
missing you review,3,1,1251,1,missing you r
what i miss you for the rest of my life lyrics,11,1,1251,1,what i miss you
which miss universe has the highest score,7,1,1251,1,which miss u
how miss universe is selected,5,1,1250,1,how miss u
i miss you best friend,5,1,1250,2,i miss you best
i miss you code,4,1,1250,1,i miss you c
i miss you emoji,4,1,1250,1,i miss you e
i miss you free fire name,6,1,1250,1,i miss you free
i miss you friend,4,1,1250,1,i miss you f
i miss you hindi,4,1,1250,1,i miss you h
i miss you jaan,4,1,1250,1,i miss you j
i miss you lot,4,1,1250,2,i miss you l
i miss you number,4,1,1250,1,i miss you n
i miss you or i missed you,7,1,1250,1,i miss you o
i miss you ringtone,4,1,1250,2,i miss you r
i miss you too,4,1,1250,1,i miss you t
i miss you very much,5,1,1250,2,i miss you v
i miss you wallpaper,4,1,1250,1,i miss you w
i miss you with emoji,5,1,1250,1,i miss you with
i miss you xxxtentacion,4,1,1250,2,i miss you x
i miss you yaar,4,1,1250,1,i miss you y
is it i miss you or i missed you,9,1,1250,1,is it i miss you
miss u caption,3,1,1250,1,miss u c
miss u husband,3,1,1250,2,miss u h
miss u jaan,3,1,1250,1,miss u j
miss u ka reply,4,1,1250,2,miss u k
miss u opposite word,4,1,1250,1,miss u o
miss u reply,3,1,1250,1,miss u r
miss u thoughts,3,1,1250,2,miss u t
miss u uncle quotes,4,1,1250,3,miss u u
miss u wallpaper,3,1,1250,2,miss u w
miss u yaar,3,1,1250,1,miss u y
miss universe hsr,3,1,1250,1,miss u
miss you dad,3,1,1250,1,miss you d
miss you guys,3,1,1250,1,miss you g
miss you husband quotes,4,1,1250,2,miss you h
miss you jaan,3,1,1250,1,miss you j
miss you kannada meaning,4,1,1250,1,miss you k
miss you love you,4,1,1250,3,miss you l
miss you oliver tree,4,1,1250,1,miss you o
miss you reply,3,1,1250,1,miss you r
miss you status caption,4,1,1250,1,miss you status c
miss you status english,4,1,1250,1,miss you status e
miss you status hindi,4,1,1250,1,miss you status h
miss you too,3,1,1250,1,miss you t
miss you uncle,3,1,1250,1,miss you u
miss you with emoji,4,1,1250,1,miss you with
miss you yaar,3,1,1250,1,miss you y
missing you badly meaning,4,1,1250,2,missing you b
missing you bestie,3,1,1250,3,missing you best
missing you emoji,3,1,1250,1,missing you e
missing you freestyle,3,1,1250,1,missing you free
missing you or miss you,5,1,1250,2,missing you o
missing you papa quotes,4,1,1250,2,missing you p
missing you reply,3,1,1250,2,missing you r
missing you so much,4,1,1250,1,missing you s
missing you uncle quotes,4,1,1250,1,missing you u
missing you very badly,4,1,1250,1,missing you v
missing you web series,4,1,1250,1,missing you w
missing you yaar meaning in hindi,6,1,1250,1,missing you y
missing you zhang ruonan,4,1,1250,1,missing you z
what i miss you for the rest of my life,10,1,1250,2,what i miss you
what miss universe get after winning,6,1,1250,1,what miss u
which miss universe is most beautiful,6,1,1250,2,which miss u
i miss you so much meaning in kannada,8,1,1201,1,i miss you s
missing you drama,3,1,1201,1,missing you d
i miss you kannada meaning,5,1,1200,1,i miss you k
missing you dad quotes,4,1,1200,2,missing you d
missing you lot meaning in kannada,6,1,1200,1,missing you l
i miss you google,4,1,1151,1,i miss you g
miss you wife,3,1,1151,1,miss you w
missing you freestyle lyrics,4,1,1151,2,missing you free
missing you kannada meaning,4,1,1151,2,missing you k
i miss you gif,4,1,1150,2,i miss you g
i miss you very badly,5,1,1150,3,i miss you v
miss u code word,4,1,1150,2,miss u c
miss you wallpaper,3,1,1150,2,miss you w
missing you free images,4,1,1150,3,missing you free
who miss universe 2025,4,1,1102,1,who miss u
who miss universe 2026,4,1,1101,2,who miss u
i miss you code number,5,1,1100,2,i miss you c
i miss you dad,4,1,1100,1,i miss you d
i miss you or i am missing you,8,1,1100,2,i miss you o
miss you ringtone,3,1,1100,2,miss you r
missing you on your birthday,5,1,1100,3,missing you o
missing you online watch,4,1,1100,1,missing you online
who miss universe india 2025,5,1,1100,3,who miss u
miss u guys,3,1,1052,1,miss u g
miss u gif,3,1,1051,2,miss u g
missing you very badly meaning in hindi,7,1,1051,2,missing you v
i miss you zhang jingyi,5,1,1050,1,i miss you z
miss u grandmother,3,1,1050,3,miss u g
miss u papa quotes,4,1,1050,2,miss u p
miss universe,2,1,1050,2,miss u
miss you kannada,3,1,1050,2,miss you k
missing you very much,4,1,1050,3,missing you v
miss u lot,3,1,1001,2,miss u l
i miss you everyday,4,1,1000,2,i miss you e
i miss you xxl meaning,5,1,1000,3,i miss you x
miss u dad,3,1,1000,2,miss u d
miss u friend,3,1,1000,2,miss u f
miss u grandpa quotes,4,1,1000,4,miss u g
miss u images,3,1,1000,4,miss u i
miss universe hsr layout,4,1,1000,3,miss u
miss you appa kavana in kannada,6,1,1000,6,miss you app
missing you reply in english,5,1,1000,3,missing you r
missing you too meaning in hindi,6,1,952,1,missing you t
missing you every second,4,1,951,2,missing you e
missing you too,3,1,951,2,missing you t
i miss you ka matlab,5,1,950,2,i miss you k
miss u ringtone download,4,1,950,2,miss u r
miss you wishes,3,1,950,3,miss you w
missing you dad,3,1,950,3,missing you d
missing you ending,3,1,950,3,missing you e
missing you thoughts,3,1,950,3,missing you t
missing you wallpaper,3,1,950,2,missing you w
when miss universe 2026 will be held,7,1,950,1,when miss u
which miss universe lost her title,6,1,950,3,which miss u
miss u or missing u,5,1,902,2,miss u o
miss you very much meaning in hindi,7,1,902,1,miss you v
miss u oliver tree,4,1,901,3,miss u o
miss u very much,4,1,901,1,miss u v
miss universe 2026,3,1,901,4,miss u
miss you video,3,1,901,2,miss you v
missing you quotes in kannada,5,1,901,2,missing you q
i miss you appa quotes kannada short from daughter,9,1,900,6,i miss you app
miss u other words,4,1,900,4,miss u o
miss u shayari,3,1,900,1,miss u s
miss u very badly,4,1,900,2,miss u v
miss universe from india,4,1,900,5,miss u
miss you caption english,4,1,900,1,miss you caption e
miss you jaan shayari,4,1,900,2,miss you j
miss you very badly,4,1,900,3,miss you v
missing you dad quotes from daughter,6,1,900,4,missing you d
missing you quotes for her,5,1,900,3,missing you q
i miss you hindi meaning,5,1,851,2,i miss you h
miss u wife quotes,4,1,851,3,miss u w
i miss you husband,4,1,850,3,i miss you h
i miss you number code,5,1,850,2,i miss you n
i miss you very badly meaning,6,1,850,4,i miss you v
miss u best friend quotes,5,1,850,3,miss u best
miss u nani,3,1,850,1,miss u n
miss u uncle after death quotes,6,1,850,4,miss u u
miss u wife shayari,4,1,850,4,miss u w
miss you best friend,4,1,850,4,miss you best
miss you brother quotes,4,1,850,1,miss you b
missing you a lot,4,1,850,2,missing you a
missing you where to watch,5,1,850,3,missing you w
i miss you yaar meaning in hindi,7,1,802,2,i miss you y
i miss you yaar in hindi,6,1,801,3,i miss you y
i miss you copy and paste,6,1,800,3,i miss you c
i miss you friend quotes,5,1,800,4,i miss you f
i miss you opposite word,5,1,800,3,i miss you o
i miss you your voice,5,1,800,4,i miss you y
miss u quotes in kannada,5,1,800,2,miss u q
miss you with all my heart,6,1,800,2,miss you with
missing you appa,3,1,800,1,missing you app
i miss you uncle,4,1,753,1,i miss you u
i miss you urdu,4,1,752,2,i miss you u
miss u forever meaning,4,1,752,3,miss u for
miss you oliver tree lyrics,5,1,752,2,miss you o
missing you guys meaning in hindi,6,1,752,1,missing you g
i miss you urdu meaning,5,1,751,3,i miss you u
miss u for husband,4,1,751,4,miss u for
miss you opposite word,4,1,751,3,miss you o
missing you gif,3,1,751,2,missing you g
i miss you uncle rip,5,1,750,4,i miss you u
i miss you xxl lyrics,5,1,750,4,i miss you x
miss u best friend,4,1,750,4,miss u best
miss you or missing you,5,1,750,4,miss you o
miss you urdu,3,1,750,3,miss you u
missing you guys,3,1,750,3,missing you g
missing you lot meaning in hindi,6,1,750,2,missing you l
missing you jaan meaning in hindi,6,1,702,1,missing you j
missing you john waite,4,1,701,2,missing you j
i miss you appa quotes kannada short funny,8,1,700,7,i miss you app
i miss you dad i am very broken song lyrics,10,1,700,2,i miss you d
miss u quotes in english,5,1,700,3,miss u q
miss u uncle quotes in english,6,1,700,5,miss u u
miss you film,3,1,700,3,miss you f
miss you guys meaning in kannada,6,1,700,2,miss you g
miss you too meaning in kannada,6,1,700,2,miss you t
miss you wife quotes,4,1,700,4,miss you w
missing you jaan,3,1,700,3,missing you j
missing you ka matlab,4,1,700,4,missing you k
missing you netflix review,4,1,700,2,missing you n
missing you quotes for him,5,1,700,4,missing you q
missing you ringtone download,4,1,700,4,missing you r
i miss you a lot,5,1,653,2,i miss you a
i miss you lot meaning in hindi,7,1,651,3,i miss you l
miss u nana,3,1,651,2,miss u n
i miss you lyrics,4,1,650,4,i miss you l
miss u bhai,3,1,650,2,miss u b
miss u dad images,4,1,650,3,miss u d
miss u for love,4,1,650,6,miss u for
miss u jaan shayari,4,1,650,2,miss u j
miss u nani quotes,4,1,650,3,miss u n
miss you rolling stones,4,1,650,3,miss you r
missing you images,3,1,650,6,missing you i
missing you on your birthday quotes death,7,1,650,4,missing you o
missing you hindi meaning,4,1,604,2,missing you h
missing you lot,3,1,604,3,missing you l
miss u urdu poetry,4,1,603,6,miss u u
miss you friends quotes in kannada,6,1,603,4,miss you f
missing you daddy,3,1,603,5,missing you d
missing you harlan coben,4,1,603,3,missing you h
missing you lyrics,3,1,603,4,missing you l
when i miss you i see moon,7,1,603,1,when i miss you
i miss you all,4,1,602,6,i miss you a
i miss you wife,4,1,602,2,i miss you w
miss u uncle after death in english,7,1,602,7,miss u u
miss universe 2025,3,1,602,6,miss u
miss you appa lines kannada,5,1,602,7,miss you app
miss you caption bangla,4,1,602,1,miss you caption b
miss you card,3,1,602,2,miss you c
miss you father,3,1,602,5,miss you f
miss you guys meaning,4,1,602,3,miss you g
miss you return reply,4,1,602,4,miss you r
miss you shayari papa,4,1,602,1,miss you shayari p
miss you watch,3,1,602,5,miss you w
miss you yaar meaning in hindi,6,1,602,2,miss you y
missing you dad in heaven,5,1,602,6,missing you d
missing you husband,3,1,602,4,missing you h
missing you like crazy chinese drama,6,1,602,5,missing you l
when miss universe started,4,1,602,2,when miss u
can i use miss for a married woman,8,1,601,1,can i miss u
darling i miss you 2026,5,1,601,1,i miss you 2026
how i miss you foo fighters,6,1,601,2,how i miss you
how miss universe india is selected,6,1,601,2,how miss u
how much i miss you caption,6,1,601,1,how miss you caption
i miss you always meaning in hindi,7,1,601,7,i miss you a
i miss you appa images,5,1,601,8,i miss you app
i miss you baby,4,1,601,1,i miss you b
i miss you bestie in hindi,6,1,601,3,i miss you best
i miss you card,4,1,601,4,i miss you c
i miss you dad i am very broken,8,1,601,3,i miss you d
i miss you english,4,1,601,3,i miss you e
i miss you free images,5,1,601,2,i miss you free
i miss you guys,4,1,601,3,i miss you g
i miss you him meaning in hindi,7,1,601,4,i miss you h
i miss you jaan meaning in hindi,7,1,601,2,i miss you j
i miss you ka hindi,5,1,601,3,i miss you k
i miss you love,4,1,601,5,i miss you l
i miss you make,4,1,601,1,i miss you maker
i miss you nana,4,1,601,3,i miss you n
i miss you old memories in hindi,7,1,601,4,i miss you o
i miss you photo,4,1,601,2,i miss you p
i miss you really,4,1,601,3,i miss you r
i miss you so much meaning in hindi,8,1,601,3,i miss you s
i miss you too meaning in hindi,7,1,601,2,i miss you t
i miss you until we meet again,7,1,601,5,i miss you u
i miss you very much in hindi,7,1,601,5,i miss you v
i miss you wallpaper 4k,5,1,601,3,i miss you w
i miss you with all my heart,7,1,601,4,i miss you with
i miss you xxl artinya,5,1,601,5,i miss you x
i miss you yaar shayari,5,1,601,5,i miss you y
i miss you zubeen da,5,1,601,2,i miss you z
i will miss you caption,5,1,601,1,can i miss you caption
is it i miss you too or to,8,1,601,2,is it i miss you
miss u 2 meaning,4,1,601,1,miss u 2027
miss u appa caption,4,1,601,7,miss u app
miss u best friend shayari,5,1,601,5,miss u best
miss u brother,3,1,601,4,miss u b
miss u caption for husband,5,1,601,3,miss u c
miss u dadi,3,1,601,4,miss u d
miss u everyone meaning in hindi,6,1,601,2,miss u e
miss u forever aa records,5,1,601,7,miss u for
miss u guys meaning,4,1,601,5,miss u g
miss u hindi meaning,4,1,601,3,miss u h
miss u jigri yaar shayari,5,1,601,3,miss u j
miss u ka matlab,4,1,601,3,miss u k
miss u lots meaning,4,1,601,4,miss u l
miss u meaning in hindi,5,1,601,2,miss u m
miss u name style,4,1,601,4,miss u n
miss u or missed you,5,1,601,5,miss u o
miss u papa status,4,1,601,3,miss u p
miss u ra,3,1,601,3,miss u r
miss u so much meaning in hindi,7,1,601,2,miss u s
miss u too meaning in hindi,6,1,601,3,miss u t
miss u until we meet again,6,1,601,8,miss u u
miss u video,3,1,601,3,miss u v
miss u wife status,4,1,601,5,miss u w
miss u with emoji,4,1,601,1,miss u with
miss u your voice,4,1,601,2,miss u y
miss u zubeen da,4,1,601,1,miss u z
miss universe india 2026,4,1,601,7,miss u
miss you aai caption in marathi,6,1,601,1,miss you caption a
miss you aai status in marathi,6,1,601,1,miss you status a
miss you all,3,1,601,3,miss you a
miss you best friend shayari,5,1,601,5,miss you best
miss you bhai,3,1,601,2,miss you b
miss you caption copy,4,1,601,1,miss you caption c
miss you caption english short,5,1,601,2,miss you caption e
miss you caption hindi,4,1,601,1,miss you caption h
miss you caption love,4,1,601,1,miss you caption l
miss you caption marathi,4,1,601,1,miss you caption m
miss you caption one word,5,1,601,1,miss you caption o
miss you caption tamil,4,1,601,1,miss you caption t
miss you caption with emoji,5,1,601,1,miss you caption w
miss you code,3,1,601,3,miss you c
miss you dad caption,4,1,601,1,miss you caption d
miss you dost,3,1,601,3,miss you d
miss you emoji copy and paste,6,1,601,2,miss you e
miss you gif,3,1,601,4,miss you g
miss you guys caption,4,1,601,1,miss you caption g
miss you hindi meaning,4,1,601,3,miss you h
miss you jaan caption,4,1,601,1,miss you caption j
miss you jaan status,4,1,601,1,miss you status j
miss you janu,3,1,601,3,miss you j
miss you ka matlab,4,1,601,3,miss you k
miss you lot meaning in hindi,6,1,601,4,miss you l
miss you meaning in hindi,5,1,601,3,miss you m
miss you meme template,4,1,601,2,miss you template
miss you nana status,4,1,601,1,miss you status n
miss you nani,3,1,601,1,miss you n
miss you niece caption,4,1,601,1,miss you caption n
miss you old days meaning in hindi,7,1,601,5,miss you o
miss you online shopping app,5,1,601,2,miss you online
miss you papa shayari,4,1,601,2,miss you p
miss you papa status video,5,1,601,3,miss you status v
miss you quotes after break up,6,1,601,3,miss you quotes a
miss you quotes boyfriend,4,1,601,2,miss you quotes b
miss you quotes quotes,4,1,601,1,miss you quotes q
miss you ringtone download,4,1,601,5,miss you r
miss you shayari attitude,4,1,601,1,miss you shayari a
miss you shayari bhai,4,1,601,1,miss you shayari b
miss you shayari copy,4,1,601,1,miss you shayari c
miss you shayari dosti,4,1,601,1,miss you shayari d
miss you shayari english,4,1,601,1,miss you shayari e
miss you shayari gujarati 2 line,6,1,601,1,miss you shayari g
miss you shayari jaun elia,5,1,601,1,miss you shayari j
miss you shayari kannada,4,1,601,1,miss you shayari k
miss you shayari marathi,4,1,601,1,miss you shayari m
miss you shayari nepali,4,1,601,1,miss you shayari n
miss you shayari odia,4,1,601,1,miss you shayari o
miss you shayari punjabi,4,1,601,2,miss you shayari p
miss you shayari quotes,4,1,601,1,miss you shayari q
miss you shayari rip,4,1,601,1,miss you shayari r
miss you shayari sad,4,1,601,1,miss you shayari s
miss you shayari wife in hindi,6,1,601,1,miss you shayari w
miss you shayari yaar,4,1,601,1,miss you shayari y
miss you so much meaning in kannada,7,1,601,2,miss you s
miss you status download video,5,1,601,1,miss you status d
miss you status gujarati,4,1,601,1,miss you status g
miss you status marathi,4,1,601,1,miss you status m
miss you status tamil,4,1,601,2,miss you status t
miss you too meaning in hindi,6,1,601,3,miss you t
miss you until we meet again,6,1,601,4,miss you u
miss you vaiya caption,4,1,601,1,miss you caption v
miss you very much,4,1,601,4,miss you v
miss you village shayari,4,1,601,1,miss you shayari v
miss you wala emoji,4,1,601,6,miss you w
miss you xoxo meaning,4,1,601,1,miss you x
miss you yaaro,3,1,601,3,miss you y
miss you zindagi in hindi,5,1,601,3,miss you z
missing you all meaning in hindi,6,1,601,3,missing you a
missing you appa quotes,4,1,601,2,missing you app
missing you at xmas quotes,5,1,601,1,miss you quotes x
missing you badly meaning in hindi,6,1,601,3,missing you b
missing you best reply,4,1,601,4,missing you best
missing you deeply meaning,4,1,601,7,missing you d
missing you every time meaning in hindi,7,1,601,4,missing you e
missing you for best friend quotes,6,1,601,4,missing you for
missing you free download,4,1,601,4,missing you free
missing you guys meaning,4,1,601,4,missing you g
missing you hindi,3,1,601,5,missing you h
missing you images with quotes free,6,1,601,1,miss you quotes free
missing you john waite chords,5,1,601,4,missing you j
missing you ka hindi,4,1,601,5,missing you k
missing you little extra today,5,1,601,6,missing you l
missing you netflix series,4,1,601,3,missing you n
missing you other words,4,1,601,5,missing you o
missing you papa meaning in hindi,6,1,601,3,missing you p
missing you quotes for sister,5,1,601,5,missing you q
missing you rating,3,1,601,5,missing you r
missing you so much meaning in hindi,7,1,601,2,missing you s
missing you too much meaning in hindi,7,1,601,4,missing you t
missing you ukulele chords,4,1,601,2,missing you u
missing you very badly meaning in telugu,7,1,601,4,missing you v
missing you with every breath i take,7,1,601,2,missing you with
missing you yfn lucci,4,1,601,2,missing you y
missing you zach templar,4,1,601,2,missing you z
that i miss you,4,1,601,1,which i miss you
what i miss you lyrics,5,1,601,3,what i miss you
what miss universe,3,1,601,2,what miss u
what miss you ain't pass you,6,1,601,1,what miss you
what's missing you about,4,1,601,1,what missing you
when i miss you i see your photo,8,1,601,3,when i miss you
when it's miss universe,4,1,601,1,is it miss u
when miss universe 2026,4,1,601,3,when miss u
when missing your period,4,1,601,1,when missing you
when you miss someone quotes,5,1,601,1,when miss you
which miss universe was dethroned,5,1,601,4,which miss u
which miss you,3,1,601,1,which missing you
who i miss you meaning in hindi,7,1,601,1,who i miss you
who miss universe,3,1,601,4,who miss u
who miss you meaning in hindi,6,1,601,1,who miss you
why miss universe russia dethroned,5,1,601,1,why miss u
will miss you caption,4,1,601,1,is it miss you caption
will miss you quotes,4,1,601,1,is it miss you quotes
zubeen garg miss you caption,5,1,601,1,miss you caption z
मिस यू का शायरी,4,1,601,1,miss you shayari x
मिस यू माँ शायरी,4,1,601,1,miss you shayari maker
can i skip uncharted 1,5,1,600,2,can i miss u
caption when you miss your friends,6,1,600,2,miss you caption y
how i miss you in spanish,6,1,600,3,how i miss you
how miss universe 2025,4,1,600,3,how miss u
http://miss.you.shayari.photo,1,1,600,3,miss you shayari p
i miss how you make me feel,7,1,600,2,i miss you maker
i miss you all meaning in hindi,7,1,600,8,i miss you a
i miss you appa in tamil,6,1,600,9,i miss you app
i miss you best friend message,6,1,600,4,i miss you best
i miss you bhai,4,1,600,2,i miss you b
i miss you come here,5,1,600,5,i miss you c
i miss you dadi,4,1,600,4,i miss you d
i miss you every time,5,1,600,4,i miss you e
i miss you father,4,1,600,6,i miss you f
i miss you free fire,5,1,600,3,i miss you free
i miss you greeting card,5,1,600,4,i miss you g
i miss you husband quotes,5,1,600,5,i miss you h
i miss you jaan photo,5,1,600,3,i miss you j
i miss you ka reply kya de,7,1,600,4,i miss you k
i miss you lots of love meaning in hindi,9,1,600,6,i miss you l
i miss you meme template,5,1,600,2,i miss you template
i miss you name,4,1,600,4,i miss you n
i miss you other words,5,1,600,5,i miss you o
i miss you papa in hindi,6,1,600,3,i miss you p
i miss you quotes for him,6,1,600,4,i miss you q
i miss you quotes for your boyfriend,7,1,600,2,miss you quotes y
i miss you ringtone download,5,1,600,4,i miss you r
i miss you song,4,1,600,4,i miss you s
i miss you song 2026,5,1,600,2,i miss you 2026
i miss you too meaning in kannada,7,1,600,3,i miss you t
i miss you uncle quotes,5,1,600,6,i miss you u
i miss you voice,4,1,600,6,i miss you v
i miss you watch online,5,1,600,2,i miss you online
i miss you website,4,1,600,4,i miss you w
i miss you with lyrics,5,1,600,5,i miss you with
i miss you x100,4,1,600,6,i miss you x
i miss you you miss me,6,1,600,6,i miss you y
i miss you zuchu,4,1,600,3,i miss you z
is it i miss you to or too,8,1,600,3,is it i miss you
miss u amma quotes,4,1,600,5,miss u a
miss u appa tattoo,4,1,600,8,miss u app
miss u bestie caption,4,1,600,6,miss u best
miss u code,3,1,600,4,miss u c
miss u dear,3,1,600,5,miss u d
miss u english,3,1,600,3,miss u e
miss u for women,4,1,600,8,miss u for
miss u friends caption,4,1,600,4,miss u f
miss u grandmother quotes,4,1,600,6,miss u g
miss u henry moodie,4,1,600,4,miss u h
miss u janu,3,1,600,4,miss u j
miss u ka emoji,4,1,600,4,miss u k
miss u lots meaning in hindi,6,1,600,5,miss u l
miss u maa,3,1,600,3,miss u m
miss u meme template,4,1,600,2,miss u template
miss u nana ji,4,1,600,5,miss u n
miss u oliver tree lyrics,5,1,600,6,miss u o
miss u papa quotes in hindi,6,1,600,4,miss u p
miss u quotes in hindi,5,1,600,5,miss u q
miss u ra meaning in telugu,6,1,600,4,miss u r
miss u so much,4,1,600,3,miss u s
miss u too in korean,5,1,600,4,miss u t
miss u unud,3,1,600,9,miss u u
miss u veere punjabi status,5,1,600,4,miss u v
miss u words,3,1,600,6,miss u w
miss u yr,3,1,600,3,miss u y
miss u zain,3,1,600,2,miss u z
miss universe india 2025,4,1,600,8,miss u
miss you a lot,4,1,600,4,miss you a
miss you aaji caption in marathi,6,1,600,2,miss you caption a
miss you abbu status,4,1,600,2,miss you status a
miss you already ending,4,1,600,2,miss you 2027
miss you appa captions for instagram,6,1,600,2,miss you caption app
miss you appa kannada meaning,5,1,600,9,miss you app
miss you appa status tamil,5,1,600,2,miss you status app
miss you bua ji status in hindi,7,1,600,2,miss you status j
miss you captain rohit sharma,5,1,600,2,miss you caption r
miss you caption bengali,4,1,600,3,miss you caption b
miss you caption emoji,4,1,600,3,miss you caption e
miss you caption one line,5,1,600,2,miss you caption o
miss you card template,4,1,600,3,miss you template
miss you cousin caption,4,1,600,2,miss you caption c
miss you everyone meaning in hindi,6,1,600,3,miss you e
miss you forever meaning,4,1,600,4,miss you for
miss you girls caption,4,1,600,2,miss you caption g
miss you grandma quotes,4,1,600,5,miss you g
miss you husband quotes in kannada,6,1,600,4,miss you h
miss you images,3,1,600,5,miss you i
miss you jaan shayari in english,6,1,600,4,miss you j
miss you kaka caption in marathi,6,1,600,2,miss you caption k
miss you kaka shayari gujarati,5,1,600,2,miss you shayari k
miss you kannada quotes,4,1,600,4,miss you k
miss you lyrics,3,1,600,5,miss you l
miss you maa status video download sharechat,7,1,600,4,miss you status v
miss you my queen shayari,5,1,600,2,miss you shayari q
miss you nana,3,1,600,2,miss you n
miss you niye caption,4,1,600,2,miss you caption n
miss you online order,4,1,600,3,miss you online
miss you or missing you which is correct,8,1,600,6,miss you o
miss you papa after death,5,1,600,3,miss you p
miss you papa caption in marathi,6,1,600,2,miss you caption p
miss you quotes small,4,1,600,5,miss you quotes s
miss you rip,3,1,600,6,miss you r
miss you shayari assamese,4,1,600,2,miss you shayari a
miss you shayari bangla,4,1,600,2,miss you shayari b
miss you shayari copy paste,5,1,600,2,miss you shayari c
miss you shayari english 2 line,6,1,600,2,miss you shayari e
miss you shayari friend,4,1,600,2,miss you shayari f
miss you shayari gujarati,4,1,600,2,miss you shayari g
miss you shayari jaan,4,1,600,2,miss you shayari j
miss you shayari love,4,1,600,2,miss you shayari l
miss you shayari new,4,1,600,2,miss you shayari n
miss you shayari om shanti,5,1,600,2,miss you shayari o
miss you shayari romantic,4,1,600,2,miss you shayari r
miss you shayari sister,4,1,600,2,miss you shayari s
miss you shayari text in english,6,1,600,2,miss you shayari t
miss you shayari urdu in hindi,6,1,600,2,miss you shayari u
miss you shayari wife,4,1,600,2,miss you shayari w
miss you so much,4,1,600,3,miss you s
miss you status brother,4,1,600,2,miss you status b
miss you status papa,4,1,600,2,miss you status p
miss you thoughts,3,1,600,4,miss you t
miss you uncle caption,4,1,600,2,miss you caption u
miss you uncle ji,4,1,600,5,miss you u
miss you vardi shayari,4,1,600,2,miss you shayari v
miss you vs missing you,5,1,600,5,miss you v
miss you wife shayari,4,1,600,7,miss you w
miss you xxl,3,1,600,2,miss you x
miss you zubeen da captions,5,1,600,2,miss you caption z
miss you zubeen garg quotes,5,1,600,2,miss you quotes z
miss you शायरी,3,1,600,4,miss you shayari
miss you शायरी मराठी,4,1,600,2,miss you shayari m
missing the most meaning,4,1,600,2,missing you 2027
missing you already meaning,4,1,600,4,missing you a
missing you appa meaning in tamil,6,1,600,3,missing you app
missing you bestie caption,4,1,600,5,missing you best
missing you boogie lyrics,4,1,600,4,missing you b
missing you christmas quotes,4,1,600,2,miss you status c
missing you dp,3,1,600,8,missing you d
missing you everyday,3,1,600,5,missing you e
missing you for him,4,1,600,5,missing you for
missing you free gif,4,1,600,5,missing you free
missing you friend,3,1,600,2,missing you f
missing you gif for him,5,1,600,5,missing you g
missing you hurts differently meaning in hindi,7,1,600,6,missing you h
missing you japanese movie,4,1,600,5,missing you j
missing you ka reply kya de,6,1,600,6,missing you k
missing you lots meaning,4,1,600,7,missing you l
missing you meme template,4,1,600,2,missing you template
missing you more meaning in hindi,6,1,600,5,missing you m
missing you note,3,1,600,4,missing you n
missing you or miss you which is correct,8,1,600,6,missing you o
missing you papa quotes in hindi,6,1,600,4,missing you p
missing you quotes for instagram,5,1,600,6,missing you q
missing you right now meaning,5,1,600,6,missing you r
missing you translate in hindi,5,1,600,5,missing you t
missing you urdu meaning,4,1,600,3,missing you u
missing you vs miss you,5,1,600,5,missing you v
missing you wife quotes,4,1,600,5,missing you w
missing you with lyrics,4,1,600,3,missing you with
missing you zach bryan,4,1,600,3,missing you z
what i miss you means,5,1,600,4,what i miss you
what's miss universe latina,4,1,600,3,what miss u
when i miss you meaning in hindi,7,1,600,4,when i miss you
when is it miss universe 2025,6,1,600,2,is it miss u
when miss universe thailand 2026,5,1,600,4,when miss u
when you miss someone caption,5,1,600,2,when miss you caption
when you miss someone shayari,5,1,600,1,when miss you shayari
when you missing him quotes,5,1,600,2,when missing you
which miss universe died,4,1,600,5,which miss u
who i miss you meaning in tamil,7,1,600,2,who i miss you
who miss universe philippines 2026,5,1,600,5,who miss u
why miss universe 2002 dethroned,5,1,600,2,why miss u
why you miss me quotes,5,1,600,2,why miss you quotes
wife miss quotes,3,1,600,3,miss you status q
will gonna miss you quotes,5,1,600,2,is it miss you caption
zindagi miss you sad shayari,5,1,600,2,miss you shayari z
मिस यू की शायरी,4,1,600,2,miss you shayari with
मिस यू माँ शायरी इन हिंदी,6,1,600,2,miss you shayari maker
can i miss you song,5,1,562,3,can i i miss you
can i watch miss universe on youtube,7,1,562,3,can i miss u
can missing your period be a sign of cancer,9,1,562,3,can i missing you
i miss you blink 182,5,1,562,3,i miss you b
i miss you card template,5,1,562,3,i miss you template
i miss you quotes for your girlfriend,7,1,562,3,miss you quotes y
miss u zain kuwait,4,1,562,3,miss u z
miss you aai shayari marathi,5,1,562,3,miss you shayari a
miss you aaji caption in marathi for instagram,8,1,562,3,miss you caption a
miss you aaji status in marathi,6,1,562,3,miss you status a
miss you appa status kannada,5,1,562,3,miss you status app
miss you bestie caption marathi,5,1,562,3,miss you caption best
miss you didi caption,4,1,562,3,miss you caption d
miss you girlfriend caption,4,1,562,3,miss you caption g
miss you husband caption,4,1,562,3,miss you caption h
miss you jaan shayari in hindi,6,1,562,3,miss you shayari j
miss you kaka caption,4,1,562,3,miss you caption k
miss you ki shayari,4,1,562,3,miss you shayari k
miss you mummy caption in marathi,6,1,562,3,miss you caption m
miss you name,3,1,562,3,miss you n
miss you nana shayari gujarati,5,1,562,3,miss you shayari n
miss you nani caption,4,1,562,3,miss you caption n
miss you not meaning,4,1,562,3,miss you without
miss you papa caption in marathi for instagram,8,1,562,3,miss you caption p
miss you papa status in marathi text,7,1,562,3,miss you status p
miss you quotes caption,4,1,562,3,miss you quotes c
miss you shayari bengali,4,1,562,3,miss you shayari b
miss you shayari copy paste hindi,6,1,562,3,miss you shayari c
miss you shayari dada ji,5,1,562,3,miss you shayari d
miss you shayari english text,5,1,562,3,miss you shayari e
miss you shayari gujarati 2 line text,7,1,562,3,miss you shayari g
miss you shayari love romantic english,6,1,562,3,miss you shayari l
miss you shayari marathi 2 line,6,1,562,3,miss you shayari m
miss you shayari one line,5,1,562,3,miss you shayari o
miss you shayari rekhta,4,1,562,3,miss you shayari r
miss you shayari short,4,1,562,3,miss you shayari s
miss you shayari text for girlfriend,6,1,562,3,miss you shayari t
miss you shayari urdu english,5,1,562,3,miss you shayari u
miss you two caption,4,1,562,3,miss you caption t
miss you x meaning,4,1,562,3,miss you x
missing you friends quotes,4,1,562,3,missing you f
that i miss you meaning in hindi,7,1,562,3,which i miss you
when you missing in hindi,5,1,562,3,when missing you
who i miss you meaning in telugu,7,1,562,3,who i miss you
who miss you in hindi,5,1,562,3,who miss you
who's missing you,3,1,562,3,who missing you
why miss universe 2023 banned in nicaragua,7,1,562,3,why miss u
can i miss you artinya,5,1,561,4,can i i miss you
can i watch miss universe in english,7,1,561,4,can i miss u
do line miss you shayari,5,1,561,4,miss you shayari d
how miss universe,3,1,561,4,how miss u
i miss you brother,4,1,561,4,i miss you b
i miss you freestyle,4,1,561,4,i miss you free
i miss you jaan ka matlab,6,1,561,4,i miss you j
i miss you more meaning in hindi,7,1,561,4,i miss you m
i miss you not,4,1,561,4,i miss you without
i miss you papa shayari,5,1,561,4,i miss you p
i miss you shayari copy and paste,7,1,561,4,miss you shayari c
i miss you too in korean,6,1,561,4,i miss you t
i miss you zuchu ft rayvanny lyrics,7,1,561,4,i miss you z
i will miss you quotes for him,7,1,561,4,can i miss you caption
i will miss you template,5,1,561,4,i miss you template
i will missing you,4,1,561,4,can i missing you
is missing you harlan coben,5,1,561,4,is it missing you
love you miss you quotes,5,1,561,4,miss you quotes y
miss u every time,4,1,561,4,miss u e
miss u my love,4,1,561,4,miss u m
miss u song,3,1,561,4,miss u s
miss u zubeen garg,4,1,561,4,miss u z
miss you aai status in marathi text,7,1,561,4,miss you status a
miss you ajoba caption in marathi,6,1,561,4,miss you caption a
miss you ammi shayari,4,1,561,4,miss you shayari a
miss you appa status video download,6,1,561,4,miss you status app
miss you bestie shayari in english,6,1,561,4,miss you shayari best
miss you bestie status,4,1,561,4,miss you status best
miss you caption brother,4,1,561,4,miss you caption b
miss you dost caption,4,1,561,4,miss you caption d
miss you english,3,1,561,4,miss you e
miss you jiju shayari,4,1,561,4,miss you shayari j
miss you kaka shayari,4,1,561,4,miss you shayari k
miss you kids caption,4,1,561,4,miss you caption k
miss you mom caption,4,1,561,4,miss you caption m
miss you nana caption,4,1,561,4,miss you caption n
miss you nani shayari,4,1,561,4,miss you shayari n
miss you number code,4,1,561,4,miss you n
miss you papa caption in english,6,1,561,4,miss you caption p
miss you papa quotes,4,1,561,4,miss you p
miss you papa status in hindi,6,1,561,4,miss you status p
miss you quotes bangla,4,1,561,4,miss you quotes b
miss you quotes malayalam for instagram,6,1,561,4,miss you quotes m
miss you roommate caption,4,1,561,4,miss you caption r
miss you school caption,4,1,561,4,miss you caption s
miss you shayari brother,4,1,561,4,miss you shayari b
miss you shayari english mein,5,1,561,4,miss you shayari e
miss you shayari for friend,5,1,561,4,miss you shayari for
miss you shayari gujarati text,5,1,561,4,miss you shayari g
miss you shayari maa,4,1,561,4,miss you shayari m
miss you shayari one line english,6,1,561,4,miss you shayari o
miss you shayari pic,4,1,561,4,miss you shayari p
miss you shayari roman english,5,1,561,4,miss you shayari r
miss you shayari status,4,1,561,4,miss you shayari s
miss you shayari urdu 2 line,6,1,561,4,miss you shayari u
miss you shayari wallpaper,4,1,561,4,miss you shayari w
miss you song,3,1,561,4,miss you s
miss you with,3,1,561,4,miss u with
miss you xxl lyrics,4,1,561,4,miss you x
miss you शायरी लव रोमांटिक,5,1,561,4,miss you shayari l
missing you apple tv,4,1,561,4,missing you app
missing you father quotes,4,1,561,4,missing you f
missing you so much meaning in kannada,7,1,561,4,missing you s
missing you uncle,3,1,561,4,missing you u
missing you yfn lucci lyrics,5,1,561,4,missing you y
missing you zach templar lyrics,5,1,561,4,missing you z
what miss used for,4,1,561,4,what miss u
when you missing hindi meaning,5,1,561,4,when missing you
why i miss you messages,5,1,561,4,why i miss you
why is it miss universe latina,6,1,561,4,is it miss u
why miss universe latina,4,1,561,4,why miss u
can i watch miss universe,5,1,560,5,can i miss u
how i miss you my love,6,1,560,5,how i miss you
i miss you babu,4,1,560,5,i miss you b
i miss you best friend quotes,6,1,560,5,i miss you best
i miss you dadi maa in hindi,7,1,560,5,i miss you d
i miss you every moment meaning in hindi,8,1,560,5,i miss you e
i miss you free fire nickname,6,1,560,5,i miss you free
i miss you guys meaning in hindi,7,1,560,5,i miss you g
i miss you janu,4,1,560,5,i miss you j
i miss you kannada,4,1,560,5,i miss you k
i miss you maa,4,1,560,5,i miss you m
i miss you nani,4,1,560,5,i miss you n
i miss you not delivered,5,1,560,5,i miss you without
i miss you papa quotes,5,1,560,5,i miss you p
i miss you quotes in english,6,1,560,5,i miss you q
i miss you really meaning in hindi,7,1,560,5,i miss you r
i miss you so much in hindi,7,1,560,5,i miss you s
i miss you tamil meaning,5,1,560,5,i miss you t
i miss you wallpaper phone,5,1,560,5,i miss you w
i miss you zuchu lyrics,5,1,560,5,i miss you z
i will miss you forever quotes,6,1,560,5,can i miss you quotes
i will missing you puff daddy,6,1,560,5,can i missing you
is it bad i miss you,6,1,560,5,is it i miss you
is missing you meaning in hindi,6,1,560,5,is it missing you
love you miss you quotes for her,7,1,560,5,miss you quotes y
miss u card,3,1,560,5,miss u c
miss u every moment,4,1,560,5,miss u e
miss u family,3,1,560,5,miss u f
miss u hubby,3,1,560,5,miss u h
miss u jan,3,1,560,5,miss u j
miss u ka hindi,4,1,560,5,miss u k
miss u mom quotes,4,1,560,5,miss u m
miss u papa shayari,4,1,560,5,miss u p
miss u status,3,1,560,5,miss u s
miss u to meaning in hindi,6,1,560,5,miss u t
miss u very much meaning in hindi,7,1,560,5,miss u v
miss u zindagi,3,1,560,5,miss u z
miss y o u,4,1,560,5,miss u r
miss you after goodbye,4,1,560,5,miss you a
miss you ajoba shayari in marathi,6,1,560,5,miss you shayari a
miss you ajoba status in marathi,6,1,560,5,miss you status a
miss you all caption,4,1,560,5,miss you caption a
miss you appa status video download in tamil instagram,9,1,560,5,miss you status app
miss you baby,3,1,560,5,miss you b
miss you bestie shayari in hindi,6,1,560,5,miss you shayari best
miss you caption bangla for instagram,6,1,560,5,miss you caption b
miss you cat caption,4,1,560,5,miss you caption c
miss you code word,4,1,560,5,miss you c
miss you dad caption in marathi,6,1,560,5,miss you caption d
miss you dada,3,1,560,5,miss you d
miss you everyday meaning in hindi,6,1,560,5,miss you e
miss you forever and ever meaning in hindi,8,1,560,5,miss you for
miss you grandfather caption,4,1,560,5,miss you caption g
miss you hindi,3,1,560,5,miss you h
miss you in caption,4,1,560,5,miss you caption i
miss you jaan in hindi,5,1,560,5,miss you j
miss you janu shayari,4,1,560,5,miss you shayari j
miss you ka reply kya de,6,1,560,5,miss you k
miss you kaka quotes in marathi text,7,1,560,5,miss you quotes k
miss you kaka shayari gujarati text,6,1,560,5,miss you shayari k
miss you lot caption,4,1,560,5,miss you caption l
miss you my love,4,1,560,5,miss you m
miss you name style,4,1,560,5,miss you n
miss you nani quotes in hindi,6,1,560,5,miss you quotes n
miss you nani shayari in hindi,6,1,560,5,miss you shayari n
miss you niye caption bangla,5,1,560,5,miss you caption n
miss you no spelling,4,1,560,5,miss you without
miss you papa caption in hindi,6,1,560,5,miss you caption p
miss you photo,3,1,560,5,miss you p
miss you quotes text message,5,1,560,5,miss you quotes t
miss you rip caption,4,1,560,5,miss you caption r
miss you romantic shayari in hindi,6,1,560,5,miss you shayari r
miss you shayari bf ke liye,6,1,560,5,miss you shayari b
miss you shayari couple,4,1,560,5,miss you shayari c
miss you shayari death,4,1,560,5,miss you shayari d
miss you shayari english hindi,5,1,560,5,miss you shayari e
miss you shayari gf ke liye,6,1,560,5,miss you shayari g
miss you shayari love romantic text,6,1,560,5,miss you shayari l
miss you shayari marathi for girlfriend,6,1,560,5,miss you shayari m
miss you shayari odia text,5,1,560,5,miss you shayari o
miss you shayari punjabi text,5,1,560,5,miss you shayari p
miss you shayari text in english with emoji,8,1,560,5,miss you shayari t
miss you shayari urdu text,5,1,560,5,miss you shayari u
miss you sister,3,1,560,5,miss you s
miss you sister shayari in hindi,6,1,560,5,miss you shayari s
miss you story caption,4,1,560,5,miss you caption s
miss you teacher caption,4,1,560,5,miss you caption t
miss you too much meaning in hindi,7,1,560,5,miss you t
miss you wife caption,4,1,560,5,miss you caption w
miss you with flowers,4,1,560,5,miss you with
miss you xoxo,3,1,560,5,miss you x
missing you always meaning in hindi,6,1,560,5,missing you a
missing you apple music,4,1,560,5,missing you app
missing you brother quotes,4,1,560,5,missing you b
missing you father,3,1,560,5,missing you f
missing you netflix imdb,4,1,560,5,missing you n
missing you photo,3,1,560,5,missing you p
missing you so much in hindi,6,1,560,5,missing you s
missing you up there,4,1,560,5,missing you u
missing you with ashe,4,1,560,5,missing you with
missing you youtube song,4,1,560,5,missing you y
missing you zombie,3,1,560,5,missing you z
sorry i missed you template,5,1,560,5,i miss you template
what i miss you chords,5,1,560,5,what i miss you
what miss universe 2025,4,1,560,5,what miss u
when i miss you janine,5,1,560,5,when i miss you
when is it miss universe 2026,6,1,560,5,is it miss u
when losing your mucus plug,5,1,560,5,when missing you
when miss universe philippines 2026,5,1,560,5,when miss u
why i miss you meaning in hindi,7,1,560,5,why i miss you
why miss universe walk out,5,1,560,5,why miss u
can i watch miss universe 2025 in english,8,1,559,6,can i miss u
how miss you,3,1,559,6,how miss u
i miss you bestie quotes,5,1,559,6,i miss you best
i miss you brother status,5,1,559,6,i miss you b
i miss you dadi maa in english,7,1,559,6,i miss you d
i miss you english meaning,5,1,559,6,i miss you e
i miss you for husband,5,1,559,6,i miss you for
i miss you free fire name style,7,1,559,6,i miss you free
i miss you good morning message,6,1,559,6,i miss you g
i miss you her meaning in hindi,7,1,559,6,i miss you h
i miss you jaan stylish name,6,1,559,6,i miss you j
i miss you ka reply,5,1,559,6,i miss you k
i miss you meaning in tamil,6,1,559,6,i miss you m
i miss you name style,5,1,559,6,i miss you n
i miss you no reason,5,1,559,6,i miss you without
i miss you odia meaning,5,1,559,6,i miss you o
i miss you pic,4,1,559,6,i miss you p
i miss you quotes in hindi,6,1,559,6,i miss you q
i miss you reply back,5,1,559,6,i miss you r
i miss you shayari,4,1,559,6,i miss you s
i miss you status,4,1,559,6,can i miss you status
i miss you too much meaning in hindi,8,1,559,6,i miss you t
i miss you with my whole being,7,1,559,6,i miss you with
i miss you words,4,1,559,6,i miss you w
i miss you zara larsson,5,1,559,6,i miss you z
i will always miss you quotes,6,1,559,6,can i miss you quotes
i will missing you lyrics,5,1,559,6,can i missing you
is it ole miss university,5,1,559,6,is it miss u
is missing you a movie,5,1,559,6,is it missing you
miss u both meaning in hindi,6,1,559,6,miss u b
miss u code number,4,1,559,6,miss u c
miss u daddy,3,1,559,6,miss u d
miss u emoji copy and paste,6,1,559,6,miss u e
miss u friends quotes in english,6,1,559,6,miss u f
miss u hindi,3,1,559,6,miss u h
miss u janaki amma,4,1,559,6,miss u j
miss u korean language,4,1,559,6,miss u k
miss u love quotes,4,1,559,6,miss u l
miss u meaning,3,1,559,6,miss u m
miss u nani maa quotes in hindi,7,1,559,6,miss u n
miss u photo,3,1,559,6,miss u p
miss u quotes for husband,5,1,559,6,miss u q
miss u ronaldo,3,1,559,6,miss u r
miss u symbol,3,1,559,6,miss u s
miss u to,3,1,559,6,miss u t
miss u very badly meaning,5,1,559,6,miss u v
miss u zubeen,3,1,559,6,miss u z
miss you aai status,4,1,559,6,miss you status a
miss you abbu shayari,4,1,559,6,miss you shayari a
miss you appa kavithai in tamil,6,1,559,6,missing you app
miss you best caption,4,1,559,6,miss you caption best
miss you bestie shayari marathi,5,1,559,6,miss you shayari best
miss you capcut template trend,5,1,559,6,miss you template
miss you caption bangla for girl,6,1,559,6,miss you caption b
miss you captions for boyfriend,5,1,559,6,miss you caption
miss you chacha,3,1,559,6,miss you c
miss you couple caption,4,1,559,6,miss you caption c
miss you dadi caption,4,1,559,6,miss you caption d
miss you download,3,1,559,6,miss you d
miss you emoji heart,4,1,559,6,miss you e
miss you forever meaning in telugu,6,1,559,6,miss you for
miss you freestyle,3,1,559,6,miss u free
miss you grandma caption,4,1,559,6,miss you caption g
miss you guys meaning in hindi,6,1,559,6,miss you g
miss you henry moodie,4,1,559,6,miss you h
miss you home caption,4,1,559,6,miss you caption h
miss you jaan meaning in hindi,6,1,559,6,miss you j
miss you jaan shayari english,5,1,559,6,miss you shayari j
miss you ka hindi,4,1,559,6,miss you k
miss you kaka caption in english,6,1,559,6,miss you caption k
miss you kaka marathi shayari,5,1,559,6,miss you shayari k
miss you lines,3,1,559,6,miss you l
miss you love caption in english,6,1,559,6,miss you caption l
miss you mama caption marathi,5,1,559,6,miss you caption m
miss you meaning,3,1,559,6,miss you m
miss you nana ji,4,1,559,6,miss you n
miss you nana shayari,4,1,559,6,miss you shayari n
miss you nani caption in english,6,1,559,6,miss you caption n
miss you no,3,1,559,6,miss you without
miss you odia shayari love,5,1,559,6,miss you shayari o
miss you quotes bengali,4,1,559,6,miss you quotes b
miss you quotes death uncle,5,1,559,6,miss you quotes d
miss you radha shayari,4,1,559,6,miss you shayari r
miss you shayari bhai ke liye,6,1,559,6,miss you shayari b
miss you shayari copy paste english,6,1,559,6,miss you shayari c
miss you shayari dp,4,1,559,6,miss you shayari d
miss you shayari english 2 line love,7,1,559,6,miss you shayari e
miss you shayari gujarati love,5,1,559,6,miss you shayari g
miss you shayari love english,5,1,559,6,miss you shayari l
miss you shayari marathi for boyfriend,6,1,559,6,miss you shayari m
miss you shayari photo love,5,1,559,6,miss you shayari p
miss you shayari text copy and paste,7,1,559,6,miss you shayari t
miss you sir caption,4,1,559,6,miss you caption s
miss you sister shayari 2 line,6,1,559,6,miss you shayari s
miss you so much meaning in hindi,7,1,559,6,miss you s
miss you telugu movie,4,1,559,6,miss you t
miss you too caption,4,1,559,6,miss you caption t
miss you uncle shayari in hindi,6,1,559,6,miss you shayari u
miss you urdu meaning,4,1,559,6,miss you u
miss you village in hindi,5,1,559,6,miss you v
miss you whatsapp caption,4,1,559,6,miss you caption w
miss you wife shayari in english,6,1,559,6,miss you shayari w
miss you with tears,4,1,559,6,miss you with
miss you xxl meaning,4,1,559,6,miss you x
miss you yaar shayari in english,6,1,559,6,miss you shayari y
miss you yara,3,1,559,6,miss you y
miss you zai1k,3,1,559,6,miss you z
missing without you,3,1,559,6,missing you without
missing you all,3,1,559,6,missing you a
missing you bestie hindi meaning,5,1,559,6,missing you best
missing you brother,3,1,559,6,missing you b
missing you emoji whatsapp,4,1,559,6,missing you e
missing you guys quotes,4,1,559,6,missing you g
missing you jordana bryant lyrics,5,1,559,6,missing you j
missing you my love,4,1,559,6,missing you m
missing you netflix cast,4,1,559,6,missing you n
missing you pics,3,1,559,6,missing you p
missing you poster template,4,1,559,3,missing you template
missing you shayari in hindi,5,1,559,6,missing you s
missing you too meaning,4,1,559,6,missing you t
missing you usher,3,1,559,6,missing you u
missing you very much quotes,5,1,559,6,missing you v
missing you with every breath i take lyrics,8,1,559,6,missing you with
missing you worth watching,4,1,559,6,missing you w
missing you yfn,3,1,559,6,missing you y
missing you zia,3,1,559,6,missing you z
what miss universe is catriona gray,6,1,559,6,what miss u
what's i miss you in spanish,6,1,559,6,what i miss you
when i miss you lyrics,5,1,559,6,when i miss you
when losing your voice,4,1,559,6,when missing you
when miss usa,3,1,559,6,when miss u
which miss universe fell off stage,6,1,559,6,which miss u
who's miss universe 2024,4,1,559,6,who miss u
why miss universe,3,1,559,6,why miss u
you baby miss you quotes,5,1,559,6,miss you quotes y
can i watch miss universe 2025,6,1,558,7,can i miss u
how i miss you foo fighters meaning,7,1,558,7,how i miss you
how's you miss in hindi,5,1,558,7,how missing you
i miss you badly meaning in hindi,7,1,558,7,i miss you b
i miss you best reply,5,1,558,7,i miss you best
i miss you code word,5,1,558,7,i miss you c
i miss you dost,4,1,558,7,i miss you d
i miss you everyday in hindi,6,1,558,7,i miss you e
i miss you for him,5,1,558,7,i miss you for
i miss you free fire photo,6,1,558,7,i miss you free
i miss you grandpa quotes,5,1,558,7,i miss you g
i miss you hindi mein,5,1,558,7,i miss you h
i miss you ji,4,1,558,7,i miss you j
i miss you kdrama,4,1,558,7,i miss you k
i miss you lot meaning in telugu,7,1,558,7,i miss you l
i miss you maa in hindi,6,1,558,7,i miss you m
i miss you nana ji in hindi,7,1,558,7,i miss you n
i miss you not delivered tattoo,6,1,558,7,i miss you without
i miss you or i missing you which is correct,10,1,558,7,i miss you o
i miss you please teleport meaning,6,1,558,7,i miss you p
i miss you quotations,4,1,558,7,i miss you q
i miss you ringtone download mp3,6,1,558,7,i miss you r
i miss you status in hindi,6,1,558,7,can i miss you status
i miss you stylish name,5,1,558,7,i miss you s
i miss you too meaning,5,1,558,7,i miss you t
i miss you uncle rip in hindi,7,1,558,7,i miss you u
i miss you very badly meaning in hindi,8,1,558,7,i miss you v
i miss you watch,4,1,558,7,i miss you w
i miss you with my whole heart,7,1,558,7,i miss you with
i miss you xxl makna,5,1,558,7,i miss you x
i miss you yrr meaning in hindi,7,1,558,7,i miss you y
i miss you zuchu ft rayvanny,6,1,558,7,i miss you z
i will miss you all quotes,6,1,558,7,can i miss you quotes
i will missing you meaning in hindi,7,1,558,7,can i missing you
is because i miss you,5,1,558,7,is it i miss you
is missing you 2016,4,1,558,7,is it missing you
miss u amma quotes in kannada,6,1,558,7,miss u a
miss u badly meaning in hindi,6,1,558,7,miss u b
miss u best friend captions for instagram,7,1,558,7,miss u best
miss u caption for friend,5,1,558,7,miss u c
miss u dost shayari,4,1,558,7,miss u d
miss u every second,4,1,558,7,miss u e
miss u father quotes,4,1,558,7,miss u f
miss u guys meaning in hindi,6,1,558,7,miss u g
miss u husband quotes in english,6,1,558,7,miss u h
miss u japanese,3,1,558,7,miss u j
miss u kiss gif,4,1,558,7,miss u k
miss u lyrics,3,1,558,7,miss u l
miss u my love song,5,1,558,7,miss u m
miss u note,3,1,558,7,miss u n
miss u old version,4,1,558,7,miss u o
miss u papa quotes in english,6,1,558,7,miss u p
miss u quotes short in english,6,1,558,7,miss u q
miss u ringtone,3,1,558,7,miss u r
miss u shayari in hindi,5,1,558,7,miss u s
miss u too much meaning,5,1,558,7,miss u t
miss u video status,4,1,558,7,miss u v
miss u wishes,3,1,558,7,miss u w
miss u zindagi shayari,4,1,558,7,miss u z
miss you a lot meaning in kannada,7,1,558,7,miss you a
miss you aaji shayari,4,1,558,7,miss you shayari a
miss you aunty status,4,1,558,7,miss you status a
miss you best friend shayari in hindi,7,1,558,7,miss you best
miss you brother,3,1,558,7,miss you b
miss you chacha shayari in hindi,6,1,558,7,miss you shayari c
miss you college life,4,1,558,7,miss you c
miss you dadaji caption,4,1,558,7,miss you caption d
miss you dear,3,1,558,7,miss you d
miss you emoji in whatsapp,5,1,558,7,miss you e
miss you for best friend,5,1,558,7,miss you for
miss you greeting card,4,1,558,7,miss you g
miss you hubby,3,1,558,7,miss you h
miss you hubby caption for instagram,6,1,558,7,miss you caption h
miss you ji,3,1,558,7,miss you j
miss you jiv shayari,4,1,558,7,miss you shayari j
miss you ka caption,4,1,558,7,miss you caption k
miss you kaku shayari,4,1,558,7,miss you shayari k
miss you kavana kannada,4,1,558,7,miss you k
miss you lots meaning,4,1,558,7,miss you l
miss you maa,3,1,558,7,miss you m
miss you maa caption,4,1,558,7,miss you caption m
miss you nanaji shayari,4,1,558,7,miss you shayari n
miss you nanna quotes in telugu text,7,1,558,7,miss you quotes n
miss you nickname,3,1,558,7,miss you n
miss you not meaning in hindi,6,1,558,7,miss you without
miss you online wala,4,1,558,6,miss you online
miss you papa caption in english for instagram,8,1,558,7,miss you caption p
miss you papa shayari in hindi,6,1,558,7,miss you p
miss you quotes deep,4,1,558,7,miss you quotes d
miss you quotes photo,4,1,558,7,miss you quotes p
miss you quotes simple short,5,1,558,7,miss you quotes s
miss you rani shayari,4,1,558,7,miss you shayari r
miss you reply to girlfriend,5,1,558,7,miss you r
miss you shayari dada,4,1,558,7,miss you shayari d
miss you shayari english love,5,1,558,7,miss you shayari e
miss you shayari for best friend in hindi,8,1,558,7,miss you shayari best
miss you shayari hindi 2 line english,7,1,558,7,miss you shayari h
miss you shayari lyrics,4,1,558,7,miss you shayari l
miss you shayari marathi love text,6,1,558,7,miss you shayari m
miss you shayari pinterest,4,1,558,7,miss you shayari p
miss you short form,4,1,558,7,miss you s
miss you sister shayari in english,6,1,558,7,miss you shayari s
miss you teacher shayari in english,6,1,558,7,miss you shayari t
miss you to all meaning in hindi,7,1,558,7,miss you t
miss you very badly meaning,5,1,558,7,miss you v
miss you wala caption,4,1,558,7,miss you caption w
miss you wife shayari gujarati,5,1,558,7,miss you shayari w
miss you with every bullet meaning,6,1,558,7,miss you with
miss you xavier clyde,4,1,558,7,miss you x
miss you yaar shayari 2 line,6,1,558,7,miss you shayari y
miss you yrr,3,1,558,7,miss you y
miss you zoom background,4,1,558,7,miss you z
missing him quotes one line,5,1,558,7,miss you quotes o
missing you already meaning in hindi,6,1,558,7,missing you a
missing you bestie in hindi,5,1,558,7,missing you best
missing you both meaning in hindi,6,1,558,7,missing you b
missing you card template,4,1,558,4,missing you template
missing you episodes,3,1,558,7,missing you e
missing you for her,4,1,558,6,missing you for
missing you friends meaning in hindi,6,1,558,7,missing you f
missing you grandma quotes,4,1,558,7,missing you g
missing you hubby quotes,4,1,558,7,missing you h
missing you janu,3,1,558,7,missing you j
missing you korean,3,1,558,7,missing you k
missing you mom quotes,4,1,558,7,missing you m
missing you nanna,3,1,558,7,missing you n
missing you no mercy,4,1,558,7,missing you without
missing you on my birthday quotes,6,1,558,7,missing you o
missing you papa in hindi,5,1,558,7,missing you p
missing you quotes in hindi,5,1,558,7,missing you q
missing you quotes ldr,4,1,558,7,miss you quotes l
missing you quotes winnie the pooh,6,1,558,7,miss you quotes w
missing you reviews netflix,4,1,558,7,missing you r
missing you so badly,4,1,558,7,missing you s
missing you this moment meaning in hindi,7,1,558,7,missing you t
missing you up in heaven,5,1,558,7,missing you u
missing you villain,3,1,558,7,missing you v
missing you wishes,3,1,558,7,missing you w
missing you year released,4,1,558,7,missing you y
missing you zombie movie,4,1,558,7,missing you z
quotes when you miss your husband,6,1,558,7,miss you quotes y
we miss you email template,5,1,558,7,i miss you template
what you miss about me,5,1,558,7,what miss you
what's i miss you in french,6,1,558,7,what i miss you
what's miss universe india,4,1,558,7,what miss u
when i miss you everywhere,5,1,558,7,when i miss you
when is it miss universe 2024,6,1,558,7,is it miss u
when miss universe 2025,4,1,558,7,when miss u
when you miss meaning in hindi,6,1,558,7,when miss you
which miss universe rejected michael jackson,6,1,558,7,which miss u
who's miss universe 2025 winner,5,1,558,7,who miss u
why miss universe mexico,4,1,558,7,why miss u
can i watch miss universe live,6,1,557,8,can i miss u
free fire name change i miss you,7,1,557,8,i miss you free
how badly i miss you quotes,6,1,557,3,how miss you quotes
i miss you best friend shayari,6,1,557,8,i miss you best
i miss you chords,4,1,557,8,i miss you c
i miss you dp,4,1,557,8,i miss you d
i miss you every day meaning in hindi,8,1,557,8,i miss you e
i miss you forever code,5,1,557,8,i miss you for
i miss you friends meaning in hindi,7,1,557,8,i miss you f
i miss you gift,4,1,557,8,i miss you g
i miss you hubby,4,1,557,8,i miss you h
i miss you jaan 100 times,6,1,557,8,i miss you j
i miss you kannada quotes,5,1,557,8,i miss you k
i miss you lines,4,1,557,8,i miss you l
i miss you mom,4,1,557,8,i miss you m
i miss you new song,5,1,557,8,i miss you n
i miss you no,4,1,557,8,i miss you without
i miss you on the train,6,1,557,8,i miss you o
i miss you papa shayari in hindi,7,1,557,8,i miss you p
i miss you reels,4,1,557,8,i miss you r
i miss you sister,4,1,557,8,i miss you s
i miss you status in english,6,1,557,8,can i miss you status
i miss you translate in kannada,6,1,557,8,i miss you t
i miss you unique way,5,1,557,8,i miss you u
i miss you video,4,1,557,8,i miss you v
i miss you wishes,4,1,557,8,i miss you w
i miss you with all my heart in spanish,9,1,557,8,i miss you with
i miss you xxl lany meaning,6,1,557,8,i miss you x
i miss you your voice quotes,6,1,557,8,i miss you y
i miss you zulu,4,1,557,8,i miss you z
i will miss you guys quotes,6,1,557,8,can i miss you quotes
i will missing you song,5,1,557,8,can i missing you
is missing you meaning in urdu,6,1,557,8,is it missing you
miss u all meaning in hindi,6,1,557,8,miss u a
miss u best friend quotes in english,7,1,557,8,miss u best
miss u brother caption,4,1,557,8,miss u b
miss u copy paste,4,1,557,8,miss u c
miss u dada ji,4,1,557,8,miss u d
miss u emoji images,4,1,557,8,miss u e
miss u friends captions one word,6,1,557,8,miss u f
miss u grandpa quotes in english,6,1,557,8,miss u g
miss u henry moodie lyrics,5,1,557,8,miss u h
miss u jaan name style,5,1,557,8,miss u j
miss u ka answer kya de,6,1,557,8,miss u k
miss u lot quotes,4,1,557,8,miss u l
miss u maa quotes,4,1,557,8,miss u m
miss u number code,4,1,557,8,miss u n
miss u one word,4,1,557,8,miss u o
miss u pic,3,1,557,8,miss u p
miss u quotes for love,5,1,557,8,miss u q
miss u reels,3,1,557,8,miss u r
miss u sister quotes,4,1,557,8,miss u s
miss u too a lot meaning in hindi,8,1,557,8,miss u t
miss u vietnam 2025,4,1,557,8,miss u v
miss u wala emoji,4,1,557,8,miss u w
miss u yaar shayari,4,1,557,4,miss u y
miss u zakuro,3,1,557,8,miss u z
miss you 2024,3,1,557,8,miss you
miss you 2026,3,1,557,8,miss u 2026
miss you amma quotes in kannada,6,1,557,8,miss you a
miss you army shayari,4,1,557,8,miss you shayari a
miss you bestie captions short,5,1,557,8,miss you caption best
miss you bestie message,4,1,557,8,miss you best
miss you bhai rip,4,1,557,8,miss you b
miss you both of you quotes,6,1,557,8,miss you quotes y
miss you captions for sister,5,1,557,8,miss you caption
miss you cat quotes,4,1,557,8,miss you quotes c
miss you chacha shayari,4,1,557,8,miss you shayari c
miss you chachu caption,4,1,557,8,miss you caption c
miss you darling,3,1,557,8,miss you d
miss you emotional caption,4,1,557,8,miss you caption e
miss you every time,4,1,557,8,miss you e
miss you father quotes in kannada,6,1,557,8,miss you f
miss you for husband,4,1,557,8,miss you for
miss you grandpa quotes,4,1,557,8,miss you g
miss you husband shayari,4,1,557,8,miss you h
miss you jaan shayari gujarati,5,1,557,8,miss you shayari j
miss you jaan stylish name,5,1,557,8,miss you j
miss you jigri yaar shayari,5,1,557,8,miss you shayari y
miss you ka reply kya de english me,8,1,557,8,miss you k
miss you ka shayari,4,1,557,8,miss you shayari k
miss you legend meaning in kannada,6,1,557,8,miss you l
miss you love caption in marathi,6,1,557,8,miss you caption l
miss you love quotes in english,6,1,557,8,miss you quotes l
miss you mummy caption in english,6,1,557,8,miss you caption m
miss you my love ringtone download,6,1,557,8,miss you m
miss you nana shayari gujarati text,6,1,557,8,miss you shayari n
miss you nephew caption,4,1,557,8,miss you caption n
miss you not song,4,1,557,8,miss you without
miss you online app,4,1,557,7,miss you online
miss you other words,4,1,557,8,miss you o
miss you papa caption for instagram,6,1,557,8,miss you caption p
miss you papa shayari odia,5,1,557,8,miss you shayari o
miss you quotes baby,4,1,557,8,miss you quotes b
miss you quotes death grandmother,5,1,557,8,miss you quotes d
miss you quotes sister short,5,1,557,8,miss you quotes s
miss you re,3,1,557,8,miss you r
miss you seniors caption,4,1,557,8,miss you caption s
miss you shayari dadi,4,1,557,8,miss you shayari d
miss you shayari emoji ke sath,6,1,557,8,miss you shayari e
miss you shayari for best friend in english,8,1,557,8,miss you shayari best
miss you shayari gujarati text copy and paste,8,1,557,8,miss you shayari g
miss you shayari in urdu for girlfriend,7,1,557,8,miss you shayari u
miss you shayari marathi love,5,1,557,8,miss you shayari m
miss you sister quotes,4,1,557,8,miss you s
miss you sister shayari in hindi text,7,1,557,8,miss you shayari s
miss you status malayalam,4,1,557,4,miss you status m
miss you teacher shayari in hindi,6,1,557,8,miss you shayari t
miss you this moment meaning in hindi,7,1,557,8,miss you t
miss you urdu shayari,4,1,557,8,miss you u
miss you voice,3,1,557,8,miss you v
miss you wali shayari in hindi,6,1,557,8,miss you shayari w
miss you words,3,1,557,8,miss you w
miss you xori,3,1,557,8,miss you x
miss you yaar in hindi,5,1,557,8,miss you y
missing with u,3,1,557,8,miss u with
missing you a little extra today,6,1,557,8,missing you a
missing you badly quotes,4,1,557,8,missing you b
missing you best friend captions,5,1,557,8,missing you best
missing you ending explained,4,1,557,8,missing you e
missing you film,3,1,557,8,missing you f
missing you forever meaning,4,1,557,7,missing you for
missing you good morning,4,1,557,8,missing you g
missing you hurts differently,4,1,557,8,missing you h
missing you japanese song,4,1,557,8,missing you j
missing you korean movie netflix,5,1,557,8,missing you k
missing you love quotes,4,1,557,8,missing you l
missing you mein ist die rache,6,1,557,8,missing you m
missing you nocap,3,1,557,8,missing you without
missing you novel,3,1,557,8,missing you n
missing you on your birthday quotes,6,1,557,8,missing you o
missing you papa shayari in hindi,6,1,557,8,missing you p
missing you quotes for husband,5,1,557,8,missing you q
missing you reddit,3,1,557,8,missing you r
missing you songs,3,1,557,8,missing you s
missing you those days meaning in hindi,7,1,557,8,missing you t
missing you very badly meaning,5,1,557,8,missing you v
missing you whatsapp status,4,1,557,8,missing you w
missing you with been a minute interlude,7,1,557,8,missing you with
missing you yoon eun hye,5,1,557,8,missing you y
we miss you card template,5,1,557,8,i miss you template
what's i miss you in japanese,6,1,557,8,what i miss you
what's miss usa,3,1,557,8,what miss u
when i miss you janine berdin lyrics,7,1,557,8,when i miss you
when miss universe,3,1,557,8,when miss u
which miss universe died recently,5,1,557,8,which miss u
who miss universe philippines 2025,5,1,557,8,who miss u
why i miss you in hindi,6,1,557,8,why i miss you
why miss universe 2025,4,1,557,8,why miss u
can i see miss universe,5,1,556,9,can i miss u
how i miss you so much,6,1,556,9,how i miss you
how i will miss you quotes,6,1,556,4,how miss you quotes
how won miss universe 2025,5,1,556,9,how miss u
i miss the old you template,6,1,556,9,i miss you template
i miss you baba,4,1,556,9,i miss you b
i miss you best quotes,5,1,556,9,i miss you best
i miss you captions for instagram,6,1,556,9,can i miss you caption
i miss you chinese drama,5,1,556,9,i miss you c
i miss you didi,4,1,556,9,i miss you d
i miss you everyone meaning in hindi,7,1,556,9,i miss you e
i miss you font style,5,1,556,9,i miss you f
i miss you forever like the stars,7,1,556,9,i miss you for
i miss you free gif,5,1,556,9,i miss you free
i miss you grandfather,4,1,556,9,i miss you g
i miss you hindi translation,5,1,556,9,i miss you h
i miss you jaan text,5,1,556,9,i miss you j
i miss you ka hindi meaning,6,1,556,9,i miss you k
i miss you lot meaning in tamil,7,1,556,9,i miss you l
i miss you more,4,1,556,9,i miss you m
i miss you nani in hindi,6,1,556,9,i miss you n
i miss you no other way to say it,9,1,556,9,i miss you without
i miss you other ways to say,7,1,556,9,i miss you o
i miss you papa meaning in hindi,7,1,556,9,i miss you p
i miss you quotes for husband,6,1,556,9,i miss you q
i miss you ringtone message,5,1,556,9,i miss you r
i miss you spelling,4,1,556,9,i miss you s
i miss you status video download,6,1,556,9,can i miss you status
i miss you to make her cry,7,1,556,3,i miss you maker
i miss you translate in hindi,6,1,556,9,i miss you t
i miss you urdu mein,5,1,556,9,i miss you u
i miss you voice message,5,1,556,9,i miss you v
i miss you wallpaper black,5,1,556,9,i miss you w
i miss you xxl lany,5,1,556,9,i miss you x
i miss you yeah i miss you,7,1,556,9,i miss you y
i miss you zainab,4,1,556,9,i miss you z
i will miss you mom quotes,6,1,556,9,can i miss you quotes
i will missing you original,5,1,556,9,can i missing you
is it miss you,4,1,556,9,is it miss u
is missing you song,4,1,556,9,is it missing you
miss fortune u gg,4,1,556,9,miss u for
miss u appa quotes in tamil,6,1,556,9,miss u app
miss u bestie shayari,4,1,556,9,miss u best
miss u bhai quotes,4,1,556,9,miss u b
miss u chacha ji,4,1,556,9,miss u c
miss u dear meaning in hindi,6,1,556,9,miss u d
miss u english line,4,1,556,9,miss u e
miss u friendship quotes,4,1,556,9,miss u f
miss u guys quotes,4,1,556,9,miss u g
miss u heart emoji,4,1,556,9,miss u h
miss u jaan shayari in hindi,6,1,556,9,miss u j
miss u ka short form,5,1,556,9,miss u k
miss u lines for love,5,1,556,9,miss u l
miss u mom,3,1,556,9,miss u m
miss u nana quotes,4,1,556,9,miss u n
miss u one line quotes,5,1,556,9,miss u o
miss u papa images,4,1,556,9,miss u p
miss u quotes for colleagues,5,1,556,9,miss u q
miss u rip,3,1,556,9,miss u r
miss u so much meaning in kannada,7,1,556,9,miss u s
miss u too much meaning in hindi,7,1,556,9,miss u t
miss u va,3,1,556,9,miss u v
miss u whatsapp dp,4,1,556,9,miss u w
miss u yaar meaning in hindi,6,1,556,5,miss u y
miss universe 2024,3,1,556,9,miss u
miss you aai quotes in marathi,6,1,556,9,miss you quotes a
miss you aai shayari,4,1,556,9,miss you shayari a
miss you all meaning in kannada,6,1,556,9,miss you a
miss you amma status,4,1,556,9,miss you status a
miss you babu,3,1,556,9,miss you b
miss you bestie captions for instagram,6,1,556,9,miss you caption best
miss you bondhu caption,4,1,556,9,miss you caption b
miss you by zuchu,4,1,556,9,miss u z
miss you card for teacher,5,1,556,9,miss you c
miss you cricket shayari,4,1,556,9,miss you shayari c
miss you daddy,3,1,556,9,miss you d
miss you dear caption,4,1,556,9,miss you caption d
miss you dost shayari rip,5,1,556,9,miss you shayari r
miss you everyday caption,4,1,556,9,miss you caption e
miss you everything in hindi,5,1,556,9,miss you e
miss you for love,4,1,556,9,miss you for
miss you friends quotes short,5,1,556,9,miss you f
miss you grandma quotes in kannada,6,1,556,9,miss you g
miss you heart emoji,4,1,556,9,miss you h
miss you i status,4,1,556,9,miss you status i
miss you jaan ka matlab,5,1,556,9,miss you j
miss you jaan shayari 2 line,6,1,556,9,miss you shayari j
miss you jigri yaar shayari in hindi,7,1,556,9,miss you shayari y
miss you jiju shayari on life,6,1,556,9,miss you shayari o
miss you kannada kavanagalu,4,1,556,9,miss you k
miss you king shayari,4,1,556,9,miss you shayari k
miss you legend caption,4,1,556,9,miss you caption l
miss you lots quotes,4,1,556,9,miss you quotes l
miss you maa shayari urdu,5,1,556,9,miss you shayari u
miss you more meaning in hindi,6,1,556,9,miss you m
miss you nana shayari in hindi,6,1,556,9,miss you shayari n
miss you nani caption in hindi,6,1,556,9,miss you caption n
miss you not delivered,4,1,556,9,miss you without
miss you note,3,1,556,9,miss you n
miss you old version,4,1,556,9,miss you o
miss you papa best shayari,5,1,556,9,miss you shayari best
miss you papa caption in gujarati,6,1,556,9,miss you caption p
miss you papa in english,5,1,556,9,miss you p
miss you papa shayari gujarati,5,1,556,9,miss you shayari p
miss you poster template,4,1,556,9,miss you template
miss you quotes brother short,5,1,556,9,miss you quotes b
miss you quotes death mom,5,1,556,9,miss you quotes d
miss you quotes someone passed away,6,1,556,9,miss you quotes s
miss you really,3,1,556,9,miss you r
miss you sad caption,4,1,556,9,miss you caption s
miss you sad shayari in hindi,6,1,556,9,miss you shayari s
miss you shayari bio,4,1,556,9,miss you shayari b
miss you shayari dard bhari,5,1,556,9,miss you shayari d
miss you shayari english 2 line in hindi,8,1,556,9,miss you shayari e
miss you shayari gf,4,1,556,9,miss you shayari g
miss you shayari hindi 2 line sad,7,1,556,9,miss you shayari h
miss you shayari love hindi,5,1,556,9,miss you shayari l
miss you shayari marathi text,5,1,556,9,miss you shayari m
miss you sister captions one word,6,1,556,9,miss you caption o
miss you song lyrics,4,1,556,9,miss you s
miss you teacher shayari,4,1,556,9,miss you shayari t
miss you those days meaning in hindi,7,1,556,9,miss you t
miss you uncle ji in hindi,6,1,556,9,miss you u
miss you video download,4,1,556,9,miss you v
miss you vrindavan shayari,4,1,556,3,miss you shayari v
miss you watch for couple,5,1,556,9,miss you w
miss you with roses,4,1,556,9,miss you with
miss you x better off alone,6,1,556,9,miss you x
miss you yaaro meaning in hindi,6,1,556,9,miss you y
miss you zhang ruonan,4,1,556,9,miss you z
missing you a lot in hindi,6,1,556,9,missing you a
missing you baby meaning in hindi,6,1,556,9,missing you b
missing you best quotes,4,1,556,9,missing you best
missing you dear,3,1,556,9,missing you d
missing you every moment,4,1,556,9,missing you e
missing you extra quotes,4,1,556,9,miss you quotes e
missing you format,3,1,556,8,missing you for
missing you friends caption,4,1,556,9,missing you f
missing you grandfather quotes,4,1,556,9,missing you g
missing you harlan coben imdb,5,1,556,9,missing you h
missing you japanese lyrics,4,1,556,9,missing you j
missing you ka reply,4,1,556,9,missing you k
missing you like hell,4,1,556,9,missing you l
missing you meaning in urdu,5,1,556,9,missing you m
missing you no more jordan davis,6,1,556,9,missing you without
missing you now,3,1,556,9,missing you n
missing you on netflix,4,1,556,9,missing you o
missing you poem,3,1,556,9,missing you p
missing you quotes grief,4,1,556,4,miss you status g
missing you quotes heaven,4,1,556,5,miss you status h
missing you quotes in english,5,1,556,9,missing you q
missing you romantic gif,4,1,556,9,missing you r
missing you synonyms,3,1,556,9,missing you s
missing you tv series,4,1,556,9,missing you t
missing you urdu poetry,4,1,556,9,missing you u
missing you very badly quotes,5,1,556,9,missing you v
missing you with gladys knight,5,1,556,9,missing you with
missing you words,3,1,556,9,missing you w
missing you yoon eun hye drama,6,1,556,9,missing you y
quotes when you miss your family,6,1,556,9,miss you quotes y
what miss universe 2024,4,1,556,9,what miss u
what you missing about me,5,1,556,9,what missing you
what's i miss you in yoruba,6,1,556,9,what i miss you
when i miss you book,5,1,556,9,when i miss you
when miss universe thailand 2025,5,1,556,9,when miss u
which miss usa committed suicidé,5,1,556,9,which miss u
who's miss universe 2023,4,1,556,9,who miss u
why miss universe thailand,4,1,556,9,why miss u
ajoba miss you shayari,4,1,555,10,miss you shayari a
friend miss you captions one word,6,1,555,10,miss you caption o
how i miss you my love song,7,1,555,10,how i miss you
how is miss universe 2026,5,1,555,10,how miss u
how much missing you quotes,5,1,555,10,how missing you
how much you miss him quotes,6,1,555,5,how miss you quotes
i miss you appa quotes kannada short pdf,8,1,555,10,i miss you app
i miss you bestie shayari,5,1,555,10,i miss you best
i miss you blink 182 lyrics,6,1,555,10,i miss you b
i miss you caption bangla,5,1,555,10,can i miss you caption
i miss you daddy,4,1,555,10,i miss you d
i miss you drama,4,1,555,10,i miss you c
i miss you every time in hindi,7,1,555,10,i miss you e
i miss you for long distance relationship,7,1,555,10,i miss you for
i miss you free images with quotes,7,1,555,10,i miss you free
i miss you full form,5,1,555,10,i miss you f
i miss you good night,5,1,555,10,i miss you g
i miss you husband ji,5,1,555,10,i miss you h
i miss you jaan shayari,5,1,555,10,i miss you j
i miss you ka reply kya de in english,9,1,555,10,i miss you k
i miss you legend meaning in hindi,7,1,555,10,i miss you l
i miss you meme generator,5,1,555,4,i miss you maker
i miss you my love,5,1,555,10,i miss you m
i miss you nani maa in hindi,7,1,555,10,i miss you n
i miss you other language,5,1,555,10,i miss you o
i miss you papa tattoo,5,1,555,10,i miss you p
i miss you quotes for friends,6,1,555,10,i miss you q
i miss you ronaldo,4,1,555,10,i miss you r
i miss you status video,5,1,555,10,can i miss you status
i miss you thoughts,4,1,555,10,i miss you t
i miss you underwear,4,1,555,10,i miss you u
i miss you vs i am missing you,8,1,555,10,i miss you v
i miss you what to reply,6,1,555,10,i miss you w
i miss you with me lyrics,6,1,555,10,i miss you with
i miss you xhosa,4,1,555,10,i miss you x
i miss you youtube,4,1,555,10,i miss you y
i miss you zambian song,5,1,555,10,i miss you z
i will gonna miss you quotes,6,1,555,10,can i miss you quotes
i will missing you meaning,5,1,555,10,can i missing you
is miss universe latina a country,6,1,555,10,is it miss u
it was missing you meaning,5,1,555,10,is it missing you
miss u a lot,4,1,555,10,miss u a
miss u app download,4,1,555,10,miss u app
miss u baby,3,1,555,10,miss u b
miss u bestie best friend status,6,1,555,10,miss u best
miss u couple images,4,1,555,10,miss u c
miss u dad tattoo,4,1,555,10,miss u d
miss u emoji pic,4,1,555,10,miss u e
miss u family quotes,4,1,555,10,miss u f
miss u gif couple,4,1,555,10,miss u g
miss u ka reply in english,6,1,555,10,miss u k
miss u lot meaning in telugu,6,1,555,10,miss u l
miss u messages,3,1,555,10,miss u m
miss u nanaji quotes in hindi,6,1,555,10,miss u n
miss u office colleague quotes,5,1,555,10,miss u o
miss u papa status in english,6,1,555,10,miss u p
miss u papa status in hindi,6,1,555,10,miss you status p
miss u quotes for him,5,1,555,10,miss u q
miss u romantic gif,4,1,555,10,miss u r
miss u short form,4,1,555,10,miss u s
miss u to all meaning in hindi,7,1,555,10,miss u t
miss u urdu meaning,4,1,555,10,miss u u
miss u vs missed u,5,1,555,10,miss u v
miss u watch,3,1,555,10,miss u w
miss u yrr meaning in hindi,6,1,555,6,miss u y
miss you appa kavithai in tamil text,7,1,555,10,missing you app
miss you appu,3,1,555,10,miss you app
miss you bapu shayari on life,6,1,555,10,miss you shayari o
miss you best friend quotes in english,7,1,555,10,miss you best
miss you bestie captions for instagram for girl,8,1,555,10,miss you caption best
miss you bhai shayari rip in hindi,7,1,555,10,miss you shayari r
miss you bro,3,1,555,10,miss you b
miss you by zahzah,4,1,555,10,miss u z
miss you classmates quotes,4,1,555,10,miss you quotes c
miss you copy and paste,5,1,555,10,miss you c
miss you cricket shayari in hindi,6,1,555,10,miss you shayari c
miss you dad caption in english,6,1,555,10,miss you caption d
miss you dadi,3,1,555,10,miss you d
miss you everything meaning in hindi,6,1,555,10,miss you e
miss you forever quotes,4,1,555,10,miss you for
miss you freestyle lyrics,4,1,555,10,miss u free
miss you friends caption,4,1,555,10,miss you f
miss you grandfather,3,1,555,10,miss you g
miss you janu stylish name,5,1,555,10,miss you j
miss you jigri yaar shayari marathi,6,1,555,10,miss you shayari y
miss you jiju shayari in hindi,6,1,555,10,miss you shayari j
miss you ka reply,4,1,555,10,miss you k
miss you ki shayari in hindi,6,1,555,10,miss you shayari k
miss you love caption bangla,5,1,555,10,miss you caption l
miss you love quotes in tamil,6,1,555,10,miss you quotes l
miss you love shayari,4,1,555,10,miss you l
miss you mama quotes in marathi,6,1,555,10,miss you quotes m
miss you movie ott,4,1,555,10,miss you m
miss you my wife shayari in hindi,7,1,555,10,miss you shayari w
miss you nani shayari in hindi text,7,1,555,10,miss you shayari n
miss you niye caption english,5,1,555,10,miss you caption n
miss you no more,4,1,555,10,miss you without
miss you old memories in hindi,6,1,555,10,miss you o
miss you papa shayari urdu,5,1,555,10,miss you shayari u
miss you partner caption,4,1,555,10,miss you caption p
miss you pic,3,1,555,10,miss you p
miss you quotes bhai,4,1,555,10,miss you quotes b
miss you quotes death loved one,6,1,555,10,miss you quotes d
miss you quotes girl,4,1,555,10,miss you quotes g
miss you quotes shayari,4,1,555,10,miss you quotes s
miss you ringtone download mp3,5,1,555,10,miss you r
miss you shayari dadi maa,5,1,555,10,miss you shayari d
miss you shayari emoji,4,1,555,10,miss you shayari e
miss you shayari girlfriend,4,1,555,10,miss you shayari g
miss you shayari love sad,5,1,555,10,miss you shayari l
miss you shayari my love,5,1,555,10,miss you shayari m
miss you sister caption in marathi,6,1,555,10,miss you caption s
miss you sister shayari gujarati,5,1,555,10,miss you shayari s
miss you song template capcut,5,1,555,10,miss you template
miss you status for love,5,1,555,10,miss you status for
miss you tauji shayari in hindi,6,1,555,10,miss you shayari t
miss you too in hindi,5,1,555,10,miss you t
miss you unlimited,3,1,555,10,miss you u
miss you vn code,4,1,555,10,miss you v
miss you whatsapp status,4,1,555,10,miss you w
miss you with kiss gif,5,1,555,10,miss you with
miss you yaaro in hindi,5,1,555,10,miss you y
miss you zuchu ft rayvanny,5,1,555,10,miss you z
missing you all meaning,4,1,555,10,missing you a
missing you become my punishment,5,1,555,10,missing you b
missing you best friend in hindi,6,1,555,10,missing you best
missing you dearly meaning,4,1,555,10,missing you d
missing you everyday quotes for her,6,1,555,10,miss you quotes e
missing you extra today,4,1,555,10,missing you e
missing you family quotes,4,1,555,10,missing you f
missing you for her quotes,5,1,555,9,missing you for
missing you guys reply to friend,6,1,555,10,missing you g
missing you husband quotes,4,1,555,10,missing you h
missing you japanese song lyrics,5,1,555,10,missing you j
missing you ka reply kya de in english,8,1,555,10,missing you k
missing you like anything meaning,5,1,555,10,missing you l
missing you message for him,5,1,555,10,missing you m
missing you netflix episodes,4,1,555,10,missing you n
missing you no more,4,1,555,10,missing you without
missing you one line quotes,5,1,555,10,missing you o
missing you parents guide,4,1,555,10,missing you p
missing you quotes for friends,5,1,555,10,missing you q
missing you reply to friend,5,1,555,10,missing you r
missing you sister quotes,4,1,555,10,missing you s
missing you to meaning in hindi,6,1,555,10,missing you t
missing you until we meet again,6,1,555,10,missing you u
missing you video,3,1,555,10,missing you v
missing you web series review,5,1,555,10,missing you w
missing you with emoji,4,1,555,10,missing you with
missing you yoo seung ho,5,1,555,10,missing you y
shayari miss you bhaiya,4,1,555,10,miss you shayari b
thank you and miss you quotes,6,1,555,10,miss you quotes y
very miss you shayari,4,1,555,4,miss you shayari v
we will miss you template card,6,1,555,10,i miss you template
what miss universe live,4,1,555,10,what miss u
what you miss meaning,4,1,555,10,what miss you
what's i miss you in korean,6,1,555,10,what i miss you
when i miss you song,5,1,555,10,when i miss you
when miss universe 2025 schedule,5,1,555,10,when miss u
when you miss in hindi,5,1,555,10,when miss you
which miss universe crown is the most expensive,8,1,555,10,which miss u
who's miss universe thailand 2025,5,1,555,10,who miss u
why miss universe cote d ivoire,6,1,555,10,why miss u
will forever miss you quotes,5,1,555,6,is it miss you quotes
bestie miss you captions one word,6,1,554,11,miss you caption o
how do i miss you quotes,6,1,554,6,how miss you quotes
how i miss your mother,5,1,554,11,how i miss you
how much miss universe in india,6,1,554,11,how miss u
i miss you a lot meaning in kannada,8,1,554,11,i miss you a
i miss you ai generator,5,1,554,5,i miss you maker
i miss you appa meaning in tamil,7,1,554,11,i miss you app
i miss you bestie 100 times,6,1,554,11,i miss you best
i miss you bhai in hindi,6,1,554,11,i miss you b
i miss you caption for him,6,1,554,11,can i miss you caption
i miss you chacha,4,1,554,11,i miss you c
i miss you dada ji in hindi,7,1,554,11,i miss you d
i miss you emoji text copy and paste,8,1,554,11,i miss you e
i miss you family,4,1,554,11,i miss you f
i miss you forever meaning in bengali,7,1,554,11,i miss you for
i miss you guys a lot meaning in hindi,9,1,554,11,i miss you g
i miss you how to say in tamil,8,1,554,11,i miss you h
i miss you images,4,1,554,11,i miss you i
i miss you jaan in hindi,6,1,554,11,i miss you j
i miss you korean language,5,1,554,11,i miss you k
i miss you like the deserts miss the rain,9,1,554,11,i miss you l
i miss you meaning in malayalam,6,1,554,11,i miss you m
i miss you nana ji,5,1,554,11,i miss you n
i miss you not in a slint way,8,1,554,11,i miss you without
i miss you or i'm missing you,7,1,554,11,i miss you o
i miss you picture,4,1,554,11,i miss you p
i miss you qr code,5,1,554,11,i miss you q
i miss you re sweet heart lyrics,7,1,554,11,i miss you r
i miss you so much messages from the heart,9,1,554,11,i miss you s
i miss you status tamil,5,1,554,11,can i miss you status
i miss you to all meaning in hindi,8,1,554,11,i miss you t
i miss you ukulele chords,5,1,554,11,i miss you u
i miss you very much in korean,7,1,554,11,i miss you v
i miss you whatsapp status,5,1,554,11,i miss you w
i miss you with all my soul,7,1,554,11,i miss you with
i miss you xoxo meaning,5,1,554,11,i miss you x
i miss you you know it's true,7,1,554,11,i miss you y
i miss you zubeen the,5,1,554,11,i miss you z
i will missing you diddy,5,1,554,11,can i missing you
is miss universe live,4,1,554,11,is it miss u
miss u anna,3,1,554,11,miss u a
miss u appa dp images,5,1,554,11,miss u app
miss u bestie quotes short,5,1,554,11,miss u best
miss u bro,3,1,554,11,miss u b
miss u card for best friend,6,1,554,11,miss u c
miss u dp girl,4,1,554,11,miss u d
miss u everyday,3,1,554,11,miss u e
miss u good night,4,1,554,11,miss u g
miss u husband quotes in hindi,6,1,554,11,miss u h
miss u in zulu,4,1,554,11,miss u z
miss u jaan images,4,1,554,11,miss u j
miss u jeje quotes,4,1,554,11,miss you quotes j
miss u ka symbol,4,1,554,11,miss u k
miss u line,3,1,554,11,miss u l
miss u mummy,3,1,554,11,miss u m
miss u nanna quotes from daughter,6,1,554,11,miss u n
miss u other words in english,6,1,554,11,miss u o
miss u papa quotes from daughter,6,1,554,11,miss u p
miss u quotes dad,4,1,554,6,miss you status d
miss u quotes for friends,5,1,554,11,miss u q
miss u quotes hindi,4,1,554,7,miss you status h
miss u reply to friend,5,1,554,11,miss u r
miss u sister status for whatsapp,6,1,554,4,miss you status s
miss u song lyrics,4,1,554,11,miss u s
miss u too meaning,4,1,554,11,miss u t
miss u urdu,3,1,554,11,miss u u
miss u vintage,3,1,554,11,miss u v
miss u whatsapp sticker,4,1,554,11,miss u w
miss u yaar quotes,4,1,554,7,miss u y
miss universe karnataka 2026,4,1,554,11,miss u
miss you after goodbye dailymotion,5,1,554,11,miss you a
miss you ajoba status,4,1,554,11,miss you status a
miss you all captions for instagram,6,1,554,11,miss you caption a
miss you all shayari,4,1,554,11,miss you shayari a
miss you amma quotes in telugu,6,1,554,11,miss you quotes a
miss you app download,4,1,554,11,missing you app
miss you appa images,4,1,554,11,miss you app
miss you baba,3,1,554,11,miss you b
miss you baby caption,4,1,554,11,miss you caption b
miss you bestie captions funny,5,1,554,11,miss you caption best
miss you bestie meaning in hindi,6,1,554,11,miss you best
miss you bhai shayari gujarati om shanti,7,1,554,11,miss you shayari o
miss you caption for bestie,5,1,554,11,miss you caption with
miss you chacha shayari in hindi text,7,1,554,11,miss you shayari c
miss you children quotes,4,1,554,11,miss you quotes c
miss you college life quotes,5,1,554,11,miss you c
miss you cousin captions for instagram,6,1,554,11,miss you caption c
miss you dadi caption in hindi,6,1,554,11,miss you caption d
miss you didi,3,1,554,11,miss you d
miss you dost shayari urdu,5,1,554,11,miss you shayari u
miss you english meaning,4,1,554,11,miss you e
miss you for,3,1,554,11,miss u for
miss you for girlfriend,4,1,554,11,miss you for
miss you google,3,1,554,11,miss you g
miss you husband shayari in english text,7,1,554,11,miss you h
miss you ji shayari,4,1,554,11,miss you shayari j
miss you jija ji,4,1,554,11,miss you j
miss you ka meaning,4,1,554,11,miss you k
miss you kakosa shayari,4,1,554,11,miss you shayari k
miss you long caption,4,1,554,11,miss you caption l
miss you lot quotes,4,1,554,11,miss you l
miss you love quotes in marathi,6,1,554,11,miss you quotes l
miss you love quotes one line,6,1,554,11,miss you quotes o
miss you meaning in kannada text,6,1,554,11,miss you m
miss you mumma quotes,4,1,554,11,miss you quotes m
miss you my village quotes,5,1,554,11,miss you quotes v
miss you nanad shayari,4,1,554,11,miss you shayari n
miss you nani maa quotes in english,7,1,554,11,miss you n
miss you nanna captions for instagram,6,1,554,11,miss you caption n
miss you nanna quotes in english short,7,1,554,11,miss you quotes n
miss you new year shayari,5,1,554,11,miss you shayari y
miss you not meaning in urdu,6,1,554,11,miss you without
miss you oliver tree original song,6,1,554,11,miss you o
miss you papa shayari 2 line in hindi,8,1,554,11,miss you shayari p
miss you papa tattoo,4,1,554,11,miss you p
miss you quotes dog,4,1,554,11,miss you quotes d
miss you quotes him,4,1,554,11,miss you caption h
miss you quotes in english love,6,1,554,8,miss you status e
miss you quotes in english one line,7,1,554,11,miss you quotes e
miss you quotes son,4,1,554,11,miss you quotes s
miss you quotes to a friend,6,1,554,7,miss you status t
miss you quotes to wife,5,1,554,11,miss you quotes t
miss you rip quotes,4,1,554,11,miss you r
miss you shayari 2 line english for best friend,9,1,554,11,miss you shayari best
miss you shayari bf,4,1,554,11,miss you shayari b
miss you shayari didi,4,1,554,11,miss you shayari d
miss you shayari english 2 line with emoji,8,1,554,11,miss you shayari e
miss you shayari girl,4,1,554,11,miss you shayari g
miss you shayari hindi 2 line love with emoji,9,1,554,11,miss you shayari h
miss you shayari love marathi,5,1,554,11,miss you shayari l
miss you shayari maa in hindi,6,1,554,11,miss you shayari m
miss you sir shayari,4,1,554,11,miss you shayari s
miss you someone caption,4,1,554,11,miss you caption s
miss you spelling,3,1,554,11,miss you s
miss you tauji shayari,4,1,554,11,miss you shayari t
miss you too ka matlab,5,1,554,11,miss you t
miss you veer shayari in punjabi,6,1,554,5,miss you shayari v
miss you very badly quotes,5,1,554,11,miss you v
miss you wife captions for instagram,6,1,554,11,miss you caption w
miss you wife quotes in tamil,6,1,554,11,miss you quotes w
miss you wishes for love,5,1,554,11,miss you w
miss you xo,3,1,554,11,miss you x
miss you your voice,4,1,554,11,miss you y
miss. you jaan wali shayari,5,1,554,11,miss you shayari w
missing you amma quotes,4,1,554,11,missing you a
missing you best friend meaning in hindi,7,1,554,11,missing you best
missing you brother meaning in hindi,6,1,554,11,missing you b
missing you darling,3,1,554,11,missing you d
missing you every single day,5,1,554,11,missing you e
missing you format for him,5,1,554,10,missing you for
missing you funny quotes,4,1,554,11,missing you f
missing you gif for her,5,1,554,11,missing you g
missing you hurts differently in hindi,6,1,554,11,missing you h
missing you john waite lyrics,5,1,554,11,missing you j
missing you kannada songs,4,1,554,11,missing you k
missing you lines,3,1,554,11,missing you l
missing you movie ott,4,1,554,11,missing you m
missing you netflix korean,4,1,554,11,missing you n
missing you no of episodes,5,1,554,11,missing you without
missing you other language,4,1,554,11,missing you o
missing you poster,3,1,554,11,missing you p
missing you quotes for him long distance,7,1,554,11,missing you q
missing you rating netflix,4,1,554,11,missing you r
missing you so badly meaning in hindi,7,1,554,11,missing you s
missing you too is correct,5,1,554,11,missing you t
missing you ukulele,3,1,554,11,missing you u
missing you vanessa,3,1,554,11,missing you v
missing you watch online,4,1,554,11,missing you w
missing you with me,4,1,554,11,missing you with
missing you yeo jin goo,5,1,554,11,missing you y
quotes when you miss your mom,6,1,554,11,miss you quotes y
we miss you free images,5,1,554,11,i miss you free
we'll miss you template,4,1,554,11,i miss you template
what miss universe won,4,1,554,11,what miss u
what's i miss you in sign language,7,1,554,11,what i miss you
when i miss you for the rest of my life lyrics,11,1,554,11,when i miss you
when miss universe philippines 2025,5,1,554,11,when miss u
when you miss me quotes,5,1,554,7,when miss you quotes
which miss universe,3,1,554,11,which miss u
who's lose you to love me about,7,1,554,11,who miss you
who's miss universe 2022,4,1,554,11,who miss u
why miss universe 2024,4,1,554,11,why miss u
can miss universe have plastic surgery,6,1,553,12,can i miss u
emotional shayari miss you,4,1,553,12,miss you shayari e
how i miss you baby,5,1,553,12,how miss you
how i miss you tonight,5,1,553,12,how i miss you
how is miss universe jamaica,5,1,553,12,how miss u
how to say miss you quotes,6,1,553,7,how miss you quotes
i miss who you are not who you are in hindi,11,1,553,12,miss you without
i miss you a lot in hindi,7,1,553,12,i miss you a
i miss you appa quotes in tamil,7,1,553,12,i miss you app
i miss you bengali meaning,5,1,553,12,i miss you b
i miss you bestie gif,5,1,553,12,i miss you best
i miss you captions for boyfriend,6,1,553,12,can i miss you caption
i miss you card online,5,1,553,3,i miss you online
i miss you copy and paste 100 times,8,1,553,12,i miss you c
i miss you dad quotes,5,1,553,12,i miss you d
i miss you everything meaning in hindi,7,1,553,12,i miss you e
i miss you for the rest of my life,9,1,553,12,i miss you for
i miss you grandma rest in peace,7,1,553,12,i miss you g
i miss you how to tell in tamil,8,1,553,12,i miss you h
i miss you jaan shayari in hindi,7,1,553,12,i miss you j
i miss you ka matlab hindi mein,7,1,553,12,i miss you k
i miss you little extra today,6,1,553,12,i miss you l
i miss you meaning in number,6,1,553,12,i miss you m
i miss you nickname,4,1,553,12,i miss you n
i miss you not in some cheesy in hindi,9,1,553,12,i miss you without
i miss you oliver tree,5,1,553,12,i miss you o
i miss you papa in english,6,1,553,12,i miss you p
i miss you quotes for boyfriend,6,1,553,12,i miss you q
i miss you ra,4,1,553,12,i miss you r
i miss you shayari in english,6,1,553,12,i miss you s
i miss you status for girlfriend,6,1,553,12,can i miss you status
i miss you this moment meaning in hindi,8,1,553,12,i miss you t
i miss you until i close my eyes,8,1,553,12,i miss you u
i miss you vs i'm missing you,7,1,553,12,i miss you v
i miss you when i wake up before you,9,1,553,12,i miss you w
i miss you with me chords,6,1,553,12,i miss you with
i miss you xoxo,4,1,553,12,i miss you x
i miss you year,4,1,553,12,i miss you y
i miss you zubeen garg,5,1,553,12,i miss you z
if someone miss you quotes,5,1,553,8,is it miss you quotes
is miss universe a pageant,5,1,553,12,is it miss u
lose you,2,1,553,12,who miss you
miss him quotes with images,5,1,553,12,miss you quotes w
miss u all,3,1,553,12,miss u a
miss u appa quotes in tamil in english,8,1,553,12,miss u app
miss u best friend quotes in marathi,7,1,553,12,miss u best
miss u bhai shayari,4,1,553,12,miss u b
miss u captions for instagram,5,1,553,12,miss u c
miss u dad quotes in english,6,1,553,7,miss you status d
miss u dadi maa,4,1,553,12,miss u d
miss u everyone,3,1,553,12,miss u e
miss u father,3,1,553,12,miss u f
miss u grandma quotes in english,6,1,553,12,miss u g
miss u hubby caption,4,1,553,12,miss u h
miss u janu quotes,4,1,553,12,miss you quotes j
miss u jiju status,4,1,553,12,miss u j
miss u ka code word,5,1,553,12,miss u k
miss u lot in hindi,5,1,553,12,miss u l
miss u mister zee5,4,1,553,12,miss u z
miss u movie,3,1,553,12,miss u m
miss u nanna quotes in telugu,6,1,553,12,miss u n
miss u no,3,1,553,6,miss u without
miss u other languages,4,1,553,12,miss u o
miss u pictures,3,1,553,12,miss u p
miss u quotes for brother,5,1,553,12,miss u q
miss u reply to boyfriend,5,1,553,12,miss u r
miss u sister,3,1,553,12,miss u s
miss u too in hindi,5,1,553,12,miss u t
miss u velour doom,4,1,553,12,miss u v
miss u whatsapp status video download,6,1,553,12,miss u w
miss u young thug,4,1,553,8,miss u y
miss universe 2023,3,1,553,12,miss u
miss you aho shayari,4,1,553,12,miss you shayari a
miss you all meaning in hindi,6,1,553,12,miss you a
miss you amma quotes in tamil,6,1,553,12,miss you quotes a
miss you appa tattoo,4,1,553,12,miss you app
miss you bappa caption,4,1,553,12,miss you caption b
miss you best friend shayari gujarati,6,1,553,12,miss you shayari best
miss you bhai shayari,4,1,553,12,miss you b
miss you captions for instagram in hindi,7,1,553,12,miss you caption
miss you card for teacher message,6,1,553,12,miss you c
miss you cat captions for instagram,6,1,553,12,miss you caption c
miss you chachu quotes,4,1,553,12,miss you quotes c
miss you college shayari,4,1,553,12,miss you shayari c
miss you dada shayari gujarati,5,1,553,12,miss you shayari d
miss you dost shayari,4,1,553,12,miss you d
miss you everyday,3,1,553,12,miss you e
miss you father quotes,4,1,553,12,miss you f
miss you for everything,4,1,553,12,miss u for
miss you free download mp3,5,1,553,10,miss you free
miss you ganpati bappa visarjan quotes,6,1,553,12,miss you quotes v
miss you grandfather caption in marathi,6,1,553,12,miss you caption g
miss you grandmother,3,1,553,12,miss you g
miss you hubby images,4,1,553,12,miss you h
miss you husband caption in english,6,1,553,12,miss you caption h
miss you husband quotes in marathi,6,1,553,12,miss you quotes h
miss you husband quotes long distance,6,1,553,8,miss you status h
miss you jaan shayari for girlfriend,6,1,553,12,miss you shayari j
miss you jiju,3,1,553,12,miss you j
miss you ka short form,5,1,553,12,miss you k
miss you kaka shayari in hindi,6,1,553,12,miss you shayari k
miss you ke upar shayari,5,1,553,12,miss you shayari u
miss you lines kannada,4,1,553,12,miss you l
miss you maa shayari,4,1,553,12,miss you m
miss you mam quotes in english,6,1,553,12,miss you quotes m
miss you mere yaar shayari,5,1,553,12,miss you shayari y
miss you much quotes,4,1,553,8,miss you status m
miss you nani quotes in english,6,1,553,12,miss you quotes n
miss you niece captions for instagram,6,1,553,12,miss you caption n
miss you night shayari,4,1,553,12,miss you shayari n
miss you nishu bhai,4,1,553,12,miss you n
miss you open online course,5,1,553,11,miss you online
miss you ott,3,1,553,12,miss you o
miss you papa quotes on father's day,7,1,553,12,miss you quotes o
miss you papa shayari in hindi text,7,1,553,12,miss you shayari p
miss you papa status,4,1,553,12,miss you p
miss you quotes in english for friend,7,1,553,9,miss you status e
miss you quotes sinhala,4,1,553,12,miss you quotes s
miss you quotes to boyfriend,5,1,553,12,miss you quotes t
miss you quotes to her,5,1,553,8,miss you status t
miss you rotavator,3,1,553,12,miss you r
miss you school shayari,4,1,553,12,miss you shayari s
miss you shayari baby,4,1,553,12,miss you shayari b
miss you shayari gulzar,4,1,553,12,miss you shayari g
miss you shayari husband,4,1,553,12,miss you shayari h
miss you shayari mummy,4,1,553,12,miss you shayari m
miss you someone quotes,4,1,553,5,miss you status s
miss you symbol,3,1,553,12,miss you s
miss you tai caption in marathi,6,1,553,12,miss you caption t
miss you too meaning,4,1,553,12,miss you t
miss you too shayari,4,1,553,12,miss you shayari t
miss you traductor,3,1,553,6,i miss you maker
miss you veera shayari,4,1,553,6,miss you shayari v
miss you vijay,3,1,553,12,miss you v
miss you whatsapp dp,4,1,553,12,miss you w
miss you xora,3,1,553,12,miss you x
miss you year,3,1,553,12,miss you y
miss you. bhai wali shayari,5,1,553,12,miss you shayari w
missing with you meaning,4,1,553,12,missing you with
missing you a lot meaning,5,1,553,12,missing you a
missing you already caption,4,1,553,12,miss you caption a
missing you became my punishment hindi,6,1,553,12,missing you b
missing you best revenge,4,1,553,12,missing you best
missing you drawing,3,1,553,12,missing you d
missing you emoji text,4,1,553,12,missing you e
missing you for him messages,5,1,553,11,missing you for
missing you funny gif,4,1,553,12,missing you f
missing you girls,3,1,553,12,missing you g
missing you harlan coben series,5,1,553,12,missing you h
missing you instagram captions one word,6,1,553,12,miss you caption o
missing you john waite meaning,5,1,553,12,missing you j
missing you ka hindi matlab,5,1,553,12,missing you k
missing you little more today,5,1,553,12,missing you l
missing you maa meaning in hindi,6,1,553,12,missing you m
missing you name style,4,1,553,12,missing you n
missing you not,3,1,553,12,missing you without
missing you other ways to say,6,1,553,12,missing you o
missing you papa quotes in english,6,1,553,12,missing you p
missing you quotes death sister,5,1,553,12,miss you quotes d
missing you quotes for love,5,1,553,12,missing you q
missing you rotten tomatoes,4,1,553,12,missing you r
missing you so much meaning in telugu,7,1,553,12,missing you s
missing you telugu meaning,4,1,553,12,missing you t
missing you unconditionally meaning,4,1,553,12,missing you u
missing you verses,3,1,553,12,missing you v
missing you wiki,3,1,553,12,missing you w
p diddy i'll be missing you,6,1,553,12,can i missing you
quotes when you miss your daughter,6,1,553,12,miss you quotes y
radio i miss you 2026,5,1,553,3,i miss you 2026
shayari on miss you,4,1,553,12,miss you shayari o
that i m missing you,5,1,553,12,which i miss you
u miss u meaning in hindi,6,1,553,12,miss u u
we miss you meme template,5,1,553,12,i miss you template
we missed you free printable,5,1,553,12,i miss you free
what's i miss you in tagalog,6,1,553,12,what i miss you
what's up miss,3,1,553,12,what miss u
when i miss you dawn beyer lyrics,7,1,553,12,when i miss you
when i miss you quotes for him,7,1,553,4,when miss you caption
when miss universe preliminary competition 2025,6,1,553,12,when miss u
when you miss home quotes,5,1,553,8,when miss you quotes
who is missing you by diana ross about,8,1,553,12,who missing you
who's miss usa,3,1,553,12,who miss u
मिस यू दोस्त शायरी rip marathi,6,1,553,12,miss you shayari r
best love miss you shayari,5,1,552,13,miss you shayari best
can miss universe be married,5,1,552,13,can i miss u
how i miss you every single day,7,1,552,13,how i miss you
how much i miss you quotes short,7,1,552,8,how miss you quotes
how owns miss universe,4,1,552,13,how miss u
how to say miss u without saying it,8,1,552,7,miss u without
how we miss you,4,1,552,13,how miss you
i am going to miss you 2026,7,1,552,4,i miss you 2026
i miss u zuchu,4,1,552,13,miss u z
i miss you amma,4,1,552,13,i miss you a
i miss you appa kannada images,6,1,552,13,i miss you app
i miss you bestie meme,5,1,552,13,i miss you best
i miss you both of you meaning in hindi,9,1,552,13,i miss you b
i miss you caption for husband,6,1,552,13,can i miss you caption
i miss you chinese movie,5,1,552,13,i miss you c
i miss you dear friend,5,1,552,13,i miss you d
i miss you every single day,6,1,552,13,i miss you e
i miss you for the rest of my life lyrics,10,1,552,13,i miss you for
i miss you french,4,1,552,13,i miss you f
i miss you goblin lyrics,5,1,552,13,i miss you g
i miss you hubby in hindi,6,1,552,13,i miss you h
i miss you jan,4,1,552,13,i miss you j
i miss you ka jawab kya de,7,1,552,13,i miss you k
i miss you love shayari,5,1,552,13,i miss you l
i miss you meaning in telugu,6,1,552,13,i miss you m
i miss you no reason chinese drama,7,1,552,13,i miss you without
i miss you notification tone download,6,1,552,13,i miss you n
i miss you old free fire,6,1,552,13,i miss you free
i miss you other term,5,1,552,13,i miss you o
i miss you papa photo,5,1,552,13,i miss you p
i miss you quotes for love,6,1,552,13,i miss you q
i miss you ragnarok online,5,1,552,4,i miss you online
i miss you really in hindi,6,1,552,13,i miss you r
i miss you song lyrics,5,1,552,13,i miss you s
i miss you status bangla,5,1,552,13,can i miss you status
i miss you too in french,6,1,552,13,i miss you t
i miss you unconditionally meaning,5,1,552,13,i miss you u
i miss you voice note,5,1,552,13,i miss you v
i miss you wallpaper hd 4k,6,1,552,13,i miss you w
i miss you with red rose,6,1,552,13,i miss you with
i miss you xxl lany sweatshirt,6,1,552,13,i miss you x
i miss you yesterday,4,1,552,13,i miss you y
i will missing you so much,6,1,552,13,can i missing you
is miss usa,3,1,552,13,is it miss u
love you and miss you caption,6,1,552,3,miss you caption y
miss u appa quotes in tamil in english short,9,1,552,13,miss u app
miss u best reply,4,1,552,13,miss u best
miss u bhai in hindi,5,1,552,13,miss u b
miss u chacha status,4,1,552,13,miss u c
miss u dadi quotes,4,1,552,13,miss u d
miss u english meaning,4,1,552,13,miss u e
miss u full form,4,1,552,13,miss u f
miss u girlfriend quotes,4,1,552,13,miss u g
miss u hug gif,4,1,552,13,miss u h
miss u jaan stylish name,5,1,552,13,miss u j
miss u kaka quotes in english,6,1,552,13,miss u k
miss u love quotes in english,6,1,552,13,miss u l
miss u maa shayari in hindi,6,1,552,13,miss u m
miss u nana ji shayari,5,1,552,13,miss u n
miss u oliver,3,1,552,13,miss u o
miss u papa quotes short,5,1,552,13,miss u p
miss u papa status english,5,1,552,10,miss you status e
miss u papa status in marathi,6,1,552,13,miss you status p
miss u quotes for her,5,1,552,13,miss u q
miss u quotes sister,4,1,552,6,miss you status s
miss u quotes whatsapp status,5,1,552,13,miss you quotes w
miss u reply in english,5,1,552,13,miss u r
miss u stylish name,4,1,552,13,miss u s
miss u thatha,3,1,552,13,miss u t
miss u venezuela 2025,4,1,552,13,miss u v
miss u wife shayari in hindi,6,1,552,13,miss u w
miss u y'all,3,1,552,9,miss u y
miss you aai shayari marathi text,6,1,552,13,miss you shayari a
miss you all of you quotes,6,1,552,13,miss you quotes y
miss you always meaning in hindi,6,1,552,13,miss you a
miss you amma quotes in english,6,1,552,13,miss you quotes a
miss you appa in tamil,5,1,552,13,missing you app
miss you appa photo,4,1,552,13,miss you app
miss you appa whatsapp status video download,7,1,552,5,miss you status v
miss you baba quotes,4,1,552,13,miss you quotes b
miss you bestie images,4,1,552,13,miss you best
miss you both meaning in hindi,6,1,552,13,miss you b
miss you brother caption in marathi,6,1,552,13,miss you caption b
miss you brother quotes one line,6,1,552,13,miss you quotes o
miss you caption for family,5,1,552,13,miss you caption with
miss you captions for dog,5,1,552,13,miss you caption d
miss you captions for instagram for boy,7,1,552,13,miss you caption
miss you car quotes,4,1,552,13,miss you quotes c
miss you chacha ji,4,1,552,13,miss you c
miss you college captions,4,1,552,13,miss you caption c
miss you comedy shayari,4,1,552,13,miss you shayari c
miss you dada ji,4,1,552,13,miss you d
miss you dada ji caption,5,1,552,12,miss you caption j
miss you dost shayari 2 line,6,1,552,13,miss you shayari d
miss you emoji text,4,1,552,13,miss you e
miss you family,3,1,552,13,miss you f
miss you forever and ever,5,1,552,13,miss you for
miss you free printable cards,5,1,552,11,miss you free
miss you friends quotes kannada,5,1,552,3,miss you status k
miss you ganpati bappa visarjan quotes in english,8,1,552,13,miss you quotes v
miss you good night shayari,5,1,552,13,miss you shayari g
miss you her meaning in hindi,6,1,552,13,miss you h
miss you husband quotes in tamil,6,1,552,13,miss you quotes h
miss you jaan shayari in hindi text,7,1,552,13,miss you shayari j
miss you jan,3,1,552,13,miss you j
miss you ka emoji,4,1,552,13,miss you k
miss you kaleja shayari,4,1,552,13,miss you shayari k
miss you kanna quotes,4,1,552,13,miss you quotes k
miss you letter,3,1,552,13,miss you l
miss you love quotes in hindi,6,1,552,13,miss you quotes l
miss you mama ji quotes in hindi,7,1,552,13,miss you quotes j
miss you mom captions for instagram,6,1,552,13,miss you caption m
miss you mom quotes in english,6,1,552,13,miss you quotes m
miss you mummy,3,1,552,13,miss you m
miss you my village shayari,5,1,552,7,miss you shayari v
miss you nanna quotes telugu,5,1,552,13,miss you status n
miss you navroba shayari,4,1,552,13,miss you shayari n
miss you papa quotes hindi,5,1,552,9,miss you status h
miss you papa status gujarati text,6,1,552,8,miss you status g
miss you papa wali shayari,5,1,552,13,miss you shayari w
miss you quotes short for her,6,1,552,13,miss you quotes s
miss you quotes teacher,4,1,552,13,miss you quotes t
miss you ronaldo,3,1,552,13,miss you r
miss you rumi quotes,4,1,552,13,miss you quotes r
miss you shayari babu,4,1,552,13,miss you shayari b
miss you shayari english for girlfriend,6,1,552,13,miss you shayari e
miss you shayari husband ke liye,6,1,552,13,miss you shayari h
miss you shayari love romantic for girlfriend,7,1,552,13,miss you shayari l
miss you sister shayari 2 line in hindi,8,1,552,13,miss you shayari s
miss you status,3,1,552,13,miss you s
miss you tai shayari,4,1,552,13,miss you shayari t
miss you to quotes,4,1,552,9,miss you status t
miss you to the moon and back,7,1,552,13,miss you t
miss you urdu mein,4,1,552,13,miss you u
miss you video instagram,4,1,552,13,miss you v
miss you x memories,4,1,552,13,miss you x
miss you शायरी हिंदी,4,1,552,13,miss you shayari 
missed you atau miss you,5,1,552,7,i miss you maker
missing you a little more today,6,1,552,13,missing you a
missing you become my punishment in hindi,7,1,552,13,missing you b
missing you best friend in heaven,6,1,552,13,missing you best
missing you by brandy,4,1,552,13,missing you y
missing you didi,3,1,552,13,missing you d
missing you every single day meaning,6,1,552,13,missing you e
missing you for him long distance,6,1,552,12,missing you for
missing you funny meme,4,1,552,13,missing you f
missing you good morning message,5,1,552,13,missing you g
missing you hardly meaning in hindi,6,1,552,13,missing you h
missing you john waite lyrics meaning,6,1,552,13,missing you j
missing you korean movie ott,5,1,552,13,missing you k
missing you lot meaning in telugu,6,1,552,13,missing you l
missing you mashup 2026,4,1,552,13,missing you 2026
missing you my love quotes,5,1,552,13,missing you m
missing you nanna quotes,4,1,552,13,missing you n
missing you no,3,1,552,13,missing you without
missing you on father's day,5,1,552,13,missing you o
missing you papa in heaven,5,1,552,13,missing you p
missing you quotes for wife,5,1,552,13,missing you q
missing you right now quotes,5,1,552,13,missing you r
missing you shayari,3,1,552,13,missing you s
missing you too much,4,1,552,13,missing you t
missing you uk,3,1,552,13,missing you u
missing you vzw,3,1,552,13,missing you v
missing you website,3,1,552,13,missing you w
ole miss university online degrees,5,1,552,4,miss u online
papa miss you quotes marathi,5,1,552,9,miss you status m
say that i miss you,5,1,552,13,which i miss you
shayari on miss you papa,5,1,552,13,miss you shayari o
sorry we missed you template,5,1,552,13,i miss you template
u miss u im sorry,5,1,552,13,miss u u
what us miss,3,1,552,13,what miss u
what's i miss you in chinese,6,1,552,13,what i miss you
when i miss you chinese drama,6,1,552,13,when i miss you
when miss universe 2025 time,5,1,552,13,when miss u
where you missing meaning in hindi,6,1,552,6,which miss you
which miss universe won,4,1,552,13,which miss u
who is i miss you im sorry about,8,1,552,13,who i miss you
who is miss you man about,6,1,552,13,who miss you
who miss usa 2025,4,1,552,13,who miss u
who was missing you by brandy about,7,1,552,13,who missing you
why i miss you in tagalog,6,1,552,13,why i miss you
why miss you,3,1,552,13,why miss u
will i miss you forever,5,1,552,13,can i miss you
yaari miss you shayari,4,1,552,13,miss you shayari y
मिस यू दोस्त शायरी rip hindi,6,1,552,13,miss you shayari r
मिस यू माँ शायरी gujarati,5,1,552,3,miss you shayari maker
2 line intezaar miss you yaad shayari,7,1,551,14,miss you shayari y
appa miss you quotes kannada,5,1,551,4,miss you status k
baby that i miss you,5,1,551,14,which i miss you
best friend miss you shayari for girl,7,1,551,14,miss you shayari best
can miss universe have tattoos,5,1,551,14,can i miss u
do you miss me like i miss you quotes,9,1,551,8,i miss you maker
how i miss him quotes,5,1,551,9,how miss you quotes
how i miss you mom quotes,6,1,551,14,how i miss you
how i miss you quotes for him,7,1,551,3,how miss you caption
how is miss universe 2024,5,1,551,14,how miss u
how much miss you reply,5,1,551,14,how miss you
how's the misses,3,1,551,3,how miss you status
i miss japan caption,4,1,551,13,miss you caption j
i miss u caption,4,1,551,14,miss you caption u
i miss you 2019 watch online,6,1,551,5,i miss you online
i miss you all time meaning in hindi,8,1,551,14,i miss you a
i miss you appa quotes kannada short in english,9,1,551,14,i miss you app
i miss you bestie funny,5,1,551,14,i miss you best
i miss you beta,4,1,551,14,i miss you b
i miss you caption for girlfriend,6,1,551,14,can i miss you caption
i miss you come here lyrics,6,1,551,14,i miss you c
i miss you dad song,5,1,551,14,i miss you d
i miss you everything,4,1,551,14,i miss you e
i miss you father quotes,5,1,551,14,i miss you f
i miss you for the rest of my life chords,10,1,551,14,i miss you for
i miss you grandma quotes,5,1,551,14,i miss you g
i miss you home,4,1,551,14,i miss you h
i miss you in kannada meaning,6,1,551,14,i miss you in
i miss you ji in hindi,6,1,551,14,i miss you j
i miss you ka code,5,1,551,14,i miss you k
i miss you lyrics blink 182,6,1,551,14,i miss you l
i miss you mummy,4,1,551,14,i miss you m
i miss you not meaning,5,1,551,14,i miss you without
i miss you note,4,1,551,14,i miss you n
i miss you often meaning,5,1,551,14,i miss you o
i miss you papa shayari in english,7,1,551,14,i miss you p
i miss you physically meaning,5,1,551,5,i miss you 2026
i miss you quotes for him long distance,8,1,551,14,i miss you q
i miss you rip,4,1,551,14,i miss you r
i miss you so much in tamil,7,1,551,14,i miss you s
i miss you status for whatsapp,6,1,551,14,can i miss you status
i miss you stickers free,5,1,551,14,i miss you free
i miss you text,4,1,551,14,i miss you t
i miss you unud,4,1,551,14,i miss you u
i miss you video download,5,1,551,14,i miss you v
i miss you whatsapp dp,5,1,551,14,i miss you w
i miss you with all my heart meaning,8,1,551,14,i miss you with
i miss you with numbers,5,1,551,14,missing you with
i miss you xxl lany lyrics,6,1,551,14,i miss you x
i miss you yes i do,6,1,551,14,i miss you y
i miss you zulu translation,5,1,551,14,i miss you z
i will missing you quotes,5,1,551,14,can i missing you
is miss universe mexico,4,1,551,14,is it miss u
is miss you more than life,6,1,551,14,is it miss you
love is missing you quotes,5,1,551,10,is it miss you quotes
miss u amma status,4,1,551,14,miss u a
miss u appa quotes in english for instagram,8,1,551,14,miss u app
miss u asia zena,4,1,551,14,miss u z
miss u best in national costume 2025,7,1,551,14,miss u best
miss u bracelet,3,1,551,14,miss u b
miss u cat quotes,4,1,551,14,miss u c
miss u dada quotes,4,1,551,14,miss u d
miss u enna sara,4,1,551,14,miss u e
miss u father in law quotes,6,1,551,14,miss u f
miss u grandfather,3,1,551,14,miss u g
miss u hindi shayari,4,1,551,14,miss u h
miss u jelly beans,4,1,551,14,miss u j
miss u ke liye emoji,5,1,551,14,miss u k
miss u like hell meaning,5,1,551,14,miss u l
miss u my love quotes,5,1,551,14,miss u m
miss u nanu quotes,4,1,551,14,miss u n
miss u outta sight,4,1,551,14,miss u o
miss u papa tattoo,4,1,551,14,miss u p
miss u philippines 2026 time,5,1,551,14,miss u 2026
miss u quotes for husband short,6,1,551,14,miss u q
miss u reply to girlfriend,5,1,551,14,miss u r
miss u synonyms,3,1,551,14,miss u s
miss u tablet,3,1,551,14,miss u t
miss u voting,3,1,551,14,miss u v
miss u wallpaper girl,4,1,551,14,miss u w
miss u young thug lyrics,5,1,551,10,miss u y
miss universe 2025 winner,4,1,551,14,miss u
miss you 3000,3,1,551,14,miss you x
miss you after the apocalypse,5,1,551,14,miss you a
miss you always shayari,4,1,551,14,miss you shayari a
miss you appa thought,4,1,551,14,miss you app
miss you appaji quotes,4,1,551,14,miss you quotes app
miss you application,3,1,551,14,missing you app
miss you best friend lines,5,1,551,14,miss you best
miss you bestie quotes short in english,7,1,551,14,miss you quotes best
miss you bhai rip shayari gujarati,6,1,551,14,miss you shayari r
miss you bhau caption in marathi,6,1,551,14,miss you caption b
miss you brother quotes after death from sister,8,1,551,14,miss you quotes b
miss you card for kids,5,1,551,14,miss you c
miss you cat shayari,4,1,551,14,miss you shayari c
miss you chithappa quotes in tamil,6,1,551,14,miss you quotes c
miss you dad quotes english,5,1,551,11,miss you status e
miss you dad quotes in english,6,1,551,14,miss you quotes d
miss you dad quotes in kannada,6,1,551,14,miss you d
miss you dada ji status in hindi,7,1,551,3,miss you status j
miss you dada shayari gujarati text,6,1,551,14,miss you shayari d
miss you everyone,3,1,551,14,miss you e
miss you font style,4,1,551,14,miss you f
miss you for love quotes,5,1,551,14,miss u for
miss you forgot something audio,5,1,551,14,miss you for
miss you free fire india,5,1,551,12,miss you free
miss you friend caption english,5,1,551,14,miss you caption e
miss you grandma quotes in tamil,6,1,551,14,miss you quotes g
miss you husband quotes malayalam,5,1,551,14,miss you quotes h
miss you husband shayari in hindi,6,1,551,14,miss you h
miss you jaan shayari hindi 2 line,7,1,551,14,miss you shayari j
miss you jaan style name,5,1,551,14,miss you j
miss you ka reply kaise de,6,1,551,14,miss you k
miss you kaka quotes in hindi,6,1,551,14,miss you quotes k
miss you kareja shayari,4,1,551,14,miss you shayari k
miss you lines in english,5,1,551,14,miss you l
miss you lot quotes in english,6,1,551,14,miss you quotes l
miss you love captions for instagram,6,1,551,14,miss you caption l
miss you maa capcut template,5,1,551,14,miss you template
miss you maa quotes hindi,5,1,551,10,miss you status h
miss you mom,3,1,551,14,miss you m
miss you mom quotes in marathi,6,1,551,14,miss you quotes m
miss you mum quotes uk,5,1,551,14,miss you quotes u
miss you name style for instagram,6,1,551,14,miss you n
miss you nana quotes in hindi,6,1,551,14,miss you quotes n
miss you nanaji shayari in hindi,6,1,551,14,miss you shayari n
miss you opposite word in english,6,1,551,14,miss you o
miss you papa caption in marathi from daughter,8,1,551,14,miss you caption p
miss you papa ke upar shayari,6,1,551,14,miss you shayari u
miss you papa quotes from daughter,6,1,551,14,miss you status p
miss you papa quotes gujarati,5,1,551,9,miss you status g
miss you parents quotes,4,1,551,14,miss you quotes p
miss you photo frame online,5,1,551,13,miss you online
miss you quotes for long distance husband,7,1,551,5,miss you status l
miss you quotes short for boyfriend,6,1,551,14,miss you quotes s
miss you quotes to daughter,5,1,551,14,miss you quotes t
miss you romantic gif,4,1,551,14,miss you r
miss you roomie quotes,4,1,551,14,miss you quotes r
miss you sasur ji quotes in hindi,7,1,551,14,miss you quotes j
miss you shayari 2 line english with emoji,8,1,551,4,miss you shayari with
miss you shayari english for girl,6,1,551,14,miss you shayari e
miss you shayari for love in hindi,7,1,551,14,miss you shayari for
miss you shayari friend ke liye,6,1,551,14,miss you shayari f
miss you shayari gujarati papa,5,1,551,14,miss you shayari g
miss you shayari hindi 2 line love text,8,1,551,14,miss you shayari h
miss you shayari love romantic in hindi,7,1,551,14,miss you shayari l
miss you shayari mama,4,1,551,14,miss you shayari m
miss you sher shayari,4,1,551,14,miss you shayari s
miss you sister quotes one line,6,1,551,14,miss you quotes o
miss you sister whatsapp status video download,7,1,551,6,miss you status v
miss you so quotes,4,1,551,7,miss you status s
miss you to meaning in hindi,6,1,551,14,miss you t
miss you too shayari in hindi,6,1,551,14,miss you shayari t
miss you unique way,4,1,551,14,miss you u
miss you veere,3,1,551,14,miss you v
miss you waiting quotes,4,1,551,14,miss you quotes w
miss you website,3,1,551,14,miss you w
miss you wife quotes in english,6,1,551,14,miss you caption w
missing example,2,1,551,3,missing you 2027
missing you already,3,1,551,14,missing you a
missing you best songs,4,1,551,14,missing you best
missing you book,3,1,551,14,missing you b
missing you by john waite,5,1,551,14,missing you y
missing you daddy in heaven,5,1,551,14,missing you d
missing you everyday quotes,4,1,551,14,missing you e
missing you for my husband,5,1,551,13,missing you for
missing you funny images,4,1,551,14,missing you f
missing you gif romantic,4,1,551,14,missing you g
missing you hindi songs,4,1,551,14,missing you h
missing you in marathi,4,1,551,14,missing you in
missing you jack zhang lyrics,5,1,551,14,missing you j
missing you korean movie where to watch,7,1,551,14,missing you k
missing you love,3,1,551,14,missing you l
missing you meaning in bengali,5,1,551,14,missing you m
missing you netflix ending,4,1,551,14,missing you n
missing you no cap lyrics,5,1,551,14,missing you without
missing you on your birthday in heaven,7,1,551,14,missing you o
missing you plot,3,1,551,14,missing you p
missing you quotes for best friend,6,1,551,14,missing you q
missing you royal in hindi,5,1,551,14,missing you r
missing you so much quotes,5,1,551,14,missing you s
missing you so much template,5,1,551,11,missing you template
missing you the most meaning,5,1,551,14,missing you t
missing you uncle in heaven,5,1,551,14,missing you u
missing you vaines lyrics,4,1,551,14,missing you v
missing you wife images,4,1,551,14,missing you w
ole miss university online,4,1,551,5,miss u online
papa miss you shayari in marathi,6,1,551,14,miss you shayari p
quotes when you miss your sister,6,1,551,14,miss you quotes y
say i miss you without sounding needy,7,1,551,14,miss you without
shayari on miss you in hindi,6,1,551,14,miss you shayari o
sorry we missed you template word,6,1,551,14,i miss you template
vadil miss you quotes in marathi,6,1,551,14,miss you quotes v
very sad miss you shayari,5,1,551,8,miss you shayari v
what i miss you meaning in hindi,7,1,551,14,what i miss you
what if miss you for the rest of my life lyrics,11,1,551,14,what miss you
what is missing you by john waite about,8,1,551,14,what missing you
what miss do you use if you don't know,9,1,551,8,miss u without
when i miss him quotes,5,1,551,10,when miss you quotes
when i miss you meme,5,1,551,14,when i miss you
when miss usa 2025,4,1,551,14,when miss u
when you miss something quotes,5,1,551,6,when miss you caption
which miss universe 2025,4,1,551,14,which miss u
who is i miss you man about,7,1,551,14,who i miss you
who is miss you by oliver tree about,8,1,551,14,who miss you
who's in missing you netflix,5,1,551,14,who missing you
who's miss uganda 2025,4,1,551,14,who miss u
why i am missing you quotes,6,1,551,4,why miss you quotes
why i miss you poem,5,1,551,14,why i miss you
why i miss you quotes for him,7,1,551,3,why miss you caption
will i miss you for the rest of my life,10,1,551,14,can i miss you
zubeen garg miss you caption assamese,6,1,551,3,miss you caption z
मिस यू माँ शायरी 2 लाइन,6,1,551,4,miss you shayari maker
मिस यू शायरी,3,1,551,14,miss you shayari
can i say miss you,5,1,550,15,can i missing you
can miss usa be married,5,1,550,15,can i miss u
can you miss someone forever,5,1,550,6,i miss you 2026
do i miss you in tagalog,6,1,550,15,can i miss you
how can miss someone you never met,7,1,550,8,which miss you
how i miss you in tagalog,6,1,550,15,how miss you
how i miss you so much quotes,7,1,550,15,how i miss you
how much im missing you quotes,6,1,550,10,how miss you quotes
how much miss you,4,1,550,4,how miss you status
how won miss universe,4,1,550,15,how miss u
i miss vacation captions,4,1,550,13,miss you caption v
i miss you a lot meaning,6,1,550,15,i miss you a
i miss you appa quotes in english,7,1,550,15,i miss you app
i miss you baby meaning in hindi,7,1,550,15,i miss you b
i miss you best friend gif,6,1,550,15,i miss you best
i miss you caption for friends,6,1,550,15,can i miss you caption
i miss you chinese movie watch online,7,1,550,6,i miss you online
i miss you chocolate,4,1,550,15,i miss you c
i miss you clipart free,5,1,550,15,i miss you free
i miss you dada ji,5,1,550,15,i miss you d
i miss you everyday meaning,5,1,550,15,i miss you e
i miss you flower,4,1,550,15,i miss you f
i miss you for revenge,5,1,550,15,i miss you for
i miss you gif couple,5,1,550,15,i miss you g
i miss you hindi songs,5,1,550,15,i miss you h
i miss you im sorry,5,1,550,15,i miss you i
i miss you in tulu,5,1,550,15,i miss you in
i miss you japanese,4,1,550,15,i miss you j
i miss you ka code word,6,1,550,15,i miss you k
i miss you love quotes,5,1,550,15,i miss you l
i miss you meri jaan,5,1,550,15,i miss you m
i miss you nepali language,5,1,550,15,i miss you n
i miss you no 3 meters,6,1,550,15,i miss you without
i miss you onv kurup,5,1,550,15,i miss you o
i miss you papa song,5,1,550,15,i miss you p
i miss you quotes for her long distance,8,1,550,15,can i miss you quotes
i miss you quotes for wife,6,1,550,15,i miss you q
i miss you reply to friend,6,1,550,15,i miss you r
i miss you so much meaning,6,1,550,15,i miss you s
i miss you status in marathi,6,1,550,15,can i miss you status
i miss you too ka matlab,6,1,550,15,i miss you t
i miss you ugandan song,5,1,550,15,i miss you u
i miss you voice message download,6,1,550,15,i miss you v
i miss you with flowers,5,1,550,15,missing you with
i miss you word 1000 times,6,1,550,15,i miss you w
i miss you xxl chords,5,1,550,15,i miss you x
i miss you you know,5,1,550,15,i miss you y
i miss you you quotes,5,1,550,15,miss you quotes y
i miss you zach webb lyrics,6,1,550,15,i miss you z
is miss universe philippines,4,1,550,15,is it miss u
is miss you in french,5,1,550,15,is it miss you
love you miss you shayari,5,1,550,15,miss you shayari y
maa ke upar shayari miss you,6,1,550,15,miss you shayari u
make them miss you quotes,5,1,550,9,i miss you maker
make them miss you without chasing,6,1,550,15,miss you without
miss all of you quotes,5,1,550,5,miss you caption y
miss missed difference,3,1,550,9,miss u without
miss sunshine quotes,3,1,550,4,miss you caption z
miss u akka quotes,4,1,550,15,miss u a
miss u appa status tamil,5,1,550,15,miss u app
miss u badly,3,1,550,15,miss u b
miss u best friend quotes in hindi,7,1,550,15,miss u best
miss u capcut template,4,1,550,15,miss u c
miss u didi,3,1,550,15,miss u d
miss u emoji whatsapp,4,1,550,15,miss u e
miss u friends quotes short,5,1,550,15,miss u f
miss u good morning,4,1,550,15,miss u g
miss u hug,3,1,550,15,miss u h
miss u in malayalam,4,1,550,15,miss u in
miss u jeans,3,1,550,15,miss u j
miss u ki shayari,4,1,550,15,miss u k
miss u letter,3,1,550,15,miss u l
miss u love u images,5,1,550,15,miss u u
miss u maa status video,5,1,550,7,miss you status v
miss u mama,3,1,550,15,miss u m
miss u nana ji quotes,5,1,550,15,miss u n
miss u other term,4,1,550,15,miss u o
miss u papa shayari in hindi,6,1,550,15,miss u p
miss u ph 2026 date,5,1,550,15,miss u 2026
miss u quotes after death,5,1,550,15,miss u q
miss u really,3,1,550,15,miss u r
miss u shayari in english,5,1,550,15,miss u s
miss u those days meaning in marathi,7,1,550,15,miss u t
miss u velour doom lyrics,5,1,550,15,miss u v
miss u xaviersobased,3,1,550,15,miss you x
miss urologist and her ceo patient,6,1,550,15,miss u
miss vs missed meaning,4,1,550,8,miss you status b
miss what we had quotes,5,1,550,5,miss you quotes q
miss with you meaning,4,1,550,15,miss you with
miss you aho shayari marathi,5,1,550,15,miss you shayari a
miss you ajoba quotes in marathi text,7,1,550,15,miss you quotes a
miss you already movie,4,1,550,15,miss you a
miss you amma quotes kannada,5,1,550,5,miss you status k
miss you appa kavithai in english,6,1,550,15,missing you app
miss you appa lines,4,1,550,15,miss you app
miss you appa quotes in kannada in english,8,1,550,15,miss you quotes app
miss you bestie in english,5,1,550,15,miss you best
miss you bestie par shayari,5,1,550,15,miss you shayari best
miss you bestie quotes in english for girl,8,1,550,15,miss you quotes best
miss you bf caption,4,1,550,15,miss you caption b
miss you bhai capcut template,5,1,550,15,miss you template
miss you bhai om shanti shayari,6,1,550,15,miss you shayari o
miss you both quotes,4,1,550,15,miss you quotes b
miss you bracelet,3,1,550,15,miss you b
miss you cake,3,1,550,15,miss you c
miss you caption for niece,5,1,550,15,miss you caption with
miss you chachi shayari,4,1,550,15,miss you shayari c
miss you cricket quotes,4,1,550,15,miss you quotes c
miss you dad tattoo,4,1,550,15,miss you d
miss you dadaji quotes,4,1,550,15,miss you quotes d
miss you dadaji shayari english,5,1,550,15,miss you shayari d
miss you dost shayari 2 line english version,8,1,550,9,miss you shayari v
miss you ek shayari,4,1,550,15,miss you shayari e
miss you emoji gif,4,1,550,15,miss you e
miss you for dead person,5,1,550,15,miss you for
miss you for him quotes,5,1,550,15,miss u for
miss you friends status,4,1,550,15,miss you f
miss you ganpati bappa visarjan quotes marathi,7,1,550,15,miss you quotes v
miss you gift,3,1,550,15,miss you g
miss you grandmother quotes in english,6,1,550,15,miss you quotes g
miss you home,3,1,550,15,miss you h
miss you husband quotes in hindi,6,1,550,15,miss you quotes h
miss you in german,4,1,550,15,miss you in
miss you jaan emoji,4,1,550,15,miss you j
miss you jaan shayari copy,5,1,550,15,miss you shayari j
miss you ke liye emoji,5,1,550,15,miss you k
miss you krishna quotes,4,1,550,15,miss you quotes k
miss you legend,3,1,550,15,miss you l
miss you legend quotes,4,1,550,15,miss you quotes l
miss you love captions for instagram marathi,7,1,550,15,miss you caption l
miss you mama,3,1,550,15,miss you m
miss you mama quotes in marathi for instagram,8,1,550,15,miss you quotes m
miss you mata rani shayari,5,1,550,15,miss you shayari r
miss you meaning in,4,1,550,11,miss you status m
miss you my son status,5,1,550,8,miss you status s
miss you nana ji caption,5,1,550,14,miss you caption j
miss you nana ji in hindi,6,1,550,15,miss you n
miss you nana ji quotes in hindi,7,1,550,15,miss you quotes j
miss you nanna quotes short,5,1,550,15,miss you status n
miss you nanu quotes,4,1,550,15,miss you quotes n
miss you old free fire,5,1,550,13,miss you free
miss you oliver tree original,5,1,550,15,miss you o
miss you papa in hindi,5,1,550,15,miss you p
miss you papa quotes after death,6,1,550,15,miss you status p
miss you papa shayari for daughter,6,1,550,15,miss you shayari p
miss you partner quotes,4,1,550,15,miss you quotes p
miss you photo frame online free,6,1,550,14,miss you online
miss you queen shayari,4,1,550,3,miss you shayari q
miss you quotes for one sided love,7,1,550,15,miss you quotes o
miss you quotes in english for sister,7,1,550,12,miss you status e
miss you reels,3,1,550,15,miss you r
miss you rip quotes for loved ones,7,1,550,15,miss you quotes r
miss you sad caption bangla,5,1,550,15,miss you caption s
miss you shayari bangla text,5,1,550,15,miss you shayari b
miss you shayari ghalib,4,1,550,15,miss you shayari g
miss you shayari in hindi with emoji,7,1,550,5,miss you shayari with
miss you shayari marathi friend,5,1,550,15,miss you shayari m
miss you sister shayari 2 line english,7,1,550,15,miss you shayari s
miss you synonyms,3,1,550,15,miss you s
miss you tamil movie,4,1,550,15,miss you t
miss you tauji shayari in hindi text,7,1,550,15,miss you shayari t
miss you thinking of you quotes,6,1,550,3,miss you quotes x
miss you update,3,1,550,15,miss you u
miss you virat kohli,4,1,550,15,miss you v
miss you wife shayari in hindi,6,1,550,15,miss you w
miss you winter quotes,4,1,550,15,miss you quotes w
miss you yaaro shayari,4,1,550,15,miss you y
miss you शायरी इन हिंदी,5,1,550,15,miss you shayari n
missing already meaning,3,1,550,4,missing you 2027
missing mail claim status,4,1,550,10,miss you status g
missing you 2012 watch online,5,1,550,8,missing you online
missing you always,3,1,550,15,missing you a
missing you bhai in hindi,5,1,550,15,missing you b
missing you by diana ross,5,1,550,15,missing you y
missing you deeply,3,1,550,15,missing you d
missing you emoji face,4,1,550,15,missing you e
missing you for him quotes,5,1,550,14,missing you for
missing you guys a little extra today,7,1,550,15,missing you g
missing you here meaning,4,1,550,15,missing you h
missing you in different ways,5,1,550,15,missing you in
missing you john waite movie,5,1,550,15,missing you j
missing you kdrama total episodes,5,1,550,15,missing you k
missing you lately meaning,4,1,550,15,missing you l
missing you message for her,5,1,550,15,missing you m
missing you niece quotes,4,1,550,15,missing you n
missing you no matlab,4,1,550,15,missing you without
missing you ott platform,4,1,550,15,missing you o
missing you poster meme,4,1,550,15,missing you p
missing you quotes for her long distance,7,1,550,15,missing you q
missing you reels,3,1,550,15,missing you r
missing you sister meaning in hindi,6,1,550,15,missing you s
missing you so much template meme,6,1,550,12,missing you template
missing you terribly,3,1,550,15,missing you t
missing you uk series,4,1,550,15,missing you u
missing you where was it filmed,6,1,550,15,missing you w
poem that i miss you,5,1,550,15,which i miss you
southern miss university online,4,1,550,6,miss u online
what is miss you by oliver tree about,8,1,550,15,what miss you
what is missing you by harlan coben about,8,1,550,15,what missing you
what to post when you miss someone,7,1,550,11,miss you status t
what's i miss you in arabic,6,1,550,15,what i miss you
when i miss you in the morning when i see the sun,12,1,550,15,when i miss you
when miss universe 2025 final,5,1,550,15,when miss u
when you miss a man,5,1,550,15,when miss you
who is i miss you man by old dominion about,10,1,550,15,who i miss you
who is missing you by p diddy about,8,1,550,15,who missing you
who miss us,3,1,550,15,who miss u
who was miss you by aaliyah about,7,1,550,15,who miss you
why does my whatsapp status disappeared before 24 hours,9,1,550,6,when miss you status
why i miss you all the time,7,1,550,15,why i miss you
why we miss you,4,1,550,15,why miss you
zorrovian will miss u,4,1,550,15,miss u z
मिस यू माँ शायरी इन हिंदी 2 लाइन,8,1,550,5,miss you shayari maker
