suggestion,words,prefix_hits,relevance,best_rank,source_prefixes
what to give gifts for girlfriend,6,37,600,2,online gift for girlfriend c | online gift for girlfriend d | online gift for girlfriend f | online gift for girlfriend h | online gift for girlfriend i | online gift for girlfriend l | online gift for girlfriend m | online gift for girlfriend n | online gift for girlfriend o | online gift for girlfriend r | online gift for girlfriend s | online gift for girlfriend t | online gift for girlfriend u | online gift for girlfriend w | online gift for girlfriend y | online gift for girlfriend best | online gift for girlfriend free | online gift for girlfriend for | online gift for girlfriend in | how online gift for girlfriend | what online gift for girlfriend | when online gift for girlfriend | why online gift for girlfriend | which online gift for girlfriend | who online gift for girlfriend | gift for girlfriend free | gift for girlfriend without | gift for girlfriend app | gift for girlfriend maker | how gift for girlfriend | which gift for girlfriend | is it gift for girlfriend | surprise gift for girlfriend g | surprise gift for girlfriend p | surprise gift for girlfriend t | surprise gift for girlfriend for | is it surprise gift for girlfriend
online gift for girlfriend birthday,5,34,1250,1,online gift for girlfriend | online gift for girlfriend  | online gift for girlfriend b | online gift for girlfriend c | online gift for girlfriend d | online gift for girlfriend f | online gift for girlfriend h | online gift for girlfriend i | online gift for girlfriend l | online gift for girlfriend m | online gift for girlfriend n | online gift for girlfriend o | online gift for girlfriend r | online gift for girlfriend s | online gift for girlfriend t | online gift for girlfriend u | online gift for girlfriend v | online gift for girlfriend w | online gift for girlfriend y | online gift for girlfriend z | online gift for girlfriend best | online gift for girlfriend free | online gift for girlfriend online | online gift for girlfriend for | online gift for girlfriend in | online gift for girlfriend maker | online gift for girlfriend 2026 | online gift for girlfriend 2027 | how online gift for girlfriend | what online gift for girlfriend | when online gift for girlfriend | why online gift for girlfriend | which online gift for girlfriend | who online gift for girlfriend
what can i gift my girlfriend,6,26,600,2,online gift for girlfriend c | online gift for girlfriend d | online gift for girlfriend f | online gift for girlfriend h | online gift for girlfriend i | online gift for girlfriend l | online gift for girlfriend m | online gift for girlfriend n | online gift for girlfriend o | online gift for girlfriend r | online gift for girlfriend s | online gift for girlfriend t | online gift for girlfriend u | online gift for girlfriend v | online gift for girlfriend w | online gift for girlfriend y | online gift for girlfriend for | online gift for girlfriend in | online gift for girlfriend maker | how online gift for girlfriend | what online gift for girlfriend | gift for girlfriend without | gift for girlfriend app | gift for girlfriend maker | how gift for girlfriend | surprise gift for girlfriend online
online gift for girlfriend,4,22,1250,1,online gift for girlfriend  | online gift for girlfriend c | online gift for girlfriend d | online gift for girlfriend f | online gift for girlfriend h | online gift for girlfriend i | online gift for girlfriend n | online gift for girlfriend s | online gift for girlfriend v | online gift for girlfriend w | online gift for girlfriend in | how online gift for girlfriend | what online gift for girlfriend | when online gift for girlfriend | why online gift for girlfriend | which online gift for girlfriend | who online gift for girlfriend | online gift | online gift f | online gift with | online gift for | online gift in
online gift for girlfriend india,5,22,601,1,online gift for girlfriend c | online gift for girlfriend d | online gift for girlfriend f | online gift for girlfriend h | online gift for girlfriend l | online gift for girlfriend m | online gift for girlfriend n | online gift for girlfriend o | online gift for girlfriend r | online gift for girlfriend s | online gift for girlfriend t | online gift for girlfriend u | online gift for girlfriend v | online gift for girlfriend w | online gift for girlfriend y | online gift for girlfriend z | online gift for girlfriend free | online gift for girlfriend online | online gift for girlfriend for | online gift for girlfriend maker | online gift for girlfriend 2026 | online gift for girlfriend 2027
surprise gift for girlfriend birthday,5,21,1252,1,surprise gift for girlfriend | surprise gift for girlfriend  | surprise gift for girlfriend b | surprise gift for girlfriend c | surprise gift for girlfriend e | surprise gift for girlfriend g | surprise gift for girlfriend l | surprise gift for girlfriend n | surprise gift for girlfriend p | surprise gift for girlfriend r | surprise gift for girlfriend s | surprise gift for girlfriend w | surprise gift for girlfriend z | surprise gift for girlfriend 2026 | surprise gift for girlfriend 2027 | how surprise gift for girlfriend | what surprise gift for girlfriend | when surprise gift for girlfriend | why surprise gift for girlfriend | which surprise gift for girlfriend | who surprise gift for girlfriend
what should i gift my girlfriend,6,19,556,6,online gift for girlfriend c | online gift for girlfriend d | online gift for girlfriend f | online gift for girlfriend h | online gift for girlfriend l | online gift for girlfriend m | online gift for girlfriend r | online gift for girlfriend s | online gift for girlfriend t | online gift for girlfriend u | online gift for girlfriend v | online gift for girlfriend w | online gift for girlfriend y | online gift for girlfriend best | online gift for girlfriend for | how online gift for girlfriend | gift for girlfriend maker | how gift for girlfriend | is it gift for girlfriend
surprise gift ideas for girlfriend,5,18,600,2,surprise gift for girlfriend c | surprise gift for girlfriend e | surprise gift for girlfriend g | surprise gift for girlfriend l | surprise gift for girlfriend n | surprise gift for girlfriend p | surprise gift for girlfriend q | surprise gift for girlfriend r | surprise gift for girlfriend s | surprise gift for girlfriend t | surprise gift for girlfriend u | surprise gift for girlfriend v | surprise gift for girlfriend w | surprise gift for girlfriend y | surprise gift for girlfriend online | surprise gift for girlfriend with | surprise gift for girlfriend for | is it surprise gift for girlfriend
surprise gift for girlfriend,4,16,601,1,surprise gift for girlfriend  | surprise gift for girlfriend c | surprise gift for girlfriend e | surprise gift for girlfriend g | surprise gift for girlfriend n | surprise gift for girlfriend p | surprise gift for girlfriend r | surprise gift for girlfriend s | surprise gift for girlfriend u | surprise gift for girlfriend v | surprise gift for girlfriend x | surprise gift for girlfriend with | when surprise gift for girlfriend | why surprise gift for girlfriend | which surprise gift for girlfriend | who surprise gift for girlfriend
long distance gift ideas,4,14,1250,1,long distance gift | long distance gift  | long distance gift i | long distance gift k | long distance gift l | long distance gift n | long distance gift q | long distance gift t | long distance gift u | long distance gift x | long distance gift y | long distance gift free | long distance gift without | what long distance gift
surprise gift for girlfriend online,5,14,1250,3,gift for girlfriend online | surprise gift for girlfriend | surprise gift for girlfriend  | surprise gift for girlfriend o | surprise gift for girlfriend v | surprise gift for girlfriend x | surprise gift for girlfriend z | surprise gift for girlfriend maker | how surprise gift for girlfriend | what surprise gift for girlfriend | when surprise gift for girlfriend | why surprise gift for girlfriend | which surprise gift for girlfriend | who surprise gift for girlfriend
surprise gift for girlfriend on valentine's week,7,14,601,2,surprise gift for girlfriend | surprise gift for girlfriend  | surprise gift for girlfriend o | surprise gift for girlfriend v | surprise gift for girlfriend w | surprise gift for girlfriend with | surprise gift for girlfriend for | surprise gift for girlfriend in | how surprise gift for girlfriend | what surprise gift for girlfriend | when surprise gift for girlfriend | why surprise gift for girlfriend | which surprise gift for girlfriend | who surprise gift for girlfriend
long distance gift card,4,13,601,1,long distance gift c | long distance gift d | long distance gift e | long distance gift j | long distance gift k | long distance gift l | long distance gift t | long distance gift u | long distance gift x | long distance gift y | long distance gift z | long distance gift without | long distance gift 2026
surprise gifts for girlfriend on valentine's day,7,13,600,2,surprise gift for girlfriend | surprise gift for girlfriend d | surprise gift for girlfriend o | surprise gift for girlfriend v | surprise gift for girlfriend with | surprise gift for girlfriend for | surprise gift for girlfriend in | how surprise gift for girlfriend | what surprise gift for girlfriend | when surprise gift for girlfriend | why surprise gift for girlfriend | which surprise gift for girlfriend | who surprise gift for girlfriend
long distance gifts india,4,12,601,1,long distance gift e | long distance gift j | long distance gift k | long distance gift l | long distance gift t | long distance gift u | long distance gift x | long distance gift y | long distance gift in | long distance gift maker | long distance gift 2026 | long distance gift 2027
surprise gift for girlfriend at work,6,12,601,2,surprise gift for girlfriend | surprise gift for girlfriend  | surprise gift for girlfriend a | surprise gift for girlfriend w | surprise gift for girlfriend for | surprise gift for girlfriend in | how surprise gift for girlfriend | what surprise gift for girlfriend | when surprise gift for girlfriend | why surprise gift for girlfriend | which surprise gift for girlfriend | who surprise gift for girlfriend
online gift for girlfriend link,5,11,1250,1,online gift for girlfriend | online gift for girlfriend  | online gift for girlfriend l | how online gift for girlfriend | what online gift for girlfriend | when online gift for girlfriend | why online gift for girlfriend | which online gift for girlfriend | who online gift for girlfriend | online gift f | online gift for
surprise gift for girlfriend instant,5,11,601,2,surprise gift for girlfriend | surprise gift for girlfriend  | surprise gift for girlfriend i | surprise gift for girlfriend n | surprise gift for girlfriend in | how surprise gift for girlfriend | what surprise gift for girlfriend | when surprise gift for girlfriend | why surprise gift for girlfriend | which surprise gift for girlfriend | who surprise gift for girlfriend
surprise gift for gf ideas,5,11,600,2,surprise gift for girlfriend c | surprise gift for girlfriend e | surprise gift for girlfriend g | surprise gift for girlfriend p | surprise gift for girlfriend r | surprise gift for girlfriend v | surprise gift for girlfriend w | surprise gift for girlfriend x | surprise gift for girlfriend z | surprise gift for girlfriend 2026 | surprise gift for girlfriend 2027
what will be the best gift for girlfriend,8,11,558,3,online gift for girlfriend i | online gift for girlfriend n | online gift for girlfriend best | online gift for girlfriend in | what online gift for girlfriend | when online gift for girlfriend | why online gift for girlfriend | which online gift for girlfriend | which gift for girlfriend | is it gift for girlfriend | is it surprise gift for girlfriend
what should i give my girlfriend as a gift,9,11,556,5,online gift for girlfriend c | online gift for girlfriend d | online gift for girlfriend h | online gift for girlfriend i | online gift for girlfriend m | online gift for girlfriend s | online gift for girlfriend u | online gift for girlfriend v | online gift for girlfriend y | how gift for girlfriend | is it gift for girlfriend
long distance gift gift,4,10,601,1,long distance gift e | long distance gift j | long distance gift k | long distance gift l | long distance gift t | long distance gift u | long distance gift x | long distance gift y | long distance gift z | long distance gift 2026
surprise gift for girlfriend quotes,5,10,601,5,surprise gift for girlfriend | surprise gift for girlfriend  | surprise gift for girlfriend l | surprise gift for girlfriend q | how surprise gift for girlfriend | what surprise gift for girlfriend | when surprise gift for girlfriend | why surprise gift for girlfriend | which surprise gift for girlfriend | who surprise gift for girlfriend
surprise gift for girlfriend website,5,9,1251,2,surprise gift for girlfriend | surprise gift for girlfriend  | surprise gift for girlfriend w | how surprise gift for girlfriend | what surprise gift for girlfriend | when surprise gift for girlfriend | why surprise gift for girlfriend | which surprise gift for girlfriend | who surprise gift for girlfriend
virtual gift meaning,3,9,1251,1,virtual gift  | virtual gift m | virtual gift y | virtual gift with | virtual gift in | virtual gift without | virtual gift template | how virtual gift | why virtual gift
long distance gift online,4,9,1250,1,long distance gift  | long distance gift e | long distance gift j | long distance gift o | long distance gift x | long distance gift z | long distance gift free | long distance gift without | long distance gift maker
surprise gift for girlfriend anniversary,5,9,1250,1,surprise gift for girlfriend | surprise gift for girlfriend  | surprise gift for girlfriend a | how surprise gift for girlfriend | what surprise gift for girlfriend | when surprise gift for girlfriend | why surprise gift for girlfriend | which surprise gift for girlfriend | who surprise gift for girlfriend
surprise gift for girlfriend link,5,9,1250,1,surprise gift for girlfriend | surprise gift for girlfriend  | surprise gift for girlfriend l | how surprise gift for girlfriend | what surprise gift for girlfriend | when surprise gift for girlfriend | why surprise gift for girlfriend | which surprise gift for girlfriend | who surprise gift for girlfriend
online gift for girlfriend day,5,9,601,1,online gift for girlfriend | online gift for girlfriend  | online gift for girlfriend d | how online gift for girlfriend | what online gift for girlfriend | when online gift for girlfriend | why online gift for girlfriend | which online gift for girlfriend | who online gift for girlfriend
online gift for girlfriend website,5,9,601,1,online gift for girlfriend | online gift for girlfriend  | online gift for girlfriend w | how online gift for girlfriend | what online gift for girlfriend | when online gift for girlfriend | why online gift for girlfriend | which online gift for girlfriend | who online gift for girlfriend
surprise gift for girlfriend under 500,6,9,601,1,surprise gift for girlfriend | surprise gift for girlfriend  | surprise gift for girlfriend u | how surprise gift for girlfriend | what surprise gift for girlfriend | when surprise gift for girlfriend | why surprise gift for girlfriend | which surprise gift for girlfriend | who surprise gift for girlfriend
what to gift my girlfriend,5,9,554,4,online gift for girlfriend l | online gift for girlfriend m | online gift for girlfriend n | online gift for girlfriend r | online gift for girlfriend t | online gift for girlfriend w | online gift for girlfriend y | online gift for girlfriend in | gift for girlfriend app
surprise gifts for girlfriend reddit,5,8,601,1,surprise gift for girlfriend | surprise gift for girlfriend r | how surprise gift for girlfriend | what surprise gift for girlfriend | when surprise gift for girlfriend | why surprise gift for girlfriend | which surprise gift for girlfriend | who surprise gift for girlfriend
online gift girlfriend,3,8,600,2,virtual gift g | online gift for girlfriend l | online gift for girlfriend o | online gift for girlfriend r | online gift for girlfriend z | online gift for girlfriend 2026 | online gift for girlfriend 2027 | online gift g
surprise gifts for girlfriend nearby,5,8,600,2,surprise gift for girlfriend | surprise gift for girlfriend n | how surprise gift for girlfriend | what surprise gift for girlfriend | when surprise gift for girlfriend | why surprise gift for girlfriend | which surprise gift for girlfriend | who surprise gift for girlfriend
surprise gift ideas for her,5,8,554,3,surprise gift for girlfriend e | surprise gift for girlfriend q | surprise gift for girlfriend r | surprise gift for girlfriend s | surprise gift for girlfriend v | surprise gift for girlfriend w | surprise gift for girlfriend y | surprise gift for girlfriend with
surprise gift for girlfriend status,5,8,552,5,surprise gift for girlfriend c | surprise gift for girlfriend e | surprise gift for girlfriend l | surprise gift for girlfriend q | surprise gift for girlfriend s | surprise gift for girlfriend w | surprise gift for girlfriend with | surprise gift for girlfriend for
online gift delivery,3,7,1251,1,virtual gift d | digital gift d | online gift | online gift  | online gift d | online gift n | online gift online
digital gift ideas,3,7,1250,1,digital gift | digital gift  | digital gift i | digital gift n | digital gift y | digital gift with | digital gift in
long distance gift for girlfriend,5,7,1200,1,long distance gift | long distance gift  | long distance gift f | long distance gift n | long distance gift with | long distance gift for | long distance gift in
best online gift for girlfriend,5,7,601,1,online gift for girlfriend | online gift for girlfriend  | online gift for girlfriend b | online gift for girlfriend best | how online gift for girlfriend | which online gift for girlfriend | who online gift for girlfriend
long distance gift for him,5,7,601,2,long distance gift  | long distance gift f | long distance gift h | long distance gift n | long distance gift with | long distance gift for | long distance gift in
online best surprise gift for girlfriend on her birthday,9,7,601,1,online gift for girlfriend b | online gift for girlfriend h | online gift for girlfriend o | online gift for girlfriend s | online gift for girlfriend best | surprise gift for girlfriend h | surprise gift for girlfriend online
what is a virtual gift,5,7,600,2,virtual gift y | virtual gift with | virtual gift in | virtual gift without | virtual gift template | how virtual gift | which virtual gift
best surprise gift for girlfriend on valentine's day,8,7,560,5,surprise gift for girlfriend d | surprise gift for girlfriend o | surprise gift for girlfriend v | surprise gift for girlfriend best | surprise gift for girlfriend with | surprise gift for girlfriend for | surprise gift for girlfriend in
online gift ideas,3,6,1251,1,virtual gift i | online gift  | online gift i | online gift n | online gift without | online gift 2026
virtual gift website,3,6,1251,1,virtual gift | virtual gift  | virtual gift n | virtual gift w | virtual gift with | virtual gift without
online gift cards,3,6,1250,1,online gift | online gift  | online gift a | online gift c | online gift n | online gift x
surprise gift for girlfriend ideas,5,6,1250,1,surprise gift for girlfriend | surprise gift for girlfriend  | surprise gift for girlfriend i | surprise gift for girlfriend maker | surprise gift for girlfriend 2026 | surprise gift for girlfriend 2027
virtual gift card,3,6,1250,1,virtual gift | virtual gift  | virtual gift a | virtual gift c | virtual gift d | virtual gift v
virtual gift ideas,3,6,1250,1,virtual gift | virtual gift  | virtual gift i | virtual gift n | virtual gift y | virtual gift with
virtual gift online free,4,6,1250,2,virtual gift o | virtual gift y | virtual gift free | virtual gift online | virtual gift without | virtual gift template
virtual gift website free,4,6,850,2,virtual gift | virtual gift  | virtual gift n | virtual gift w | virtual gift with | virtual gift without
online gift delivery same day,5,6,601,4,virtual gift d | digital gift d | online gift | online gift  | online gift d | online gift online
what is a digital gift,5,6,600,2,digital gift y | digital gift in | digital gift without | digital gift template | which digital gift | is it digital gift
best surprise gift for girlfriend on anniversary,7,6,559,6,surprise gift for girlfriend a | surprise gift for girlfriend o | surprise gift for girlfriend best | surprise gift for girlfriend with | surprise gift for girlfriend for | surprise gift for girlfriend in
digital gift cards,3,5,1250,1,digital gift | digital gift  | digital gift a | digital gift c | digital gift n
online gift service,3,5,1250,2,virtual gift s | online gift | online gift  | online gift n | online gift s
virtual gift link free,4,5,1250,3,virtual gift | virtual gift  | virtual gift l | virtual gift n | virtual gift free
long distance gift for boyfriend,5,5,601,1,long distance gift  | long distance gift n | long distance gift with | long distance gift for | long distance gift in
long distance gift ideas for him,6,5,601,2,long distance gift | long distance gift  | long distance gift i | long distance gift j | long distance gift n
online gift card for girlfriend,5,5,601,1,online gift for girlfriend | online gift for girlfriend c | online gift a | online gift c | online gift x
online gift in pakistan,4,5,601,2,virtual gift i | virtual gift in | digital gift in | online gift with | online gift in
online gift maker for gf,5,5,601,1,virtual gift maker | online gift for girlfriend maker | digital gift maker | online gift m | online gift maker
online gift to girlfriend,4,5,601,1,virtual gift t | online gift for girlfriend t | online gift for girlfriend for | digital gift t | online gift t
what is surprise gift for girlfriend,6,5,601,1,surprise gift for girlfriend i | surprise gift for girlfriend w | how surprise gift for girlfriend | what surprise gift for girlfriend | is it surprise gift for girlfriend
which online gift cards is best,6,5,601,1,which virtual gift | which digital gift | what online gift | which online gift | who online gift
long distance gift for best friend,6,5,600,3,long distance gift  | long distance gift f | long distance gift with | long distance gift for | long distance gift in
long distance gift ideas for her,6,5,600,3,long distance gift | long distance gift  | long distance gift e | long distance gift i | long distance gift n
long distance gifts website,4,5,600,2,long distance gift e | long distance gift x | long distance gift z | long distance gift free | long distance gift maker
online best gift for girlfriend birthday,6,5,600,2,virtual gift best | online gift for girlfriend b | online gift for girlfriend best | digital gift best | online gift best
online gift delivery in india,5,5,600,2,virtual gift d | digital gift d | online gift d | online gift n | online gift online
online gift in dubai,4,5,600,3,virtual gift i | virtual gift in | digital gift in | online gift with | online gift in
surprise birthday gift for girlfriend in india,7,5,600,3,surprise gift for girlfriend i | surprise gift for girlfriend n | surprise gift for girlfriend with | surprise gift for girlfriend for | surprise gift for girlfriend in
virtual gift for free,4,5,600,3,virtual gift y | virtual gift with | virtual gift for | virtual gift in | virtual gift without
what is best surprise gift for girlfriend,7,5,600,2,surprise gift for girlfriend i | surprise gift for girlfriend w | how surprise gift for girlfriend | what surprise gift for girlfriend | is it surprise gift for girlfriend
long distance gift for her,5,5,562,3,long distance gift h | long distance gift n | long distance gift with | long distance gift for | long distance gift in
long distance gift for mom,5,5,560,5,long distance gift f | long distance gift n | long distance gift with | long distance gift for | long distance gift in
online gift to send,4,5,559,6,virtual gift t | digital gift t | online gift t | online gift with | online gift in
virtual gift link,3,4,1252,1,virtual gift | virtual gift  | virtual gift l | virtual gift n
online gift maker,3,4,1251,1,virtual gift maker | digital gift maker | online gift | online gift m
online gift website,3,4,1251,1,virtual gift w | digital gift w | online gift | online gift w
virtual gift for girlfriend,4,4,1251,1,virtual gift | virtual gift  | virtual gift f | virtual gift for
gift for boyfriend on his birthday,6,4,1250,1,gift for boyfriend | gift for boyfriend  | gift for boyfriend o | gift for boyfriend with
long distance gift box,4,4,1250,1,long distance gift | long distance gift  | long distance gift b | long distance gift n
online gift delivery in bangalore same day,7,4,1250,2,online gift | online gift  | online gift d | online gift online
online gift hampers,3,4,1250,1,virtual gift h | digital gift h | online gift  | online gift h
online gift maker free,4,4,1250,1,virtual gift maker | digital gift maker | online gift m | online gift maker
virtual gift box,3,4,1250,1,virtual gift | virtual gift  | virtual gift b | virtual gift n
virtual gift service,3,4,1250,1,virtual gift | virtual gift  | virtual gift n | virtual gift s
online gift card maker,4,4,1200,2,online gift  | online gift a | online gift c | online gift x
digital gift for boyfriend,4,4,1100,2,digital gift | digital gift  | digital gift f | digital gift for
digital gift cards free,4,4,1050,2,digital gift | digital gift  | digital gift a | digital gift c
virtual gift free,3,4,1050,3,virtual gift | virtual gift  | virtual gift f | virtual gift n
gift for boyfriend on anniversary,5,4,800,2,gift for boyfriend | gift for boyfriend  | gift for boyfriend o | gift for boyfriend with
gift for girlfriend on anniversary,5,4,800,3,gift for girlfriend | gift for girlfriend  | gift for girlfriend o | gift for girlfriend with
digital gift for birthday,4,4,700,3,digital gift  | digital gift f | digital gift with | digital gift for
digital gift for best friend,5,4,650,4,digital gift  | digital gift f | digital gift best | digital gift for
digital gift card amazon,4,4,601,3,digital gift a | digital gift c | digital gift d | digital gift n
free online gift for girlfriend,5,4,601,1,online gift for girlfriend | online gift for girlfriend f | online gift for girlfriend free | gift for girlfriend free
long distance gift under 1000,5,4,601,1,long distance gift u | long distance gift y | long distance gift without | long distance gift 2027
online gift card purchase,4,4,601,3,online gift a | online gift c | online gift n | online gift x
online gift for my girlfriend,5,4,601,1,online gift for girlfriend | online gift for girlfriend  | online gift for girlfriend m | online gift for girlfriend maker
online gift ideas for girlfriend,5,4,601,1,online gift for girlfriend | online gift for girlfriend  | online gift for girlfriend i | online gift i
surprise gift for girl best friend,6,4,601,1,surprise gift for girlfriend  | surprise gift for girlfriend b | surprise gift for girlfriend f | surprise gift for girlfriend best
virtual gift card maker,4,4,601,3,virtual gift a | virtual gift c | virtual gift v | virtual gift maker
virtual gift for birthday,4,4,601,2,virtual gift f | virtual gift with | virtual gift for | virtual gift in
which is the best surprise gift for girlfriend impress,9,4,601,1,surprise gift for girlfriend i | surprise gift for girlfriend t | surprise gift for girlfriend w | which surprise gift for girlfriend
birthday gift for girlfriend online sri lanka,7,4,600,3,online gift for girlfriend b | online gift for girlfriend l | online gift for girlfriend s | gift for girlfriend online
digital gift card roblox,4,4,600,4,digital gift a | digital gift c | digital gift d | digital gift n
long distance gift couple,4,4,600,2,long distance gift c | long distance gift j | long distance gift k | long distance gift 2026
online gift for birthday,4,4,600,3,online gift f | online gift with | online gift for | online gift in
surprise gift for girlfriend on birthday,6,4,600,3,surprise gift for girlfriend o | surprise gift for girlfriend with | surprise gift for girlfriend for | surprise gift for girlfriend in
virtual gift card how to use,6,4,600,4,virtual gift a | virtual gift c | virtual gift h | virtual gift v
what to gift online friend,5,4,600,2,online gift without | what online gift | why online gift | which online gift
best gift for girlfriend online shopping,6,4,562,3,online gift for girlfriend b | online gift for girlfriend s | online gift for girlfriend best | gift for girlfriend online
long distance gifts pinterest,4,4,561,4,long distance gift p | long distance gift z | long distance gift maker | long distance gift 2026
surprise gift for her meaning in hindi,7,4,561,4,surprise gift for girlfriend h | surprise gift for girlfriend i | surprise gift for girlfriend m | surprise gift for girlfriend in
virtual gift cards visa,4,4,561,4,virtual gift a | virtual gift c | virtual gift n | virtual gift v
digital gift card store,4,4,560,5,digital gift a | digital gift c | digital gift d | digital gift n
surprise gift for her love meaning in malayalam,8,4,560,4,surprise gift for girlfriend i | surprise gift for girlfriend l | surprise gift for girlfriend m | surprise gift for girlfriend in
best surprise gift for girlfriend on her birthday in india,10,4,559,6,surprise gift for girlfriend h | surprise gift for girlfriend i | surprise gift for girlfriend o | surprise gift for girlfriend best
long distance gift for husband,5,4,558,5,long distance gift f | long distance gift with | long distance gift for | long distance gift in
online gift delivery in usa,5,4,558,7,virtual gift d | digital gift d | online gift d | online gift online
digital gift card steam,4,4,557,8,digital gift a | digital gift c | digital gift d | digital gift n
long distance gift for men,5,4,557,8,long distance gift f | long distance gift m | long distance gift with | long distance gift for
long distance gift for sister,5,4,557,6,long distance gift f | long distance gift with | long distance gift for | long distance gift in
long distance gift for wife,5,4,555,8,long distance gift f | long distance gift with | long distance gift for | long distance gift in
long distance gift for dad,5,4,554,9,long distance gift f | long distance gift with | long distance gift for | long distance gift in
which gift can you give to your girlfriend,8,4,554,5,online gift for girlfriend c | online gift for girlfriend o | how online gift for girlfriend | who online gift for girlfriend
digital gift box,3,3,1251,1,digital gift | digital gift  | digital gift b
digital gift for girlfriend,4,3,1251,1,digital gift  | digital gift f | digital gift for
gift for boyfriend under 500,5,3,1251,1,gift for boyfriend | gift for boyfriend  | gift for boyfriend u
online gift box,3,3,1251,1,virtual gift b | online gift  | online gift b
online gift order,3,3,1251,1,virtual gift o | digital gift o | online gift o
online gift shops,3,3,1251,1,online gift | online gift  | online gift s
online gift vouchers,3,3,1251,1,online gift b | online gift n | online gift v
virtual gift link generator,4,3,1251,2,virtual gift | virtual gift  | virtual gift l
digital gift box free,4,3,1250,2,digital gift  | digital gift b | digital gift free
digital gift garden,3,3,1250,1,digital gift | digital gift  | digital gift g
digital gift maker,3,3,1250,1,digital gift | digital gift  | digital gift m
digital gift online,3,3,1250,1,digital gift o | digital gift with | digital gift without
digital gift website,3,3,1250,1,digital gift | digital gift  | digital gift w
gift for boyfriend birthday,4,3,1250,1,gift for boyfriend | gift for boyfriend  | gift for boyfriend b
gift for boyfriend day,4,3,1250,1,gift for boyfriend | gift for boyfriend  | gift for boyfriend d
gift for boyfriend expensive,4,3,1250,1,gift for boyfriend | gift for boyfriend  | gift for boyfriend e
gift for boyfriend handmade,4,3,1250,1,gift for boyfriend | gift for boyfriend  | gift for boyfriend h
gift for boyfriend ideas,4,3,1250,1,gift for boyfriend | gift for boyfriend  | gift for boyfriend i
gift for boyfriend under 200,5,3,1250,2,gift for boyfriend | gift for boyfriend  | gift for boyfriend u
gift for girlfriend birthday,4,3,1250,1,gift for girlfriend | gift for girlfriend  | gift for girlfriend b
gift for girlfriend day,4,3,1250,1,gift for girlfriend | gift for girlfriend  | gift for girlfriend d
gift for girlfriend ideas,4,3,1250,1,gift for girlfriend | gift for girlfriend  | gift for girlfriend i
gift for girlfriend under 500,5,3,1250,1,gift for girlfriend | gift for girlfriend  | gift for girlfriend u
long distance gift websites,4,3,1250,1,long distance gift | long distance gift  | long distance gift w
online gift app,3,3,1250,1,virtual gift app | online gift  | online gift a
online gift kaise bheje,4,3,1250,1,virtual gift k | digital gift k | online gift k
virtual gift for boyfriend,4,3,1250,2,virtual gift  | virtual gift f | virtual gift for
gift for girlfriend under 1000,5,3,1150,2,gift for girlfriend | gift for girlfriend  | gift for girlfriend u
online gift delivery bangalore,4,3,1100,3,online gift | online gift  | online gift d
virtual gift maker free,4,3,1050,1,virtual gift m | virtual gift free | virtual gift maker
gift for boyfriend under 1000,5,3,900,3,gift for boyfriend | gift for boyfriend  | gift for boyfriend u
gift for girlfriend under 200,5,3,851,3,gift for girlfriend | gift for girlfriend  | gift for girlfriend u
online gift shops near me,5,3,851,3,online gift | online gift  | online gift s
gift for girlfriend under 10000,5,3,850,4,gift for girlfriend | gift for girlfriend  | gift for girlfriend u
online gift store,3,3,850,4,virtual gift s | online gift  | online gift s
virtual gift for long distance boyfriend,6,3,850,3,virtual gift  | virtual gift f | virtual gift for
gift for boyfriend blinkit,4,3,750,2,gift for boyfriend | gift for boyfriend  | gift for boyfriend b
virtual gift card free,4,3,750,2,virtual gift a | virtual gift c | virtual gift v
online gift maker website,4,3,650,2,virtual gift maker | digital gift maker | online gift maker
gift for girlfriend under 2000,5,3,603,5,gift for girlfriend | gift for girlfriend  | gift for girlfriend u
gift for girlfriend under 5000,5,3,602,6,gift for girlfriend | gift for girlfriend  | gift for girlfriend u
digital gift online free,4,3,601,1,digital gift o | digital gift free | digital gift online
digital gift world,3,3,601,1,digital gift with | digital gift without | digital gift 2027
gift for boyfriend birthday ideas,5,3,601,3,gift for boyfriend | gift for boyfriend  | gift for boyfriend b
gift for boyfriend under 300,5,3,601,4,gift for boyfriend | gift for boyfriend  | gift for boyfriend u
gift for girlfriend birthday under 1000,6,3,601,2,gift for girlfriend | gift for girlfriend  | gift for girlfriend b
gift for girlfriend under 300,5,3,601,7,gift for girlfriend | gift for girlfriend  | gift for girlfriend u
long distance gift delivery,4,3,601,1,long distance gift d | long distance gift n | long distance gift online
online best gift,3,3,601,1,virtual gift best | digital gift best | online gift best
online gift for girlfriend on new year,7,3,601,1,online gift for girlfriend o | online gift for girlfriend 2026 | online gift for girlfriend 2027
online gift for girls,4,3,601,2,online gift for girlfriend  | online gift f | online gift for
online gift jordan,3,3,601,1,virtual gift j | digital gift j | online gift j
online gift karachi,3,3,601,2,virtual gift k | digital gift k | online gift k
online gift qatar,3,3,601,1,virtual gift q | digital gift q | online gift q
online gift templates,3,3,601,1,virtual gift template | digital gift template | online gift template
online gift uk delivery,4,3,601,2,virtual gift u | digital gift u | online gift u
online gift without address,4,3,601,1,virtual gift without | digital gift without | online gift without
online surprise gift for girlfriend,5,3,601,1,online gift for girlfriend | online gift for girlfriend  | online gift for girlfriend s
online zoo gift shop,4,3,601,1,virtual gift z | digital gift z | online gift z
unexpected surprise gift status in english for girlfriend,8,3,601,1,surprise gift for girlfriend e | surprise gift for girlfriend s | surprise gift for girlfriend u
virtual gift for best friend,5,3,601,5,virtual gift f | virtual gift best | virtual gift for
virtual gift for boyfriend free,5,3,601,1,virtual gift f | virtual gift for | gift for boyfriend free
what online gift card,4,3,601,1,what virtual gift | what digital gift | what online gift
a good surprise gift for my girlfriend,7,3,600,2,surprise gift for girlfriend a | surprise gift for girlfriend g | surprise gift for girlfriend m
digital gift item,3,3,600,2,digital gift y | digital gift in | digital gift 2027
e gift template,3,3,600,2,virtual gift template | digital gift template | online gift template
e gift zara,3,3,600,2,virtual gift z | digital gift z | online gift z
gift for boyfriend birthday under 500,6,3,600,4,gift for boyfriend | gift for boyfriend  | gift for boyfriend b
gift for boyfriend under 100,5,3,600,5,gift for boyfriend | gift for boyfriend  | gift for boyfriend u
gift for girlfriend blinkit,4,3,600,3,gift for girlfriend | gift for girlfriend  | gift for girlfriend b
gift for girlfriend under 100,5,3,600,8,gift for girlfriend | gift for girlfriend  | gift for girlfriend u
long distance gift two maps in one,7,3,600,2,long distance gift m | long distance gift o | long distance gift t
long distance relationship gift online,5,3,600,3,long distance gift o | long distance gift r | long distance gift online
online best gift for girlfriend,5,3,600,2,virtual gift best | digital gift best | online gift best
online gift card free,4,3,600,4,online gift a | online gift c | online gift x
online gift jaipur,3,3,600,2,virtual gift j | digital gift j | online gift j
online gift kerala,3,3,600,3,virtual gift k | digital gift k | online gift k
online gift maker for bf,5,3,600,4,virtual gift maker | digital gift maker | online gift maker
online gift qr code,4,3,600,2,virtual gift q | digital gift q | online gift q
online yorkdale gift card,4,3,600,2,virtual gift y | digital gift y | online gift y
online zift gift card,4,3,600,2,virtual gift z | digital gift z | online gift z
virtual gift for girlfriend free,5,3,600,2,virtual gift f | virtual gift for | gift for girlfriend free
what e gift card,4,3,600,2,what virtual gift | what digital gift | what online gift
digital gift cards visa,4,3,562,3,digital gift a | digital gift c | digital gift n
e gift jollibee,3,3,562,3,virtual gift j | digital gift j | online gift j
e gift zone,3,3,562,3,virtual gift z | digital gift z | online gift z
online best gift for wife on her birthday,8,3,562,3,virtual gift best | digital gift best | online gift best
online gift delivery sri lanka,5,3,562,3,virtual gift d | digital gift d | online gift online
online gift quiz,3,3,562,3,virtual gift q | digital gift q | online gift q
online zillions gift card stores,5,3,562,3,virtual gift z | digital gift z | online gift z
surprise gift for her meaning in malayalam,7,3,562,3,surprise gift for girlfriend i | surprise gift for girlfriend m | surprise gift for girlfriend in
digital gift cards australia,4,3,561,4,digital gift a | digital gift c | digital gift n
e gift free,3,3,561,4,virtual gift free | digital gift free | online gift free
e gift zalora,3,3,561,4,virtual gift z | digital gift z | online gift z
gift for girlfriend birthday under 500,6,3,561,4,gift for girlfriend | gift for girlfriend  | gift for girlfriend b
long distance gift ideas for girlfriend,6,3,561,4,long distance gift  | long distance gift i | long distance gift n
online gas gift cards,4,3,561,4,virtual gift g | digital gift g | online gift g
online jd gift card,4,3,561,4,virtual gift j | digital gift j | online gift j
online zillions gift card,4,3,561,4,virtual gift z | digital gift z | online gift z
what is digital gift card roblox,6,3,561,4,how digital gift | what digital gift | why digital gift
best surprise gift for girlfriend on her birthday,8,3,560,5,surprise gift for girlfriend h | surprise gift for girlfriend o | surprise gift for girlfriend best
e gift gas card,4,3,560,4,virtual gift g | digital gift g | online gift g
e gift john lewis,4,3,560,5,virtual gift j | digital gift j | online gift j
long distance gift ideas reddit,5,3,560,5,long distance gift  | long distance gift i | long distance gift n
online gift card website,4,3,560,5,online gift a | online gift c | online gift x
online gift delivery in pakistan,5,3,560,5,virtual gift d | digital gift d | online gift online
online gift for best friend,5,3,560,5,online gift f | online gift best | online gift for
online gift hampers for diwali,5,3,560,5,virtual gift h | digital gift h | online gift h
online google gift card,4,3,560,5,virtual gift g | digital gift g | online gift g
online order gift card,4,3,560,5,virtual gift o | digital gift o | online gift o
online qdoba gift card,4,3,560,5,virtual gift q | digital gift q | online gift q
valentine gift for girlfriend online shopping,6,3,560,5,online gift for girlfriend s | online gift for girlfriend v | gift for girlfriend online
virtual gift card website,4,3,560,5,virtual gift a | virtual gift c | virtual gift v
best surprise gift for girlfriend long distance,7,3,559,6,surprise gift for girlfriend d | surprise gift for girlfriend l | surprise gift for girlfriend best
e gift qr code,4,3,559,6,virtual gift q | digital gift q | online gift q
long distance gift for couples,5,3,559,6,long distance gift with | long distance gift for | long distance gift in
long distance gift ideas for boyfriend,6,3,559,6,long distance gift  | long distance gift i | long distance gift n
online best gift cards,4,3,559,6,virtual gift best | digital gift best | online gift best
online best valentine gift for girlfriend,6,3,559,3,online gift for girlfriend b | online gift for girlfriend v | online gift for girlfriend best
online gift card sell,4,3,559,6,online gift a | online gift c | online gift x
online gift delivery in australia,5,3,559,6,virtual gift d | digital gift d | online gift online
online gift happy birthday,4,3,559,6,virtual gift h | digital gift h | online gift h
online gift to pakistan,4,3,559,6,virtual gift t | digital gift t | online gift t
online one4all gift card,4,3,559,6,virtual gift o | digital gift o | online gift o
online youtube gift card,4,3,559,3,virtual gift y | digital gift y | online gift y
virtual gift card bob,4,3,559,6,virtual gift a | virtual gift c | virtual gift v
best surprise gift for girlfriend on her birthday amazon,9,3,558,7,surprise gift for girlfriend a | surprise gift for girlfriend h | surprise gift for girlfriend o
digital gift card maker,4,3,558,7,digital gift a | digital gift c | digital gift maker
digital gift cards canada,4,3,558,7,digital gift a | digital gift c | digital gift n
e gift in,3,3,558,4,virtual gift in | digital gift in | online gift in
long distance gift for bf,5,3,558,7,long distance gift with | long distance gift for | long distance gift in
online best gift for boyfriend on his birthday,8,3,558,7,virtual gift best | digital gift best | online gift best
online gift baskets,3,3,558,7,virtual gift b | digital gift b | online gift b
online gift cards india,4,3,558,7,online gift a | online gift c | online gift x
online gift for women,4,3,558,7,online gift for girlfriend  | online gift f | online gift for
online yeti gift card,4,3,558,4,virtual gift y | digital gift y | online gift y
virtual gift card bank of baroda,6,3,558,7,virtual gift a | virtual gift c | virtual gift v
best surprise gift for girlfriend on her birthday pinterest,9,3,557,8,surprise gift for girlfriend h | surprise gift for girlfriend o | surprise gift for girlfriend p
online best gift for husband on his birthday,8,3,557,8,virtual gift best | digital gift best | online gift best
online gift card for birthday,5,3,557,8,online gift a | online gift c | online gift x
online gift to boyfriend,4,3,557,8,virtual gift t | digital gift t | online gift t
virtual gift card meaning,4,3,557,8,virtual gift a | virtual gift c | virtual gift v
best surprise gift for girlfriend on her birthday in south africa,11,3,556,9,surprise gift for girlfriend h | surprise gift for girlfriend o | surprise gift for girlfriend s
best surprise gift for girlfriend on her birthday nearby,9,3,556,6,surprise gift for girlfriend h | surprise gift for girlfriend n | surprise gift for girlfriend o
best surprise gift for girlfriend on her birthday reddit,9,3,556,9,surprise gift for girlfriend h | surprise gift for girlfriend o | surprise gift for girlfriend r
e grubhub gift card,4,3,556,8,virtual gift g | digital gift g | online gift g
long distance gift for friend,5,3,556,9,long distance gift with | long distance gift for | long distance gift in
online best gift for newborn baby,6,3,556,9,virtual gift best | digital gift best | online gift best
online gift card maker free,5,3,556,9,online gift a | online gift c | online gift x
online gift delivery for birthday,5,3,556,9,virtual gift d | digital gift d | online gift online
online gift to friend,4,3,556,9,virtual gift t | digital gift t | online gift t
virtual gift card for birthday,5,3,556,9,virtual gift a | virtual gift c | virtual gift v
virtual gift cards canada,4,3,556,9,virtual gift a | virtual gift c | virtual gift n
what should be gift for boyfriend,6,3,556,3,how gift for boyfriend | which gift for boyfriend | is it gift for boyfriend
online gift card buy,4,3,555,10,online gift a | online gift c | online gift x
virtual gift card for girlfriend,5,3,555,10,virtual gift a | virtual gift c | virtual gift v
long distance gifts for her online,6,3,554,11,long distance gift h | long distance gift o | long distance gift online
e on gift card,4,3,553,12,virtual gift o | digital gift o | online gift o
virtual gift card balance,4,3,553,12,virtual gift a | virtual gift c | virtual gift d
long distance gifting,3,3,552,13,long distance gift k | long distance gift l | long distance gift t
online gift card voucher,4,3,552,13,online gift a | online gift c | online gift x
girlfriend online purchase,3,3,551,9,when online gift for girlfriend | why online gift for girlfriend | who online gift for girlfriend
online gift card birthday present,5,3,551,14,online gift a | online gift c | online gift x
online gift card code,4,3,550,15,online gift a | online gift c | online gift x
online gift registry,3,2,1252,1,virtual gift r | online gift r
gift for boyfriend for anniversary,5,2,1251,1,gift for boyfriend f | gift for boyfriend for
gift for boyfriend in blinkit,5,2,1251,1,gift for boyfriend i | gift for boyfriend in
online gift registry south africa,5,2,1251,2,virtual gift r | online gift r
digital gift free,3,2,1250,2,digital gift  | digital gift f
digital gift link,3,2,1250,1,digital gift  | digital gift l
digital gift service,3,2,1250,1,digital gift  | digital gift s
gift for boyfriend for birthday,5,2,1250,2,gift for boyfriend f | gift for boyfriend for
gift for boyfriend in birthday,5,2,1250,2,gift for boyfriend i | gift for boyfriend in
gift for girlfriend for birthday,5,2,1250,1,gift for girlfriend f | gift for girlfriend for
gift for girlfriend instant delivery,5,2,1250,1,gift for girlfriend i | gift for girlfriend in
gift for girlfriend on birthday,5,2,1250,1,gift for girlfriend o | gift for girlfriend with
online gift registry free,4,2,1250,3,virtual gift r | online gift r
online gift website free,4,2,1250,2,online gift w | online gift free
online gift with music,4,2,1250,1,online gift w | online gift with
virtual gift apk,3,2,1250,1,virtual gift  | virtual gift a
virtual gift free website,4,2,1250,1,virtual gift f | virtual gift free
virtual gift generator,3,2,1250,1,virtual gift g | virtual gift template
virtual gift indosiar,3,2,1250,1,virtual gift i | virtual gift in
virtual gift with music,4,2,1250,1,virtual gift w | virtual gift with
gift for girlfriend for girlfriend day,6,2,1150,2,gift for girlfriend f | gift for girlfriend for
virtual gift box maker,4,2,1050,2,virtual gift b | virtual gift maker
gift for girlfriend in blinkit,5,2,1000,2,gift for girlfriend i | gift for girlfriend in
online gift packaging,3,2,1000,2,virtual gift p | online gift p
gift for girlfriend for anniversary,5,2,951,3,gift for girlfriend f | gift for girlfriend for
gift for girlfriend for first meeting,6,2,950,4,gift for girlfriend f | gift for girlfriend for
gift for girlfriend in birthday,5,2,851,3,gift for girlfriend i | gift for girlfriend in
gift for girlfriend in sawan,5,2,850,4,gift for girlfriend i | gift for girlfriend in
online gift purchase,3,2,802,3,virtual gift p | online gift p
virtual gift maker online free,5,2,800,2,virtual gift m | virtual gift maker
gift for girlfriend amazon,4,2,751,2,gift for girlfriend a | gift for girlfriend app
online gift registry australia,4,2,750,4,virtual gift r | online gift r
virtual gift surprise,3,2,700,3,virtual gift n | virtual gift s
gift for boyfriend on birthday,5,2,602,3,gift for boyfriend o | gift for boyfriend with
gift for girlfriend in periods,5,2,602,5,gift for girlfriend i | gift for girlfriend in
can i buy online gift cards,6,2,601,1,can i virtual gift | can i online gift
digital bestbuy gift card,4,2,601,1,digital gift b | digital gift best
digital gift for friend,4,2,601,6,digital gift f | digital gift for
digital gift website template,4,2,601,2,digital gift w | digital gift template
gift for boyfriend for father's day,6,2,601,4,gift for boyfriend f | gift for boyfriend for
gift for boyfriend in anniversary,5,2,601,4,gift for boyfriend i | gift for boyfriend in
gift for boyfriend to show appreciation,6,2,601,1,gift for boyfriend t | gift for boyfriend app
gift for girlfriend for 1 year anniversary,7,2,601,8,gift for girlfriend f | gift for girlfriend for
gift for girlfriend in first meeting,6,2,601,6,gift for girlfriend i | gift for girlfriend in
gift for girlfriend india online,5,2,601,1,online gift for girlfriend i | online gift for girlfriend in
gift for women with box,5,2,601,1,gift for girlfriend w | gift for girlfriend with
gifts for girlfriend online delivery,5,2,601,1,online gift for girlfriend d | gift for girlfriend online
long distance gift best friend,5,2,601,1,long distance gift b | long distance gift best
long distance gift ideas no money,6,2,601,1,long distance gift i | long distance gift without
long distance gift quotes,4,2,601,1,long distance gift n | long distance gift q
long distance gifts for your girlfriend,6,2,601,1,long distance gift g | long distance gift y
long distance online gift ideas,5,2,601,2,long distance gift o | long distance gift online
new year gift for girlfriend online,6,2,601,1,online gift for girlfriend n | online gift for girlfriend y
online free gift cards,4,2,601,1,digital gift free | online gift free
online gift app market in india,6,2,601,1,virtual gift app | online gift app
online gift for long distance girlfriend,6,2,601,2,online gift for girlfriend d | online gift for girlfriend l
online gift for women birthday,5,2,601,2,online gift for girlfriend  | online gift for girlfriend b
online gift for your girlfriend,5,2,601,1,online gift for girlfriend u | online gift for girlfriend y
online gift international delivery,4,2,601,1,online gift i | online gift in
online gift pakistan,3,2,601,6,virtual gift p | online gift p
online girlfriend gift,3,2,601,1,online gift for girlfriend free | online gift for girlfriend online
online virtual gift for girlfriend,5,2,601,1,online gift for girlfriend | online gift for girlfriend v
surprise gift for fiance girl,5,2,601,1,surprise gift for girlfriend f | surprise gift for girlfriend 2026
surprise gift for gf birthday,5,2,601,2,surprise gift for girlfriend b | surprise gift for girlfriend z
surprise gift for girl child,5,2,601,1,surprise gift for girlfriend  | surprise gift for girlfriend c
surprise gift for my girlfriend,5,2,601,1,surprise gift for girlfriend m | surprise gift for girlfriend maker
virtual gift ideas for girlfriend,5,2,601,2,virtual gift i | online gift for girlfriend v
what is digital gift card,5,2,601,2,how digital gift | why digital gift
what virtual gift card,4,2,601,1,how virtual gift | what virtual gift
digital gift for girlfriend free,5,2,600,7,digital gift f | digital gift for
e gift best buy,4,2,600,2,digital gift best | online gift best
e gift online,3,2,600,3,virtual gift online | digital gift online
gift for boyfriend for 1 year anniversary,7,2,600,5,gift for boyfriend f | gift for boyfriend for
gift for boyfriend in valentine's day,6,2,600,5,gift for boyfriend i | gift for boyfriend in
gift for boyfriend on friendship day,6,2,600,5,gift for boyfriend o | gift for boyfriend free
gift for girlfriend day 2026,5,2,600,3,gift for girlfriend d | gift for girlfriend 2026
gift for girlfriend india,4,2,600,7,gift for girlfriend i | gift for girlfriend in
long distance bestie gift,4,2,600,2,long distance gift b | long distance gift best
long distance surprise gift quotes,5,2,600,2,long distance gift q | long distance gift s
long distance valentine's day gift,5,2,600,2,long distance gift d | long distance gift v
make online gift for girlfriend,5,2,600,2,online gift for girlfriend | online gift for girlfriend m
online free gift card maker,5,2,600,2,digital gift free | online gift free
online gift apple card,4,2,600,2,virtual gift app | online gift app
online gift deed,3,2,600,5,online gift  | online gift d
online gift for boyfriend,4,2,600,3,online gift f | online gift for
online gift for her birthday,5,2,600,3,online gift for girlfriend  | online gift for girlfriend b
online gift india,3,2,600,2,online gift i | online gift in
online sorry gift for girlfriend,5,2,600,2,online gift for girlfriend | online gift for girlfriend s
online unique gift for girlfriend birthday,6,2,600,2,online gift for girlfriend b | online gift for girlfriend u
short surprise gift quotes for girlfriend,6,2,600,2,surprise gift for girlfriend q | surprise gift for girlfriend s
surprise gift for girl bestie,5,2,600,2,surprise gift for girlfriend b | surprise gift for girlfriend best
surprise gift for girlfriend on her birthday,7,2,600,2,surprise gift for girlfriend b | surprise gift for girlfriend h
surprise gift for girlfriend under 200,6,2,600,2,surprise gift for girlfriend u | surprise gift for girlfriend 2027
surprise gift for my girlfriend birthday,6,2,600,2,surprise gift for girlfriend b | surprise gift for girlfriend m
surprise gift to girlfriend,4,2,600,2,surprise gift for girlfriend t | surprise gift for girlfriend for
surprise ideas for girlfriend long distance,6,2,600,3,surprise gift for girlfriend d | surprise gift for girlfriend l
virtual gift for friend,4,2,600,6,virtual gift f | virtual gift for
virtual gift ideas for best friend,6,2,600,3,virtual gift i | virtual gift best
virtual gift letter,3,2,600,5,virtual gift l | virtual gift n
what is digital gift,4,2,600,3,how digital gift | why digital gift
what is virtual gift,4,2,600,2,what virtual gift | why virtual gift
birthday surprise gift for girl best friend,7,2,562,3,surprise gift for girlfriend f | surprise gift for girlfriend best
can i get online gift card,6,2,562,3,can i virtual gift | can i online gift
long distance gift caption,4,2,562,3,long distance gift c | long distance gift q
online apple gift card purchase,5,2,562,3,virtual gift app | online gift app
online free gift maker,4,2,562,3,digital gift free | online gift free
online gift free,3,2,562,3,virtual gift free | digital gift free
online gift in sri lanka,5,2,562,3,online gift i | online gift in
can i sell online gift cards,6,2,561,4,can i virtual gift | can i online gift
digital gift officer job description,5,2,561,4,digital gift j | digital gift o
long distance bestie gift ideas,5,2,561,3,long distance gift b | long distance gift best
long distance birthday gift online,5,2,561,4,long distance gift o | long distance gift online
online apple gift card code,5,2,561,4,virtual gift app | online gift app
online gift for wife,4,2,561,4,online gift f | online gift for
online gift kartica,3,2,561,4,virtual gift k | online gift k
birthday surprise ideas for girlfriend in hyderabad,7,2,560,5,surprise gift for girlfriend i | surprise gift for girlfriend in
digital gift card,3,2,560,5,digital gift d | digital gift v
digital gift card website,4,2,560,5,digital gift a | digital gift c
e gift for girlfriend,4,2,560,5,online gift for girlfriend | online gift for girlfriend 
gift for boyfriend in christmas,5,2,560,5,gift for boyfriend i | gift for boyfriend in
gift for girlfriend on valentine's day,6,2,560,5,gift for girlfriend o | gift for girlfriend with
gift for girlfriend personalised,4,2,560,5,gift for girlfriend p | gift for girlfriend maker
gift for girlfriend romantic,4,2,560,5,gift for girlfriend r | gift for girlfriend app
long distance relationship gifts online free,6,2,560,5,long distance gift o | long distance gift online
online apple gift card email delivery,6,2,560,5,virtual gift app | online gift app
online bestbuy gift card,4,2,560,5,digital gift best | online gift best
online gift kuwait,3,2,560,5,virtual gift k | online gift k
online gift wrapping service,4,2,560,5,virtual gift w | online gift w
online jcpenney gift card,4,2,560,5,virtual gift j | online gift j
online zepto gift card,4,2,560,5,virtual gift z | online gift z
virtual gift website template,4,2,560,4,virtual gift w | virtual gift template
best surprise gift for my girlfriend,6,2,559,6,surprise gift for girlfriend m | surprise gift for girlfriend best
digital gift card making,4,2,559,6,digital gift a | digital gift c
gift for boyfriend in his birthday,6,2,559,6,gift for boyfriend i | gift for boyfriend in
gift for boyfriend on valentine's day,6,2,559,6,gift for boyfriend o | gift for boyfriend with
gift for girlfriend on christmas,5,2,559,6,gift for girlfriend o | gift for girlfriend with
long distance relationship gifts online for him,7,2,559,6,long distance gift o | long distance gift online
long distance surprise gift quotes for husband,7,2,559,6,long distance gift q | long distance gift s
love gift for girlfriend online shopping,6,2,559,6,online gift for girlfriend l | online gift for girlfriend s
online gift for men,4,2,559,6,online gift f | online gift for
online gift kolkata,3,2,559,6,virtual gift k | online gift k
online jiomart gift card,4,2,559,6,virtual gift j | online gift j
online qt gift card,4,2,559,6,virtual gift q | online gift q
online uber gift card,4,2,559,6,virtual gift u | online gift u
online zarraffa's gift card,4,2,559,6,virtual gift z | online gift z
surprise gift for sister on her wedding,7,2,559,4,surprise gift for girlfriend o | surprise gift for girlfriend w
surprise sorry gift ideas for girlfriend,6,2,559,6,surprise gift for girlfriend i | surprise gift for girlfriend s
virtual gift for long distance girlfriend,6,2,559,6,virtual gift f | virtual gift for
birthday surprise ideas for girlfriend in mumbai,7,2,558,7,surprise gift for girlfriend i | surprise gift for girlfriend in
digital gift for men,4,2,558,7,digital gift f | digital gift for
diwali gift for girlfriend online,5,2,558,4,online gift for girlfriend d | gift for girlfriend online
e gift jd,3,2,558,7,virtual gift j | online gift j
gift for boyfriend in diwali,5,2,558,7,gift for boyfriend i | gift for boyfriend in
gift for boyfriend on birthday under 500,7,2,558,7,gift for boyfriend o | gift for boyfriend with
gift for boyfriend on christmas,5,2,558,7,gift for boyfriend o | gift for boyfriend with
gift for girlfriend on new year,6,2,558,7,gift for girlfriend o | gift for girlfriend with
long distance friendship gifts online,5,2,558,7,long distance gift o | long distance gift online
long distance relationship gift quotes,5,2,558,7,long distance gift q | long distance gift r
long distance wife gift,4,2,558,5,long distance gift w | long distance gift without
online creative gift ideas for girlfriend,6,2,558,5,online gift for girlfriend c | online gift for girlfriend i
online gift for,3,2,558,7,online gift with | online gift in
online gift kathmandu,3,2,558,7,virtual gift k | online gift k
online jewellery gift,3,2,558,7,virtual gift j | online gift j
online quran gift set,4,2,558,7,virtual gift q | online gift q
online ulta gift card,4,2,558,7,virtual gift u | online gift u
online zara gift voucher,4,2,558,7,virtual gift z | online gift z
unexpected surprise gift status for girlfriend,6,2,558,7,surprise gift for girlfriend s | surprise gift for girlfriend u
what e gift,3,2,558,4,what virtual gift | what online gift
digital gift for husband,4,2,557,8,digital gift f | digital gift for
digital gift ideas for best friend,6,2,557,8,digital gift i | digital gift best
e gift karte,3,2,557,8,virtual gift k | digital gift k
e gift ulta,3,2,557,8,virtual gift u | digital gift u
e zara gift card,4,2,557,8,virtual gift z | digital gift z
gift for boyfriend in valentines,5,2,557,8,gift for boyfriend i | gift for boyfriend in
gift for boyfriend on valentine,5,2,557,8,gift for boyfriend o | gift for boyfriend with
gift for girlfriend birthday under 2000,6,2,557,8,gift for girlfriend b | gift for girlfriend 2027
gift for girlfriend in pakistan,5,2,557,8,gift for girlfriend i | gift for girlfriend in
gift for girlfriend on diwali,5,2,557,8,gift for girlfriend o | gift for girlfriend with
online birthday gift ideas for girlfriend,6,2,557,4,online gift for girlfriend b | online gift for girlfriend i
online book gift for girlfriend,5,2,557,6,online gift for girlfriend | online gift for girlfriend b
online gift dubai,3,2,557,8,virtual gift d | digital gift d
online gift for free,4,2,557,8,online gift with | online gift in
online gift for sister,4,2,557,8,online gift f | online gift for
online gift photo frame,4,2,557,8,virtual gift p | online gift p
online joker gift card,4,2,557,8,virtual gift j | online gift j
online quest gift card,4,2,557,8,virtual gift q | online gift q
online zaxby's gift card,4,2,557,8,virtual gift z | online gift z
surprise gift from girlfriend quotes,5,2,557,4,surprise gift for girlfriend f | surprise gift for girlfriend for
surprise new year gift for girlfriend,6,2,557,5,surprise gift for girlfriend n | surprise gift for girlfriend y
can i use e gift card in store,8,2,556,8,can i virtual gift | can i online gift
can you use a digital gift card online,8,2,556,5,digital gift y | digital gift with
digital gift for her,4,2,556,9,digital gift f | digital gift for
e gift maker,3,2,556,7,virtual gift maker | digital gift maker
gift for boyfriend in new year,6,2,556,9,gift for boyfriend i | gift for boyfriend in
gift for boyfriend on love anniversary,6,2,556,9,gift for boyfriend o | gift for boyfriend with
gift for girlfriend in nepal,5,2,556,9,gift for girlfriend i | gift for girlfriend in
long distance love best gift,5,2,556,6,long distance gift l | long distance gift best
long distance relationship online gift ideas,6,2,556,9,long distance gift o | long distance gift online
long distance thank you gift,5,2,556,9,long distance gift t | long distance gift y
online gift bags,3,2,556,9,virtual gift b | online gift b
online gift delivery in uk,5,2,556,9,online gift d | online gift online
online gift ideas for friends,5,2,556,9,online gift i | online gift 2026
online gift shop,3,2,556,9,virtual gift s | online gift n
online gift wrap,3,2,556,9,virtual gift w | online gift w
online qvc gift card,4,2,556,9,virtual gift q | online gift q
can i buy e gift cards on amazon,8,2,555,10,can i virtual gift | can i online gift
caption for surprise gift from girlfriend,6,2,555,7,surprise gift for girlfriend c | surprise gift for girlfriend f
digital gift for sister,4,2,555,10,digital gift f | digital gift for
gift for bf in anniversary,5,2,555,10,gift for boyfriend i | gift for boyfriend in
gift for girlfriend in ethiopia,5,2,555,10,gift for girlfriend i | gift for girlfriend in
girl best surprise gift for girlfriend on her birthday,9,2,555,3,surprise gift for girlfriend g | surprise gift for girlfriend h
long distance valentine's day gifts online,6,2,555,10,long distance gift o | long distance gift online
low cost gifts for boyfriend,5,2,555,6,gift for boyfriend free | gift for boyfriend without
necklaces best surprise gift for girlfriend on her birthday,9,2,555,7,surprise gift for girlfriend h | surprise gift for girlfriend n
online gift for boys,4,2,555,10,online gift f | online gift for
online gift tags,3,2,555,10,digital gift t | online gift t
online gift to buy,4,2,555,10,online gift t | online gift with
online hollister gift card,4,2,555,10,virtual gift h | online gift h
online quran gift,3,2,555,10,virtual gift q | online gift q
virtual gift for her,4,2,555,10,virtual gift f | virtual gift for
what should i gift my boyfriend long distance,8,2,555,3,long distance gift j | what long distance gift
what's a good surprise gift for your girlfriend,8,2,555,8,surprise gift for girlfriend a | surprise gift for girlfriend w
women's golf gift,3,2,555,10,gift for girlfriend g | gift for girlfriend w
can i buy e gift cards,6,2,554,11,can i virtual gift | can i online gift
digital gift cards online,4,2,554,11,digital gift a | digital gift c
digital gift cards uk,4,2,554,11,digital gift c | digital gift n
digital gift for wife,4,2,554,7,digital gift with | digital gift without
digital gift ideas for wife,5,2,554,6,digital gift with | digital gift without
e gift target,3,2,554,11,virtual gift t | digital gift t
e&j gift set,3,2,554,11,virtual gift j | digital gift j
gift for girlfriend in bangladesh,5,2,554,11,gift for girlfriend i | gift for girlfriend in
online gift creator,3,2,554,11,online gift c | online gift x
online gift for kids,4,2,554,11,online gift f | online gift for
online gift wrapping paper,4,2,554,11,virtual gift w | online gift w
online heb gift card,4,2,554,11,virtual gift h | online gift h
20 online gift ideas,4,2,553,5,online gift 2026 | online gift 2027
can i print e gift card,6,2,553,12,can i virtual gift | can i online gift
digital gift for girls,4,2,553,12,digital gift f | digital gift for
gift for girlfriend in valentine day,6,2,553,12,gift for girlfriend i | gift for girlfriend in
long distance gift for kids,5,2,553,10,long distance gift f | long distance gift with
long distance gifts for him online,6,2,553,12,long distance gift o | long distance gift online
online gift for husband,4,2,553,12,online gift f | online gift for
online gift wife,3,2,553,7,online gift w | online gift without
online homegoods gift card,4,2,553,12,virtual gift h | online gift h
surprise girlfriend birthday gift,4,2,553,8,surprise gift for girlfriend b | surprise gift for girlfriend f
virtual gift box free,4,2,553,12,virtual gift free | virtual gift template
virtual gift for friendship day,5,2,553,12,virtual gift f | virtual gift for
what can i gift virtually,5,2,553,4,what virtual gift | which virtual gift
digital gift for anniversary,4,2,552,13,digital gift f | digital gift for
gift for girlfriend in christmas,5,2,552,13,gift for girlfriend i | gift for girlfriend in
online gift for wife birthday,5,2,552,13,online gift f | online gift for
online gift shops in sri lanka,6,2,552,13,virtual gift s | online gift s
online homesense gift card,4,2,552,13,virtual gift h | online gift h
virtual gift for boyfriend birthday,5,2,552,13,virtual gift f | virtual gift for
virtual gift visa gift card balance,6,2,552,12,virtual gift g | virtual gift v
digital gift card store commbank,5,2,551,14,digital gift a | digital gift c
digital gift for friendship day,5,2,551,14,digital gift f | digital gift for
digital gifts india,3,2,551,10,digital gift y | digital gift in
gift for girlfriend in diwali,5,2,551,14,gift for girlfriend i | gift for girlfriend in
online gift for sister on raksha bandhan,7,2,551,14,online gift f | online gift for
online her gift card,4,2,551,14,virtual gift h | online gift h
virtual gift cards online,4,2,551,14,virtual gift c | virtual gift o
virtual gift for girlfriend birthday,5,2,551,14,virtual gift f | virtual gift for
digital gift for long distance relationship,6,2,550,15,digital gift f | digital gift for
digital gift options,3,2,550,11,digital gift y | digital gift without
gift for long distance boyfriend online,6,2,550,13,long distance gift o | long distance gift online
girlfriend online buy,3,2,550,10,when online gift for girlfriend | why online gift for girlfriend
online gift for gf,4,2,550,12,online gift for girlfriend v | online gift for girlfriend z
unique online gift for girlfriend,5,2,550,10,which online gift for girlfriend | who online gift for girlfriend
gift for boyfriend long distance,5,1,1251,1,gift for boyfriend l
gift for girlfriend chocolate,4,1,1251,1,gift for girlfriend c
gift for girlfriend hamper,4,1,1251,1,gift for girlfriend h
gift for girlfriend photo,4,1,1251,1,gift for girlfriend p
gift for girlfriend ring,4,1,1251,1,gift for girlfriend r
gift for girlfriend watch,4,1,1251,1,gift for girlfriend w
long distance gifts,3,1,1251,1,long distance gift
virtual gift online,3,1,1251,1,virtual gift o
digital gift app,3,1,1250,1,digital gift a
digital gift envelope,3,1,1250,1,digital gift e
digital gift package,3,1,1250,1,digital gift p
digital gift qr code,4,1,1250,1,digital gift q
digital gift receipt,3,1,1250,1,digital gift r
digital gift template,3,1,1250,1,digital gift t
digital gift voucher,3,1,1250,1,digital gift v
digital gifts,2,1,1250,1,digital gift
gift for boyfriend anniversary,4,1,1250,1,gift for boyfriend a
gift for boyfriend graduation,4,1,1250,1,gift for boyfriend g
gift for boyfriend just because,5,1,1250,1,gift for boyfriend j
gift for boyfriend low budget,5,1,1250,2,gift for boyfriend l
gift for boyfriend near me,5,1,1250,1,gift for boyfriend n
gift for boyfriend pinterest,4,1,1250,1,gift for boyfriend p
gift for boyfriend quotes,4,1,1250,1,gift for boyfriend q
gift for boyfriend reddit,4,1,1250,1,gift for boyfriend r
gift for boyfriend sri lanka,5,1,1250,1,gift for boyfriend s
gift for girlfriend anniversary,4,1,1250,1,gift for girlfriend a
gift for girlfriend combo,4,1,1250,2,gift for girlfriend c
gift for girlfriend expensive,4,1,1250,1,gift for girlfriend e
gift for girlfriend handmade,4,1,1250,2,gift for girlfriend h
gift for girlfriend long distance relationship,6,1,1250,1,gift for girlfriend l
gift for girlfriend meesho,4,1,1250,1,gift for girlfriend m
gift for girlfriend near me,5,1,1250,1,gift for girlfriend n
gift for girlfriend pinterest,4,1,1250,2,gift for girlfriend p
gift for girlfriend quotes,4,1,1250,1,gift for girlfriend q
gift for girlfriend reddit,4,1,1250,2,gift for girlfriend r
gift for girlfriend shop near me,6,1,1250,1,gift for girlfriend s
gift for girlfriend to remember me,6,1,1250,1,gift for girlfriend t
gift for girlfriend website,4,1,1250,2,gift for girlfriend w
gift for girlfriend zepto,4,1,1250,1,gift for girlfriend z
how digital gift cards work,5,1,1250,1,how digital gift
long distance gifts for him,5,1,1250,2,long distance gift
online gift box website,4,1,1250,2,online gift b
online gift exchange,3,1,1250,1,online gift e
online gift game,3,1,1250,1,online gift g
online gift items,3,1,1250,2,online gift i
online gift link,3,1,1250,1,online gift l
online gift making website,4,1,1250,2,online gift m
online gift nifty,3,1,1250,1,online gift n
online gift options,3,1,1250,2,online gift o
online gift packing,3,1,1250,1,online gift p
online gift tool,3,1,1250,1,online gift t
online gift uk,3,1,1250,1,online gift u
online gift virtual,3,1,1250,2,online gift v
virtual gift kya hota hai,5,1,1250,1,virtual gift k
virtual gift maker,3,1,1250,2,virtual gift m
virtual gift qr code,4,1,1250,1,virtual gift q
virtual gift to boyfriend,4,1,1250,1,virtual gift t
virtual gift unwrapping,3,1,1250,1,virtual gift u
virtual gift video,3,1,1250,1,virtual gift v
what gift for boyfriend birthday,5,1,1250,1,what gift for boyfriend
gift for boyfriend amazon,4,1,1200,2,gift for boyfriend a
gift for boyfriend crochet,4,1,1200,1,gift for boyfriend c
gift for girlfriend list,4,1,1200,2,gift for girlfriend l
online gift box maker,4,1,1200,3,online gift b
gift for boyfriend hamper,4,1,1150,2,gift for boyfriend h
gift for boyfriend memorable,4,1,1150,1,gift for boyfriend m
gift for boyfriend sister,4,1,1100,2,gift for boyfriend s
gift for girlfriend flipkart,4,1,1100,2,gift for girlfriend f
online gift business ideas,4,1,1100,4,online gift b
virtual gift video free,4,1,1100,2,virtual gift v
gift for girlfriend silver,4,1,1050,2,gift for girlfriend s
digital gift shop near me,5,1,1000,2,digital gift s
virtual gift meaning in hindi,5,1,901,3,virtual gift m
gift for boyfriend first meeting,5,1,900,3,gift for boyfriend f
gift for boyfriend going away,5,1,900,2,gift for boyfriend g
gift for boyfriend homemade,4,1,900,3,gift for boyfriend h
virtual gift message,3,1,900,4,virtual gift m
gift for boyfriend mother,4,1,850,2,gift for boyfriend m
gift for girlfriend sister,4,1,850,3,gift for girlfriend s
virtual gift ultimate the icon berapa rupiah,7,1,850,2,virtual gift u
gift for boyfriend sentimental,4,1,801,3,gift for boyfriend s
gift for girlfriend on girlfriend day,6,1,801,2,gift for girlfriend o
online gift portal,3,1,801,4,online gift p
digital gift girlfriend,3,1,800,2,digital gift g
digital gift message,3,1,800,2,digital gift m
gift for boyfriend simple,4,1,800,4,gift for boyfriend s
long distance gifts for her,5,1,800,4,long distance gift
online gift packing course,4,1,800,5,online gift p
online gift hampers for men,5,1,751,2,online gift h
digital gift ideas for girlfriend,5,1,750,2,digital gift i
gift for girlfriend anniversary 1 year,6,1,750,3,gift for girlfriend a
gift for girlfriend makeup kit,5,1,750,2,gift for girlfriend m
online gift hampers for birthday,5,1,750,3,online gift h
virtual gift sender,3,1,750,2,virtual gift s
digital gift ideas for boyfriend,5,1,700,3,digital gift i
online gift message,3,1,700,4,online gift m
gift for girlfriend from goa,5,1,651,6,gift for girlfriend f
gift for girlfriend from blinkit,5,1,650,7,gift for girlfriend f
long distance gifts for boyfriend,5,1,650,5,long distance gift
online gift letter,3,1,650,2,online gift l
gift for girlfriend online,4,1,602,4,gift for girlfriend o
online gift items wholesale,4,1,602,3,online gift i
online gift making,3,1,602,5,online gift m
virtual gift site,3,1,602,4,virtual gift s
virtual gifts for boyfriend,4,1,602,3,virtual gift
can i buy virtual gift cards,6,1,601,1,can i virtual gift
can i gift sweatshirt for boyfriend,6,1,601,1,can i gift for boyfriend
can i use digital gift card in store,8,1,601,1,can i digital gift
digital ebay gift card,4,1,601,2,digital gift e
digital free gift cards,4,1,601,1,digital gift free
digital gas gift card,4,1,601,3,digital gift g
digital gift apple card,4,1,601,1,digital gift app
digital gift box website,4,1,601,3,digital gift b
digital gift items,3,1,601,4,digital gift i
digital gift kids,3,1,601,1,digital gift k
digital gift letter,3,1,601,2,digital gift l
digital gift meaning,3,1,601,3,digital gift m
digital gift officer,3,1,601,2,digital gift o
digital gift paypal,3,1,601,2,digital gift p
digital gift store,3,1,601,3,digital gift s
digital gift tau vercel,4,1,601,2,digital gift t
digital gift under 1000,4,1,601,1,digital gift u
digital gift vouchers uk,4,1,601,2,digital gift v
digital gift xbox,3,1,601,1,digital gift x
digital heb gift card,4,1,601,1,digital gift h
digital jd gift card,4,1,601,1,digital gift j
digital qt gift card,4,1,601,2,digital gift q
digital roblox gift card,4,1,601,2,digital gift r
digital youngla gift card,4,1,601,1,digital gift y
digital zara gift card,4,1,601,1,digital gift z
gift for boyfriend 20th birthday,5,1,601,1,gift for boyfriend 2027
gift for boyfriend after proposal,5,1,601,3,gift for boyfriend a
gift for boyfriend car accessories,5,1,601,2,gift for boyfriend c
gift for boyfriend diy,4,1,601,2,gift for boyfriend d
gift for boyfriend etsy,4,1,601,2,gift for boyfriend e
gift for boyfriend for first meeting,6,1,601,3,gift for boyfriend for
gift for boyfriend going to college,6,1,601,3,gift for boyfriend g
gift for boyfriend housewarming,4,1,601,4,gift for boyfriend h
gift for boyfriend jewelry,4,1,601,2,gift for boyfriend j
gift for boyfriend keychain,4,1,601,1,gift for boyfriend k
gift for boyfriend leaving the country,6,1,601,3,gift for boyfriend l
gift for boyfriend making,4,1,601,1,gift for boyfriend maker
gift for boyfriend meeting after long time,7,1,601,3,gift for boyfriend m
gift for boyfriend nearby,4,1,601,2,gift for boyfriend n
gift for boyfriend on blinkit,5,1,601,4,gift for boyfriend o
gift for boyfriend online shopping,5,1,601,1,gift for boyfriend online
gift for boyfriend promotion,4,1,601,2,gift for boyfriend p
gift for boyfriend quora,4,1,601,2,gift for boyfriend q
gift for boyfriend reddit ph,5,1,601,2,gift for boyfriend r
gift for boyfriend starting new job,6,1,601,5,gift for boyfriend s
gift for boyfriend valentines,4,1,601,1,gift for boyfriend v
gift for boyfriend wedding,4,1,601,1,gift for boyfriend w
gift for boyfriend without spending money,6,1,601,1,gift for boyfriend without
gift for boyfriend xmas,4,1,601,1,gift for boyfriend x
gift for boyfriend zepto,4,1,601,1,gift for boyfriend z
gift for girlfriend 2024,4,1,601,1,gift for girlfriend 2027
gift for girlfriend after long time,6,1,601,4,gift for girlfriend a
gift for girlfriend best buy,5,1,601,1,gift for girlfriend best
gift for girlfriend christmas,4,1,601,3,gift for girlfriend c
gift for girlfriend dress,4,1,601,2,gift for girlfriend d
gift for girlfriend earrings,4,1,601,2,gift for girlfriend e
gift for girlfriend going abroad,5,1,601,1,gift for girlfriend g
gift for girlfriend homemade,4,1,601,3,gift for girlfriend h
gift for girlfriend jewelry,4,1,601,1,gift for girlfriend j
gift for girlfriend keychain,4,1,601,1,gift for girlfriend k
gift for girlfriend long distance,5,1,601,3,gift for girlfriend l
gift for girlfriend meeting after long time,7,1,601,3,gift for girlfriend m
gift for girlfriend necklace,4,1,601,2,gift for girlfriend n
gift for girlfriend on friendship day,6,1,601,5,gift for girlfriend o
gift for girlfriend quora,4,1,601,2,gift for girlfriend q
gift for girlfriend reddit ph,5,1,601,3,gift for girlfriend r
gift for girlfriend same day delivery,6,1,601,4,gift for girlfriend s
gift for girlfriend tunisia,4,1,601,2,gift for girlfriend t
gift for girlfriend valentine day,5,1,601,1,gift for girlfriend v
gift for girlfriend who has everything,6,1,601,3,gift for girlfriend w
gift for girlfriend xmas,4,1,601,1,gift for girlfriend x
gift for girlfriend's parents first meeting,6,1,601,3,gift for girlfriend p
gift for girls app,4,1,601,1,gift for girlfriend app
gift for girls free delivery,5,1,601,1,gift for girlfriend free
gift for girls zepto,4,1,601,2,gift for girlfriend z
gift for men 2026,4,1,601,1,gift for boyfriend 2026
gift for men with car,5,1,601,1,gift for boyfriend with
gift for your boyfriend,4,1,601,1,gift for boyfriend y
gift for your girlfriend,4,1,601,1,gift for girlfriend y
gift maker for girlfriend,4,1,601,1,gift for girlfriend maker
gifts for boyfriend appreciation,4,1,601,1,gift for boyfriend app
gifts for boyfriend best,4,1,601,1,gift for boyfriend best
gifts for girlfriend without spending money,6,1,601,1,gift for girlfriend without
girlfriend gift 2026,3,1,601,1,gift for girlfriend 2026
good surprise gift for girlfriend,5,1,601,1,surprise gift for girlfriend g
handmade surprise gift for girlfriend,5,1,601,1,surprise gift for girlfriend h
how to gift for boyfriend,5,1,601,1,how gift for boyfriend
how to gift for girlfriend,5,1,601,1,how gift for girlfriend
how to online gift cards,5,1,601,1,how online gift
how to send long distance gifts,6,1,601,1,how long distance gift
is a digital gift card,5,1,601,1,is it digital gift
long distance free gifts,4,1,601,1,long distance gift free
long distance gift basket,4,1,601,2,long distance gift b
long distance gift exchange ideas,5,1,601,1,long distance gift e
long distance gift girlfriend,4,1,601,1,long distance gift g
long distance gift message,4,1,601,1,long distance gift m
long distance gift package,4,1,601,1,long distance gift p
long distance gift reddit,4,1,601,1,long distance gift r
long distance gift service,4,1,601,1,long distance gift s
long distance gift to boyfriend,5,1,601,1,long distance gift t
long distance gift uk,4,1,601,1,long distance gift u
long distance gift virtual,4,1,601,1,long distance gift v
long distance gift watch,4,1,601,2,long distance gift w
long distance gifts amazon,4,1,601,1,long distance gift a
long distance gifts for couples,5,1,601,6,long distance gift
long distance gifts handmade,4,1,601,1,long distance gift h
long distance jewelry gifts,4,1,601,1,long distance gift j
long distance kids gifts,4,1,601,1,long distance gift k
long distance love gift,4,1,601,1,long distance gift l
long distance xmas gifts,4,1,601,1,long distance gift x
online birthday gift for girls under 100,7,1,601,1,online gift for girlfriend u
online gift birthday,3,1,601,5,online gift b
online gift exchange generator,4,1,601,2,online gift e
online gift for teenage girl,5,1,601,1,online gift for girlfriend t
online gift generator,3,1,601,2,online gift g
online gift hamper for rakhi,5,1,601,4,online gift h
online gift link for birthday,5,1,601,3,online gift l
online gift message website,4,1,601,6,online gift m
online gift nepal,3,1,601,2,online gift n
online gift opening,3,1,601,3,online gift o
online gift registry wedding,4,1,601,5,online gift r
online gift same day delivery,5,1,601,5,online gift s
online gift to india,4,1,601,2,online gift t
online gift under 200,4,1,601,1,online gift 2027
online gift vouchers india,4,1,601,3,online gift v
online gift website for gf,5,1,601,3,online gift w
online gifts you can send,5,1,601,1,online gift y
online mother's day 2026 gift,5,1,601,1,online gift 2026
online order gifts for girlfriend,5,1,601,1,online gift for girlfriend o
online romantic gifts for girlfriend,5,1,601,1,online gift for girlfriend r
surprise gift for ldr girlfriend,5,1,601,2,surprise gift for girlfriend l
surprise gift for pregnant women,5,1,601,1,surprise gift for girlfriend p
surprise gift for teenage girl,5,1,601,1,surprise gift for girlfriend t
surprise gift for women's day,5,1,601,1,surprise gift for girlfriend d
surprise gift for your girlfriend,5,1,601,1,surprise gift for girlfriend y
surprise gift service girlfriend day,5,1,601,1,surprise gift for girlfriend s
virtual bestbuy gift card,4,1,601,1,virtual gift best
virtual free gift ideas,4,1,601,2,virtual gift free
virtual gift box website,4,1,601,3,virtual gift b
virtual gift cards,3,1,601,1,virtual gift n
virtual gift cards you can send,6,1,601,1,virtual gift y
virtual gift dsultan berapa rupiah,5,1,601,1,virtual gift d
virtual gift exchange,3,1,601,1,virtual gift e
virtual gift game,3,1,601,2,virtual gift g
virtual gift happy birthday,4,1,601,1,virtual gift h
virtual gift link generator free,5,1,601,4,virtual gift l
virtual gift opening,3,1,601,3,virtual gift o
virtual gift plan,3,1,601,1,virtual gift 2027
virtual gift robux,3,1,601,1,virtual gift r
virtual gift send,3,1,601,5,virtual gift s
virtual gift the icon,4,1,601,2,virtual gift t
virtual gift ultimate,3,1,601,3,virtual gift u
virtual gift website for boyfriend,5,1,601,3,virtual gift w
virtual gifting app dragons den,5,1,601,1,virtual gift app
virtual joker gift card,4,1,601,1,virtual gift j
virtual kroger gift card,4,1,601,2,virtual gift k
virtual online gift card,4,1,601,2,virtual gift online
virtual playstation gift card,4,1,601,1,virtual gift p
virtual qt gift card,4,1,601,2,virtual gift q
virtual xbox gift card,4,1,601,1,virtual gift x
virtual zara gift card,4,1,601,1,virtual gift z
what are good long distance gifts,6,1,601,1,what long distance gift
what can i gift for girlfriend,6,1,601,1,can i gift for girlfriend
what can i gift my long distance boyfriend,8,1,601,1,can i long distance gift
what digital gift cards can i send,7,1,601,1,what digital gift
what gift for boyfriend on valentine day,7,1,601,2,what gift for boyfriend
what gift for girlfriend birthday,5,1,601,1,what gift for girlfriend
what is gift for boyfriend,5,1,601,1,is it gift for boyfriend
what is gift for girlfriend,5,1,601,1,is it gift for girlfriend
what is online gift card,5,1,601,1,why online gift
what is virtual gift card,5,1,601,1,why virtual gift
which best gift for girlfriend,5,1,601,1,which gift for girlfriend
which gift best for boyfriend,5,1,601,1,which gift for boyfriend
200gift,1,1,600,2,online gift 2027
best gift for girlfriend without money,6,1,600,2,gift for girlfriend without
can i gift my girlfriend money,6,1,600,2,can i gift for girlfriend
can i send digital gift cards,6,1,600,2,can i digital gift
can i use online gift card in store,8,1,600,2,can i online gift
can i use virtual gift card in store,8,1,600,2,can i virtual gift
cute online gifts for girlfriend,5,1,600,2,online gift for girlfriend c
cute online gifts for your girlfriend,6,1,600,2,online gift for girlfriend y
cute surprise gift for girlfriend,5,1,600,2,surprise gift for girlfriend c
digital e gift cards,4,1,600,3,digital gift e
digital free gift ideas,4,1,600,2,digital gift free
digital gamestop gift card,4,1,600,4,digital gift g
digital gift,2,1,600,2,digital gift n
digital gift apple,3,1,600,2,digital gift app
digital gift basket,3,1,600,4,digital gift b
digital gift cards without fees,5,1,600,2,digital gift without
digital gift cards you can send,6,1,600,2,digital gift y
digital gift for,3,1,600,2,digital gift with
digital gift for boyfriend free,5,1,600,2,gift for boyfriend free
digital gift ideas for men,5,1,600,5,digital gift i
digital gift love,3,1,600,3,digital gift l
digital gift making,3,1,600,4,digital gift m
digital gift sites,3,1,600,4,digital gift s
digital gift tau vercel app,5,1,600,3,digital gift t
digital gift visa card,4,1,600,3,digital gift v
digital gift wrap,3,1,600,3,digital gift w
digital hollister gift card,4,1,600,2,digital gift h
digital jcpenney gift card,4,1,600,2,digital gift j
digital kroger gift card,4,1,600,2,digital gift k
digital online gift cards,4,1,600,2,digital gift online
digital playstation gift card,4,1,600,3,digital gift p
digital quiktrip gift card,4,1,600,3,digital gift q
digital robux gift card,4,1,600,3,digital gift r
digital ulta gift card,4,1,600,2,digital gift u
digital xbox gift card,4,1,600,2,digital gift x
digital zaxby's gift card,4,1,600,2,digital gift z
gift for best boy friend,5,1,600,2,gift for boyfriend best
gift for bf handmade,4,1,600,5,gift for boyfriend h
gift for boyfriend 2024,4,1,600,2,gift for boyfriend 2027
gift for boyfriend anniversary 1 year,6,1,600,4,gift for boyfriend a
gift for boyfriend customized,4,1,600,2,gift for boyfriend maker
gift for boyfriend cute,4,1,600,3,gift for boyfriend c
gift for boyfriend dad,4,1,600,3,gift for boyfriend d
gift for boyfriend experience,4,1,600,3,gift for boyfriend e
gift for boyfriend going abroad,5,1,600,4,gift for boyfriend g
gift for boyfriend job promotion,5,1,600,3,gift for boyfriend j
gift for boyfriend kmart,4,1,600,2,gift for boyfriend k
gift for boyfriend luxury,4,1,600,4,gift for boyfriend l
gift for boyfriend mom,4,1,600,4,gift for boyfriend m
gift for boyfriend new job,5,1,600,3,gift for boyfriend n
gift for boyfriend philippines,4,1,600,3,gift for boyfriend p
gift for boyfriend romantic,4,1,600,3,gift for boyfriend r
gift for boyfriend small,4,1,600,6,gift for boyfriend s
gift for boyfriend that has everything,6,1,600,2,gift for boyfriend t
gift for boyfriend valentines day,5,1,600,2,gift for boyfriend v
gift for boyfriend who has everything,6,1,600,2,gift for boyfriend w
gift for girlfriend 2000 rs,5,1,600,2,gift for girlfriend 2027
gift for girlfriend after breakup,5,1,600,5,gift for girlfriend a
gift for girlfriend clothes,4,1,600,4,gift for girlfriend c
gift for girlfriend electronic,4,1,600,3,gift for girlfriend e
gift for girlfriend flower,4,1,600,9,gift for girlfriend f
gift for girlfriend for christmas,5,1,600,6,gift for girlfriend for
gift for girlfriend graduation,4,1,600,2,gift for girlfriend g
gift for girlfriend housewarming,4,1,600,4,gift for girlfriend h
gift for girlfriend just because,5,1,600,2,gift for girlfriend j
gift for girlfriend leaving for college,6,1,600,4,gift for girlfriend l
gift for girlfriend meeting first time,6,1,600,4,gift for girlfriend m
gift for girlfriend new year,5,1,600,3,gift for girlfriend n
gift for girlfriend on first date,6,1,600,6,gift for girlfriend o
gift for girlfriend parents,4,1,600,4,gift for girlfriend p
gift for girlfriend qatar,4,1,600,3,gift for girlfriend q
gift for girlfriend returning from vacation,6,1,600,4,gift for girlfriend r
gift for girlfriend sri lanka,5,1,600,5,gift for girlfriend s
gift for girlfriend traveling,4,1,600,3,gift for girlfriend t
gift for girlfriend valentines,4,1,600,2,gift for girlfriend v
gift for girlfriend with photo,5,1,600,4,gift for girlfriend w
gift for girls best friend,5,1,600,2,gift for girlfriend best
gift for girls with box,5,1,600,2,gift for girlfriend with
gift for him 2026,4,1,600,2,gift for boyfriend 2026
gift for korean girlfriend,4,1,600,2,gift for girlfriend k
gift for men app,4,1,600,2,gift for boyfriend app
gift for men online,4,1,600,2,gift for boyfriend online
gift for men with box,5,1,600,2,gift for boyfriend with
gift for men xmas,4,1,600,2,gift for boyfriend x
gift for men zepto,4,1,600,2,gift for boyfriend z
gift for your boyfriend on his birthday,7,1,600,2,gift for boyfriend y
gift for your girlfriend birthday,5,1,600,2,gift for girlfriend y
gift ideas for women appreciation day,6,1,600,2,gift for girlfriend app
gifts for boyfriend quiz,4,1,600,3,gift for boyfriend q
gifts for boyfriend without money,5,1,600,2,gift for boyfriend without
gifts for girl xmas,4,1,600,2,gift for girlfriend x
gifts for girlfriend online order,5,1,600,2,gift for girlfriend online
good gifts for girlfriend 2026,5,1,600,2,gift for girlfriend 2026
how long do range gift cards last,7,1,600,2,how long distance gift
how to best gift for girlfriend,6,1,600,2,how gift for girlfriend
how to birthday gift for boyfriend,6,1,600,2,how gift for boyfriend
how to buy online gift card,6,1,600,2,how online gift
how use virtual gift card,5,1,600,2,how virtual gift
is gift good for girlfriend,5,1,600,2,is it gift for girlfriend
is love digital gift free,5,1,600,2,is it digital gift
long distance anniversary gift ideas,5,1,600,2,long distance gift a
long distance friendship gifts kids,5,1,600,2,long distance gift k
long distance gift,3,1,600,2,long distance gift n
long distance gift bracelet,4,1,600,3,long distance gift b
long distance gift ideas free,5,1,600,2,long distance gift free
long distance gift ideas india,5,1,600,2,long distance gift 2027
long distance gift map,4,1,600,2,long distance gift m
long distance gift packs,4,1,600,2,long distance gift p
long distance gift robot,4,1,600,2,long distance gift r
long distance gift sending,4,1,600,2,long distance gift s
long distance gift.exchange,3,1,600,2,long distance gift e
long distance gifts diy,4,1,600,2,long distance gift d
long distance gifts for your boyfriend,6,1,600,2,long distance gift y
long distance gifts usa,4,1,600,2,long distance gift u
long distance girlfriend gift ideas,5,1,600,2,long distance gift g
long distance housewarming gift,4,1,600,2,long distance gift h
long distance interactive gifts,4,1,600,2,long distance gift in
long distance love gift ideas,5,1,600,2,long distance gift l
long distance wedding gift ideas,5,1,600,3,long distance gift w
online birthday gift girl in nepal,6,1,600,2,online gift for girlfriend in
online gift business name ideas,5,1,600,6,online gift b
online gift cards without fees,5,1,600,2,online gift without
online gift exchange name picker,5,1,600,3,online gift e
online gift hamper business for sale,6,1,600,5,online gift h
online gift items for ladies,5,1,600,5,online gift i
online gift letter maker,4,1,600,4,online gift l
online gift message link,4,1,600,7,online gift m
online gift paper,3,1,600,7,online gift p
online gift robux,3,1,600,6,online gift r
online gift sites,3,1,600,6,online gift s
online gift vouchers south africa,5,1,600,4,online gift v
online gift wrapping course,4,1,600,4,online gift w
online gifts on birthday,4,1,600,4,online gift o
online gifts uk free delivery,5,1,600,3,online gift u
online valentine gift for girlfriend,5,1,600,2,online gift for girlfriend v
perfect surprise gift for girlfriend,5,1,600,2,surprise gift for girlfriend p
period gift for girlfriend zepto,5,1,600,3,gift for girlfriend z
small surprise gift for girlfriend,5,1,600,2,surprise gift for girlfriend s
surprise gift for a girlfriend,5,1,600,3,surprise gift for girlfriend a
surprise gift for friend girl,5,1,600,2,surprise gift for girlfriend f
surprise gift service for girlfriend day,6,1,600,2,surprise gift for girlfriend d
surprise ideas for your girlfriend,5,1,600,2,surprise gift for girlfriend y
surprise romantic gift for girlfriend,5,1,600,2,surprise gift for girlfriend r
unique surprise gift for girlfriend,5,1,600,2,surprise gift for girlfriend u
virtual apple gift card,4,1,600,2,virtual gift app
virtual free gift cards,4,1,600,3,virtual gift free
virtual gift,2,1,600,2,virtual gift n
virtual gift birthday,3,1,600,4,virtual gift b
virtual gift cards without fees,5,1,600,2,virtual gift without
virtual gift dboss berapa rupiah,5,1,600,2,virtual gift d
virtual gift exchange generator,4,1,600,2,virtual gift e
virtual gift gf,3,1,600,3,virtual gift g
virtual gift making website,4,1,600,7,virtual gift m
virtual gift officer,3,1,600,4,virtual gift o
virtual gift tiktok,3,1,600,3,virtual gift t
virtual gift ultimate berapa rupiah,5,1,600,4,virtual gift u
virtual gifting,2,1,600,2,virtual gift 2027
virtual hug gift,3,1,600,2,virtual gift h
virtual jd gift card,4,1,600,2,virtual gift j
virtual kohl's gift card,4,1,600,3,virtual gift k
virtual prepaid gift card,4,1,600,2,virtual gift p
virtual qdoba gift card,4,1,600,3,virtual gift q
virtual roblox gift card,4,1,600,2,virtual gift r
virtual starbucks gift card,4,1,600,6,virtual gift s
virtual xmas gift,3,1,600,2,virtual gift x
what best gift for girlfriend,5,1,600,2,what gift for girlfriend
what can i gift for boyfriend,6,1,600,2,can i gift for boyfriend
what can i gift my long distance girlfriend,8,1,600,2,can i long distance gift
what gift for bf,4,1,600,3,what gift for boyfriend
what gift should not be given to boyfriend,8,1,600,2,is it gift for boyfriend
what's digital gift card,4,1,600,2,what digital gift
which gift for girls,4,1,600,2,which gift for girlfriend
which gift for men,4,1,600,2,which gift for boyfriend
wholesale online gift items,4,1,600,2,who online gift
birthday gift for girls app,5,1,562,3,gift for girlfriend app
can i buy digital gift cards,6,1,562,3,can i digital gift
can i gift my boyfriend a watch,7,1,562,3,can i gift for boyfriend
can i gift my girlfriend money to buy a house,10,1,562,3,can i gift for girlfriend
digital apple gift card email delivery,6,1,562,3,digital gift app
digital harrods gift card,4,1,562,3,digital gift h
digital journal gift,3,1,562,3,digital gift j
digital kids gift book,4,1,562,3,digital gift k
digital online gift card purchase,5,1,562,3,digital gift online
digital uber gift card,4,1,562,3,digital gift u
digital xbox gift card amazon,5,1,562,3,digital gift x
digital zift gift card,4,1,562,3,digital gift z
gift for boyfriend thoughtful,4,1,562,3,gift for boyfriend t
gift for boyfriend virtual,4,1,562,3,gift for boyfriend v
gift for boyfriend who doesn't want anything,7,1,562,3,gift for boyfriend w
gift for girl 2026,4,1,562,3,gift for girlfriend 2026
gift for girlfriend going to college,6,1,562,3,gift for girlfriend g
gift for girlfriend jhumka,4,1,562,3,gift for girlfriend j
gift for girls kids,4,1,562,3,gift for girlfriend k
gift for girls online,4,1,562,3,gift for girlfriend online
gift for her xmas,4,1,562,3,gift for girlfriend x
gift for him online,4,1,562,3,gift for boyfriend online
gift for him zepto,4,1,562,3,gift for boyfriend z
gift for men best friend,5,1,562,3,gift for boyfriend best
gift for women best friend,5,1,562,3,gift for girlfriend best
gift for you girlfriend,4,1,562,3,gift for girlfriend y
gift for your boyfriend birthday,5,1,562,3,gift for boyfriend y
gifts for boyfriend kids,4,1,562,3,gift for boyfriend k
gifts for xbox boyfriend,4,1,562,3,gift for boyfriend x
holi surprise gift for girlfriend,5,1,562,3,surprise gift for girlfriend h
how to get online gift card,6,1,562,3,how online gift
long distance anniversary gift,4,1,562,3,long distance gift a
long distance gf gift,4,1,562,3,long distance gift g
long distance gift touch,4,1,562,3,long distance gift t
long distance gifts mom,4,1,562,3,long distance gift m
long distance gifts parents,4,1,562,3,long distance gift p
long distance gifts relationship,4,1,562,3,long distance gift r
long distance gifts valentines,4,1,562,3,long distance gift v
long distance husband gift,4,1,562,3,long distance gift h
online gifts japan,3,1,562,3,online gift j
simple surprise gift for girlfriend,5,1,562,3,surprise gift for girlfriend s
virtual applebee's gift card,4,1,562,3,virtual gift app
virtual gift exchange ideas,4,1,562,3,virtual gift e
virtual heb gift card,4,1,562,3,virtual gift h
virtual ps5 gift card,4,1,562,3,virtual gift p
virtual robux gift card,4,1,562,3,virtual gift r
virtual xbox gift card amazon,5,1,562,3,virtual gift x
what good gift for girlfriend,5,1,562,3,what gift for girlfriend
birthday surprise ideas for girl best friend,7,1,561,4,surprise gift for girlfriend best
can i buy digital gift cards on amazon,8,1,561,4,can i digital gift
can i gift my boyfriend perfume,6,1,561,4,can i gift for boyfriend
can i gift my girlfriend a watch,7,1,561,4,can i gift for girlfriend
can i use virtual gift card at walmart,8,1,561,3,can i virtual gift
digital apple gift card amazon,5,1,561,4,digital gift app
digital eftpos gift card,4,1,561,4,digital gift e
digital gift card best,4,1,561,4,digital gift best
digital gift to girlfriend,4,1,561,4,digital gift t
digital gift voucher template,4,1,561,4,digital gift v
digital gift website link,4,1,561,4,digital gift w
digital gifts for girlfriend,4,1,561,4,digital gift
digital gifts long distance,4,1,561,4,digital gift l
digital jbhifi gift card,4,1,561,4,digital gift j
digital kindle gift card,4,1,561,4,digital gift k
digital online gift cards visa,5,1,561,4,digital gift online
digital prepaid gift card,4,1,561,4,digital gift p
digital qdoba gift card,4,1,561,4,digital gift q
digital restaurant gift cards,4,1,561,4,digital gift r
digital universal gift card,4,1,561,4,digital gift u
digital xbox gift card code,5,1,561,4,digital gift x
digital zone gift card,4,1,561,4,digital gift z
e gift xbox,3,1,561,4,virtual gift x
gift for boyfriend craft,4,1,561,4,gift for boyfriend c
gift for boyfriend electronics,4,1,561,4,gift for boyfriend e
gift for boyfriend japan,4,1,561,4,gift for boyfriend j
gift for boyfriend new year,5,1,561,4,gift for boyfriend n
gift for boyfriend ring,4,1,561,4,gift for boyfriend r
gift for boyfriend teen,4,1,561,4,gift for boyfriend t
gift for boyfriend valentines reddit,5,1,561,4,gift for boyfriend v
gift for boyfriend website,4,1,561,4,gift for boyfriend w
gift for boyfriend's dad first meeting,6,1,561,4,gift for boyfriend d
gift for boyfriend's parents first meeting,6,1,561,4,gift for boyfriend p
gift for girlfriend during periods,5,1,561,4,gift for girlfriend d
gift for girlfriend etsy,4,1,561,4,gift for girlfriend e
gift for girlfriend going away to college,7,1,561,4,gift for girlfriend g
gift for girlfriend japan,4,1,561,4,gift for girlfriend j
gift for girlfriend nepal,4,1,561,4,gift for girlfriend n
gift for girlfriend tech,4,1,561,4,gift for girlfriend t
gift for girls bestie,4,1,561,4,gift for girlfriend best
gift for girls kids 10 years old,7,1,561,4,gift for girlfriend k
gift for her 2026,4,1,561,4,gift for girlfriend 2026
gift for men best,4,1,561,4,gift for boyfriend best
gift for men online shopping,5,1,561,4,gift for boyfriend online
gift for men qatar,4,1,561,4,gift for boyfriend q
gift for men zepto blinkit,5,1,561,4,gift for boyfriend z
gift for women online,4,1,561,4,gift for girlfriend online
gift for women xmas,4,1,561,4,gift for girlfriend x
gift for you boyfriend,4,1,561,4,gift for boyfriend y
gift for your girlfriend christmas,5,1,561,4,gift for girlfriend y
gift ideas for boyfriend xmas,5,1,561,4,gift for boyfriend x
gift ideas for women app,5,1,561,4,gift for girlfriend app
gifts for boyfriend kitchen,4,1,561,4,gift for boyfriend k
gifts for girlfriend queer,4,1,561,4,gift for girlfriend q
how to send online gift cards,6,1,561,4,how online gift
long distance anniversary gifts for him,6,1,561,4,long distance gift a
long distance gf gift ideas,5,1,561,4,long distance gift g
long distance gift boyfriend,4,1,561,4,long distance gift b
long distance gift to send,5,1,561,4,long distance gift t
long distance gifts cheap,4,1,561,4,long distance gift c
long distance hug gift,4,1,561,4,long distance gift h
long distance memorable gift,4,1,561,4,long distance gift m
long distance relationship gift ideas,5,1,561,4,long distance gift r
long distance sister gift ideas,5,1,561,4,long distance gift s
long distance valentines gift ideas,5,1,561,4,long distance gift v
online free gift win,4,1,561,4,online gift free
online gift,2,1,561,4,online gift n
online gift experiences,3,1,561,4,online gift e
online gift to australia,4,1,561,4,online gift t
online gifts queensland australia,4,1,561,4,online gift q
online gifts uk free delivery for her,7,1,561,4,online gift u
sorry gift for girlfriend zepto,5,1,561,4,gift for girlfriend z
surprise gift service for girlfriend,5,1,561,4,surprise gift for girlfriend s
virtual apple gift card code,5,1,561,4,virtual gift app
virtual gift delivery,3,1,561,4,virtual gift online
virtual gift emulator,3,1,561,4,virtual gift e
virtual gift example,3,1,561,3,virtual gift template
virtual gift ideas for friends,5,1,561,4,virtual gift i
virtual gift the sultan berapa rupiah,6,1,561,4,virtual gift t
virtual kindle gift card,4,1,561,4,virtual gift k
virtual psn gift card,4,1,561,4,virtual gift p
virtual reality gift card,4,1,561,4,virtual gift r
what best gift for boyfriend,5,1,561,4,what gift for boyfriend
what christmas gift for girlfriend,5,1,561,4,what gift for girlfriend
what's electronic gift card,4,1,561,4,what digital gift
appreciation gift for girlfriend,4,1,560,5,gift for girlfriend app
best gift for boyfriend 2026,5,1,560,3,gift for boyfriend 2026
best surprise gift for girlfriend,5,1,560,5,surprise gift for girlfriend best
birthday gift for girlfriend zepto,5,1,560,5,gift for girlfriend z
can i gift my boyfriend wallet,6,1,560,5,can i gift for boyfriend
can i gift my girlfriend a car,7,1,560,5,can i gift for girlfriend
can i use an online gift card at walmart,9,1,560,5,can i online gift
can i use digital gift card at walmart,8,1,560,5,can i digital gift
can i use virtual gift card on amazon,8,1,560,4,can i virtual gift
create virtual gift online free,5,1,560,5,virtual gift online
digital apple gift card canada,5,1,560,5,digital gift app
digital ea gift card,4,1,560,5,digital gift e
digital gift birthday,3,1,560,5,digital gift b
digital gift message apple,4,1,560,5,digital gift m
digital gift officer william and mary,6,1,560,5,digital gift o
digital gift surprise,3,1,560,5,digital gift s
digital gifts for men,4,1,560,5,digital gift
digital jewel gift card,4,1,560,5,digital gift j
digital kohl's gift card,4,1,560,5,digital gift k
digital lululemon gift card,4,1,560,5,digital gift l
digital quest gift card,4,1,560,5,digital gift q
digital roblox gift card amazon,5,1,560,5,digital gift r
digital target gift card,4,1,560,5,digital gift t
digital uniqlo gift card,4,1,560,5,digital gift u
digital walmart gift card,4,1,560,5,digital gift w
digital zumiez gift card,4,1,560,5,digital gift z
electronic gift free,3,1,560,5,digital gift free
gift digital ps5 games,4,1,560,5,digital gift p
gift digital xbox game,4,1,560,5,digital gift x
gift for boyfriend anniversary 2 year,6,1,560,5,gift for boyfriend a
gift for boyfriend birthday handmade,5,1,560,5,gift for boyfriend b
gift for boyfriend christmas,4,1,560,5,gift for boyfriend c
gift for boyfriend designer,4,1,560,5,gift for boyfriend d
gift for boyfriend graduating from college,6,1,560,5,gift for boyfriend g
gift for boyfriend list,4,1,560,5,gift for boyfriend l
gift for boyfriend moving in together,6,1,560,5,gift for boyfriend m
gift for boyfriend nz,4,1,560,5,gift for boyfriend n
gift for boyfriend parents,4,1,560,5,gift for boyfriend p
gift for boyfriend random,4,1,560,5,gift for boyfriend r
gift for boyfriend this valentine's day,6,1,560,5,gift for boyfriend t
gift for boyfriend who likes to cook,7,1,560,5,gift for boyfriend w
gift for girlfriend birthday unique,5,1,560,5,gift for girlfriend b
gift for girlfriend cheap,4,1,560,5,gift for girlfriend c
gift for girlfriend diy,4,1,560,5,gift for girlfriend d
gift for girlfriend earrings set,5,1,560,5,gift for girlfriend e
gift for girlfriend handbags,4,1,560,5,gift for girlfriend h
gift for girlfriend jhumka set,5,1,560,5,gift for girlfriend j
gift for girlfriend leaving on trip,6,1,560,5,gift for girlfriend l
gift for girlfriend marriage,4,1,560,5,gift for girlfriend m
gift for girlfriend name,4,1,560,5,gift for girlfriend n
gift for girlfriend turning 30,5,1,560,5,gift for girlfriend t
gift for girlfriend video,4,1,560,3,gift for girlfriend v
gift for girls best friend birthday,6,1,560,5,gift for girlfriend best
gift for girls kids 7 years old,7,1,560,5,gift for girlfriend k
gift for good girlfriend,4,1,560,5,gift for girlfriend g
gift for her online,4,1,560,5,gift for girlfriend online
gift for korean boyfriend,4,1,560,5,gift for boyfriend k
gift for men best buy,5,1,560,5,gift for boyfriend best
gift for men online pakistan,5,1,560,5,gift for boyfriend online
gift for men quick delivery,5,1,560,5,gift for boyfriend q
gift for men zara,4,1,560,5,gift for boyfriend z
gift for women 2026,4,1,560,5,gift for girlfriend 2026
gift for women quick delivery,5,1,560,5,gift for girlfriend q
gift for women who have everything,6,1,560,5,gift for girlfriend w
gift for xbox lover,4,1,560,5,gift for boyfriend x
gift for your boyfriend on valentine's day,7,1,560,5,gift for boyfriend y
gift for your girlfriend ideas,5,1,560,5,gift for girlfriend y
gift ideas for girlfriend xmas,5,1,560,5,gift for girlfriend x
gifts for boyfriend early in relationship,6,1,560,5,gift for boyfriend e
gifts for boyfriend john lewis,5,1,560,5,gift for boyfriend j
gifts for boyfriend valentines day diy,6,1,560,5,gift for boyfriend v
how to use online gift card,6,1,560,5,how online gift
how use digital gift card,5,1,560,5,how digital gift
long distance aunt gifts,4,1,560,5,long distance gift a
long distance best gift,4,1,560,4,long distance gift best
long distance couple gift ideas,5,1,560,5,long distance gift c
long distance gift box ideas,5,1,560,5,long distance gift b
long distance gifts digital,4,1,560,3,long distance gift d
long distance grandparent gift,4,1,560,5,long distance gift g
long distance husband gift ideas,5,1,560,5,long distance gift h
long distance matching gifts,4,1,560,5,long distance gift m
long distance partner gift,4,1,560,5,long distance gift p
long distance relationship gift ideas for boyfriend,7,1,560,5,long distance gift r
long distance surprise gift,4,1,560,5,long distance gift s
long distance tech gift,4,1,560,5,long distance gift t
long distance virtual gift ideas,5,1,560,5,long distance gift v
online free gift ideas,4,1,560,5,online gift free
online gif maker,3,1,560,5,online gift maker
online gift card her,4,1,560,3,online gift for girlfriend c
online gift exchange name drawing,5,1,560,5,online gift e
online gift list,3,1,560,5,online gift l
online gift to send someone,5,1,560,5,online gift t
online gift vouchers uk,4,1,560,5,online gift v
online gifts unique,3,1,560,5,online gift u
online xbox gift card,4,1,560,5,virtual gift x
surprise ideas for girlfriend birthday,5,1,560,5,surprise gift for girlfriend b
surprise ideas for my girlfriend,5,1,560,5,surprise gift for girlfriend m
sweet surprise gifts for girlfriend,5,1,560,5,surprise gift for girlfriend s
virtual gift basket,3,1,560,5,virtual gift b
virtual gift card zip code,5,1,560,5,virtual gift z
virtual gift exchange draw,4,1,560,5,virtual gift e
virtual gift ideas for boyfriend,5,1,560,5,virtual gift i
virtual gift the icon indonesia,5,1,560,5,virtual gift t
virtual gift website for girlfriend,5,1,560,5,virtual gift w
virtual keg gift card,4,1,560,5,virtual gift k
virtual paypal gift card,4,1,560,5,virtual gift p
virtual restaurant gift cards,4,1,560,5,virtual gift r
virtual ulta gift card,4,1,560,5,virtual gift u
what christmas gift for boyfriend,5,1,560,5,what gift for boyfriend
what valentine gift for girlfriend,5,1,560,5,what gift for girlfriend
apple gift for girlfriend,4,1,559,6,gift for girlfriend app
best gift for girlfriend xmas,5,1,559,6,gift for girlfriend x
best gifts for boyfriend xmas,5,1,559,6,gift for boyfriend x
birthday gift for best boyfriend,5,1,559,6,gift for boyfriend best
birthday gift for boyfriend online,5,1,559,6,gift for boyfriend online
can i buy an online gift card on amazon,9,1,559,6,can i online gift
can i gift my boyfriend shoes,6,1,559,6,can i gift for boyfriend
can i gift my girlfriend a gun,7,1,559,6,can i gift for girlfriend
can i send virtual gift card,6,1,559,5,can i virtual gift
can i use digital gift card in store walmart,9,1,559,6,can i digital gift
create virtual gift online,4,1,559,6,virtual gift online
customized gifts for girlfriend,4,1,559,6,gift for girlfriend c
digital apple gift card $10,5,1,559,6,digital gift app
digital delivery gift,3,1,559,6,digital gift online
digital eshop gift card,4,1,559,6,digital gift e
digital gift boyfriend,3,1,559,6,digital gift b
digital gift ideas for birthday,5,1,559,6,digital gift i
digital gift men,3,1,559,6,digital gift m
digital gift visa,3,1,559,6,digital gift v
digital kmart gift card,4,1,559,6,digital gift k
digital lowes gift card,4,1,559,6,digital gift l
digital one4all gift card,4,1,559,6,digital gift o
digital publix gift card,4,1,559,6,digital gift p
digital qvc gift card,4,1,559,6,digital gift q
digital rei gift card,4,1,559,6,digital gift r
digital steam gift card,4,1,559,6,digital gift s
digital tesco gift card,4,1,559,6,digital gift t
digital ubereats gift card,4,1,559,6,digital gift u
digital wawa gift card,4,1,559,6,digital gift w
digital xbox gift card sale,5,1,559,6,digital gift x
digital zupas gift card,4,1,559,6,digital gift z
e gift apple card,4,1,559,6,virtual gift app
e xbox gift card,4,1,559,6,virtual gift x
gift for boyfriend anniversary ideas,5,1,559,6,gift for boyfriend a
gift for boyfriend birthday pinterest,5,1,559,6,gift for boyfriend b
gift for boyfriend cheap,4,1,559,6,gift for boyfriend c
gift for boyfriend doctor,4,1,559,6,gift for boyfriend d
gift for boyfriend for christmas,5,1,559,6,gift for boyfriend for
gift for boyfriend from italy,5,1,559,6,gift for boyfriend f
gift for boyfriend gamer,4,1,559,6,gift for boyfriend g
gift for boyfriend ideas long distance,6,1,559,6,gift for boyfriend i
gift for boyfriend ldr,4,1,559,6,gift for boyfriend l
gift for boyfriend moving away,5,1,559,6,gift for boyfriend m
gift for boyfriend new house,5,1,559,6,gift for boyfriend n
gift for boyfriend on first date,6,1,559,6,gift for boyfriend o
gift for boyfriend runner,4,1,559,6,gift for boyfriend r
gift for boyfriend this christmas,5,1,559,6,gift for boyfriend t
gift for boyfriend under 5000,5,1,559,6,gift for boyfriend u
gift for boyfriend watch,4,1,559,6,gift for boyfriend w
gift for gf jewelry,4,1,559,6,gift for girlfriend j
gift for girlfriend apology,4,1,559,6,gift for girlfriend a
gift for girlfriend bracelet,4,1,559,6,gift for girlfriend b
gift for girlfriend digital,4,1,559,6,gift for girlfriend d
gift for girlfriend experience,4,1,559,6,gift for girlfriend e
gift for girlfriend holi,4,1,559,6,gift for girlfriend h
gift for girlfriend low budget,5,1,559,6,gift for girlfriend l
gift for girlfriend message,4,1,559,6,gift for girlfriend m
gift for girlfriend nurse,4,1,559,6,gift for girlfriend n
gift for girlfriend proposal,4,1,559,6,gift for girlfriend p
gift for girlfriend rose,4,1,559,6,gift for girlfriend r
gift for girlfriend small,4,1,559,6,gift for girlfriend s
gift for girlfriend teacher,4,1,559,6,gift for girlfriend t
gift for girlfriend virtual,4,1,559,4,gift for girlfriend v
gift for girls kids on birthday,6,1,559,6,gift for girlfriend k
gift for girls online shopping,5,1,559,6,gift for girlfriend online
gift for girls wedding,4,1,559,6,gift for girlfriend w
gift for her graduation,4,1,559,6,gift for girlfriend g
gift for her qatar,4,1,559,6,gift for girlfriend q
gift for him quotes,4,1,559,6,gift for boyfriend q
gift for japanese boyfriend,4,1,559,6,gift for boyfriend j
gift for men apple,4,1,559,3,gift for boyfriend app
gift for men kmart,4,1,559,6,gift for boyfriend k
gift for women best friend birthday,6,1,559,6,gift for girlfriend best
gift for your boyfriend ideas,5,1,559,6,gift for boyfriend y
gift for your girlfriend on valentine,6,1,559,6,gift for girlfriend y
gift for zumba lover,4,1,559,6,gift for boyfriend z
gift set for women zepto,5,1,559,6,gift for girlfriend z
gifts for boyfriend easter,4,1,559,6,gift for boyfriend e
gifts for boyfriend hunting,4,1,559,6,gift for boyfriend h
gifts for boyfriend vogue,4,1,559,6,gift for boyfriend v
how to redeem online gift card,6,1,559,6,how online gift
how to send digital gift cards,6,1,559,6,how digital gift
long distance anniversary gifts for her,6,1,559,6,long distance gift a
long distance bestie present,4,1,559,5,long distance gift best
long distance christmas gift ideas,5,1,559,6,long distance gift c
long distance dating gift ideas,5,1,559,4,long distance gift d
long distance gift box for him,6,1,559,6,long distance gift b
long distance grandma gift,4,1,559,6,long distance gift g
long distance handmade gift ideas,5,1,559,6,long distance gift h
long distance love gift for her,6,1,559,3,long distance gift l
long distance marriage gifts,4,1,559,6,long distance gift m
long distance partner gift ideas,5,1,559,6,long distance gift p
long distance relationship gift ideas for girlfriend,7,1,559,6,long distance gift r
long distance travel gift,4,1,559,6,long distance gift t
long distance valentines gift for boyfriend,6,1,559,6,long distance gift v
long distance wedding gift,4,1,559,4,long distance gift w
love digital gift free,4,1,559,6,digital gift free
nice surprise gift for girlfriend,5,1,559,3,surprise gift for girlfriend n
online apple gift card canada,5,1,559,6,online gift app
online free gift registry,4,1,559,6,online gift free
online giant gift card,4,1,559,6,online gift g
online gif maker free,4,1,559,6,online gift maker
online gift cards women,4,1,559,4,online gift for girlfriend c
online gift egypt,3,1,559,6,online gift e
online gift form,3,1,559,3,online gift template
online gift hampers for women,5,1,559,6,online gift h
online gift ideas for boyfriend,5,1,559,6,online gift i
online gift list to share,5,1,559,6,online gift l
online gift vouchers australia,4,1,559,6,online gift v
online gift wishes,3,1,559,6,online gift w
online gifts in australia,4,1,559,6,online gift in
personalized gifts for boyfriend,4,1,559,6,gift for boyfriend p
presents for girlfriend 2026,4,1,559,6,gift for girlfriend 2026
surprise christmas gift for girlfriend,5,1,559,3,surprise gift for girlfriend c
surprise gift for her birthday,5,1,559,6,surprise gift for girlfriend b
surprise gift for lover girl,5,1,559,5,surprise gift for girlfriend l
valentines gift for boyfriend 2026,5,1,559,4,gift for boyfriend 2026
virtual e gift card,4,1,559,6,virtual gift e
virtual free gifts for internet friends,6,1,559,6,virtual gift free
virtual gift bouquet,3,1,559,6,virtual gift b
virtual gift card template,4,1,559,5,virtual gift template
virtual gift card zara home,5,1,559,6,virtual gift z
virtual gift ideas for long distance boyfriend,7,1,559,6,virtual gift i
virtual gift to girlfriend,4,1,559,6,virtual gift t
virtual gift website for birthday,5,1,559,6,virtual gift w
virtual gifts for long distance boyfriend,6,1,559,6,virtual gift
virtual kfc gift card,4,1,559,6,virtual gift k
virtual publix gift card,4,1,559,6,virtual gift p
virtual reloadable gift card,4,1,559,6,virtual gift r
virtual uber gift card,4,1,559,6,virtual gift u
what gift for my boyfriend,5,1,559,6,what gift for boyfriend
what simple gift for girlfriend,5,1,559,6,what gift for girlfriend
best gift for girlfriend 2026,5,1,558,7,gift for girlfriend 2026
birthday gift for boyfriend 2026,5,1,558,5,gift for boyfriend 2026
can i buy an online gift card for someone,9,1,558,7,can i online gift
can i gift my boyfriend flowers,6,1,558,7,can i gift for boyfriend
can i gift my girlfriend perfume,6,1,558,7,can i gift for girlfriend
can i send a virtual gift card from target,9,1,558,6,can i virtual gift
can i use digital gift card in store target,9,1,558,7,can i digital gift
cheap surprise gift for your girlfriend,6,1,558,3,surprise gift for girlfriend y
chocolate surprise gift for girlfriend,5,1,558,4,surprise gift for girlfriend c
cute gifts for boyfriend xmas,5,1,558,7,gift for boyfriend x
digital apple gift card code,5,1,558,7,digital gift app
digital eftpos gift card australia,5,1,558,7,digital gift e
digital gift birthday card,4,1,558,7,digital gift b
digital gift card with paypal,5,1,558,3,digital gift with
digital gift cards online instantly,5,1,558,7,digital gift online
digital gift ideas for friends,5,1,558,7,digital gift i
digital gift voucher amazon,4,1,558,7,digital gift v
digital gifts free,3,1,558,7,digital gift
digital gifts mothers day,4,1,558,7,digital gift m
digital kfc gift card,4,1,558,7,digital gift k
digital lego gift card,4,1,558,7,digital gift l
digital panera gift card,4,1,558,7,digital gift p
digital quran gift,3,1,558,7,digital gift q
digital ross gift card,4,1,558,7,digital gift r
digital starbucks gift card,4,1,558,7,digital gift s
digital surprise gift free,4,1,558,7,digital gift free
digital tango gift card,4,1,558,7,digital gift t
digital ugg gift card,4,1,558,7,digital gift u
digital westfield gift card,4,1,558,7,digital gift w
digital xbox gift card walmart,5,1,558,7,digital gift x
electronic gift gadgets,3,1,558,6,digital gift g
electronic gift husband,3,1,558,7,digital gift h
etsy long distance gift,4,1,558,3,long distance gift e
free gift for boyfriend,4,1,558,3,gift for boyfriend free
gift for boyfriend at christmas,5,1,558,7,gift for boyfriend a
gift for boyfriend before long distance,6,1,558,7,gift for boyfriend b
gift for boyfriend car,4,1,558,7,gift for boyfriend c
gift for boyfriend diwali,4,1,558,7,gift for boyfriend d
gift for boyfriend for valentine's day,6,1,558,7,gift for boyfriend for
gift for boyfriend from girlfriend,5,1,558,7,gift for boyfriend f
gift for boyfriend love,4,1,558,7,gift for boyfriend l
gift for boyfriend monthsary,4,1,558,7,gift for boyfriend m
gift for boyfriend necklace,4,1,558,7,gift for boyfriend n
gift for boyfriend photo frame,5,1,558,7,gift for boyfriend p
gift for boyfriend shirt,4,1,558,7,gift for boyfriend s
gift for boyfriend t shirt,5,1,558,7,gift for boyfriend t
gift for boyfriend useful,4,1,558,7,gift for boyfriend u
gift for boyfriend wallet,4,1,558,7,gift for boyfriend w
gift for gf handmade,4,1,558,7,gift for girlfriend h
gift for gf valentine day,5,1,558,5,gift for girlfriend v
gift for girlfriend after fight,5,1,558,7,gift for girlfriend a
gift for girlfriend birthday under 5000,6,1,558,7,gift for girlfriend b
gift for girlfriend christmas ideas,5,1,558,7,gift for girlfriend c
gift for girlfriend daraz,4,1,558,7,gift for girlfriend d
gift for girlfriend eid,4,1,558,7,gift for girlfriend e
gift for girlfriend for valentine's day,6,1,558,7,gift for girlfriend for
gift for girlfriend love,4,1,558,7,gift for girlfriend l
gift for girlfriend monthsary,4,1,558,7,gift for girlfriend m
gift for girlfriend on blinkit,5,1,558,7,gift for girlfriend o
gift for girlfriend pendant,4,1,558,7,gift for girlfriend p
gift for girlfriend reddit india,5,1,558,7,gift for girlfriend r
gift for girlfriend suggestions,4,1,558,7,gift for girlfriend s
gift for girlfriend to make her happy,7,1,558,7,gift for girlfriend t
gift for girls best,4,1,558,7,gift for girlfriend best
gift for girls kids 6 years,6,1,558,7,gift for girlfriend k
gift for girls quick delivery,5,1,558,7,gift for girlfriend q
gift for her ysl,4,1,558,7,gift for girlfriend y
gift for him qatar,4,1,558,7,gift for boyfriend q
gift for jewish boyfriend,4,1,558,7,gift for boyfriend j
gift for long distance sibling,5,1,558,7,long distance gift s
gift for men kuwait,4,1,558,7,gift for boyfriend k
gift for women gold,4,1,558,7,gift for girlfriend g
gift for women online shopping,5,1,558,7,gift for girlfriend online
gift for women wedding,4,1,558,7,gift for girlfriend w
gift for your boyfriend's mom,5,1,558,7,gift for boyfriend y
gift for zoo lover,4,1,558,7,gift for boyfriend z
gift hamper for women zepto,5,1,558,7,gift for girlfriend z
gift ideas for best boyfriend,5,1,558,7,gift for boyfriend best
gifts for boyfriend engineer,4,1,558,7,gift for boyfriend e
gifts for boyfriend golf,4,1,558,7,gift for boyfriend g
gifts for boyfriend holiday,4,1,558,7,gift for boyfriend h
gifts for boyfriend reddit india,5,1,558,7,gift for boyfriend r
gifts for boyfriend valentines day ideas,6,1,558,7,gift for boyfriend v
gifts for girlfriend john lewis,5,1,558,7,gift for girlfriend j
gifts for girlfriend nz,4,1,558,7,gift for girlfriend n
good gifts for girlfriend xmas,5,1,558,7,gift for girlfriend x
how to buy digital gift cards,6,1,558,7,how digital gift
how to buy online gift card in usa,8,1,558,7,how online gift
how to send virtual gift card,6,1,558,3,how virtual gift
long distance birthday gift best friend,6,1,558,6,long distance gift best
long distance boyfriend ko kya gift dena chahiye,8,1,558,3,long distance gift k
long distance christmas gift,4,1,558,7,long distance gift c
long distance dad gift,4,1,558,5,long distance gift d
long distance gift basket for him,6,1,558,7,long distance gift b
long distance gift ideas online,5,1,558,7,long distance gift i
long distance girlfriend gift ideas reddit,6,1,558,7,long distance gift g
long distance homemade gifts,4,1,558,7,long distance gift h
long distance love gifts for him,6,1,558,4,long distance gift l
long distance meaningful gifts,4,1,558,7,long distance gift m
long distance photo gift,4,1,558,7,long distance gift p
long distance relationship gifts amazon,5,1,558,7,long distance gift a
long distance unique gifts,4,1,558,3,long distance gift u
long distance valentines gift for him,6,1,558,7,long distance gift v
long haul travel gift ideas,5,1,558,7,long distance gift t
necklaces surprise gift for girlfriend,5,1,558,4,surprise gift for girlfriend n
online apple gift card usa,5,1,558,7,online gift app
online free gift certificate template,5,1,558,7,online gift free
online gif maker from video,5,1,558,7,online gift maker
online gift cards on sale,5,1,558,7,online gift o
online gift cards visa,4,1,558,7,online gift n
online gift certificate template,4,1,558,4,online gift template
online gift emporium,3,1,558,7,online gift e
online gift hamper delivery,4,1,558,7,online gift h
online gift ideas for best friend,6,1,558,7,online gift i
online gift lahore,3,1,558,7,online gift l
online gift return,3,1,558,7,online gift r
online gift shop website,4,1,558,7,online gift s
online gift vouchers sri lanka,5,1,558,7,online gift v
online gift wish list,4,1,558,7,online gift w
online gifts in new zealand,5,1,558,7,online gift in
online xbox gift card purchase,5,1,558,7,virtual gift x
sawan gift for girlfriend online,5,1,558,7,online gift for girlfriend s
surprise gift for a girl,5,1,558,4,surprise gift for girlfriend a
surprise gift for fiance on engagement,6,1,558,6,surprise gift for girlfriend in
surprise gift for girls birthday,5,1,558,7,surprise gift for girlfriend b
surprise gift for long distance girlfriend,6,1,558,3,surprise gift for girlfriend d
surprise gift ideas for my girlfriend,6,1,558,7,surprise gift for girlfriend m
surprise gift to girl,4,1,558,3,surprise gift for girlfriend t
teacher appreciation gift for girlfriend,5,1,558,7,gift for girlfriend app
unique surprise gift for girl,5,1,558,3,surprise gift for girlfriend u
valentine gift for boyfriend apparel,5,1,558,4,gift for boyfriend app
valentine gift for boyfriend online shopping,6,1,558,7,gift for boyfriend online
virtual e gift card balance,5,1,558,7,virtual gift e
virtual gift band academy,4,1,558,7,virtual gift b
virtual gift canva template,4,1,558,6,virtual gift template
virtual gift ideas for birthday,5,1,558,7,virtual gift i
virtual gift link for boyfriend,5,1,558,6,virtual gift l
virtual gift to send,4,1,558,7,virtual gift t
virtual panera gift card,4,1,558,7,virtual gift p
virtual ross gift card,4,1,558,7,virtual gift r
virtual steam gift card,4,1,558,7,virtual gift s
visa virtual gift online use only,6,1,558,7,virtual gift online
what best gift for boyfriend on his birthday,8,1,558,7,what gift for boyfriend
what is a digital gift card and how does it work,11,1,558,7,what digital gift
what special gift for girlfriend,5,1,558,7,what gift for girlfriend
appropriate gift for new girlfriend,5,1,557,8,gift for girlfriend app
best gift for boyfriend without spending money,7,1,557,3,gift for boyfriend without
best surprise gift for a girlfriend,6,1,557,5,surprise gift for girlfriend a
birthday gift for boyfriend online order,6,1,557,8,gift for boyfriend online
birthday gift for girlfriend 2026,5,1,557,8,gift for girlfriend 2026
birthday gift for girlfriend online,5,1,557,8,gift for girlfriend online
birthday surprise ideas for girlfriend long distance,7,1,557,7,surprise gift for girlfriend l
birthday surprise ideas for teenage girl,6,1,557,4,surprise gift for girlfriend t
birthday virtual gift free,4,1,557,8,virtual gift free
can i buy a digital gift card from walmart,9,1,557,8,can i digital gift
can i buy an online gift card for xbox,9,1,557,8,can i online gift
can i gift my boyfriend a guardian bell,8,1,557,8,can i gift for boyfriend
can i gift my girlfriend a ring,7,1,557,8,can i gift for girlfriend
can i send a virtual gift card for doordash,9,1,557,7,can i virtual gift
cheap surprise gifts for girlfriend,5,1,557,5,surprise gift for girlfriend c
digital apple gift card email delivery usa,7,1,557,8,digital gift app
digital birthday gift ideas,4,1,557,8,digital gift b
digital etsy gift card,4,1,557,8,digital gift e
digital gift card google play,5,1,557,7,digital gift g
digital gift card home depot,5,1,557,8,digital gift h
digital gift card with card,5,1,557,4,digital gift with
digital gift card without email,5,1,557,3,digital gift without
digital gift cards on amazon,5,1,557,8,digital gift o
digital gift cards online sale,5,1,557,8,digital gift online
digital gift valentines,3,1,557,8,digital gift v
digital keg gift card,4,1,557,8,digital gift k
digital lyft gift card,4,1,557,8,digital gift l
digital mastercard gift card,4,1,557,8,digital gift m
digital photo gift ideas,4,1,557,8,digital gift p
digital roblox gift card uk,5,1,557,8,digital gift r
digital sephora gift card,4,1,557,8,digital gift s
digital uk gift card,4,1,557,8,digital gift u
digital wendy's gift card,4,1,557,8,digital gift w
digital xbox gift card microsoft,5,1,557,8,digital gift x
e gift apple,3,1,557,8,virtual gift app
free online gift for boyfriend,5,1,557,4,gift for boyfriend free
free virtual gift for gf,5,1,557,3,gift for girlfriend free
gift for apple lover,4,1,557,5,gift for boyfriend app
gift for boyfriend birthday under 250,6,1,557,8,gift for boyfriend b
gift for boyfriend custom,4,1,557,8,gift for boyfriend c
gift for boyfriend drawing,4,1,557,8,gift for boyfriend d
gift for boyfriend for his birthday,6,1,557,8,gift for boyfriend for
gift for boyfriend from japan,5,1,557,8,gift for boyfriend f
gift for boyfriend letter,4,1,557,8,gift for boyfriend l
gift for boyfriend nerd,4,1,557,8,gift for boyfriend n
gift for boyfriend on boyfriend day,6,1,557,8,gift for boyfriend o
gift for boyfriend photo,4,1,557,8,gift for boyfriend p
gift for boyfriend special,4,1,557,8,gift for boyfriend s
gift for boyfriend to propose,5,1,557,8,gift for boyfriend t
gift for boyfriend unique,4,1,557,8,gift for boyfriend u
gift for boyfriend when going away,6,1,557,8,gift for boyfriend w
gift for boyfriend's mom first meeting,6,1,557,8,gift for boyfriend m
gift for gf earrings,4,1,557,8,gift for girlfriend e
gift for girlfriend anniversary 2 year,6,1,557,8,gift for girlfriend a
gift for girlfriend cute,4,1,557,8,gift for girlfriend c
gift for girlfriend day 2025,5,1,557,8,gift for girlfriend d
gift for girlfriend for new year,6,1,557,8,gift for girlfriend for
gift for girlfriend locket,4,1,557,8,gift for girlfriend l
gift for girlfriend mom,4,1,557,8,gift for girlfriend m
gift for girlfriend on her period,6,1,557,8,gift for girlfriend o
gift for girlfriend perfume,4,1,557,8,gift for girlfriend p
gift for girlfriend random,4,1,557,8,gift for girlfriend r
gift for girlfriend set,4,1,557,8,gift for girlfriend s
gift for girlfriend teddy,4,1,557,8,gift for girlfriend t
gift for girls graduation,4,1,557,8,gift for girlfriend g
gift for girls kmart,4,1,557,8,gift for girlfriend k
gift for girls watch,4,1,557,8,gift for girlfriend w
gift for girls young,4,1,557,8,gift for girlfriend y
gift for her best friend,5,1,557,8,gift for girlfriend best
gift for her quotes,4,1,557,8,gift for girlfriend q
gift for him queensland,4,1,557,8,gift for boyfriend q
gift for japanese girlfriend,4,1,557,8,gift for girlfriend j
gift for men keychain,4,1,557,8,gift for boyfriend k
gift for vietnamese girlfriend,4,1,557,6,gift for girlfriend v
gift for your boyfriend on anniversary,6,1,557,8,gift for boyfriend y
gift for zelda lover,4,1,557,8,gift for boyfriend z
gift hamper for girls zepto,5,1,557,8,gift for girlfriend z
gift ideas for men best friend,6,1,557,8,gift for boyfriend best
gifts for bf homemade,4,1,557,8,gift for boyfriend h
gifts for bf jewelry,4,1,557,8,gift for boyfriend j
gifts for boyfriend affordable,4,1,557,8,gift for boyfriend a
gifts for boyfriend easy,4,1,557,8,gift for boyfriend e
gifts for boyfriend gym,4,1,557,8,gift for boyfriend g
gifts for boyfriend running,4,1,557,8,gift for boyfriend r
gifts for boyfriend valentines day nearby,6,1,557,8,gift for boyfriend v
gifts for gamer boyfriend xbox,5,1,557,8,gift for boyfriend x
gifts for girlfriend halloween,4,1,557,8,gift for girlfriend h
gifts for girlfriend not jewelry,5,1,557,8,gift for girlfriend n
gifts for my girlfriend xmas,5,1,557,8,gift for girlfriend x
good gifts for men 2026,5,1,557,6,gift for boyfriend 2026
how to buy virtual gift card,6,1,557,4,how virtual gift
how to get online gift card in usa,8,1,557,8,how online gift
how to gift digital steam card,6,1,557,8,how digital gift
jersey mike's virtual gift card,5,1,557,8,virtual gift j
long distance couple gift bracelet,5,1,557,8,long distance gift c
long distance dating gifts,4,1,557,6,long distance gift d
long distance delivery gift ideas,5,1,557,8,long distance gift online
long distance engagement gift,4,1,557,4,long distance gift e
long distance gift birthday,4,1,557,8,long distance gift b
long distance gift ideas for friends,6,1,557,8,long distance gift i
long distance gifts for your partner,6,1,557,3,long distance gift y
long distance gifts online,4,1,557,8,long distance gift
long distance graduation gifts,4,1,557,8,long distance gift g
long distance lovers gifts,4,1,557,5,long distance gift l
long distance picture gift,4,1,557,8,long distance gift p
long distance relationship best gift,5,1,557,7,long distance gift best
long distance relationship gift box,5,1,557,8,long distance gift r
long distance relationship gifts australia,5,1,557,8,long distance gift a
long distance relationship gifts uk,5,1,557,4,long distance gift u
long distance relationship me kya gift dena chahiye,8,1,557,4,long distance gift k
long distance surprise gift boyfriend,5,1,557,8,long distance gift s
long distance valentines gift reddit,5,1,557,8,long distance gift v
long distance wifi gifts,4,1,557,6,long distance gift w
long haul travel gift,4,1,557,8,long distance gift t
online apple gift card australia,5,1,557,8,online gift app
online free gift with purchase,5,1,557,8,online gift free
online gif maker from images,5,1,557,8,online gift maker
online gift boutique,3,1,557,8,online gift b
online gift card generator,4,1,557,8,online gift g
online gift card one for all,6,1,557,8,online gift o
online gift card template,4,1,557,5,online gift template
online gift cards you can send,6,1,557,5,online gift y
online gift delivery app,4,1,557,8,online gift d
online gift e card,4,1,557,8,online gift e
online gift for her,4,1,557,8,online gift for girlfriend 
online gift ideas for birthday,5,1,557,8,online gift i
online gift kids,3,1,557,8,online gift k
online gift long distance,4,1,557,8,online gift l
online gift receipt sephora,4,1,557,8,online gift r
online gift send,3,1,557,8,online gift s
online gift vouchers nz,4,1,557,8,online gift v
online gift wrapper,3,1,557,8,online gift w
online gifting sites,3,1,557,8,online gift
online gifts in uk,4,1,557,8,online gift in
online uniqlo gift card,4,1,557,8,online gift u
online visa gift cards without fees,6,1,557,3,online gift without
online xbox gift card redeem,5,1,557,8,virtual gift x
random surprise gifts for girlfriend,5,1,557,3,surprise gift for girlfriend r
surprise birthday gift for your girlfriend,6,1,557,4,surprise gift for girlfriend y
surprise gift for baby girl,5,1,557,8,surprise gift for girlfriend b
unique birthday surprise gift for girlfriend,6,1,557,4,surprise gift for girlfriend u
valentine day gift for girlfriend online,6,1,557,5,online gift for girlfriend d
virtual ebay gift card,4,1,557,8,virtual gift e
virtual gift berapa rupiah,4,1,557,8,virtual gift b
virtual gift card home depot,5,1,557,8,virtual gift h
virtual gift cards online instantly,5,1,557,8,virtual gift online
virtual gift certificate template,4,1,557,7,virtual gift template
virtual gift ideas for long distance relationship,7,1,557,8,virtual gift i
virtual gift link free birthday,5,1,557,7,virtual gift l
virtual gift meme,3,1,557,8,virtual gift m
virtual gift the box,4,1,557,8,virtual gift t
virtual gift website qr code,5,1,557,8,virtual gift q
virtual popeyes gift card,4,1,557,8,virtual gift p
virtual rei gift card,4,1,557,8,virtual gift r
virtual sephora gift card,4,1,557,8,virtual gift s
virtual walmart gift card,4,1,557,8,virtual gift w
what anniversary gift for boyfriend,5,1,557,8,what gift for boyfriend
what gift for my girlfriend,5,1,557,8,what gift for girlfriend
what is paypal digital gifts,5,1,557,8,what digital gift
best gift for girls zepto,5,1,556,9,gift for girlfriend z
best surprise gift for a girl,6,1,556,6,surprise gift for girlfriend a
best surprise gift for girlfriend birthday,6,1,556,9,surprise gift for girlfriend best
best surprise gift for your girlfriend,6,1,556,5,surprise gift for girlfriend y
birthday gift for boyfriend without money,6,1,556,4,gift for boyfriend without
birthday gift for men best friend,6,1,556,9,gift for boyfriend best
can i buy a digital gift card for xbox,9,1,556,9,can i digital gift
can i gift my boyfriend money,6,1,556,9,can i gift for boyfriend
can i gift my girlfriend shoes,6,1,556,9,can i gift for girlfriend
chocolate surprise birthday gift for girlfriend,6,1,556,6,surprise gift for girlfriend c
cute gifts for girlfriend xmas,5,1,556,9,gift for girlfriend x
digital applebee's gift card,4,1,556,9,digital gift app
digital birthday gift free,4,1,556,9,digital gift free
digital bunnings gift card,4,1,556,9,digital gift b
digital eneba gift card,4,1,556,9,digital gift e
digital gift card hobby lobby,5,1,556,9,digital gift h
digital gift card in store,5,1,556,4,digital gift in
digital gift card olive garden,5,1,556,9,digital gift o
digital gift card online australia,5,1,556,9,digital gift online
digital gift certificate template,4,1,556,3,digital gift template
digital gift ideas for dad,5,1,556,9,digital gift i
digital gifts for birthday,4,1,556,9,digital gift
digital kobo gift card,4,1,556,9,digital gift k
digital longhorn gift card,4,1,556,9,digital gift l
digital mcdonald's gift card,4,1,556,9,digital gift m
digital popeyes gift card,4,1,556,9,digital gift p
digital roblox gift card redeem,5,1,556,9,digital gift r
digital spotify gift card,4,1,556,9,digital gift s
digital ubisoft gift card,4,1,556,9,digital gift u
digital visa gift card australia,5,1,556,9,digital gift v
digital wingstop gift card,4,1,556,9,digital gift w
digital xbox gift card uk,5,1,556,9,digital gift x
e gift uber,3,1,556,9,virtual gift u
free gift ideas for boyfriend,5,1,556,5,gift for boyfriend free
free gifts for long distance relationships,6,1,556,3,long distance gift free
gift card online,3,1,556,9,online gift k
gift for bf day,4,1,556,9,gift for boyfriend d
gift for boyfriend birthday under 200,6,1,556,9,gift for boyfriend b
gift for boyfriend caption,4,1,556,9,gift for boyfriend c
gift for boyfriend first birthday together,6,1,556,9,gift for boyfriend f
gift for boyfriend for new year,6,1,556,9,gift for boyfriend for
gift for boyfriend last minute,5,1,556,9,gift for boyfriend l
gift for boyfriend meaningful,4,1,556,9,gift for boyfriend m
gift for boyfriend on diwali,5,1,556,9,gift for boyfriend with
gift for boyfriend picture,4,1,556,9,gift for boyfriend p
gift for boyfriend silver,4,1,556,9,gift for boyfriend s
gift for boyfriend under 2000,5,1,556,9,gift for boyfriend u
gift for boyfriend with picture,5,1,556,9,gift for boyfriend w
gift for ex boyfriend,4,1,556,9,gift for boyfriend e
gift for gf near me,5,1,556,9,gift for girlfriend n
gift for girlfriend at christmas,5,1,556,9,gift for girlfriend a
gift for girlfriend box,4,1,556,9,gift for girlfriend b
gift for girlfriend chain,4,1,556,9,gift for girlfriend c
gift for girlfriend dad,4,1,556,9,gift for girlfriend d
gift for girlfriend for 1st anniversary,6,1,556,9,gift for girlfriend for
gift for girlfriend lesbian,4,1,556,9,gift for girlfriend l
gift for girlfriend memorable,4,1,556,9,gift for girlfriend m
gift for girlfriend on period,5,1,556,9,gift for girlfriend o
gift for girlfriend on valentine,5,1,556,9,gift for girlfriend with
gift for girlfriend photo frame,5,1,556,9,gift for girlfriend p
gift for girlfriend reddit christmas,5,1,556,9,gift for girlfriend r
gift for girlfriend sorry,4,1,556,9,gift for girlfriend s
gift for girlfriend this christmas,5,1,556,9,gift for girlfriend t
gift for girlfriend unique,4,1,556,9,gift for girlfriend u
gift for girls hamper,4,1,556,9,gift for girlfriend h
gift for girls jewellery,4,1,556,9,gift for girlfriend j
gift for girls kanya pujan,5,1,556,9,gift for girlfriend k
gift for girls quotes,4,1,556,9,gift for girlfriend q
gift for her valentine's day,5,1,556,7,gift for girlfriend v
gift for men hamper,4,1,556,9,gift for boyfriend h
gift for men jewellery,4,1,556,9,gift for boyfriend j
gift for men kit,4,1,556,9,gift for boyfriend k
gift for men quotes,4,1,556,9,gift for boyfriend q
gift for visiting boyfriend's parents,5,1,556,9,gift for boyfriend v
gift for women best,4,1,556,9,gift for girlfriend best
gift for women giva,4,1,556,9,gift for girlfriend g
gift for women watch,4,1,556,9,gift for girlfriend w
gift for women young,4,1,556,9,gift for girlfriend y
gift for your boyfriend christmas,5,1,556,9,gift for boyfriend y
gift for zebra lover,4,1,556,9,gift for boyfriend z
gift ideas for long distance emt girlfriend,7,1,556,5,long distance gift e
gifts for boyfriend at xmas,5,1,556,9,gift for boyfriend a
gifts for boyfriend good,4,1,556,9,gift for boyfriend g
gifts for boyfriend not clothes,5,1,556,9,gift for boyfriend n
gifts for boyfriend reddit birthday,5,1,556,9,gift for boyfriend r
gifts for boyfriend target,4,1,556,9,gift for boyfriend t
gifts for girlfriend easter,4,1,556,9,gift for girlfriend e
gifts for men 2026 reddit,5,1,556,7,gift for boyfriend 2026
gifts for my boyfriend xmas,5,1,556,9,gift for boyfriend x
graduation surprise gift for daddy's girl,6,1,556,5,surprise gift for girlfriend d
how to check online gift card balance,7,1,556,9,how online gift
how to create a virtual gift,6,1,556,5,how virtual gift
how to sell digital gift cards,6,1,556,9,how digital gift
keychain long distance gift,4,1,556,5,long distance gift k
ldr virtual gift canva template,5,1,556,8,virtual gift template
long distance communication gift,4,1,556,9,long distance gift c
long distance couple best gift,5,1,556,8,long distance gift best
long distance daughter gifts,4,1,556,7,long distance gift d
long distance gift ideas for best friend,7,1,556,9,long distance gift i
long distance girlfriend gifts reddit,5,1,556,9,long distance gift g
long distance light up gift,5,1,556,5,long distance gift u
long distance personalized gifts,4,1,556,9,long distance gift p
long distance relationship gift ideas for him,7,1,556,9,long distance gift r
long distance relationship gift website,5,1,556,7,long distance gift w
long distance small gift,4,1,556,9,long distance gift s
long distance stuffed animal gift,5,1,556,9,long distance gift a
long distance valentines gift for men,6,1,556,9,long distance gift v
online apple gift card link,5,1,556,9,online gift app
online gif maker ai,4,1,556,9,online gift maker
online gift card google play,5,1,556,9,online gift g
online gift card olive garden,5,1,556,9,online gift o
online gift cards for teen girls,6,1,556,3,online gift for girlfriend t
online gift cards you can buy,6,1,556,6,online gift y
online gift exchange draw,4,1,556,9,online gift e
online gift for valentine,4,1,556,9,online gift with
online gift ideas for long distance girlfriend,7,1,556,5,online gift for girlfriend i
online gift lebanon,3,1,556,9,online gift l
online gift mothers day,4,1,556,9,online gift m
online gift packing box,4,1,556,9,online gift p
online gift receipt m&s,4,1,556,9,online gift r
online gift store near me,5,1,556,9,online gift s
online gift voucher template,4,1,556,6,online gift template
online gift vouchers for men,5,1,556,9,online gift v
online indigo gift card,4,1,556,9,online gift in
online jd gift voucher,4,1,556,9,online gift j
online uk gift card,4,1,556,9,online gift u
online xmas gift,3,1,556,9,virtual gift x
online zumiez gift card,4,1,556,9,online gift z
sorry gift for girlfriend online,5,1,556,9,gift for girlfriend online
steam digital gift card without account,6,1,556,4,digital gift without
surprise birthday gift for lover girl,6,1,556,8,surprise gift for girlfriend l
surprise gift for boyfriend online,5,1,556,9,gift for boyfriend online
surprise gift from girlfriend,4,1,556,5,surprise gift for girlfriend f
surprise gift to her,4,1,556,5,surprise gift for girlfriend t
surprise romantic birthday gift for girlfriend,6,1,556,4,surprise gift for girlfriend r
sweet surprise gifts for my girlfriend,6,1,556,9,surprise gift for girlfriend m
valentine gift for girlfriend 2026,5,1,556,9,gift for girlfriend 2026
virtual e gift card visa,5,1,556,9,virtual gift e
virtual gift balance,3,1,556,9,virtual gift b
virtual gift box online,4,1,556,9,virtual gift online
virtual gift card hobby lobby,5,1,556,9,virtual gift h
virtual gift card jimmy johns,5,1,556,9,virtual gift j
virtual gift card qr code,5,1,556,9,virtual gift q
virtual gift letter free,4,1,556,8,virtual gift l
virtual gift message website,4,1,556,9,virtual gift m
virtual letter gift free,4,1,556,9,virtual gift free
virtual petsmart gift card,4,1,556,9,virtual gift p
virtual spotify gift card,4,1,556,9,virtual gift s
virtual surprise gift for girlfriend,5,1,556,4,surprise gift for girlfriend v
virtual target gift card,4,1,556,9,virtual gift t
virtual wawa gift card,4,1,556,9,virtual gift w
what is amazon digital gift card,6,1,556,9,what digital gift
what is visa virtual gift card,6,1,556,6,what virtual gift
what to gift for boyfriend day,6,1,556,9,what gift for boyfriend
what to gift for girlfriend day,6,1,556,9,what gift for girlfriend
which gift for women,4,1,556,3,which gift for girlfriend
1 year anniversary gift long distance,6,1,555,5,long distance gift y
are there digital gift cards,5,1,555,3,which digital gift
best gift for long distance loved one,7,1,555,7,long distance gift l
best gifts for gf xmas,5,1,555,10,gift for girlfriend x
best surprise gift for gf,5,1,555,10,surprise gift for girlfriend best
birthday gift for men best,5,1,555,10,gift for boyfriend best
can i buy a digital gift card for playstation,9,1,555,10,can i digital gift
can i gift my boyfriend,5,1,555,10,can i gift for boyfriend
can you gift miles,4,1,555,3,how long distance gift
christmas gifts for boyfriend 2026,5,1,555,8,gift for boyfriend 2026
digital apple gift card purchase,5,1,555,10,digital gift app
digital buy gift card,4,1,555,10,digital gift b
digital e gift card visa,5,1,555,10,digital gift e
digital gift card how to use,6,1,555,10,digital gift h
digital gift card jimmy john's,5,1,555,10,digital gift j
digital gift card one for all,6,1,555,10,digital gift o
digital gift card zalando,4,1,555,10,digital gift z
digital gift cards in canada,5,1,555,5,digital gift in
digital gift cards online free,5,1,555,10,digital gift online
digital ikea gift card,4,1,555,10,digital gift i
digital kids gift card,4,1,555,10,digital gift k
digital lcbo gift card,4,1,555,10,digital gift l
digital minecraft gift card,4,1,555,10,digital gift m
digital playstation gift card amazon,5,1,555,10,digital gift p
digital razer gift card,4,1,555,10,digital gift r
digital shein gift card,4,1,555,10,digital gift s
digital woolworths gift card,4,1,555,10,digital gift w
digital xbox gift card $5,5,1,555,10,digital gift x
electronic gift under 2500,4,1,555,10,digital gift u
free virtual gift ideas,4,1,555,4,virtual gift without
fun surprise gifts for girlfriend,5,1,555,6,surprise gift for girlfriend f
gift for a boyfriend,4,1,555,10,gift for boyfriend a
gift for boyfriend between ₹400 and ₹800,7,1,555,10,gift for boyfriend b
gift for boyfriend clothes,4,1,555,10,gift for boyfriend c
gift for boyfriend first anniversary,5,1,555,10,gift for boyfriend f
gift for boyfriend for graduation,5,1,555,10,gift for boyfriend for
gift for boyfriend ideas birthday,5,1,555,10,gift for boyfriend i
gift for boyfriend lego,4,1,555,10,gift for boyfriend l
gift for boyfriend message,4,1,555,10,gift for boyfriend m
gift for boyfriend online,4,1,555,10,gift for boyfriend o
gift for boyfriend sorry,4,1,555,10,gift for boyfriend s
gift for boyfriend under 10000,5,1,555,10,gift for boyfriend u
gift for boyfriend's parents christmas,5,1,555,10,gift for boyfriend p
gift for ex boyfriend marriage,5,1,555,10,gift for boyfriend e
gift for ex girlfriend,4,1,555,10,gift for girlfriend e
gift for gf ring,4,1,555,10,gift for girlfriend r
gift for girlfriend birthday under 200,6,1,555,10,gift for girlfriend b
gift for girlfriend christmas reddit,5,1,555,10,gift for girlfriend c
gift for girlfriend diwali,4,1,555,10,gift for girlfriend d
gift for girlfriend for diwali,5,1,555,10,gift for girlfriend for
gift for girlfriend link,4,1,555,10,gift for girlfriend l
gift for girlfriend makeup,4,1,555,10,gift for girlfriend m
gift for girlfriend on graduation,5,1,555,10,gift for girlfriend with
gift for girlfriend on her graduation,6,1,555,10,gift for girlfriend o
gift for girlfriend picture,4,1,555,10,gift for girlfriend p
gift for girlfriend special,4,1,555,10,gift for girlfriend s
gift for girlfriend teddy bear,5,1,555,10,gift for girlfriend t
gift for girlfriend under 1500,5,1,555,10,gift for girlfriend u
gift for girls kids under 200,6,1,555,10,gift for girlfriend k
gift for her best,4,1,555,10,gift for girlfriend best
gift for her new zealand,5,1,555,10,gift for girlfriend z
gift for her wedding,4,1,555,10,gift for girlfriend w
gift for him jewelry,4,1,555,10,gift for boyfriend j
gift for lover quotes,4,1,555,10,gift for boyfriend q
gift for men graduation,4,1,555,10,gift for boyfriend g
gift for men handmade,4,1,555,10,gift for boyfriend h
gift for men kitchen,4,1,555,10,gift for boyfriend k
gift for men young,4,1,555,10,gift for boyfriend y
gift for women hamper,4,1,555,10,gift for girlfriend h
gift for women jewellery,4,1,555,10,gift for girlfriend j
gift for women qatar,4,1,555,10,gift for girlfriend q
gift for women valentine,4,1,555,8,gift for girlfriend v
gift for women yoga,4,1,555,10,gift for girlfriend y
gift for zyn lover,4,1,555,10,gift for boyfriend z
gift ideas for men apparel,5,1,555,7,gift for boyfriend app
gift ideas for men without hobbies,6,1,555,5,gift for boyfriend without
gift to long distance friend,5,1,555,10,long distance gift t
gifts for bf vday,4,1,555,10,gift for boyfriend v
gifts for boyfriend different,4,1,555,10,gift for boyfriend d
gifts for boyfriend next day delivery,6,1,555,10,gift for boyfriend n
gifts for boyfriend reddit christmas,5,1,555,10,gift for boyfriend r
gifts for boyfriend tech,4,1,555,10,gift for boyfriend t
gifts for boyfriend who is a gamer,7,1,555,10,gift for boyfriend w
gifts for girlfriend at xmas,5,1,555,10,gift for girlfriend a
gifts for girlfriend from amazon,5,1,555,10,gift for girlfriend f
gifts for girlfriend next day delivery,6,1,555,10,gift for girlfriend n
good gifts for boyfriend xmas,5,1,555,10,gift for boyfriend x
how to birthday gift for girlfriend,6,1,555,3,how gift for girlfriend
how to buy digital gift card on amazon,8,1,555,10,how digital gift
how to redeem digital gift cards,6,1,555,4,why digital gift
how to use online gift card at walmart,8,1,555,10,how online gift
is it ok to buy your boyfriend gifts,8,1,555,4,is it gift for boyfriend
list of gifts for girlfriend,5,1,555,7,online gift for girlfriend l
long distance birthday gift ideas,5,1,555,10,long distance gift b
long distance birthday gift website,5,1,555,8,long distance gift w
long distance countdown gift,4,1,555,10,long distance gift c
long distance gift for my girlfriend,6,1,555,10,long distance gift m
long distance gift ideas for mom,6,1,555,10,long distance gift i
long distance gifts for him reddit,6,1,555,10,long distance gift h
long distance girlfriend present,4,1,555,10,long distance gift g
long distance relationship anniversary gift,5,1,555,10,long distance gift a
long distance relationship gift ideas reddit,6,1,555,10,long distance gift r
long distance relationship gifts pinterest,5,1,555,10,long distance gift p
long distance valentine's gifts same day delivery,7,1,555,10,long distance gift v
long range shooting gift ideas,5,1,555,10,long distance gift s
love digital gift free qr code,6,1,555,10,digital gift free
online apple gift card store,5,1,555,10,online gift app
online free gifts for birthday,5,1,555,10,online gift free
online gift box delivery,4,1,555,10,online gift b
online gift card old navy,5,1,555,10,online gift o
online gift cards australia,4,1,555,10,online gift n
online gift certificate template free,5,1,555,7,online gift template
online gift deed registration,4,1,555,10,online gift d
online gift exchange picker,4,1,555,10,online gift e
online gift ideas for long distance boyfriend,7,1,555,10,online gift i
online gift love letter,4,1,555,10,online gift l
online gift me,3,1,555,10,online gift m
online gift photo,3,1,555,10,online gift p
online gift receipt target,4,1,555,10,online gift r
online gift shop in kolkata,5,1,555,10,online gift s
online gift voucher ideas,4,1,555,10,online gift v
online gifts kenya,3,1,555,10,online gift k
online jain gift items,4,1,555,10,online gift j
online new year gift,4,1,555,7,online gift y
online present maker,3,1,555,10,online gift maker
online universal gift card,4,1,555,10,online gift u
online xbox gift card digital,5,1,555,10,virtual gift x
online zupas gift card,4,1,555,10,online gift z
send virtual gift online,4,1,555,10,virtual gift online
surprise birthday gift ideas for girlfriend,6,1,555,10,surprise gift for girlfriend i
surprise gift for 11 year girl,6,1,555,6,surprise gift for girlfriend y
surprise gift letter for girlfriend,5,1,555,9,surprise gift for girlfriend l
surprise ideas for birthday girl,5,1,555,10,surprise gift for girlfriend b
surprise virtual gift free,4,1,555,10,virtual gift free
the best surprise gift for girlfriend,6,1,555,6,surprise gift for girlfriend t
unique long distance gift ideas,5,1,555,6,long distance gift u
v bucks gift card digital,5,1,555,10,digital gift v
valentine gift for boyfriend online,5,1,555,10,gift for boyfriend online
virtual e gift card mastercard,5,1,555,10,virtual gift e
virtual gift birthday card,4,1,555,10,virtual gift b
virtual gift card apple pay,5,1,555,10,virtual gift app
virtual gift card on amazon,5,1,555,6,virtual gift o
virtual gift cards uk,4,1,555,10,virtual gift u
virtual gift link for birthday,5,1,555,9,virtual gift l
virtual gift message link,4,1,555,10,virtual gift m
virtual gifts for girlfriend free,5,1,555,9,virtual gift g
virtual prepaid gift card visa,5,1,555,10,virtual gift p
virtual woolworths gift card,4,1,555,10,virtual gift w
what can i gift for my girlfriend,7,1,555,10,can i gift for girlfriend
what can i gift my long distance best friend,9,1,555,3,can i long distance gift
what diwali gift for girlfriend,5,1,555,10,what gift for girlfriend
what gift for men,4,1,555,10,what gift for boyfriend
what is amazon virtual gift card,6,1,555,7,what virtual gift
what is steam digital gift card,6,1,555,10,what digital gift
which gift is best for girlfriend birthday,7,1,555,4,which gift for girlfriend
best gift for boyfriend online,5,1,554,11,gift for boyfriend online
best gift for men 2026,5,1,554,9,gift for boyfriend 2026
best gift for men apparel,5,1,554,8,gift for boyfriend app
best long distance gift for girlfriend,6,1,554,10,long distance gift best
best surprise gift for girl,5,1,554,11,surprise gift for girlfriend best
can i gift my boyfriend 4000 tax,7,1,554,11,can i gift for boyfriend
can i send a digital gift card on amazon,9,1,554,11,can i digital gift
digital apple gift card 20,5,1,554,11,digital gift app
digital blizzard gift card,4,1,554,11,digital gift b
digital email gift cards,4,1,554,11,digital gift e
digital gif maker,3,1,554,7,digital gift maker
digital gift card how does it work,7,1,554,11,digital gift h
digital gift card on steam,5,1,554,11,digital gift o
digital gift for free,4,1,554,11,digital gift for
digital gift officer jobs,4,1,554,11,digital gift j
digital key gift card,4,1,554,11,digital gift k
digital lush gift card,4,1,554,11,digital gift l
digital microsoft gift card,4,1,554,11,digital gift m
digital pandora gift card,4,1,554,11,digital gift p
digital robux gift card $5,5,1,554,11,digital gift r
digital steam gift card amazon,5,1,554,11,digital gift s
digital vanilla gift card,4,1,554,11,digital gift v
digital whataburger gift card,4,1,554,11,digital gift w
digital xbox gift card email delivery,6,1,554,11,digital gift x
distance of present posting from the desired place,8,1,554,11,long distance gift p
e gift doordash,3,1,554,11,virtual gift d
e gift it,3,1,554,11,virtual gift i
e online gift cards,4,1,554,11,digital gift online
electronic gift items,3,1,554,11,digital gift i
electronic gift under 1000,4,1,554,11,digital gift u
gift for a boyfriend on his birthday,7,1,554,11,gift for boyfriend a
gift for a girlfriend,4,1,554,11,gift for girlfriend a
gift for boyfriend birthday reddit,5,1,554,11,gift for boyfriend b
gift for boyfriend christmas reddit,5,1,554,11,gift for boyfriend c
gift for boyfriend for 1st anniversary,6,1,554,11,gift for boyfriend for
gift for boyfriend funny,4,1,554,11,gift for boyfriend f
gift for boyfriend on new year,6,1,554,11,gift for boyfriend with
gift for boyfriend one year anniversary,6,1,554,11,gift for boyfriend o
gift for boyfriend personalised,4,1,554,11,gift for boyfriend p
gift for boyfriend set,4,1,554,11,gift for boyfriend s
gift for boyfriend under 600,5,1,554,11,gift for boyfriend u
gift for daughters boyfriend,4,1,554,11,gift for boyfriend d
gift for ex boyfriend birthday,5,1,554,11,gift for boyfriend e
gift for ex girlfriend birthday,5,1,554,11,gift for girlfriend e
gift for gf new year,5,1,554,11,gift for girlfriend n
gift for girlfriend birthday ideas,5,1,554,11,gift for girlfriend b
gift for girlfriend college graduation,5,1,554,11,gift for girlfriend c
gift for girlfriend designer,4,1,554,11,gift for girlfriend d
gift for girlfriend for long distance,6,1,554,11,gift for girlfriend for
gift for girlfriend lamp,4,1,554,11,gift for girlfriend l
gift for girlfriend meaningful,4,1,554,11,gift for girlfriend m
gift for girlfriend on eid,5,1,554,11,gift for girlfriend with
gift for girlfriend one year anniversary,6,1,554,11,gift for girlfriend o
gift for girlfriend pandora,4,1,554,11,gift for girlfriend p
gift for girlfriend surprise,4,1,554,11,gift for girlfriend s
gift for girlfriend thoughtful,4,1,554,11,gift for girlfriend t
gift for girlfriend under 3000,5,1,554,11,gift for girlfriend u
gift for girls handmade,4,1,554,11,gift for girlfriend h
gift for girls qatar,4,1,554,11,gift for girlfriend q
gift for her guide,4,1,554,11,gift for girlfriend g
gift for her jewellery,4,1,554,11,gift for girlfriend j
gift for her voucher,4,1,554,9,gift for girlfriend v
gift for him ysl,4,1,554,11,gift for boyfriend y
gift for men gadgets,4,1,554,11,gift for boyfriend g
gift for men husband,4,1,554,11,gift for boyfriend h
gift for men jacket,4,1,554,11,gift for boyfriend j
gift for men karachi,4,1,554,11,gift for boyfriend k
gift for men quora,4,1,554,11,gift for boyfriend q
gift for men valentine's day,5,1,554,11,gift for boyfriend v
gift for rider boyfriend,4,1,554,11,gift for boyfriend r
gift for women kmart,4,1,554,11,gift for girlfriend k
gift for women who travel,5,1,554,11,gift for girlfriend w
gift ideas for bf xmas,5,1,554,11,gift for boyfriend x
gift ideas for men best,5,1,554,11,gift for boyfriend best
gift ideas for women xmas,5,1,554,11,gift for girlfriend x
gift ideas for women zara,5,1,554,11,gift for girlfriend z
gifts for best girlfriend birthday,5,1,554,11,gift for girlfriend best
gifts for boyfriend gen z,5,1,554,11,gift for boyfriend z
gifts for boyfriend in long distance,6,1,554,11,gift for boyfriend in
gifts for boyfriend long term,5,1,554,11,gift for boyfriend l
gifts for boyfriend mechanic,4,1,554,11,gift for boyfriend m
gifts for boyfriend new relationship,5,1,554,11,gift for boyfriend n
gifts for boyfriend to make,5,1,554,11,gift for boyfriend t
gifts for boyfriend who is a dad,7,1,554,11,gift for boyfriend w
gifts for girlfriend funny,4,1,554,11,gift for girlfriend f
gifts for girlfriend runner,4,1,554,11,gift for girlfriend r
good gifts for women 2026,5,1,554,11,gift for girlfriend 2026
good surprise gifts for your girlfriend,6,1,554,7,surprise gift for girlfriend y
how can i gift my long distance boyfriend,8,1,554,4,how long distance gift
how do digital gift cards work,6,1,554,5,why digital gift
how to get gifts for girlfriend,6,1,554,4,how gift for girlfriend
how to give someone a virtual gift card,8,1,554,7,how virtual gift
how to redeem digital gift card roblox,7,1,554,11,how digital gift
how to sell online gift cards,6,1,554,11,how online gift
is it good to gift your boyfriend a watch,9,1,554,5,is it gift for boyfriend
is it good to gift your girlfriend a watch,9,1,554,7,is it gift for girlfriend
little surprise gifts for girlfriend,5,1,554,10,surprise gift for girlfriend l
long distance boyfriend gift ideas,5,1,554,11,long distance gift b
long distance cousin gift,4,1,554,11,long distance gift c
long distance gift ideas diy,5,1,554,11,long distance gift i
long distance gifts for him india,6,1,554,11,long distance gift h
long distance gifts for my boyfriend,6,1,554,11,long distance gift m
long distance gifts to give,5,1,554,11,long distance gift g
long distance relationship anniversary gift ideas,6,1,554,11,long distance gift a
long distance relationship gift for girlfriend,6,1,554,11,long distance gift r
long distance relationship gift watch,5,1,554,9,long distance gift w
long distance relationship gifts virtual,5,1,554,11,long distance gift v
long haul flight gift set,5,1,554,11,long distance gift s
no money gift ideas for boyfriend,6,1,554,7,gift for boyfriend free
normal gift for girlfriend,4,1,554,6,gift for girlfriend free
online apple gift card redeem,5,1,554,11,online gift app
online best gifts for men,5,1,554,11,online gift best
online birthday gift template,4,1,554,8,online gift template
online exchange gift bunutan,4,1,554,11,online gift e
online gif maker from jpg,5,1,554,11,online gift maker
online gift business for sale,5,1,554,11,online gift b
online gift card,3,1,554,11,online gift v
online gift card online,4,1,554,11,online gift online
online gift cards canada,4,1,554,11,online gift n
online gift cards with paypal,5,1,554,11,online gift with
online gift code,3,1,554,4,online gift 2026
online gift delivery hyderabad,4,1,554,11,online gift d
online gift delivery on same day,6,1,554,11,online gift o
online gift men,3,1,554,11,online gift m
online gift plants,3,1,554,11,online gift p
online gift receipt aritzia,4,1,554,11,online gift r
online gift sending sites in india,6,1,554,11,online gift s
online gift to dubai,4,1,554,11,online gift t
online gifts for men,4,1,554,11,online gift
online gifts ldr,3,1,554,11,online gift l
online jewellery gift cards,4,1,554,11,online gift j
online kroger gift card,4,1,554,11,online gift k
online razer gold gift card,5,1,554,11,online gift g
online thank you gift,4,1,554,8,online gift y
online usa gift card,4,1,554,11,online gift u
online xbox gift voucher,4,1,554,11,virtual gift x
online zara gift cards,4,1,554,11,online gift z
romantic birthday surprise ideas for girlfriend at home,8,1,554,8,surprise gift for girlfriend a
surprise gift message for girlfriend,5,1,554,11,surprise gift for girlfriend m
virtual birthday gift ideas,4,1,554,11,virtual gift b
virtual birthday gift online,4,1,554,11,virtual gift online
virtual employee gift cards,4,1,554,11,virtual gift e
virtual gift card app,4,1,554,11,virtual gift app
virtual gift card uber eats,5,1,554,11,virtual gift u
virtual gift gift card,4,1,554,10,virtual gift g
virtual gift legend,3,1,554,10,virtual gift l
virtual gift me,3,1,554,11,virtual gift m
virtual gifts for long distance girlfriend,6,1,554,11,virtual gift
what are online gifts,4,1,554,5,what online gift
what can i gift for girls,6,1,554,11,can i gift for girlfriend
what can i gift my long distance boyfriend for his birthday,11,1,554,4,can i long distance gift
what gift for men birthday,5,1,554,11,what gift for boyfriend
what gift for your girlfriend,5,1,554,11,what gift for girlfriend
what is a digital gift card on doordash,8,1,554,11,what digital gift
what is tremendous virtual gift card,6,1,554,8,what virtual gift
which digital gold is good,5,1,554,4,which digital gift
which gift is best for boyfriend on his birthday,9,1,554,3,which gift for boyfriend
which gift is good for girlfriend,6,1,554,5,which gift for girlfriend
which online grocery is best,5,1,554,3,which online gift
which virtual card is best,5,1,554,3,which virtual gift
why online shopping gives discount,5,1,554,3,why online gift
without gift,2,1,554,6,online gift without
yellow gifts for women,4,1,554,11,gift for girlfriend y
are digital gift cards safe,5,1,553,4,is it digital gift
best gift for girlfriend online,5,1,553,12,gift for girlfriend online
best long distance gift ideas,5,1,553,11,long distance gift best
birthday gift for good girlfriend,5,1,553,12,gift for girlfriend g
birthday gift for long distance partner,6,1,553,12,long distance gift p
birthday gift for men zepto,5,1,553,12,gift for boyfriend z
birthday surprise ideas for a girl,6,1,553,9,surprise gift for girlfriend a
birthday surprise ideas for my girlfriend,6,1,553,12,surprise gift for girlfriend m
bracelets best surprise gift for girlfriend,6,1,553,12,surprise gift for girlfriend best
can i gift my boyfriend a shirt,7,1,553,12,can i gift for boyfriend
can i send a digital gift card from walmart,9,1,553,12,can i digital gift
digital apple gift card redeem,5,1,553,12,digital gift app
digital bp gift card,4,1,553,12,digital gift b
digital epic gift card,4,1,553,12,digital gift e
digital gift card free people,5,1,553,12,digital gift free
digital gift card harbor freight,5,1,553,12,digital gift h
digital gift card on,4,1,553,12,digital gift o
digital gift vouchers,3,1,553,12,digital gift n
digital gifts for her,4,1,553,12,digital gift
digital lids gift card,4,1,553,12,digital gift l
digital meta gift card,4,1,553,12,digital gift m
digital petsmart gift card,4,1,553,12,digital gift p
digital razer gold gift card,5,1,553,11,digital gift g
digital robux gift card uk,5,1,553,12,digital gift r
digital valorant gift card,4,1,553,12,digital gift v
digital wegmans gift card,4,1,553,12,digital gift w
digital xbox gift card 10 dollars,6,1,553,12,digital gift x
distance of stawell gift,4,1,553,12,long distance gift s
diwali surprise gift for girlfriend,5,1,553,8,surprise gift for girlfriend d
diy gifts for girlfriend,4,1,553,3,online gift for girlfriend maker
electronic gift items under 1000,5,1,553,12,digital gift i
electronic gift under 500,4,1,553,12,digital gift u
electronic online gift cards,4,1,553,12,digital gift online
free online gift voucher template,5,1,553,9,online gift template
gift digital switch games,4,1,553,12,digital gift s
gift for a boyfriend long distance,6,1,553,12,gift for boyfriend a
gift for a girlfriend birthday,5,1,553,12,gift for girlfriend a
gift for boyfriend birthday long distance,6,1,553,12,gift for boyfriend b
gift for boyfriend combo,4,1,553,12,gift for boyfriend c
gift for boyfriend for 2 year anniversary,7,1,553,12,gift for boyfriend for
gift for boyfriend friends,4,1,553,8,gift for boyfriend free
gift for boyfriend on father's day,6,1,553,12,gift for boyfriend o
gift for boyfriend on first anniversary,6,1,553,12,gift for boyfriend with
gift for boyfriend perfume,4,1,553,12,gift for boyfriend p
gift for boyfriend suggest,4,1,553,12,gift for boyfriend s
gift for boyfriend under 500 rupees,6,1,553,12,gift for boyfriend u
gift for dj boyfriend,4,1,553,12,gift for boyfriend d
gift for electrician boyfriend,4,1,553,12,gift for boyfriend e
gift for ex girlfriend marriage,5,1,553,12,gift for girlfriend e
gift for gf mom,4,1,553,12,gift for girlfriend m
gift for gf necklace,4,1,553,12,gift for girlfriend n
gift for gf rose,4,1,553,12,gift for girlfriend r
gift for girl toddler,4,1,553,12,gift for girlfriend t
gift for girlfriend birthday reddit,5,1,553,12,gift for girlfriend b
gift for girlfriend chocolate box,5,1,553,12,gift for girlfriend c
gift for girlfriend doctor,4,1,553,12,gift for girlfriend d
gift for girlfriend for graduation,5,1,553,12,gift for girlfriend for
gift for girlfriend friends,4,1,553,7,gift for girlfriend free
gift for girlfriend light,4,1,553,12,gift for girlfriend l
gift for girlfriend on 1st anniversary,6,1,553,12,gift for girlfriend with
gift for girlfriend period,4,1,553,12,gift for girlfriend p
gift for girlfriend sentimental,4,1,553,12,gift for girlfriend s
gift for girlfriend under ₹1000,5,1,553,12,gift for girlfriend u
gift for girls jewellery set,5,1,553,12,gift for girlfriend j
gift for girls quora,4,1,553,12,gift for girlfriend q
gift for girls valentine,4,1,553,10,gift for girlfriend v
gift for her hamper,4,1,553,12,gift for girlfriend h
gift for her wedding anniversary,5,1,553,12,gift for girlfriend w
gift for him hamper,4,1,553,12,gift for boyfriend h
gift for him just because,5,1,553,12,gift for boyfriend j
gift for him kmart,4,1,553,12,gift for boyfriend k
gift for him valentines,4,1,553,12,gift for boyfriend v
gift for men gym,4,1,553,12,gift for boyfriend g
gift for men instant delivery,5,1,553,12,gift for boyfriend in
gift for men quick commerce,5,1,553,12,gift for boyfriend q
gift for men who have everything,6,1,553,12,gift for boyfriend w
gift for men ysl,4,1,553,12,gift for boyfriend y
gift for my boyfriend,4,1,553,12,gift for boyfriend m
gift for my boyfriend online,5,1,553,12,gift for boyfriend online
gift for rapper boyfriend,4,1,553,12,gift for boyfriend r
gift for women kitchen,4,1,553,12,gift for girlfriend k
gift ideas for her xmas,5,1,553,12,gift for girlfriend x
gift ideas for men xmas,5,1,553,12,gift for boyfriend x
gift set for girls zepto,5,1,553,12,gift for girlfriend z
gift template download,3,1,553,6,digital gift template
gifts for bf last minute,5,1,553,12,gift for boyfriend l
gifts for boyfriend fun,4,1,553,12,gift for boyfriend f
gifts for boyfriend new apartment,5,1,553,12,gift for boyfriend n
gifts for boyfriend that are useful,6,1,553,12,gift for boyfriend t
gifts for girlfriend fun,4,1,553,12,gift for girlfriend f
gifts for the best boyfriend ever,6,1,553,12,gift for boyfriend best
gifts for your girlfriend on valentine's day,7,1,553,12,gift for girlfriend y
gifts online quick delivery,4,1,553,12,online gift q
good gifts for girls 2026,5,1,553,12,gift for girlfriend 2026
how to best gift for boyfriend,6,1,553,3,how gift for boyfriend
how to buy digital gift card roblox,7,1,553,12,how digital gift
how to gift long distance girlfriend,6,1,553,5,how long distance gift
how to send online gifts for birthday,7,1,553,12,how online gift
is it good to gift clothes to boyfriend,8,1,553,6,is it gift for boyfriend
long distance birthday gift for wife,6,1,553,10,long distance gift w
long distance boyfriend anniversary gift,5,1,553,12,long distance gift a
long distance couples gifts heartbeat,5,1,553,12,long distance gift h
long distance cute gift,4,1,553,12,long distance gift c
long distance friendship gift gift,5,1,553,6,long distance gift free
long distance gift ideas for family,6,1,553,12,long distance gift i
long distance gifts for friends,5,1,553,12,long distance gift
long distance gifts near me,5,1,553,12,long distance gift m
long distance relationship gift bracelet,5,1,553,12,long distance gift r
long distance relationship gifts diy,5,1,553,10,long distance gift d
long distance relationship gifts girlfriend,5,1,553,12,long distance gift g
long distance relationship valentines gift,5,1,553,12,long distance gift v
love digital gift qr code,5,1,553,12,digital gift q
online apple gift card email delivery usa,7,1,553,12,online gift app
online birthday gift online,4,1,553,12,online gift online
online eftpos gift card,4,1,553,12,online gift e
online gif maker transparent background,5,1,553,12,online gift maker
online gift card with card,5,1,553,12,online gift with
online gift delivery apps in india,6,1,553,12,online gift d
online gift shop name ideas,5,1,553,12,online gift s
online gift voucher malaysia,4,1,553,12,online gift v
online gift wedding,3,1,553,12,online gift w
online gifts last minute,4,1,553,12,online gift l
online gifts m&s,3,1,553,12,online gift m
online gifts perth australia,4,1,553,12,online gift p
online kmart gift card,4,1,553,12,online gift k
online letter gift free,4,1,553,12,online gift free
online olive garden gift card,5,1,553,12,online gift g
online roblox gift card,4,1,553,12,online gift r
online thank you gift cards,5,1,553,9,online gift y
online use gift card,4,1,553,12,online gift u
online xbox gift card digital code,6,1,553,12,virtual gift x
surprise gift for 12 year girl,6,1,553,8,surprise gift for girlfriend y
surprise gift for girlfriend under 1000,6,1,553,8,surprise gift for girlfriend u
surprise gift for girlfriend vlog,5,1,553,7,surprise gift for girlfriend v
surprise gift message for her birthday,6,1,553,12,surprise gift for girlfriend b
valentine gift for girlfriend best,5,1,553,12,gift for girlfriend best
valentines gift for him 2026,5,1,553,10,gift for boyfriend 2026
valentines gift for him apparel,5,1,553,9,gift for boyfriend app
virtual egift,2,1,553,12,virtual gift e
virtual gift adalah,3,1,553,12,virtual gift a
virtual gift card apple wallet,5,1,553,12,virtual gift app
virtual gift card use,4,1,553,12,virtual gift u
virtual gift for online friend,5,1,553,12,virtual gift online
virtual gift for your girlfriend,5,1,553,7,virtual gift y
virtual gift gift card balance,5,1,553,11,virtual gift g
virtual gift instagram,3,1,553,9,virtual gift in
virtual gift legend berapa rupiah,5,1,553,11,virtual gift l
virtual mastercard gift card,4,1,553,12,virtual gift m
what can i gift for women,6,1,553,12,can i gift for girlfriend
what can i gift my long distance friend,8,1,553,5,can i long distance gift
what do i gift my girlfriend for her birthday,9,1,553,8,is it gift for girlfriend
what gift for girls,4,1,553,12,what gift for girlfriend
what gift for him on valentine day,7,1,553,12,what gift for boyfriend
what gift to give to long distance girlfriend,8,1,553,4,what long distance gift
what is aritzia digital gift card,6,1,553,12,what digital gift
what is mastercard virtual gift card,6,1,553,9,what virtual gift
what is online exchange gift card,6,1,553,6,what online gift
what to gift for your boyfriend,6,1,553,7,gift for boyfriend without
which digital gold is safe,5,1,553,5,which digital gift
which gift is best for girlfriend in valentine's day,9,1,553,6,which gift for girlfriend
which gift is good for boyfriend,6,1,553,4,which gift for boyfriend
which online grocery shopping,4,1,553,4,which online gift
wholesale online gift shop,4,1,553,3,who online gift
why digital gold is stopped,5,1,553,6,why digital gift
why online stores give discounts,5,1,553,4,why online gift
best gift for boyfriend on his birthday,7,1,552,13,gift for boyfriend best
best gift for men xmas,5,1,552,13,gift for boyfriend x
best long distance anniversary gifts,5,1,552,13,long distance gift a
best long distance gift reddit,5,1,552,12,long distance gift best
best virtual gift for birthday,5,1,552,5,which virtual gift
can i buy online roblox gift cards,7,1,552,13,can i online gift
can i gift my boyfriend a ring,7,1,552,13,can i gift for boyfriend
can i send a digital gift card from target,9,1,552,13,can i digital gift
can you gift digital gold,5,1,552,5,is it digital gift
digital apple gift card us,5,1,552,13,digital gift app
digital birthday gift maker,4,1,552,9,digital gift maker
digital boots gift card,4,1,552,13,digital gift b
digital esso gift card,4,1,552,13,digital gift e
digital gift card gift,4,1,552,12,digital gift g
digital gift card h&m,4,1,552,13,digital gift h
digital gift card just eat,5,1,552,13,digital gift j
digital gift card playstation,4,1,552,13,digital gift n
digital gift card qr code,5,1,552,13,digital gift q
digital gift card visa,4,1,552,13,digital gift d
digital gift products,3,1,552,3,digital gift 2027
digital gifts for online friends,5,1,552,13,digital gift online
digital love gift free,4,1,552,13,digital gift l
digital mastercard gift card australia,5,1,552,13,digital gift m
digital playstation gift card sale,5,1,552,13,digital gift p
digital roblox gift card australia,5,1,552,13,digital gift r
digital select gift card,4,1,552,13,digital gift s
digital visa gift card canada,5,1,552,13,digital gift v
digital walgreens gift card,4,1,552,13,digital gift w
digital xbox gift card $10,5,1,552,13,digital gift x
e gift roblox,3,1,552,13,virtual gift r
electronic best gift,3,1,552,13,digital gift best
electronic gift items under 2000,5,1,552,13,digital gift i
electronic gift to men,4,1,552,13,digital gift t
electronic gift under 2000,4,1,552,13,digital gift u
free online gift card templates,5,1,552,10,online gift template
free online gifts on birthday,5,1,552,13,online gift o
fun surprise ideas for my girlfriend,6,1,552,13,surprise gift for girlfriend m
gift box for girls zepto,5,1,552,13,gift for girlfriend z
gift for a boyfriend birthday,5,1,552,13,gift for boyfriend a
gift for a girlfriend long distance,6,1,552,13,gift for girlfriend a
gift for boyfriend 200,4,1,552,3,gift for boyfriend 2027
gift for boyfriend birthday unique,5,1,552,13,gift for boyfriend b
gift for boyfriend chocolate,4,1,552,13,gift for boyfriend c
gift for boyfriend for one year anniversary,7,1,552,13,gift for boyfriend for
gift for boyfriend from india,5,1,552,9,gift for boyfriend free
gift for boyfriend ideas diy,5,1,552,13,gift for boyfriend i
gift for boyfriend on 2 year anniversary,7,1,552,13,gift for boyfriend with
gift for boyfriend personalized,4,1,552,3,gift for boyfriend maker
gift for boyfriend practical,4,1,552,13,gift for boyfriend p
gift for boyfriend surprise,4,1,552,13,gift for boyfriend s
gift for boyfriend under 2k,5,1,552,13,gift for boyfriend u
gift for daughters boyfriend christmas,5,1,552,13,gift for boyfriend d
gift for ex girlfriend wedding,5,1,552,13,gift for girlfriend e
gift for first girlfriend,4,1,552,13,gift for girlfriend f
gift for gf nearby,4,1,552,13,gift for girlfriend n
gift for girl teenager,4,1,552,13,gift for girlfriend t
gift for girlfriend at low price,6,1,552,13,gift for girlfriend app
gift for girlfriend between ₹500 and ₹1 000,8,1,552,13,gift for girlfriend b
gift for girlfriend card,4,1,552,13,gift for girlfriend c
gift for girlfriend doll,4,1,552,13,gift for girlfriend d
gift for girlfriend for valentine,5,1,552,13,gift for girlfriend for
gift for girlfriend from india,5,1,552,8,gift for girlfriend free
gift for girlfriend gift,4,1,552,13,gift for girlfriend g
gift for girlfriend in jewellery,5,1,552,13,gift for girlfriend with
gift for girlfriend ldr,4,1,552,13,gift for girlfriend l
gift for girlfriend making,4,1,552,5,gift for girlfriend maker
gift for girlfriend package,4,1,552,13,gift for girlfriend p
gift for girlfriend simple,4,1,552,13,gift for girlfriend s
gift for girlfriend under ₹250,5,1,552,13,gift for girlfriend u
gift for girlfriend without money,5,1,552,5,gift for girlfriend without
gift for girls jhumka,4,1,552,13,gift for girlfriend j
gift for girls kanjak,4,1,552,13,gift for girlfriend k
gift for girls raksha bandhan,5,1,552,13,gift for girlfriend r
gift for girls which is useful,6,1,552,13,gift for girlfriend w
gift for her valentines,4,1,552,11,gift for girlfriend v
gift for him hindi meaning,5,1,552,13,gift for boyfriend h
gift for him keychain,4,1,552,13,gift for boyfriend k
gift for men expensive,4,1,552,13,gift for boyfriend e
gift for men gold,4,1,552,13,gift for boyfriend g
gift for men in wedding,5,1,552,13,gift for boyfriend in
gift for men jiomart,4,1,552,13,gift for boyfriend j
gift for men luxury,4,1,552,13,gift for boyfriend l
gift for men valentines,4,1,552,13,gift for boyfriend v
gift for men wedding,4,1,552,13,gift for boyfriend w
gift for my boyfriend birthday,5,1,552,13,gift for boyfriend m
gift for rich boyfriend,4,1,552,13,gift for boyfriend r
gift for your bf,4,1,552,13,gift for boyfriend y
gift guide for men 2026,5,1,552,11,gift for boyfriend 2026
gift hamper for men zepto,5,1,552,13,gift for boyfriend z
gift ideas for best girlfriend,5,1,552,13,gift for girlfriend best
gift ideas for boyfriend online,5,1,552,13,gift for boyfriend online
gift ideas for boyfriend with no money,7,1,552,8,gift for boyfriend without
gift ideas for girls xmas,5,1,552,13,gift for girlfriend x
gift ideas for long distance parents,6,1,552,13,long distance gift p
gift ideas for.long distance wife,5,1,552,11,long distance gift w
gift template design,3,1,552,7,digital gift template
gifts for boyfriend from mom,5,1,552,13,gift for boyfriend f
gifts for boyfriend not expensive,5,1,552,13,gift for boyfriend n
gifts for boyfriend to buy,5,1,552,13,gift for boyfriend t
gifts for girlfriend masc,4,1,552,13,gift for girlfriend m
gifts for quirky boyfriend,4,1,552,13,gift for boyfriend q
gifts for quirky girlfriend,4,1,552,13,gift for girlfriend q
gifts for women 2026 reddit,5,1,552,13,gift for girlfriend 2026
gifts for your girlfriend anniversary,5,1,552,13,gift for girlfriend y
girlfriend online shopping,3,1,552,8,why online gift for girlfriend
home decor gifts for women,5,1,552,13,gift for girlfriend h
how to gift long distance boyfriend,6,1,552,6,how long distance gift
how to give virtual gifts,5,1,552,9,how virtual gift
how to send digital gift card amazon,7,1,552,13,how digital gift
how to surprise gift for boyfriend,6,1,552,4,how gift for boyfriend
how to trade online gift card,6,1,552,13,how online gift
is it okay to gift your girlfriend a ring,9,1,552,9,is it gift for girlfriend
long distance bf gift ideas,5,1,552,13,long distance gift b
long distance bf valentines gift,5,1,552,13,long distance gift v
long distance connection gift,4,1,552,13,long distance gift c
long distance friend gift ideas,5,1,552,7,long distance gift free
long distance gift for parents,5,1,552,11,long distance gift f
long distance gifts for her reddit,6,1,552,13,long distance gift h
long distance gifts for mom,5,1,552,13,long distance gift
long distance mothers day gift,5,1,552,11,long distance gift d
long distance relationship gift delivery,5,1,552,13,long distance gift online
long distance relationship gift for boyfriend,6,1,552,13,long distance gift r
long distance relationship gifts map,5,1,552,13,long distance gift m
long distance sentimental gifts,4,1,552,13,long distance gift s
online app gift card,4,1,552,13,online gift app
online ebay gift card,4,1,552,13,online gift e
online gif maker from youtube video,6,1,552,13,online gift maker
online gift basket delivery,4,1,552,13,online gift b
online gift card best buy,5,1,552,13,online gift best
online gift card with apple pay,6,1,552,13,online gift with
online gift delivery in ahmedabad,5,1,552,13,online gift d
online gift ideas for women,5,1,552,13,online gift i
online gift items under 200,5,1,552,3,online gift 2027
online gift list free,4,1,552,13,online gift free
online gift offer,3,1,552,6,online gift 2026
online gift shop business ideas,5,1,552,13,online gift s
online gift shop qatar,4,1,552,13,online gift q
online gift vouchers for women,5,1,552,13,online gift v
online gift watch,3,1,552,13,online gift w
online gift wish,3,1,552,8,online gift without
online gifts for birthday,4,1,552,13,online gift
online gifts for online friends,5,1,552,13,online gift online
online gifts personalised,3,1,552,13,online gift p
online kohls gift card,4,1,552,13,online gift k
online lululemon gift card,4,1,552,13,online gift l
online mastercard gift card,4,1,552,13,online gift m
online razer gold gift card where to buy,8,1,552,13,online gift g
online robux gift card,4,1,552,13,online gift r
online target gift card,4,1,552,13,online gift t
online ultimate gift card,4,1,552,13,online gift u
online xbox gift card australia,5,1,552,13,virtual gift x
send long distance girlfriend gift,5,1,552,13,long distance gift g
small gift for boyfriend to show appreciation,7,1,552,10,gift for boyfriend app
surprise dress gift for girlfriend,5,1,552,9,surprise gift for girlfriend d
surprise gift box for birthday girl,6,1,552,13,surprise gift for girlfriend b
surprise gift for girl,4,1,552,13,surprise gift for girlfriend 
surprise gift for girlfriend in india,6,1,552,10,surprise gift for girlfriend n
surprise gift from her,4,1,552,9,surprise gift for girlfriend f
surprise gift long distance relationship quotes,6,1,552,5,long distance gift q
virtual birthday gift maker,4,1,552,11,virtual gift maker
virtual e gift card amazon,5,1,552,13,virtual gift e
virtual gift card online use only,6,1,552,13,virtual gift online
virtual gift ideas india,4,1,552,10,virtual gift in
virtual gift legend the icon berapa rupiah,7,1,552,12,virtual gift l
virtual mcdonalds gift card,4,1,552,13,virtual gift m
virtual message gift free,4,1,552,13,virtual gift free
what can i gift my girlfriend for christmas,8,1,552,13,can i gift for girlfriend
what can i gift my long distance husband,8,1,552,6,can i long distance gift
what do i gift my boyfriend for his birthday,9,1,552,7,is it gift for boyfriend
what gift for him,4,1,552,13,what gift for boyfriend
what gift for women,4,1,552,13,what gift for girlfriend
what is a visa online gift card,7,1,552,7,what online gift
what is xbox digital gift card,6,1,552,13,what digital gift
what to gift long distance girlfriend,6,1,552,5,what long distance gift
when to buy gifts for your girlfriend,7,1,552,8,when online gift for girlfriend
where to buy gifts for girlfriend,6,1,552,8,which online gift for girlfriend
which digital gold is best,5,1,552,6,which digital gift
which gift is best for boyfriend birthday,7,1,552,5,which gift for boyfriend
which gift is good for girlfriend birthday,7,1,552,7,which gift for girlfriend
which online grocery is cheap,5,1,552,5,which online gift
who gift,2,1,552,4,who online gift
why digital gold,3,1,552,7,why digital gift
why online gold is expensive,5,1,552,5,why online gift
why virtual account,3,1,552,4,why virtual gift
yellowstone online gift shop,4,1,552,10,online gift y
best gift for boyfriend on anniversary,6,1,551,14,gift for boyfriend best
best gift for long distance wife,6,1,551,12,long distance gift w
best long distance gift for her,6,1,551,13,long distance gift best
best long distance girlfriend gifts,5,1,551,14,long distance gift g
best surprise gift ideas for girlfriend,6,1,551,14,surprise gift for girlfriend i
best virtual gift cards,4,1,551,12,virtual gift best
birthday surprise gift for baby girl,6,1,551,14,surprise gift for girlfriend b
birthday surprise ideas for my gf's 25th birthday,8,1,551,14,surprise gift for girlfriend m
bracelets best surprise gift for girlfriend on her birthday,9,1,551,14,surprise gift for girlfriend h
buy gift for girlfriend online india,6,1,551,12,online gift for girlfriend b
buy gift online with debit card,6,1,551,14,online gift with
can i buy online visa gift card,7,1,551,14,can i online gift
can i gift for my boyfriend,6,1,551,8,is it gift for boyfriend
can i gift my boyfriend a gun,7,1,551,14,can i gift for boyfriend
can i present digital driver's license,6,1,551,14,can i digital gift
cute gifts for boyfriend online,5,1,551,14,gift for boyfriend online
digital apple gift card $50,5,1,551,14,digital gift app
digital delivery gift cards,4,1,551,14,digital gift online
digital exxon gift card,4,1,551,14,digital gift e
digital gift card india,4,1,551,9,digital gift in
digital gift card qantas,4,1,551,14,digital gift q
digital gift card xbox,4,1,551,14,digital gift n
digital gift cards hallmark,4,1,551,14,digital gift h
digital gift certificate maker,4,1,551,10,digital gift maker
digital giftings,2,1,551,4,digital gift 2027
digital lulu gift card,4,1,551,14,digital gift l
digital minecoins gift card,4,1,551,14,digital gift m
digital pacsun gift card,4,1,551,14,digital gift p
digital riot gift card,4,1,551,14,digital gift r
digital subway gift card,4,1,551,14,digital gift s
digital visa gift card balance,5,1,551,14,digital gift v
digital walmart gift card buy,5,1,551,14,digital gift w
digital xbox gift card buy,5,1,551,14,digital gift x
e gift robux,3,1,551,14,virtual gift r
e gift sephora,3,1,551,14,virtual gift s
electronic gift items under 5000,5,1,551,14,digital gift i
first gift for boyfriend quotes,5,1,551,14,gift for boyfriend q
first gift for girlfriend quotes,5,1,551,14,gift for girlfriend q
gift card 2d sites,4,1,551,7,online gift 2026
gift digital gift card steam,5,1,551,13,digital gift g
gift for a boyfriend on valentine's day,7,1,551,14,gift for boyfriend a
gift for a girlfriend on valentine's day,7,1,551,14,gift for girlfriend a
gift for bf ideas,4,1,551,14,gift for boyfriend i
gift for boyfriend age 20,5,1,551,4,gift for boyfriend 2027
gift for boyfriend box,4,1,551,14,gift for boyfriend b
gift for boyfriend creative,4,1,551,14,gift for boyfriend c
gift for boyfriend for diwali,5,1,551,14,gift for boyfriend for
gift for boyfriend from amazon,5,1,551,10,gift for boyfriend free
gift for boyfriend on 1 year anniversary,7,1,551,14,gift for boyfriend with
gift for boyfriend ph reddit,5,1,551,14,gift for boyfriend p
gift for boyfriend under ₹350,5,1,551,14,gift for boyfriend u
gift for boyfriend with name,5,1,551,9,gift for boyfriend without
gift for first boyfriend,4,1,551,14,gift for boyfriend f
gift for gf without money,5,1,551,6,gift for girlfriend without
gift for girl teen,4,1,551,14,gift for girlfriend t
gift for girlfriend between ₹250 and ₹500,7,1,551,14,gift for girlfriend b
gift for girlfriend couple,4,1,551,14,gift for girlfriend c
gift for girlfriend drawing,4,1,551,14,gift for girlfriend d
gift for girlfriend from amazon,5,1,551,9,gift for girlfriend free
gift for girlfriend gift box,5,1,551,14,gift for girlfriend g
gift for girlfriend in,4,1,551,14,gift for girlfriend with
gift for girlfriend letter,4,1,551,14,gift for girlfriend l
gift for girlfriend premium,4,1,551,14,gift for girlfriend p
gift for girlfriend silver ring,5,1,551,14,gift for girlfriend s
gift for girlfriend status,4,1,551,14,gift for girlfriend app
gift for girlfriend uk,4,1,551,14,gift for girlfriend u
gift for girlfriends mom birthday,5,1,551,14,gift for girlfriend m
gift for girls happy birthday,5,1,551,14,gift for girlfriend h
gift for girls kids under 100,6,1,551,14,gift for girlfriend k
gift for girls video,4,1,551,12,gift for girlfriend v
gift for her john lewis,5,1,551,14,gift for girlfriend j
gift for him & her,5,1,551,14,gift for boyfriend h
gift for him kuwait,4,1,551,14,gift for boyfriend k
gift for him luxury,4,1,551,14,gift for boyfriend l
gift for him valentine day,5,1,551,14,gift for boyfriend v
gift for men electronic,4,1,551,14,gift for boyfriend e
gift for men grooming kit,5,1,551,14,gift for boyfriend g
gift for men in blinkit,5,1,551,14,gift for boyfriend in
gift for men jewelry,4,1,551,14,gift for boyfriend j
gift for men watch,4,1,551,14,gift for boyfriend w
gift for men's day,4,1,551,14,gift for boyfriend d
gift for my best girlfriend,5,1,551,14,gift for girlfriend best
gift for my boyfriend diy,5,1,551,4,gift for boyfriend maker
gift for my boyfriend on his birthday,7,1,551,14,gift for boyfriend m
gift for teen girl 2026,5,1,551,14,gift for girlfriend 2026
gift for the boyfriend,4,1,551,14,gift for boyfriend t
gift for women friend,4,1,551,14,gift for girlfriend f
gift for women retirement,4,1,551,14,gift for girlfriend r
gift ideas for boyfriend to show appreciation,7,1,551,11,gift for boyfriend app
gift ideas for him xmas,5,1,551,14,gift for boyfriend x
gift ideas for men zepto,5,1,551,14,gift for boyfriend z
gift set for women zara,5,1,551,14,gift for girlfriend z
gift sets for women xmas,5,1,551,14,gift for girlfriend x
gifts for boyfriend not cheesy,5,1,551,14,gift for boyfriend n
gifts for boyfriend star wars,5,1,551,14,gift for boyfriend s
gifts for boyfriends room,4,1,551,14,gift for boyfriend r
gifts for gf etsy,4,1,551,14,gift for girlfriend e
gifts for girlfriend for xmas,5,1,551,14,gift for girlfriend for
gifts for girlfriend nyc,4,1,551,14,gift for girlfriend n
gifts for your boyfriend's parents,5,1,551,14,gift for boyfriend y
gifts for your girlfriend long distance,6,1,551,14,gift for girlfriend y
girl surprise gift for daughter birthday,6,1,551,10,surprise gift for girlfriend d
how do i gift my long distance boyfriend on his birthday,11,1,551,7,how long distance gift
how do i give a virtual gift,7,1,551,10,how virtual gift
how to buy digital gift card on steam,8,1,551,14,how digital gift
how to use online gift card on amazon,8,1,551,14,how online gift
is it worth buying digital gold,6,1,551,6,is it digital gift
long distance birthday gift delivery,5,1,551,14,long distance gift online
long distance birthday gift for boyfriend,6,1,551,14,long distance gift b
long distance couple gifts for him,6,1,551,14,long distance gift c
long distance fathers day gift,5,1,551,12,long distance gift d
long distance friendship gift ideas,5,1,551,8,long distance gift free
long distance gift for valentines,5,1,551,12,long distance gift f
long distance gift ideas for birthday,6,1,551,14,long distance gift i
long distance gifts for best friend,6,1,551,14,long distance gift
long distance going away gifts,5,1,551,14,long distance gift a
long distance relationship gift ideas for boyfriend pinterest,8,1,551,14,long distance gift p
long distance relationship gifts meesho,5,1,551,14,long distance gift m
long distance relationship gifts under 2000,6,1,551,3,long distance gift 2027
long distance relationship virtual gift ideas,6,1,551,14,long distance gift v
long distance sympathy gifts,4,1,551,14,long distance gift s
nintendo online online gift card,5,1,551,14,online gift online
online apple gift card sale,5,1,551,14,online gift app
online exchange gift card,4,1,551,14,online gift e
online fillable gift certificate template free,6,1,551,11,online gift template
online game on gift card,5,1,551,14,online gift o
online gif maker for whatsapp,5,1,551,14,online gift maker
online gift boxes pakistan,4,1,551,14,online gift b
online gift card free people,5,1,551,14,online gift free
online gift card qatar,4,1,551,14,online gift q
online gift delivery near me,5,1,551,14,online gift d
online gift for best friend girl,6,1,551,14,online gift best
online gift ideas for men,5,1,551,14,online gift i
online gift pack,3,1,551,14,virtual gift p
online gift vouchers northern ireland,5,1,551,14,online gift v
online gift websites,3,1,551,9,online gift without
online harrods gift card,4,1,551,14,online gift h
online itunes gift card,4,1,551,14,virtual gift i
online keg gift card,4,1,551,14,online gift k
online lowes gift card,4,1,551,14,online gift l
online mcdonalds gift card,4,1,551,14,online gift m
online playstation gift card,4,1,551,14,online gift p
online restaurant gift cards,4,1,551,14,online gift r
online tesco gift card,4,1,551,14,online gift t
online to get gift card,5,1,551,14,online gift g
online unique gift stores,4,1,551,14,online gift u
online virtual gift maker,4,1,551,12,virtual gift maker
online xbox gift,3,1,551,14,virtual gift x
surprise gift for girlfriend idea,5,1,551,3,surprise gift for girlfriend x
surprise gift for girlfriend under 300,6,1,551,10,surprise gift for girlfriend u
surprise gift for wife on her birthday,7,1,551,14,surprise gift for girlfriend o
surprise gift to gf,4,1,551,10,surprise gift for girlfriend t
template for gifting,3,1,551,8,digital gift template
valentines gift for men 2026,5,1,551,12,gift for boyfriend 2026
virtual etsy gift card,4,1,551,14,virtual gift e
virtual gift card india,4,1,551,11,virtual gift in
virtual gift card roblox,4,1,551,14,virtual gift n
virtual gift cards online visa,5,1,551,14,virtual gift online
virtual gift legend the icon,5,1,551,13,virtual gift l
virtual gift visa gift card,5,1,551,13,virtual gift g
virtual gift voucher,3,1,551,14,virtual gift v
virtual gifts for online friends,5,1,551,14,virtual gift
virtual gifts maker,3,1,551,13,virtual gift template
virtual mastercard gift card balance,5,1,551,14,virtual gift m
what can i gift my girlfriend for her birthday,9,1,551,14,can i gift for girlfriend
what can i gift my girlfriend online,7,1,551,9,what online gift for girlfriend
what gift can i give my long distance boyfriend,9,1,551,7,can i long distance gift
what gift for women birthday,5,1,551,14,what gift for girlfriend
what gift to give a long distance boyfriend,8,1,551,6,what long distance gift
what is ikea digital gift card,6,1,551,14,what digital gift
what is the best gift for girlfriend,7,1,551,10,is it gift for girlfriend
what is virtual gifts on instagram,6,1,551,11,what virtual gift
what's the best gift for boyfriend's birthday,7,1,551,14,what gift for boyfriend
which digital gold is better,5,1,551,7,which digital gift
which gift cards can i buy online,7,1,551,6,which online gift
which gift voucher,3,1,551,6,which virtual gift
wholesale gifts online india,4,1,551,5,who online gift
why digital gold is expensive,5,1,551,8,why digital gift
why online shopping is good,5,1,551,6,why online gift
why virtual,2,1,551,5,why virtual gift
yosemite online gift shop,4,1,551,11,online gift y
anniversary gift for long distance wife,6,1,550,13,long distance gift w
best gift for boyfriend on valentine's day,7,1,550,15,gift for boyfriend best
best gift for girlfriend making at home,7,1,550,7,gift for girlfriend maker
best gift for women xmas,5,1,550,15,gift for girlfriend x
best long distance gift for boyfriend,6,1,550,14,long distance gift best
best online gift shop in pakistan,6,1,550,15,online gift best
best virtual gift,3,1,550,13,virtual gift best
birthday gift for men 2026,5,1,550,13,gift for boyfriend 2026
buy online gift card online,5,1,550,15,online gift online
buy online gift for girlfriend,5,1,550,11,how online gift for girlfriend
can i buy online apple gift card,7,1,550,15,can i online gift
can i present digital national id,6,1,550,15,can i digital gift
christmas gift for best girlfriend,5,1,550,15,gift for girlfriend best
christmas gifts for girlfriend 2026,5,1,550,15,gift for girlfriend 2026
cute gift for long distance partner,6,1,550,15,long distance gift p
digital apple gift card $5,5,1,550,15,digital gift app
digital creator gift ideas,4,1,550,11,digital gift maker
digital eshop gift card nintendo,5,1,550,15,digital gift e
digital gift card home goods,5,1,550,15,digital gift h
digital gift card walmart,4,1,550,15,digital gift n
digital gift for wedding,4,1,550,11,digital gift with
digital gift xbox gift card,5,1,550,14,digital gift g
digital gifts for him,4,1,550,15,digital gift
digital gifts under 2000,4,1,550,5,digital gift 2027
digital lidl gift card,4,1,550,15,digital gift l
digital marshalls gift card,4,1,550,15,digital gift m
digital playstation gift card $10,5,1,550,15,digital gift p
digital roblox gift card canada,5,1,550,15,digital gift r
digital switch gift card,4,1,550,15,digital gift s
digital verizon gift card,4,1,550,15,digital gift v
digital xbox gift card $50,5,1,550,15,digital gift x
distance of stawell gift race,5,1,550,15,long distance gift s
e gift birthday cards,4,1,550,15,virtual gift b
e gift roblox card,4,1,550,15,virtual gift r
e gift walmart,3,1,550,15,virtual gift w
e uber gift card,4,1,550,15,virtual gift u
electronic gift ideas,3,1,550,15,digital gift i
flower gift for girlfriend quotes,5,1,550,15,gift for girlfriend q
free gift template word,4,1,550,9,digital gift template
free online gift certificate template christmas,6,1,550,12,online gift template
gift 20000,2,1,550,5,online gift 2027
gift card without otp,4,1,550,10,online gift without
gift digital gold online,4,1,550,15,digital gift online
gift for a boyfriend who has everything,7,1,550,15,gift for boyfriend a
gift for a girlfriend ideas,5,1,550,15,gift for girlfriend a
gift for bf parents,4,1,550,15,gift for boyfriend p
gift for boyfriend basket,4,1,550,15,gift for boyfriend b
gift for boyfriend chain,4,1,550,15,gift for boyfriend c
gift for boyfriend customised,4,1,550,5,gift for boyfriend maker
gift for boyfriend for xmas,5,1,550,15,gift for boyfriend for
gift for boyfriend to make him feel appreciated,8,1,550,12,gift for boyfriend app
gift for boyfriend under ₹400,5,1,550,15,gift for boyfriend u
gift for boyfriend under 20000,5,1,550,5,gift for boyfriend 2027
gift for boyfriend with photos,5,1,550,10,gift for boyfriend without
gift for gf day,4,1,550,15,gift for girlfriend d
gift for gf for birthday,5,1,550,15,gift for girlfriend for
gift for girl tween,4,1,550,15,gift for girlfriend t
gift for girlfriend bangladesh,4,1,550,15,gift for girlfriend b
gift for girlfriend craft,4,1,550,15,gift for girlfriend c
gift for girlfriend from abroad,5,1,550,10,gift for girlfriend free
gift for girlfriend in anniversary,5,1,550,15,gift for girlfriend in
gift for girlfriend last minute,5,1,550,15,gift for girlfriend l
gift for girlfriend pakistan,4,1,550,15,gift for girlfriend p
gift for girlfriend under ₹ 350,6,1,550,15,gift for girlfriend u
gift for girlfriend under 200 rupees,6,1,550,4,gift for girlfriend 2027
gift for girlfriend with name,5,1,550,7,gift for girlfriend without
gift for girlfriends mom christmas,5,1,550,15,gift for girlfriend m
gift for girls engagement,4,1,550,15,gift for girlfriend e
gift for girls holy communion,5,1,550,15,gift for girlfriend h
gift for girls jewellery box,5,1,550,15,gift for girlfriend j
gift for girls keychain,4,1,550,15,gift for girlfriend k
gift for girls kids zepto,5,1,550,15,gift for girlfriend z
gift for girls rakhi,4,1,550,15,gift for girlfriend r
gift for her victoria secret,5,1,550,13,gift for girlfriend v
gift for him handmade,4,1,550,15,gift for boyfriend h
gift for him valentines uk,5,1,550,15,gift for boyfriend v
gift for men delivery today,5,1,550,15,gift for boyfriend d
gift for men engagement,4,1,550,15,gift for boyfriend e
gift for men golf,4,1,550,15,gift for boyfriend g
gift for men in silver,5,1,550,15,gift for boyfriend in
gift for men japan,4,1,550,15,gift for boyfriend j
gift for men kids,4,1,550,15,gift for boyfriend k
gift for men list,4,1,550,15,gift for boyfriend l
gift for men retirement,4,1,550,15,gift for boyfriend r
gift for men wallet,4,1,550,15,gift for boyfriend w
gift for my boyfriend christmas,5,1,550,15,gift for boyfriend m
gift for sons girlfriend,4,1,550,15,gift for girlfriend s
gift for women friend birthday,5,1,550,15,gift for girlfriend f
gift guide girlfriend,3,1,550,15,gift for girlfriend g
gift hamper for girls with chocolate,6,1,550,15,gift for girlfriend with
gift ideas for men xmas 2025,6,1,550,15,gift for boyfriend x
gift set for men zepto,5,1,550,15,gift for boyfriend z
gift virtual gift,3,1,550,14,virtual gift g
gifts for bf thoughtful,4,1,550,15,gift for boyfriend t
gifts for boyfriend nice,4,1,550,15,gift for boyfriend n
gifts for boyfriend sweet,4,1,550,15,gift for boyfriend s
gifts for boyfriends family,4,1,550,15,gift for boyfriend f
gifts for girlfriend nice,4,1,550,15,gift for girlfriend n
gifts for your boyfriend long distance,6,1,550,15,gift for boyfriend y
gifts for your girlfriend cheap,5,1,550,15,gift for girlfriend y
gifts i can send my long distance boyfriend,8,1,550,8,can i long distance gift
gifts online zepto,3,1,550,15,online gift z
how can i surprise my girlfriend online,7,1,550,4,surprise gift for girlfriend online
how to buy digital gift card xbox,7,1,550,15,how digital gift
how to gift long distance relationship,6,1,550,8,how long distance gift
how to send online gift,5,1,550,15,how online gift
how to send virtual gift on instagram,7,1,550,11,how virtual gift
is any gift,3,1,550,7,is it digital gift
long distance best friend gifts amazon,6,1,550,15,long distance gift a
long distance couple gifts for her,6,1,550,15,long distance gift c
long distance father's day gift ideas,6,1,550,13,long distance gift d
long distance gift for partner,5,1,550,15,long distance gift for
long distance gift ideas for couples,6,1,550,15,long distance gift i
long distance gifts for family,5,1,550,13,long distance gift f
long distance gifts for mothers day,6,1,550,15,long distance gift m
long distance relationship gift reddit,5,1,550,15,long distance gift r
long distance relationship gifts handmade,5,1,550,15,long distance gift h
long distance relationship valentines gift ideas,6,1,550,15,long distance gift v
mugs best surprise gift for girlfriend on her birthday,9,1,550,15,surprise gift for girlfriend m
on virtual gift card,4,1,550,11,virtual gift o
online apple gift card uk,5,1,550,15,online gift app
online buying of gift card,5,1,550,15,online gift o
online e gift card visa,5,1,550,15,online gift e
online gif maker from text,5,1,550,15,online gift maker
online gift birthday card,4,1,550,15,online gift b
online gift card qr code,5,1,550,15,online gift q
online gift cards to send,5,1,550,15,online gift n
online gift delivery in udaipur,5,1,550,15,online gift d
online gift gift cards,4,1,550,15,online gift g
online gift kochi,3,1,550,15,virtual gift k
online gift shop in karachi,5,1,550,15,online gift s
online gift shops in pakistan,5,1,550,15,virtual gift s
online gift voucher india,4,1,550,8,online gift 2026
online gift vouchers malta,4,1,550,15,online gift v
online gifts for women,4,1,550,15,online gift
online gifts women,3,1,550,15,online gift w
online hannaford gift card,4,1,550,15,virtual gift h
online ikea gift card,4,1,550,15,virtual gift i
online jewellery gifts for women,5,1,550,15,online gift j
online kindle gift card,4,1,550,15,online gift k
online lego gift card,4,1,550,15,online gift l
online minecraft gift card,4,1,550,15,online gift m
online ps5 gift card,4,1,550,15,online gift p
online rewards gift cards,4,1,550,15,online gift r
online temu gift card,4,1,550,15,online gift t
online uber gift card purchase,5,1,550,15,online gift u
online virtual gift free,4,1,550,15,online gift free
online xbox gift card sale,5,1,550,15,virtual gift x
order online with gift card,5,1,550,15,online gift with
ring gift for boyfriend quotes,5,1,550,15,gift for boyfriend q
should i gift my girlfriend an iphone,7,1,550,11,is it gift for girlfriend
sorry gifts for boyfriend online,5,1,550,15,gift for boyfriend online
surprise gift to girlfriend on her birthday,7,1,550,11,surprise gift for girlfriend t
surprise ideas for girlfriend,4,1,550,15,surprise gift for girlfriend
thank you message for surprise gift from girlfriend,8,1,550,11,surprise gift for girlfriend f
virtual ea gift card,4,1,550,15,virtual gift e
virtual flowers gift free,4,1,550,15,virtual gift free
virtual gift card maker free,5,1,550,13,virtual gift maker
virtual gift card online only,5,1,550,15,virtual gift online
virtual gift card visa,4,1,550,15,virtual gift d
virtual gift cards amazon,4,1,550,15,virtual gift c
virtual gift for girlfriend day,5,1,550,15,virtual gift for
virtual gift love letter,4,1,550,14,virtual gift l
virtual gifting ideas,3,1,550,3,virtual gift 2027
virtual gifts in india,4,1,550,12,virtual gift in
virtual monthsary gift,3,1,550,15,virtual gift m
what can i gift for my boyfriend on his birthday,10,1,550,15,can i gift for boyfriend
what can i gift my boyfriend,6,1,550,6,how gift for boyfriend
what can i gift my girlfriend for our anniversary,9,1,550,15,can i gift for girlfriend
what can i gift online,5,1,550,9,what online gift
what gift for girlfriend on her birthday,7,1,550,10,what online gift for girlfriend
what gift for her,4,1,550,15,what gift for girlfriend
what gift to buy for boyfriend,6,1,550,7,which gift for boyfriend
what is digital apple gift card,6,1,550,15,what digital gift
what is the best gift to gift a boyfriend,9,1,550,9,is it gift for boyfriend
what is the best surprise for a girlfriend,8,1,550,6,is it surprise gift for girlfriend
what to gift boyfriend for one year anniversary,8,1,550,15,what gift for boyfriend
what to gift long distance husband,6,1,550,7,what long distance gift
what to gift online,4,1,550,12,what virtual gift
which digital gold is best to buy,7,1,550,8,which digital gift
which online grocery is cheapest,5,1,550,7,which online gift
which virtual assistant,3,1,550,7,which virtual gift
who gift box,3,1,550,6,who online gift
why digital gold is bad,5,1,550,9,why digital gift
why gift voucher,3,1,550,6,why virtual gift
why online shopping is not good,6,1,550,7,why online gift
ysl online gift card,4,1,550,12,online gift y
