suggestion,words,prefix_hits,relevance
miss you quotes for best friend,6,11,1251.0
i miss you baby in spanish,6,11,1150.0
yaad aa rahi ho in english,6,11,601.0
miss you appa quotes in kannada,6,10,1254.0
miss you quotes for husband,5,10,1252.0
i miss you baby by gyakie lyrics,7,10,1251.0
miss you quotes in kannada,5,10,1251.0
i miss you baby message,5,10,1250.0
i miss you baby quotes,5,10,1250.0
miss you quotes for friends,5,10,1250.0
miss you quotes for girlfriend,5,10,1250.0
miss you quotes for love,5,10,1250.0
miss you quotes for sister,5,10,1250.0
miss you quotes for wife,5,10,1250.0
miss you quotes in english,5,10,1250.0
miss you quotes for boyfriend,5,10,1200.0
miss you quotes in hindi,5,10,900.0
i miss you baby in chinese,6,10,601.0
yaad aa rahi ho ka english,6,10,601.0
i miss you baby song,5,9,1251.0
i miss you baby in korean,6,9,1250.0
i miss you baby lyrics,5,9,1250.0
miss you quotes for brother,5,9,1250.0
miss you quotes for father,5,9,1050.0
miss you quotes for love short,6,9,602.0
yaad aa rahi ho meaning in english,7,9,601.0
yaad aa rahi ho shayari,5,9,601.0
yaad aa rahi ho tum,5,9,601.0
i miss you baby meaning in hindi,7,8,1251.0
miss you quotes for her,5,8,1250.0
i miss you baby smoove lyrics,6,8,600.0
miss you quotes for dead person,6,8,600.0
i miss you baby aerosmith,5,8,562.0
i miss you baby in swahili,6,8,562.0
miss you sms for my love,6,8,559.0
what to text someone you miss,6,8,552.0
miss you appa quotes in english,6,7,1252.0
i miss you baby gif,5,7,1251.0
miss you quotes for teacher,5,7,1251.0
miss you quotes for colleagues,5,7,1250.0
miss you sms for girlfriend,5,7,1250.0
i miss you baby smoove,5,7,601.0
miss you images for whatsapp,5,7,601.0
miss you sms for her,5,7,601.0
miss you images for her,5,7,600.0
aapki bahut yaad aa rahi ho in english,8,7,600.0
yaad aa rahi ho,4,7,600.0
yaad aa rahi hogi,4,7,600.0
miss you quotes in marathi,5,7,561.0
miss you quotes in tamil,5,7,559.0
i miss you baby in hindi,6,6,1251.0
miss you dp for whatsapp,5,6,1251.0
miss you status in english,5,6,1251.0
miss you images for husband,5,6,1250.0
miss you caption for love,5,6,1250.0
miss you status in hindi,5,6,1250.0
miss you message for her,5,6,1000.0
i miss you baby in french,6,6,750.0
i miss you baby meaning,5,6,601.0
miss you sms for wife,5,6,601.0
why i miss you quotes for her,7,6,601.0
miss you shayari in english,5,6,601.0
miss you status in marathi,5,6,601.0
aap bahut yaad aa rahi ho in english,8,6,601.0
miss you message for death person,6,6,600.0
miss you sms for husband,5,6,600.0
miss you sms for wife bangla,6,6,600.0
what can i text instead of i miss you,9,6,600.0
miss you status in tamil,5,6,600.0
miss you in spanish,4,6,600.0
miss you message for best friend,6,6,559.0
tum mujhe bahut yaad aa rahi ho in english,9,6,558.0
miss you quotes in telugu,5,6,556.0
miss you quotes short,4,5,1251.0
miss you status for husband,5,5,1251.0
miss you dp for instagram highlights,6,5,1250.0
miss you message for him,5,5,1250.0
miss you message in hindi,5,5,1250.0
miss you status for girlfriend,5,5,1250.0
miss you quotes for him long distance,7,5,1150.0
miss you caption in english,5,5,1000.0
miss you images with quotes,5,5,950.0
miss you message for friend,5,5,950.0
miss you caption for friend,5,5,950.0
miss you status for wife,5,5,950.0
miss you caption for husband,5,5,850.0
miss you caption for instagram,5,5,800.0
miss you shayari in hindi,5,5,700.0
miss you message for colleague,5,5,650.0
miss you message for husband,5,5,601.0
miss you quotes with images,5,5,601.0
what do you miss quotes,5,5,601.0
miss you quotes best friend,5,5,601.0
why miss you quotes,4,5,601.0
how i miss you quotes,5,5,601.0
how much can you miss someone quotes,7,5,601.0
miss you quotes in hindi english,6,5,601.0
aap mujhe bahut yaad aa rahi ho in english,9,5,601.0
bahut yaad aa rahi ho in english,7,5,601.0
i miss you baby in japanese,6,5,600.0
miss you appa quotes in tamil,6,5,600.0
miss you caption for brother,5,5,600.0
bahut jyada yaad aa rahi ho in english,8,5,600.0
mujhe tum yaad aa rahi ho in english,8,5,600.0
miss you quotes bestie,4,5,562.0
tum bahut yaad aa rahi ho english translation,8,5,562.0
miss you sms for him,5,5,560.0
miss you shayari hindi 2 line with emoji,8,5,560.0
i miss you baby in afrikaans,6,5,557.0
aaj bahut yaad aa rahi ho in english,8,5,556.0
i miss you baby in arabic,6,5,555.0
miss you quotes in marathi text,6,5,555.0
mujhe tumhari yaad aa rahi ho in english,8,5,555.0
i miss you baby in creole,6,5,553.0
tumhari bahut yaad aa rahi ho in english,8,5,553.0
how much i miss you message,6,5,552.0
miss you appa,3,4,1253.0
miss u in korean,4,4,1252.0
miss you quotes for him,5,4,1251.0
i miss you quotes,4,4,1251.0
miss you shayari hindi 2 line,6,4,1251.0
i miss you papa in hindi,6,4,1251.0
i miss you baby girl quotes,6,4,1250.0
long distance relationship apps,4,4,1250.0
long distance relationship quotes,4,4,1250.0
miss you images gif,4,4,1250.0
miss you images hd,4,4,1250.0
miss you images love,4,4,1250.0
miss you sms english,4,4,1250.0
miss you sms hindi,4,4,1250.0
miss you appa quotes,4,4,1250.0
i miss you in tamil,5,4,1250.0
miss u in tamil,4,4,1250.0
miss u quotes,3,4,1250.0
miss you in kannada,4,4,1250.0
miss you message in english,5,4,1200.0
miss you uncle quotes,4,4,1150.0
miss you in korean,4,4,1150.0
miss you images funny,4,4,1100.0
i miss you in malayalam,5,4,1050.0
i miss you in kannada,5,4,1000.0
miss you quotes long distance,5,4,950.0
missing you in hindi,4,4,903.0
miss you in tamil,4,4,900.0
miss u forever quotes,4,4,750.0
i miss you in telugu,5,4,701.0
i miss you in korean,5,4,700.0
miss you shayari hindi 2 line for girl,8,4,700.0
i miss you baby,4,4,601.0
long distance relationship quotes in kannada,6,4,601.0
miss you dad sms in english,6,4,601.0
miss you dp boy love,5,4,601.0
miss you dp for whatsapp boy,6,4,601.0
miss you dp photo love,5,4,601.0
miss you images couple,4,4,601.0
miss you images tamil,4,4,601.0
miss you papa dp pic with quotes,7,4,601.0
miss you quotes for long distance relationship,7,4,601.0
miss you sms bangla,4,4,601.0
miss you sms in hindi,5,4,601.0
miss you sms ringtone,4,4,601.0
miss you to do,4,4,601.0
when i miss you quotes for her,7,4,601.0
miss you quotes long distance relationship,6,4,601.0
can i miss you meaning,5,4,601.0
i miss you in hindi,5,4,601.0
miss you shayari for husband,5,4,601.0
miss you shayari love romantic,5,4,601.0
i miss you someone,4,4,601.0
long distance relationship quotes in hindi,6,4,600.0
miss you and i miss you difference,7,4,600.0
miss you images friend,4,4,600.0
miss you meaning in english,5,4,600.0
miss you quotes for husband in english,7,4,600.0
miss you sms in english,5,4,600.0
miss you sms ringtone download,5,4,600.0
miss you quotes best friend girl,6,4,600.0
miss you bestie quotes short,5,4,600.0
miss you quotes in english for best friend,8,4,600.0
i miss you in japanese,5,4,600.0
miss you free fire shayari,5,4,600.0
when you miss him quotes,5,4,600.0
bahut yaad aa rahi ho shayari,6,4,600.0
bahut yaad aa rahi ho tum in english,8,4,600.0
kisi ki yaad aa rahi ho to kya kare,9,4,600.0
miss you maa sms in hindi,6,4,562.0
miss you sms in marathi,5,4,562.0
bahut yaad aa rahi ho tum,6,4,562.0
long distance relationship quotes for him,6,4,561.0
miss you sms in urdu,5,4,561.0
miss you message for love,5,4,560.0
missing you sms to my girlfriend,6,4,560.0
miss you appa quotes in tamil short,7,4,560.0
miss you status in bangla,5,4,560.0
miss you quotes for friends in english,7,4,559.0
miss you quotes my love,5,4,559.0
i miss you baby in italian,6,4,558.0
when someone miss you quotes,5,4,558.0
miss you caption for love in english,7,4,558.0
miss you message for teacher,5,4,557.0
miss you quotes for love in english,7,4,557.0
i miss you in spanish,5,4,557.0
will always miss you quotes,5,4,557.0
tum yaad aa rahi ho in english,7,4,557.0
i miss you baby in german,6,4,556.0
miss you message for boyfriend,5,4,556.0
miss you msg for bf,5,4,556.0
miss you caption for best friend,6,4,556.0
miss you caption for instagram story,6,4,555.0
miss you captions for bestie,5,4,554.0
aaj tum bahut yaad aa rahi ho in english,9,4,554.0
miss you caption for girlfriend,5,4,553.0
mujhe aapki bahut yaad aa rahi ho in english,9,4,553.0
miss misses difference,3,4,552.0
miss you message for wife,5,4,551.0
will miss u quotes,4,4,551.0
what to post when you miss someone,7,4,550.0
miss you papa,3,3,1254.0
miss u appa quotes in english,6,3,1253.0
long distance relationship gifts,4,3,1252.0
miss u appa quotes in kannada,6,3,1252.0
miss you lot meaning in kannada,6,3,1252.0
long distance relationship bracelets,4,3,1251.0
long distance relationship games,4,3,1251.0
long distance relationship movies,4,3,1251.0
long distance relationship thoughts,4,3,1251.0
miss you dp girl,4,3,1251.0
miss you message to my love,6,3,1251.0
miss you quotes english,4,3,1251.0
miss you quotes hindi,4,3,1251.0
miss u appa in kannada,5,3,1251.0
miss u in kannada,4,3,1251.0
miss you status video,4,3,1251.0
missing you movie,3,3,1251.0
miss you shayari,3,3,1251.0
miss you papa shayari in hindi,6,3,1251.0
i miss you baby by gyakie,6,3,1250.0
long distance relationship captions,4,3,1250.0
long distance relationship in hindi,5,3,1250.0
long distance relationship shayari,4,3,1250.0
miss you dp boy,4,3,1250.0
miss you dp photo,4,3,1250.0
miss you dp sad,4,3,1250.0
miss you images kannada,4,3,1250.0
miss you message ringtone,4,3,1250.0
miss you message to husband,5,3,1250.0
miss you quotes for office colleagues,6,3,1250.0
yaad in english,3,3,1250.0
yaad meaning in english,4,3,1250.0
yaad rakhegi duniya,3,3,1250.0
yaad shayari,2,3,1250.0
miss you quotes kannada,4,3,1250.0
miss you quotes urdu,4,3,1250.0
miss you quotes after death,5,3,1250.0
miss you quotes english short,5,3,1250.0
miss you quotes husband,4,3,1250.0
miss you quotes love,4,3,1250.0
miss you quotes rip,4,3,1250.0
how miss you my love,5,3,1250.0
i miss you meaning in kannada,6,3,1250.0
i miss you papa,4,3,1250.0
miss u dad quotes,4,3,1250.0
miss you emoji,3,3,1250.0
miss you forever,3,3,1250.0
miss you free fire name,5,3,1250.0
miss you online shopping,4,3,1250.0
miss you quotes,3,3,1250.0
miss you status quotes,4,3,1250.0
miss you status video download,5,3,1250.0
miss you template capcut,4,3,1250.0
missing you 2026 movie,4,3,1250.0
missing you cast,3,3,1250.0
missing you harlan coben netflix,5,3,1250.0
missing you imdb,3,3,1250.0
missing you korean movie,4,3,1250.0
missing you meaning in kannada,5,3,1250.0
missing you netflix,3,3,1250.0
missing you quotes,3,3,1250.0
miss you shayari 2 line english,6,3,1250.0
i miss you jaan meaning in hindi,7,3,1250.0
miss you का मतलब,4,3,1250.0
i miss you so much,5,3,1200.0
miss you dad quotes,4,3,1200.0
missing you kdrama,3,3,1150.0
why i miss you so much,6,3,1100.0
miss you meaning in kannada,5,3,1050.0
miss you message to wife,5,3,1000.0
miss you status telugu,4,3,1000.0
i miss you ka matlab,5,3,1000.0
i miss you baby images,5,3,950.0
miss you dp pic,4,3,900.0
miss you images cartoon,4,3,900.0
miss you messages for wife,5,3,900.0
miss u 2026 date,4,3,900.0
missing you a lot meaning in hindi,7,3,851.0
miss you movie,3,3,850.0
miss u in spanish,4,3,801.0
long distance relationship shayari in hindi,6,3,800.0
yaad aa rahi hai,4,3,800.0
missing you meaning in hindi,5,3,800.0
long distance relationship shayari 2 line,6,3,750.0
miss you messages for girlfriend,5,3,700.0
miss you quotes for my wife,6,3,700.0
i miss you a lot meaning in hindi,8,3,654.0
yaad aa raha hai lyrics,5,3,650.0
miss you dp photo girl,5,3,602.0
i miss you baby tessa rose jackson lyrics,8,3,601.0
long distance relationship meaning in hindi,6,3,601.0
miss you aai sms in marathi,6,3,601.0
miss you dp girl sad,5,3,601.0
miss you images love girl,5,3,601.0
miss you message in marathi,5,3,601.0
miss you poetry sms copy and paste,7,3,601.0
miss you quotes for father in law,7,3,601.0
miss you quotes for husband in marathi,7,3,601.0
miss you quotes for love in hindi,7,3,601.0
miss you sms marathi,4,3,601.0
yaad piya ki aaye lyrics,5,3,601.0
how i miss you quotes for her,7,3,601.0
is miss you baby,4,3,601.0
when you miss quotes,4,3,601.0
do i miss you quotes,5,3,601.0
miss you quotes tamil,4,3,601.0
can i miss you,4,3,601.0
how miss you in spanish,5,3,601.0
i miss you meaning in hindi,6,3,601.0
is it miss you too or to,7,3,601.0
miss u 2026 venue,4,3,601.0
miss you 2026 song,4,3,601.0
miss you appa status,4,3,601.0
miss you caption for boyfriend,5,3,601.0
miss you caption in marathi,5,3,601.0
miss you freestyle skrapz lyrics,5,3,601.0
miss you quotes sister,4,3,601.0
miss you shayari text,4,3,601.0
miss you shayari urdu,4,3,601.0
miss you status bangla,4,3,601.0
miss you status for friends,5,3,601.0
miss you status punjabi,4,3,601.0
miss you without saying it,5,3,601.0
miss you zindagi shayari,4,3,601.0
missing you 2026 tv series,5,3,601.0
missing you meaning,3,3,601.0
we miss you template,4,3,601.0
why miss you meaning in hindi,6,3,601.0
i miss you without actually saying it,7,3,601.0
miss you meaning in hindi,5,3,601.0
yeh kis tarah yaad aa rahi ho lyrics,8,3,601.0
heart touching miss you sms copy and paste,8,3,600.0
i miss you baby message ringtone download,7,3,600.0
miss you dp girl love,5,3,600.0
miss you friend sms in english,6,3,600.0
miss you images love sad,5,3,600.0
miss you images with good morning,6,3,600.0
miss you poetry sms urdu text copy and paste,9,3,600.0
miss you quotes for mother in law,7,3,600.0
miss you quotes on death,5,3,600.0
miss you sms bangla for girlfriend,6,3,600.0
miss you sms for girlfriend bangla,6,3,600.0
what do you message someone you miss,7,3,600.0
miss you quotes marathi,4,3,600.0
i will miss you quotes,5,3,600.0
miss you quotes dad,4,3,600.0
miss you quotes grandpa,4,3,600.0
miss you quotes assamese,4,3,600.0
miss you brother quotes after death,6,3,600.0
i miss you meaning,4,3,600.0
i miss you without sounding desperate,6,3,600.0
miss misses meaning,3,3,600.0
miss u 2026 host,4,3,600.0
miss you bestie caption,4,3,600.0
miss you caption in bengali,5,3,600.0
miss you college quotes,4,3,600.0
miss you online download,4,3,600.0
miss you rip quotes marathi,5,3,600.0
miss you shayari hindi english,5,3,600.0
miss you status for best friend,6,3,600.0
miss you status for brother,5,3,600.0
miss you status marathi text,5,3,600.0
missing you 2026 cast,4,3,600.0
missing you series,3,3,600.0
who miss you meaning in urdu,6,3,600.0
who's missing you meaning,4,3,600.0
miss you mom quotes,4,3,600.0
miss you sms bengali,4,3,562.0
miss you quotes and images,5,3,562.0
i will miss you quotes for her,7,3,562.0
miss you images for girlfriend,5,3,561.0
miss you message for my love,6,3,561.0
miss you uncle quotes in english,6,3,561.0
miss you quotes daughter,4,3,561.0
how i miss you so,5,3,561.0
i will miss you quotes for friends,7,3,561.0
miss u 2026 winner,4,3,561.0
miss you quotes to best friend,6,3,561.0
missing you 2026 netflix,4,3,561.0
what miss you after goodbye,5,3,561.0
who's missing you in tagalog,5,3,561.0
i miss you in bengali meaning,6,3,561.0
i miss you baby and if it's quite alright lyrics,10,3,560.0
miss you quotes for husband in hindi,7,3,560.0
miss you quotes in urdu text,6,3,560.0
miss you aaji quotes in marathi,6,3,560.0
miss you uncle quotes in hindi,6,3,560.0
miss you bestie quotes in english,6,3,560.0
is miss you so much,5,3,560.0
miss u 2026 candidates,4,3,560.0
what miss you like crazy,5,3,560.0
miss you a lot meaning in hindi,7,3,560.0
i miss you maa in hindi,6,3,560.0
miss you messages for husband,5,3,559.0
miss you appa quotes in kannada from daughter,8,3,559.0
miss you best quotes,4,3,559.0
miss you everyday quotes,4,3,559.0
miss you love quotes,4,3,559.0
miss u 2026 philippines,4,3,559.0
miss you online karne wala,5,3,559.0
miss you shayari hindi 2 line love,7,3,559.0
miss you shayari in hindi text,6,3,559.0
who's missing you meaning in bengali,6,3,559.0
why i miss you so much meaning in hindi,9,3,559.0
who you miss meaning in telugu,6,3,559.0
miss you free fire photo,5,3,559.0
miss you images for wife,5,3,558.0
miss you quotes for husband in tamil,7,3,558.0
miss you sms for boyfriend,5,3,558.0
miss you quotes in english short,6,3,558.0
miss you appa quotes in kannada pdf,7,3,558.0
miss you quotes mom,4,3,558.0
miss you quotes grandma,4,3,558.0
miss you bestie quotes in marathi,6,3,558.0
miss you papa quotes in hindi,6,3,558.0
miss you quotes to husband,5,3,558.0
miss you status in marathi text,6,3,558.0
miss you status marathi text for husband,7,3,558.0
missing what's you lyrics,4,3,558.0
who you miss meaning in tamil,6,3,558.0
why i miss you meaning in urdu,7,3,558.0
why you miss someone quotes,5,3,558.0
who you miss meaning in malayalam,6,3,558.0
miss you in french,4,3,558.0
miss you images for lover,5,3,557.0
miss you message for brother,5,3,557.0
miss you appa quotes in english short,7,3,557.0
miss you nani quotes,4,3,557.0
is miss your face,4,3,557.0
miss u in telugu,4,3,557.0
miss you caption for sister,5,3,557.0
miss you nanaji status in hindi,6,3,557.0
miss you images for boyfriend,5,3,556.0
miss you msg for gf,5,3,556.0
miss you appa quotes from daughter,6,3,556.0
miss u in arabic,4,3,556.0
miss you free clip art,5,3,556.0
when you miss him quotes short,6,3,556.0
why i miss you more,5,3,556.0
miss you quotes for father in marathi,7,3,555.0
romantic miss you images with quotes,6,3,555.0
miss you appa quotes in english from daughter,8,3,555.0
miss you guys quotes,4,3,555.0
miss you message for friends,5,3,554.0
miss you quotes for brother in marathi,7,3,554.0
miss you quotes in english for girlfriend,7,3,554.0
miss u in french,4,3,554.0
miss you freepik,3,3,554.0
miss you grandfather quotes in english,6,3,554.0
why i miss you meaning in bengali,7,3,554.0
i miss you baby in russian,6,3,553.0
miss you caption for husband in english,7,3,553.0
miss you msg for hubby,5,3,552.0
miss u in japanese,4,3,552.0
miss you quotes for husband in malayalam,7,3,551.0
miss you already meaning,4,3,551.0
miss you caption for cousin,5,3,551.0
tum bahut yaad aa rahi ho shayari,7,3,550.0
i miss you appa,4,2,1254.0
miss u appa,3,2,1254.0
i miss you appa quotes kannada short,7,2,1253.0
i miss you appa quotes,5,2,1252.0
miss you papa shayari 2 line,6,2,1252.0
long distance relationship with husband,5,2,1251.0
miss you quotes for instagram,5,2,1251.0
i miss you appa quotes kannada,6,2,1251.0
i miss you bestie,4,2,1251.0
i miss you forever meaning in hindi,7,2,1251.0
miss u bestie,3,2,1251.0
miss u forever meaning in hindi,6,2,1251.0
miss you bestie quotes,4,2,1251.0
missing you captions,3,2,1251.0
missing you forever meaning in hindi,6,2,1251.0
i miss you baby song lyrics,6,2,1250.0
long distance relationship for her quotes,6,2,1250.0
long distance relationship free apps,5,2,1250.0
long distance relationship online games,5,2,1250.0
long distance relationship with husband quotes,6,2,1250.0
long distance relationship without communication,5,2,1250.0
miss you quotes for ex girlfriend,6,2,1250.0
miss you quotes for instagram story,6,2,1250.0
miss you quotes for my son,6,2,1250.0
when long distance relationships fail,5,2,1250.0
yaad teri aayegi,3,2,1250.0
miss you quotes one line,5,2,1250.0
is it miss you or missing you,7,2,1250.0
miss you quotes death,4,2,1250.0
miss you quotes wife,4,2,1250.0
i miss you quotes for husband long distance,8,2,1250.0
miss you quotes brother,4,2,1250.0
how i miss you meaning,5,2,1250.0
i miss you appa quotes from daughter,7,2,1250.0
i miss you forever,4,2,1250.0
i miss you without saying it,6,2,1250.0
miss u appa quotes,4,2,1250.0
miss u bestie quotes,4,2,1250.0
miss u emoji,3,2,1250.0
miss u forever,3,2,1250.0
miss u friends quotes,4,2,1250.0
miss u lot meaning in kannada,6,2,1250.0
miss u papa,3,2,1250.0
miss you best friend quotes,5,2,1250.0
miss you caption short,4,2,1250.0
miss you captions,3,2,1250.0
miss you friends quotes,4,2,1250.0
miss you quotes short line,5,2,1250.0
miss you zindagi,3,2,1250.0
missing you forever,3,2,1250.0
missing you with all my heart,6,2,1250.0
missing you without saying it,5,2,1250.0
miss you quotes heart touching,5,2,1200.0
miss you bestie,3,2,1200.0
i miss you kannada meaning,5,2,1200.0
long distance relationship online gifts,5,2,1150.0
miss u brother quotes,4,2,1150.0
miss u meaning in kannada,5,2,1150.0
missing you captions for instagram,5,2,1100.0
miss you papa shayari english,5,2,1100.0
miss you forever meaning in hindi,6,2,1050.0
i miss you with emoji text,6,2,1001.0
miss u love u,4,2,1000.0
missing you in kannada,4,2,902.0
missing you in malayalam,4,2,901.0
long distance relationship apps free,5,2,900.0
long distance relationship with son quotes,6,2,900.0
miss you quotes for bestie,5,2,900.0
yaad in hindi,3,2,900.0
missing you in tamil,4,2,900.0
yaad aa raha hai,4,2,850.0
i miss you forever meaning,5,2,850.0
miss you quotes aesthetic,4,2,850.0
miss you zubeen da,4,2,850.0
yaad in urdu,3,2,800.0
miss u in korean language,5,2,800.0
missing you 2016,3,2,800.0
yaad hai mujhko tune kaha tha lyrics,7,2,750.0
miss u appa images,4,2,750.0
miss you quotes for best friend girl,7,2,700.0
miss you quotes sad,4,2,700.0
miss you images free funny,5,2,650.0
missing you (2025 tv series),5,2,650.0
long distance relationship in hindi meaning,6,2,603.0
long distance relationship day 2026,5,2,602.0
long distance relationship insta story caption,6,2,602.0
miss you message images,4,2,602.0
miss you message ringtone download,5,2,602.0
why long distance relationships are better,6,2,602.0
missing you forever quotes,4,2,602.0
when i miss you quotes,5,2,602.0
do you miss olive tree,5,2,601.0
i miss you ammi jaan dp urdu,7,2,601.0
i miss you baby copy paste,6,2,601.0
i miss you baby good luck goodbye,7,2,601.0
i miss you baby in xhosa,6,2,601.0
i miss you baby nakumiss vibaya,6,2,601.0
i miss you baby up all night going crazy lyrics,10,2,601.0
i miss you online message,5,2,601.0
i will miss you sms,5,2,601.0
long distance relationship format,4,2,601.0
long distance relationship in tamil,5,2,601.0
long distance relationship online activities,5,2,601.0
long distance relationship photo maker online free,7,2,601.0
miss you appa dp images,5,2,601.0
miss you appa images,4,2,601.0
miss you bestie images,4,2,601.0
miss you bestie message,4,2,601.0
miss you can do it,5,2,601.0
miss you dp love,4,2,601.0
miss you girlfriend english sms,5,2,601.0
miss you images and quotes,5,2,601.0
miss you images boy and girl,6,2,601.0
miss you images free with quotes,6,2,601.0
miss you images in marathi,5,2,601.0
miss you images malayalam,4,2,601.0
miss you images wallpaper,4,2,601.0
miss you jaan sms,4,2,601.0
miss you ka message,4,2,601.0
miss you msg for best friend,6,2,601.0
miss you poetry sms urdu,5,2,601.0
miss you quotes for appa,5,2,601.0
miss you quotes for best friend in english,8,2,601.0
miss you quotes for ex boyfriend,6,2,601.0
miss you quotes for my husband,6,2,601.0
miss you quotes for special person,6,2,601.0
miss you quotes for your best friend,7,2,601.0
miss you wife sms,4,2,601.0
signs that long distance relationship is not working,8,2,601.0
what is i miss you baby in spanish,8,2,601.0
when i miss you message,5,2,601.0
which miss do you use for a married woman,9,2,601.0
yaad aa rahi hai lyrics,5,2,601.0
yaad capcut template,3,2,601.0
yaad in kannada,3,2,601.0
yaad rakhna in english,4,2,601.0
yaad sataye teri,3,2,601.0
yaadan vichre sajan diyan lyrics,5,2,601.0
yaadein,1,2,601.0
miss you quotes kannada short,5,2,601.0
miss you quotes odia,4,2,601.0
miss you quotes nepali,4,2,601.0
miss you quotes romantic,4,2,601.0
miss you quotes pinterest,4,2,601.0
miss you quotes emotional,4,2,601.0
missing you images with quotes free,6,2,601.0
miss you veere quotes in punjabi,6,2,601.0
i miss you quotes for her,6,2,601.0
miss you jaan quotes,4,2,601.0
miss you quotes death anniversary,5,2,601.0
miss you quotes malayalam,4,2,601.0
miss you quotes colleagues,4,2,601.0
miss you quotes without saying it,6,2,601.0
miss you quotes hindi love,5,2,601.0
best friend miss you captions,5,2,601.0
i miss you forever and ever meaning in hindi,9,2,601.0
is it missing you already,5,2,601.0
miss u 2027,3,2,601.0
miss u a lot meaning in hindi,7,2,601.0
miss u in hindi,4,2,601.0
miss u quotes short,4,2,601.0
miss you caption bangla english,5,2,601.0
miss you forever in hindi,5,2,601.0
miss you free fire,4,2,601.0
miss you in hindi,4,2,601.0
miss you online,3,2,601.0
miss you papa caption,4,2,601.0
miss you quotes gujarati text,5,2,601.0
miss you shayari best friend,5,2,601.0
miss you shayari with emoji,5,2,601.0
miss you sister captions,4,2,601.0
miss you status for whatsapp,5,2,601.0
miss you without i,4,2,601.0
miss you zubeen da quotes,5,2,601.0
miss you शायरी हिंदी में,5,2,601.0
missing you chinese drama,4,2,601.0
missing you in hindi meaning,5,2,601.0
missing you online movie,4,2,601.0
where missing you filmed,4,2,601.0
who's missing you meaning in hindi,6,2,601.0
why i miss you so much quotes,7,2,601.0
darling i miss you 2026,5,2,601.0
मिस यू माँ शायरी,4,2,601.0
ye kis tarah yaad aa rahi ho,7,2,601.0
i miss you baby ka hindi,6,2,600.0
i miss you baby lyrics harold melvin & the bluenotes,10,2,600.0
i miss you baby ringtone download,6,2,600.0
i miss you baby teddy pendergrass,6,2,600.0
i miss you dp love,5,2,600.0
long distance relationship instagram captions,5,2,600.0
long distance relationship online date ideas,6,2,600.0
miss you aai msg in marathi,6,2,600.0
miss you ammi jaan dp,5,2,600.0
miss you and happy journey sms,6,2,600.0
miss you bestie dp,4,2,600.0
miss you can do it pageant,6,2,600.0
miss you dad message,4,2,600.0
miss you images free,4,2,600.0
miss you images free download,5,2,600.0
miss you images in hindi,5,2,600.0
miss you images tamil love,5,2,600.0
miss you images with quotes for her,7,2,600.0
miss you jaan dp photo,5,2,600.0
miss you loads meaning,4,2,600.0
miss you love sms bangla,5,2,600.0
miss you quotes for best friend in marathi,8,2,600.0
miss you quotes for ex,5,2,600.0
miss you quotes for love one line,7,2,600.0
miss you quotes for someone who died,7,2,600.0
that is long distance relationship,5,2,600.0
when i lose you baby bruno mars,7,2,600.0
which miss do you use,5,2,600.0
why i miss you messages,5,2,600.0
yaad in english meaning,4,2,600.0
yaad karna in english,4,2,600.0
yaad piya ki aane lagi lyrics,6,2,600.0
yaad yaad bas yaad reh jati hai singer name,9,2,600.0
miss you quotes one word,5,2,600.0
miss you quotes emoji,4,2,600.0
miss you quotes gujarati,4,2,600.0
miss you quotes tamil for husband,6,2,600.0
miss you vahini quotes in marathi,6,2,600.0
miss you quotes girlfriend,4,2,600.0
miss you jiju quotes,4,2,600.0
miss you quotes kids,4,2,600.0
miss you uncle quotes in marathi,6,2,600.0
miss you kaka quotes in marathi,6,2,600.0
miss you quotes copy paste,5,2,600.0
miss you quotes passed away,5,2,600.0
miss you nanna quotes in english,6,2,600.0
miss you quotes hindi english,5,2,600.0
miss you quotes love short,5,2,600.0
miss you quotes telugu,4,2,600.0
miss you roommate quotes,4,2,600.0
do i miss you,4,2,600.0
how's you miss meaning in hindi,6,2,600.0
i miss you forever meaning in telugu,7,2,600.0
miss u in marathi,4,2,600.0
miss you bhai caption,4,2,600.0
miss you dad status,4,2,600.0
miss you free images,4,2,600.0
miss you in kannada meaning,5,2,600.0
miss you not,3,2,600.0
miss you shayari bestie,4,2,600.0
miss you shayari dosti ke liye,6,2,600.0
miss you shayari for wife,5,2,600.0
miss you with lyrics,4,2,600.0
miss you with robin schulz,5,2,600.0
miss you without goodbye,4,2,600.0
miss you x shayari,4,2,600.0
miss you yaad shayari,4,2,600.0
miss you yaar shayari,4,2,600.0
miss you zubeen da in assamese,6,2,600.0
missing you comes in waves,5,2,600.0
missing you in spanish,4,2,600.0
missing you youtube,3,2,600.0
that i miss you lyrics,5,2,600.0
what's miss you in spanish,5,2,600.0
what's missing you about on netflix,6,2,600.0
when you miss me,4,2,600.0
which is miss you emoji,5,2,600.0
why i miss you quotes,5,2,600.0
zantiis miss you 2026,4,2,600.0
miss you shayari love,4,2,600.0
मिस यू माँ शायरी इन हिंदी,6,2,600.0
can i miss you artinya,5,2,600.0
ab tum yaad aa rahi hai behisab aa rahe ho lyrics,11,2,600.0
miss you meaning in tamil,5,2,600.0
i miss you baby meaning in urdu,7,2,562.0
i will miss you images free,6,2,562.0
miss you deep message,4,2,562.0
miss you images black and white,6,2,562.0
miss you images in tamil,5,2,562.0
miss you love sms for her,6,2,562.0
miss you quotes for husband in urdu,7,2,562.0
missing you images and quotes for her,7,2,562.0
what long term relationship meaning,5,2,562.0
when i lose you baby,5,2,562.0
miss you voice quotes,4,2,562.0
miss you jiju quotes in hindi,6,2,562.0
miss you quotes marathi text,5,2,562.0
miss you quotes punjabi,4,2,562.0
miss you nanna quotes in telugu,6,2,562.0
do i miss you at the party,7,2,562.0
is it i miss u too or to,8,2,562.0
it is missing you in spanish,6,2,562.0
miss you best shayari,4,2,562.0
miss you quotes tamil short,5,2,562.0
miss you shayari for husband in hindi,7,2,562.0
miss you shayari in english 2 line with emoji,9,2,562.0
what miss you in hindi,5,2,562.0
why miss you in hindi,5,2,562.0
miss you day 2026,4,2,562.0
who miss you in hindi,5,2,562.0
can i say miss you too,6,2,562.0
tum bahut yaad aa rahi ho in english,8,2,562.0
i miss you baby please come back,7,2,561.0
i miss you baby quotes in english,7,2,561.0
i miss you baby where are you reggae song original,10,2,561.0
i miss you na baby ko,6,2,561.0
miss you dad message not delivered,6,2,561.0
miss you images in telugu,5,2,561.0
miss you images shayari in english,6,2,561.0
miss you quotes for love in urdu,7,2,561.0
miss you quotes for my love,6,2,561.0
miss you quotes images for whatsapp,6,2,561.0
missing you sms to my wife,6,2,561.0
romantic miss you images free,5,2,561.0
miss you quotes paragraph,4,2,561.0
miss you valentine quotes,4,2,561.0
miss you jiju quotes in marathi,6,2,561.0
miss you quotes who passed away,6,2,561.0
miss you quotes cute,4,2,561.0
miss you nanna quotes in telugu in english,8,2,561.0
do i miss you count the stars,7,2,561.0
how you miss me,4,2,561.0
i miss you no matlab,5,2,561.0
is it i missed your call,6,2,561.0
miss you caption instagram,4,2,561.0
miss you ramadan quotes,4,2,561.0
miss you shayari in english hindi,6,2,561.0
miss you shayari two line,5,2,561.0
miss you without i meaning,5,2,561.0
miss you yaar shayari in hindi,6,2,561.0
that i miss you chords,5,2,561.0
when you miss her quotes,5,2,561.0
why you miss me,4,2,561.0
miss you free fire nickname,5,2,561.0
miss you jiju shayari,4,2,561.0
miss you kaka shayari,4,2,561.0
i miss you without saying it messages,7,2,561.0
you can't miss,3,2,561.0
i miss you baby boo the weeknd,7,2,560.0
i miss you baby gif romantic,6,2,560.0
i miss you baby where are you lyrics,8,2,560.0
i'm missing you baby what you doing,7,2,560.0
long distance relationship activities online free,6,2,560.0
long distance relationship quotes in english,6,2,560.0
miss you images for him,5,2,560.0
miss you in image,4,2,560.0
miss you msg in marathi,5,2,560.0
miss you quotes for her long distance,7,2,560.0
miss you quotes for love long distance relationship,8,2,560.0
miss you quotes malayalam for husband,6,2,560.0
missing you images with quotes funny,6,2,560.0
miss you quotes one line hindi,6,2,560.0
miss you quotes with moon,5,2,560.0
miss you quotes pics,4,2,560.0
miss you quotes goodreads,4,2,560.0
miss you quotes grief,4,2,560.0
miss you village quotes,4,2,560.0
miss you juniors quotes,4,2,560.0
miss you quotes death brother,5,2,560.0
miss you quotes ex boyfriend,5,2,560.0
miss you quotes coworker,4,2,560.0
i miss you photo sad dp,6,2,560.0
miss you quotes papa,4,2,560.0
how you miss me meaning in hindi,7,2,560.0
i miss you free,4,2,560.0
i will miss you quotes for sister,7,2,560.0
miss you papa template,4,2,560.0
miss you quotes long,4,2,560.0
miss you roommate quotes short,5,2,560.0
miss you shayari for love,5,2,560.0
miss you shayari in english 2 line,7,2,560.0
miss you wali shayari,4,2,560.0
miss you with love,4,2,560.0
miss you without words,4,2,560.0
miss you yrr shayari,4,2,560.0
miss you zai1k lyrics,4,2,560.0
misuse,1,2,560.0
that i miss you song,5,2,560.0
when you miss a friend,5,2,560.0
who's missing you in hindi,5,2,560.0
why you miss me meaning in hindi,7,2,560.0
will i miss you,4,2,560.0
miss you janu shayari,4,2,560.0
can i not miss you,5,2,560.0
free fire name style miss you,6,2,560.0
i miss you without reason,5,2,560.0
can long distance relationships last,5,2,559.0
i miss you baby and it's quite alright,8,2,559.0
i miss you baby lyrics english,6,2,559.0
i miss you baby song original,6,2,559.0
i miss you baby tessa rose jackson,7,2,559.0
i miss you baby where are you original,8,2,559.0
long distance relationship drama,4,2,559.0
long distance relationship format for client,6,2,559.0
long distance relationship instagram bio,5,2,559.0
long distance relationship map generator free,6,2,559.0
long distance relationship quotes miss you,6,2,559.0
miss you aai images in marathi,6,2,559.0
miss you baba jani dp,5,2,559.0
miss you dear message,4,2,559.0
miss you images for friends,5,2,559.0
miss you msg in hindi,5,2,559.0
miss you papa dp pic girl,6,2,559.0
miss you papa sms marathi,5,2,559.0
miss you quotes for death person,6,2,559.0
miss you quotes for her to make her cry,9,2,559.0
miss you quotes for him short,6,2,559.0
miss you quotes for my daughter,6,2,559.0
romantic miss you love sms bangla,6,2,559.0
yaad in hindi meaning,4,2,559.0
miss you quotes death uncle,5,2,559.0
miss you ajoba quotes in marathi,6,2,559.0
miss you kaka quotes in gujarati,6,2,559.0
miss you office quotes,4,2,559.0
miss you umma quotes,4,2,559.0
miss you veere quotes in punjabi text,7,2,559.0
miss you jaan quotes in english,6,2,559.0
miss you quotes with flowers,5,2,559.0
miss you nana quotes,4,2,559.0
miss you quotes cartoon,4,2,559.0
miss you quotes heaven,4,2,559.0
do i miss you meaning,5,2,559.0
how i miss you lyrics,5,2,559.0
how you miss 100 shots,5,2,559.0
i miss you caption,4,2,559.0
miss u 2026,3,2,559.0
miss you papa quotes in marathi,6,2,559.0
miss you quotes simple,4,2,559.0
miss you quotes tagalog,4,2,559.0
miss you reply quotes,4,2,559.0
miss you shayari for gf,5,2,559.0
miss you status for papa,5,2,559.0
miss you status in nepali,5,2,559.0
miss you with me,4,2,559.0
missing you code,3,2,559.0
that i miss you in hindi,6,2,559.0
we will miss you template,5,2,559.0
when you miss me meaning in hindi,7,2,559.0
why you miss me in spanish,6,2,559.0
miss you shayari gujarati om shanti,6,2,559.0
can t i miss you meaning in hindi,8,2,559.0
याद आ रही हो,4,2,559.0
i miss you baby aerosmith chords,6,2,558.0
i miss you baby and,5,2,558.0
i miss you baby come here,6,2,558.0
i miss you baby grammar check,6,2,558.0
i miss you baby marv johnson,6,2,558.0
i miss you baby where are you reggae song,9,2,558.0
i miss you dp girl,5,2,558.0
long distance relationship games online free,6,2,558.0
long distance relationship insta note,5,2,558.0
long distance relationship miss you quotes,6,2,558.0
long distance relationship quotes in hindi english,7,2,558.0
miss you baba jan dp,5,2,558.0
miss you cartoon images with quotes,6,2,558.0
miss you k name dp,5,2,558.0
miss you quotes for brother and sister,7,2,558.0
miss you so do i,5,2,558.0
yaad in punjabi,3,2,558.0
miss you quotes photo,4,2,558.0
miss you kaka quotes,4,2,558.0
miss you unique quotes,4,2,558.0
miss you vadina quotes,4,2,558.0
miss you jiju quotes in english,6,2,558.0
miss you ex quotes,4,2,558.0
is miss you blink 182,5,2,558.0
miss u 2026 ph,4,2,558.0
miss you cousin quotes,4,2,558.0
miss you dad template,4,2,558.0
miss you in numbers,4,2,558.0
miss you quotes hindi text,5,2,558.0
miss you related quotes,4,2,558.0
miss you shayari for girlfriend in hindi,7,2,558.0
miss you shayari in english text,6,2,558.0
miss you status for sister,5,2,558.0
miss you uncle shayari,4,2,558.0
miss you with numbers,4,2,558.0
missing you correct sentence,4,2,558.0
missing you in french,4,2,558.0
missing you with brandy,4,2,558.0
that i miss you so much,6,2,558.0
will i miss you meaning in hindi,7,2,558.0
what you miss meaning in hindi,6,2,558.0
miss you shayari hindi 2 line best friend,8,2,558.0
ab tum yaad aa rahi ho,6,2,558.0
can i see you miss in hindi,7,2,558.0
i miss you without m e,6,2,558.0
i miss you baby bon jovi,6,2,557.0
i miss you baby come home,6,2,557.0
i miss you baby girl in zulu translation,8,2,557.0
i miss you baby st paul and the broken bones,10,2,557.0
i miss you baby style name,6,2,557.0
i miss you daddy message,5,2,557.0
i miss you dp boy,5,2,557.0
i miss you dp love sad,6,2,557.0
long distance relationship in astrology,5,2,557.0
long distance relationship quotes for husband,6,2,557.0
long distance relationship vs short distance relationship,7,2,557.0
miss you papa dp for instagram,6,2,557.0
miss you papa gujarati sms,5,2,557.0
miss you papa images in hindi,6,2,557.0
miss you poetry sms in urdu,6,2,557.0
miss you quotes for her in hindi,7,2,557.0
miss you quotes for mom and dad,7,2,557.0
miss you text for her,5,2,557.0
yaad in urdu word,4,2,557.0
miss you friends quotes one line,6,2,557.0
miss you kaka quotes in english,6,2,557.0
miss you uncle quotes in gujarati,6,2,557.0
miss you vahini quotes in marathi text,7,2,557.0
miss you juniors quotes short,5,2,557.0
miss you maa quotes,4,2,557.0
miss you quotes gif,4,2,557.0
miss you wife quotes in marathi,6,2,557.0
miss you bestie quotes in hindi,6,2,557.0
miss you everyone quotes,4,2,557.0
do i miss you lyrics,5,2,557.0
i miss you quotes short,5,2,557.0
i'm missing you,3,2,557.0
miss you bhai template,4,2,557.0
miss you free gif,4,2,557.0
miss you papa quotes in gujarati,6,2,557.0
miss you quotes her,4,2,557.0
miss you quotes husband short,5,2,557.0
miss you quotes to girlfriend,5,2,557.0
miss you ra quotes,4,2,557.0
miss you shayari for wife in hindi,7,2,557.0
miss you shayari hindi 2 line with emoji whatsapp,9,2,557.0
miss you shayari in urdu,5,2,557.0
miss you shayari love romantic for husband,7,2,557.0
miss you status in gujarati,5,2,557.0
miss you zuchu,3,2,557.0
missing what's you meaning,4,2,557.0
missing you card,3,2,557.0
missing you in korean,4,2,557.0
that i miss you in tagalog,6,2,557.0
when you miss jury duty what happens,7,2,557.0
what you miss me meaning in hindi,7,2,557.0
miss you bestie shayari,4,2,557.0
miss you 2024,3,2,557.0
can i see you miss,5,2,557.0
i miss you baby the song,6,2,556.0
i miss you dp sad,5,2,556.0
i miss you sms for long distance relationship,8,2,556.0
long distance relationship day 2026 date,6,2,556.0
long distance relationship map generator free online,7,2,556.0
long distance relationship quotes short,5,2,556.0
miss you images for instagram highlights,6,2,556.0
miss you papa dp pic girl love,7,2,556.0
miss you quotes for favourite person,6,2,556.0
miss you quotes for ma am,6,2,556.0
miss you too images free,5,2,556.0
yaad instrumental ringtone download,4,2,556.0
zara sa x baby i miss you,7,2,556.0
miss you khala quotes,4,2,556.0
miss you vacation quotes,4,2,556.0
miss you jaan quotes in hindi,6,2,556.0
miss you maa quotes in hindi,6,2,556.0
miss you uncle quotes short,5,2,556.0
miss you wife quotes in hindi,6,2,556.0
miss you bestie quotes in tamil,6,2,556.0
miss you quotes in bengali,5,2,556.0
do i miss you meaning in hindi,7,2,556.0
i miss you in french,5,2,556.0
is miss you by oliver tree,6,2,556.0
miss you freestyle skrapz,4,2,556.0
miss you in japanese,4,2,556.0
miss you nanna quotes,4,2,556.0
miss you papa quotes in english,6,2,556.0
miss you quotes grandfather,4,2,556.0
miss you quotes hindi sad,5,2,556.0
miss you quotes in english for husband,7,2,556.0
miss you quotes telugu images,5,2,556.0
miss you relationship quotes,4,2,556.0
miss you shayari for best friend,6,2,556.0
miss you shayari in hindi 2 line,7,2,556.0
miss you shayari my wife,5,2,556.0
miss you status for father,5,2,556.0
missing you chords,3,2,556.0
missing you in japanese,4,2,556.0
that i miss you meaning in urdu,7,2,556.0
when you miss someone what to do,7,2,556.0
bahut yaad aa rahi ho meaning in english,8,2,556.0
i miss you dp photo,5,2,555.0
i miss you s dp love,6,2,555.0
long distance relationship quotes for her,6,2,555.0
miss u images love quotes,5,2,555.0
miss you baba dp for whatsapp,6,2,555.0
miss you papa do line,5,2,555.0
miss you papa dp for whatsapp,6,2,555.0
miss you poetry sms for girlfriend,6,2,555.0
miss you quotes for her to make her love more,10,2,555.0
missing him images with quotes,5,2,555.0
missing you sms for my husband,6,2,555.0
yaad in sanskrit,3,2,555.0
miss you quotes in urdu,5,2,555.0
miss you dad quotes one line,6,2,555.0
miss you veere quotes,4,2,555.0
miss you kids quotes short,5,2,555.0
miss you uncle quotes in tamil,6,2,555.0
miss you jiju quotes in marathi text,7,2,555.0
miss you bestie quotes for instagram,6,2,555.0
i miss you in numbers,5,2,555.0
i miss you short form,5,2,555.0
is miss you after goodbye a movie,7,2,555.0
miss u hubby status for whatsapp,6,2,555.0
miss u in kannada meaning,5,2,555.0
miss u jaan quotes,4,2,555.0
miss you card online,4,2,555.0
miss you dad quotes from daughter,6,2,555.0
miss you husband quotes in english,6,2,555.0
miss you in other languages,5,2,555.0
miss you nan quotes,4,2,555.0
miss you papa quotes english,5,2,555.0
miss you quotes arabic,4,2,555.0
miss you quotes to sister,5,2,555.0
miss you retirement quotes,4,2,555.0
miss you shayari 2 line,5,2,555.0
miss you shayari for boyfriend,5,2,555.0
miss you shayari in hindi for girl,7,2,555.0
miss you sister quotes in marathi,6,2,555.0
miss you wife quotes short,5,2,555.0
miss you zubeen garg,4,2,555.0
missing you code word,4,2,555.0
missing you in other words,5,2,555.0
shall i miss you,4,2,555.0
that i miss you meaning,5,2,555.0
that you miss me meaning in hindi,7,2,555.0
when im missing you quotes,5,2,555.0
who you miss meaning in kannada,6,2,555.0
bahut yaad aa rahi ho maa,6,2,555.0
can i call you miss your voice,7,2,555.0
kisi ki bahut yaad aa rahi ho to kya kare,10,2,555.0
i miss you baby 100 times,6,2,554.0
i miss you baby in thai,6,2,554.0
i miss you baby where are you reggae,8,2,554.0
i miss you dp for whatsapp,6,2,554.0
i miss you my baby boy quotes,7,2,554.0
miss u appa images in kannada,6,2,554.0
miss you papa do line shayari,6,2,554.0
thinking of you miss you images,6,2,554.0
yaad in marathi,3,2,554.0
miss you appa quotes in marathi,6,2,554.0
miss you kolkata quotes,4,2,554.0
miss you uncle quotes in english short,7,2,554.0
how i miss you song,5,2,554.0
i miss you in bengali,5,2,554.0
is miss your warm hands,5,2,554.0
miss you bestie quotes in urdu,6,2,554.0
miss you in malayalam,4,2,554.0
miss you mom template,4,2,554.0
miss you papa quotes in marathi from daughter,8,2,554.0
miss you shayari for boyfriend in hindi,7,2,554.0
miss you shayari in roman english,6,2,554.0
missing you crazy,3,2,554.0
missing you in telugu,4,2,554.0
that i miss you in spanish,6,2,554.0
that you miss me,4,2,554.0
what you miss about a man,6,2,554.0
when you miss me in spanish,6,2,554.0
will i miss you meaning in urdu,7,2,554.0
when you miss mom,4,2,554.0
why i miss you song,5,2,554.0
miss you chacha shayari in hindi text,7,2,554.0
can you tell i miss you,6,2,554.0
miss you zubeen,3,2,554.0
do you miss like i miss you,7,2,553.0
heart touching miss you sms in english,7,2,553.0
i miss you sms for her to smile,8,2,553.0
miss you message for senior,5,2,553.0
miss you papa dp pic boy,6,2,553.0
miss you papa msg in marathi,6,2,553.0
miss you quotes for class teacher,6,2,553.0
miss you quotes in gujarati,5,2,553.0
missing you quotes for someone who passed away,8,2,553.0
sad miss you images with quotes,6,2,553.0
which miss do you use for a single woman,9,2,553.0
yaad in bengali,3,2,553.0
miss you appa quotes in tamil in english,8,2,553.0
miss you kashmir quotes,4,2,553.0
miss you uppa quotes,4,2,553.0
do i miss you too,5,2,553.0
i miss you in german,5,2,553.0
is miss you im sorry lyrics,6,2,553.0
miss u in german language,5,2,553.0
miss you bestie quotes funny,5,2,553.0
miss you brother quotes in marathi,6,2,553.0
miss you card template free,5,2,553.0
miss you for friend,4,2,553.0
miss you grandfather quotes in marathi,6,2,553.0
miss you in telugu,4,2,553.0
miss you like quotes,4,2,553.0
miss you papa quotes in marathi from son,8,2,553.0
miss you quotes in one line,6,2,553.0
miss you rain quotes,4,2,553.0
miss you shayari for long distance relationship,7,2,553.0
miss you shayari instagram,4,2,553.0
miss you your smile,4,2,553.0
miss you zubeen the,4,2,553.0
missing you couple gif,4,2,553.0
missing you in urdu,4,2,553.0
that you miss me in spanish,6,2,553.0
what you miss in tagalog,5,2,553.0
which miss universe contestants walk out,6,2,553.0
when you miss bro,4,2,553.0
radio i miss you 2026,5,2,553.0
who is miss you by oliver tree about,8,2,553.0
can you miss me meaning in hindi,7,2,553.0
mujhe tum yaad aa rahi ho,6,2,553.0
can a long distance relationship last forever,7,2,552.0
i miss you baby and i don t wanna,9,2,552.0
i miss you baby where are you song original,9,2,552.0
i miss you photo sad dp boy,7,2,552.0
miss you good morning sms for girlfriend,7,2,552.0
miss you quotes for friends in hindi,7,2,552.0
miss you so much sms,5,2,552.0
why we miss someone so badly,6,2,552.0
yaad in english translation,4,2,552.0
miss you appa quotes in tamil for daughter,8,2,552.0
miss you quotes in telugu text,6,2,552.0
i miss you in marathi,5,2,552.0
i miss you zindagi,4,2,552.0
is miss you love,4,2,552.0
miss u quotes bestie,4,2,552.0
miss you husband quotes urdu,5,2,552.0
miss you in korean language,5,2,552.0
miss you nephew quotes,4,2,552.0
miss you papa shayari 2 line english,7,2,552.0
miss you quotes in hindi text,6,2,552.0
miss you shayari for girlfriend,5,2,552.0
miss you shayari hindi 2 line urdu,7,2,552.0
miss you shayari in bangla,5,2,552.0
missing you 2016 online watch,5,2,552.0
missing you cat,3,2,552.0
missing you in bengali,4,2,552.0
when you miss friends quotes,5,2,552.0
मिस यू माँ शायरी gujarati,5,2,552.0
i can miss you from the stars,7,2,552.0
who will miss you,4,2,552.0
cute miss you images with quotes,6,2,551.0
how to prove you miss someone through text,8,2,551.0
i miss you babe meaning,5,2,551.0
miss missed difference,3,2,551.0
miss you so much sms for girlfriend,7,2,551.0
oh i miss you baby lyrics,6,2,551.0
yaad aa rahi hai english translation,6,2,551.0
yaad in shudh hindi,4,2,551.0
miss quote meaning,3,2,551.0
miss you quotes in tamil text,6,2,551.0
miss u in numbers,4,2,551.0
miss you in other words,5,2,551.0
miss you quotes instagram,4,2,551.0
miss you quotes to him,5,2,551.0
miss you shayari in marathi,5,2,551.0
missing you chinese movie,4,2,551.0
मिस यू माँ शायरी 2 लाइन,6,2,551.0
मिस यू शायरी,3,2,551.0
can i say miss you,5,2,551.0
i miss you znacenje,4,2,551.0
i miss you baby and i don't,7,2,550.0
i miss you photo sad dp girl,7,2,550.0
long distance relationship vs online dating,6,2,550.0
miss you heaps meaning,4,2,550.0
miss you message for sister,5,2,550.0
should i send an i miss you text,8,2,550.0
miss you caption for wife,5,2,550.0
miss you free fire name style,6,2,550.0
miss you shayari in punjabi text,6,2,550.0
missing someone quotes in english,5,2,550.0
missing you cast korean,4,2,550.0
when i miss u quotes,5,2,550.0
which miss universe won 2025,5,2,550.0
मिस यू शायरी फॉर हस्बैंड,5,2,550.0
miss you papa shayari,4,1,1253.0
long distance relationship best gift,5,1,1252.0
miss u uncle,3,1,1252.0
missing you best friend quotes,5,1,1252.0
long distance relationship best line,5,1,1251.0
long distance relationship love,4,1,1251.0
long distance relationship opposite,4,1,1251.0
long distance relationship prompts,4,1,1251.0
long distance relationship robot,4,1,1251.0
miss you quotes for mom,5,1,1251.0
when long distance relationships get hard,6,1,1251.0
why long distance relationships fail,5,1,1251.0
yaad quotes,2,1,1251.0
i miss you lot meaning in kannada,7,1,1251.0
i miss you reply,4,1,1251.0
i miss you very much meaning in hindi,8,1,1251.0
i miss you xxl,4,1,1251.0
miss u hubby quotes,4,1,1251.0
miss u kannada meaning,4,1,1251.0
miss u too,3,1,1251.0
miss u uncle after death,5,1,1251.0
miss u wife,3,1,1251.0
miss you appa kannada,4,1,1251.0
miss you friends,3,1,1251.0
miss you husband,3,1,1251.0
miss you lot,3,1,1251.0
missing you badly,3,1,1251.0
missing you best friend,4,1,1251.0
missing you ott,3,1,1251.0
missing you papa,3,1,1251.0
missing you review,3,1,1251.0
what i miss you for the rest of my life lyrics,11,1,1251.0
which miss universe has the highest score,7,1,1251.0
i miss you jaan,4,1,1251.0
how long distance relationship works,5,1,1250.0
i miss you baby ko,5,1,1250.0
i miss you baby or i miss you baby,9,1,1250.0
i miss you baby where are you,7,1,1250.0
long distance relationship best quotes,5,1,1250.0
long distance relationship birthday wishes,5,1,1250.0
long distance relationship emoji,4,1,1250.0
long distance relationship games online,5,1,1250.0
long distance relationship hindi,4,1,1250.0
long distance relationship lines,4,1,1250.0
long distance relationship meaning,4,1,1250.0
long distance relationship notes,4,1,1250.0
long distance relationship photo,4,1,1250.0
long distance relationship reddit,4,1,1250.0
long distance relationship thoughts in english,6,1,1250.0
long distance relationship uk australia,5,1,1250.0
long distance relationship video,4,1,1250.0
long distance relationship website,4,1,1250.0
miss you message bangla,4,1,1250.0
miss you messages,3,1,1250.0
miss you quotes for a friend,6,1,1250.0
miss you quotes for papa,5,1,1250.0
miss you quotes for teacher from students,7,1,1250.0
why long distance relationship is hard,6,1,1250.0
why yaadein flopped,3,1,1250.0
yaad chords,2,1,1250.0
yaad dilana in english,4,1,1250.0
yaad lyrics,2,1,1250.0
yaad na jaaye,3,1,1250.0
yaad piya ki aane lagi,5,1,1250.0
yaad quotes in hindi,4,1,1250.0
yaad wali shayari,3,1,1250.0
yaad yaad,2,1,1250.0
yaad zainab ko jo abbas ke bazu aaye lyrics,9,1,1250.0
how miss universe is selected,5,1,1250.0
i miss you best friend,5,1,1250.0
i miss you code,4,1,1250.0
i miss you emoji,4,1,1250.0
i miss you free fire name,6,1,1250.0
i miss you friend,4,1,1250.0
i miss you hindi,4,1,1250.0
i miss you lot,4,1,1250.0
i miss you number,4,1,1250.0
i miss you or i missed you,7,1,1250.0
i miss you ringtone,4,1,1250.0
i miss you too,4,1,1250.0
i miss you very much,5,1,1250.0
i miss you wallpaper,4,1,1250.0
i miss you with emoji,5,1,1250.0
i miss you xxxtentacion,4,1,1250.0
i miss you yaar,4,1,1250.0
is it i miss you or i missed you,9,1,1250.0
miss u caption,3,1,1250.0
miss u husband,3,1,1250.0
miss u jaan,3,1,1250.0
miss u ka reply,4,1,1250.0
miss u opposite word,4,1,1250.0
miss u reply,3,1,1250.0
miss u thoughts,3,1,1250.0
miss u uncle quotes,4,1,1250.0
miss u wallpaper,3,1,1250.0
miss u yaar,3,1,1250.0
miss universe hsr,3,1,1250.0
miss you dad,3,1,1250.0
miss you guys,3,1,1250.0
miss you husband quotes,4,1,1250.0
miss you jaan,3,1,1250.0
miss you kannada meaning,4,1,1250.0
miss you love you,4,1,1250.0
miss you oliver tree,4,1,1250.0
miss you reply,3,1,1250.0
miss you status caption,4,1,1250.0
miss you status english,4,1,1250.0
miss you status hindi,4,1,1250.0
miss you too,3,1,1250.0
miss you uncle,3,1,1250.0
miss you with emoji,4,1,1250.0
miss you yaar,3,1,1250.0
missing you badly meaning,4,1,1250.0
missing you bestie,3,1,1250.0
missing you emoji,3,1,1250.0
missing you freestyle,3,1,1250.0
missing you or miss you,5,1,1250.0
missing you papa quotes,4,1,1250.0
missing you reply,3,1,1250.0
missing you so much,4,1,1250.0
missing you uncle quotes,4,1,1250.0
missing you very badly,4,1,1250.0
missing you web series,4,1,1250.0
missing you yaar meaning in hindi,6,1,1250.0
missing you zhang ruonan,4,1,1250.0
what i miss you for the rest of my life,10,1,1250.0
what miss universe get after winning,6,1,1250.0
which miss universe is most beautiful,6,1,1250.0
miss you papa after death,5,1,1250.0
long distance relationship letter,4,1,1201.0
i miss you so much meaning in kannada,8,1,1201.0
missing you drama,3,1,1201.0
long distance relationship love quotes,5,1,1200.0
missing you dad quotes,4,1,1200.0
missing you lot meaning in kannada,6,1,1200.0
i miss you google,4,1,1151.0
miss you wife,3,1,1151.0
missing you freestyle lyrics,4,1,1151.0
missing you kannada meaning,4,1,1151.0
long distance relationship jokes,4,1,1150.0
miss you quotes for grandmother,5,1,1150.0
yaad piya ki aaye,4,1,1150.0
i miss you gif,4,1,1150.0
i miss you very badly,5,1,1150.0
miss u code word,4,1,1150.0
miss you wallpaper,3,1,1150.0
missing you free images,4,1,1150.0
who miss universe 2025,4,1,1102.0
who miss universe 2026,4,1,1101.0
long distance relationship friendship quotes,5,1,1100.0
long distance relationship images,4,1,1100.0
long distance relationship template capcut,5,1,1100.0
long distance relationship without intimacy,5,1,1100.0
yaad one line shayari,4,1,1100.0
i miss you code number,5,1,1100.0
i miss you dad,4,1,1100.0
i miss you or i am missing you,8,1,1100.0
miss you ringtone,3,1,1100.0
missing you on your birthday,5,1,1100.0
missing you online watch,4,1,1100.0
who miss universe india 2025,5,1,1100.0
miss u guys,3,1,1052.0
miss u gif,3,1,1051.0
missing you very badly meaning in hindi,7,1,1051.0
miss you quotes for manager,5,1,1050.0
i miss you zhang jingyi,5,1,1050.0
miss u grandmother,3,1,1050.0
miss u papa quotes,4,1,1050.0
miss universe,2,1,1050.0
miss you kannada,3,1,1050.0
missing you very much,4,1,1050.0
miss you hindi,3,1,1050.0
miss you quotes for partner,5,1,1001.0
miss u lot,3,1,1001.0
long distance relationship emotional quotes,5,1,1000.0
long distance relationship opposite word,5,1,1000.0
miss you quotes for principal,5,1,1000.0
yaad captions for instagram,4,1,1000.0
i miss you everyday,4,1,1000.0
i miss you xxl meaning,5,1,1000.0
miss u dad,3,1,1000.0
miss u friend,3,1,1000.0
miss u grandpa quotes,4,1,1000.0
miss u images,3,1,1000.0
miss universe hsr layout,4,1,1000.0
miss you appa kavana in kannada,6,1,1000.0
missing you reply in english,5,1,1000.0
missing you too meaning in hindi,6,1,952.0
long distance relationship video call,5,1,951.0
missing you every second,4,1,951.0
missing you too,3,1,951.0
long distance relationship day,4,1,950.0
long distance relationship picture ideas,5,1,950.0
long distance relationship urdu poetry,5,1,950.0
long distance relationship video call captions,6,1,950.0
miss you quotes for seniors,5,1,950.0
why long distance relationship doesn't work,6,1,950.0
miss u ringtone download,4,1,950.0
miss you wishes,3,1,950.0
missing you dad,3,1,950.0
missing you ending,3,1,950.0
missing you thoughts,3,1,950.0
missing you wallpaper,3,1,950.0
when miss universe 2026 will be held,7,1,950.0
which miss universe lost her title,6,1,950.0
miss u or missing u,5,1,902.0
miss you very much meaning in hindi,7,1,902.0
long distance relationship watch,4,1,901.0
yaad video,2,1,901.0
miss u oliver tree,4,1,901.0
miss u very much,4,1,901.0
miss universe 2026,3,1,901.0
miss you video,3,1,901.0
missing you quotes in kannada,5,1,901.0
long distance relationship activities,4,1,900.0
long distance relationship bestie quotes,5,1,900.0
long distance relationship drawing,4,1,900.0
long distance relationship wallpaper,4,1,900.0
miss you quotes for daughter,5,1,900.0
miss you quotes for grandfather,5,1,900.0
miss you quotes for students from teachers,7,1,900.0
yad vashem,2,1,900.0
i miss you appa quotes kannada short from daughter,9,1,900.0
miss u other words,4,1,900.0
miss u shayari,3,1,900.0
miss u very badly,4,1,900.0
miss universe from india,4,1,900.0
miss you caption english,4,1,900.0
miss you jaan shayari,4,1,900.0
miss you very badly,4,1,900.0
missing you dad quotes from daughter,6,1,900.0
missing you quotes for her,5,1,900.0
yaad e nabi ka gulshan,5,1,852.0
yaad e nabi ka gulshan mehka lyrics,7,1,851.0
yaad unko meri bhi aati to hogi lyrics,8,1,851.0
i miss you hindi meaning,5,1,851.0
miss u wife quotes,4,1,851.0
yaad e nabi ka gulshan lyrics,6,1,850.0
yaad quotes in english,4,1,850.0
yaad teri aati hai,4,1,850.0
yaad uski dila gaya koi,5,1,850.0
i miss you husband,4,1,850.0
i miss you number code,5,1,850.0
i miss you very badly meaning,6,1,850.0
miss u best friend quotes,5,1,850.0
miss u nani,3,1,850.0
miss u uncle after death quotes,6,1,850.0
miss u wife shayari,4,1,850.0
miss you best friend,4,1,850.0
miss you brother quotes,4,1,850.0
missing you a lot,4,1,850.0
missing you where to watch,5,1,850.0
i miss you yaar meaning in hindi,7,1,802.0
i miss you yaar in hindi,6,1,801.0
long distance relationship finally meeting quotes,6,1,800.0
long distance relationship things to do,6,1,800.0
miss you quotes for girlfriend long distance,7,1,800.0
yaad yaad bas yaad reh jati hai lyrics,8,1,800.0
i miss you copy and paste,6,1,800.0
i miss you friend quotes,5,1,800.0
i miss you opposite word,5,1,800.0
i miss you your voice,5,1,800.0
miss u quotes in kannada,5,1,800.0
miss you with all my heart,6,1,800.0
missing you appa,3,1,800.0
i miss you uncle,4,1,753.0
yaad hai,2,1,752.0
i miss you urdu,4,1,752.0
miss u forever meaning,4,1,752.0
miss you oliver tree lyrics,5,1,752.0
missing you guys meaning in hindi,6,1,752.0
miss you quotes for dog,5,1,751.0
yaad hai na,3,1,751.0
i miss you urdu meaning,5,1,751.0
miss u for husband,4,1,751.0
miss you opposite word,4,1,751.0
missing you gif,3,1,751.0
how long distance relationship survive,5,1,750.0
long distance relationship ending quotes,5,1,750.0
long distance relationship ka matlab,5,1,750.0
long distance relationship one line quotes,6,1,750.0
miss you message to colleague,5,1,750.0
miss you quotes for dad,5,1,750.0
yaad teri aayegi mujhko bada satayegi,6,1,750.0
i miss you uncle rip,5,1,750.0
i miss you xxl lyrics,5,1,750.0
miss u best friend,4,1,750.0
miss you or missing you,5,1,750.0
miss you urdu,3,1,750.0
missing you guys,3,1,750.0
missing you lot meaning in hindi,6,1,750.0
miss you name,3,1,750.0
miss you quotes for close friend,6,1,702.0
missing you jaan meaning in hindi,6,1,702.0
miss you quotes for college friends,6,1,701.0
yaad bhare swaad,3,1,701.0
missing you john waite,4,1,701.0
long distance relationship first meet quotes,6,1,700.0
long distance relationship prompts gemini ai,6,1,700.0
long distance relationship tips,4,1,700.0
long distance relationship with sister quotes,6,1,700.0
miss you quotes for crush,5,1,700.0
miss you quotes for girl bestie,6,1,700.0
miss you quotes for son,5,1,700.0
yaad bhari shayari,3,1,700.0
yaad caption,2,1,700.0
yaad hai na lyrics,4,1,700.0
yaad meaning in kannada,4,1,700.0
i miss you appa quotes kannada short funny,8,1,700.0
i miss you dad i am very broken song lyrics,10,1,700.0
miss u quotes in english,5,1,700.0
miss u uncle quotes in english,6,1,700.0
miss you film,3,1,700.0
miss you guys meaning in kannada,6,1,700.0
miss you too meaning in kannada,6,1,700.0
miss you wife quotes,4,1,700.0
missing you jaan,3,1,700.0
missing you ka matlab,4,1,700.0
missing you netflix review,4,1,700.0
missing you quotes for him,5,1,700.0
missing you ringtone download,4,1,700.0
i miss you a lot,5,1,653.0
long distance relationship reels,4,1,651.0
long distance relationship web series,5,1,651.0
i miss you lot meaning in hindi,7,1,651.0
miss u nana,3,1,651.0
long distance relationship bio for instagram,6,1,650.0
long distance relationship emotional shayari,5,1,650.0
long distance relationship lines in english,6,1,650.0
long distance relationship rules,4,1,650.0
long distance relationship shayari in english,6,1,650.0
long distance relationship works,4,1,650.0
miss you quotes for brother going abroad,7,1,650.0
miss you quotes for wife in hindi,7,1,650.0
i miss you lyrics,4,1,650.0
miss u bhai,3,1,650.0
miss u dad images,4,1,650.0
miss u for love,4,1,650.0
miss u jaan shayari,4,1,650.0
miss u nani quotes,4,1,650.0
miss you rolling stones,4,1,650.0
missing you images,3,1,650.0
missing you on your birthday quotes death,7,1,650.0
long distance relationship hindi meaning,5,1,604.0
yaad jab aayee teri song,5,1,604.0
missing you hindi meaning,4,1,604.0
missing you lot,3,1,604.0
long distance relationship hindi songs,5,1,603.0
yaad jassa dhillon lyrics,4,1,603.0
miss u urdu poetry,4,1,603.0
miss you friends quotes in kannada,6,1,603.0
missing you daddy,3,1,603.0
missing you harlan coben,4,1,603.0
missing you lyrics,3,1,603.0
when i miss you i see moon,7,1,603.0
i miss you wallpaper phone,5,1,603.0
long distance relationship husband and wife quotes,7,1,602.0
long distance relationship love letter,5,1,602.0
long distance relationship prompts chatgpt,5,1,602.0
yaad dilana,2,1,602.0
yaad jab aayee teri,4,1,602.0
yaad wala emoji,3,1,602.0
i miss you all,4,1,602.0
i miss you wife,4,1,602.0
miss u uncle after death in english,7,1,602.0
miss universe 2025,3,1,602.0
miss you appa lines kannada,5,1,602.0
miss you caption bangla,4,1,602.0
miss you card,3,1,602.0
miss you father,3,1,602.0
miss you guys meaning,4,1,602.0
miss you return reply,4,1,602.0
miss you shayari papa,4,1,602.0
miss you watch,3,1,602.0
miss you yaar meaning in hindi,6,1,602.0
missing you dad in heaven,5,1,602.0
missing you husband,3,1,602.0
missing you like crazy chinese drama,6,1,602.0
when miss universe started,4,1,602.0
i miss you wallpaper girl,5,1,602.0
application yaad karne ka tarika,5,1,601.0
can i long distance relationship work,6,1,601.0
how i miss you baby bobby womack,7,1,601.0
how i miss you message,5,1,601.0
how long distance relationships fail,5,1,601.0
i can miss you baby,5,1,601.0
i miss you a dp love,6,1,601.0
i miss you and love u images,7,1,601.0
i miss you baby adi song lyrics,7,1,601.0
i miss you baby boy,5,1,601.0
i miss you baby drake,5,1,601.0
i miss you baby emoji,5,1,601.0
i miss you baby girl,5,1,601.0
i miss you baby harold melvin & the bluenotes,9,1,601.0
i miss you baby in zulu,6,1,601.0
i miss you baby junetober lyrics,6,1,601.0
i miss you baby ka matlab,6,1,601.0
i miss you baby letter,5,1,601.0
i miss you baby ooh ahh,6,1,601.0
i miss you baby photo,5,1,601.0
i miss you baby quotes for her,7,1,601.0
i miss you baby reply,5,1,601.0
i miss you baby video,5,1,601.0
i miss you baby where are you song,8,1,601.0
i miss you baby youtube,5,1,601.0
i miss you dp,4,1,601.0
i miss you my queen message,6,1,601.0
i miss you z dp,5,1,601.0
i will miss you forever quotes,6,1,601.0
i will miss you images,5,1,601.0
i will miss you message,5,1,601.0
images of miss you,4,1,601.0
is it long distance relationship works,6,1,601.0
long distance love template,4,1,601.0
long distance relationship app to watch movies,7,1,601.0
long distance relationship are the purest test of love,9,1,601.0
long distance relationship best friend birthday wishes,7,1,601.0
long distance relationship birthday wishes for girlfriend,7,1,601.0
long distance relationship couple bracelet,5,1,601.0
long distance relationship dp,4,1,601.0
long distance relationship effort,4,1,601.0
long distance relationship free games,5,1,601.0
long distance relationship friendship,4,1,601.0
long distance relationship gifts online,5,1,601.0
long distance relationship hindi shayari,5,1,601.0
long distance relationship jokes for him,6,1,601.0
long distance relationship ka matlab kya hota hai,8,1,601.0
long distance relationship love shayari,5,1,601.0
long distance relationship other words,5,1,601.0
long distance relationship problems,4,1,601.0
long distance relationship romance,4,1,601.0
long distance relationship songs,4,1,601.0
long distance relationship touch bracelets,5,1,601.0
long distance relationship uk to us,6,1,601.0
long distance relationship vibration bracelet,5,1,601.0
long distance relationship with daughter quotes,6,1,601.0
long distance relationship without meeting,5,1,601.0
long distance relationship youtube,4,1,601.0
long term relationship 2026,4,1,601.0
long term relationship zodiac signs,5,1,601.0
miss do you really want to marry a guy like this,11,1,601.0
miss how do you say,5,1,601.0
miss you baby free fire name,6,1,601.0
miss you dp emoji,4,1,601.0
miss you dp sad girl,5,1,601.0
miss you dp whatsapp,4,1,601.0
miss you i do,4,1,601.0
miss you images,3,1,601.0
miss you images download,4,1,601.0
miss you images emoji,4,1,601.0
miss you images girl,4,1,601.0
miss you images hindi,4,1,601.0
miss you images pinterest,4,1,601.0
miss you images quotes,4,1,601.0
miss you images romantic,4,1,601.0
miss you images shayari,4,1,601.0
miss you jaan dp,4,1,601.0
miss you jaan images,4,1,601.0
miss you jaan message,4,1,601.0
miss you ki dp,4,1,601.0
miss you kiss images,4,1,601.0
miss you maa dp,4,1,601.0
miss you message bracelet,4,1,601.0
miss you message colleague,4,1,601.0
miss you message emoji,4,1,601.0
miss you message girlfriend,4,1,601.0
miss you message hindi,4,1,601.0
miss you message long distance relationship,6,1,601.0
miss you message marathi,4,1,601.0
miss you message on cake,5,1,601.0
miss you message reply,4,1,601.0
miss you message to girlfriend,5,1,601.0
miss you message wife,4,1,601.0
miss you messages for him,5,1,601.0
miss you msg hindi,4,1,601.0
miss you nana message,4,1,601.0
miss you nanna dp,4,1,601.0
miss you nanna images,4,1,601.0
miss you papa message,4,1,601.0
miss you poetry sms,4,1,601.0
miss you quotes for aunt,5,1,601.0
miss you quotes for children,5,1,601.0
miss you quotes for dead brother,6,1,601.0
miss you quotes for girlfriend in english,7,1,601.0
miss you quotes for junior,5,1,601.0
miss you quotes for kids,5,1,601.0
miss you quotes for love for her,7,1,601.0
miss you quotes for niece,5,1,601.0
miss you quotes for one sided love,7,1,601.0
miss you quotes for passed away,6,1,601.0
miss you quotes for roommate,5,1,601.0
miss you quotes for team members,6,1,601.0
miss you quotes for uncle,5,1,601.0
miss you quotes for wife in english,7,1,601.0
miss you quotes quotes,4,1,601.0
miss you sms love,4,1,601.0
miss you sms shayari,4,1,601.0
miss you sms to her,5,1,601.0
miss you text art,4,1,601.0
miss you very much images,5,1,601.0
miss you yaar images,4,1,601.0
songs with yaad,3,1,601.0
very short miss you quotes for him,7,1,601.0
we miss you email template,5,1,601.0
what miss do you use for a married woman,9,1,601.0
what's long distance relationship,4,1,601.0
when i miss you baby song,6,1,601.0
when long distance relationship day,5,1,601.0
where can i watch yaadon ki baaraat,7,1,601.0
which year is this,4,1,601.0
who owns yaadman gas station,5,1,601.0
who sang i miss you babe,6,1,601.0
why is bheegi yaadein not on spotify,7,1,601.0
why long distance relationships are worth it,7,1,601.0
will miss you forever quotes,5,1,601.0
will miss you images,4,1,601.0
will miss you message,4,1,601.0
yaad bahut aati hai,4,1,601.0
yaad best shayari,3,1,601.0
yaad chords papon,3,1,601.0
yaad dilana meaning in english,5,1,601.0
yaad english meaning,3,1,601.0
yaad film,2,1,601.0
yaad gar pal in english,5,1,601.0
yaad hai mujhe teri har ada lyrics,7,1,601.0
yaad jab aayee teri lyrics,5,1,601.0
yaad karo,2,1,601.0
yaad lyrics sonu nigam,4,1,601.0
yaad meaning in hindi,4,1,601.0
yaad na aaye,3,1,601.0
yaad oo song,3,1,601.0
yaad quotes in english for girl,6,1,601.0
yaad ringtone free download,4,1,601.0
yaad shayari for love,4,1,601.0
yaad teri aayegi mujhko bada satayegi lyrics,7,1,601.0
yaad urdu shayari,3,1,601.0
yaad wale song,3,1,601.0
yaad yaad aati hai,4,1,601.0
yaad zone,2,1,601.0
yaadcore when it rains,4,1,601.0
yaadein how many episodes,4,1,601.0
yad what are you doing here,6,1,601.0
miss you quotes after break up,6,1,601.0
miss u 2 meaning,4,1,601.0
can i use miss for a married woman,8,1,601.0
how i miss you foo fighters,6,1,601.0
how miss universe india is selected,6,1,601.0
how much i miss you caption,6,1,601.0
i miss you always meaning in hindi,7,1,601.0
i miss you appa images,5,1,601.0
i miss you bestie in hindi,6,1,601.0
i miss you card,4,1,601.0
i miss you dad i am very broken,8,1,601.0
i miss you english,4,1,601.0
i miss you free images,5,1,601.0
i miss you guys,4,1,601.0
i miss you him meaning in hindi,7,1,601.0
i miss you ka hindi,5,1,601.0
i miss you love,4,1,601.0
i miss you make,4,1,601.0
i miss you nana,4,1,601.0
i miss you old memories in hindi,7,1,601.0
i miss you photo,4,1,601.0
i miss you really,4,1,601.0
i miss you so much meaning in hindi,8,1,601.0
i miss you too meaning in hindi,7,1,601.0
i miss you until we meet again,7,1,601.0
i miss you very much in hindi,7,1,601.0
i miss you wallpaper 4k,5,1,601.0
i miss you with all my heart,7,1,601.0
i miss you xxl artinya,5,1,601.0
i miss you yaar shayari,5,1,601.0
i miss you zubeen da,5,1,601.0
i will miss you caption,5,1,601.0
is it i miss you too or to,8,1,601.0
miss u appa caption,4,1,601.0
miss u best friend shayari,5,1,601.0
miss u brother,3,1,601.0
miss u caption for husband,5,1,601.0
miss u dadi,3,1,601.0
miss u everyone meaning in hindi,6,1,601.0
miss u forever aa records,5,1,601.0
miss u guys meaning,4,1,601.0
miss u hindi meaning,4,1,601.0
miss u jigri yaar shayari,5,1,601.0
miss u ka matlab,4,1,601.0
miss u lots meaning,4,1,601.0
miss u meaning in hindi,5,1,601.0
miss u name style,4,1,601.0
miss u or missed you,5,1,601.0
miss u papa status,4,1,601.0
miss u ra,3,1,601.0
miss u so much meaning in hindi,7,1,601.0
miss u too meaning in hindi,6,1,601.0
miss u until we meet again,6,1,601.0
miss u video,3,1,601.0
miss u wife status,4,1,601.0
miss u with emoji,4,1,601.0
miss u your voice,4,1,601.0
miss u zubeen da,4,1,601.0
miss universe india 2026,4,1,601.0
miss you aai caption in marathi,6,1,601.0
miss you aai status in marathi,6,1,601.0
miss you all,3,1,601.0
miss you best friend shayari,5,1,601.0
miss you bhai,3,1,601.0
miss you caption copy,4,1,601.0
miss you caption english short,5,1,601.0
miss you caption hindi,4,1,601.0
miss you caption love,4,1,601.0
miss you caption marathi,4,1,601.0
miss you caption one word,5,1,601.0
miss you caption tamil,4,1,601.0
miss you caption with emoji,5,1,601.0
miss you code,3,1,601.0
miss you dad caption,4,1,601.0
miss you dost,3,1,601.0
miss you emoji copy and paste,6,1,601.0
miss you gif,3,1,601.0
miss you guys caption,4,1,601.0
miss you hindi meaning,4,1,601.0
miss you jaan caption,4,1,601.0
miss you jaan status,4,1,601.0
miss you janu,3,1,601.0
miss you ka matlab,4,1,601.0
miss you lot meaning in hindi,6,1,601.0
miss you meme template,4,1,601.0
miss you nana status,4,1,601.0
miss you nani,3,1,601.0
miss you niece caption,4,1,601.0
miss you old days meaning in hindi,7,1,601.0
miss you online shopping app,5,1,601.0
miss you papa status video,5,1,601.0
miss you quotes boyfriend,4,1,601.0
miss you ringtone download,4,1,601.0
miss you shayari attitude,4,1,601.0
miss you shayari bhai,4,1,601.0
miss you shayari copy,4,1,601.0
miss you shayari dosti,4,1,601.0
miss you shayari english,4,1,601.0
miss you shayari gujarati 2 line,6,1,601.0
miss you shayari jaun elia,5,1,601.0
miss you shayari kannada,4,1,601.0
miss you shayari marathi,4,1,601.0
miss you shayari nepali,4,1,601.0
miss you shayari odia,4,1,601.0
miss you shayari punjabi,4,1,601.0
miss you shayari quotes,4,1,601.0
miss you shayari rip,4,1,601.0
miss you shayari sad,4,1,601.0
miss you shayari wife in hindi,6,1,601.0
miss you shayari yaar,4,1,601.0
miss you so much meaning in kannada,7,1,601.0
miss you status download video,5,1,601.0
miss you status gujarati,4,1,601.0
miss you status marathi,4,1,601.0
miss you status tamil,4,1,601.0
miss you too meaning in hindi,6,1,601.0
miss you until we meet again,6,1,601.0
miss you vaiya caption,4,1,601.0
miss you very much,4,1,601.0
miss you village shayari,4,1,601.0
miss you wala emoji,4,1,601.0
miss you xoxo meaning,4,1,601.0
miss you yaaro,3,1,601.0
miss you zindagi in hindi,5,1,601.0
missing you all meaning in hindi,6,1,601.0
missing you appa quotes,4,1,601.0
missing you at xmas quotes,5,1,601.0
missing you badly meaning in hindi,6,1,601.0
missing you best reply,4,1,601.0
missing you deeply meaning,4,1,601.0
missing you every time meaning in hindi,7,1,601.0
missing you for best friend quotes,6,1,601.0
missing you free download,4,1,601.0
missing you guys meaning,4,1,601.0
missing you hindi,3,1,601.0
missing you john waite chords,5,1,601.0
missing you ka hindi,4,1,601.0
missing you little extra today,5,1,601.0
missing you netflix series,4,1,601.0
missing you other words,4,1,601.0
missing you papa meaning in hindi,6,1,601.0
missing you quotes for sister,5,1,601.0
missing you rating,3,1,601.0
missing you so much meaning in hindi,7,1,601.0
missing you too much meaning in hindi,7,1,601.0
missing you ukulele chords,4,1,601.0
missing you very badly meaning in telugu,7,1,601.0
missing you with every breath i take,7,1,601.0
missing you yfn lucci,4,1,601.0
missing you zach templar,4,1,601.0
that i miss you,4,1,601.0
what i miss you lyrics,5,1,601.0
what miss universe,3,1,601.0
what miss you ain't pass you,6,1,601.0
what's missing you about,4,1,601.0
when i miss you i see your photo,8,1,601.0
when it's miss universe,4,1,601.0
when miss universe 2026,4,1,601.0
when missing your period,4,1,601.0
when you miss someone quotes,5,1,601.0
which miss universe was dethroned,5,1,601.0
which miss you,3,1,601.0
who i miss you meaning in hindi,7,1,601.0
who miss universe,3,1,601.0
who miss you meaning in hindi,6,1,601.0
why miss universe russia dethroned,5,1,601.0
will miss you caption,4,1,601.0
will miss you quotes,4,1,601.0
zubeen garg miss you caption,5,1,601.0
मिस यू का शायरी,4,1,601.0
i miss you jaan ka matlab,6,1,601.0
miss you photo,3,1,601.0
i miss you template capcut,5,1,601.0
miss you माँ याद शायरी,5,1,601.0
and i miss you baby aerosmith,6,1,600.0
application yaad karne ki trick,5,1,600.0
bestie yaad aati hai song,5,1,600.0
can i do long distance relationship,6,1,600.0
enrique iglesias i miss you baby,6,1,600.0
happy valentine's day miss you images,6,1,600.0
how does yaad and road work,6,1,600.0
how i miss you baby lyrics,6,1,600.0
how long distance relationships can work,6,1,600.0
how to reply miss you message,6,1,600.0
i miss you babe in xhosa,6,1,600.0
i miss you babe in zulu,6,1,600.0
i miss you baby and i don't wanna,8,1,600.0
i miss you baby by harold melvin & the bluenotes,10,1,600.0
i miss you baby correct grammar,6,1,600.0
i miss you baby doll,5,1,600.0
i miss you baby girl meme,6,1,600.0
i miss you baby hindi meaning,6,1,600.0
i miss you baby in urdu,6,1,600.0
i miss you baby justin bieber,6,1,600.0
i miss you baby name,5,1,600.0
i miss you baby ooh,5,1,600.0
i miss you baby paragraph,5,1,600.0
i miss you baby quotes for him,7,1,600.0
i miss you baby voice,5,1,600.0
i miss you baby where are you reggae song original lyrics,11,1,600.0
i miss you baby where you,6,1,600.0
i miss you i dp,5,1,600.0
i miss you messages copy paste,6,1,600.0
i miss you nanna images,5,1,600.0
i miss you so much tell me is this freedom baby,11,1,600.0
i really miss you dp pic,6,1,600.0
i will miss you baby,5,1,600.0
i will miss you images with quotes,7,1,600.0
i will miss you message for her,7,1,600.0
images of miss you friend,5,1,600.0
is it a long distance relationship,6,1,600.0
long distance love template capcut,5,1,600.0
long distance relationship apps for movies,6,1,600.0
long distance relationship best movies,5,1,600.0
long distance relationship books,4,1,600.0
long distance relationship captions for instagram,6,1,600.0
long distance relationship drawing easy,5,1,600.0
long distance relationship emotional caption,5,1,600.0
long distance relationship for 3 years,6,1,600.0
long distance relationship funny quotes,5,1,600.0
long distance relationship gift ideas for boyfriend,7,1,600.0
long distance relationship happy birthday wishes,6,1,600.0
long distance relationship ideas,4,1,600.0
long distance relationship jewelry,4,1,600.0
long distance relationship kya hota hai,6,1,600.0
long distance relationship letter for boyfriend,6,1,600.0
long distance relationship meaning in kannada,6,1,600.0
long distance relationship notes for instagram,6,1,600.0
long distance relationship online,4,1,600.0
long distance relationship photo ai prompt,6,1,600.0
long distance relationship photo maker,5,1,600.0
long distance relationship rvcj,4,1,600.0
long distance relationship shayari in english 2 line,8,1,600.0
long distance relationship tamil songs,5,1,600.0
long distance relationship time zone,5,1,600.0
long distance relationship university,4,1,600.0
long distance relationship video call quotes,6,1,600.0
long distance relationship watch movies together,6,1,600.0
long distance relationship website free,5,1,600.0
long distance relationship with child quotes,6,1,600.0
long distance relationship years,4,1,600.0
long distance relationship.without seeing each other,6,1,600.0
long term relationship 2026 bl,5,1,600.0
miss do you know,4,1,600.0
miss how do you spell it,6,1,600.0
miss missing missed difference,4,1,600.0
miss you appa dp for whatsapp,6,1,600.0
miss you appa images tamil,5,1,600.0
miss you appa quotes for instagram,6,1,600.0
miss you babe meaning,4,1,600.0
miss you do line shayari,5,1,600.0
miss you do much,4,1,600.0
miss you dp boy sad,5,1,600.0
miss you dp for instagram,5,1,600.0
miss you eyes images,4,1,600.0
miss you forever quotes,4,1,600.0
miss you husband sms,4,1,600.0
miss you image dp,4,1,600.0
miss you image photo,4,1,600.0
miss you images animated,4,1,600.0
miss you images boy,4,1,600.0
miss you images cute,4,1,600.0
miss you images gif funny,5,1,600.0
miss you images hd for whatsapp,6,1,600.0
miss you images marathi,4,1,600.0
miss you images quotes in hindi,6,1,600.0
miss you images sad,4,1,600.0
miss you jaan message ringtone,5,1,600.0
miss you janu images,4,1,600.0
miss you kids images,4,1,600.0
miss you love you message,5,1,600.0
miss you maa dp in english,6,1,600.0
miss you massage norco,4,1,600.0
miss you message boyfriend,4,1,600.0
miss you message english,4,1,600.0
miss you message for bestie,5,1,600.0
miss you message her,4,1,600.0
miss you message love,4,1,600.0
miss you message my love,5,1,600.0
miss you message ringtone download mp3,6,1,600.0
miss you message tone download,5,1,600.0
miss you messages for her,5,1,600.0
miss you mom whatsapp dp,5,1,600.0
miss you msg marathi,4,1,600.0
miss you name dp,4,1,600.0
miss you papa dp pic,5,1,600.0
miss you papa dp pic with quotes in hindi,9,1,600.0
miss you papa message in hindi,6,1,600.0
miss you quotes for a sister,6,1,600.0
miss you quotes for coworker,5,1,600.0
miss you quotes for elder sister,6,1,600.0
miss you quotes for family,5,1,600.0
miss you quotes for grandparents,5,1,600.0
miss you quotes for husband in punjabi,7,1,600.0
miss you quotes for love kannada,6,1,600.0
miss you quotes for nephew,5,1,600.0
miss you quotes for pets,5,1,600.0
miss you quotes for rip,5,1,600.0
miss you quotes for work colleagues,6,1,600.0
miss you rose images,4,1,600.0
miss you shayari do line,5,1,600.0
miss you short sms,4,1,600.0
miss you sms to my love,6,1,600.0
miss you tamil kavithai sms,5,1,600.0
miss you uncle messages,4,1,600.0
missed you yesterday images,4,1,600.0
shayari for yaad,3,1,600.0
shayari with yaad,3,1,600.0
teri teri yaad template,4,1,600.0
what does yaad mean,4,1,600.0
what is i miss you baby,6,1,600.0
what miss do you use for a single woman,9,1,600.0
what's long term relationship,4,1,600.0
when long distance relationships don t work,7,1,600.0
when to use miss you and missed you,8,1,600.0
when you miss someone images,5,1,600.0
where can i watch yaadein,5,1,600.0
which day is long distance relationship day,7,1,600.0
which year independence day 2026,5,1,600.0
who voices yaad in delicious in dungeon,7,1,600.0
why long distance relationships fail reddit,6,1,600.0
will miss you images funny,5,1,600.0
will miss you message for her,6,1,600.0
yaad aaoge bhaiya lyrics,4,1,600.0
yaad bike,2,1,600.0
yaad dila dena in english,5,1,600.0
yaad e mustafa aisi lyrics,5,1,600.0
yaad farma liya mustafa ne agar lyrics,7,1,600.0
yaad grewal,2,1,600.0
yaad hai in english,4,1,600.0
yaad jo aaye tumri nagariya lyrics,6,1,600.0
yaad lyrics metro in dino,5,1,600.0
yaad mein,2,1,600.0
yaad na jaaye beete dinon ki lyrics,7,1,600.0
yaad odia meaning,3,1,600.0
yaad quotes in urdu,4,1,600.0
yaad rakhna meaning in english,5,1,600.0
yaad shayari in hindi,4,1,600.0
yaad style freeport,3,1,600.0
yaad teri aayegi lyrics,4,1,600.0
yaad uski dila gaya koi lyrics,6,1,600.0
yaad word song,3,1,600.0
yaad yaad yaad bas yaad,5,1,600.0
yaad zeeshan rokhri,3,1,600.0
yaadan vichre sajan diyan,4,1,600.0
yaadcore when it rains lyrics,5,1,600.0
yaadon ki baaraat,3,1,600.0
i miss you quotes for your boyfriend,7,1,600.0
wife miss quotes,3,1,600.0
can i skip uncharted 1,5,1,600.0
caption when you miss your friends,6,1,600.0
how i miss you in spanish,6,1,600.0
how miss universe 2025,4,1,600.0
http://miss.you.shayari.photo,1,1,600.0
i miss how you make me feel,7,1,600.0
i miss you all meaning in hindi,7,1,600.0
i miss you appa in tamil,6,1,600.0
i miss you best friend message,6,1,600.0
i miss you bhai,4,1,600.0
i miss you come here,5,1,600.0
i miss you dadi,4,1,600.0
i miss you every time,5,1,600.0
i miss you father,4,1,600.0
i miss you free fire,5,1,600.0
i miss you greeting card,5,1,600.0
i miss you husband quotes,5,1,600.0
i miss you jaan photo,5,1,600.0
i miss you ka reply kya de,7,1,600.0
i miss you lots of love meaning in hindi,9,1,600.0
i miss you meme template,5,1,600.0
i miss you name,4,1,600.0
i miss you other words,5,1,600.0
i miss you quotes for him,6,1,600.0
i miss you ringtone download,5,1,600.0
i miss you song,4,1,600.0
i miss you song 2026,5,1,600.0
i miss you too meaning in kannada,7,1,600.0
i miss you uncle quotes,5,1,600.0
i miss you voice,4,1,600.0
i miss you watch online,5,1,600.0
i miss you website,4,1,600.0
i miss you with lyrics,5,1,600.0
i miss you x100,4,1,600.0
i miss you you miss me,6,1,600.0
i miss you zuchu,4,1,600.0
is it i miss you to or too,8,1,600.0
miss u amma quotes,4,1,600.0
miss u appa tattoo,4,1,600.0
miss u bestie caption,4,1,600.0
miss u code,3,1,600.0
miss u dear,3,1,600.0
miss u english,3,1,600.0
miss u for women,4,1,600.0
miss u friends caption,4,1,600.0
miss u grandmother quotes,4,1,600.0
miss u henry moodie,4,1,600.0
miss u janu,3,1,600.0
miss u ka emoji,4,1,600.0
miss u lots meaning in hindi,6,1,600.0
miss u maa,3,1,600.0
miss u meme template,4,1,600.0
miss u nana ji,4,1,600.0
miss u oliver tree lyrics,5,1,600.0
miss u papa quotes in hindi,6,1,600.0
miss u quotes in hindi,5,1,600.0
miss u ra meaning in telugu,6,1,600.0
miss u so much,4,1,600.0
miss u too in korean,5,1,600.0
miss u unud,3,1,600.0
miss u veere punjabi status,5,1,600.0
miss u words,3,1,600.0
miss u yr,3,1,600.0
miss u zain,3,1,600.0
miss universe india 2025,4,1,600.0
miss you a lot,4,1,600.0
miss you aaji caption in marathi,6,1,600.0
miss you abbu status,4,1,600.0
miss you already ending,4,1,600.0
miss you appa captions for instagram,6,1,600.0
miss you appa kannada meaning,5,1,600.0
miss you appa status tamil,5,1,600.0
miss you bua ji status in hindi,7,1,600.0
miss you captain rohit sharma,5,1,600.0
miss you caption bengali,4,1,600.0
miss you caption emoji,4,1,600.0
miss you caption one line,5,1,600.0
miss you card template,4,1,600.0
miss you cousin caption,4,1,600.0
miss you everyone meaning in hindi,6,1,600.0
miss you forever meaning,4,1,600.0
miss you girls caption,4,1,600.0
miss you grandma quotes,4,1,600.0
miss you husband quotes in kannada,6,1,600.0
miss you jaan shayari in english,6,1,600.0
miss you kaka caption in marathi,6,1,600.0
miss you kaka shayari gujarati,5,1,600.0
miss you kannada quotes,4,1,600.0
miss you lyrics,3,1,600.0
miss you maa status video download sharechat,7,1,600.0
miss you my queen shayari,5,1,600.0
miss you nana,3,1,600.0
miss you niye caption,4,1,600.0
miss you online order,4,1,600.0
miss you or missing you which is correct,8,1,600.0
miss you papa caption in marathi,6,1,600.0
miss you quotes small,4,1,600.0
miss you rip,3,1,600.0
miss you shayari assamese,4,1,600.0
miss you shayari bangla,4,1,600.0
miss you shayari copy paste,5,1,600.0
miss you shayari english 2 line,6,1,600.0
miss you shayari friend,4,1,600.0
miss you shayari gujarati,4,1,600.0
miss you shayari jaan,4,1,600.0
miss you shayari new,4,1,600.0
miss you shayari om shanti,5,1,600.0
miss you shayari romantic,4,1,600.0
miss you shayari sister,4,1,600.0
miss you shayari text in english,6,1,600.0
miss you shayari urdu in hindi,6,1,600.0
miss you shayari wife,4,1,600.0
miss you so much,4,1,600.0
miss you status brother,4,1,600.0
miss you status papa,4,1,600.0
miss you thoughts,3,1,600.0
miss you uncle caption,4,1,600.0
miss you uncle ji,4,1,600.0
miss you vardi shayari,4,1,600.0
miss you vs missing you,5,1,600.0
miss you wife shayari,4,1,600.0
miss you xxl,3,1,600.0
miss you zubeen da captions,5,1,600.0
miss you zubeen garg quotes,5,1,600.0
miss you शायरी,3,1,600.0
miss you शायरी मराठी,4,1,600.0
missing the most meaning,4,1,600.0
missing you already meaning,4,1,600.0
missing you appa meaning in tamil,6,1,600.0
missing you bestie caption,4,1,600.0
missing you boogie lyrics,4,1,600.0
missing you christmas quotes,4,1,600.0
missing you dp,3,1,600.0
missing you everyday,3,1,600.0
missing you for him,4,1,600.0
missing you free gif,4,1,600.0
missing you friend,3,1,600.0
missing you gif for him,5,1,600.0
missing you hurts differently meaning in hindi,7,1,600.0
missing you japanese movie,4,1,600.0
missing you ka reply kya de,6,1,600.0
missing you lots meaning,4,1,600.0
missing you meme template,4,1,600.0
missing you more meaning in hindi,6,1,600.0
missing you note,3,1,600.0
missing you or miss you which is correct,8,1,600.0
missing you papa quotes in hindi,6,1,600.0
missing you quotes for instagram,5,1,600.0
missing you right now meaning,5,1,600.0
missing you translate in hindi,5,1,600.0
missing you urdu meaning,4,1,600.0
missing you vs miss you,5,1,600.0
missing you wife quotes,4,1,600.0
missing you with lyrics,4,1,600.0
missing you zach bryan,4,1,600.0
what i miss you means,5,1,600.0
what's miss universe latina,4,1,600.0
when i miss you meaning in hindi,7,1,600.0
when is it miss universe 2025,6,1,600.0
when miss universe thailand 2026,5,1,600.0
when you miss someone caption,5,1,600.0
when you miss someone shayari,5,1,600.0
when you missing him quotes,5,1,600.0
which miss universe died,4,1,600.0
who i miss you meaning in tamil,7,1,600.0
who miss universe philippines 2026,5,1,600.0
why miss universe 2002 dethroned,5,1,600.0
why you miss me quotes,5,1,600.0
will gonna miss you quotes,5,1,600.0
zindagi miss you sad shayari,5,1,600.0
मिस यू की शायरी,4,1,600.0
i miss you papa shayari,5,1,600.0
miss you papa quotes,4,1,600.0
i miss you ka reply,5,1,600.0
miss you yaar in hindi,5,1,600.0
i miss you ringtone message,5,1,600.0
miss you bhai shayari,4,1,600.0
bahut yaad aa rahi ho english,6,1,600.0
i miss you माँ की याद स्टेटस,7,1,600.0
miss you माँ,3,1,600.0
which emoji is i miss you,6,1,600.0
and i miss you baby song,6,1,562.0
bestie yaad aati hai,4,1,562.0
can i handle long distance relationship,6,1,562.0
how i miss you babe,5,1,562.0
how to write yaad in urdu,6,1,562.0
i miss you baby calculator,5,1,562.0
i miss you baby everyday,5,1,562.0
i miss you baby hindi,5,1,562.0
i miss you baby junetober,5,1,562.0
i miss you baby nickname,5,1,562.0
i miss you baby parrot,5,1,562.0
i miss you baby ringtone,5,1,562.0
i miss you baby turkish man,6,1,562.0
i miss you baby vieni a farmi stare meglio,9,1,562.0
i miss you baby where you song,7,1,562.0
i miss you jaan dp,5,1,562.0
i will miss you baby meaning in hindi,8,1,562.0
i will miss you message for him,7,1,562.0
is it worth long distance relationships,6,1,562.0
long term relationship years,4,1,562.0
miss you coworker message,4,1,562.0
miss you dad images,4,1,562.0
miss you do line,4,1,562.0
miss you images sister,4,1,562.0
miss you jpg images,4,1,562.0
miss you love message for her,6,1,562.0
miss you mom images,4,1,562.0
miss you nani images,4,1,562.0
miss you nani message,4,1,562.0
miss you papa images,4,1,562.0
miss you papa message in marathi,6,1,562.0
miss you quotes for retirement,5,1,562.0
miss you quotes images for lover,6,1,562.0
miss you r images,4,1,562.0
miss you sms tone,4,1,562.0
miss you too images,4,1,562.0
miss you whatsapp message,4,1,562.0
shayari for yaad in hindi,5,1,562.0
we will miss you quotes for death,7,1,562.0
what does yaad mean in jamaican,6,1,562.0
which year is going on,5,1,562.0
yaad faiz ahmed faiz,4,1,562.0
yaad granules,2,1,562.0
yaad kiya dil ne kahan ho tum lyrics,8,1,562.0
yaadein serial,2,1,562.0
miss you quotes caption,4,1,562.0
i miss you quotes for your girlfriend,7,1,562.0
can i miss you song,5,1,562.0
can i watch miss universe on youtube,7,1,562.0
can missing your period be a sign of cancer,9,1,562.0
i miss you blink 182,5,1,562.0
i miss you card template,5,1,562.0
miss u zain kuwait,4,1,562.0
miss you aai shayari marathi,5,1,562.0
miss you aaji caption in marathi for instagram,8,1,562.0
miss you aaji status in marathi,6,1,562.0
miss you appa status kannada,5,1,562.0
miss you bestie caption marathi,5,1,562.0
miss you didi caption,4,1,562.0
miss you girlfriend caption,4,1,562.0
miss you husband caption,4,1,562.0
miss you jaan shayari in hindi,6,1,562.0
miss you kaka caption,4,1,562.0
miss you ki shayari,4,1,562.0
miss you mummy caption in marathi,6,1,562.0
miss you nana shayari gujarati,5,1,562.0
miss you nani caption,4,1,562.0
miss you not meaning,4,1,562.0
miss you papa caption in marathi for instagram,8,1,562.0
miss you papa status in marathi text,7,1,562.0
miss you shayari bengali,4,1,562.0
miss you shayari copy paste hindi,6,1,562.0
miss you shayari dada ji,5,1,562.0
miss you shayari english text,5,1,562.0
miss you shayari gujarati 2 line text,7,1,562.0
miss you shayari love romantic english,6,1,562.0
miss you shayari marathi 2 line,6,1,562.0
miss you shayari one line,5,1,562.0
miss you shayari rekhta,4,1,562.0
miss you shayari short,4,1,562.0
miss you shayari text for girlfriend,6,1,562.0
miss you shayari urdu english,5,1,562.0
miss you two caption,4,1,562.0
miss you x meaning,4,1,562.0
missing you friends quotes,4,1,562.0
that i miss you meaning in hindi,7,1,562.0
when you missing in hindi,5,1,562.0
who i miss you meaning in telugu,7,1,562.0
who's missing you,3,1,562.0
why miss universe 2023 banned in nicaragua,7,1,562.0
miss you jaan in hindi,5,1,562.0
miss you chacha,3,1,562.0
miss you online app,4,1,562.0
how miss you перевод,4,1,562.0
is it i miss you or missed,7,1,562.0
miss you old,3,1,562.0
miss you वडिलांचे पुण्यस्मरण मराठी संदेश,6,1,562.0
and i miss you baby lyrics,6,1,561.0
best yaad aati hai song,5,1,561.0
can i trust long distance relationship,6,1,561.0
how old is yaad dungeon meshi,6,1,561.0
i can lose you baby,5,1,561.0
i miss you babe video,5,1,561.0
i miss you baby aerosmith lyrics,6,1,561.0
i miss you baby caption,5,1,561.0
i miss you baby english,5,1,561.0
i miss you baby harold melvin,6,1,561.0
i miss you baby jaan,5,1,561.0
i miss you baby korean,5,1,561.0
i miss you baby love you,6,1,561.0
i miss you baby lyrics by gyakie,7,1,561.0
i miss you baby original,5,1,561.0
i miss you baby reel,5,1,561.0
i miss you baby translate in english,7,1,561.0
i miss you dp new,5,1,561.0
i miss you quotes for her long distance,8,1,561.0
i will miss you images funny,6,1,561.0
is it international long distance relationship day,7,1,561.0
long distance love template vn,5,1,561.0
long distance love youtube,4,1,561.0
long distance relationship coke studio lyrics,6,1,561.0
long distance relationship for her,5,1,561.0
long distance relationship images free,5,1,561.0
long distance relationship journal,4,1,561.0
long distance relationship ke liye shayari,6,1,561.0
long distance relationship names,4,1,561.0
miss you a message,4,1,561.0
miss you abu jan dp,5,1,561.0
miss you already images,4,1,561.0
miss you baby sms,4,1,561.0
miss you baby umesh barot,5,1,561.0
miss you daddy images,4,1,561.0
miss you guys message,4,1,561.0
miss you images black,4,1,561.0
miss you images couple love,5,1,561.0
miss you images gif love,5,1,561.0
miss you images love couple,5,1,561.0
miss you jaan picture,4,1,561.0
miss you khadus images,4,1,561.0
miss you love dp girl,5,1,561.0
miss you love message for him,6,1,561.0
miss you mom images from daughter,6,1,561.0
miss you msg marathi text,5,1,561.0
miss you nanna images download,5,1,561.0
miss you papa message in english,6,1,561.0
miss you poster images,4,1,561.0
miss you quotes for employees,5,1,561.0
miss you quotes for loved ones,6,1,561.0
miss you reaction image,4,1,561.0
miss you too images funny,5,1,561.0
missing you love sms for my girlfriend,7,1,561.0
oh how i miss you baby,6,1,561.0
poetry for yaad in urdu,5,1,561.0
we will miss you quotes for colleague,7,1,561.0
what is yaad in english,5,1,561.0
what kills long distance relationships,5,1,561.0
when i miss you babe,5,1,561.0
which year is gen z,5,1,561.0
yaad fade low,3,1,561.0
yaad grewal movies,3,1,561.0
yaad karo in english,4,1,561.0
yaad lyrics karan aujla,4,1,561.0
yaad nahi hai in english,5,1,561.0
yaad oren,2,1,561.0
yaad rakho in english,4,1,561.0
yaad song,2,1,561.0
yaad zara,2,1,561.0
yaadhum oore yaavarum kelir,4,1,561.0
i will miss you quotes for him,7,1,561.0
miss you quotes bangla,4,1,561.0
can i watch miss universe in english,7,1,561.0
do line miss you shayari,5,1,561.0
how miss universe,3,1,561.0
i miss you brother,4,1,561.0
i miss you freestyle,4,1,561.0
i miss you more meaning in hindi,7,1,561.0
i miss you not,4,1,561.0
i miss you shayari copy and paste,7,1,561.0
i miss you too in korean,6,1,561.0
i miss you zuchu ft rayvanny lyrics,7,1,561.0
i will miss you template,5,1,561.0
i will missing you,4,1,561.0
is missing you harlan coben,5,1,561.0
love you miss you quotes,5,1,561.0
miss u every time,4,1,561.0
miss u my love,4,1,561.0
miss u song,3,1,561.0
miss u zubeen garg,4,1,561.0
miss you aai status in marathi text,7,1,561.0
miss you ajoba caption in marathi,6,1,561.0
miss you ammi shayari,4,1,561.0
miss you appa status video download,6,1,561.0
miss you bestie shayari in english,6,1,561.0
miss you bestie status,4,1,561.0
miss you caption brother,4,1,561.0
miss you dost caption,4,1,561.0
miss you english,3,1,561.0
miss you kids caption,4,1,561.0
miss you mom caption,4,1,561.0
miss you nana caption,4,1,561.0
miss you nani shayari,4,1,561.0
miss you number code,4,1,561.0
miss you papa caption in english,6,1,561.0
miss you papa status in hindi,6,1,561.0
miss you quotes malayalam for instagram,6,1,561.0
miss you roommate caption,4,1,561.0
miss you school caption,4,1,561.0
miss you shayari brother,4,1,561.0
miss you shayari english mein,5,1,561.0
miss you shayari for friend,5,1,561.0
miss you shayari gujarati text,5,1,561.0
miss you shayari maa,4,1,561.0
miss you shayari one line english,6,1,561.0
miss you shayari pic,4,1,561.0
miss you shayari roman english,5,1,561.0
miss you shayari status,4,1,561.0
miss you shayari urdu 2 line,6,1,561.0
miss you shayari wallpaper,4,1,561.0
miss you song,3,1,561.0
miss you with,3,1,561.0
miss you xxl lyrics,4,1,561.0
miss you शायरी लव रोमांटिक,5,1,561.0
missing you apple tv,4,1,561.0
missing you father quotes,4,1,561.0
missing you so much meaning in kannada,7,1,561.0
missing you uncle,3,1,561.0
missing you yfn lucci lyrics,5,1,561.0
missing you zach templar lyrics,5,1,561.0
what miss used for,4,1,561.0
when you missing hindi meaning,5,1,561.0
why is it miss universe latina,6,1,561.0
why miss universe latina,4,1,561.0
miss you after goodbye,4,1,561.0
miss you name style,4,1,561.0
i miss you stylish name,5,1,561.0
miss you bhai rip,4,1,561.0
miss you ka reply kya de english me,8,1,561.0
miss you jija ji,4,1,561.0
miss you dost shayari,4,1,561.0
miss you maa shayari,4,1,561.0
who is i miss you im sorry about,8,1,561.0
i miss you का मतलब,5,1,561.0
is miss you en español,5,1,561.0
miss you apps,3,1,561.0
miss you love 2026,4,1,561.0
miss you online shop,4,1,561.0
miss you shayari papa in hindi,6,1,561.0
best yaad aati hai,4,1,560.0
can i survive long distance relationship,6,1,560.0
cute miss you images free,5,1,560.0
how long term relationship,4,1,560.0
how to write yaad in hindi,6,1,560.0
i can t lose you baby the weeknd,8,1,560.0
i miss you babe james arthur,6,1,560.0
i miss you babe quotes,5,1,560.0
i miss you baby come back,6,1,560.0
i miss you baby david ruffin,6,1,560.0
i miss you baby en español,6,1,560.0
i miss you baby ko meme,6,1,560.0
i miss you baby love,5,1,560.0
i miss you baby mel lyrics,6,1,560.0
i miss you baby old song,6,1,560.0
i miss you baby poems for her,7,1,560.0
i miss you baby remix,5,1,560.0
i miss you baby slank,5,1,560.0
i miss you baby tiktok,5,1,560.0
i miss you im talking to u baby,8,1,560.0
i miss you quotes for husband long distance short,9,1,560.0
i will miss you pictures,5,1,560.0
is long distance relationship hard,5,1,560.0
long distance love you quotes,5,1,560.0
long distance relationship anniversary wishes,5,1,560.0
long distance relationship captions for instagram story,7,1,560.0
long distance relationship for 5 years,6,1,560.0
long distance relationship jokes for him over text,8,1,560.0
long distance relationship ke liye do line,7,1,560.0
long distance relationship movies on netflix,6,1,560.0
long distance relationship never works,5,1,560.0
long distance relationship online games free,6,1,560.0
long distance relationship understanding quotes,5,1,560.0
long distance relationship without end date,6,1,560.0
love and miss you quotes for her,7,1,560.0
miss u dp for instagram,5,1,560.0
miss u name dp,4,1,560.0
miss u quotes for teacher,5,1,560.0
miss you all images,4,1,560.0
miss you baba dp,4,1,560.0
miss you baby images,4,1,560.0
miss you best message,4,1,560.0
miss you brother sms,4,1,560.0
miss you crying images,4,1,560.0
miss you dad images from daughter,6,1,560.0
miss you dad msg,4,1,560.0
miss you guys images,4,1,560.0
miss you hubby msg,4,1,560.0
miss you k images,4,1,560.0
miss you logo images,4,1,560.0
miss you maa images,4,1,560.0
miss you meri jaan images,5,1,560.0
miss you message romantic,4,1,560.0
miss you mom sms,4,1,560.0
miss you nanna message,4,1,560.0
miss you neha images,4,1,560.0
miss you papa images with quotes,6,1,560.0
miss you quotes for amma,5,1,560.0
miss you quotes for friends short,6,1,560.0
miss you quotes for lost ones,6,1,560.0
miss you quotes for wife in marathi,7,1,560.0
miss you quotes in kannada for girlfriend,7,1,560.0
miss you rani image,4,1,560.0
miss you sweetheart images,4,1,560.0
miss you today images,4,1,560.0
oh how i miss you baby lyrics,7,1,560.0
shayari for yaad in urdu,5,1,560.0
what is yaadhum oore yaavarum kelir,6,1,560.0
what kills long distance relationships reddit,6,1,560.0
when long term relationship,4,1,560.0
which year born are gen z,6,1,560.0
yaad barsane ki fir aane lagi lyrics,7,1,560.0
yaad dila diya in english,5,1,560.0
yaad freakin boy lyrics,4,1,560.0
yaad gubi sandhu lyrics,4,1,560.0
yaad karna meaning in english,5,1,560.0
yaad love shayari,3,1,560.0
yaad mein teri jaag jaag ke hum lyrics,8,1,560.0
yaad na jaye lyrics,4,1,560.0
yaad oren sap,3,1,560.0
yaad piya ki aane lagi cast,6,1,560.0
yaad rahega,2,1,560.0
yaad shayari urdu in hindi,5,1,560.0
yaad unki rahe dil mein lyrics,6,1,560.0
yaad wali shayari in english,5,1,560.0
yaad yaad yaad reh jati hai lyrics,7,1,560.0
yaad zindagi,2,1,560.0
yaadan vichre sajan diyan remix,5,1,560.0
yaadon ka idiot box,4,1,560.0
miss you kaka quotes in marathi text,7,1,560.0
miss you nani quotes in hindi,6,1,560.0
love you miss you quotes for her,7,1,560.0
can i watch miss universe,5,1,560.0
how i miss you my love,6,1,560.0
i miss you babu,4,1,560.0
i miss you best friend quotes,6,1,560.0
i miss you dadi maa in hindi,7,1,560.0
i miss you every moment meaning in hindi,8,1,560.0
i miss you free fire nickname,6,1,560.0
i miss you guys meaning in hindi,7,1,560.0
i miss you janu,4,1,560.0
i miss you kannada,4,1,560.0
i miss you maa,4,1,560.0
i miss you nani,4,1,560.0
i miss you not delivered,5,1,560.0
i miss you papa quotes,5,1,560.0
i miss you quotes in english,6,1,560.0
i miss you really meaning in hindi,7,1,560.0
i miss you so much in hindi,7,1,560.0
i miss you tamil meaning,5,1,560.0
i miss you zuchu lyrics,5,1,560.0
i will missing you puff daddy,6,1,560.0
is it bad i miss you,6,1,560.0
is missing you meaning in hindi,6,1,560.0
miss u card,3,1,560.0
miss u every moment,4,1,560.0
miss u family,3,1,560.0
miss u hubby,3,1,560.0
miss u jan,3,1,560.0
miss u ka hindi,4,1,560.0
miss u mom quotes,4,1,560.0
miss u papa shayari,4,1,560.0
miss u status,3,1,560.0
miss u to meaning in hindi,6,1,560.0
miss u very much meaning in hindi,7,1,560.0
miss u zindagi,3,1,560.0
miss y o u,4,1,560.0
miss you ajoba shayari in marathi,6,1,560.0
miss you ajoba status in marathi,6,1,560.0
miss you all caption,4,1,560.0
miss you appa status video download in tamil instagram,9,1,560.0
miss you baby,3,1,560.0
miss you bestie shayari in hindi,6,1,560.0
miss you caption bangla for instagram,6,1,560.0
miss you cat caption,4,1,560.0
miss you code word,4,1,560.0
miss you dad caption in marathi,6,1,560.0
miss you dada,3,1,560.0
miss you everyday meaning in hindi,6,1,560.0
miss you forever and ever meaning in hindi,8,1,560.0
miss you grandfather caption,4,1,560.0
miss you in caption,4,1,560.0
miss you ka reply kya de,6,1,560.0
miss you kaka shayari gujarati text,6,1,560.0
miss you lot caption,4,1,560.0
miss you my love,4,1,560.0
miss you nani shayari in hindi,6,1,560.0
miss you niye caption bangla,5,1,560.0
miss you no spelling,4,1,560.0
miss you papa caption in hindi,6,1,560.0
miss you quotes text message,5,1,560.0
miss you rip caption,4,1,560.0
miss you romantic shayari in hindi,6,1,560.0
miss you shayari bf ke liye,6,1,560.0
miss you shayari couple,4,1,560.0
miss you shayari death,4,1,560.0
miss you shayari english hindi,5,1,560.0
miss you shayari gf ke liye,6,1,560.0
miss you shayari love romantic text,6,1,560.0
miss you shayari marathi for girlfriend,6,1,560.0
miss you shayari odia text,5,1,560.0
miss you shayari punjabi text,5,1,560.0
miss you shayari text in english with emoji,8,1,560.0
miss you shayari urdu text,5,1,560.0
miss you sister,3,1,560.0
miss you sister shayari in hindi,6,1,560.0
miss you story caption,4,1,560.0
miss you teacher caption,4,1,560.0
miss you too much meaning in hindi,7,1,560.0
miss you wife caption,4,1,560.0
miss you with flowers,4,1,560.0
miss you xoxo,3,1,560.0
missing you always meaning in hindi,6,1,560.0
missing you apple music,4,1,560.0
missing you brother quotes,4,1,560.0
missing you father,3,1,560.0
missing you netflix imdb,4,1,560.0
missing you photo,3,1,560.0
missing you so much in hindi,6,1,560.0
missing you up there,4,1,560.0
missing you with ashe,4,1,560.0
missing you youtube song,4,1,560.0
missing you zombie,3,1,560.0
sorry i missed you template,5,1,560.0
what i miss you chords,5,1,560.0
what miss universe 2025,4,1,560.0
when i miss you janine,5,1,560.0
when is it miss universe 2026,6,1,560.0
when losing your mucus plug,5,1,560.0
when miss universe philippines 2026,5,1,560.0
why i miss you meaning in hindi,7,1,560.0
why miss universe walk out,5,1,560.0
i miss you shayari,4,1,560.0
miss you bestie shayari marathi,5,1,560.0
miss you ka hindi,4,1,560.0
miss you nana ji,4,1,560.0
miss you xxl meaning,4,1,560.0
when i miss you lyrics,5,1,560.0
i miss you jaan shayari,5,1,560.0
who is i miss you man about,7,1,560.0
i miss you emoji text copy,6,1,560.0
i miss you का हिन्दी अर्थ,6,1,560.0
miss you appa in kannada,5,1,560.0
miss you best friend shayari in english,7,1,560.0
miss you bhai shayari 😭 in hindi,7,1,560.0
miss you dadaji shayari,4,1,560.0
miss you movie 2026,4,1,560.0
best yaad poetry in urdu,5,1,559.0
how old is yaad,4,1,559.0
how to say i miss you baby in spanish,9,1,559.0
i can't lose you baby,5,1,559.0
i miss u baby quotes,5,1,559.0
i miss you baby boo,5,1,559.0
i miss you baby chords,5,1,559.0
i miss you baby dp,5,1,559.0
i miss you baby girl in spanish,7,1,559.0
i miss you baby in vietnamese,6,1,559.0
i miss you baby meme,5,1,559.0
i miss you baby old school song,7,1,559.0
i miss you baby poem,5,1,559.0
i miss you baby rock song,6,1,559.0
i miss you do i ever cross your mind,9,1,559.0
i miss you j images,5,1,559.0
i miss you my baby meaning in urdu,8,1,559.0
i miss you quotes for wife,6,1,559.0
i really miss you baby ka matlab,7,1,559.0
i will miss you all images,6,1,559.0
is long distance relationship good,5,1,559.0
long distance love you,4,1,559.0
long distance relationship band,4,1,559.0
long distance relationship couple prompt,5,1,559.0
long distance relationship father daughter quotes,6,1,559.0
long distance relationship for 2 years,6,1,559.0
long distance relationship gadgets,4,1,559.0
long distance relationship is not easy,6,1,559.0
long distance relationship jokes one liners,6,1,559.0
long distance relationship kaise maintain kare,6,1,559.0
long distance relationship missing quotes,5,1,559.0
long distance relationship new zealand,5,1,559.0
long distance relationship nicknames,4,1,559.0
long distance relationship online gift ideas,6,1,559.0
long distance relationship urdu meaning,5,1,559.0
long distance relationship vs normal relationship,6,1,559.0
long distance relationship without phone calls,6,1,559.0
miss u message norco,4,1,559.0
miss you amma images,4,1,559.0
miss you baba message,4,1,559.0
miss you baby en français,5,1,559.0
miss you bhai dp,4,1,559.0
miss you card message,4,1,559.0
miss you cat images,4,1,559.0
miss you darling images,4,1,559.0
miss you gf msg,4,1,559.0
miss you granddaughter images,4,1,559.0
miss you images hd download,5,1,559.0
miss you kanna images,4,1,559.0
miss you lots images,4,1,559.0
miss you message for her long distance,7,1,559.0
miss you mom dp for whatsapp,6,1,559.0
miss you mom message,4,1,559.0
miss you more images,4,1,559.0
miss you msg tone,4,1,559.0
miss you niece images,4,1,559.0
miss you panda images,4,1,559.0
miss you papa message in gujarati,6,1,559.0
miss you quotes for akka,5,1,559.0
miss you quotes for bestie girl,6,1,559.0
miss you quotes for farewell,5,1,559.0
miss you quotes for parents,5,1,559.0
miss you quotes for whatsapp status,6,1,559.0
miss you quotes in kannada for husband,7,1,559.0
miss you quotes in roman english,6,1,559.0
miss you quotes in urdu text copy and paste,9,1,559.0
miss you romantic message for her,6,1,559.0
miss you romantic picture,4,1,559.0
miss you snoopy images,4,1,559.0
miss you text messages for her,6,1,559.0
miss you too images with quotes,6,1,559.0
miss you wala message,4,1,559.0
poetry for yaad,3,1,559.0
we miss you images free,5,1,559.0
what is yaadt music,4,1,559.0
what long distance relationship means,5,1,559.0
what makes long distance relationships work,6,1,559.0
when do long distance relationships fail,6,1,559.0
which year independence day,4,1,559.0
will miss you baby,4,1,559.0
will miss you quotes for him,6,1,559.0
yaad aaya in english,4,1,559.0
yaad bhari shayari in hindi,5,1,559.0
yaad chandri,2,1,559.0
yaad dilao in english,4,1,559.0
yaad emoji,2,1,559.0
yaad farhan khan lyrics,4,1,559.0
yaad jab karte ho shayari,5,1,559.0
yaad karegi duniya,3,1,559.0
yaad lyrics in english,4,1,559.0
yaad me teri jaag,4,1,559.0
yaad na aaye lyrics,4,1,559.0
yaad on the lawn,4,1,559.0
yaad piya ki aaye raag,5,1,559.0
yaad quotes in english with meaning,6,1,559.0
yaad rakhegi duniya songs,4,1,559.0
yaad shayari in hindi 2 line,6,1,559.0
yaad teri,2,1,559.0
yaad urdu word,3,1,559.0
yaad wala song,3,1,559.0
yaad yaad yaad lyrics,4,1,559.0
yaadan vichre sajan diyan remix lyrics,6,1,559.0
yaadein serial cast,3,1,559.0
yadgar,1,1,559.0
you miss never do no wrong,6,1,559.0
zara yaad kar,3,1,559.0
miss you quotes bengali,4,1,559.0
can i watch miss universe 2025 in english,8,1,559.0
how miss you,3,1,559.0
i miss you bestie quotes,5,1,559.0
i miss you brother status,5,1,559.0
i miss you dadi maa in english,7,1,559.0
i miss you english meaning,5,1,559.0
i miss you for husband,5,1,559.0
i miss you free fire name style,7,1,559.0
i miss you good morning message,6,1,559.0
i miss you her meaning in hindi,7,1,559.0
i miss you jaan stylish name,6,1,559.0
i miss you meaning in tamil,6,1,559.0
i miss you name style,5,1,559.0
i miss you no reason,5,1,559.0
i miss you odia meaning,5,1,559.0
i miss you pic,4,1,559.0
i miss you quotes in hindi,6,1,559.0
i miss you reply back,5,1,559.0
i miss you status,4,1,559.0
i miss you too much meaning in hindi,8,1,559.0
i miss you with my whole being,7,1,559.0
i miss you words,4,1,559.0
i miss you zara larsson,5,1,559.0
i will always miss you quotes,6,1,559.0
i will missing you lyrics,5,1,559.0
is it ole miss university,5,1,559.0
is missing you a movie,5,1,559.0
miss u both meaning in hindi,6,1,559.0
miss u code number,4,1,559.0
miss u daddy,3,1,559.0
miss u emoji copy and paste,6,1,559.0
miss u friends quotes in english,6,1,559.0
miss u hindi,3,1,559.0
miss u janaki amma,4,1,559.0
miss u korean language,4,1,559.0
miss u love quotes,4,1,559.0
miss u meaning,3,1,559.0
miss u nani maa quotes in hindi,7,1,559.0
miss u photo,3,1,559.0
miss u quotes for husband,5,1,559.0
miss u ronaldo,3,1,559.0
miss u symbol,3,1,559.0
miss u to,3,1,559.0
miss u very badly meaning,5,1,559.0
miss u zubeen,3,1,559.0
miss you aai status,4,1,559.0
miss you abbu shayari,4,1,559.0
miss you appa kavithai in tamil,6,1,559.0
miss you best caption,4,1,559.0
miss you capcut template trend,5,1,559.0
miss you caption bangla for girl,6,1,559.0
miss you captions for boyfriend,5,1,559.0
miss you couple caption,4,1,559.0
miss you dadi caption,4,1,559.0
miss you download,3,1,559.0
miss you emoji heart,4,1,559.0
miss you forever meaning in telugu,6,1,559.0
miss you freestyle,3,1,559.0
miss you grandma caption,4,1,559.0
miss you guys meaning in hindi,6,1,559.0
miss you henry moodie,4,1,559.0
miss you home caption,4,1,559.0
miss you jaan meaning in hindi,6,1,559.0
miss you jaan shayari english,5,1,559.0
miss you kaka caption in english,6,1,559.0
miss you kaka marathi shayari,5,1,559.0
miss you lines,3,1,559.0
miss you love caption in english,6,1,559.0
miss you mama caption marathi,5,1,559.0
miss you meaning,3,1,559.0
miss you nana shayari,4,1,559.0
miss you nani caption in english,6,1,559.0
miss you no,3,1,559.0
miss you odia shayari love,5,1,559.0
miss you radha shayari,4,1,559.0
miss you shayari bhai ke liye,6,1,559.0
miss you shayari copy paste english,6,1,559.0
miss you shayari dp,4,1,559.0
miss you shayari english 2 line love,7,1,559.0
miss you shayari gujarati love,5,1,559.0
miss you shayari love english,5,1,559.0
miss you shayari marathi for boyfriend,6,1,559.0
miss you shayari photo love,5,1,559.0
miss you shayari text copy and paste,7,1,559.0
miss you sir caption,4,1,559.0
miss you sister shayari 2 line,6,1,559.0
miss you so much meaning in hindi,7,1,559.0
miss you telugu movie,4,1,559.0
miss you too caption,4,1,559.0
miss you uncle shayari in hindi,6,1,559.0
miss you urdu meaning,4,1,559.0
miss you village in hindi,5,1,559.0
miss you whatsapp caption,4,1,559.0
miss you wife shayari in english,6,1,559.0
miss you with tears,4,1,559.0
miss you yaar shayari in english,6,1,559.0
miss you yara,3,1,559.0
miss you zai1k,3,1,559.0
missing without you,3,1,559.0
missing you all,3,1,559.0
missing you bestie hindi meaning,5,1,559.0
missing you brother,3,1,559.0
missing you emoji whatsapp,4,1,559.0
missing you guys quotes,4,1,559.0
missing you jordana bryant lyrics,5,1,559.0
missing you my love,4,1,559.0
missing you netflix cast,4,1,559.0
missing you pics,3,1,559.0
missing you poster template,4,1,559.0
missing you shayari in hindi,5,1,559.0
missing you too meaning,4,1,559.0
missing you usher,3,1,559.0
missing you very much quotes,5,1,559.0
missing you with every breath i take lyrics,8,1,559.0
missing you worth watching,4,1,559.0
missing you yfn,3,1,559.0
missing you zia,3,1,559.0
what miss universe is catriona gray,6,1,559.0
what's i miss you in spanish,6,1,559.0
when losing your voice,4,1,559.0
when miss usa,3,1,559.0
which miss universe fell off stage,6,1,559.0
who's miss universe 2024,4,1,559.0
why miss universe,3,1,559.0
you baby miss you quotes,5,1,559.0
i miss you free fire photo,6,1,559.0
is because i miss you,5,1,559.0
miss you a lot meaning in kannada,7,1,559.0
miss you hubby,3,1,559.0
what you miss about me,5,1,559.0
miss you father quotes in kannada,6,1,559.0
miss you jaan stylish name,5,1,559.0
miss you papa best shayari,5,1,559.0
i miss you jaan status,5,1,559.0
i miss you papa shayari in hindi text,8,1,559.0
is miss you letra,4,1,559.0
miss you appa kannada kavanagalu,5,1,559.0
miss you to,3,1,559.0
say miss you without saying,5,1,559.0
who is i miss you by blink 182 about,9,1,559.0
best yaad poetry,3,1,558.0
can long distance relationships work reddit,6,1,558.0
how do long distance relationships work,6,1,558.0
how to write yaadein in hindi,6,1,558.0
i miss you babe lyrics,5,1,558.0
i miss you babe quotes for him,7,1,558.0
i miss you baby by teddy pendergrass,7,1,558.0
i miss you baby daddy,5,1,558.0
i miss you baby en arabe,6,1,558.0
i miss you baby in korean language,7,1,558.0
i miss you baby in venda,6,1,558.0
i miss you baby pronunciation,5,1,558.0
i miss you baby r&b song,6,1,558.0
i miss you baby song by gyakie,7,1,558.0
i miss you baby tamil meaning,6,1,558.0
i miss you honey sms,5,1,558.0
i miss you im talking to u baby drake,9,1,558.0
i miss you images in spanish,6,1,558.0
i miss you oh baby,5,1,558.0
i miss you quotes for husband,6,1,558.0
i really miss you baby hindi meaning,7,1,558.0
i will miss you cute images,6,1,558.0
i will miss you letter,5,1,558.0
if i lose you baby lyrics,6,1,558.0
is long distance relationship good or bad,7,1,558.0
long distance best friend relationship,5,1,558.0
long distance relationship ai prompt,5,1,558.0
long distance relationship bracelets touch,5,1,558.0
long distance relationship chat gpt prompt,6,1,558.0
long distance relationship devices,4,1,558.0
long distance relationship emoji text,5,1,558.0
long distance relationship format for yahoo,6,1,558.0
long distance relationship hand pic,5,1,558.0
long distance relationship in zulu,5,1,558.0
long distance relationship jokes for her,6,1,558.0
long distance relationship kaisa hota hai,6,1,558.0
long distance relationship missing captions for instagram,7,1,558.0
long distance relationship online dating,5,1,558.0
long distance relationship romantic messages,5,1,558.0
long distance relationship shayari 2 line in hindi,8,1,558.0
long distance relationship telugu quotes,5,1,558.0
long distance relationship university reddit,5,1,558.0
long distance relationship virtual gifts,5,1,558.0
long distance relationship with turkish man,6,1,558.0
long distance relationship without communication quotes,6,1,558.0
miss do you like,4,1,558.0
miss u images love couple,5,1,558.0
miss u ra images,4,1,558.0
miss you boss message,4,1,558.0
miss you brother images,4,1,558.0
miss you dad dp for whatsapp,6,1,558.0
miss you daughter images,4,1,558.0
miss you emotional message,4,1,558.0
miss you everyday images,4,1,558.0
miss you girlfriend images,4,1,558.0
miss you hidden message,4,1,558.0
miss you hug images,4,1,558.0
miss you ka image,4,1,558.0
miss you long message,4,1,558.0
miss you mama images,4,1,558.0
miss you messages for boyfriend,5,1,558.0
miss you msg for gf in hindi,7,1,558.0
miss you msg ringtone,4,1,558.0
miss you nature images,4,1,558.0
miss you papa images hd,5,1,558.0
miss you papa ji images,5,1,558.0
miss you papa message in gujarati text,7,1,558.0
miss you quotes for best friend in hindi,8,1,558.0
miss you quotes for cousin,5,1,558.0
miss you quotes for dead father,6,1,558.0
miss you quotes for him in tamil,7,1,558.0
miss you quotes for long distance husband,7,1,558.0
miss you quotes for love tamil,6,1,558.0
miss you quotes for nani,5,1,558.0
miss you quotes for papa in hindi,7,1,558.0
miss you quotes for sister in law,7,1,558.0
miss you quotes in kannada for boyfriend,7,1,558.0
miss you quotes in urdu text in english,8,1,558.0
miss you short message for her,6,1,558.0
miss you son images,4,1,558.0
miss you to images,4,1,558.0
miss you too sms,4,1,558.0
miss you wife images,4,1,558.0
missing you night messages,4,1,558.0
sad miss you images free,5,1,558.0
song for yaad,3,1,558.0
we will miss you quotes for teacher,7,1,558.0
what is yaad style food,5,1,558.0
what's considered long distance relationship,5,1,558.0
when do long distance relationships work,6,1,558.0
which year is going on in nepal,7,1,558.0
why long distance relationships don't work,6,1,558.0
yaad aati hai,3,1,558.0
yaad bahut aati hai shayari,5,1,558.0
yaad clothing,2,1,558.0
yaad dilana in hindi,4,1,558.0
yaad english,2,1,558.0
yaad faiz,2,1,558.0
yaad granules benefits in hindi,5,1,558.0
yaad hai kuch bhi hamari,5,1,558.0
yaad jaldi kaise kare,4,1,558.0
yaad karne ki dua,4,1,558.0
yaad lyrics talha anjum,4,1,558.0
yaad meaning,2,1,558.0
yaad nahi in english,4,1,558.0
yaad oo,2,1,558.0
yaad par shayari,3,1,558.0
yaad q aati hai,4,1,558.0
yaad rakhegi duniya cast,4,1,558.0
yaad sataye teri lyrics,4,1,558.0
yaad teri aati hai lyrics,5,1,558.0
yaad unki aati to hogi,5,1,558.0
yaad word in english,4,1,558.0
yaad yud auna gal hor hundi aa lyrics,8,1,558.0
yaadan vichre sajan diyan aiyan lyrics,6,1,558.0
zindagi yaad e madina me guzari sari lyrics,8,1,558.0
miss you quotes deep,4,1,558.0
miss you nanna quotes in telugu text,7,1,558.0
miss you amma quotes in kannada,6,1,558.0
can i watch miss universe 2025,6,1,558.0
how i miss you foo fighters meaning,7,1,558.0
how's you miss in hindi,5,1,558.0
i miss you badly meaning in hindi,7,1,558.0
i miss you best reply,5,1,558.0
i miss you code word,5,1,558.0
i miss you dost,4,1,558.0
i miss you everyday in hindi,6,1,558.0
i miss you for him,5,1,558.0
i miss you grandpa quotes,5,1,558.0
i miss you hindi mein,5,1,558.0
i miss you ji,4,1,558.0
i miss you kdrama,4,1,558.0
i miss you lot meaning in telugu,7,1,558.0
i miss you nana ji in hindi,7,1,558.0
i miss you not delivered tattoo,6,1,558.0
i miss you or i missing you which is correct,10,1,558.0
i miss you please teleport meaning,6,1,558.0
i miss you quotations,4,1,558.0
i miss you ringtone download mp3,6,1,558.0
i miss you status in hindi,6,1,558.0
i miss you too meaning,5,1,558.0
i miss you uncle rip in hindi,7,1,558.0
i miss you very badly meaning in hindi,8,1,558.0
i miss you watch,4,1,558.0
i miss you with my whole heart,7,1,558.0
i miss you xxl makna,5,1,558.0
i miss you yrr meaning in hindi,7,1,558.0
i miss you zuchu ft rayvanny,6,1,558.0
i will miss you all quotes,6,1,558.0
i will missing you meaning in hindi,7,1,558.0
is missing you 2016,4,1,558.0
miss u amma quotes in kannada,6,1,558.0
miss u badly meaning in hindi,6,1,558.0
miss u best friend captions for instagram,7,1,558.0
miss u caption for friend,5,1,558.0
miss u dost shayari,4,1,558.0
miss u every second,4,1,558.0
miss u father quotes,4,1,558.0
miss u guys meaning in hindi,6,1,558.0
miss u husband quotes in english,6,1,558.0
miss u japanese,3,1,558.0
miss u kiss gif,4,1,558.0
miss u lyrics,3,1,558.0
miss u my love song,5,1,558.0
miss u note,3,1,558.0
miss u old version,4,1,558.0
miss u papa quotes in english,6,1,558.0
miss u quotes short in english,6,1,558.0
miss u ringtone,3,1,558.0
miss u shayari in hindi,5,1,558.0
miss u too much meaning,5,1,558.0
miss u video status,4,1,558.0
miss u wishes,3,1,558.0
miss u zindagi shayari,4,1,558.0
miss you aaji shayari,4,1,558.0
miss you aunty status,4,1,558.0
miss you best friend shayari in hindi,7,1,558.0
miss you brother,3,1,558.0
miss you chacha shayari in hindi,6,1,558.0
miss you college life,4,1,558.0
miss you dadaji caption,4,1,558.0
miss you dear,3,1,558.0
miss you emoji in whatsapp,5,1,558.0
miss you for best friend,5,1,558.0
miss you greeting card,4,1,558.0
miss you hubby caption for instagram,6,1,558.0
miss you ji,3,1,558.0
miss you jiv shayari,4,1,558.0
miss you ka caption,4,1,558.0
miss you kaku shayari,4,1,558.0
miss you kavana kannada,4,1,558.0
miss you lots meaning,4,1,558.0
miss you maa,3,1,558.0
miss you maa caption,4,1,558.0
miss you nanaji shayari,4,1,558.0
miss you nickname,3,1,558.0
miss you not meaning in hindi,6,1,558.0
miss you online wala,4,1,558.0
miss you papa caption in english for instagram,8,1,558.0
miss you quotes simple short,5,1,558.0
miss you rani shayari,4,1,558.0
miss you reply to girlfriend,5,1,558.0
miss you shayari dada,4,1,558.0
miss you shayari english love,5,1,558.0
miss you shayari for best friend in hindi,8,1,558.0
miss you shayari hindi 2 line english,7,1,558.0
miss you shayari lyrics,4,1,558.0
miss you shayari marathi love text,6,1,558.0
miss you shayari pinterest,4,1,558.0
miss you short form,4,1,558.0
miss you sister shayari in english,6,1,558.0
miss you teacher shayari in english,6,1,558.0
miss you to all meaning in hindi,7,1,558.0
miss you very badly meaning,5,1,558.0
miss you wala caption,4,1,558.0
miss you wife shayari gujarati,5,1,558.0
miss you with every bullet meaning,6,1,558.0
miss you xavier clyde,4,1,558.0
miss you yaar shayari 2 line,6,1,558.0
miss you yrr,3,1,558.0
miss you zoom background,4,1,558.0
missing him quotes one line,5,1,558.0
missing you already meaning in hindi,6,1,558.0
missing you bestie in hindi,5,1,558.0
missing you both meaning in hindi,6,1,558.0
missing you card template,4,1,558.0
missing you episodes,3,1,558.0
missing you for her,4,1,558.0
missing you friends meaning in hindi,6,1,558.0
missing you grandma quotes,4,1,558.0
missing you hubby quotes,4,1,558.0
missing you janu,3,1,558.0
missing you korean,3,1,558.0
missing you mom quotes,4,1,558.0
missing you nanna,3,1,558.0
missing you no mercy,4,1,558.0
missing you on my birthday quotes,6,1,558.0
missing you papa in hindi,5,1,558.0
missing you quotes in hindi,5,1,558.0
missing you quotes ldr,4,1,558.0
missing you quotes winnie the pooh,6,1,558.0
missing you reviews netflix,4,1,558.0
missing you so badly,4,1,558.0
missing you this moment meaning in hindi,7,1,558.0
missing you up in heaven,5,1,558.0
missing you villain,3,1,558.0
missing you wishes,3,1,558.0
missing you year released,4,1,558.0
missing you zombie movie,4,1,558.0
quotes when you miss your husband,6,1,558.0
what's i miss you in french,6,1,558.0
what's miss universe india,4,1,558.0
when i miss you everywhere,5,1,558.0
when is it miss universe 2024,6,1,558.0
when miss universe 2025,4,1,558.0
when you miss meaning in hindi,6,1,558.0
which miss universe rejected michael jackson,6,1,558.0
who's miss universe 2025 winner,5,1,558.0
why miss universe mexico,4,1,558.0
miss you papa shayari odia,5,1,558.0
miss you friends quotes short,5,1,558.0
miss you dadi,3,1,558.0
miss you love shayari,4,1,558.0
miss you too ka matlab,5,1,558.0
make them miss you without chasing,6,1,558.0
i miss you copy paste,5,1,558.0
i miss you free fire name change,7,1,558.0
miss you bhai rip in hindi,6,1,558.0
miss you husband ji shayari in hindi,7,1,558.0
miss you jaan name,4,1,558.0
miss you love you 2026 movie,6,1,558.0
who song i miss you,5,1,558.0
application yaad karo,3,1,557.0
best yaad karne ka tarika,5,1,557.0
can long distance relationships make you depressed,7,1,557.0
heart touching miss you sms hindi,6,1,557.0
how many long distance relationships work,6,1,557.0
how to write yaadein in urdu,6,1,557.0
i miss you babe original,5,1,557.0
i miss you babe poem,5,1,557.0
i miss you babe quotes for her,7,1,557.0
i miss you baby en ingles,6,1,557.0
i miss you baby funny video,6,1,557.0
i miss you baby girl song,6,1,557.0
i miss you baby rnb,5,1,557.0
i miss you baby too,5,1,557.0
i miss you baby where are you i miss you honey where are you reggae lyrics,16,1,557.0
i miss you lil baby,5,1,557.0
i miss you message for her,6,1,557.0
i miss you quotes for boyfriend,6,1,557.0
i miss you too baby ka matlab,7,1,557.0
i miss you too baby meaning in urdu,8,1,557.0
i will always miss you images,6,1,557.0
if i lose you baby bruno mars,7,1,557.0
is long distance relationships healthy,5,1,557.0
long distance relationship anime,4,1,557.0
long distance relationship best apps,5,1,557.0
long distance relationship birthday wishes for boyfriend,7,1,557.0
long distance relationship cartoon images,5,1,557.0
long distance relationship date ideas,5,1,557.0
long distance relationship different time zones,6,1,557.0
long distance relationship emoji copy and paste,7,1,557.0
long distance relationship for 4 years,6,1,557.0
long distance relationship format for him,6,1,557.0
long distance relationship fun games,5,1,557.0
long distance relationship gemini prompt,5,1,557.0
long distance relationship gifts online free,6,1,557.0
long distance relationship how to watch movies together,8,1,557.0
long distance relationship is not easy quotes,7,1,557.0
long distance relationship jealousy,4,1,557.0
long distance relationship ki shayari,5,1,557.0
long distance relationship me romance kaise kare,7,1,557.0
long distance relationship new year wishes,6,1,557.0
long distance relationship oath,4,1,557.0
long distance relationship online ideas,5,1,557.0
long distance relationship photobooth,4,1,557.0
long distance relationship ringtone download tamil,6,1,557.0
long distance relationship shayari in hindi english,7,1,557.0
long distance relationship things to do online,7,1,557.0
long distance relationship with an avoidant,6,1,557.0
long distance relationship without video calls,6,1,557.0
long distance relationship works or not,6,1,557.0
miss u images with quotes for whatsapp,7,1,557.0
miss u maa dp new,5,1,557.0
miss you aai quotes in marathi,6,1,557.0
miss you abbu jaan dp,5,1,557.0
miss you anna images,4,1,557.0
miss you appa images for whatsapp,6,1,557.0
miss you baba images,4,1,557.0
miss you baby message,4,1,557.0
miss you bapu dp,4,1,557.0
miss you bhai rip images,5,1,557.0
miss you christmas message,4,1,557.0
miss you cousin images,4,1,557.0
miss you dada ji images,5,1,557.0
miss you dear images,4,1,557.0
miss you dp girl cute,5,1,557.0
miss you emoji picture,4,1,557.0
miss you grandson images,4,1,557.0
miss you honey message,4,1,557.0
miss you husband images,4,1,557.0
miss you letter writing,4,1,557.0
miss you love images with quotes,6,1,557.0
miss you love message for my wife,7,1,557.0
miss you maa msg,4,1,557.0
miss you message for office colleagues,6,1,557.0
miss you messages for wife in hindi,7,1,557.0
miss you mom images free,5,1,557.0
miss you msg to gf,5,1,557.0
miss you mum images,4,1,557.0
miss you n images,4,1,557.0
miss you papa images for whatsapp,6,1,557.0
miss you quotes for boyfriend long distance,7,1,557.0
miss you quotes for cat,5,1,557.0
miss you quotes for co workers,6,1,557.0
miss you quotes for daughter from mother,7,1,557.0
miss you quotes for family members,6,1,557.0
miss you quotes for favourite teacher,6,1,557.0
miss you quotes for girlfriend in marathi,7,1,557.0
miss you quotes for little sister,6,1,557.0
miss you quotes for mama,5,1,557.0
miss you quotes for my man,6,1,557.0
miss you quotes for nephew in english,7,1,557.0
miss you quotes for students,5,1,557.0
miss you quotes gf,4,1,557.0
miss you reply sms,4,1,557.0
miss you rip message,4,1,557.0
miss you s images,4,1,557.0
miss you teddy images,4,1,557.0
miss you wishes for best friend,6,1,557.0
miss you word images,4,1,557.0
missing you kitten images,4,1,557.0
missing you niece messages,4,1,557.0
missing you sms for him long distance,7,1,557.0
romantic miss you quotes for her,6,1,557.0
shayari for yaad in english,5,1,557.0
uk long distance relationship,4,1,557.0
we will miss you quotes for kids,7,1,557.0
what does yaad mean in text,6,1,557.0
what of long distance relationships work,6,1,557.0
when international long distance relationship day,6,1,557.0
which year india got independence,5,1,557.0
why long distance relationships are bad,6,1,557.0
yaad aa rahi hai in english,6,1,557.0
yaad by karan aujla lyrics,5,1,557.0
yaad captions for instagram in hindi,6,1,557.0
yaad dilau kya meme,4,1,557.0
yaad e huzoor ki qasam lyrics,6,1,557.0
yaad flava,2,1,557.0
yaad gana,2,1,557.0
yaad hai meaning in english,5,1,557.0
yaad image,2,1,557.0
yaad kiya dil ne,4,1,557.0
yaad lyrics jassa dhillon,4,1,557.0
yaad movie,2,1,557.0
yaad nahi kya kya dekha lyrics,6,1,557.0
yaad opposite in hindi,4,1,557.0
yaad piya ki aane lagi original,6,1,557.0
yaad quotes on life,4,1,557.0
yaad rakhegi duniya movie,4,1,557.0
yaad se in english,4,1,557.0
yaad teri aayegi mujhko bada sataye,6,1,557.0
yaad use karte hai shayari,5,1,557.0
yaad word in urdu,4,1,557.0
yaad yaad song,3,1,557.0
yaadan vichre sajan di aayi,5,1,557.0
yaar jigri kasuti degree,4,1,557.0
zara yaad kar novel,4,1,557.0
miss you quotes death grandmother,5,1,557.0
can i watch miss universe live,6,1,557.0
free fire name change i miss you,7,1,557.0
how badly i miss you quotes,6,1,557.0
i miss you best friend shayari,6,1,557.0
i miss you chords,4,1,557.0
i miss you every day meaning in hindi,8,1,557.0
i miss you forever code,5,1,557.0
i miss you friends meaning in hindi,7,1,557.0
i miss you gift,4,1,557.0
i miss you hubby,4,1,557.0
i miss you jaan 100 times,6,1,557.0
i miss you kannada quotes,5,1,557.0
i miss you lines,4,1,557.0
i miss you mom,4,1,557.0
i miss you new song,5,1,557.0
i miss you no,4,1,557.0
i miss you on the train,6,1,557.0
i miss you papa shayari in hindi,7,1,557.0
i miss you reels,4,1,557.0
i miss you sister,4,1,557.0
i miss you status in english,6,1,557.0
i miss you translate in kannada,6,1,557.0
i miss you unique way,5,1,557.0
i miss you video,4,1,557.0
i miss you wishes,4,1,557.0
i miss you with all my heart in spanish,9,1,557.0
i miss you xxl lany meaning,6,1,557.0
i miss you your voice quotes,6,1,557.0
i miss you zulu,4,1,557.0
i will miss you guys quotes,6,1,557.0
i will missing you song,5,1,557.0
is missing you meaning in urdu,6,1,557.0
miss u all meaning in hindi,6,1,557.0
miss u best friend quotes in english,7,1,557.0
miss u brother caption,4,1,557.0
miss u copy paste,4,1,557.0
miss u dada ji,4,1,557.0
miss u emoji images,4,1,557.0
miss u friends captions one word,6,1,557.0
miss u grandpa quotes in english,6,1,557.0
miss u henry moodie lyrics,5,1,557.0
miss u jaan name style,5,1,557.0
miss u ka answer kya de,6,1,557.0
miss u lot quotes,4,1,557.0
miss u maa quotes,4,1,557.0
miss u number code,4,1,557.0
miss u one word,4,1,557.0
miss u pic,3,1,557.0
miss u quotes for love,5,1,557.0
miss u reels,3,1,557.0
miss u sister quotes,4,1,557.0
miss u too a lot meaning in hindi,8,1,557.0
miss u vietnam 2025,4,1,557.0
miss u wala emoji,4,1,557.0
miss u yaar shayari,4,1,557.0
miss u zakuro,3,1,557.0
miss you 2026,3,1,557.0
miss you army shayari,4,1,557.0
miss you bestie captions short,5,1,557.0
miss you both of you quotes,6,1,557.0
miss you captions for sister,5,1,557.0
miss you cat quotes,4,1,557.0
miss you chacha shayari,4,1,557.0
miss you chachu caption,4,1,557.0
miss you darling,3,1,557.0
miss you emotional caption,4,1,557.0
miss you every time,4,1,557.0
miss you for husband,4,1,557.0
miss you grandpa quotes,4,1,557.0
miss you husband shayari,4,1,557.0
miss you jaan shayari gujarati,5,1,557.0
miss you jigri yaar shayari,5,1,557.0
miss you ka shayari,4,1,557.0
miss you legend meaning in kannada,6,1,557.0
miss you love caption in marathi,6,1,557.0
miss you love quotes in english,6,1,557.0
miss you mummy caption in english,6,1,557.0
miss you my love ringtone download,6,1,557.0
miss you nana shayari gujarati text,6,1,557.0
miss you nephew caption,4,1,557.0
miss you not song,4,1,557.0
miss you other words,4,1,557.0
miss you papa caption for instagram,6,1,557.0
miss you quotes baby,4,1,557.0
miss you quotes sister short,5,1,557.0
miss you re,3,1,557.0
miss you seniors caption,4,1,557.0
miss you shayari dadi,4,1,557.0
miss you shayari emoji ke sath,6,1,557.0
miss you shayari for best friend in english,8,1,557.0
miss you shayari gujarati text copy and paste,8,1,557.0
miss you shayari in urdu for girlfriend,7,1,557.0
miss you shayari marathi love,5,1,557.0
miss you sister quotes,4,1,557.0
miss you sister shayari in hindi text,7,1,557.0
miss you status malayalam,4,1,557.0
miss you teacher shayari in hindi,6,1,557.0
miss you this moment meaning in hindi,7,1,557.0
miss you urdu shayari,4,1,557.0
miss you voice,3,1,557.0
miss you wali shayari in hindi,6,1,557.0
miss you words,3,1,557.0
miss you xori,3,1,557.0
missing with u,3,1,557.0
missing you a little extra today,6,1,557.0
missing you badly quotes,4,1,557.0
missing you best friend captions,5,1,557.0
missing you ending explained,4,1,557.0
missing you film,3,1,557.0
missing you forever meaning,4,1,557.0
missing you good morning,4,1,557.0
missing you hurts differently,4,1,557.0
missing you japanese song,4,1,557.0
missing you korean movie netflix,5,1,557.0
missing you love quotes,4,1,557.0
missing you mein ist die rache,6,1,557.0
missing you nocap,3,1,557.0
missing you novel,3,1,557.0
missing you on your birthday quotes,6,1,557.0
missing you papa shayari in hindi,6,1,557.0
missing you quotes for husband,5,1,557.0
missing you reddit,3,1,557.0
missing you songs,3,1,557.0
missing you those days meaning in hindi,7,1,557.0
missing you very badly meaning,5,1,557.0
missing you whatsapp status,4,1,557.0
missing you with been a minute interlude,7,1,557.0
missing you yoon eun hye,5,1,557.0
we miss you card template,5,1,557.0
what's i miss you in japanese,6,1,557.0
what's miss usa,3,1,557.0
when i miss you janine berdin lyrics,7,1,557.0
when miss universe,3,1,557.0
which miss universe died recently,5,1,557.0
who miss universe philippines 2025,5,1,557.0
why i miss you in hindi,6,1,557.0
why miss universe 2025,4,1,557.0
miss you all meaning in kannada,6,1,557.0
miss you jiju shayari on life,6,1,557.0
miss you yaaro meaning in hindi,6,1,557.0
miss you best friend shayari gujarati,6,1,557.0
miss you chacha ji,4,1,557.0
miss you ka emoji,4,1,557.0
how to say miss you without sounding desperate,8,1,557.0
i miss you ka reply kya hoga,7,1,557.0
miss you bhai 😭 😭,5,1,557.0
miss you friend shayari in hindi,6,1,557.0
miss you jiv,3,1,557.0
miss you lot meaning,4,1,557.0
miss you love you 2026 trailer,6,1,557.0
miss you maa shayari 2 line,6,1,557.0
miss you nani maa shayari,5,1,557.0
say i miss you without saying it,7,1,557.0
who is i miss you more than life about,9,1,557.0
best long term relationship zodiac signs,6,1,556.0
best yaad,2,1,556.0
can long distance relationship work without meeting,7,1,556.0
how many long distance relationships fail,6,1,556.0
how to write yaad in punjabi,6,1,556.0
i m missing you baby enrique lyrics,7,1,556.0
i miss u baby lyrics,5,1,556.0
i miss u baby where are you,7,1,556.0
i miss you babe in venda,6,1,556.0
i miss you babe picture,5,1,556.0
i miss you baby by,5,1,556.0
i miss you baby car,5,1,556.0
i miss you baby girl meaning,6,1,556.0
i miss you baby images download,6,1,556.0
i miss you baby in hausa,6,1,556.0
i miss you baby marvin gaye,6,1,556.0
i miss you baby michael jackson,6,1,556.0
i miss you baby reggae,5,1,556.0
i miss you baby sinhala meaning,6,1,556.0
i miss you baby stylish name,6,1,556.0
i miss you baby where are you video,8,1,556.0
i miss you images,4,1,556.0
i miss you message for him,6,1,556.0
i miss you n name dp,6,1,556.0
i miss you quotes for girlfriend,6,1,556.0
i miss you quotes for wife long distance,8,1,556.0
i really miss you baby ka hindi,7,1,556.0
if i lose you baby chords,6,1,556.0
is long distance relationships common,5,1,556.0
long distance love map maker,5,1,556.0
long distance relationship advice,4,1,556.0
long distance relationship apps for couples,6,1,556.0
long distance relationship best practices,5,1,556.0
long distance relationship birthday wishes for husband,7,1,556.0
long distance relationship couple photo prompt,6,1,556.0
long distance relationship dp for whatsapp,6,1,556.0
long distance relationship english quotes,5,1,556.0
long distance relationship example,4,1,556.0
long distance relationship feelings quotes,5,1,556.0
long distance relationship for 10 years,6,1,556.0
long distance relationship girlfriend birthday wishes,6,1,556.0
long distance relationship husband and wife,6,1,556.0
long distance relationship in telugu,5,1,556.0
long distance relationship journal article,5,1,556.0
long distance relationship ke liye kuch line,7,1,556.0
long distance relationship lyrics,4,1,556.0
long distance relationship miss you,5,1,556.0
long distance relationship online games reddit,6,1,556.0
long distance relationship pics,4,1,556.0
long distance relationship ringtone download,5,1,556.0
long distance relationship success rate,5,1,556.0
long distance relationship template,4,1,556.0
long distance relationship uncertainty about the future,7,1,556.0
long distance relationship video download,5,1,556.0
long distance relationship wishes,4,1,556.0
long distance relationship with a dutch guy,7,1,556.0
long distance relationship without future,5,1,556.0
lyrics miss you baby aerosmith,5,1,556.0
miss u krishna images,4,1,556.0
miss u quotes for bestie,5,1,556.0
miss you aai images,4,1,556.0
miss you babu dp,4,1,556.0
miss you background images,4,1,556.0
miss you bestie letter,4,1,556.0
miss you coworker images,4,1,556.0
miss you cute message,4,1,556.0
miss you dad quotes images,5,1,556.0
miss you darling message,4,1,556.0
miss you dog images,4,1,556.0
miss you dp girl for whatsapp,6,1,556.0
miss you grandpa message,4,1,556.0
miss you guys images with quotes,6,1,556.0
miss you hubby images,4,1,556.0
miss you husband ji images,5,1,556.0
miss you images funny gif,5,1,556.0
miss you letter design,4,1,556.0
miss you letter english,4,1,556.0
miss you long message for her,6,1,556.0
miss you lover images,4,1,556.0
miss you ma images,4,1,556.0
miss you maa dp for whatsapp,6,1,556.0
miss you maa dp sad,5,1,556.0
miss you meri jaan dp,5,1,556.0
miss you messages for love,5,1,556.0
miss you more text messages,5,1,556.0
miss you msg for girlfriend,5,1,556.0
miss you my love dp,5,1,556.0
miss you papa sms,4,1,556.0
miss you potti images,4,1,556.0
miss you quotes for baby girl,6,1,556.0
miss you quotes for cousin sister,6,1,556.0
miss you quotes for dead husband,6,1,556.0
miss you quotes for girls,5,1,556.0
miss you quotes for her in tamil,7,1,556.0
miss you quotes for him tamil,6,1,556.0
miss you quotes for long distance best friend,8,1,556.0
miss you quotes for nana,5,1,556.0
miss you quotes for siblings,5,1,556.0
miss you quotes in kannada for her,7,1,556.0
miss you retirement message,4,1,556.0
miss you romantic sms,4,1,556.0
miss you signs images,4,1,556.0
miss you sister sms,4,1,556.0
miss you text images,4,1,556.0
miss you text sms,4,1,556.0
miss you wala image,4,1,556.0
missing you quotes for him in urdu,7,1,556.0
quotes for yaad,3,1,556.0
romantic miss you images for husband,6,1,556.0
romantic miss you quotes for husband,6,1,556.0
what is yaad in jamaican,5,1,556.0
what of long distance relationships fail,6,1,556.0
when international long distance relationship,5,1,556.0
when you miss someone message,5,1,556.0
which year to select for itr filing,7,1,556.0
who is yaad dungeon meshi,5,1,556.0
why long distance relationships work,5,1,556.0
will miss you emoji images,5,1,556.0
yaad aana in english,4,1,556.0
yaad bazar main zainab ko alamdar aaya lyrics,8,1,556.0
yaad captions for instagram in english,6,1,556.0
yaad e nabi,3,1,556.0
yaad eats app,3,1,556.0
yaad finds,2,1,556.0
yaad hindi meaning,3,1,556.0
yaad jab mujhko madine ki fiza aati hai lyrics,9,1,556.0
yaad karna,2,1,556.0
yaad me dekho bana hasi taj mahal lyrics,8,1,556.0
yaad nahi aayi jassi,4,1,556.0
yaad oo aman yadav,4,1,556.0
yaad piya ki aane lagi song,6,1,556.0
yaad quotes in punjabi,4,1,556.0
yaad rahega in english,4,1,556.0
yaad song lyrics,3,1,556.0
yaad teri aayegi gangs of wasseypur,6,1,556.0
yaad urdu poetry,3,1,556.0
yaad ve bali dhillon lyrics,5,1,556.0
yaad wallpaper,2,1,556.0
yaad yaad hi dharmasya,4,1,556.0
yaadein movie,2,1,556.0
yaadgaar,1,1,556.0
yad lagla,2,1,556.0
yadas,1,1,556.0
zamana yaad karega lyrics,4,1,556.0
i miss you voice message,5,1,556.0
miss you quotes death mom,5,1,556.0
can i see miss universe,5,1,556.0
how i miss you so much,6,1,556.0
how i will miss you quotes,6,1,556.0
how won miss universe 2025,5,1,556.0
i miss the old you template,6,1,556.0
i miss you baba,4,1,556.0
i miss you best quotes,5,1,556.0
i miss you captions for instagram,6,1,556.0
i miss you chinese drama,5,1,556.0
i miss you didi,4,1,556.0
i miss you everyone meaning in hindi,7,1,556.0
i miss you font style,5,1,556.0
i miss you forever like the stars,7,1,556.0
i miss you free gif,5,1,556.0
i miss you grandfather,4,1,556.0
i miss you hindi translation,5,1,556.0
i miss you jaan text,5,1,556.0
i miss you ka hindi meaning,6,1,556.0
i miss you lot meaning in tamil,7,1,556.0
i miss you more,4,1,556.0
i miss you nani in hindi,6,1,556.0
i miss you no other way to say it,9,1,556.0
i miss you other ways to say,7,1,556.0
i miss you papa meaning in hindi,7,1,556.0
i miss you spelling,4,1,556.0
i miss you status video download,6,1,556.0
i miss you to make her cry,7,1,556.0
i miss you translate in hindi,6,1,556.0
i miss you urdu mein,5,1,556.0
i miss you wallpaper black,5,1,556.0
i miss you xxl lany,5,1,556.0
i miss you yeah i miss you,7,1,556.0
i miss you zainab,4,1,556.0
i will miss you mom quotes,6,1,556.0
i will missing you original,5,1,556.0
is it miss you,4,1,556.0
is missing you song,4,1,556.0
miss fortune u gg,4,1,556.0
miss u appa quotes in tamil,6,1,556.0
miss u bestie shayari,4,1,556.0
miss u bhai quotes,4,1,556.0
miss u chacha ji,4,1,556.0
miss u dear meaning in hindi,6,1,556.0
miss u english line,4,1,556.0
miss u friendship quotes,4,1,556.0
miss u guys quotes,4,1,556.0
miss u heart emoji,4,1,556.0
miss u jaan shayari in hindi,6,1,556.0
miss u ka short form,5,1,556.0
miss u lines for love,5,1,556.0
miss u mom,3,1,556.0
miss u nana quotes,4,1,556.0
miss u one line quotes,5,1,556.0
miss u papa images,4,1,556.0
miss u quotes for colleagues,5,1,556.0
miss u rip,3,1,556.0
miss u so much meaning in kannada,7,1,556.0
miss u too much meaning in hindi,7,1,556.0
miss u va,3,1,556.0
miss u whatsapp dp,4,1,556.0
miss u yaar meaning in hindi,6,1,556.0
miss universe 2024,3,1,556.0
miss you aai shayari,4,1,556.0
miss you amma status,4,1,556.0
miss you babu,3,1,556.0
miss you bestie captions for instagram,6,1,556.0
miss you bondhu caption,4,1,556.0
miss you by zuchu,4,1,556.0
miss you card for teacher,5,1,556.0
miss you cricket shayari,4,1,556.0
miss you daddy,3,1,556.0
miss you dear caption,4,1,556.0
miss you dost shayari rip,5,1,556.0
miss you everyday caption,4,1,556.0
miss you everything in hindi,5,1,556.0
miss you for love,4,1,556.0
miss you grandma quotes in kannada,6,1,556.0
miss you heart emoji,4,1,556.0
miss you i status,4,1,556.0
miss you jaan ka matlab,5,1,556.0
miss you jaan shayari 2 line,6,1,556.0
miss you jigri yaar shayari in hindi,7,1,556.0
miss you kannada kavanagalu,4,1,556.0
miss you king shayari,4,1,556.0
miss you legend caption,4,1,556.0
miss you lots quotes,4,1,556.0
miss you maa shayari urdu,5,1,556.0
miss you more meaning in hindi,6,1,556.0
miss you nana shayari in hindi,6,1,556.0
miss you nani caption in hindi,6,1,556.0
miss you not delivered,4,1,556.0
miss you note,3,1,556.0
miss you old version,4,1,556.0
miss you papa caption in gujarati,6,1,556.0
miss you papa in english,5,1,556.0
miss you papa shayari gujarati,5,1,556.0
miss you poster template,4,1,556.0
miss you quotes brother short,5,1,556.0
miss you quotes someone passed away,6,1,556.0
miss you really,3,1,556.0
miss you sad caption,4,1,556.0
miss you sad shayari in hindi,6,1,556.0
miss you shayari bio,4,1,556.0
miss you shayari dard bhari,5,1,556.0
miss you shayari english 2 line in hindi,8,1,556.0
miss you shayari gf,4,1,556.0
miss you shayari hindi 2 line sad,7,1,556.0
miss you shayari love hindi,5,1,556.0
miss you shayari marathi text,5,1,556.0
miss you sister captions one word,6,1,556.0
miss you song lyrics,4,1,556.0
miss you teacher shayari,4,1,556.0
miss you those days meaning in hindi,7,1,556.0
miss you uncle ji in hindi,6,1,556.0
miss you video download,4,1,556.0
miss you vrindavan shayari,4,1,556.0
miss you watch for couple,5,1,556.0
miss you with roses,4,1,556.0
miss you x better off alone,6,1,556.0
miss you zhang ruonan,4,1,556.0
missing you a lot in hindi,6,1,556.0
missing you baby meaning in hindi,6,1,556.0
missing you best quotes,4,1,556.0
missing you dear,3,1,556.0
missing you every moment,4,1,556.0
missing you extra quotes,4,1,556.0
missing you format,3,1,556.0
missing you friends caption,4,1,556.0
missing you grandfather quotes,4,1,556.0
missing you harlan coben imdb,5,1,556.0
missing you japanese lyrics,4,1,556.0
missing you ka reply,4,1,556.0
missing you like hell,4,1,556.0
missing you meaning in urdu,5,1,556.0
missing you no more jordan davis,6,1,556.0
missing you now,3,1,556.0
missing you on netflix,4,1,556.0
missing you poem,3,1,556.0
missing you quotes grief,4,1,556.0
missing you quotes heaven,4,1,556.0
missing you quotes in english,5,1,556.0
missing you romantic gif,4,1,556.0
missing you synonyms,3,1,556.0
missing you tv series,4,1,556.0
missing you urdu poetry,4,1,556.0
missing you very badly quotes,5,1,556.0
missing you with gladys knight,5,1,556.0
missing you words,3,1,556.0
missing you yoon eun hye drama,6,1,556.0
quotes when you miss your family,6,1,556.0
what miss universe 2024,4,1,556.0
what you missing about me,5,1,556.0
what's i miss you in yoruba,6,1,556.0
when i miss you book,5,1,556.0
when miss universe thailand 2025,5,1,556.0
which miss usa committed suicidé,5,1,556.0
who's miss universe 2023,4,1,556.0
why miss universe thailand,4,1,556.0
i miss you full form,5,1,556.0
i miss you papa tattoo,5,1,556.0
miss you appu,3,1,556.0
miss you bapu shayari on life,6,1,556.0
miss you yaaro in hindi,5,1,556.0
what's i miss you in korean,6,1,556.0
best love miss you shayari,5,1,556.0
miss you free fire india,5,1,556.0
bahut yaad aa rahi ho,5,1,556.0
can i see you miss meaning in hindi,8,1,556.0
i miss you 100 times without emoji,7,1,556.0
i miss you freedom,4,1,556.0
i miss you maa photo,5,1,556.0
i miss you ne demek,5,1,556.0
miss you bhai in hindi,5,1,556.0
miss you chachu shayari,4,1,556.0
miss you love you 2026 imdb,6,1,556.0
miss you nana ji shayari in hindi,7,1,556.0
miss you papa after death status,6,1,556.0
miss you so much quotes,5,1,556.0
when you miss a friend quotes,6,1,556.0
who songs i miss you,5,1,556.0
who you miss en español,5,1,556.0
मिस यू ऑनलाइन,3,1,556.0
मिस यू माँ स्टेटस इन हिंदी,6,1,556.0
bobby womack how i miss you baby videos,8,1,555.0
can long distance relationships work out,6,1,555.0
doctor yaad app,3,1,555.0
how many long distance relationships last,6,1,555.0
how to check yaad and road balance,7,1,555.0
i just miss you i just miss us baby,9,1,555.0
i miss you babe reply,5,1,555.0
i miss you baby by marvin gaye,7,1,555.0
i miss you baby chinese,5,1,555.0
i miss you baby girl gif,6,1,555.0
i miss you baby in jamaican,6,1,555.0
i miss you baby in nepali,6,1,555.0
i miss you baby lyrics original,6,1,555.0
i miss you baby shayari,5,1,555.0
i miss you baby the dells,6,1,555.0
i miss you images for her,6,1,555.0
i miss you janu dp,5,1,555.0
i miss you jerry images,5,1,555.0
i miss you lyrics baby smoove,6,1,555.0
i miss you message to make her smile,8,1,555.0
i miss you my baby,5,1,555.0
i miss you p name dp,6,1,555.0
i miss you pretty baby,5,1,555.0
i miss you quotes for friends,6,1,555.0
i miss you too baby in spanish,7,1,555.0
i really miss you baby quotes,6,1,555.0
i will miss you quotes for kids,7,1,555.0
if i lose you baby bruno mars lyrics,8,1,555.0
irfan zakaria i miss you baby,6,1,555.0
is it a long term relationship,6,1,555.0
long distance love map maker online free,7,1,555.0
long distance relationship after marriage,5,1,555.0
long distance relationship apps reddit,5,1,555.0
long distance relationship best songs,5,1,555.0
long distance relationship between husband and wife,7,1,555.0
long distance relationship captions for him,6,1,555.0
long distance relationship dating apps free,6,1,555.0
long distance relationship day 2026 india,6,1,555.0
long distance relationship eid wishes,5,1,555.0
long distance relationship failure rate,5,1,555.0
long distance relationship for him quotes,6,1,555.0
long distance relationship games to play,6,1,555.0
long distance relationship husband quotes,5,1,555.0
long distance relationship in other words,6,1,555.0
long distance relationship is all about meaning in hindi,9,1,555.0
long distance relationship japanese,4,1,555.0
long distance relationship love captions,5,1,555.0
long distance relationship memes,4,1,555.0
long distance relationship miss you captions,6,1,555.0
long distance relationship notion template,5,1,555.0
long distance relationship online dating sites,6,1,555.0
long distance relationship photo prompt,5,1,555.0
long distance relationship robot camera,5,1,555.0
long distance relationship songs hindi,5,1,555.0
long distance relationship tools,4,1,555.0
long distance relationship uk to new zealand,7,1,555.0
long distance relationship us and canada,6,1,555.0
long distance relationship virtual date ideas,6,1,555.0
long distance relationship with kids,5,1,555.0
long distance relationship without meeting reddit,6,1,555.0
miss u quotes for best friend short,7,1,555.0
miss you akka images,4,1,555.0
miss you already images free,5,1,555.0
miss you amma quotes in telugu,6,1,555.0
miss you appa photos,4,1,555.0
miss you babe images,4,1,555.0
miss you chinni images,4,1,555.0
miss you daughter message,4,1,555.0
miss you dhoni images,4,1,555.0
miss you grandma images,4,1,555.0
miss you honey images,4,1,555.0
miss you in picture,4,1,555.0
miss you ki picture,4,1,555.0
miss you maa dp girl,5,1,555.0
miss you maa msg in hindi,6,1,555.0
miss you message in urdu,5,1,555.0
miss you message tone,4,1,555.0
miss you messages for mom after death,7,1,555.0
miss you mom images with quotes,6,1,555.0
miss you msg for gf in marathi,7,1,555.0
miss you msg reply,4,1,555.0
miss you msg to bf,5,1,555.0
miss you pattu images,4,1,555.0
miss you quotes for birthday,5,1,555.0
miss you quotes for classmates,5,1,555.0
miss you quotes for dead mother,6,1,555.0
miss you quotes for grandfather in marathi,7,1,555.0
miss you quotes for him in english,7,1,555.0
miss you quotes for instagram notes,6,1,555.0
miss you quotes for love for him,7,1,555.0
miss you quotes for sir,5,1,555.0
miss you rip quotes for loved ones,7,1,555.0
miss you romantic message for him,6,1,555.0
miss you short msg,4,1,555.0
miss you sketch images,4,1,555.0
miss you teacher images,4,1,555.0
missing you quotes for her in urdu,7,1,555.0
missing you quotes for him one word,7,1,555.0
open when long distance relationship,5,1,555.0
synonyms for yaad in hindi,5,1,555.0
what does yaad mean in punjabi,6,1,555.0
what keep long distance relationship,5,1,555.0
when was yaadein released,4,1,555.0
when you miss him messages,5,1,555.0
which year ipl started,4,1,555.0
who is yaad delicious in dungeon,6,1,555.0
why long distance relationship is good,6,1,555.0
wife husband miss you love sms bangla,7,1,555.0
yaad aaoge bhaiya lyrics urdu,5,1,555.0
yaad bhojpuri song lyrics,4,1,555.0
yaad caption in english,4,1,555.0
yaad dahani in english,4,1,555.0
yaad e hussain,3,1,555.0
yaad food jamaican restaurant menu,5,1,555.0
yaad good morning,3,1,555.0
yaad hai kuch bhi hamari lyrics,6,1,555.0
yaad jassa dhillon lyrics english,5,1,555.0
yaad karne best tarika,4,1,555.0
yaad ko english,3,1,555.0
yaad lines,2,1,555.0
yaad mein teri,3,1,555.0
yaad navaan sandhu lyrics,4,1,555.0
yaad old song,3,1,555.0
yaad piya ki aane lagi old song,7,1,555.0
yaad quotes in english short,5,1,555.0
yaad rakhne ki dua,4,1,555.0
yaad shayari hindi love,4,1,555.0
yaad teri aayegi meme,4,1,555.0
yaad uski itni khoob nahi,5,1,555.0
yaad vybz,2,1,555.0
yaad wale status,3,1,555.0
yaad yaad reh jati hai,5,1,555.0
you know i miss you baby,6,1,555.0
zara yaad kar cast,4,1,555.0
miss you mama quotes in marathi,6,1,555.0
ajoba miss you shayari,4,1,555.0
friend miss you captions one word,6,1,555.0
how i miss you my love song,7,1,555.0
how is miss universe 2026,5,1,555.0
how much missing you quotes,5,1,555.0
how much you miss him quotes,6,1,555.0
i miss you appa quotes kannada short pdf,8,1,555.0
i miss you bestie shayari,5,1,555.0
i miss you blink 182 lyrics,6,1,555.0
i miss you caption bangla,5,1,555.0
i miss you daddy,4,1,555.0
i miss you drama,4,1,555.0
i miss you every time in hindi,7,1,555.0
i miss you for long distance relationship,7,1,555.0
i miss you free images with quotes,7,1,555.0
i miss you good night,5,1,555.0
i miss you husband ji,5,1,555.0
i miss you ka reply kya de in english,9,1,555.0
i miss you legend meaning in hindi,7,1,555.0
i miss you meme generator,5,1,555.0
i miss you my love,5,1,555.0
i miss you nani maa in hindi,7,1,555.0
i miss you other language,5,1,555.0
i miss you ronaldo,4,1,555.0
i miss you status video,5,1,555.0
i miss you thoughts,4,1,555.0
i miss you underwear,4,1,555.0
i miss you vs i am missing you,8,1,555.0
i miss you what to reply,6,1,555.0
i miss you with me lyrics,6,1,555.0
i miss you xhosa,4,1,555.0
i miss you youtube,4,1,555.0
i miss you zambian song,5,1,555.0
i will gonna miss you quotes,6,1,555.0
i will missing you meaning,5,1,555.0
is miss universe latina a country,6,1,555.0
it was missing you meaning,5,1,555.0
miss u a lot,4,1,555.0
miss u app download,4,1,555.0
miss u baby,3,1,555.0
miss u bestie best friend status,6,1,555.0
miss u couple images,4,1,555.0
miss u dad tattoo,4,1,555.0
miss u emoji pic,4,1,555.0
miss u family quotes,4,1,555.0
miss u gif couple,4,1,555.0
miss u ka reply in english,6,1,555.0
miss u lot meaning in telugu,6,1,555.0
miss u messages,3,1,555.0
miss u nanaji quotes in hindi,6,1,555.0
miss u office colleague quotes,5,1,555.0
miss u papa status in english,6,1,555.0
miss u papa status in hindi,6,1,555.0
miss u quotes for him,5,1,555.0
miss u romantic gif,4,1,555.0
miss u short form,4,1,555.0
miss u to all meaning in hindi,7,1,555.0
miss u urdu meaning,4,1,555.0
miss u vs missed u,5,1,555.0
miss u watch,3,1,555.0
miss u yrr meaning in hindi,6,1,555.0
miss you appa kavithai in tamil text,7,1,555.0
miss you best friend quotes in english,7,1,555.0
miss you bestie captions for instagram for girl,8,1,555.0
miss you bhai shayari rip in hindi,7,1,555.0
miss you bro,3,1,555.0
miss you by zahzah,4,1,555.0
miss you classmates quotes,4,1,555.0
miss you copy and paste,5,1,555.0
miss you cricket shayari in hindi,6,1,555.0
miss you dad caption in english,6,1,555.0
miss you everything meaning in hindi,6,1,555.0
miss you freestyle lyrics,4,1,555.0
miss you friends caption,4,1,555.0
miss you grandfather,3,1,555.0
miss you janu stylish name,5,1,555.0
miss you jigri yaar shayari marathi,6,1,555.0
miss you jiju shayari in hindi,6,1,555.0
miss you ka reply,4,1,555.0
miss you ki shayari in hindi,6,1,555.0
miss you love caption bangla,5,1,555.0
miss you love quotes in tamil,6,1,555.0
miss you movie ott,4,1,555.0
miss you my wife shayari in hindi,7,1,555.0
miss you nani shayari in hindi text,7,1,555.0
miss you niye caption english,5,1,555.0
miss you no more,4,1,555.0
miss you old memories in hindi,6,1,555.0
miss you papa shayari urdu,5,1,555.0
miss you partner caption,4,1,555.0
miss you pic,3,1,555.0
miss you quotes bhai,4,1,555.0
miss you quotes death loved one,6,1,555.0
miss you quotes girl,4,1,555.0
miss you quotes shayari,4,1,555.0
miss you ringtone download mp3,5,1,555.0
miss you shayari dadi maa,5,1,555.0
miss you shayari emoji,4,1,555.0
miss you shayari girlfriend,4,1,555.0
miss you shayari love sad,5,1,555.0
miss you shayari my love,5,1,555.0
miss you sister caption in marathi,6,1,555.0
miss you sister shayari gujarati,5,1,555.0
miss you song template capcut,5,1,555.0
miss you status for love,5,1,555.0
miss you tauji shayari in hindi,6,1,555.0
miss you too in hindi,5,1,555.0
miss you unlimited,3,1,555.0
miss you vn code,4,1,555.0
miss you whatsapp status,4,1,555.0
miss you with kiss gif,5,1,555.0
miss you zuchu ft rayvanny,5,1,555.0
missing you all meaning,4,1,555.0
missing you become my punishment,5,1,555.0
missing you best friend in hindi,6,1,555.0
missing you dearly meaning,4,1,555.0
missing you everyday quotes for her,6,1,555.0
missing you extra today,4,1,555.0
missing you family quotes,4,1,555.0
missing you for her quotes,5,1,555.0
missing you guys reply to friend,6,1,555.0
missing you husband quotes,4,1,555.0
missing you japanese song lyrics,5,1,555.0
missing you ka reply kya de in english,8,1,555.0
missing you like anything meaning,5,1,555.0
missing you message for him,5,1,555.0
missing you netflix episodes,4,1,555.0
missing you no more,4,1,555.0
missing you one line quotes,5,1,555.0
missing you parents guide,4,1,555.0
missing you quotes for friends,5,1,555.0
missing you reply to friend,5,1,555.0
missing you sister quotes,4,1,555.0
missing you to meaning in hindi,6,1,555.0
missing you until we meet again,6,1,555.0
missing you video,3,1,555.0
missing you web series review,5,1,555.0
missing you with emoji,4,1,555.0
missing you yoo seung ho,5,1,555.0
shayari miss you bhaiya,4,1,555.0
thank you and miss you quotes,6,1,555.0
very miss you shayari,4,1,555.0
we will miss you template card,6,1,555.0
what miss universe live,4,1,555.0
what you miss meaning,4,1,555.0
when i miss you song,5,1,555.0
when miss universe 2025 schedule,5,1,555.0
when you miss in hindi,5,1,555.0
which miss universe crown is the most expensive,8,1,555.0
who's miss universe thailand 2025,5,1,555.0
why miss universe cote d ivoire,6,1,555.0
will forever miss you quotes,5,1,555.0
i miss you a lot meaning in kannada,8,1,555.0
i miss you family,4,1,555.0
miss you after goodbye dailymotion,5,1,555.0
miss you bhai shayari gujarati om shanti,7,1,555.0
miss you google,3,1,555.0
miss you your voice,4,1,555.0
miss you nishu bhai,4,1,555.0
miss you photo frame online,5,1,555.0
miss you bestie par shayari,5,1,555.0
miss you papa in hindi,5,1,555.0
i miss you say,4,1,555.0
i miss you sign language,5,1,555.0
miss you chinese movie 2026,5,1,555.0
miss you chote bhai,4,1,555.0
miss you papa shayari gujarati text,6,1,555.0
miss your face,3,1,555.0
ways to say i miss you without saying it,9,1,555.0
who you miss meaning,4,1,555.0
मिस यू माँ इमेजेज,4,1,555.0
baby i miss you co to znaczy po polsku,9,1,554.0
baby i miss you very much,6,1,554.0
can long distance relationships really work,6,1,554.0
how make long distance relationship work,6,1,554.0
how much i miss you message for her,8,1,554.0
how to say yaad in english,6,1,554.0
i just miss you i just miss us baby lyrics,10,1,554.0
i m missing you baby by enrique,7,1,554.0
i miss you ammi jaan dp islamic,7,1,554.0
i miss you b name dp,6,1,554.0
i miss you babe in japanese,6,1,554.0
i miss you baby by aerosmith,6,1,554.0
i miss you baby do you talking to,8,1,554.0
i miss you baby guy,5,1,554.0
i miss you baby in heaven,6,1,554.0
i miss you baby in kinyarwanda,6,1,554.0
i miss you baby most of all,7,1,554.0
i miss you baby sweet,5,1,554.0
i miss you cute baby,5,1,554.0
i miss you images love,5,1,554.0
i miss you little baby,5,1,554.0
i miss you message,4,1,554.0
i miss you msg ringtone download,6,1,554.0
i miss you my baby quotes,6,1,554.0
i miss you quotes for best friend,7,1,554.0
i miss you quotes for my sister,7,1,554.0
i miss you to baby,5,1,554.0
if i lose you baby bruno,6,1,554.0
long distance relationship after meeting quotes,6,1,554.0
long distance relationship app games,5,1,554.0
long distance relationship bestie,4,1,554.0
long distance relationship brother and sister quotes,7,1,554.0
long distance relationship cards,4,1,554.0
long distance relationship date 2026,5,1,554.0
long distance relationship day date,5,1,554.0
long distance relationship eid quotes,5,1,554.0
long distance relationship for work,5,1,554.0
long distance relationship gifts for him,6,1,554.0
long distance relationship how to make it work,8,1,554.0
long distance relationship images hd free download,7,1,554.0
long distance relationship instagram notes,5,1,554.0
long distance relationship jealousy reddit,5,1,554.0
long distance relationship kavithai in tamil,6,1,554.0
long distance relationship letter for girlfriend,6,1,554.0
long distance relationship movies hindi,5,1,554.0
long distance relationship new year messages,6,1,554.0
long distance relationship one year anniversary,6,1,554.0
long distance relationship online reddit,5,1,554.0
long distance relationship problems in hindi,6,1,554.0
long distance relationship quotes for sister,6,1,554.0
long distance relationship rings,4,1,554.0
long distance relationship series,4,1,554.0
long distance relationship two lines,5,1,554.0
long distance relationship uni,4,1,554.0
long distance relationship video status,5,1,554.0
long distance relationship with no end date,7,1,554.0
long distance relationship without meeting quotes,6,1,554.0
long distance relationship words,4,1,554.0
long i miss you sms for her,7,1,554.0
long term relationship format,4,1,554.0
miss do you know where the fruits are,8,1,554.0
miss u sir sms,4,1,554.0
miss u yar image,4,1,554.0
miss you aai msg,4,1,554.0
miss you amma quotes in tamil,6,1,554.0
miss you babe message,4,1,554.0
miss you beta images,4,1,554.0
miss you chinnu images,4,1,554.0
miss you cousin message,4,1,554.0
miss you da images,4,1,554.0
miss you dadi message,4,1,554.0
miss you email messages,4,1,554.0
miss you good night images,5,1,554.0
miss you goodnight images,4,1,554.0
miss you heart images,4,1,554.0
miss you images for daughter,5,1,554.0
miss you laddu images,4,1,554.0
miss you love message to my husband,7,1,554.0
miss you maa dp boy,5,1,554.0
miss you maa images in hindi,6,1,554.0
miss you message for best friend girl,7,1,554.0
miss you message for kids,5,1,554.0
miss you message to boyfriend,5,1,554.0
miss you messages for sister long distance,7,1,554.0
miss you mom dp girl,5,1,554.0
miss you mom images free download,6,1,554.0
miss you mom quotes images,5,1,554.0
miss you msg for bf in hindi,7,1,554.0
miss you mum quotes uk,5,1,554.0
miss you my jaan images,5,1,554.0
miss you papa dp pic for whatsapp,7,1,554.0
miss you papa message from daughter,6,1,554.0
miss you papa msg,4,1,554.0
miss you papa sad dp,5,1,554.0
miss you quotes for child,5,1,554.0
miss you quotes for death,5,1,554.0
miss you quotes for friend going abroad,7,1,554.0
miss you quotes for grandmother in marathi,7,1,554.0
miss you quotes for long distance best friend girl,9,1,554.0
miss you quotes for maa,5,1,554.0
miss you quotes for school friends,6,1,554.0
miss you quotes in korean,5,1,554.0
miss you radha krishna images,5,1,554.0
miss you sir images,4,1,554.0
miss you sister dp for whatsapp,6,1,554.0
miss you text message,4,1,554.0
miss you thangoo images,4,1,554.0
miss you too quotes for best friend,7,1,554.0
miss you too text messages,5,1,554.0
missing you at easter images,5,1,554.0
missing you quotes for him funny,6,1,554.0
rip miss you quotes for friend,6,1,554.0
romantic miss you images for girlfriend,6,1,554.0
sabrina zohar long distance relationship,5,1,554.0
synonyms for yaad in urdu,5,1,554.0
what is long distance relationship in hindi,7,1,554.0
what is yaad style,4,1,554.0
when is long distance relationship day,6,1,554.0
when is national long distance relationship day,7,1,554.0
when was yaadon ki baaraat released,6,1,554.0
which year was jesus born,5,1,554.0
who wrote yaadon ki baaraat,5,1,554.0
why long distance relationships can work,6,1,554.0
will miss you quotes for teacher,6,1,554.0
yaad aa jaye to tera naam lyrics,7,1,554.0
yaad ai app,3,1,554.0
yaad by navaan sandhu lyrics,5,1,554.0
yaad chahe na kar,4,1,554.0
yaad dreamcatcher lyrics,3,1,554.0
yaad e nabi ka gulshan mehka mehka lagta hai lyrics,10,1,554.0
yaad flavour,2,1,554.0
yaad ghazal in hindi,4,1,554.0
yaad hu mai in english,5,1,554.0
yaad jab aa jata hai baba lyrics,7,1,554.0
yaad karne ka tarika,4,1,554.0
yaad karne ki best trick,5,1,554.0
yaad lyrics navaan sandhu,4,1,554.0
yaad me aaqa ke aansu bah gaye lyrics,8,1,554.0
yaad na jaaye karaoke,4,1,554.0
yaad oo ringtone,3,1,554.0
yaad piya ki,3,1,554.0
yaad quotes in hindi on life,6,1,554.0
yaad rakhna in hindi,4,1,554.0
yaad shayari 2 line english,5,1,554.0
yaad teri aati hai song,5,1,554.0
yaad urdu quotes,3,1,554.0
yaad vibes,2,1,554.0
yaad word se song,4,1,554.0
yaad yaad aati hai lyrics,5,1,554.0
yaadon ki baaraat songs,4,1,554.0
you miss me do,4,1,554.0
zara yaad kar last episode,5,1,554.0
miss you love quotes one line,6,1,554.0
miss you mumma quotes,4,1,554.0
miss you quotes him,4,1,554.0
bestie miss you captions one word,6,1,554.0
how do i miss you quotes,6,1,554.0
how i miss your mother,5,1,554.0
how much miss universe in india,6,1,554.0
i miss you ai generator,5,1,554.0
i miss you appa meaning in tamil,7,1,554.0
i miss you bestie 100 times,6,1,554.0
i miss you bhai in hindi,6,1,554.0
i miss you caption for him,6,1,554.0
i miss you chacha,4,1,554.0
i miss you dada ji in hindi,7,1,554.0
i miss you emoji text copy and paste,8,1,554.0
i miss you forever meaning in bengali,7,1,554.0
i miss you guys a lot meaning in hindi,9,1,554.0
i miss you how to say in tamil,8,1,554.0
i miss you jaan in hindi,6,1,554.0
i miss you korean language,5,1,554.0
i miss you like the deserts miss the rain,9,1,554.0
i miss you meaning in malayalam,6,1,554.0
i miss you nana ji,5,1,554.0
i miss you not in a slint way,8,1,554.0
i miss you or i'm missing you,7,1,554.0
i miss you picture,4,1,554.0
i miss you qr code,5,1,554.0
i miss you re sweet heart lyrics,7,1,554.0
i miss you so much messages from the heart,9,1,554.0
i miss you status tamil,5,1,554.0
i miss you to all meaning in hindi,8,1,554.0
i miss you ukulele chords,5,1,554.0
i miss you very much in korean,7,1,554.0
i miss you whatsapp status,5,1,554.0
i miss you with all my soul,7,1,554.0
i miss you xoxo meaning,5,1,554.0
i miss you you know it's true,7,1,554.0
i miss you zubeen the,5,1,554.0
i will missing you diddy,5,1,554.0
is miss universe live,4,1,554.0
miss u anna,3,1,554.0
miss u appa dp images,5,1,554.0
miss u bestie quotes short,5,1,554.0
miss u bro,3,1,554.0
miss u card for best friend,6,1,554.0
miss u dp girl,4,1,554.0
miss u everyday,3,1,554.0
miss u good night,4,1,554.0
miss u husband quotes in hindi,6,1,554.0
miss u in zulu,4,1,554.0
miss u jaan images,4,1,554.0
miss u jeje quotes,4,1,554.0
miss u ka symbol,4,1,554.0
miss u line,3,1,554.0
miss u mummy,3,1,554.0
miss u nanna quotes from daughter,6,1,554.0
miss u other words in english,6,1,554.0
miss u papa quotes from daughter,6,1,554.0
miss u quotes dad,4,1,554.0
miss u quotes for friends,5,1,554.0
miss u quotes hindi,4,1,554.0
miss u reply to friend,5,1,554.0
miss u sister status for whatsapp,6,1,554.0
miss u song lyrics,4,1,554.0
miss u too meaning,4,1,554.0
miss u urdu,3,1,554.0
miss u vintage,3,1,554.0
miss u whatsapp sticker,4,1,554.0
miss u yaar quotes,4,1,554.0
miss universe karnataka 2026,4,1,554.0
miss you ajoba status,4,1,554.0
miss you all captions for instagram,6,1,554.0
miss you all shayari,4,1,554.0
miss you app download,4,1,554.0
miss you baba,3,1,554.0
miss you baby caption,4,1,554.0
miss you bestie captions funny,5,1,554.0
miss you bestie meaning in hindi,6,1,554.0
miss you caption for bestie,5,1,554.0
miss you children quotes,4,1,554.0
miss you college life quotes,5,1,554.0
miss you cousin captions for instagram,6,1,554.0
miss you dadi caption in hindi,6,1,554.0
miss you didi,3,1,554.0
miss you dost shayari urdu,5,1,554.0
miss you english meaning,4,1,554.0
miss you for,3,1,554.0
miss you for girlfriend,4,1,554.0
miss you husband shayari in english text,7,1,554.0
miss you ji shayari,4,1,554.0
miss you ka meaning,4,1,554.0
miss you kakosa shayari,4,1,554.0
miss you long caption,4,1,554.0
miss you lot quotes,4,1,554.0
miss you love quotes in marathi,6,1,554.0
miss you meaning in kannada text,6,1,554.0
miss you my village quotes,5,1,554.0
miss you nanad shayari,4,1,554.0
miss you nani maa quotes in english,7,1,554.0
miss you nanna captions for instagram,6,1,554.0
miss you nanna quotes in english short,7,1,554.0
miss you new year shayari,5,1,554.0
miss you not meaning in urdu,6,1,554.0
miss you oliver tree original song,6,1,554.0
miss you papa shayari 2 line in hindi,8,1,554.0
miss you papa tattoo,4,1,554.0
miss you quotes dog,4,1,554.0
miss you quotes in english love,6,1,554.0
miss you quotes in english one line,7,1,554.0
miss you quotes son,4,1,554.0
miss you quotes to a friend,6,1,554.0
miss you quotes to wife,5,1,554.0
miss you rip quotes,4,1,554.0
miss you shayari 2 line english for best friend,9,1,554.0
miss you shayari bf,4,1,554.0
miss you shayari didi,4,1,554.0
miss you shayari english 2 line with emoji,8,1,554.0
miss you shayari girl,4,1,554.0
miss you shayari hindi 2 line love with emoji,9,1,554.0
miss you shayari love marathi,5,1,554.0
miss you shayari maa in hindi,6,1,554.0
miss you sir shayari,4,1,554.0
miss you someone caption,4,1,554.0
miss you spelling,3,1,554.0
miss you tauji shayari,4,1,554.0
miss you veer shayari in punjabi,6,1,554.0
miss you very badly quotes,5,1,554.0
miss you wife captions for instagram,6,1,554.0
miss you wife quotes in tamil,6,1,554.0
miss you wishes for love,5,1,554.0
miss you xo,3,1,554.0
miss. you jaan wali shayari,5,1,554.0
missing you amma quotes,4,1,554.0
missing you best friend meaning in hindi,7,1,554.0
missing you brother meaning in hindi,6,1,554.0
missing you darling,3,1,554.0
missing you every single day,5,1,554.0
missing you format for him,5,1,554.0
missing you funny quotes,4,1,554.0
missing you gif for her,5,1,554.0
missing you hurts differently in hindi,6,1,554.0
missing you john waite lyrics,5,1,554.0
missing you kannada songs,4,1,554.0
missing you lines,3,1,554.0
missing you movie ott,4,1,554.0
missing you netflix korean,4,1,554.0
missing you no of episodes,5,1,554.0
missing you other language,4,1,554.0
missing you poster,3,1,554.0
missing you quotes for him long distance,7,1,554.0
missing you rating netflix,4,1,554.0
missing you so badly meaning in hindi,7,1,554.0
missing you too is correct,5,1,554.0
missing you ukulele,3,1,554.0
missing you vanessa,3,1,554.0
missing you watch online,4,1,554.0
missing you with me,4,1,554.0
missing you yeo jin goo,5,1,554.0
quotes when you miss your mom,6,1,554.0
we miss you free images,5,1,554.0
we'll miss you template,4,1,554.0
what miss universe won,4,1,554.0
what's i miss you in sign language,7,1,554.0
when i miss you for the rest of my life lyrics,11,1,554.0
when miss universe philippines 2025,5,1,554.0
when you miss me quotes,5,1,554.0
which miss universe,3,1,554.0
who's lose you to love me about,7,1,554.0
who's miss universe 2022,4,1,554.0
why miss universe 2024,4,1,554.0
i miss you a lot in hindi,7,1,554.0
miss you appa tattoo,4,1,554.0
shayari on miss you,4,1,554.0
miss you always meaning in hindi,6,1,554.0
who is miss you man about,6,1,554.0
bahut yaad aa rahi ho english translation,7,1,554.0
how to say i miss you without sounding desperate,9,1,554.0
i miss the old you template capcut,7,1,554.0
i miss you kdrama watch online,6,1,554.0
miss you best friend par shayari,6,1,554.0
miss you gif romantic,4,1,554.0
miss you love you 2026 review,6,1,554.0
miss you roupa online,4,1,554.0
phir meri yaad aa rahi hogi,6,1,554.0
what i miss you meaning,5,1,554.0
who do i miss you,5,1,554.0
baby uk that i miss you lyrics,7,1,553.0
can long distance relationships be successful,6,1,553.0
can long distance relationships work,5,1,553.0
co to znaczy i miss you baby,7,1,553.0
gen z long distance relationship,5,1,553.0
gonna miss you quotes for best friend,7,1,553.0
how do long distance relationships last,6,1,553.0
how much i miss you message for him,8,1,553.0
how to pronounce yaad,4,1,553.0
husband wife romantic miss you love sms bangla,8,1,553.0
i miss you babe in korean,6,1,553.0
i miss you babe in nepali,6,1,553.0
i miss you baby boy quotes,6,1,553.0
i miss you baby california honeydrops,6,1,553.0
i miss you baby in dutch,6,1,553.0
i miss you baby in portuguese,6,1,553.0
i miss you baby lyrics original song,7,1,553.0
i miss you baby so much,6,1,553.0
i miss you by baby smoove,6,1,553.0
i miss you dada ji dp,6,1,553.0
i miss you f name dp,6,1,553.0
i miss you images with quotes,6,1,553.0
i miss you jyoti image,5,1,553.0
i miss you kajal image,5,1,553.0
i miss you lyrics baby mel,6,1,553.0
i miss you message for my love,7,1,553.0
i miss you my baby in spanish,7,1,553.0
i miss you new images,5,1,553.0
i miss you quotes for long distance relationship,8,1,553.0
i miss you quotes for my best friend,8,1,553.0
i miss you quotes for my nephew,7,1,553.0
i miss you too baby meaning in hindi,8,1,553.0
i've missed you baby,4,1,553.0
if i lose you baby bruno mars chords,8,1,553.0
images of miss you dad,5,1,553.0
international long distance relationship day 2026,6,1,553.0
long distance relationship 3 years,5,1,553.0
long distance relationship activities online,5,1,553.0
long distance relationship apps for iphone and android,8,1,553.0
long distance relationship best shayari,5,1,553.0
long distance relationship bracelets vibrate,5,1,553.0
long distance relationship capcut template,5,1,553.0
long distance relationship drawing ideas,5,1,553.0
long distance relationship expectations,4,1,553.0
long distance relationship for shayari,5,1,553.0
long distance relationship fun activities,5,1,553.0
long distance relationship gifts for girlfriend,6,1,553.0
long distance relationship husband birthday wishes,6,1,553.0
long distance relationship india reddit,5,1,553.0
long distance relationship is good or bad,7,1,553.0
long distance relationship journal ideas,5,1,553.0
long distance relationship k drama,5,1,553.0
long distance relationship love quotes in english,7,1,553.0
long distance relationship map generator,5,1,553.0
long distance relationship movie app,5,1,553.0
long distance relationship overthinking,4,1,553.0
long distance relationship prompt gemini,5,1,553.0
long distance relationship quotes sad,5,1,553.0
long distance relationship red flags,5,1,553.0
long distance relationship shayari in urdu,6,1,553.0
long distance relationship tamil quotes,5,1,553.0
long distance relationship us europe,5,1,553.0
long distance relationship video call quotes for instagram,8,1,553.0
long distance relationship website game,5,1,553.0
long distance relationship with a nigerian man,7,1,553.0
long distance relationship without texting,5,1,553.0
long term relationship format for client,6,1,553.0
long term relationship online,4,1,553.0
love you miss you images,5,1,553.0
miss you abba images,4,1,553.0
miss you amma quotes in english,6,1,553.0
miss you appa picture,4,1,553.0
miss you boss images,4,1,553.0
miss you cute images with quotes,6,1,553.0
miss you dad images free,5,1,553.0
miss you death message,4,1,553.0
miss you dp pic girl,5,1,553.0
miss you drawing images,4,1,553.0
miss you grandma message,4,1,553.0
miss you hand images,4,1,553.0
miss you icon pictures images,5,1,553.0
miss you images for love,5,1,553.0
miss you letter hindi,4,1,553.0
miss you love images for her,6,1,553.0
miss you love message for her long distance,8,1,553.0
miss you maa images for whatsapp,6,1,553.0
miss you maa whatsapp dp,5,1,553.0
miss you message for my wife,6,1,553.0
miss you message to friend,5,1,553.0
miss you messages for dad after death,7,1,553.0
miss you papa images from daughter,6,1,553.0
miss you papa in english images,6,1,553.0
miss you papa ki dp,5,1,553.0
miss you papa message ringtone,5,1,553.0
miss you par do line,5,1,553.0
miss you picture gif,4,1,553.0
miss you quotes for baby boy,6,1,553.0
miss you quotes for car,5,1,553.0
miss you quotes for dead friend,6,1,553.0
miss you quotes for female friend,6,1,553.0
miss you quotes for girlfriend in hindi,7,1,553.0
miss you quotes for mum,5,1,553.0
miss you quotes for someone special,6,1,553.0
miss you quotes in kannada text,6,1,553.0
miss you romantic quotes for boyfriend,6,1,553.0
miss you shona images,4,1,553.0
miss you sister msg,4,1,553.0
miss you sms,3,1,553.0
miss you sms to him,5,1,553.0
missing you everyday message,4,1,553.0
missing you quotes for him in hindi,7,1,553.0
missing you quotes for him one line,7,1,553.0
romantic i miss you sms for her,7,1,553.0
romantic miss you images for whatsapp,6,1,553.0
thank you and miss you message,6,1,553.0
what does yaadein meaning,4,1,553.0
what is long distance relationship in chinese,7,1,553.0
what miss do you use,5,1,553.0
when i miss you quotes for him,7,1,553.0
when is yaadein serial starting,5,1,553.0
when to end long distance relationship,6,1,553.0
which year is it in nepal now,7,1,553.0
who sung teri yaadein mulakatein,5,1,553.0
why long term relationship end,5,1,553.0
word for yaad in english,5,1,553.0
yaad aa raha hai chords,5,1,553.0
yaad bhuldi ni teri lyrics,5,1,553.0
yaad bites app,3,1,553.0
yaad caption in hindi,4,1,553.0
yaad dp,2,1,553.0
yaad e nabi meaning,4,1,553.0
yaad flava photos,3,1,553.0
yaad granules powder,3,1,553.0
yaad hindi,2,1,553.0
yaad jab aa jata hai baba noha lyrics,8,1,553.0
yaad karegi duniya tera mera afsana lyrics,7,1,553.0
yaad karne ka best time,5,1,553.0
yaad lyrics meaning,3,1,553.0
yaad meri unko bhi aati to hogi lyrics,8,1,553.0
yaad nahi aayi tujhe jassi,5,1,553.0
yaad original lyrics,3,1,553.0
yaad piya ki aane lagi bheegi bheegi raaton mein lyrics,10,1,553.0
yaad quotes in english for instagram,6,1,553.0
yaad rakho,2,1,553.0
yaad shayari on life,4,1,553.0
yaad translate in english,4,1,553.0
yaad unhe kiya jata hai,5,1,553.0
yaad vibez kitchen,3,1,553.0
yaad wrinkle,2,1,553.0
yaad yaad yaad lyrics hindi,5,1,553.0
you know i miss you baby song,7,1,553.0
zara yaad kar drama,4,1,553.0
can miss universe have plastic surgery,6,1,553.0
emotional shayari miss you,4,1,553.0
how i miss you baby,5,1,553.0
how i miss you tonight,5,1,553.0
how is miss universe jamaica,5,1,553.0
how to say miss you quotes,6,1,553.0
i miss who you are not who you are in hindi,11,1,553.0
i miss you appa quotes in tamil,7,1,553.0
i miss you bengali meaning,5,1,553.0
i miss you bestie gif,5,1,553.0
i miss you captions for boyfriend,6,1,553.0
i miss you card online,5,1,553.0
i miss you copy and paste 100 times,8,1,553.0
i miss you dad quotes,5,1,553.0
i miss you everything meaning in hindi,7,1,553.0
i miss you for the rest of my life,9,1,553.0
i miss you grandma rest in peace,7,1,553.0
i miss you how to tell in tamil,8,1,553.0
i miss you jaan shayari in hindi,7,1,553.0
i miss you ka matlab hindi mein,7,1,553.0
i miss you little extra today,6,1,553.0
i miss you meaning in number,6,1,553.0
i miss you nickname,4,1,553.0
i miss you not in some cheesy in hindi,9,1,553.0
i miss you oliver tree,5,1,553.0
i miss you papa in english,6,1,553.0
i miss you ra,4,1,553.0
i miss you shayari in english,6,1,553.0
i miss you status for girlfriend,6,1,553.0
i miss you this moment meaning in hindi,8,1,553.0
i miss you until i close my eyes,8,1,553.0
i miss you vs i'm missing you,7,1,553.0
i miss you when i wake up before you,9,1,553.0
i miss you with me chords,6,1,553.0
i miss you xoxo,4,1,553.0
i miss you year,4,1,553.0
i miss you zubeen garg,5,1,553.0
if someone miss you quotes,5,1,553.0
is miss universe a pageant,5,1,553.0
lose you,2,1,553.0
miss him quotes with images,5,1,553.0
miss u all,3,1,553.0
miss u appa quotes in tamil in english,8,1,553.0
miss u best friend quotes in marathi,7,1,553.0
miss u bhai shayari,4,1,553.0
miss u captions for instagram,5,1,553.0
miss u dad quotes in english,6,1,553.0
miss u dadi maa,4,1,553.0
miss u everyone,3,1,553.0
miss u father,3,1,553.0
miss u grandma quotes in english,6,1,553.0
miss u hubby caption,4,1,553.0
miss u janu quotes,4,1,553.0
miss u jiju status,4,1,553.0
miss u ka code word,5,1,553.0
miss u lot in hindi,5,1,553.0
miss u mister zee5,4,1,553.0
miss u movie,3,1,553.0
miss u nanna quotes in telugu,6,1,553.0
miss u no,3,1,553.0
miss u other languages,4,1,553.0
miss u pictures,3,1,553.0
miss u quotes for brother,5,1,553.0
miss u reply to boyfriend,5,1,553.0
miss u sister,3,1,553.0
miss u too in hindi,5,1,553.0
miss u velour doom,4,1,553.0
miss u whatsapp status video download,6,1,553.0
miss u young thug,4,1,553.0
miss universe 2023,3,1,553.0
miss you aho shayari,4,1,553.0
miss you all meaning in hindi,6,1,553.0
miss you bappa caption,4,1,553.0
miss you captions for instagram in hindi,7,1,553.0
miss you card for teacher message,6,1,553.0
miss you cat captions for instagram,6,1,553.0
miss you chachu quotes,4,1,553.0
miss you college shayari,4,1,553.0
miss you dada shayari gujarati,5,1,553.0
miss you everyday,3,1,553.0
miss you father quotes,4,1,553.0
miss you for everything,4,1,553.0
miss you free download mp3,5,1,553.0
miss you ganpati bappa visarjan quotes,6,1,553.0
miss you grandfather caption in marathi,6,1,553.0
miss you grandmother,3,1,553.0
miss you husband caption in english,6,1,553.0
miss you husband quotes in marathi,6,1,553.0
miss you husband quotes long distance,6,1,553.0
miss you jaan shayari for girlfriend,6,1,553.0
miss you jiju,3,1,553.0
miss you ka short form,5,1,553.0
miss you kaka shayari in hindi,6,1,553.0
miss you ke upar shayari,5,1,553.0
miss you lines kannada,4,1,553.0
miss you mam quotes in english,6,1,553.0
miss you mere yaar shayari,5,1,553.0
miss you much quotes,4,1,553.0
miss you nani quotes in english,6,1,553.0
miss you niece captions for instagram,6,1,553.0
miss you night shayari,4,1,553.0
miss you open online course,5,1,553.0
miss you ott,3,1,553.0
miss you papa quotes on father's day,7,1,553.0
miss you papa shayari in hindi text,7,1,553.0
miss you papa status,4,1,553.0
miss you quotes in english for friend,7,1,553.0
miss you quotes sinhala,4,1,553.0
miss you quotes to boyfriend,5,1,553.0
miss you quotes to her,5,1,553.0
miss you rotavator,3,1,553.0
miss you school shayari,4,1,553.0
miss you shayari baby,4,1,553.0
miss you shayari gulzar,4,1,553.0
miss you shayari husband,4,1,553.0
miss you shayari mummy,4,1,553.0
miss you someone quotes,4,1,553.0
miss you symbol,3,1,553.0
miss you tai caption in marathi,6,1,553.0
miss you too meaning,4,1,553.0
miss you too shayari,4,1,553.0
miss you traductor,3,1,553.0
miss you veera shayari,4,1,553.0
miss you vijay,3,1,553.0
miss you whatsapp dp,4,1,553.0
miss you xora,3,1,553.0
miss you year,3,1,553.0
miss you. bhai wali shayari,5,1,553.0
missing with you meaning,4,1,553.0
missing you a lot meaning,5,1,553.0
missing you already caption,4,1,553.0
missing you became my punishment hindi,6,1,553.0
missing you best revenge,4,1,553.0
missing you drawing,3,1,553.0
missing you emoji text,4,1,553.0
missing you for him messages,5,1,553.0
missing you funny gif,4,1,553.0
missing you girls,3,1,553.0
missing you harlan coben series,5,1,553.0
missing you instagram captions one word,6,1,553.0
missing you john waite meaning,5,1,553.0
missing you ka hindi matlab,5,1,553.0
missing you little more today,5,1,553.0
missing you maa meaning in hindi,6,1,553.0
missing you name style,4,1,553.0
missing you not,3,1,553.0
missing you other ways to say,6,1,553.0
missing you papa quotes in english,6,1,553.0
missing you quotes death sister,5,1,553.0
missing you quotes for love,5,1,553.0
missing you rotten tomatoes,4,1,553.0
missing you so much meaning in telugu,7,1,553.0
missing you telugu meaning,4,1,553.0
missing you unconditionally meaning,4,1,553.0
missing you verses,3,1,553.0
missing you wiki,3,1,553.0
p diddy i'll be missing you,6,1,553.0
quotes when you miss your daughter,6,1,553.0
that i m missing you,5,1,553.0
u miss u meaning in hindi,6,1,553.0
we miss you meme template,5,1,553.0
we missed you free printable,5,1,553.0
what's i miss you in tagalog,6,1,553.0
what's up miss,3,1,553.0
when i miss you dawn beyer lyrics,7,1,553.0
when miss universe preliminary competition 2025,6,1,553.0
when you miss home quotes,5,1,553.0
who is missing you by diana ross about,8,1,553.0
who's miss usa,3,1,553.0
मिस यू दोस्त शायरी rip marathi,6,1,553.0
i miss you amma,4,1,553.0
miss you appa photo,4,1,553.0
shayari on miss you papa,5,1,553.0
what's i miss you in chinese,6,1,553.0
say i miss you without sounding needy,7,1,553.0
why i miss you poem,5,1,553.0
what is miss you by oliver tree about,8,1,553.0
adex miss you online,4,1,553.0
fir meri yaad aa rahi hogi lyrics,7,1,553.0
i miss you bhaiya,4,1,553.0
i miss you everyday song,5,1,553.0
i miss you ka,4,1,553.0
is miss you come back,5,1,553.0
miss you bestie shayari in english text,7,1,553.0
miss you forever chinese drama,5,1,553.0
miss you love you 2026 release date,7,1,553.0
miss you papa shayari in hindi english,7,1,553.0
बहुत याद आ रही हो,5,1,553.0
मिस यू माँ स्टेटस,4,1,553.0
aerosmith cause i miss you baby,6,1,552.0
appa miss you quotes kannada,5,1,552.0
best captions for long distance relationship,6,1,552.0
best long distance relationship apps free,6,1,552.0
can long distance relationships work in college,7,1,552.0
did i missed or did i miss,7,1,552.0
distance in long distance relationship,5,1,552.0
everyday i miss you baby ringtone,6,1,552.0
everyday i miss you baby song lyrics,7,1,552.0
good evening miss you images,5,1,552.0
how maintain long distance relationship,5,1,552.0
how to say yaad karna in english,7,1,552.0
i just miss you images,5,1,552.0
i m gonna miss you baby milli vanilli,8,1,552.0
i miss u baby where are you reggae song,9,1,552.0
i miss you ammi jaan dp for whatsapp,8,1,552.0
i miss you babe song original,6,1,552.0
i miss you babe text messages,6,1,552.0
i miss you baby girl i need your love,9,1,552.0
i miss you baby girl in french,7,1,552.0
i miss you baby meaning in kannada,7,1,552.0
i miss you baby spanish,5,1,552.0
i miss you baby where are you remix,8,1,552.0
i miss you by baby mel,6,1,552.0
i miss you images for lover,6,1,552.0
i miss you in sms,5,1,552.0
i miss you lot baby meaning in hindi,8,1,552.0
i miss you message for my wife,7,1,552.0
i miss you more baby in spanish,7,1,552.0
i miss you quotes for love,6,1,552.0
i miss you quotes for my friend,7,1,552.0
i miss you quotes notes,5,1,552.0
i miss you r name dp,6,1,552.0
i miss you sms to make her smile,8,1,552.0
i miss you so much sms love,7,1,552.0
i miss you too baby hindi meaning,7,1,552.0
i miss you voice message download,6,1,552.0
i miss you you message,5,1,552.0
i really miss you sms,5,1,552.0
i will miss you baby quotes,6,1,552.0
if i lose you baby just like the clouds,9,1,552.0
images of miss you my love,6,1,552.0
irpan zakaria i miss you baby,6,1,552.0
is it bad to send an i miss you text,10,1,552.0
long distance relationship 4 years,5,1,552.0
long distance relationship anime couple,5,1,552.0
long distance relationship apps widget,5,1,552.0
long distance relationship bio,4,1,552.0
long distance relationship chinese drama,5,1,552.0
long distance relationship disadvantages,4,1,552.0
long distance relationship ending,4,1,552.0
long distance relationship for husband quotes,6,1,552.0
long distance relationship friends quotes,5,1,552.0
long distance relationship gift ideas,5,1,552.0
long distance relationship heart touching birthday wishes boyfriend,8,1,552.0
long distance relationship in german,5,1,552.0
long distance relationship jokes reddit,5,1,552.0
long distance relationship kavithai in english,6,1,552.0
long distance relationship love shayari in hindi,7,1,552.0
long distance relationship messages,4,1,552.0
long distance relationship only texting,5,1,552.0
long distance relationship paragraph,4,1,552.0
long distance relationship quotes in urdu,6,1,552.0
long distance relationship robot toy,5,1,552.0
long distance relationship short form,5,1,552.0
long distance relationship theory,4,1,552.0
long distance relationship ukhane,4,1,552.0
long distance relationship video call ideas,6,1,552.0
long distance relationship waiting quotes,5,1,552.0
long distance relationship without a plan,6,1,552.0
long heart touching miss you sms in english,8,1,552.0
long term relationship example,4,1,552.0
long term relationship online dating,5,1,552.0
love you miss you images with quotes,7,1,552.0
miss u images love gif,5,1,552.0
miss u papa dp for whatsapp,6,1,552.0
miss you all quotes for friends,6,1,552.0
miss you always images,4,1,552.0
miss you appu photos,4,1,552.0
miss you bondhu bangla sms,5,1,552.0
miss you both images,4,1,552.0
miss you brother quotes one line,6,1,552.0
miss you can do it 2013,6,1,552.0
miss you couple images with quotes,6,1,552.0
miss you dad images with quotes,6,1,552.0
miss you good morning images in hindi,7,1,552.0
miss you grandpa images,4,1,552.0
miss you greetings message,4,1,552.0
miss you hug images gif,5,1,552.0
miss you images for coworker,5,1,552.0
miss you jaan letter,4,1,552.0
miss you lot message,4,1,552.0
miss you maa images from daughter,6,1,552.0
miss you maa ka image,5,1,552.0
miss you maa ki dp,5,1,552.0
miss you message for busy boyfriend,6,1,552.0
miss you message to him,5,1,552.0
miss you messages for husband long distance,7,1,552.0
miss you mum quotes uk short,6,1,552.0
miss you my life dp,5,1,552.0
miss you number,3,1,552.0
miss you papa msg in hindi,6,1,552.0
miss you pari images,4,1,552.0
miss you quotes for boss,5,1,552.0
miss you quotes for daughter from father,7,1,552.0
miss you quotes for grandpa,5,1,552.0
miss you quotes for long distance boyfriend,7,1,552.0
miss you quotes for love in one word,8,1,552.0
miss you quotes for love telugu,6,1,552.0
miss you quotes for school,5,1,552.0
miss you romantic quotes for girlfriend,6,1,552.0
miss you sonu images,4,1,552.0
miss you too images for whatsapp,6,1,552.0
miss you wife quotes in english,6,1,552.0
missing you quotes for him in heaven,7,1,552.0
national long distance relationship day 2026,6,1,552.0
shayari for yaad karna,4,1,552.0
we will miss you images free,6,1,552.0
what happens if you miss dpd delivery,7,1,552.0
what is long distance relationship in japanese,7,1,552.0
what is yaad and road,5,1,552.0
when a long term relationship is ending,7,1,552.0
when will yaadein serial end,5,1,552.0
which year of independence is this,6,1,552.0
who sung teri yaadein,4,1,552.0
why i miss you messages for her,7,1,552.0
why long term relationship,4,1,552.0
will miss you quotes for best friend,7,1,552.0
yaad aayenge ye pal lyrics,5,1,552.0
yaad by sonu nigam,4,1,552.0
yaad chords sonu nigam,4,1,552.0
yaad e mustafa aisi bas gayi hai seene mein lyrics,10,1,552.0
yaad food jamaican,3,1,552.0
yaad good night shayari,4,1,552.0
yaad hai mujhko lyrics,4,1,552.0
yaad jab aayee teri ringtone,5,1,552.0
yaad karne ka best trick,5,1,552.0
yaad karne wala app,4,1,552.0
yaad karo meaning in english,5,1,552.0
yaad lyrics hc chandra,4,1,552.0
yaad me shayari,3,1,552.0
yaad na aaye beete dinon ki lyrics,7,1,552.0
yaad original song,3,1,552.0
yaad piya ki aaye thumri,5,1,552.0
yaad quotes in english on life,6,1,552.0
yaad rakhiyo,2,1,552.0
yaad sataye teri neend churaye,5,1,552.0
yaad teri aayegi song,4,1,552.0
yaad urdu synonyms,3,1,552.0
yaad vybz bikkle menu,4,1,552.0
yaad yahowa di sab karange lyrics,6,1,552.0
yaar di,2,1,552.0
zara yaad kar lyrics,4,1,552.0
zodiac signs long distance relationship,5,1,552.0
miss you mom quotes in english,6,1,552.0
missed you atau miss you,5,1,552.0
i miss you appa kannada images,6,1,552.0
miss you kanna quotes,4,1,552.0
miss you quotes short for her,6,1,552.0
can miss universe be married,5,1,552.0
how i miss you every single day,7,1,552.0
how much i miss you quotes short,7,1,552.0
how owns miss universe,4,1,552.0
how to say miss u without saying it,8,1,552.0
how we miss you,4,1,552.0
i am going to miss you 2026,7,1,552.0
i miss u zuchu,4,1,552.0
i miss you bestie meme,5,1,552.0
i miss you both of you meaning in hindi,9,1,552.0
i miss you caption for husband,6,1,552.0
i miss you chinese movie,5,1,552.0
i miss you dear friend,5,1,552.0
i miss you every single day,6,1,552.0
i miss you for the rest of my life lyrics,10,1,552.0
i miss you french,4,1,552.0
i miss you goblin lyrics,5,1,552.0
i miss you hubby in hindi,6,1,552.0
i miss you jan,4,1,552.0
i miss you ka jawab kya de,7,1,552.0
i miss you love shayari,5,1,552.0
i miss you meaning in telugu,6,1,552.0
i miss you no reason chinese drama,7,1,552.0
i miss you notification tone download,6,1,552.0
i miss you old free fire,6,1,552.0
i miss you other term,5,1,552.0
i miss you papa photo,5,1,552.0
i miss you ragnarok online,5,1,552.0
i miss you really in hindi,6,1,552.0
i miss you song lyrics,5,1,552.0
i miss you status bangla,5,1,552.0
i miss you too in french,6,1,552.0
i miss you unconditionally meaning,5,1,552.0
i miss you voice note,5,1,552.0
i miss you wallpaper hd 4k,6,1,552.0
i miss you with red rose,6,1,552.0
i miss you xxl lany sweatshirt,6,1,552.0
i miss you yesterday,4,1,552.0
i will missing you so much,6,1,552.0
is miss usa,3,1,552.0
love you and miss you caption,6,1,552.0
miss u appa quotes in tamil in english short,9,1,552.0
miss u best reply,4,1,552.0
miss u bhai in hindi,5,1,552.0
miss u chacha status,4,1,552.0
miss u dadi quotes,4,1,552.0
miss u english meaning,4,1,552.0
miss u full form,4,1,552.0
miss u girlfriend quotes,4,1,552.0
miss u hug gif,4,1,552.0
miss u jaan stylish name,5,1,552.0
miss u kaka quotes in english,6,1,552.0
miss u love quotes in english,6,1,552.0
miss u maa shayari in hindi,6,1,552.0
miss u nana ji shayari,5,1,552.0
miss u oliver,3,1,552.0
miss u papa quotes short,5,1,552.0
miss u papa status english,5,1,552.0
miss u papa status in marathi,6,1,552.0
miss u quotes for her,5,1,552.0
miss u quotes sister,4,1,552.0
miss u quotes whatsapp status,5,1,552.0
miss u reply in english,5,1,552.0
miss u stylish name,4,1,552.0
miss u thatha,3,1,552.0
miss u venezuela 2025,4,1,552.0
miss u wife shayari in hindi,6,1,552.0
miss u y'all,3,1,552.0
miss you aai shayari marathi text,6,1,552.0
miss you all of you quotes,6,1,552.0
miss you appa in tamil,5,1,552.0
miss you appa whatsapp status video download,7,1,552.0
miss you baba quotes,4,1,552.0
miss you both meaning in hindi,6,1,552.0
miss you brother caption in marathi,6,1,552.0
miss you caption for family,5,1,552.0
miss you captions for dog,5,1,552.0
miss you captions for instagram for boy,7,1,552.0
miss you car quotes,4,1,552.0
miss you college captions,4,1,552.0
miss you comedy shayari,4,1,552.0
miss you dada ji,4,1,552.0
miss you dada ji caption,5,1,552.0
miss you dost shayari 2 line,6,1,552.0
miss you emoji text,4,1,552.0
miss you family,3,1,552.0
miss you forever and ever,5,1,552.0
miss you free printable cards,5,1,552.0
miss you friends quotes kannada,5,1,552.0
miss you ganpati bappa visarjan quotes in english,8,1,552.0
miss you good night shayari,5,1,552.0
miss you her meaning in hindi,6,1,552.0
miss you husband quotes in tamil,6,1,552.0
miss you jaan shayari in hindi text,7,1,552.0
miss you jan,3,1,552.0
miss you kaleja shayari,4,1,552.0
miss you letter,3,1,552.0
miss you love quotes in hindi,6,1,552.0
miss you mama ji quotes in hindi,7,1,552.0
miss you mom captions for instagram,6,1,552.0
miss you mummy,3,1,552.0
miss you my village shayari,5,1,552.0
miss you nanna quotes telugu,5,1,552.0
miss you navroba shayari,4,1,552.0
miss you papa quotes hindi,5,1,552.0
miss you papa status gujarati text,6,1,552.0
miss you papa wali shayari,5,1,552.0
miss you quotes teacher,4,1,552.0
miss you ronaldo,3,1,552.0
miss you rumi quotes,4,1,552.0
miss you shayari babu,4,1,552.0
miss you shayari english for girlfriend,6,1,552.0
miss you shayari husband ke liye,6,1,552.0
miss you shayari love romantic for girlfriend,7,1,552.0
miss you sister shayari 2 line in hindi,8,1,552.0
miss you status,3,1,552.0
miss you tai shayari,4,1,552.0
miss you to quotes,4,1,552.0
miss you to the moon and back,7,1,552.0
miss you urdu mein,4,1,552.0
miss you video instagram,4,1,552.0
miss you x memories,4,1,552.0
miss you शायरी हिंदी,4,1,552.0
missing you a little more today,6,1,552.0
missing you become my punishment in hindi,7,1,552.0
missing you best friend in heaven,6,1,552.0
missing you by brandy,4,1,552.0
missing you didi,3,1,552.0
missing you every single day meaning,6,1,552.0
missing you for him long distance,6,1,552.0
missing you funny meme,4,1,552.0
missing you good morning message,5,1,552.0
missing you hardly meaning in hindi,6,1,552.0
missing you john waite lyrics meaning,6,1,552.0
missing you korean movie ott,5,1,552.0
missing you lot meaning in telugu,6,1,552.0
missing you mashup 2026,4,1,552.0
missing you my love quotes,5,1,552.0
missing you nanna quotes,4,1,552.0
missing you no,3,1,552.0
missing you on father's day,5,1,552.0
missing you papa in heaven,5,1,552.0
missing you quotes for wife,5,1,552.0
missing you right now quotes,5,1,552.0
missing you shayari,3,1,552.0
missing you too much,4,1,552.0
missing you uk,3,1,552.0
missing you vzw,3,1,552.0
missing you website,3,1,552.0
ole miss university online degrees,5,1,552.0
papa miss you quotes marathi,5,1,552.0
say that i miss you,5,1,552.0
sorry we missed you template,5,1,552.0
u miss u im sorry,5,1,552.0
what us miss,3,1,552.0
when i miss you chinese drama,6,1,552.0
when miss universe 2025 time,5,1,552.0
where you missing meaning in hindi,6,1,552.0
which miss universe won,4,1,552.0
who miss usa 2025,4,1,552.0
who was missing you by brandy about,7,1,552.0
why i miss you in tagalog,6,1,552.0
why miss you,3,1,552.0
will i miss you forever,5,1,552.0
yaari miss you shayari,4,1,552.0
मिस यू दोस्त शायरी rip hindi,6,1,552.0
miss you after the apocalypse,5,1,552.0
miss you appa thought,4,1,552.0
what i miss you meaning in hindi,7,1,552.0
miss you bhai om shanti shayari,6,1,552.0
why i miss you all the time,7,1,552.0
i miss you ka matlab kya hai,7,1,552.0
i miss you remix 2026,5,1,552.0
if you miss,3,1,552.0
miss you already online,4,1,552.0
miss you bestie shayari for girl,6,1,552.0
miss you free tempo mix,5,1,552.0
miss you ka,3,1,552.0
miss you love you 2026 cast,6,1,552.0
miss you papa shayari gujarati 2 line,7,1,552.0
old free fire miss you,5,1,552.0
say i miss you without using may,7,1,552.0
who i love you miss,5,1,552.0
मिस यू,2,1,552.0
मिस यू डैड,3,1,552.0
appa ponnu miss you images,5,1,551.0
baby i miss you elton john,6,1,551.0
baby i miss you so much vybz kartel,8,1,551.0
can long distance relationship lead to marriage,7,1,551.0
can you physically miss someone,5,1,551.0
dj appu yaad sataye teri,5,1,551.0
does my baby miss me,5,1,551.0
emoji for yaad,3,1,551.0
good night miss you quotes for her,7,1,551.0
happy journey miss you images,5,1,551.0
how i miss you quotes for him,7,1,551.0
how to prove you miss someone,6,1,551.0
how to write yaad in english,6,1,551.0
i lose you baby bruno mars,6,1,551.0
i miss u baby,4,1,551.0
i miss you baby gyakie lyrics,6,1,551.0
i miss you baby in turkish,6,1,551.0
i miss you baby where are you quotes,8,1,551.0
i miss you images hd,5,1,551.0
i miss you ke dp,5,1,551.0
i miss you lil baby lyrics,6,1,551.0
i miss you m name dp,6,1,551.0
i miss you message for her long distance,8,1,551.0
i miss you quotes for my brother,7,1,551.0
i miss you quotes for my love,7,1,551.0
i miss you sad emoji dp,6,1,551.0
i miss you sms to my boyfriend,7,1,551.0
i miss you too baby in french,7,1,551.0
i miss you too baby quotes,6,1,551.0
i miss you voice message for him,7,1,551.0
i really miss you baby hindi,6,1,551.0
i still miss you baby aerosmith,6,1,551.0
i'm gonna miss you baby kristin chenoweth,7,1,551.0
images of miss you quotes,5,1,551.0
international long distance relationship day 2026 date,7,1,551.0
long distance love best quotes,5,1,551.0
long distance online relationship success stories,6,1,551.0
long distance relationship 1 year anniversary,6,1,551.0
long distance relationship anniversary ideas,5,1,551.0
long distance relationship apple watch,5,1,551.0
long distance relationship birthday celebration ideas,6,1,551.0
long distance relationship couple games,5,1,551.0
long distance relationship definition,4,1,551.0
long distance relationship effects,4,1,551.0
long distance relationship family quotes,5,1,551.0
long distance relationship for college,5,1,551.0
long distance relationship gif,4,1,551.0
long distance relationship heart touching quotes,6,1,551.0
long distance relationship intimacy,4,1,551.0
long distance relationship issues,4,1,551.0
long distance relationship jw org,5,1,551.0
long distance relationship ki nazar kaise utare,7,1,551.0
long distance relationship love song,5,1,551.0
long distance relationship meaning in telugu,6,1,551.0
long distance relationship movie watching app free,7,1,551.0
long distance relationship open relationship,5,1,551.0
long distance relationship percentage success,5,1,551.0
long distance relationship quotes miss you in hindi,8,1,551.0
long distance relationship remote control robot,6,1,551.0
long distance relationship status,4,1,551.0
long distance relationship tamil,4,1,551.0
long distance relationship useful apps,5,1,551.0
long distance relationship verses,4,1,551.0
long distance relationship whatsapp status,5,1,551.0
long distance relationship with my husband,6,1,551.0
long i miss you sms,5,1,551.0
long term relationship form,4,1,551.0
long term relationship without marriage,5,1,551.0
love and miss you sms,5,1,551.0
maa i miss you dp,5,1,551.0
miss all of you quotes,5,1,551.0
miss u appa dp images with quotes,7,1,551.0
miss u maa dp for whatsapp,6,1,551.0
miss u most meaning,4,1,551.0
miss u quotes for cousins,5,1,551.0
miss you all quotes,4,1,551.0
miss you amma quotes kannada,5,1,551.0
miss you ammu images,4,1,551.0
miss you appaji quotes,4,1,551.0
miss you bangaram images,4,1,551.0
miss you brother quotes rip,5,1,551.0
miss you can do it pageant where are they now,10,1,551.0
miss you colleague images,4,1,551.0
miss you daddy images from daughter,6,1,551.0
miss you grandfather message,4,1,551.0
miss you hubby images with quotes,6,1,551.0
miss you hubby message,4,1,551.0
miss you images for kids,5,1,551.0
miss you love message to my love,7,1,551.0
miss you maa do line,5,1,551.0
miss you mam images,4,1,551.0
miss you message for bf long distance,7,1,551.0
miss you message for work colleague,6,1,551.0
miss you message to her,5,1,551.0
miss you messages for fiance,5,1,551.0
miss you mum quotes uk from daughter,7,1,551.0
miss you papa ka image,5,1,551.0
miss you purusha images,4,1,551.0
miss you quotes for dadaji,5,1,551.0
miss you quotes for father from daughter,7,1,551.0
miss you quotes for male best friend,7,1,551.0
miss you quotes in english for boyfriend,7,1,551.0
miss you reply message to boyfriend,6,1,551.0
miss you sunshine images,4,1,551.0
miss you tom images,4,1,551.0
missing you card message ideas,5,1,551.0
missing you love quotes for wife,6,1,551.0
missing you quotes for deceased loved one,7,1,551.0
missing you quotes for granddaughter,5,1,551.0
missing you quotes for her short,6,1,551.0
phone dates for long distance relationships,6,1,551.0
romantic miss you images for boyfriend,6,1,551.0
sad miss you images girl,5,1,551.0
sad miss you images with quotes in english,8,1,551.0
thank you miss you images,5,1,551.0
wake up baby i miss you,6,1,551.0
what is long distance relationship reddit,6,1,551.0
what is yaad called in english,6,1,551.0
when do long term relationships end,6,1,551.0
which year neet exam started,5,1,551.0
who sang teri yaadon mein,5,1,551.0
why have a long distance relationship,6,1,551.0
will long distance relationship work,5,1,551.0
will miss all of you,5,1,551.0
yaad aayenge ye pal,4,1,551.0
yaad bhuldi nahi teri qawwali,5,1,551.0
yaad coke studio lyrics,4,1,551.0
yaad dilau kya,3,1,551.0
yaad e nabi lyrics,4,1,551.0
yaad food springfield,3,1,551.0
yaad goldy lyrics,3,1,551.0
yaad hai na song,4,1,551.0
yaad kare,2,1,551.0
yaad lakhwinder wadali lyrics,4,1,551.0
yaad mat kar use,4,1,551.0
yaad metro in dino lyrics,5,1,551.0
yaad na aaya karo,4,1,551.0
yaad on the menu,4,1,551.0
yaad piya,2,1,551.0
yaad quotes in hindi attitude,5,1,551.0
yaad rakhna meme template,4,1,551.0
yaad rhyming words,3,1,551.0
yaad shayari for best friend,5,1,551.0
yaad shayari in hindi 2 line love,7,1,551.0
yaad teri lakhwinder wadali lyrics,5,1,551.0
yaad uski aata hai,4,1,551.0
yaad vibes restaurant,3,1,551.0
yaad wali shayari in hindi on life,7,1,551.0
yaar jigri,2,1,551.0
yd yadav,2,1,551.0
zara yaad kar episode 1,5,1,551.0
zodiac signs long distance relationship challenges,6,1,551.0
miss you brother quotes after death from sister,8,1,551.0
miss you mom quotes in marathi,6,1,551.0
miss you sister quotes one line,6,1,551.0
why i miss you quotes for him,7,1,551.0
2 line intezaar miss you yaad shayari,7,1,551.0
baby that i miss you,5,1,551.0
best friend miss you shayari for girl,7,1,551.0
can miss universe have tattoos,5,1,551.0
do you miss me like i miss you quotes,9,1,551.0
how i miss him quotes,5,1,551.0
how i miss you mom quotes,6,1,551.0
how is miss universe 2024,5,1,551.0
how much miss you reply,5,1,551.0
how's the misses,3,1,551.0
i miss japan caption,4,1,551.0
i miss u caption,4,1,551.0
i miss you 2019 watch online,6,1,551.0
i miss you all time meaning in hindi,8,1,551.0
i miss you appa quotes kannada short in english,9,1,551.0
i miss you bestie funny,5,1,551.0
i miss you beta,4,1,551.0
i miss you caption for girlfriend,6,1,551.0
i miss you come here lyrics,6,1,551.0
i miss you dad song,5,1,551.0
i miss you everything,4,1,551.0
i miss you father quotes,5,1,551.0
i miss you for the rest of my life chords,10,1,551.0
i miss you grandma quotes,5,1,551.0
i miss you home,4,1,551.0
i miss you in kannada meaning,6,1,551.0
i miss you ji in hindi,6,1,551.0
i miss you ka code,5,1,551.0
i miss you lyrics blink 182,6,1,551.0
i miss you mummy,4,1,551.0
i miss you not meaning,5,1,551.0
i miss you note,4,1,551.0
i miss you often meaning,5,1,551.0
i miss you papa shayari in english,7,1,551.0
i miss you physically meaning,5,1,551.0
i miss you quotes for him long distance,8,1,551.0
i miss you rip,4,1,551.0
i miss you so much in tamil,7,1,551.0
i miss you status for whatsapp,6,1,551.0
i miss you stickers free,5,1,551.0
i miss you text,4,1,551.0
i miss you unud,4,1,551.0
i miss you video download,5,1,551.0
i miss you whatsapp dp,5,1,551.0
i miss you with all my heart meaning,8,1,551.0
i miss you with numbers,5,1,551.0
i miss you xxl lany lyrics,6,1,551.0
i miss you yes i do,6,1,551.0
i miss you zulu translation,5,1,551.0
i will missing you quotes,5,1,551.0
is miss universe mexico,4,1,551.0
is miss you more than life,6,1,551.0
love is missing you quotes,5,1,551.0
miss u amma status,4,1,551.0
miss u appa quotes in english for instagram,8,1,551.0
miss u asia zena,4,1,551.0
miss u best in national costume 2025,7,1,551.0
miss u bracelet,3,1,551.0
miss u cat quotes,4,1,551.0
miss u dada quotes,4,1,551.0
miss u enna sara,4,1,551.0
miss u father in law quotes,6,1,551.0
miss u grandfather,3,1,551.0
miss u hindi shayari,4,1,551.0
miss u jelly beans,4,1,551.0
miss u ke liye emoji,5,1,551.0
miss u like hell meaning,5,1,551.0
miss u my love quotes,5,1,551.0
miss u nanu quotes,4,1,551.0
miss u outta sight,4,1,551.0
miss u papa tattoo,4,1,551.0
miss u philippines 2026 time,5,1,551.0
miss u quotes for husband short,6,1,551.0
miss u reply to girlfriend,5,1,551.0
miss u synonyms,3,1,551.0
miss u tablet,3,1,551.0
miss u voting,3,1,551.0
miss u wallpaper girl,4,1,551.0
miss u young thug lyrics,5,1,551.0
miss universe 2025 winner,4,1,551.0
miss you 3000,3,1,551.0
miss you always shayari,4,1,551.0
miss you application,3,1,551.0
miss you best friend lines,5,1,551.0
miss you bestie quotes short in english,7,1,551.0
miss you bhai rip shayari gujarati,6,1,551.0
miss you bhau caption in marathi,6,1,551.0
miss you card for kids,5,1,551.0
miss you cat shayari,4,1,551.0
miss you chithappa quotes in tamil,6,1,551.0
miss you dad quotes english,5,1,551.0
miss you dad quotes in english,6,1,551.0
miss you dad quotes in kannada,6,1,551.0
miss you dada ji status in hindi,7,1,551.0
miss you dada shayari gujarati text,6,1,551.0
miss you everyone,3,1,551.0
miss you font style,4,1,551.0
miss you for love quotes,5,1,551.0
miss you forgot something audio,5,1,551.0
miss you friend caption english,5,1,551.0
miss you grandma quotes in tamil,6,1,551.0
miss you husband quotes malayalam,5,1,551.0
miss you husband shayari in hindi,6,1,551.0
miss you jaan shayari hindi 2 line,7,1,551.0
miss you jaan style name,5,1,551.0
miss you ka reply kaise de,6,1,551.0
miss you kaka quotes in hindi,6,1,551.0
miss you kareja shayari,4,1,551.0
miss you lines in english,5,1,551.0
miss you lot quotes in english,6,1,551.0
miss you love captions for instagram,6,1,551.0
miss you maa capcut template,5,1,551.0
miss you maa quotes hindi,5,1,551.0
miss you mom,3,1,551.0
miss you name style for instagram,6,1,551.0
miss you nana quotes in hindi,6,1,551.0
miss you nanaji shayari in hindi,6,1,551.0
miss you opposite word in english,6,1,551.0
miss you papa caption in marathi from daughter,8,1,551.0
miss you papa ke upar shayari,6,1,551.0
miss you papa quotes from daughter,6,1,551.0
miss you papa quotes gujarati,5,1,551.0
miss you parents quotes,4,1,551.0
miss you quotes short for boyfriend,6,1,551.0
miss you quotes to daughter,5,1,551.0
miss you romantic gif,4,1,551.0
miss you roomie quotes,4,1,551.0
miss you sasur ji quotes in hindi,7,1,551.0
miss you shayari 2 line english with emoji,8,1,551.0
miss you shayari english for girl,6,1,551.0
miss you shayari for love in hindi,7,1,551.0
miss you shayari friend ke liye,6,1,551.0
miss you shayari gujarati papa,5,1,551.0
miss you shayari hindi 2 line love text,8,1,551.0
miss you shayari love romantic in hindi,7,1,551.0
miss you shayari mama,4,1,551.0
miss you sher shayari,4,1,551.0
miss you sister whatsapp status video download,7,1,551.0
miss you so quotes,4,1,551.0
miss you to meaning in hindi,6,1,551.0
miss you too shayari in hindi,6,1,551.0
miss you unique way,4,1,551.0
miss you veere,3,1,551.0
miss you waiting quotes,4,1,551.0
miss you website,3,1,551.0
missing example,2,1,551.0
missing you already,3,1,551.0
missing you best songs,4,1,551.0
missing you book,3,1,551.0
missing you by john waite,5,1,551.0
missing you daddy in heaven,5,1,551.0
missing you everyday quotes,4,1,551.0
missing you for my husband,5,1,551.0
missing you funny images,4,1,551.0
missing you gif romantic,4,1,551.0
missing you hindi songs,4,1,551.0
missing you in marathi,4,1,551.0
missing you jack zhang lyrics,5,1,551.0
missing you korean movie where to watch,7,1,551.0
missing you love,3,1,551.0
missing you meaning in bengali,5,1,551.0
missing you netflix ending,4,1,551.0
missing you no cap lyrics,5,1,551.0
missing you on your birthday in heaven,7,1,551.0
missing you plot,3,1,551.0
missing you quotes for best friend,6,1,551.0
missing you royal in hindi,5,1,551.0
missing you so much quotes,5,1,551.0
missing you so much template,5,1,551.0
missing you the most meaning,5,1,551.0
missing you uncle in heaven,5,1,551.0
missing you vaines lyrics,4,1,551.0
missing you wife images,4,1,551.0
ole miss university online,4,1,551.0
papa miss you shayari in marathi,6,1,551.0
quotes when you miss your sister,6,1,551.0
shayari on miss you in hindi,6,1,551.0
sorry we missed you template word,6,1,551.0
vadil miss you quotes in marathi,6,1,551.0
very sad miss you shayari,5,1,551.0
what if miss you for the rest of my life lyrics,11,1,551.0
what is missing you by john waite about,8,1,551.0
what miss do you use if you don't know,9,1,551.0
when i miss him quotes,5,1,551.0
when i miss you meme,5,1,551.0
when miss usa 2025,4,1,551.0
when you miss something quotes,5,1,551.0
which miss universe 2025,4,1,551.0
who's in missing you netflix,5,1,551.0
who's miss uganda 2025,4,1,551.0
why i am missing you quotes,6,1,551.0
will i miss you for the rest of my life,10,1,551.0
zubeen garg miss you caption assamese,6,1,551.0
i miss you for revenge,5,1,551.0
miss with you meaning,4,1,551.0
miss you already movie,4,1,551.0
miss you appa lines,4,1,551.0
when you miss a man,5,1,551.0
aaj tum bahut yaad aa rahi ho,7,1,551.0
i miss you chords without capo,6,1,551.0
i miss you i'm sorry lyrics,6,1,551.0
miss you best shayari in hindi,6,1,551.0
miss you dost shayari in hindi,6,1,551.0
miss you in arabic,4,1,551.0
miss you kaka,3,1,551.0
miss you legend in hindi,5,1,551.0
miss you zindagi ka matlab,5,1,551.0
miss.you nights without shane,4,1,551.0
shayari on miss you in english,6,1,551.0
what is miss you by blink 182 about,8,1,551.0
who gonna miss you,4,1,551.0
ई मिस यू,3,1,551.0
ई मिस यू का मतलब,5,1,551.0
ई मिस यू वॉलपेपर,4,1,551.0
baba i miss you dp,5,1,550.0
baby you know that i miss.u,6,1,550.0
can long distance relationships work with kids,7,1,550.0
cause i miss you baby and,6,1,550.0
ex ki yaad template,4,1,550.0
funny miss you quotes for best friend,7,1,550.0
gaji gross dan net,4,1,550.0
heart touching miss you sms,5,1,550.0
how do long distance relationships work out,7,1,550.0
how much miss you,4,1,550.0
how to find eid number,5,1,550.0
i just miss you baby,5,1,550.0
i miss you ammi jaan dp in english,8,1,550.0
i miss you ammi jaan images,6,1,550.0
i miss you baba sms,5,1,550.0
i miss you babe meme,5,1,550.0
i miss you baby i miss you,7,1,550.0
i miss you baby i miss you so much,9,1,550.0
i miss you baby in mandarin,6,1,550.0
i miss you baby in polish,6,1,550.0
i miss you baby message to my love,8,1,550.0
i miss you baby steven tyler,6,1,550.0
i miss you d name dp,6,1,550.0
i miss you images gif,5,1,550.0
i miss you message for him long distance,8,1,550.0
i miss you my little baby quotes,7,1,550.0
i miss you quotes for sister,6,1,550.0
i miss you so much baby ka matlab,8,1,550.0
i miss you too baby gif,6,1,550.0
i miss you too baby hindi,6,1,550.0
i miss you video message,5,1,550.0
if i lose you baby bruno mars song,8,1,550.0
images of miss you mom,5,1,550.0
international long distance relationship day 2026 ideas,7,1,550.0
is miss you,3,1,550.0
lil baby i miss you man video,7,1,550.0
long distance love best gift,5,1,550.0
long distance love capcut template new trend,7,1,550.0
long distance love for him quotes,6,1,550.0
long distance relationship 2 years,5,1,550.0
long distance relationship anniversary quotes,5,1,550.0
long distance relationship application,4,1,550.0
long distance relationship bracelet touch vibration,6,1,550.0
long distance relationship captions for instagram in hindi,8,1,550.0
long distance relationship co to znaczy,6,1,550.0
long distance relationship diary ideas,5,1,550.0
long distance relationship examples,4,1,550.0
long distance relationship experience reddit,5,1,550.0
long distance relationship father daughter,5,1,550.0
long distance relationship gifts for boyfriend,6,1,550.0
long distance relationship how to manage,6,1,550.0
long distance relationship instagram,4,1,550.0
long distance relationship japan,4,1,550.0
long distance relationship ko kaise nibhaye,6,1,550.0
long distance relationship lines in hindi,6,1,550.0
long distance relationship meeting after long time quotes,8,1,550.0
long distance relationship poetry,4,1,550.0
long distance relationship quotes for instagram,6,1,550.0
long distance relationship research,4,1,550.0
long distance relationship success rate in india,7,1,550.0
long distance relationship telugu songs,5,1,550.0
long distance relationship urdu shayari,5,1,550.0
long distance relationship with bpd,5,1,550.0
long heart touching miss you sms,6,1,550.0
long term relationship without marriage reddit,6,1,550.0
love and miss you images free,6,1,550.0
love miss you good night images in marathi,8,1,550.0
miss em meaning,3,1,550.0
miss seen meaning,3,1,550.0
miss take meaning,3,1,550.0
miss u appa dp images for whatsapp,7,1,550.0
miss u appa images in tamil,6,1,550.0
miss u dp girl cute,5,1,550.0
miss u mom dp for whatsapp,6,1,550.0
miss u quotes for gf,5,1,550.0
miss u quotes for mother,5,1,550.0
miss you all images with quotes,6,1,550.0
miss you appa quotes in kannada in english,8,1,550.0
miss you baby eskimo supreme lyrics,6,1,550.0
miss you best friend images,5,1,550.0
miss you brother message,4,1,550.0
miss you brother quotes kannada,5,1,550.0
miss you bujji images,4,1,550.0
miss you card messages for her,6,1,550.0
miss you didi images,4,1,550.0
miss you do,3,1,550.0
miss you dpz,3,1,550.0
miss you letter goodbye,4,1,550.0
miss you love pictures,4,1,550.0
miss you meaning in,4,1,550.0
miss you message after death,5,1,550.0
miss you message to my girlfriend,6,1,550.0
miss you messages for family,5,1,550.0
miss you motu images,4,1,550.0
miss you papa ji message,5,1,550.0
miss you papa pic for dp,6,1,550.0
miss you picture cartoon,4,1,550.0
miss you puppy images,4,1,550.0
miss you quotes for dadi,5,1,550.0
miss you quotes for friendship,5,1,550.0
miss you quotes in marathi rip,6,1,550.0
miss you quotes in tamil for husband,7,1,550.0
miss you sunday images,4,1,550.0
miss you text messages 1000 times,6,1,550.0
missing him quotes in urdu,5,1,550.0
missing my baby meaning,4,1,550.0
missing sms messages,3,1,550.0
missing you images for her quotes,6,1,550.0
missing you quotes for him long distance in english,9,1,550.0
missing you quotes for lost loved ones,7,1,550.0
missing you terribly images,4,1,550.0
mother miss quotes,3,1,550.0
oh i miss you baby song,6,1,550.0
one word captions for long distance relationship,7,1,550.0
romantic miss you images for wife,6,1,550.0
romantic miss you images with quotes in english,8,1,550.0
sad miss you images girl love,6,1,550.0
shayari for yaad aana,4,1,550.0
virtual gifts for long distance relationship free,7,1,550.0
what do long distance relationships do,6,1,550.0
what does yad mean in hindi,6,1,550.0
what to say when you missed a text,8,1,550.0
when is a long distance relationship worth it,8,1,550.0
where can i watch yaadein serial,6,1,550.0
which year is leap year,5,1,550.0
why i love long distance relationship,6,1,550.0
yaad aati hai lyrics,4,1,550.0
yaad badri,2,1,550.0
yaad charan aavti lyrics,4,1,550.0
yaad dahani,2,1,550.0
yaad dilane wala app,4,1,550.0
yaad e mustafa,3,1,550.0
yaad food jamaican restaurant reviews,5,1,550.0
yaad goldy,2,1,550.0
yaad hai na in english,5,1,550.0
yaad in telugu,3,1,550.0
yaad jassa,2,1,550.0
yaad karne ka best tarika kya hai,7,1,550.0
yaad karo in english translation,5,1,550.0
yaad kiya,2,1,550.0
yaad mein teri jaag jaag ke lyrics,7,1,550.0
yaad na aaye song,4,1,550.0
yaad of you,3,1,550.0
yaad piya ki aayi,4,1,550.0
yaad q na aayegi,4,1,550.0
yaad rakhega,2,1,550.0
yaad shayari in english,4,1,550.0
yaad talha anjum lyrics,4,1,550.0
yaad use intehai karte hai,5,1,550.0
yaad virdee,2,1,550.0
yaar word songs list in hindi,6,1,550.0
yad lagla song,3,1,550.0
zara yaad kar total episodes,5,1,550.0
can miss usa be married,5,1,550.0
can you miss someone forever,5,1,550.0
do i miss you in tagalog,6,1,550.0
how can miss someone you never met,7,1,550.0
how i miss you in tagalog,6,1,550.0
how i miss you so much quotes,7,1,550.0
how much im missing you quotes,6,1,550.0
how won miss universe,4,1,550.0
i miss vacation captions,4,1,550.0
i miss you a lot meaning,6,1,550.0
i miss you appa quotes in english,7,1,550.0
i miss you best friend gif,6,1,550.0
i miss you caption for friends,6,1,550.0
i miss you chinese movie watch online,7,1,550.0
i miss you chocolate,4,1,550.0
i miss you clipart free,5,1,550.0
i miss you dada ji,5,1,550.0
i miss you everyday meaning,5,1,550.0
i miss you flower,4,1,550.0
i miss you gif couple,5,1,550.0
i miss you hindi songs,5,1,550.0
i miss you im sorry,5,1,550.0
i miss you in tulu,5,1,550.0
i miss you japanese,4,1,550.0
i miss you ka code word,6,1,550.0
i miss you love quotes,5,1,550.0
i miss you meri jaan,5,1,550.0
i miss you nepali language,5,1,550.0
i miss you no 3 meters,6,1,550.0
i miss you onv kurup,5,1,550.0
i miss you papa song,5,1,550.0
i miss you reply to friend,6,1,550.0
i miss you so much meaning,6,1,550.0
i miss you status in marathi,6,1,550.0
i miss you too ka matlab,6,1,550.0
i miss you ugandan song,5,1,550.0
i miss you with flowers,5,1,550.0
i miss you word 1000 times,6,1,550.0
i miss you xxl chords,5,1,550.0
i miss you you know,5,1,550.0
i miss you you quotes,5,1,550.0
i miss you zach webb lyrics,6,1,550.0
is miss universe philippines,4,1,550.0
is miss you in french,5,1,550.0
love you miss you shayari,5,1,550.0
maa ke upar shayari miss you,6,1,550.0
make them miss you quotes,5,1,550.0
miss sunshine quotes,3,1,550.0
miss u akka quotes,4,1,550.0
miss u appa status tamil,5,1,550.0
miss u badly,3,1,550.0
miss u best friend quotes in hindi,7,1,550.0
miss u capcut template,4,1,550.0
miss u didi,3,1,550.0
miss u emoji whatsapp,4,1,550.0
miss u friends quotes short,5,1,550.0
miss u good morning,4,1,550.0
miss u hug,3,1,550.0
miss u in malayalam,4,1,550.0
miss u jeans,3,1,550.0
miss u ki shayari,4,1,550.0
miss u letter,3,1,550.0
miss u love u images,5,1,550.0
miss u maa status video,5,1,550.0
miss u mama,3,1,550.0
miss u nana ji quotes,5,1,550.0
miss u other term,4,1,550.0
miss u papa shayari in hindi,6,1,550.0
miss u ph 2026 date,5,1,550.0
miss u quotes after death,5,1,550.0
miss u really,3,1,550.0
miss u shayari in english,5,1,550.0
miss u those days meaning in marathi,7,1,550.0
miss u velour doom lyrics,5,1,550.0
miss u xaviersobased,3,1,550.0
miss urologist and her ceo patient,6,1,550.0
miss vs missed meaning,4,1,550.0
miss what we had quotes,5,1,550.0
miss you aho shayari marathi,5,1,550.0
miss you ajoba quotes in marathi text,7,1,550.0
miss you appa kavithai in english,6,1,550.0
miss you bestie in english,5,1,550.0
miss you bestie quotes in english for girl,8,1,550.0
miss you bf caption,4,1,550.0
miss you bhai capcut template,5,1,550.0
miss you both quotes,4,1,550.0
miss you bracelet,3,1,550.0
miss you cake,3,1,550.0
miss you caption for niece,5,1,550.0
miss you chachi shayari,4,1,550.0
miss you cricket quotes,4,1,550.0
miss you dad tattoo,4,1,550.0
miss you dadaji quotes,4,1,550.0
miss you dadaji shayari english,5,1,550.0
miss you dost shayari 2 line english version,8,1,550.0
miss you ek shayari,4,1,550.0
miss you emoji gif,4,1,550.0
miss you for dead person,5,1,550.0
miss you for him quotes,5,1,550.0
miss you friends status,4,1,550.0
miss you ganpati bappa visarjan quotes marathi,7,1,550.0
miss you gift,3,1,550.0
miss you grandmother quotes in english,6,1,550.0
miss you home,3,1,550.0
miss you husband quotes in hindi,6,1,550.0
miss you in german,4,1,550.0
miss you jaan emoji,4,1,550.0
miss you jaan shayari copy,5,1,550.0
miss you ke liye emoji,5,1,550.0
miss you krishna quotes,4,1,550.0
miss you legend,3,1,550.0
miss you legend quotes,4,1,550.0
miss you love captions for instagram marathi,7,1,550.0
miss you mama,3,1,550.0
miss you mama quotes in marathi for instagram,8,1,550.0
miss you mata rani shayari,5,1,550.0
miss you my son status,5,1,550.0
miss you nana ji caption,5,1,550.0
miss you nana ji in hindi,6,1,550.0
miss you nana ji quotes in hindi,7,1,550.0
miss you nanna quotes short,5,1,550.0
miss you nanu quotes,4,1,550.0
miss you old free fire,5,1,550.0
miss you oliver tree original,5,1,550.0
miss you papa quotes after death,6,1,550.0
miss you papa shayari for daughter,6,1,550.0
miss you partner quotes,4,1,550.0
miss you photo frame online free,6,1,550.0
miss you queen shayari,4,1,550.0
miss you quotes in english for sister,7,1,550.0
miss you reels,3,1,550.0
miss you sad caption bangla,5,1,550.0
miss you shayari bangla text,5,1,550.0
miss you shayari ghalib,4,1,550.0
miss you shayari in hindi with emoji,7,1,550.0
miss you shayari marathi friend,5,1,550.0
miss you sister shayari 2 line english,7,1,550.0
miss you synonyms,3,1,550.0
miss you tamil movie,4,1,550.0
miss you tauji shayari in hindi text,7,1,550.0
miss you thinking of you quotes,6,1,550.0
miss you update,3,1,550.0
miss you virat kohli,4,1,550.0
miss you wife shayari in hindi,6,1,550.0
miss you winter quotes,4,1,550.0
miss you yaaro shayari,4,1,550.0
miss you शायरी इन हिंदी,5,1,550.0
missing already meaning,3,1,550.0
missing mail claim status,4,1,550.0
missing you 2012 watch online,5,1,550.0
missing you always,3,1,550.0
missing you bhai in hindi,5,1,550.0
missing you by diana ross,5,1,550.0
missing you deeply,3,1,550.0
missing you emoji face,4,1,550.0
missing you for him quotes,5,1,550.0
missing you guys a little extra today,7,1,550.0
missing you here meaning,4,1,550.0
missing you in different ways,5,1,550.0
missing you john waite movie,5,1,550.0
missing you kdrama total episodes,5,1,550.0
missing you lately meaning,4,1,550.0
missing you message for her,5,1,550.0
missing you niece quotes,4,1,550.0
missing you no matlab,4,1,550.0
missing you ott platform,4,1,550.0
missing you poster meme,4,1,550.0
missing you quotes for her long distance,7,1,550.0
missing you reels,3,1,550.0
missing you sister meaning in hindi,6,1,550.0
missing you so much template meme,6,1,550.0
missing you terribly,3,1,550.0
missing you uk series,4,1,550.0
missing you where was it filmed,6,1,550.0
poem that i miss you,5,1,550.0
southern miss university online,4,1,550.0
what is missing you by harlan coben about,8,1,550.0
what's i miss you in arabic,6,1,550.0
when i miss you in the morning when i see the sun,12,1,550.0
when miss universe 2025 final,5,1,550.0
who is i miss you man by old dominion about,10,1,550.0
who is missing you by p diddy about,8,1,550.0
who miss us,3,1,550.0
who was miss you by aaliyah about,7,1,550.0
why does my whatsapp status disappeared before 24 hours,9,1,550.0
why we miss you,4,1,550.0
zorrovian will miss u,4,1,550.0
मिस यू माँ शायरी इन हिंदी 2 लाइन,8,1,550.0
agar kisi ki yaad aa rahi ho to kya kare,10,1,550.0
can lie i miss you much,6,1,550.0
i miss living without you,5,1,550.0
i miss you for her,5,1,550.0
i miss you images free download,6,1,550.0
i miss you ko code number,6,1,550.0
miss with you meaning in hindi,6,1,550.0
miss you bestie shayari gujarati,5,1,550.0
miss you husband status,4,1,550.0
miss you ka matlab hindi mein,6,1,550.0
miss you legend meaning in hindi,6,1,550.0
miss you love you 2026 where to watch,8,1,550.0
miss you maa shayari odia,5,1,550.0
miss you shayari in punjabi,5,1,550.0
miss you xxl artinya,4,1,550.0
oliver tree 2026 i miss you,6,1,550.0
phir meri yaad aa rahi hogi kumar vishwas,8,1,550.0
sorry we missed you template free,6,1,550.0
tum mujhe bahut yaad aa rahi ho,7,1,550.0
what is miss you in telugu,6,1,550.0
what's i miss you in numbers,6,1,550.0
when you miss meaning in urdu,6,1,550.0
who song miss you,4,1,550.0
why i miss you so bad,6,1,550.0
ई मिस यू कोट्स,4,1,550.0
ई मिस यू फ्रेंड,4,1,550.0
ई मिस यू सो मच,5,1,550.0
मिस यू कोट्स,3,1,550.0
मिस यू जान,3,1,550.0
मिस यू पापा,3,1,550.0
मिस यू भाई,3,1,550.0
मिस यू माँ हिंदी,4,1,550.0
