suggestion,words,prefix_hits,relevance,best_rank,source_prefixes
proposal website template,3,19,1250,1,proposal website | proposal website  | proposal website a | proposal website e | proposal website h | proposal website i | proposal website j | proposal website k | proposal website n | proposal website o | proposal website t | proposal website u | proposal website w | proposal website x | proposal website y | proposal website best | proposal website without | proposal website app | proposal website maker
proposal website design,3,17,601,1,proposal website | proposal website  | proposal website a | proposal website e | proposal website h | proposal website i | proposal website j | proposal website k | proposal website n | proposal website o | proposal website u | proposal website w | proposal website x | proposal website y | proposal website without | proposal website app | proposal website maker
web design proposal examples,4,13,600,2,proposal website a | proposal website e | proposal website h | proposal website j | proposal website k | proposal website n | proposal website o | proposal website w | proposal website y | proposal website best | proposal website app | proposal website maker | which proposal website
digital marketing proposal examples,4,12,600,2,digital proposal d | digital proposal e | digital proposal j | digital proposal k | digital proposal m | digital proposal n | digital proposal q | digital proposal u | digital proposal x | digital proposal z | digital proposal app | digital proposal maker
how to propose girlfriend,4,11,601,1,how to propose girlfriend  | how to propose girlfriend g | how to propose girlfriend j | how to propose girlfriend p | how to propose girlfriend q | how to propose girlfriend z | how to propose girlfriend best | how to propose girlfriend online | how how to propose girlfriend | what how to propose girlfriend | who how to propose girlfriend
how to propose girlfriend first time,6,11,601,1,how to propose girlfriend | how to propose girlfriend  | how to propose girlfriend f | how to propose girlfriend j | how to propose girlfriend p | how to propose girlfriend t | how to propose girlfriend z | how to propose girlfriend app | how to propose girlfriend maker | how how to propose girlfriend | which how to propose girlfriend
digital proposal form,3,10,601,2,digital proposal d | digital proposal f | digital proposal j | digital proposal k | digital proposal n | digital proposal u | digital proposal v | digital proposal z | digital proposal app | digital proposal template
how to propose girlfriend marriage,5,10,601,1,how to propose girlfriend g | how to propose girlfriend j | how to propose girlfriend p | how to propose girlfriend q | how to propose girlfriend x | how to propose girlfriend z | how to propose girlfriend app | how to propose girlfriend maker | how to propose girlfriend 2026 | how to propose girlfriend 2027
proposal for website redesign,4,10,601,1,proposal website f | proposal website n | proposal website o | proposal website r | proposal website w | proposal website y | proposal website with | proposal website for | proposal website in | proposal website 2026
proposal website ideas,3,10,601,1,proposal website | proposal website  | proposal website e | proposal website i | proposal website n | proposal website w | proposal website x | proposal website best | proposal website without | proposal website app
propose message text,3,10,600,2,propose message j | propose message n | propose message p | propose message v | propose message x | propose message y | propose message z | propose message free | propose message app | propose message template
proposal website project,3,10,551,12,proposal website a | proposal website e | proposal website h | proposal website i | proposal website j | proposal website k | proposal website u | proposal website without | proposal website app | proposal website 2026
how to propose girlfriend again,5,9,601,1,how to propose girlfriend g | how to propose girlfriend j | how to propose girlfriend p | how to propose girlfriend q | how to propose girlfriend x | how to propose girlfriend z | how to propose girlfriend app | how to propose girlfriend 2026 | how to propose girlfriend 2027
propose message gf,3,9,601,1,propose message j | propose message k | propose message n | propose message p | propose message v | propose message x | propose message z | propose message app | propose message 2026
can you propose over text,5,9,600,2,propose message k | propose message n | propose message r | propose message u | propose message v | propose message y | propose message app | propose message template | how propose message
how to propose girlfriend on propose day,7,8,601,1,how to propose girlfriend d | how to propose girlfriend g | how to propose girlfriend j | how to propose girlfriend p | how to propose girlfriend q | how to propose girlfriend x | how to propose girlfriend z | how to propose girlfriend app
is marriage proposal important,4,8,601,1,marriage proposal e | marriage proposal with | marriage proposal for | marriage proposal app | how marriage proposal | what marriage proposal | when marriage proposal | is it marriage proposal
proposal website,2,8,601,1,proposal website  | proposal website e | proposal website j | proposal website k | proposal website x | proposal website without | proposal website app | proposal website 2026
digital marketing proposal for a client,6,8,554,6,digital proposal d | digital proposal k | digital proposal n | digital proposal q | digital proposal u | digital proposal v | digital proposal z | digital proposal app
propose message for love,4,8,554,11,propose message f | propose message o | propose message p | propose message r | propose message v | propose message free | propose message with | propose message for
proposal website for girlfriend free,5,7,1250,2,proposal website | proposal website  | proposal website f | proposal website g | proposal website with | proposal website for | proposal website in
propose message for girl,4,7,1250,1,propose message | propose message  | propose message f | propose message p | propose message with | propose message for | propose message in
proposal website for boyfriend,4,7,700,3,proposal website | proposal website  | proposal website b | proposal website f | proposal website with | proposal website for | proposal website in
how to propose girlfriend in chat,6,7,601,1,how to propose girlfriend | how to propose girlfriend  | how to propose girlfriend c | how to propose girlfriend i | how to propose girlfriend n | how to propose girlfriend in | how how to propose girlfriend
proposal website for girlfriend github,5,7,601,5,proposal website | proposal website  | proposal website f | proposal website g | proposal website with | proposal website for | proposal website in
how to propose girlfriend in hindi,6,7,600,2,how to propose girlfriend | how to propose girlfriend  | how to propose girlfriend h | how to propose girlfriend i | how to propose girlfriend n | how to propose girlfriend in | how how to propose girlfriend
how to propose girlfriend in english,6,7,562,3,how to propose girlfriend | how to propose girlfriend  | how to propose girlfriend e | how to propose girlfriend i | how to propose girlfriend n | how to propose girlfriend in | how how to propose girlfriend
digital marketing proposal template for client,6,7,559,6,digital proposal n | digital proposal q | digital proposal t | digital proposal v | digital proposal z | digital proposal app | digital proposal template
how to propose in message,5,7,556,6,propose message k | propose message n | propose message p | propose message u | propose message v | propose message y | propose message app
proposal website for girlfriend,4,6,1251,1,proposal website | proposal website  | proposal website f | proposal website with | proposal website for | proposal website in
propose message in english,4,6,1250,1,propose message | propose message  | propose message i | propose message u | propose message with | propose message in
propose message in hindi,4,6,850,2,propose message | propose message  | propose message i | propose message k | propose message with | propose message in
proposal website for crush,4,6,602,4,proposal website | proposal website  | proposal website f | proposal website with | proposal website for | proposal website in
digital marketing proposal pdf,4,6,601,1,digital proposal d | digital proposal k | digital proposal m | digital proposal n | digital proposal p | digital proposal z
proposal website pdf,3,6,601,1,proposal website | proposal website k | proposal website o | proposal website p | proposal website x | proposal website 2026
propose message for her,4,6,600,4,propose message | propose message  | propose message f | propose message with | propose message for | propose message in
propose message for crush,4,6,561,4,propose message | propose message  | propose message c | propose message with | propose message for | propose message in
propose message for boyfriend,4,6,560,5,propose message | propose message  | propose message b | propose message f | propose message with | propose message for
propose message for wife,4,6,559,6,propose message | propose message  | propose message f | propose message w | propose message with | propose message for
propose message to girl,4,6,554,7,propose message n | propose message o | propose message r | propose message u | propose message y | propose message template
propose message for girl in hindi,6,5,900,2,propose message | propose message  | propose message f | propose message g | propose message for
how to propose girl in different ways,7,5,601,1,how to propose girlfriend | how to propose girlfriend  | how to propose girlfriend d | how to propose girlfriend in | how how to propose girlfriend
how to propose girlfriend for marriage,6,5,601,1,how to propose girlfriend | how to propose girlfriend  | how to propose girlfriend f | how to propose girlfriend for | how how to propose girlfriend
propose message for best friend,5,5,601,1,propose message b | propose message f | propose message best | propose message with | propose message for
propose message for boy,4,5,601,3,propose message | propose message  | propose message f | propose message with | propose message for
propose message for him,4,5,601,3,propose message | propose message  | propose message h | propose message with | propose message for
propose message in marathi,4,5,601,3,propose message | propose message  | propose message i | propose message with | propose message in
website proposal template free download,5,5,601,2,proposal website t | proposal website free | proposal website online | proposal website maker | proposal website template
how to propose girl on chat,6,5,600,2,how to propose girlfriend | how to propose girlfriend  | how to propose girlfriend c | how to propose girlfriend o | how how to propose girlfriend
marriage proposal website template,4,5,600,3,proposal website m | proposal website t | proposal website template | marriage proposal w | marriage proposal template
how to propose girl for marriage,6,5,562,3,how to propose girlfriend | how to propose girlfriend  | how to propose girlfriend f | how to propose girlfriend m | how how to propose girlfriend
propose message for girlfriend,4,5,562,3,propose message | propose message  | propose message with | propose message for | propose message in
digital marketing proposal template free download,6,5,560,5,digital proposal m | digital proposal t | digital proposal free | digital proposal maker | digital proposal template
how to propose girl in english,6,5,559,4,how to propose girlfriend | how to propose girlfriend  | how to propose girlfriend e | how to propose girlfriend in | how how to propose girlfriend
website proposal examples,3,5,556,5,proposal website h | proposal website i | proposal website k | proposal website n | proposal website o
how to propose to a new girlfriend,7,5,555,5,how to propose girlfriend j | how to propose girlfriend z | when how to propose girlfriend | which how to propose girlfriend | who how to propose girlfriend
what is a website proposal,5,5,554,7,proposal website i | proposal website n | proposal website u | proposal website w | proposal website online
propose message ideas,3,5,553,8,propose message o | propose message p | propose message u | propose message template | propose message 2026
marriage proposal in kannada,4,4,1253,1,marriage proposal | marriage proposal  | marriage proposal i | marriage proposal in
marriage proposal in bangalore,4,4,1252,2,marriage proposal | marriage proposal  | marriage proposal i | marriage proposal in
digital proposal for heritage conservation,5,4,1250,1,digital proposal | digital proposal  | digital proposal f | digital proposal for
digital proposal template,3,4,1250,1,digital proposal | digital proposal  | digital proposal t | digital proposal maker
marriage proposal biodata template,4,4,1250,2,marriage proposal | marriage proposal  | marriage proposal b | marriage proposal template
propose message english,3,4,1250,1,propose message e | propose message n | propose message v | propose message x
marriage proposal template free download,5,4,800,1,marriage proposal t | marriage proposal free | marriage proposal maker | marriage proposal template
proposal website source code,4,4,601,1,proposal website | proposal website  | proposal website c | proposal website s
propose message in urdu,4,4,601,1,propose message i | propose message u | propose message with | propose message in
digital marketing proposal for client pdf,6,4,600,3,digital proposal f | digital proposal k | digital proposal m | digital proposal for
digital transformation proposal pdf,4,4,600,3,digital proposal t | digital proposal u | digital proposal x | digital proposal 2026
propose message to my girlfriend,5,4,600,2,propose message | propose message  | propose message m | propose message t
how to propose girl in hindi,6,4,559,6,how to propose girlfriend | how to propose girlfriend  | how to propose girlfriend in | how how to propose girlfriend
marriage proposal website sri lanka,5,4,559,6,proposal website l | proposal website m | proposal website s | marriage proposal w
proposal for website development,4,4,558,7,proposal website f | proposal website with | proposal website for | proposal website in
propose message for girl on whatsapp,6,4,558,3,propose message f | propose message g | propose message o | propose message w
proposal for website,3,4,557,8,proposal website f | proposal website with | proposal website for | proposal website in
propose message for husband,4,4,557,8,propose message f | propose message h | propose message with | propose message for
proposal for website design,4,4,556,9,proposal website f | proposal website with | proposal website for | proposal website in
proposal for website development and maintenance pdf,7,4,555,8,proposal website a | proposal website f | proposal website for | proposal website in
proposal for website development pdf,5,4,555,10,proposal website f | proposal website with | proposal website for | proposal website in
digital pr proposal,3,4,554,4,digital proposal j | digital proposal u | digital proposal v | digital proposal x
propose message to gf,4,4,554,11,propose message o | propose message r | propose message t | propose message y
marriage proposal photos,3,3,1252,1,marriage proposal | marriage proposal  | marriage proposal p
marriage proposal biodata,3,3,1251,1,marriage proposal | marriage proposal  | marriage proposal b
marriage proposal format,3,3,1251,1,marriage proposal f | marriage proposal for | marriage proposal maker
marriage proposal meaning in kannada,5,3,1251,1,marriage proposal | marriage proposal  | marriage proposal m
marriage proposal photos for boy,5,3,1251,2,marriage proposal | marriage proposal  | marriage proposal p
digital proposal card,3,3,1250,1,digital proposal | digital proposal  | digital proposal c
digital proposal link,3,3,1250,1,digital proposal | digital proposal  | digital proposal l
digital proposal software,3,3,1250,1,digital proposal | digital proposal  | digital proposal s
digital proposal website,3,3,1250,1,digital proposal | digital proposal  | digital proposal w
marriage proposal kdrama,3,3,1250,1,marriage proposal | marriage proposal  | marriage proposal k
marriage proposal meaning,3,3,1250,2,marriage proposal | marriage proposal  | marriage proposal m
marriage proposal photo pose,4,3,1250,3,marriage proposal | marriage proposal  | marriage proposal p
marriage proposal quotes,3,3,1250,1,marriage proposal | marriage proposal  | marriage proposal q
proposal website github,3,3,1250,1,proposal website | proposal website  | proposal website g
proposal website link,3,3,1250,1,proposal website | proposal website  | proposal website l
proposal website maker,3,3,1250,1,proposal website | proposal website  | proposal website m
marriage proposal meaning in hindi,5,3,851,3,marriage proposal | marriage proposal  | marriage proposal m
marriage proposal message,3,3,850,4,marriage proposal | marriage proposal  | marriage proposal m
marriage proposal biodata format,4,3,750,3,marriage proposal | marriage proposal  | marriage proposal b
digital marketing proposal for client sample,6,3,601,2,digital proposal f | digital proposal m | digital proposal for
marriage proposal by anton chekhov,5,3,601,4,marriage proposal | marriage proposal  | marriage proposal b
marriage proposal online free,4,3,601,1,marriage proposal o | marriage proposal free | marriage proposal online
marriage proposal without a ring,5,3,601,1,marriage proposal w | marriage proposal with | marriage proposal without
proposal digital networks act,4,3,601,1,digital proposal | digital proposal  | digital proposal n
proposal website free,3,3,601,5,proposal website | proposal website  | proposal website f
propose message bangla,3,3,601,1,propose message | propose message  | propose message b
propose message to wife,4,3,601,1,propose message o | propose message t | propose message z
digital marketing proposal pdf free download,6,3,600,2,digital proposal m | digital proposal p | digital proposal free
digital marketing proposal template,4,3,600,2,digital proposal m | digital proposal t | digital proposal template
how to propose a girl without knowing her,8,3,600,2,how to propose girlfriend k | how to propose girlfriend w | how to propose girlfriend without
proposal digital fairness act,4,3,600,3,digital proposal | digital proposal  | digital proposal f
proposal for digital transformation,4,3,600,2,digital proposal for | what digital proposal | can i digital proposal
valentine proposal website maker,4,3,600,2,proposal website m | proposal website v | proposal website maker
valentine proposal website yes or no,6,3,600,2,proposal website o | proposal website v | proposal website y
website proposal template word,4,3,600,3,proposal website t | proposal website w | proposal website template
website proposal template word free download,6,3,562,3,proposal website t | proposal website w | proposal website template
website proposal template google docs,5,3,561,4,proposal website g | proposal website t | proposal website template
how to propose girl on valentine day,7,3,560,5,how to propose girlfriend d | how to propose girlfriend o | how to propose girlfriend v
marriage proposal form,3,3,560,5,marriage proposal f | marriage proposal for | marriage proposal template
propose message in bengali,4,3,560,5,propose message b | propose message i | propose message in
propose message to my wife,5,3,560,5,propose message m | propose message t | propose message w
website proposal template free,4,3,560,5,proposal website t | proposal website free | proposal website template
how to propose girl,4,3,559,6,how to propose girlfriend | how to propose girlfriend  | how how to propose girlfriend
website proposal template pdf,4,3,559,6,proposal website p | proposal website t | proposal website template
digital marketing proposal template free,5,3,558,7,digital proposal m | digital proposal t | digital proposal template
love proposal website template,4,3,558,7,proposal website l | proposal website t | proposal website template
proposal message in a bottle,5,3,558,7,propose message a | propose message i | propose message in
propose message for girl in english,6,3,558,7,propose message | propose message f | propose message g
website proposal template canva,4,3,558,7,proposal website c | proposal website t | proposal website template
digital marketing proposal template pdf,5,3,557,8,digital proposal m | digital proposal t | digital proposal template
how to propose girl in unique way,7,3,557,8,how to propose girlfriend | how to propose girlfriend  | how to propose girlfriend in
valentine proposal website template,4,3,557,5,proposal website t | proposal website v | proposal website template
digital marketing proposal template word,5,3,556,9,digital proposal m | digital proposal t | digital proposal template
do you have to propose to get married,8,3,556,3,marriage proposal with | can i marriage proposal | is it marriage proposal
how to propose girl in marathi,6,3,556,9,how to propose girlfriend | how to propose girlfriend  | how to propose girlfriend in
digital transformation proposal template,4,3,555,10,digital proposal u | digital proposal template | digital proposal 2026
how can i propose to my husband,7,3,555,10,marriage proposal e | marriage proposal for | how marriage proposal
how to propose girl in message,6,3,555,10,how to propose girlfriend | how to propose girlfriend  | how to propose girlfriend in
is a marriage proposal legally binding,6,3,555,5,marriage proposal with | can i marriage proposal | is it marriage proposal
proposal digital marketing agency,4,3,555,10,digital proposal | digital proposal  | digital proposal m
digital marketing proposal templates,4,3,554,4,digital proposal j | digital proposal q | digital proposal v
how long should a marriage proposal be,7,3,553,4,marriage proposal 2026 | how marriage proposal | when marriage proposal
proposal for website development template,5,3,553,12,proposal website f | proposal website for | proposal website in
valentine proposal website template free,5,3,553,9,proposal website t | proposal website v | proposal website template
marriage proposal template,3,2,1251,1,marriage proposal t | marriage proposal maker
marriage proposal for girlfriend,4,2,1250,2,marriage proposal f | marriage proposal for
marriage proposal in goa,4,2,1250,4,marriage proposal i | marriage proposal in
marriage proposal near me,4,2,1250,1,marriage proposal n | marriage proposal app
marriage proposal drama,3,2,1100,4,marriage proposal c | marriage proposal d
marriage proposal in hindi,4,2,1000,4,marriage proposal i | marriage proposal in
marriage proposal in english,4,2,950,5,marriage proposal i | marriage proposal in
marriage proposal for men,4,2,700,3,marriage proposal f | marriage proposal for
digital proposal example,3,2,602,1,digital proposal e | digital proposal template
ananda digital proposal data sheet,5,2,601,1,digital proposal a | digital proposal d
best proposal website,3,2,601,1,proposal website b | proposal website best
digital bridesmaid proposal,3,2,601,1,digital proposal | digital proposal b
digital marketing proposal free template,5,2,601,1,digital proposal f | digital proposal free
digital offer in tcs,4,2,601,1,digital proposal i | digital proposal in
digital plan template,3,2,601,1,digital proposal t | digital proposal template
how to propose ex girlfriend again,6,2,601,1,how to propose girlfriend e | how how to propose girlfriend
how to propose girl best friend,6,2,601,1,how to propose girlfriend b | how to propose girlfriend best
how to propose girl message,5,2,601,1,how propose message | how to propose girlfriend m
how to propose girl without saying i love you,9,2,601,1,how to propose girlfriend w | how to propose girlfriend without
marriage proposal for boyfriend,4,2,601,5,marriage proposal f | marriage proposal for
marriage proposal in telugu,4,2,601,8,marriage proposal i | marriage proposal in
marriage proposal template word,4,2,601,2,marriage proposal maker | marriage proposal template
online proposal website,3,2,601,1,proposal website o | proposal website online
proposal making website,3,2,601,2,proposal website m | proposal website maker
proposal message website,3,2,601,1,proposal website m | propose message w
proposal messages app,3,2,601,1,propose message a | propose message app
propose message hindi,3,2,601,1,propose message h | propose message j
propose message in nepali,4,2,601,1,propose message n | propose message in
propose message to a girl,5,2,601,1,propose message t | propose message app
propose website yes or no,5,2,601,1,proposal website o | proposal website y
what is the purpose of a marriage proposal,8,2,601,1,what marriage proposal | when marriage proposal
digital bridesmaid proposal card,4,2,600,2,digital proposal b | digital proposal c
digital bridesmaid proposal free,4,2,600,2,digital proposal b | digital proposal free
digital campaign proposal template,4,2,600,3,digital proposal c | digital proposal template
digital id proposal uk,4,2,600,2,digital proposal i | digital proposal u
digital investment plan,3,2,600,2,digital proposal i | digital proposal in
digital omnibus proposal eur lex,5,2,600,2,digital proposal e | digital proposal o
how does a marriage proposal work,6,2,600,2,marriage proposal maker | how marriage proposal
how to propose a girl 2024,6,2,600,2,how to propose girlfriend 2026 | how to propose girlfriend 2027
how to propose for girlfriend,5,2,600,2,how to propose girlfriend f | how to propose girlfriend for
how to propose girl bestie,5,2,600,2,how to propose girlfriend b | how to propose girlfriend best
how to propose girl with ring,6,2,600,2,how to propose girlfriend r | how to propose girlfriend w
how to propose my girlfriend,5,2,600,2,how to propose girlfriend m | how how to propose girlfriend
how to propose to your girlfriend which knee,8,2,600,2,how to propose girlfriend k | which how to propose girlfriend
marriage proposal biodata format free download,6,2,600,5,marriage proposal b | marriage proposal free
marriage proposal examples,3,2,600,3,marriage proposal e | marriage proposal template
marriage proposal for girl,4,2,600,6,marriage proposal f | marriage proposal for
marriage proposal in dream meaning,5,2,600,7,marriage proposal i | marriage proposal in
offer in website,3,2,600,2,proposal website i | proposal website in
proposal pembuatan website toko online,5,2,600,2,proposal website o | proposal website online
proposal website sri lanka,4,2,600,2,proposal website l | proposal website s
propose message to friend,4,2,600,2,propose message free | propose message template
propose website for gf online,5,2,600,6,proposal website f | proposal website for
valentine proposal website github,4,2,600,2,proposal website g | proposal website v
valentine proposal website link,4,2,600,3,proposal website l | proposal website v
what is proposal in digital marketing,6,2,600,2,which digital proposal | can i digital proposal
digital bridesmaid proposal video,4,2,562,3,digital proposal b | digital proposal v
digital marketing proposal ppt,4,2,562,3,digital proposal m | digital proposal p
digital omnibus proposal gdpr,4,2,562,3,digital proposal g | digital proposal o
how to propose a girl for relationship,7,2,562,3,how to propose girlfriend a | how to propose girlfriend for
how to propose a girl with rose,7,2,562,3,how to propose girlfriend w | how to propose girlfriend with
propose message to girlfriend,4,2,562,3,propose message r | propose message t
business proposal website example,4,2,561,4,proposal website b | proposal website e
digital euro proposal regulation,4,2,561,4,digital proposal e | digital proposal r
digital omnibus proposal text,4,2,561,4,digital proposal o | digital proposal t
digital twin proposal,3,2,561,4,digital proposal t | digital proposal 2026
how to propose a girl for marriage,7,2,561,4,how to propose girlfriend a | how to propose girlfriend for
how to propose girl for girlfriend,6,2,561,4,how to propose girlfriend f | how to propose girlfriend g
how to propose my girlfriend in different ways,8,2,561,4,how to propose girlfriend m | how how to propose girlfriend
propose day messages for wife,5,2,561,4,propose message d | propose message w
website proposal sample pdf,4,2,561,4,proposal website p | proposal website s
how to propose a girl in different ways,8,2,560,5,how to propose girlfriend a | how to propose girlfriend i
how to propose a girl with a letter,8,2,560,5,how to propose girlfriend w | how to propose girlfriend with
how to propose gf in different ways,7,2,560,5,how to propose girlfriend d | how to propose girlfriend in
how to propose girl for relationship,6,2,560,5,how to propose girlfriend f | how to propose girlfriend r
propose day website maker,4,2,560,5,proposal website m | proposal website maker
digital bridesmaid proposal template,4,2,559,6,digital proposal b | digital proposal template
digital india plan,3,2,559,6,digital proposal i | digital proposal in
digital omnibus proposal commission,4,2,559,6,digital proposal c | digital proposal o
how to propose a girl,5,2,559,6,how to propose girlfriend a | how to propose girlfriend s
how to propose a girl best friend on chat,9,2,559,6,how to propose girlfriend b | how to propose girlfriend best
how to propose a girl in unique way,8,2,559,6,how to propose girlfriend a | how to propose girlfriend i
how to propose a girl who is not interested in love,11,2,559,6,how to propose girlfriend n | how to propose girlfriend w
how to propose a girl with flowers,7,2,559,6,how to propose girlfriend w | how to propose girlfriend with
how to propose girl for date,6,2,559,6,how to propose girlfriend d | how to propose girlfriend f
marriage proposal format in word,5,2,559,6,marriage proposal f | marriage proposal for
propose crush website github,4,2,559,6,proposal website c | proposal website g
digital euro proposal commission,4,2,558,7,digital proposal c | digital proposal e
digital inclusion plan,3,2,558,7,digital proposal i | digital proposal in
digital marketing proposal for client,5,2,558,4,digital proposal f | digital proposal for
digital omnibus proposal european commission,5,2,558,7,digital proposal e | digital proposal o
digital omnibus proposal regulation,4,2,558,7,digital proposal o | digital proposal r
how to propose a girl for relationship text,8,2,558,7,how to propose girlfriend f | how to propose girlfriend for
how to propose a girl without getting rejected,8,2,558,3,how to propose girlfriend w | how to propose girlfriend without
how to propose a girl you just met,8,2,558,5,how to propose girlfriend j | how to propose girlfriend y
how to propose girl on call,6,2,558,7,how to propose girlfriend c | how to propose girlfriend o
marriage proposal example speech,4,2,558,7,marriage proposal e | marriage proposal template
marriage proposal leave application,4,2,558,7,marriage proposal l | marriage proposal app
online marriage proposal maker,4,2,558,4,marriage proposal online | marriage proposal maker
proposal digital marketing,3,2,558,7,digital proposal | digital proposal 
valentine proposal website generator,4,2,558,7,proposal website g | proposal website v
digital india plan upsc,4,2,557,8,digital proposal i | digital proposal in
digital omnibus proposal eu,4,2,557,8,digital proposal e | digital proposal o
how to propose a girl in hindi,7,2,557,8,how to propose girlfriend a | how to propose girlfriend i
how to propose a girl some lines,7,2,557,8,how to propose girlfriend l | how to propose girlfriend s
how to propose a girl with pick up lines,9,2,557,8,how to propose girlfriend w | how to propose girlfriend with
how to propose a unknown girl quotes,7,2,557,5,how to propose girlfriend q | how to propose girlfriend u
love proposal website code,4,2,557,8,proposal website c | proposal website l
marriage proposal for divorce,4,2,557,8,marriage proposal f | marriage proposal for
marriage proposal in urdu,4,2,557,8,marriage proposal i | marriage proposal in
marriage proposal tips,3,2,557,8,marriage proposal t | marriage proposal best
online marriage proposal maker free,5,2,557,5,marriage proposal free | marriage proposal maker
online proposal ideas,3,2,557,4,proposal website online | proposal website app
proposal digital marketing pdf,4,2,557,8,digital proposal | digital proposal 
propose in message,3,2,557,8,propose message i | propose message in
propose message for girl in marathi,6,2,557,8,propose message f | propose message g
valentine proposal website free,4,2,557,3,proposal website v | proposal website free
website proposal template figma,4,2,557,8,proposal website t | proposal website template
contoh proposal website toko online,5,2,556,7,proposal website o | proposal website online
how to propose a girl best lines,7,2,556,9,how to propose girlfriend b | how to propose girlfriend best
how to propose a girl for love,7,2,556,9,how to propose girlfriend f | how to propose girlfriend for
how to propose a girl in school,7,2,556,9,how to propose girlfriend a | how to propose girlfriend i
how to propose a girl you know,7,2,556,6,how to propose girlfriend k | how to propose girlfriend y
how to propose girl on chat in hindi,8,2,556,9,how to propose girlfriend c | how to propose girlfriend o
how to propose girl on propose day,7,2,556,8,how to propose girlfriend d | how to propose girlfriend p
interactive proposal website,3,2,556,4,proposal website i | proposal website in
love proposal website free,4,2,556,9,proposal website l | proposal website free
marriage proposal biodata free,4,2,556,4,marriage proposal free | marriage proposal maker
marriage proposal not salvation,4,2,556,5,marriage proposal n | marriage proposal without
marriage proposal video template,4,2,556,9,marriage proposal v | marriage proposal template
proposal digital omnibus,3,2,556,9,digital proposal | digital proposal 
propose message to my love,5,2,556,9,propose message m | propose message t
propose new time with message outlook,6,2,556,5,propose message o | propose message w
propose sms in english,4,2,556,9,propose message i | propose message in
digital india plan upsc pyq,5,2,555,10,digital proposal i | digital proposal in
marriage proposal in other words,5,2,555,10,marriage proposal i | marriage proposal in
proposal template web design,4,2,555,10,proposal website t | proposal website template
propose day message bangla,4,2,555,10,propose message b | propose message d
digital investigative plan,3,2,554,11,digital proposal i | digital proposal in
digital marketing proposal maker,4,2,554,5,digital proposal app | digital proposal maker
digital marketing proposal sample pdf,5,2,554,11,digital proposal m | digital proposal p
how to propose a girl for engagement,7,2,554,9,how to propose girlfriend e | how to propose girlfriend for
how to propose a girl for relationship online,8,2,554,5,how to propose girlfriend online | how to propose girlfriend for
how to propose a girl who has already rejected you,10,2,554,11,how to propose girlfriend h | how to propose girlfriend w
how to propose a girl without saying anything,8,2,554,7,how to propose girlfriend with | how to propose girlfriend without
how to propose girl in school,6,2,554,11,how to propose girlfriend | how to propose girlfriend in
how to propose to a girlfriend for the first time,10,2,554,4,when how to propose girlfriend | who how to propose girlfriend
marriage proposal in newspaper,4,2,554,11,marriage proposal i | marriage proposal in
proposal website development,3,2,554,11,proposal website | proposal website 
propose message for girl to make her cry,8,2,554,11,propose message f | propose message g
propose message for her to make her cry,8,2,554,11,propose message f | propose message h
romantic proposal website for girlfriend,5,2,554,9,proposal website r | proposal website for
website proposal format,3,2,554,11,proposal website f | proposal website for
digital insurance plan,3,2,553,12,digital proposal i | digital proposal in
digital marketing agency proposal pdf,5,2,553,9,digital proposal a | digital proposal p
digital marketing proposal example pdf,5,2,553,5,digital proposal e | digital proposal x
how to propose a girl you never met,8,2,553,12,how to propose girlfriend n | how to propose girlfriend y
how to propose a unknown girl directly,7,2,553,12,how to propose girlfriend d | how to propose girlfriend u
marriage proposal in bengali,4,2,553,12,marriage proposal i | marriage proposal in
proposal digital euro,3,2,553,12,digital proposal | digital proposal 
propose day message for best friend,6,2,553,12,propose message d | propose message best
propose message to boy,4,2,553,12,propose message t | propose message y
which proposal,2,2,553,11,which digital proposal | which proposal website
best propose message for wife,5,2,552,11,propose message w | propose message best
digital investment plan health nz,5,2,552,13,digital proposal i | digital proposal in
girlfriend how to propose a girl,6,2,552,5,what how to propose girlfriend | who how to propose girlfriend
how to propose girl quora,5,2,552,13,how to propose girlfriend g | how to propose girlfriend z
how to propose to your girlfriend without her knowing,9,2,552,9,how to propose girlfriend k | how to propose girlfriend without
marriage proposal in india,4,2,552,13,marriage proposal i | marriage proposal in
proposal digital euro regulation,4,2,552,13,digital proposal | digital proposal 
propose msg for gf,4,2,552,13,propose message g | propose message for
what to propose to a girl,6,2,552,5,what how to propose girlfriend | which how to propose girlfriend
digital agency proposal pdf,4,2,551,11,digital proposal n | digital proposal x
digital investment plan dta,4,2,551,14,digital proposal i | digital proposal in
digital marketing proposal free,4,2,551,8,digital proposal free | digital proposal app
marriage proposal set up,4,2,551,14,marriage proposal s | marriage proposal u
proposal maker online free,4,2,551,8,digital proposal maker | proposal website maker
propose msg for bf,4,2,551,14,propose message b | propose message for
digital marketing proposal sample,4,2,550,8,digital proposal q | digital proposal s
proposal in digital marketing,4,2,550,15,digital proposal i | digital proposal in
marriage proposal details,3,1,1252,1,marriage proposal d
marriage proposal details format,4,1,1251,2,marriage proposal d
marriage proposal ideas,3,1,1251,3,marriage proposal i
marriage proposal lines,3,1,1251,1,marriage proposal l
marriage proposal best lines,4,1,1250,1,marriage proposal best
marriage proposal decoration,3,1,1250,3,marriage proposal d
marriage proposal gift,3,1,1250,1,marriage proposal g
marriage proposal japanese drama,4,1,1250,1,marriage proposal j
marriage proposal letter,3,1,1250,2,marriage proposal l
marriage proposal ring,3,1,1250,1,marriage proposal r
marriage proposal synonyms,3,1,1250,1,marriage proposal s
marriage proposal text,3,1,1250,2,marriage proposal t
marriage proposal uponnash,3,1,1250,1,marriage proposal u
marriage proposal anton chekhov,4,1,1200,1,marriage proposal a
marriage proposal resume,3,1,1150,2,marriage proposal r
marriage proposal speech,3,1,1150,2,marriage proposal s
marriage proposal korean drama,4,1,1100,2,marriage proposal k
marriage proposal profile sample,4,1,1100,4,marriage proposal p
marriage proposal online,3,1,1052,1,marriage proposal o
marriage proposal on tower,4,1,1051,2,marriage proposal o
marriage proposal chinese drama,4,1,1050,1,marriage proposal c
marriage proposal other words,4,1,1050,3,marriage proposal o
marriage proposal request,3,1,950,3,marriage proposal r
marriage proposal photos for girl,5,1,901,5,marriage proposal p
marriage proposal photos for boy indian,6,1,900,6,marriage proposal p
marriage proposal emoji,3,1,850,1,marriage proposal e
marriage proposal new york,4,1,850,2,marriage proposal n
marriage proposal wishes,3,1,850,1,marriage proposal w
marriage proposal card,3,1,801,2,marriage proposal c
marriage proposal captions,3,1,800,3,marriage proposal c
marriage proposal decoration ideas,4,1,800,5,marriage proposal d
marriage proposal summary,3,1,800,3,marriage proposal s
marriage proposal news,3,1,750,3,marriage proposal n
marriage proposal rejection message,4,1,750,4,marriage proposal r
marriage proposal letter to girl,5,1,700,3,marriage proposal l
marriage proposal another word,4,1,650,2,marriage proposal a
marriage proposal cake,3,1,650,4,marriage proposal c
marriage proposal dialogue,3,1,650,6,marriage proposal d
marriage proposal viral,3,1,650,1,marriage proposal v
marriage proposal film,3,1,602,4,marriage proposal f
marriage proposal images,3,1,602,7,marriage proposal i
marriage proposal movie,3,1,602,5,marriage proposal m
2026 digital plan,3,1,601,1,digital proposal 2026
ai proposal website,3,1,601,1,proposal website a
best marriage proposal ideas,4,1,601,2,marriage proposal best
business proposal kdrama website,4,1,601,1,proposal website k
business proposal web novel,4,1,601,1,proposal website n
can i propose to my girlfriend at 16,8,1,601,1,can i how to propose girlfriend
can i reject marriage proposal in islam,7,1,601,1,can i marriage proposal
can i withdraw proposal on upwork,6,1,601,1,can i digital proposal
digital campaign proposal,3,1,601,2,digital proposal c
digital euro proposal,3,1,601,2,digital proposal e
digital godparent proposal,3,1,601,1,digital proposal g
digital hoco proposal,3,1,601,1,digital proposal h
digital id proposal,3,1,601,1,digital proposal i
digital job offer,3,1,601,1,digital proposal j
digital marketing proposal,3,1,601,1,digital proposal m
digital offer ufone,3,1,601,1,digital proposal u
digital offer zong,3,1,601,1,digital proposal z
digital omnibus proposal,3,1,601,1,digital proposal o
digital plan ai,3,1,601,1,digital proposal a
digital plan app,3,1,601,1,digital proposal app
digital plan kya hai,4,1,601,1,digital proposal k
digital plan maker,3,1,601,1,digital proposal maker
digital plan review table,4,1,601,1,digital proposal r
digital strategy proposal,3,1,601,2,digital proposal s
digital transformation proposal,3,1,601,2,digital proposal t
digital valentine proposal,3,1,601,1,digital proposal v
digital wedding proposal,3,1,601,2,digital proposal w
how to make proposal website,5,1,601,1,how proposal website
how to marriage proposal ideas,5,1,601,1,how marriage proposal
how to propose a girl in zulu,7,1,601,1,how to propose girlfriend z
how to propose a girl kannada,6,1,601,1,how to propose girlfriend k
how to propose a girl online,6,1,601,1,how to propose girlfriend online
how to propose a girl without saying i love you,10,1,601,1,how to propose girlfriend with
how to propose a girlfriend,5,1,601,1,how to propose girlfriend a
how to propose christian girl,5,1,601,1,how to propose girlfriend c
how to propose gemini girl,5,1,601,1,how to propose girlfriend g
how to propose girl hindi,5,1,601,1,how to propose girlfriend h
how to propose girl lines,5,1,601,1,how to propose girlfriend l
how to propose girl quotes,5,1,601,1,how to propose girlfriend q
how to propose girl through text,6,1,601,1,how to propose girlfriend t
how to propose girlfriend online,5,1,601,1,how to propose girlfriend o
how to propose japanese girl,5,1,601,1,how to propose girlfriend j
how to propose message,4,1,601,1,how propose message
how to propose punjabi girl,5,1,601,1,how to propose girlfriend p
how to propose random girl,5,1,601,1,how to propose girlfriend r
how to propose stranger girl,5,1,601,1,how to propose girlfriend s
how to propose to your girlfriend what knee,8,1,601,1,what how to propose girlfriend
how to propose unknown girl,5,1,601,1,how to propose girlfriend u
how to propose vietnamese girl,5,1,601,1,how to propose girlfriend v
how to propose your girlfriend,5,1,601,1,how to propose girlfriend y
is marriage proposal,3,1,601,1,is it marriage proposal
marriage plan 2026,3,1,601,1,marriage proposal 2026
marriage plan free,3,1,601,1,marriage proposal free
marriage proposal acceptance message,4,1,601,3,marriage proposal a
marriage proposal app sri lanka,5,1,601,1,marriage proposal app
marriage proposal cast,3,1,601,5,marriage proposal c
marriage proposal dream meaning,4,1,601,7,marriage proposal d
marriage proposal empire state building,5,1,601,2,marriage proposal e
marriage proposal girl images,4,1,601,2,marriage proposal g
marriage proposal hotel room decoration,5,1,601,1,marriage proposal h
marriage proposal jdrama,3,1,601,2,marriage proposal j
marriage proposal kdrama cast,4,1,601,3,marriage proposal k
marriage proposal link,3,1,601,4,marriage proposal l
marriage proposal meaning in urdu,5,1,601,6,marriage proposal m
marriage proposal netflix,3,1,601,4,marriage proposal n
marriage proposal on empire state building,6,1,601,4,marriage proposal o
marriage proposal photoshoot,3,1,601,7,marriage proposal p
marriage proposal question answer,4,1,601,2,marriage proposal q
marriage proposal resume format,4,1,601,5,marriage proposal r
marriage proposal stills for men,5,1,601,4,marriage proposal s
marriage proposal to girl,4,1,601,3,marriage proposal t
marriage proposal us open,4,1,601,2,marriage proposal u
marriage proposal video,3,1,601,2,marriage proposal v
marriage proposal whatsapp group link,5,1,601,2,marriage proposal w
marriage proposal youtube,3,1,601,1,marriage proposal y
marriage proposal zanzibar,3,1,601,1,marriage proposal z
offer app website,3,1,601,1,proposal website app
plan digital xunta,3,1,601,1,digital proposal x
proposal jasa website,3,1,601,1,proposal website j
proposal message card,3,1,601,1,propose message c
proposal message example,3,1,601,2,propose message e
proposal message for your crush,5,1,601,1,propose message y
proposal message link,3,1,601,1,propose message l
proposal message on cake,4,1,601,1,propose message o
proposal message reddit,3,1,601,1,propose message r
proposal message sample,3,1,601,1,propose message s
proposal of website development,4,1,601,1,proposal website o
proposal online free,3,1,601,1,proposal website free
proposal ring website,3,1,601,1,proposal website r
proposal website code,3,1,601,1,proposal website c
proposal website love,3,1,601,2,proposal website l
proposal website.html,2,1,601,1,proposal website h
proposal writing website,3,1,601,1,proposal website w
propose a message,3,1,601,1,propose message a
propose day 2026 message,4,1,601,1,propose message 2026
propose day message,3,1,601,1,propose message d
propose korar message,3,1,601,1,propose message k
propose letter template,3,1,601,1,propose message template
propose message for friendship,4,1,601,1,propose message free
propose message marathi,3,1,601,1,propose message m
propose msg girl,3,1,601,1,propose message g
propose prank message,3,1,601,1,propose message p
q9 digital proposal,3,1,601,1,digital proposal q
valentine proposal website,3,1,601,1,proposal website v
valentine propose message,3,1,601,1,propose message v
web proposal ubaya,3,1,601,1,proposal website u
website proposal example,3,1,601,1,proposal website e
website proposal generator,3,1,601,2,proposal website g
what is a digital proposal,5,1,601,1,what digital proposal
what is purpose of message,5,1,601,1,what propose message
what websites offer student discounts,5,1,601,1,what proposal website
when to propose to girlfriend,5,1,601,1,when how to propose girlfriend
where to propose girlfriend,4,1,601,1,which how to propose girlfriend
which digital offer,3,1,601,1,which digital proposal
which websites offer free certificates,5,1,601,1,which proposal website
who to propose girl,4,1,601,1,who how to propose girlfriend
2026 message,2,1,600,2,propose message 2026
best marriage proposal letter,4,1,600,3,marriage proposal best
can i propose to my girlfriend on her birthday,9,1,600,2,can i how to propose girlfriend
digital detox plan,3,1,600,2,digital proposal d
digital godmother proposal,3,1,600,2,digital proposal g
digital health plan,3,1,600,2,digital proposal h
digital map proposal nyc,4,1,600,2,digital proposal n
digital offer acme,3,1,600,2,digital proposal a
digital plan room,3,1,600,2,digital proposal r
digital plan viewer,3,1,600,2,digital proposal v
digital plan wellhub,3,1,600,3,digital proposal w
how to make girlfriend propose,5,1,600,2,how to propose girlfriend maker
how to propose a gen z girl,7,1,600,2,how to propose girlfriend z
how to propose a girl directly,6,1,600,2,how to propose girlfriend d
how to propose a girl in korean language,8,1,600,2,how to propose girlfriend k
how to propose a girl online chat,7,1,600,2,how to propose girlfriend online
how to propose a girl pick up lines,8,1,600,2,how to propose girlfriend p
how to propose a girl quora,6,1,600,2,how to propose girlfriend q
how to propose a girl video,6,1,600,2,how to propose girlfriend v
how to propose a girl with ring,7,1,600,2,how to propose girlfriend with
how to propose a girlfriend on chat,7,1,600,2,how to propose girlfriend a
how to propose chinese girl,5,1,600,2,how to propose girlfriend c
how to propose ex girlfriend,5,1,600,2,how to propose girlfriend e
how to propose girl in gujarati,6,1,600,2,how to propose girlfriend g
how to propose girl love at first sight,8,1,600,2,how to propose girlfriend l
how to propose girlfriend in propose day,7,1,600,2,how to propose girlfriend n
how to propose junior girl,5,1,600,2,how to propose girlfriend j
how to propose russian girl,5,1,600,2,how to propose girlfriend r
how to propose school girl,5,1,600,2,how to propose girlfriend s
how to propose the girlfriend,5,1,600,2,how to propose girlfriend t
how to propose through message,5,1,600,2,how propose message
how to propose to my girlfriend what to say,9,1,600,2,what how to propose girlfriend
how to propose ur gf,5,1,600,2,how to propose girlfriend u
how to propose your girlfriend for marriage,7,1,600,2,how to propose girlfriend y
how to write a proposal for website design,8,1,600,2,how proposal website
http://www.digital-plan.org,1,1,600,3,digital proposal e
i do marriage proposal,4,1,600,2,can i marriage proposal
is it wedding or marriage proposal,6,1,600,2,is it marriage proposal
marriage engagement template,3,1,600,3,marriage proposal template
marriage plan free online,4,1,600,2,marriage proposal free
marriage plan online,3,1,600,2,marriage proposal online
marriage proposal agency,3,1,600,4,marriage proposal a
marriage proposal application,3,1,600,2,marriage proposal app
marriage proposal characters,3,1,600,6,marriage proposal c
marriage proposal dua,3,1,600,8,marriage proposal d
marriage proposal for,3,1,600,2,marriage proposal with
marriage proposal gone wrong,4,1,600,3,marriage proposal g
marriage proposal hindi,3,1,600,2,marriage proposal h
marriage proposal ideas for her,5,1,600,9,marriage proposal i
marriage proposal japan,3,1,600,3,marriage proposal j
marriage proposal kit,3,1,600,4,marriage proposal k
marriage proposal lines for her,5,1,600,5,marriage proposal l
marriage proposal meaning in telugu,5,1,600,7,marriage proposal m
marriage proposal nyc,3,1,600,5,marriage proposal n
marriage proposal on top of empire state building,8,1,600,5,marriage proposal o
marriage proposal pics,3,1,600,8,marriage proposal p
marriage proposal quiz,3,1,600,3,marriage proposal q
marriage proposal rejection,3,1,600,6,marriage proposal r
marriage proposal spell,3,1,600,5,marriage proposal s
marriage proposal uk,3,1,600,3,marriage proposal u
marriage proposal viral video,4,1,600,3,marriage proposal v
marriage proposal without kneeling,4,1,600,2,marriage proposal without
marriage proposal yacht,3,1,600,2,marriage proposal y
olympic marriage proposal 2026,4,1,600,2,marriage proposal 2026
plan a website,3,1,600,2,proposal website a
plan b website,3,1,600,2,proposal website b
plan digital que es,4,1,600,2,digital proposal q
plan digital xunta de galicia,5,1,600,2,digital proposal x
plan website free,3,1,600,2,proposal website free
proposal card website,3,1,600,2,proposal website c
proposal digital services act,4,1,600,3,digital proposal s
proposal experience website,3,1,600,2,proposal website e
proposal for web application development,5,1,600,2,proposal website app
proposal jam digital masjid,4,1,600,2,digital proposal j
proposal letter template word,4,1,600,2,propose message template
proposal message for ninong and ninang wedding,7,1,600,2,propose message n
proposal message for principal sponsor,5,1,600,2,propose message p
proposal message meaning,3,1,600,2,propose message m
proposal message to your girlfriend,5,1,600,2,propose message y
proposal of website,3,1,600,2,proposal website o
proposal penawaran jasa website,4,1,600,2,proposal website j
proposal pkm kc website,4,1,600,2,proposal website k
proposal rejection message,3,1,600,2,propose message r
propose boy message,3,1,600,2,propose message b
propose day best message,4,1,600,2,propose message best
propose day message for girlfriend,5,1,600,2,propose message d
propose day unique message,4,1,600,2,propose message u
propose gf website,3,1,600,3,proposal website g
propose girl message,3,1,600,2,propose message g
propose her website,3,1,600,2,proposal website h
propose letter copy,3,1,600,2,propose message c
propose letter english,3,1,600,3,propose message e
propose letter kaise likhe,4,1,600,2,propose message k
propose love message,3,1,600,2,propose message l
propose msg hindi,3,1,600,2,propose message h
propose style message,3,1,600,2,propose message s
propose wedding message,3,1,600,2,propose message w
prosecutors proposal web novel,4,1,600,2,proposal website n
suggest ooo message,3,1,600,2,propose message o
website proposal presentation,3,1,600,2,proposal website p
website update proposal template,4,1,600,2,proposal website u
wedding proposal zanzibar,3,1,600,2,marriage proposal z
what is digital marketing proposal,5,1,600,2,what digital proposal
what purpose meaning in telugu,5,1,600,2,what propose message
what websites offer afterpay,4,1,600,2,what proposal website
when to propose to girlfriend reddit,6,1,600,2,when how to propose girlfriend
which websites offer free courses,5,1,600,2,which proposal website
digital godfather proposal,3,1,562,3,digital proposal g
digital plan review,3,1,562,3,digital proposal r
how to propose a girl differently,6,1,562,3,how to propose girlfriend d
how to propose a girl gift,6,1,562,3,how to propose girlfriend g
how to propose a girl hindi meaning,7,1,562,3,how to propose girlfriend h
how to propose a girl like a gentleman,8,1,562,3,how to propose girlfriend l
how to propose a girl unique way,7,1,562,3,how to propose girlfriend u
how to propose a girlfriend for marriage,7,1,562,3,how to propose girlfriend a
how to propose beautiful girl,5,1,562,3,how to propose girlfriend b
how to propose cute girl,5,1,562,3,how to propose girlfriend c
how to propose gf on chat,6,1,562,3,how to propose girlfriend o
how to propose girl with shayari,6,1,562,3,how to propose girlfriend w
how to propose my girlfriend for marriage,7,1,562,3,how to propose girlfriend m
how to propose senior girl,5,1,562,3,how to propose girlfriend s
how to propose the girl,5,1,562,3,how to propose girlfriend t
how to propose to girlfriend reddit,6,1,562,3,how to propose girlfriend r
how to propose your girlfriend again,6,1,562,3,how to propose girlfriend y
marriage proposal houston,3,1,562,3,marriage proposal h
marriage proposal yes,3,1,562,3,marriage proposal y
proposal congratulations message,3,1,562,3,propose message c
proposal email template,3,1,562,3,propose message template
proposal project website,3,1,562,3,proposal website p
proposal web series,3,1,562,3,proposal website s
propose day messages for boyfriend,5,1,562,3,propose message d
propose girlfriend message,3,1,562,3,propose message g
propose her message,3,1,562,3,propose message h
propose letter bangla,3,1,562,3,propose message b
propose letter marathi,3,1,562,3,propose message m
propose long message,3,1,562,3,propose message l
propose short message,3,1,562,3,propose message s
website proposal cover page,4,1,562,3,proposal website c
website proposal examples pdf,4,1,562,3,proposal website e
what websites offer next day delivery,6,1,562,3,what proposal website
digital business proposal,3,1,561,4,digital proposal b
digital groomsmen proposal,3,1,561,4,digital proposal g
digital house plan,3,1,561,3,digital proposal h
digital id plan,3,1,561,4,digital proposal i
digital offer card chick fil a,6,1,561,4,digital proposal c
digital offer wallet,3,1,561,4,digital proposal w
digital plan for the irish language,6,1,561,4,digital proposal f
digital plan review software,4,1,561,4,digital proposal r
digital plus offer ufone,4,1,561,4,digital proposal p
digital signage proposal pdf,4,1,561,4,digital proposal s
how to propose a girl dialogue,6,1,561,4,how to propose girlfriend d
how to propose a girl long distance,7,1,561,4,how to propose girlfriend l
how to propose a girl paragraph,6,1,561,3,how to propose girlfriend p
how to propose a girl romantically,6,1,561,4,how to propose girlfriend r
how to propose a girl using bible verses,8,1,561,4,how to propose girlfriend u
how to propose a girl via text,7,1,561,3,how to propose girlfriend v
how to propose a girl with shayari,7,1,561,4,how to propose girlfriend with
how to propose a girlfriend in english,7,1,561,4,how to propose girlfriend a
how to propose a hot girl,6,1,561,4,how to propose girlfriend h
how to propose bengali girl,5,1,561,4,how to propose girlfriend b
how to propose classmate girl,5,1,561,4,how to propose girlfriend c
how to propose girl first time,6,1,561,4,how to propose girlfriend f
how to propose girl in chat,6,1,561,4,how to propose girlfriend in
how to propose girl online,5,1,561,4,how to propose girlfriend o
how to propose in girlfriend,5,1,561,4,how to propose girlfriend i
how to propose someone girl,5,1,561,4,how to propose girlfriend s
how to propose the girl in school,7,1,561,4,how to propose girlfriend t
how to propose with girl,5,1,561,4,how to propose girlfriend w
how to propose your gf,5,1,561,4,how to propose girlfriend y
marriage proposal event,3,1,561,4,marriage proposal e
marriage proposal gif,3,1,561,4,marriage proposal g
marriage proposal help,3,1,561,4,marriage proposal h
marriage proposal japanese,3,1,561,4,marriage proposal j
marriage proposal quotes in english,5,1,561,4,marriage proposal q
marriage proposal venues,3,1,561,4,marriage proposal v
marriage proposal yacht istanbul,4,1,561,4,marriage proposal y
proposal cake message,3,1,561,4,propose message c
proposal letter template word free download,6,1,561,4,propose message template
propose girlfriend website,3,1,561,4,proposal website g
propose letter gujarati,3,1,561,4,propose message g
propose letter hindi,3,1,561,4,propose message h
propose letter kannada,3,1,561,3,propose message k
propose letter marathi text,4,1,561,4,propose message m
propose letter sample,3,1,561,4,propose message s
propose love message for her,5,1,561,4,propose message l
propose sms bangla,3,1,561,4,propose message b
us marriage proposal,3,1,561,4,marriage proposal u
website proposal cover,3,1,561,4,proposal website c
website proposal ppt,3,1,561,4,proposal website p
what websites offer klarna,4,1,561,4,what proposal website
which website offers cheap flights,5,1,561,3,which proposal website
best website proposal examples,4,1,560,5,proposal website e
can i propose to my girlfriend at 17,8,1,560,3,can i how to propose girlfriend
digital bridal proposal,3,1,560,5,digital proposal b
digital data plan,3,1,560,3,digital proposal d
digital euro proposal european commission,5,1,560,5,digital proposal e
digital growth proposal,3,1,560,5,digital proposal g
digital health plan on palmpay,5,1,560,4,digital proposal h
digital omnibus proposal ai act,5,1,560,5,digital proposal o
digital plan copart,3,1,560,5,digital proposal c
digital plan for irish,4,1,560,5,digital proposal f
digital plan reader,3,1,560,5,digital proposal r
digital plan table,3,1,560,5,digital proposal t
digital plan with me,4,1,560,5,digital proposal w
digital preservation plan,3,1,560,5,digital proposal p
digital signage proposal,3,1,560,5,digital proposal s
how to propose a girl by text,7,1,560,5,how to propose girlfriend b
how to propose a girl for the first time,9,1,560,5,how to propose girlfriend for
how to propose a girl in good way,8,1,560,5,how to propose girlfriend g
how to propose a girl letter,6,1,560,5,how to propose girlfriend l
how to propose a girl reddit,6,1,560,5,how to propose girlfriend r
how to propose a girl who is already in relationship,10,1,560,5,how to propose girlfriend w
how to propose a girlfriend in hindi,7,1,560,5,how to propose girlfriend a
how to propose a haryanvi girl,6,1,560,5,how to propose girlfriend h
how to propose a junior girl in school,8,1,560,3,how to propose girlfriend j
how to propose crush girl,5,1,560,5,how to propose girlfriend c
how to propose girl in urdu,6,1,560,5,how to propose girlfriend u
how to propose muslim girl,5,1,560,5,how to propose girlfriend m
how to propose new girlfriend,5,1,560,5,how to propose girlfriend n
how to propose shy girl,5,1,560,5,how to propose girlfriend s
how to propose teenage girl,5,1,560,5,how to propose girlfriend t
how to propose your girl best friend,7,1,560,5,how to propose girlfriend y
marriage proposal at wimbledon,4,1,560,5,marriage proposal a
marriage proposal empire state,4,1,560,5,marriage proposal e
marriage proposal golpo,3,1,560,5,marriage proposal g
marriage proposal helicopter,3,1,560,5,marriage proposal h
marriage proposal jokes,3,1,560,5,marriage proposal j
marriage proposal koh samui,4,1,560,5,marriage proposal k
marriage proposal questions,3,1,560,5,marriage proposal q
marriage proposal to girlfriend,4,1,560,5,marriage proposal t
marriage proposal underwater death,4,1,560,5,marriage proposal u
marriage proposal vs engagement,4,1,560,5,marriage proposal v
marriage proposal words for her,5,1,560,4,marriage proposal w
marriage proposals youtube shorts,4,1,560,5,marriage proposal y
plan a website structure,4,1,560,3,proposal website a
plan b website coupon,4,1,560,3,proposal website b
proposal congratulations message to friend,5,1,560,5,propose message c
proposal letter template pdf,4,1,560,5,propose message template
proposal page website,3,1,560,5,proposal website p
propose crush website,3,1,560,5,proposal website c
propose day message to my love,6,1,560,5,propose message d
propose day website link,4,1,560,5,proposal website l
propose korar sms,3,1,560,4,propose message k
propose letter girlfriend,3,1,560,5,propose message g
propose letter meaning,3,1,560,5,propose message m
propose letter short,3,1,560,5,propose message s
propose love message for my wife,6,1,560,5,propose message l
propose sms bangla for girlfriend,5,1,560,5,propose message b
propose sms hindi,3,1,560,5,propose message h
propose whatsapp message,3,1,560,3,propose message w
research proposal website,3,1,560,3,proposal website r
unique propose message,3,1,560,3,propose message u
website proposal sample,3,1,560,5,proposal website s
what websites offer free shipping,5,1,560,5,what proposal website
which websites offer student discounts,5,1,560,4,which proposal website
can i propose to my girlfriend without a ring,9,1,559,4,can i how to propose girlfriend
digital action plan,3,1,559,3,digital proposal a
digital defence offer,3,1,559,4,digital proposal d
digital euro proposal eur lex,5,1,559,6,digital proposal e
digital gujarat proposal,3,1,559,6,digital proposal g
digital hub offer,3,1,559,5,digital proposal h
digital nomad plan,3,1,559,3,digital proposal n
digital offer cardenas,3,1,559,6,digital proposal c
digital offer for u,4,1,559,6,digital proposal f
digital plan wheel,3,1,559,6,digital proposal w
digital plus offer,3,1,559,6,digital proposal p
digital services proposal,3,1,559,6,digital proposal s
how to propose a girl for friendship,7,1,559,6,how to propose girlfriend for
how to propose a girl in poetry,7,1,559,5,how to propose girlfriend p
how to propose a girl lines in hindi,8,1,559,6,how to propose girlfriend l
how to propose a girl nicely,6,1,559,6,how to propose girlfriend n
how to propose a girl on knees,7,1,559,3,how to propose girlfriend k
how to propose a girl quotes in hindi,8,1,559,3,how to propose girlfriend q
how to propose a girl uniquely,6,1,559,6,how to propose girlfriend u
how to propose a girl virtually,6,1,559,5,how to propose girlfriend v
how to propose a jain girl,6,1,559,4,how to propose girlfriend j
how to propose girl friend,5,1,559,6,how to propose girlfriend f
how to propose girl on instagram,6,1,559,6,how to propose girlfriend o
how to propose girl to be your girlfriend,8,1,559,6,how to propose girlfriend g
how to propose my girl best friend,7,1,559,6,how to propose girlfriend m
how to propose the girl for the first time,9,1,559,6,how to propose girlfriend t
how to propose to girlfriend at home,7,1,559,6,how to propose girlfriend h
how to propose your gf in chat,7,1,559,6,how to propose girlfriend y
marriage plan yumi,3,1,559,6,marriage proposal y
marriage proposal anime,3,1,559,6,marriage proposal a
marriage proposal by anton chekhov summary,6,1,559,6,marriage proposal b
marriage proposal eiffel tower paris,5,1,559,6,marriage proposal e
marriage proposal gifts for her,5,1,559,6,marriage proposal g
marriage proposal hashtags,3,1,559,6,marriage proposal h
marriage proposal jaipur,3,1,559,6,marriage proposal j
marriage proposal kya hai,4,1,559,6,marriage proposal k
marriage proposal lines in english,5,1,559,6,marriage proposal l
marriage proposal on the beach,5,1,559,6,marriage proposal o
marriage proposal quotes for her,5,1,559,6,marriage proposal q
marriage proposal sample,3,1,559,6,marriage proposal template
marriage proposal story,3,1,559,6,marriage proposal s
marriage proposal tomodachi life,4,1,559,6,marriage proposal t
marriage proposal under northern lights,5,1,559,6,marriage proposal u
marriage proposal verses,3,1,559,6,marriage proposal v
plan a website layout,4,1,559,4,proposal website a
plan b website for girls,5,1,559,4,proposal website b
proposal congrats message,3,1,559,6,propose message c
proposal for ecommerce website,4,1,559,6,proposal website e
proposal letter template free,4,1,559,6,propose message template
proposal message ideas,3,1,559,6,propose message i
proposal prank website,3,1,559,6,proposal website p
propose day messages for husband,5,1,559,6,propose message d
propose day website making,4,1,559,6,proposal website m
propose i love you message,5,1,559,3,propose message y
propose korar sms english,4,1,559,5,propose message k
propose letter bengali,3,1,559,6,propose message b
propose letter hindi mein,4,1,559,6,propose message h
propose letter love,3,1,559,6,propose message l
propose letter shayari,3,1,559,6,propose message s
propose letter writing,3,1,559,4,propose message w
propose message to boyfriend,4,1,559,6,propose message t
propose moi un message de condoléances,6,1,559,4,propose message u
propose sms girlfriend english,4,1,559,6,propose message g
propose sms marathi,3,1,559,6,propose message m
propose text art,3,1,559,3,propose message a
research proposal writing website,4,1,559,4,proposal website w
secret proposal letter website,4,1,559,6,proposal website l
virtual proposal website,3,1,559,3,proposal website v
website redesign proposal template,4,1,559,4,proposal website r
wedding proposal zakynthos,3,1,559,3,marriage proposal z
what websites offer free baby boxes,6,1,559,6,what proposal website
which websites offer same day delivery,6,1,559,5,which proposal website
business proposal website,3,1,558,5,proposal website b
can i propose to my girlfriend at home,8,1,558,5,can i how to propose girlfriend
contoh proposal website sekolah,4,1,558,7,proposal website s
digital alight plan 106 login app,6,1,558,4,digital proposal a
digital hub offer today,4,1,558,6,digital proposal h
digital offer tcs,3,1,558,7,digital proposal t
digital plan company,3,1,558,7,digital proposal c
digital plan for schools,4,1,558,7,digital proposal f
digital proposal,2,1,558,7,digital proposal 
digital solution proposal,3,1,558,7,digital proposal s
digital work plan,3,1,558,7,digital proposal w
electronic project proposal management system,5,1,558,7,digital proposal p
how to propose a girl bangla,6,1,558,7,how to propose girlfriend b
how to propose a girl example,6,1,558,5,how to propose girlfriend e
how to propose a girl in chat,7,1,558,7,how to propose girlfriend i
how to propose a girl in hindi shayari,8,1,558,7,how to propose girlfriend h
how to propose a girl in kannada words,8,1,558,4,how to propose girlfriend k
how to propose a girl live,6,1,558,7,how to propose girlfriend l
how to propose a girl nepali,6,1,558,7,how to propose girlfriend n
how to propose a girl on chat,7,1,558,7,how to propose girlfriend a
how to propose a girl on phone call,8,1,558,6,how to propose girlfriend p
how to propose a girl quotes in english,8,1,558,4,how to propose girlfriend q
how to propose a girl shayari,6,1,558,7,how to propose girlfriend s
how to propose a girl to be your girlfriend for the first time,13,1,558,7,how to propose girlfriend g
how to propose a girl u like,7,1,558,7,how to propose girlfriend u
how to propose a girl with words,7,1,558,7,how to propose girlfriend with
how to propose a virgo girl,6,1,558,6,how to propose girlfriend v
how to propose girl for friendship,6,1,558,7,how to propose girlfriend f
how to propose girl in different style,7,1,558,7,how to propose girlfriend d
how to propose girl in romantic way,7,1,558,7,how to propose girlfriend r
how to propose marathi girl,5,1,558,7,how to propose girlfriend m
how to propose the girl online,6,1,558,7,how to propose girlfriend t
how to propose your girl bestie,6,1,558,7,how to propose girlfriend y
marriage plan youtube,3,1,558,7,marriage proposal y
marriage proposal at the emmys,5,1,558,7,marriage proposal a
marriage proposal bible verses,4,1,558,7,marriage proposal b
marriage proposal class 12,4,1,558,7,marriage proposal c
marriage proposal event organizer,4,1,558,7,marriage proposal e
marriage proposal goes wrong cast,5,1,558,7,marriage proposal g
marriage proposal hindi meaning,4,1,558,7,marriage proposal h
marriage proposal jordan,3,1,558,7,marriage proposal j
marriage proposal ka hindi,4,1,558,7,marriage proposal k
marriage proposal new zealand,4,1,558,4,marriage proposal z
marriage proposal on family feud,5,1,558,7,marriage proposal o
marriage proposal quotes in tamil,5,1,558,7,marriage proposal q
marriage proposal reddit,3,1,558,7,marriage proposal r
marriage proposal shayari,3,1,558,7,marriage proposal s
marriage proposal timeline,3,1,558,7,marriage proposal t
marriage proposal urdu meaning,4,1,558,7,marriage proposal u
marriage proposal virtual families 2,5,1,558,7,marriage proposal v
marriage proposal words,3,1,558,6,marriage proposal w
marriage without proposal,3,1,558,3,marriage proposal without
plan digital de centro,4,1,558,5,digital proposal d
plan digital negeri pahang,4,1,558,4,digital proposal n
plan in website,3,1,558,7,proposal website in
proposal accept message,3,1,558,4,propose message a
proposal congratulatory message,3,1,558,7,propose message c
proposal email template to client,5,1,558,7,propose message template
proposal for a website development project,6,1,558,5,proposal website a
proposal for ecommerce website development pdf,6,1,558,7,proposal website e
proposal gift message,3,1,558,7,propose message g
proposal marriage message,3,1,558,7,propose message m
proposal ring message,3,1,558,3,propose message r
proposal sweet message,3,1,558,7,propose message s
proposal-submission web app,3,1,558,3,proposal website app
propose day message in hindi,5,1,558,7,propose message d
propose day message link,4,1,558,7,propose message l
propose day thank you message,5,1,558,4,propose message y
propose korar sms bangla,4,1,558,6,propose message k
propose letter bangla for girlfriend,5,1,558,7,propose message b
propose message to crush,4,1,558,7,propose message t
propose moi un message,4,1,558,5,propose message u
propose sms english,3,1,558,4,propose message e
research proposal making website,4,1,558,7,proposal website m
savage proposal web novel,4,1,558,3,proposal website n
website proposal presentation template,4,1,558,7,proposal website p
website revamp proposal,3,1,558,5,proposal website r
wedding proposal website,3,1,558,5,proposal website w
what websites offer military discounts,5,1,558,7,what proposal website
which website offer,3,1,558,6,which proposal website
business proposal web novel ending,5,1,557,4,proposal website n
business proposal web series,4,1,557,8,proposal website s
can i propose to my girlfriend,6,1,557,6,can i how to propose girlfriend
can yaman marriage proposal,4,1,557,3,can i marriage proposal
commission proposal digital networks act,5,1,557,5,digital proposal n
digital grand offer ufone,4,1,557,8,digital proposal g
digital house plan maker,4,1,557,7,digital proposal h
digital offer food 4 less,5,1,557,8,digital proposal f
digital plan book for teachers,5,1,557,8,digital proposal b
digital plan example,3,1,557,8,digital proposal e
digital plan system,3,1,557,8,digital proposal s
digital plan table cost,4,1,557,8,digital proposal t
digital protection plan,3,1,557,8,digital proposal p
digital reliance offer,3,1,557,8,digital proposal r
digital work plan aci bd,5,1,557,8,digital proposal w
e commerce website proposal word,5,1,557,6,proposal website w
final proposal experience website,4,1,557,8,proposal website e
free digital marketing proposal for client pdf,7,1,557,5,digital proposal for
how to propose a girl by text on whatsapp,9,1,557,8,how to propose girlfriend b
how to propose a girl emotionally,6,1,557,6,how to propose girlfriend e
how to propose a girl for date,7,1,557,8,how to propose girlfriend for
how to propose a girl in japan,7,1,557,6,how to propose girlfriend j
how to propose a girl in number code,8,1,557,8,how to propose girlfriend n
how to propose a girl in zulu via text,9,1,557,3,how to propose girlfriend z
how to propose a girl love,6,1,557,8,how to propose girlfriend l
how to propose a girl on her birthday,8,1,557,8,how to propose girlfriend h
how to propose a girl on phone,7,1,557,7,how to propose girlfriend p
how to propose a girl to be my girlfriend,9,1,557,8,how to propose girlfriend g
how to propose a girl without talking,7,1,557,4,how to propose girlfriend without
how to propose a village girl,6,1,557,7,how to propose girlfriend v
how to propose gf in unique way,7,1,557,8,how to propose girlfriend u
how to propose girl on whatsapp,6,1,557,8,how to propose girlfriend o
how to propose married girl,5,1,557,8,how to propose girlfriend m
love proposal website github,4,1,557,8,proposal website l
marriage plan online watch,4,1,557,3,marriage proposal online
marriage plan yumi actress,4,1,557,8,marriage proposal y
marriage proposal at eiffel tower,5,1,557,8,marriage proposal a
marriage proposal biodata muslim,4,1,557,8,marriage proposal b
marriage proposal cv format,4,1,557,8,marriage proposal c
marriage proposal emmy awards,4,1,557,8,marriage proposal e
marriage proposal flower bouquet,4,1,557,8,marriage proposal f
marriage proposal gone viral,4,1,557,8,marriage proposal g
marriage proposal history,3,1,557,8,marriage proposal h
marriage proposal jamaica,3,1,557,8,marriage proposal j
marriage proposal kannada meaning,4,1,557,8,marriage proposal k
marriage proposal letter to family,5,1,557,8,marriage proposal l
marriage proposal manhwa,3,1,557,8,marriage proposal m
marriage proposal quotes in hindi,5,1,557,8,marriage proposal q
marriage proposal rental equipment,4,1,557,8,marriage proposal r
marriage proposal synonyms in english,5,1,557,8,marriage proposal s
marriage proposal unique,3,1,557,8,marriage proposal u
marriage proposal videos youtube,4,1,557,8,marriage proposal v
marriage proposal webtoon,3,1,557,7,marriage proposal w
married without proposal,3,1,557,4,marriage proposal without
message on propose day,4,1,557,4,propose message o
message proposing a girl,4,1,557,5,propose message a
plan digital as,3,1,557,5,digital proposal a
plan digital de centro gva,5,1,557,6,digital proposal d
proposal for a website,4,1,557,6,proposal website a
proposal letter template canva,4,1,557,8,propose message template
propose day message for friend,5,1,557,8,propose message d
propose day website ideas,4,1,557,3,proposal website i
propose kaise kare message me,5,1,557,7,propose message k
propose letter bangla text,4,1,557,8,propose message b
propose letter example,3,1,557,5,propose message e
propose message to her,4,1,557,8,propose message t
propose moi un message d anniversaire,6,1,557,6,propose message u
propose reply sms,3,1,557,4,propose message r
propose shayari sms,3,1,557,8,propose message s
proposing love messages for girlfriend,5,1,557,8,propose message l
sloth marriage proposal zootopia,4,1,557,5,marriage proposal z
unique proposal website,3,1,557,3,proposal website u
website proposal powerpoint template,4,1,557,8,proposal website p
website redesign proposal pdf,4,1,557,6,proposal website r
what websites offer same day delivery,6,1,557,8,what proposal website
which websites offer next day delivery,6,1,557,7,which proposal website
best marriage proposal app,4,1,556,4,marriage proposal app
bridesmaid proposal message template,4,1,556,9,propose message template
bridesmaid proposal website,3,1,556,7,proposal website b
business proposal web series cast,5,1,556,9,proposal website s
can i propose to my girlfriend at 18,8,1,556,7,can i how to propose girlfriend
contoh proposal usaha website,4,1,556,4,proposal website u
date proposal website github,4,1,556,9,proposal website g
digital city map nyc proposal,5,1,556,6,digital proposal n
digital grand offer,3,1,556,9,digital proposal g
digital haccp plan,3,1,556,8,digital proposal h
digital id plan uk,4,1,556,9,digital proposal i
digital networks act proposal,4,1,556,6,digital proposal a
digital panel board,3,1,556,9,digital proposal b
digital phone plan,3,1,556,9,digital proposal p
digital regional plan,3,1,556,9,digital proposal r
digital voice plan,3,1,556,4,digital proposal v
digital work plan aci bd login,6,1,556,9,digital proposal w
electronic proposal submission system,4,1,556,9,digital proposal s
handcuff marriage proposal zzz,4,1,556,6,marriage proposal z
how did the telephone propose to his girlfriend joke,9,1,556,7,how to propose girlfriend j
how to build a digital brand,6,1,556,3,digital proposal maker
how to propose a girl confidently,6,1,556,9,how to propose girlfriend c
how to propose a girl easily,6,1,556,7,how to propose girlfriend e
how to propose a girl in hindi lines,8,1,556,9,how to propose girlfriend h
how to propose a girl in new style,8,1,556,9,how to propose girlfriend n
how to propose a girl like a man,8,1,556,9,how to propose girlfriend l
how to propose a girl on chat message indirectly,9,1,556,9,how to propose girlfriend a
how to propose a girl on video call,8,1,556,8,how to propose girlfriend v
how to propose a girl online on instagram,8,1,556,3,how to propose girlfriend online
how to propose a girl romantic lines,7,1,556,9,how to propose girlfriend r
how to propose a girl shayari in hindi,8,1,556,9,how to propose girlfriend s
how to propose a girl through text on whatsapp,9,1,556,9,how to propose girlfriend t
how to propose a girl to become your girlfriend,9,1,556,9,how to propose girlfriend g
how to propose a girl with gift,7,1,556,9,how to propose girlfriend with
how to propose a girl without fear,7,1,556,5,how to propose girlfriend without
how to propose a girl you meet for the first time,11,1,556,9,how to propose girlfriend y
how to propose a unknown girl on chat,8,1,556,9,how to propose girlfriend u
how to propose long distance girlfriend,6,1,556,9,how to propose girlfriend d
how to propose my gf again,6,1,556,9,how to propose girlfriend m
how to propose to a girl to be your girlfriend quotes,11,1,556,6,how to propose girlfriend q
how to write an app proposal,6,1,556,5,proposal website app
marriage plan you can,4,1,556,9,marriage proposal y
marriage proposal answer,3,1,556,9,marriage proposal a
marriage proposal biodata maker free,5,1,556,6,marriage proposal maker
marriage proposal by anton chekhov text,6,1,556,9,marriage proposal b
marriage proposal cast kdrama,4,1,556,9,marriage proposal c
marriage proposal dress,3,1,556,9,marriage proposal d
marriage proposal fails,3,1,556,9,marriage proposal f
marriage proposal goes wrong movie,5,1,556,9,marriage proposal g
marriage proposal hot air balloon,5,1,556,9,marriage proposal h
marriage proposal in dream,4,1,556,9,marriage proposal in
marriage proposal japan reddit,4,1,556,9,marriage proposal j
marriage proposal kelly osbourne,4,1,556,9,marriage proposal k
marriage proposal letter to family pdf,6,1,556,9,marriage proposal l
marriage proposal matching,3,1,556,9,marriage proposal m
marriage proposal outfit for men,5,1,556,9,marriage proposal o
marriage proposal pose,3,1,556,9,marriage proposal p
marriage proposal quotes in kannada,5,1,556,9,marriage proposal q
marriage proposal rome,3,1,556,9,marriage proposal r
marriage proposal summary in hindi,5,1,556,9,marriage proposal s
marriage proposal tower,3,1,556,9,marriage proposal t
marriage proposal universal studios,4,1,556,9,marriage proposal u
marriage proposal what to say,5,1,556,8,marriage proposal w
message proposal engagement,3,1,556,6,propose message e
message suggest,2,1,556,6,propose message a
offer website template,3,1,556,9,proposal website template
plan c website,3,1,556,9,proposal website c
plan digital de centro murcia,5,1,556,7,digital proposal d
plan maker website,3,1,556,3,proposal website maker
proposal digital omnibus ai,4,1,556,9,digital proposal o
proposal for digital marketing,4,1,556,6,digital proposal for
proposal for marriage ideas,4,1,556,9,marriage proposal for
proposal story for wedding website,5,1,556,7,proposal website w
propose day ka message,4,1,556,8,propose message k
propose day message hindi,4,1,556,9,propose message h
propose day message in marathi,5,1,556,9,propose message d
propose day wish message,4,1,556,7,propose message w
propose kaise kare message per,5,1,556,3,propose message p
propose letter in english,4,1,556,9,propose message i
propose love letter in hindi,5,1,556,9,propose message l
propose un message,3,1,556,7,propose message u
romantic proposal website,3,1,556,7,proposal website r
romantic propose message,3,1,556,5,propose message r
suggest condolence message,3,1,556,9,propose message c
suggest some message,3,1,556,9,propose message s
website amc proposal,3,1,556,7,proposal website a
website enhancement proposal,3,1,556,9,proposal website e
website judul proposal,3,1,556,3,proposal website j
website proposal powerpoint template free download,6,1,556,9,proposal website p
wedding proposal online,3,1,556,4,marriage proposal online
what websites offer free courses,5,1,556,9,what proposal website
which websites offer afterpay,4,1,556,8,which proposal website
apple marriage proposal ancient greece,5,1,555,5,marriage proposal app
bridesmaid proposal message example,4,1,555,7,propose message e
can i propose to my girlfriend on my birthday,9,1,555,8,can i how to propose girlfriend
digital fairness act proposal,4,1,555,7,digital proposal a
digital grand offer ufone code,5,1,555,10,digital proposal g
digital home plan,3,1,555,9,digital proposal h
digital plan book,3,1,555,10,digital proposal b
digital plan scale,3,1,555,10,digital proposal s
digital products plan,3,1,555,10,digital proposal p
digital rollout plan,3,1,555,10,digital proposal r
digital verification plan,3,1,555,5,digital proposal v
digital work plan aci,4,1,555,10,digital proposal w
digital x plan,3,1,555,3,digital proposal x
girlfriend proposal website free,4,1,555,5,proposal website free
girlfriend propose message hindi,4,1,555,10,propose message h
godparent proposal message sample,4,1,555,10,propose message s
how to propose a girl by writing a letter,9,1,555,10,how to propose girlfriend b
how to propose a girl caption,6,1,555,10,how to propose girlfriend c
how to propose a girl for valentine day,8,1,555,10,how to propose girlfriend for
how to propose a girl in english words,8,1,555,8,how to propose girlfriend e
how to propose a girl in haryanvi language,8,1,555,10,how to propose girlfriend h
how to propose a girl in kerala,7,1,555,7,how to propose girlfriend k
how to propose a girl in marathi,7,1,555,10,how to propose girlfriend i
how to propose a girl in new way,8,1,555,10,how to propose girlfriend n
how to propose a girl lines in english,8,1,555,10,how to propose girlfriend l
how to propose a girl on valentine day in chat,10,1,555,9,how to propose girlfriend v
how to propose a girl sentence,6,1,555,10,how to propose girlfriend s
how to propose a girl telugu,6,1,555,10,how to propose girlfriend t
how to propose a girl who is your best friend,10,1,555,10,how to propose girlfriend w
how to propose a girl with quotes,7,1,555,10,how to propose girlfriend with
how to propose a girl without a ring,8,1,555,6,how to propose girlfriend without
how to propose a girl you love,7,1,555,10,how to propose girlfriend y
how to propose for girl,5,1,555,10,how to propose girlfriend f
how to propose girl on text,6,1,555,10,how to propose girlfriend o
how to propose malayalam girl,5,1,555,10,how to propose girlfriend m
how to propose on message,5,1,555,6,propose message o
how to propose to a girl online on whatsapp,9,1,555,4,how to propose girlfriend online
how to propose to my girlfriend romantically,7,1,555,10,how to propose girlfriend r
how to propose to your girlfriend in private,8,1,555,9,how to propose girlfriend p
love proposal web series,4,1,555,10,proposal website s
love propose whatsapp message,4,1,555,8,propose message w
marriage plan korean drama,4,1,555,10,marriage proposal k
marriage proposal arch,3,1,555,10,marriage proposal a
marriage proposal biodata maker,4,1,555,7,marriage proposal maker
marriage proposal by anton chekhov in hindi,7,1,555,10,marriage proposal b
marriage proposal certificate,3,1,555,10,marriage proposal c
marriage proposal dream islam,4,1,555,10,marriage proposal d
marriage proposal faraj suleiman,4,1,555,10,marriage proposal f
marriage proposal goes viral today show,6,1,555,10,marriage proposal g
marriage proposal hyderabad,3,1,555,10,marriage proposal h
marriage proposal japanese movie,4,1,555,10,marriage proposal j
marriage proposal lyrics,3,1,555,10,marriage proposal l
marriage proposal maker,3,1,555,10,marriage proposal m
marriage proposal not salvation novel,5,1,555,6,marriage proposal without
marriage proposal novel,3,1,555,6,marriage proposal n
marriage proposal on empire state building today,7,1,555,10,marriage proposal o
marriage proposal photos for men,5,1,555,10,marriage proposal p
marriage proposal profile template,4,1,555,10,marriage proposal template
marriage proposal quotes in telugu,5,1,555,10,marriage proposal q
marriage proposal ring finger,4,1,555,10,marriage proposal r
marriage proposal songs bollywood,4,1,555,10,marriage proposal s
marriage proposal thailand,3,1,555,10,marriage proposal t
marriage proposal underwater,3,1,555,10,marriage proposal u
marriage proposal venues near me,5,1,555,10,marriage proposal v
marriage proposal wimbledon,3,1,555,9,marriage proposal w
marry you proposal,3,1,555,10,marriage proposal y
observer marriage proposals online,4,1,555,5,marriage proposal online
plan c website reviews,4,1,555,10,proposal website c
plan digital jccm,3,1,555,3,digital proposal j
plan website template,3,1,555,10,proposal website template
plan with website,3,1,555,6,proposal website with
proposal for digital marketing pdf,5,1,555,7,digital proposal for
proposal message to a crush,5,1,555,7,propose message a
propose day message marathi,4,1,555,10,propose message m
propose day website github,4,1,555,10,proposal website g
propose karne ka message,4,1,555,9,propose message k
propose letter in hindi,4,1,555,10,propose message i
propose love letter bangla,4,1,555,10,propose message l
propose message,2,1,555,10,propose message 
propose message to a lady,5,1,555,10,propose message t
propose sms in hindi,4,1,555,10,propose message in
propose un message de sensibilisation,5,1,555,8,propose message u
proposed web pages,3,1,555,10,proposal website p
quotes on propose,3,1,555,3,digital proposal q
suggest congratulations message,3,1,555,10,propose message c
website business proposal template,4,1,555,8,proposal website b
website improvement proposal,3,1,555,5,proposal website i
website maintenance proposal,3,1,555,10,proposal website m
website revamp proposal template,4,1,555,8,proposal website r
website untuk proposal,3,1,555,5,proposal website u
what should i say when proposing,6,1,555,7,propose message y
what to say to my girlfriend when proposing,8,1,555,7,how to propose girlfriend q
what to say when proposing examples,6,1,555,10,propose message template
what to say when proposing reddit,6,1,555,6,propose message r
what websites offer,3,1,555,10,what proposal website
which websites offer klarna,4,1,555,9,which proposal website
zendaya marriage proposal,3,1,555,7,marriage proposal z
102nd marriage proposal 2026,4,1,554,3,marriage proposal 2026
best propose message,3,1,554,3,propose message best
business proposal message sample,4,1,554,11,propose message s
can i propose a girl for marriage,7,1,554,6,can i marriage proposal
can i propose to my girlfriend in dubai,8,1,554,9,can i how to propose girlfriend
digital agency proposal template,4,1,554,11,digital proposal template
digital call plan,3,1,554,11,digital proposal c
digital game plan,3,1,554,11,digital proposal g
digital marketing proposal for real estate,6,1,554,11,digital proposal f
digital marketing proposal ppt free download,6,1,554,5,digital proposal free
digital period plan,3,1,554,11,digital proposal p
digital plan bench,3,1,554,11,digital proposal b
digital plan of work,4,1,554,11,digital proposal o
digital plan scaler,3,1,554,11,digital proposal s
digital recovery plan,3,1,554,11,digital proposal r
digital wellness plan,3,1,554,11,digital proposal w
how to ask for marriage proposal,6,1,554,6,marriage proposal app
how to propose a doctor girl,6,1,554,11,how to propose girlfriend d
how to propose a girl book,6,1,554,11,how to propose girlfriend b
how to propose a girl chatgpt,6,1,554,11,how to propose girlfriend c
how to propose a girl for coffee date,8,1,554,11,how to propose girlfriend for
how to propose a girl in best way,8,1,554,5,how to propose girlfriend best
how to propose a girl in korean style,8,1,554,8,how to propose girlfriend k
how to propose a girl indirectly,6,1,554,11,how to propose girlfriend i
how to propose a girl on new year,8,1,554,11,how to propose girlfriend n
how to propose a girl on valentine day quotes,9,1,554,10,how to propose girlfriend v
how to propose a girl simple way,7,1,554,11,how to propose girlfriend s
how to propose a girl tamil,6,1,554,11,how to propose girlfriend t
how to propose a girl with romantic words,8,1,554,11,how to propose girlfriend with
how to propose a girl you like,7,1,554,11,how to propose girlfriend y
how to propose a rude girl,6,1,554,11,how to propose girlfriend r
how to propose malayali girl,5,1,554,11,how to propose girlfriend m
how to propose one girl,5,1,554,11,how to propose girlfriend o
how to propose to a girl u love,8,1,554,11,how to propose girlfriend u
how to propose to your girlfriend lesbian,7,1,554,11,how to propose girlfriend l
how to propose to your girlfriend with a promise ring,10,1,554,10,how to propose girlfriend p
is proposal only for marriage,5,1,554,6,is it marriage proposal
lahipita marriage proposals online,4,1,554,6,marriage proposal online
love proposal website link,4,1,554,11,proposal website l
marriage proposal art,3,1,554,11,marriage proposal a
marriage proposal bts army v,5,1,554,11,marriage proposal b
marriage proposal document,3,1,554,11,marriage proposal d
marriage proposal flowers,3,1,554,11,marriage proposal f
marriage proposal goes wrong dramatizeme,5,1,554,11,marriage proposal g
marriage proposal hawaii,3,1,554,11,marriage proposal h
marriage proposal jacksonville fl,4,1,554,11,marriage proposal j
marriage proposal lankadeepa,3,1,554,11,marriage proposal l
marriage proposal mumbai,3,1,554,11,marriage proposal m
marriage proposal no,3,1,554,7,marriage proposal without
marriage proposal or wedding proposal,5,1,554,11,marriage proposal o
marriage proposal profile,3,1,554,11,marriage proposal p
marriage proposal quotes for him,5,1,554,11,marriage proposal q
marriage proposal rejected movie,4,1,554,11,marriage proposal r
marriage proposal shayari in hindi,5,1,554,11,marriage proposal s
marriage proposal text for her,5,1,554,11,marriage proposal t
marriage proposal ubud,3,1,554,11,marriage proposal u
marriage proposal venice,3,1,554,11,marriage proposal v
marriage proposal web series,4,1,554,11,proposal website s
marriage proposal wikipedia,3,1,554,10,marriage proposal w
marry you proposal flash mob,5,1,554,11,marriage proposal y
plan c website reddit,4,1,554,11,proposal website c
plan digital hub,3,1,554,10,digital proposal h
proposal for digital euro,4,1,554,8,digital proposal for
proposal invitation message,3,1,554,11,propose message in
proposal message for ex girlfriend,5,1,554,8,propose message e
proposal message to a girl on whatsapp,7,1,554,8,propose message a
propose day message for girlfriend in hindi,7,1,554,11,propose message d
propose day website yes or no,6,1,554,3,proposal website y
propose letter in bengali,4,1,554,11,propose message i
propose love letter kannada text,5,1,554,11,propose message l
propose message for valentine day,5,1,554,4,propose message v
suggest commit message model error permission_denied,6,1,554,11,propose message c
telus digital acquisition proposal,4,1,554,8,digital proposal a
template proposal web project,4,1,554,11,proposal website p
viral proposal website,3,1,554,8,proposal website v
website build proposal template,4,1,554,9,proposal website b
website maintenance proposal template,4,1,554,11,proposal website m
website offer free,3,1,554,6,proposal website free
wedding proposal kdrama,3,1,554,11,marriage proposal k
what should i say when proposing a girl,8,1,554,8,propose message y
what websites offer teacher discounts,5,1,554,11,what proposal website
zverev marriage proposal,3,1,554,8,marriage proposal z
best proposal message english,4,1,553,9,propose message e
best propose message for girlfriend,5,1,553,4,propose message best
bridesmaid proposal message sister in law,6,1,553,12,propose message s
business proposal web series watch online,6,1,553,12,proposal website s
business proposal webcomic,3,1,553,12,proposal website c
can i propose a married man,6,1,553,7,can i marriage proposal
can i propose to my girlfriend at disney world,9,1,553,10,can i how to propose girlfriend
digital advertising proposal template,4,1,553,12,digital proposal template
digital creation plan llc,4,1,553,12,digital proposal c
digital grand offer ufone status check,6,1,553,12,digital proposal g
digital health plan nz,4,1,553,11,digital proposal h
digital marketing proposal doc,4,1,553,10,digital proposal d
digital marketing proposal format,4,1,553,12,digital proposal f
digital offer board,3,1,553,12,digital proposal b
digital offer safeway,3,1,553,12,digital proposal s
digital plan of work bim,5,1,553,12,digital proposal o
digital plat free domain,4,1,553,6,digital proposal free
digital products plan squarespace,4,1,553,12,digital proposal p
digital republic plan,3,1,553,12,digital proposal r
digital watch offer,3,1,553,12,digital proposal w
famous marriage proposals,3,1,553,9,marriage proposal maker
how to propose a girl by message,7,1,553,12,how to propose girlfriend b
how to propose a girl casually,6,1,553,12,how to propose girlfriend c
how to propose a girl for kiss,7,1,553,9,how to propose girlfriend k
how to propose a girl for wedding,7,1,553,12,how to propose girlfriend for
how to propose a girl in school indirectly,8,1,553,12,how to propose girlfriend i
how to propose a girl on her birthday through text,10,1,553,12,how to propose girlfriend h
how to propose a girl on valentine day text,9,1,553,11,how to propose girlfriend v
how to propose a girl secretly,6,1,553,12,how to propose girlfriend s
how to propose a girl through text,7,1,553,12,how to propose girlfriend a
how to propose a girl tips,6,1,553,12,how to propose girlfriend t
how to propose a girl who is older than me,10,1,553,12,how to propose girlfriend w
how to propose a girl with eye contact,8,1,553,10,how to propose girlfriend e
how to propose a girl with sweet words,8,1,553,12,how to propose girlfriend with
how to propose a girl you don't know,8,1,553,12,how to propose girlfriend y
how to propose a lesbian girl,6,1,553,12,how to propose girlfriend l
how to propose a random girl in msg,8,1,553,12,how to propose girlfriend r
how to propose girl indirectly,5,1,553,12,how to propose girlfriend in
how to propose our gf,5,1,553,12,how to propose girlfriend o
how to propose to a girl to be your girlfriend,10,1,553,4,which how to propose girlfriend
how to propose to a girl to be your girlfriend online,11,1,553,6,how to propose girlfriend online
how to propose to your girlfriend without a ring,9,1,553,8,how to propose girlfriend without
how to write a marriage proposal,6,1,553,6,marriage proposal with
is it necessary to propose before marriage,7,1,553,7,is it marriage proposal
love propose message hindi,4,1,553,12,propose message h
marriage plan japanese drama,4,1,553,12,marriage proposal j
marriage plan kotoko,3,1,553,12,marriage proposal k
marriage plan netflix,3,1,553,8,marriage proposal n
marriage proposal atop empire state building,6,1,553,12,marriage proposal a
marriage proposal biodata for girl,5,1,553,12,marriage proposal b
marriage proposal contract,3,1,553,12,marriage proposal c
marriage proposal dinner,3,1,553,12,marriage proposal d
marriage proposal episode 1,4,1,553,12,marriage proposal e
marriage proposal flash mob,4,1,553,12,marriage proposal f
marriage proposal for man,4,1,553,12,marriage proposal for
marriage proposal greece,3,1,553,12,marriage proposal g
marriage proposal hand,3,1,553,12,marriage proposal h
marriage proposal letter sample,4,1,553,12,marriage proposal l
marriage proposal letter template,4,1,553,12,marriage proposal template
marriage proposal meaning in marathi,5,1,553,12,marriage proposal m
marriage proposal no answer,4,1,553,8,marriage proposal without
marriage proposal origin,3,1,553,12,marriage proposal o
marriage proposal planner,3,1,553,12,marriage proposal p
marriage proposal qatar,3,1,553,12,marriage proposal q
marriage proposal restaurant,3,1,553,12,marriage proposal r
marriage proposal sunday observer,4,1,553,12,marriage proposal s
marriage proposal top of empire state building,7,1,553,12,marriage proposal t
marriage proposal udaipur,3,1,553,12,marriage proposal u
marriage proposal video download,4,1,553,12,marriage proposal v
marriage proposal which finger,4,1,553,11,marriage proposal w
marry you proposal video,4,1,553,12,marriage proposal y
pak marriage proposals online free,5,1,553,7,marriage proposal online
proposal for digital marketing services pdf,6,1,553,9,digital proposal for
proposal message to a boy,5,1,553,9,propose message a
proposal message to my crush,5,1,553,12,propose message m
propose day 2026,3,1,553,3,propose message 2026
propose day website free,4,1,553,7,proposal website free
propose day website generator,4,1,553,12,proposal website g
propose love letter marathi,4,1,553,12,propose message l
sri lanka marriage proposal free,5,1,553,7,marriage proposal free
suggest commit message,3,1,553,12,propose message c
website building proposal,3,1,553,10,proposal website b
website maintenance proposal pdf,4,1,553,12,proposal website m
website redesign proposal example,4,1,553,10,proposal website r
what to say to propose a girl to be your girlfriend,11,1,553,4,what how to propose girlfriend
what websites offer free samples,5,1,553,12,what proposal website
when to propose a girl to be a girlfriend,9,1,553,5,when how to propose girlfriend
zulu marriage proposal,3,1,553,9,marriage proposal z
birthday proposal website,3,1,552,11,proposal website b
bridesmaid proposal message sister,4,1,552,13,propose message s
can i propose a married woman,6,1,552,8,can i marriage proposal
can i propose to my girlfriend at 15,8,1,552,11,can i how to propose girlfriend
canva marriage proposal template,4,1,552,13,marriage proposal template
digital campaign plan,3,1,552,13,digital proposal c
digital grand offer ufone monthly,5,1,552,13,digital proposal g
digital marketing agency proposal,4,1,552,10,digital proposal a
digital marketing proposal content,4,1,552,5,digital proposal k
digital marketing proposal download,4,1,552,11,digital proposal d
digital marketing proposal free download,5,1,552,7,digital proposal free
digital marketing proposal template word free,6,1,552,7,digital proposal maker
digital media proposal example,4,1,552,13,digital proposal e
digital plan b,3,1,552,13,digital proposal b
digital plan of work dpow,5,1,552,13,digital proposal o
digital plan submission standards and procedures,6,1,552,13,digital proposal s
digital railcard offer,3,1,552,13,digital proposal r
digital world plan,3,1,552,13,digital proposal w
free marriage proposal sites,4,1,552,8,marriage proposal free
how to make proposal for website project,7,1,552,3,how proposal website
how to propose a girl by words,7,1,552,13,how to propose girlfriend b
how to propose a girl for kids,7,1,552,10,how to propose girlfriend k
how to propose a girl for marriage on chat,9,1,552,13,how to propose girlfriend f
how to propose a girl for the first time you meet,11,1,552,13,how to propose girlfriend for
how to propose a girl in kannada,7,1,552,13,how to propose girlfriend i
how to propose a girl meaning in hindi,8,1,552,13,how to propose girlfriend m
how to propose a girl on engagement day,8,1,552,11,how to propose girlfriend e
how to propose a girl on vc,7,1,552,12,how to propose girlfriend v
how to propose a girl second time,7,1,552,13,how to propose girlfriend s
how to propose a girl thought,6,1,552,13,how to propose girlfriend t
how to propose a girl who have a boyfriend,9,1,552,13,how to propose girlfriend h
how to propose a girl with different style,8,1,552,13,how to propose girlfriend with
how to propose a girl with number,7,1,552,13,how to propose girlfriend n
how to propose a girl younger than you,8,1,552,13,how to propose girlfriend y
how to propose a lawyer girl,6,1,552,13,how to propose girlfriend l
how to propose a rich girl,6,1,552,13,how to propose girlfriend r
how to propose gf on propose day,7,1,552,3,how to propose girlfriend x
how to propose gf quotes,5,1,552,10,how to propose girlfriend q
how to propose girl in kannada,6,1,552,13,how to propose girlfriend in
how to propose long distance girl,6,1,552,13,how to propose girlfriend d
how to propose older girl,5,1,552,13,how to propose girlfriend o
how to propose to a girl u just met,9,1,552,13,how to propose girlfriend u
indecent proposal web series,4,1,552,13,proposal website s
is it a proposal,4,1,552,8,is it marriage proposal
marriage 2026 dates,3,1,552,5,marriage proposal 2026
marriage plan japanese movie,4,1,552,13,marriage proposal j
marriage plan korean,3,1,552,13,marriage proposal k
marriage plan uzeh,3,1,552,13,marriage proposal u
marriage proposal affirmations,3,1,552,13,marriage proposal a
marriage proposal biodata for men,5,1,552,13,marriage proposal b
marriage proposal create,3,1,552,10,marriage proposal maker
marriage proposal cv,3,1,552,13,marriage proposal c
marriage proposal drama korean,4,1,552,13,marriage proposal d
marriage proposal ending,3,1,552,13,marriage proposal e
marriage proposal for bride,4,1,552,13,marriage proposal for
marriage proposal generator,3,1,552,13,marriage proposal g
marriage proposal helper,3,1,552,13,marriage proposal h
marriage proposal lola,3,1,552,13,marriage proposal l
marriage proposal meme,3,1,552,13,marriage proposal m
marriage proposal on empire state,5,1,552,13,marriage proposal o
marriage proposal pdf,3,1,552,13,marriage proposal p
marriage proposal quora,3,1,552,13,marriage proposal q
marriage proposal ring box,4,1,552,13,marriage proposal r
marriage proposal say no,4,1,552,9,marriage proposal n
marriage proposal songs,3,1,552,13,marriage proposal s
marriage proposal toronto,3,1,552,13,marriage proposal t
marriage proposal vienna,3,1,552,13,marriage proposal v
marriage proposal with family,4,1,552,7,marriage proposal with
marriage without engagement,3,1,552,9,marriage proposal without
marry you proposal back of car,6,1,552,13,marriage proposal y
most romantic ways to propose,5,1,552,7,how to propose girlfriend best
proposal for digital omnibus,4,1,552,10,digital proposal for
proposal for website revamp,4,1,552,3,proposal website 2026
proposal membuat website,3,1,552,13,proposal website m
proposal message for her to fall in love,8,1,552,13,propose message h
proposal message to a friend,5,1,552,10,propose message a
proposal message to make her fall in love,8,1,552,13,propose message m
proposal url,2,1,552,8,proposal website u
propose day 2027,3,1,552,4,propose message 2026
propose day emotional message,4,1,552,10,propose message e
propose day message for fiance,5,1,552,13,propose message d
propose day website gift,4,1,552,13,proposal website g
propose girl letter,3,1,552,13,propose message g
propose letter in urdu,4,1,552,13,propose message i
propose love letter kannada,4,1,552,13,propose message l
propose message tagalog,3,1,552,13,propose message t
proposed digital india act 2023,5,1,552,4,digital proposal 2026
relationship proposal website,3,1,552,11,proposal website r
sinhala marriage proposals online,4,1,552,8,marriage proposal online
suggest birthday message,3,1,552,13,propose message b
suggest commit message requires gemini to be enabled,8,1,552,13,propose message c
usvi digital harbor proposal,4,1,552,12,digital proposal h
website layout proposal,3,1,552,13,proposal website l
website proposal meaning,3,1,552,12,which proposal website
what is proposal discuss its uses,6,1,552,3,what digital proposal
what websites offer affiliate marketing,5,1,552,13,what proposal website
when to propose a girl,5,1,552,6,when how to propose girlfriend
when to propose a girl for marriage,7,1,552,4,when marriage proposal
who proposed digital india,4,1,552,3,which digital proposal
who to propose a girl in chat,7,1,552,5,who how to propose girlfriend
wordpress website proposal pdf,4,1,552,13,proposal website p
zoo marriage proposal,3,1,552,10,marriage proposal z
bid proposal website,3,1,551,12,proposal website b
bridesmaid proposal message short,4,1,551,14,propose message s
business proposal free website,4,1,551,9,proposal website free
can i propose a man for marriage,7,1,551,9,can i marriage proposal
contoh proposal membuat website,4,1,551,14,proposal website m
cute proposal website,3,1,551,14,proposal website c
digital communication plan,3,1,551,14,digital proposal c
digital gold plan,3,1,551,14,digital proposal g
digital maid of honor proposal,5,1,551,13,digital proposal h
digital marketing agency proposal template,5,1,551,11,digital proposal a
digital marketing proposal for client ppt,6,1,551,14,digital proposal f
digital marketing services proposal pdf,5,1,551,14,digital proposal p
digital plan builder,3,1,551,14,digital proposal b
digital plan of house,4,1,551,14,digital proposal o
digital plan station,3,1,551,14,digital proposal s
digital recharge plan,3,1,551,14,digital proposal r
digital workout plan,3,1,551,14,digital proposal w
free marriage proposal sites in sri lanka,7,1,551,9,marriage proposal free
how can i propose to my girlfriend online,8,1,551,12,can i how to propose girlfriend
how to get engaged to your girlfriend,7,1,551,8,how to propose girlfriend online
how to propose a girl best,6,1,551,8,how to propose girlfriend best
how to propose a girl by sitting on knees,9,1,551,14,how to propose girlfriend b
how to propose a girl in english,7,1,551,14,how to propose girlfriend i
how to propose a girl msg,6,1,551,14,how to propose girlfriend m
how to propose a girl speech,6,1,551,14,how to propose girlfriend s
how to propose a girl through text examples,8,1,551,14,how to propose girlfriend t
how to propose a girl with emoji,7,1,551,12,how to propose girlfriend e
how to propose a girl without proposing,7,1,551,10,how to propose girlfriend without
how to propose a girl.who has already boyfriend,8,1,551,14,how to propose girlfriend h
how to propose a libra girl,6,1,551,14,how to propose girlfriend l
how to propose a random girl on chat,8,1,551,14,how to propose girlfriend r
how to propose a unknown girl on instagram,8,1,551,14,how to propose girlfriend u
how to propose gf in romantic way,7,1,551,4,how to propose girlfriend x
how to propose girl in college,6,1,551,14,how to propose girlfriend c
how to propose on girl,5,1,551,14,how to propose girlfriend o
how to propose someone in message,6,1,551,5,how propose message
how to propose to girlfriend in stardew valley,8,1,551,13,how to propose girlfriend v
how to write proposal for website project,7,1,551,4,how proposal website
how write a marriage proposal,5,1,551,6,how marriage proposal
is it necessary to propose,5,1,551,9,is it marriage proposal
love propose message in english,5,1,551,11,propose message e
marriage 2026,2,1,551,6,marriage proposal 2026
marriage plan japanese drama ep 1 dailymotion,7,1,551,14,marriage proposal j
marriage plan korean movie,4,1,551,14,marriage proposal k
marriage plan nonton dimana,4,1,551,10,marriage proposal n
marriage proposal ao3,3,1,551,14,marriage proposal a
marriage proposal approach,3,1,551,9,marriage proposal app
marriage proposal best friend,4,1,551,5,marriage proposal best
marriage proposal by anton chekhov quiz,6,1,551,14,marriage proposal b
marriage proposal card template,4,1,551,14,marriage proposal template
marriage proposal congratulations,3,1,551,14,marriage proposal c
marriage proposal decoration rental,4,1,551,14,marriage proposal d
marriage proposal english,3,1,551,14,marriage proposal e
marriage proposal for woman,4,1,551,14,marriage proposal for
marriage proposal game,3,1,551,14,marriage proposal g
marriage proposal hotel,3,1,551,14,marriage proposal h
marriage proposal in dream islam,5,1,551,14,marriage proposal in
marriage proposal locations,3,1,551,14,marriage proposal l
marriage proposal message for her,5,1,551,14,marriage proposal m
marriage proposal outfits,3,1,551,14,marriage proposal o
marriage proposal places near me,5,1,551,14,marriage proposal p
marriage proposal quotes in marathi,5,1,551,14,marriage proposal q
marriage proposal rental,3,1,551,14,marriage proposal r
marriage proposal sri lanka online,5,1,551,9,marriage proposal online
marriage proposal trevor donovan wife,5,1,551,14,marriage proposal t
marriage proposal vancouver,3,1,551,14,marriage proposal v
marriage proposal which knee,4,1,551,13,marriage proposal w
marriage proposal word,3,1,551,8,marriage proposal with
proposal lomba website,3,1,551,14,proposal website l
proposal marry you bruno mars,5,1,551,14,marriage proposal y
proposal message for her to be your girlfriend,8,1,551,14,propose message h
proposal message for my boyfriend,5,1,551,14,propose message m
proposal message to a girl in hindi,7,1,551,11,propose message a
propose day message for her,5,1,551,14,propose message d
propose letter in marathi,4,1,551,14,propose message i
propose love letter for girlfriend,5,1,551,14,propose message l
propose message in kannada,4,1,551,13,propose message k
propose message to husband,4,1,551,14,propose message t
propose msg for girl,4,1,551,14,propose message for
prosecutor proposal web series,4,1,551,14,proposal website s
rfp proposal website,3,1,551,12,proposal website r
the proposal message class 10,5,1,551,14,propose message c
valentine proposal website funny,4,1,551,11,proposal website v
website proposal ai,3,1,551,13,which proposal website
website proposal maker,3,1,551,6,proposal website online
wedding proposal underwater,3,1,551,14,marriage proposal u
wedding without proposal,3,1,551,10,marriage proposal without
what is the purpose of message yourself on whatsapp,9,1,551,3,what propose message
what websites offer free stuff,5,1,551,14,what proposal website
when proposed,2,1,551,5,when marriage proposal
when should you propose a girl,6,1,551,7,when how to propose girlfriend
which digital,2,1,551,4,which digital proposal
zootopia marriage proposal,3,1,551,11,marriage proposal z
2026 digital project,3,1,550,6,digital proposal 2026
best message to propose a girl,6,1,550,7,propose message best
best proposal websites,3,1,550,14,which proposal website
business proposal web series season 2,6,1,550,15,proposal website s
can i propose a girl directly,6,1,550,4,can i digital proposal
can i refuse marriage proposal,5,1,550,10,can i marriage proposal
contoh proposal pembuatan website pdf,5,1,550,15,proposal website p
custom proposal website,3,1,550,15,proposal website c
digital business plan,3,1,550,15,digital proposal b
digital care plan,3,1,550,15,digital proposal c
digital estate plan,3,1,550,15,digital proposal e
digital grand offer ufone price,5,1,550,15,digital proposal g
digital marketing project proposal template,5,1,550,8,digital proposal j
digital marketing proposal template free download word,7,1,550,9,digital proposal free
digital marketing proposal template ppt,5,1,550,15,digital proposal template
digital marketing proposal template word free download,7,1,550,9,digital proposal maker
digital marriage proposal,3,1,550,15,digital proposal m
digital offer oldham,3,1,550,15,digital proposal o
digital resilience plan,3,1,550,15,digital proposal r
digital wellbeing plan,3,1,550,15,digital proposal w
girlfriend propose message in english,5,1,550,12,propose message e
how soon can i propose to my girlfriend,8,1,550,13,can i how to propose girlfriend
how to propose a boy message,6,1,550,6,how propose message
how to propose a difficult girl,6,1,550,15,how to propose girlfriend d
how to propose a girl by letter,7,1,550,15,how to propose girlfriend b
how to propose a girl for marriage in islam,9,1,550,15,how to propose girlfriend f
how to propose a girl in emotional way,8,1,550,13,how to propose girlfriend e
how to propose a girl in hinglish,7,1,550,15,how to propose girlfriend h
how to propose a girl in malayalam,7,1,550,15,how to propose girlfriend i
how to propose a girl in unique way on chat,10,1,550,15,how to propose girlfriend u
how to propose a girl movie,6,1,550,15,how to propose girlfriend m
how to propose a girl step by step,8,1,550,15,how to propose girlfriend s
how to propose a girl text message,7,1,550,15,how to propose girlfriend t
how to propose a girl whom i never talked,9,1,550,15,how to propose girlfriend n
how to propose a girl with text,7,1,550,15,how to propose girlfriend with
how to propose a rajasthani girl,6,1,550,15,how to propose girlfriend r
how to propose gf for marriage,6,1,550,15,how to propose girlfriend g
how to propose girl in text,6,1,550,15,how to propose girlfriend in
how to propose my crush girl,6,1,550,15,how to propose girlfriend c
how to propose to a girl to make her your girlfriend,11,1,550,4,how to propose girlfriend maker
how to propose to be gf,6,1,550,9,how to propose girlfriend best
how to propose to girlfriend on christmas day,8,1,550,15,how to propose girlfriend o
how to propose valentine day to your girlfriend,8,1,550,14,how to propose girlfriend v
how to propose your gf online,6,1,550,9,how to propose girlfriend online
how to reject a girl's proposal without hurting her,9,1,550,11,how to propose girlfriend without
how to write proposal for website development,7,1,550,5,how proposal website
how wrote a marriage proposal,5,1,550,7,how marriage proposal
hyatt digital proposal,3,1,550,14,digital proposal h
is it marriage contract,4,1,550,10,is it marriage proposal
marriage calendar 2026,3,1,550,7,marriage proposal 2026
marriage plan japanese drama where to watch,7,1,550,15,marriage proposal j
marriage plan nonton,3,1,550,11,marriage proposal n
marriage proposal and acceptance letter,5,1,550,15,marriage proposal a
marriage proposal biodata template word,5,1,550,15,marriage proposal template
marriage proposal by anton chekhov mcq,6,1,550,15,marriage proposal b
marriage proposal by girl,4,1,550,6,marriage proposal best
marriage proposal clipart,3,1,550,15,marriage proposal c
marriage proposal definition,3,1,550,15,marriage proposal d
marriage proposal expectations,3,1,550,15,marriage proposal e
marriage proposal for a girl,5,1,550,10,marriage proposal app
marriage proposal for son,4,1,550,15,marriage proposal for
marriage proposal for wife,4,1,550,9,marriage proposal with
marriage proposal funny,3,1,550,15,marriage proposal f
marriage proposal girl,3,1,550,15,marriage proposal g
marriage proposal heart,3,1,550,15,marriage proposal h
marriage proposal in tamil,4,1,550,15,marriage proposal in
marriage proposal letter in nigeria,5,1,550,15,marriage proposal l
marriage proposal meaning in tamil,5,1,550,15,marriage proposal m
marriage proposal observer,3,1,550,15,marriage proposal o
marriage proposal prompts,3,1,550,15,marriage proposal p
marriage proposal quotes malayalam,4,1,550,15,marriage proposal q
marriage proposal revenge kdrama,4,1,550,15,marriage proposal r
marriage proposal sites,3,1,550,15,marriage proposal s
marriage proposal tomodachi life living the dream,7,1,550,15,marriage proposal t
marriage proposal visa australia,4,1,550,15,marriage proposal v
marriage proposal woman to man,5,1,550,14,marriage proposal w
marriage without engagement ring,4,1,550,11,marriage proposal without
marry you proposal disney,4,1,550,15,marriage proposal y
one marriage proposal kdrama,4,1,550,15,marriage proposal k
project proposal website template,4,1,550,15,proposal website t
proposal for digital euro regulation,5,1,550,12,digital proposal for
proposal for website design and development,6,1,550,13,proposal website a
proposal lomba web development,4,1,550,15,proposal website l
proposal message for bridesmaid,4,1,550,15,propose message b
proposal message for couple,4,1,550,15,propose message c
proposal message for godparents,4,1,550,15,propose message g
proposal message for her to make her smile,8,1,550,15,propose message h
proposal message for my friend,5,1,550,15,propose message m
proposal message to a new girl,6,1,550,15,propose message t
proposal website html,3,1,550,9,proposal website j
propose day message for him,5,1,550,15,propose message d
propose day special message,4,1,550,15,propose message s
propose letter in gujarati,4,1,550,15,propose message i
propose love letter in urdu,5,1,550,15,propose message l
propose message for marriage,4,1,550,15,propose message f
propose new time with message,5,1,550,13,propose message w
romantic love proposal website github,5,1,550,15,proposal website g
website membuat proposal penelitian,4,1,550,15,proposal website m
website redesign proposal ppt,4,1,550,13,proposal website r
what do you propose a girl,6,1,550,7,what how to propose girlfriend
what is a proposal in digital media,7,1,550,5,what digital proposal
what purpose for,3,1,550,4,what propose message
what to say to marriage proposal,6,1,550,3,what marriage proposal
what websites offer gift wrapping,5,1,550,15,what proposal website
when do you propose a girl,6,1,550,8,when how to propose girlfriend
when proposing a girl,4,1,550,6,when marriage proposal
which is best way to propose a girl,8,1,550,7,which how to propose girlfriend
who to propose a girl in school,7,1,550,7,who how to propose girlfriend
zendaya marriage proposal video,4,1,550,12,marriage proposal z
