suggestion,words,prefix_hits,relevance,best_rank,source_prefixes
proposal ideas for girlfriend at home,6,36,601,1,proposal ideas for girlfriend a | proposal ideas for girlfriend b | proposal ideas for girlfriend c | proposal ideas for girlfriend d | proposal ideas for girlfriend f | proposal ideas for girlfriend g | proposal ideas for girlfriend h | proposal ideas for girlfriend i | proposal ideas for girlfriend j | proposal ideas for girlfriend k | proposal ideas for girlfriend l | proposal ideas for girlfriend m | proposal ideas for girlfriend n | proposal ideas for girlfriend o | proposal ideas for girlfriend p | proposal ideas for girlfriend r | proposal ideas for girlfriend s | proposal ideas for girlfriend t | proposal ideas for girlfriend u | proposal ideas for girlfriend v | proposal ideas for girlfriend w | proposal ideas for girlfriend x | proposal ideas for girlfriend z | proposal ideas for girlfriend best | proposal ideas for girlfriend free | proposal ideas for girlfriend with | proposal ideas for girlfriend for | proposal ideas for girlfriend maker | proposal ideas for girlfriend template | proposal ideas for girlfriend 2026 | proposal ideas for girlfriend 2027 | how proposal ideas for girlfriend | what proposal ideas for girlfriend | why proposal ideas for girlfriend | which proposal ideas for girlfriend | who proposal ideas for girlfriend
proposal ideas for gf,4,27,551,7,proposal ideas for girlfriend a | proposal ideas for girlfriend b | proposal ideas for girlfriend c | proposal ideas for girlfriend d | proposal ideas for girlfriend f | proposal ideas for girlfriend g | proposal ideas for girlfriend h | proposal ideas for girlfriend i | proposal ideas for girlfriend j | proposal ideas for girlfriend k | proposal ideas for girlfriend l | proposal ideas for girlfriend m | proposal ideas for girlfriend n | proposal ideas for girlfriend o | proposal ideas for girlfriend p | proposal ideas for girlfriend r | proposal ideas for girlfriend s | proposal ideas for girlfriend t | proposal ideas for girlfriend u | proposal ideas for girlfriend v | proposal ideas for girlfriend w | proposal ideas for girlfriend x | proposal ideas for girlfriend z | proposal ideas for girlfriend with | proposal ideas for girlfriend for | proposal ideas for girlfriend 2026 | proposal ideas for girlfriend 2027
will you be my girlfriend proposal ideas,7,18,600,2,proposal ideas for girlfriend a | proposal ideas for girlfriend b | proposal ideas for girlfriend c | proposal ideas for girlfriend d | proposal ideas for girlfriend g | proposal ideas for girlfriend i | proposal ideas for girlfriend k | proposal ideas for girlfriend l | proposal ideas for girlfriend m | proposal ideas for girlfriend n | proposal ideas for girlfriend o | proposal ideas for girlfriend p | proposal ideas for girlfriend r | proposal ideas for girlfriend s | proposal ideas for girlfriend t | proposal ideas for girlfriend u | proposal ideas for girlfriend v | who proposal ideas for girlfriend
proposal ideas for girlfriend,4,17,601,1,proposal ideas for girlfriend  | proposal ideas for girlfriend f | proposal ideas for girlfriend j | proposal ideas for girlfriend v | proposal ideas for girlfriend x | proposal ideas for girlfriend z | proposal ideas for girlfriend best | proposal ideas for girlfriend with | proposal ideas for girlfriend maker | proposal ideas for girlfriend 2026 | proposal ideas for girlfriend 2027 | how proposal ideas for girlfriend | what proposal ideas for girlfriend | when proposal ideas for girlfriend | why proposal ideas for girlfriend | which proposal ideas for girlfriend | who proposal ideas for girlfriend
propose ideas for girlfriend in chat,6,17,552,7,proposal ideas for girlfriend c | proposal ideas for girlfriend d | proposal ideas for girlfriend f | proposal ideas for girlfriend i | proposal ideas for girlfriend j | proposal ideas for girlfriend l | proposal ideas for girlfriend n | proposal ideas for girlfriend o | proposal ideas for girlfriend p | proposal ideas for girlfriend r | proposal ideas for girlfriend s | proposal ideas for girlfriend w | proposal ideas for girlfriend x | proposal ideas for girlfriend z | proposal ideas for girlfriend free | proposal ideas for girlfriend for | proposal ideas for girlfriend maker
proposal ideas for my girlfriend,5,15,601,1,proposal ideas for girlfriend b | proposal ideas for girlfriend c | proposal ideas for girlfriend d | proposal ideas for girlfriend g | proposal ideas for girlfriend i | proposal ideas for girlfriend k | proposal ideas for girlfriend l | proposal ideas for girlfriend m | proposal ideas for girlfriend n | proposal ideas for girlfriend o | proposal ideas for girlfriend p | proposal ideas for girlfriend r | proposal ideas for girlfriend s | proposal ideas for girlfriend u | proposal ideas for girlfriend w
romantic proposal ideas in mumbai,5,15,601,1,romantic proposal ideas | romantic proposal ideas  | romantic proposal ideas i | romantic proposal ideas j | romantic proposal ideas m | romantic proposal ideas o | romantic proposal ideas u | romantic proposal ideas v | romantic proposal ideas y | romantic proposal ideas z | romantic proposal ideas free | romantic proposal ideas online | romantic proposal ideas with | romantic proposal ideas in | romantic proposal ideas without
romantic proposal ideas for him,5,12,601,1,romantic proposal ideas | romantic proposal ideas a | romantic proposal ideas f | romantic proposal ideas h | romantic proposal ideas x | romantic proposal ideas z | romantic proposal ideas free | romantic proposal ideas with | romantic proposal ideas for | romantic proposal ideas without | romantic proposal ideas app | romantic proposal ideas template
romantic proposal ideas uk,4,11,1250,1,romantic proposal ideas | romantic proposal ideas  | romantic proposal ideas e | romantic proposal ideas j | romantic proposal ideas k | romantic proposal ideas o | romantic proposal ideas r | romantic proposal ideas u | romantic proposal ideas v | romantic proposal ideas y | romantic proposal ideas online
romantic ideas for a proposal,5,11,600,2,romantic proposal ideas e | romantic proposal ideas j | romantic proposal ideas k | romantic proposal ideas o | romantic proposal ideas r | romantic proposal ideas u | romantic proposal ideas v | romantic proposal ideas best | romantic proposal ideas online | romantic proposal ideas 2026 | how romantic proposal ideas
propose day quotes,3,10,600,2,propose day quotes  | propose day quotes u | propose day quotes y | propose day quotes online | propose day quotes for | how propose day quotes | what propose day quotes | when propose day quotes | is it propose day quotes | propose day wishes q
romantic proposal ideas in delhi,5,10,600,2,romantic proposal ideas e | romantic proposal ideas k | romantic proposal ideas o | romantic proposal ideas r | romantic proposal ideas v | romantic proposal ideas z | romantic proposal ideas online | romantic proposal ideas without | romantic proposal ideas app | romantic proposal ideas 2026
best proposal ideas for girlfriend,5,9,601,1,romantic proposal ideas a | romantic proposal ideas f | romantic proposal ideas g | romantic proposal ideas with | romantic proposal ideas for | proposal ideas for girlfriend | proposal ideas for girlfriend b | proposal ideas for girlfriend best | which proposal ideas for girlfriend
love proposal ideas,3,8,601,1,love proposal i | love proposal free | love proposal without | love proposal app | love proposal maker | love proposal template | love proposal 2026 | what love proposal
propose day wishes with emoji,5,8,601,1,propose day quotes w | propose day quotes with | propose day wishes e | propose day wishes w | propose day wishes x | propose day wishes z | propose day wishes with | propose day wishes without
romantic proposal ideas for her,5,8,601,1,romantic proposal ideas | romantic proposal ideas  | romantic proposal ideas a | romantic proposal ideas f | romantic proposal ideas h | romantic proposal ideas y | romantic proposal ideas with | romantic proposal ideas for
propose day quotes in marathi,5,7,601,1,propose day quotes | propose day quotes  | propose day quotes i | propose day quotes o | propose day quotes with | propose day quotes for | propose day quotes in
propose day wishes with name,5,7,601,1,propose day quotes w | propose day quotes with | propose day wishes n | propose day wishes w | propose day wishes with | propose day wishes without | propose day wishes app
how to girlfriend propose,4,7,600,2,proposal ideas for girlfriend a | proposal ideas for girlfriend d | proposal ideas for girlfriend i | proposal ideas for girlfriend l | proposal ideas for girlfriend n | proposal ideas for girlfriend with | how proposal ideas for girlfriend
propose day quotes in bengali,5,7,600,2,propose day quotes | propose day quotes  | propose day quotes i | propose day quotes o | propose day quotes with | propose day quotes for | propose day quotes in
unforgettable proposal ideas for girlfriend,5,7,600,2,proposal ideas for girlfriend | proposal ideas for girlfriend u | what proposal ideas for girlfriend | when proposal ideas for girlfriend | why proposal ideas for girlfriend | which proposal ideas for girlfriend | who proposal ideas for girlfriend
propose day wishes for girlfriend bangla,6,7,558,7,propose day wishes | propose day wishes  | propose day wishes a | propose day wishes f | propose day wishes g | propose day wishes with | propose day wishes for
propose day special wishes,4,7,557,8,propose day wishes o | propose day wishes q | propose day wishes s | propose day wishes u | propose day wishes v | propose day wishes online | propose day wishes maker
propose day wishes for wife,5,6,1100,1,propose day wishes | propose day wishes  | propose day wishes a | propose day wishes f | propose day wishes with | propose day wishes for
love proposal ideas for girlfriend,5,6,601,1,romantic proposal ideas f | romantic proposal ideas g | romantic proposal ideas for | proposal ideas for girlfriend | proposal ideas for girlfriend l | love proposal i
proposal ideas for her in chat,6,6,601,1,proposal ideas for girlfriend  | proposal ideas for girlfriend c | proposal ideas for girlfriend i | proposal ideas for girlfriend with | proposal ideas for girlfriend for | proposal ideas for girlfriend in
proposal ideas for her in mumbai,6,6,601,1,proposal ideas for girlfriend  | proposal ideas for girlfriend i | proposal ideas for girlfriend m | proposal ideas for girlfriend with | proposal ideas for girlfriend for | proposal ideas for girlfriend in
proposal ideas for her on a budget,7,6,601,1,proposal ideas for girlfriend a | proposal ideas for girlfriend b | proposal ideas for girlfriend o | proposal ideas for girlfriend with | proposal ideas for girlfriend for | proposal ideas for girlfriend in
proposal ideas for her to him,6,6,601,1,proposal ideas for girlfriend  | proposal ideas for girlfriend h | proposal ideas for girlfriend t | proposal ideas for girlfriend with | proposal ideas for girlfriend for | proposal ideas for girlfriend in
proposal ideas for her with kids,6,6,601,1,proposal ideas for girlfriend  | proposal ideas for girlfriend k | proposal ideas for girlfriend w | proposal ideas for girlfriend with | proposal ideas for girlfriend for | proposal ideas for girlfriend in
propose day wishes for girlfriend,5,6,601,2,propose day wishes | propose day wishes  | propose day wishes a | propose day wishes f | propose day wishes with | propose day wishes for
romantic proposal ideas with stepchildren,5,6,601,4,romantic proposal ideas | romantic proposal ideas  | romantic proposal ideas s | romantic proposal ideas w | romantic proposal ideas y | romantic proposal ideas with
propose day quotes in hindi,5,6,600,2,propose day quotes | propose day quotes  | propose day quotes i | propose day quotes with | propose day quotes for | propose day quotes in
propose day quotes with name,5,6,600,2,propose day quotes n | propose day quotes w | propose day quotes with | propose day wishes n | propose day wishes with | propose day wishes without
propose day wishes,3,6,600,2,propose day wishes  | propose day wishes u | propose day wishes v | propose day wishes online | propose day wishes maker | propose day wishes template
propose day wishes for husband,5,6,600,3,propose day wishes | propose day wishes  | propose day wishes a | propose day wishes f | propose day wishes with | propose day wishes for
romantic proposal ideas for girlfriend,5,6,600,2,romantic proposal ideas a | romantic proposal ideas f | romantic proposal ideas g | romantic proposal ideas for | proposal ideas for girlfriend | proposal ideas for girlfriend r
propose day quotes in kannada,5,6,561,4,propose day quotes | propose day quotes  | propose day quotes i | propose day quotes o | propose day quotes for | propose day quotes in
propose day wishes for love,5,6,561,4,propose day wishes | propose day wishes  | propose day wishes a | propose day wishes f | propose day wishes with | propose day wishes for
propose day wishes for boyfriend,5,6,560,5,propose day wishes | propose day wishes  | propose day wishes a | propose day wishes f | propose day wishes with | propose day wishes for
propose day wishes for friends,5,6,559,6,propose day wishes | propose day wishes  | propose day wishes a | propose day wishes f | propose day wishes with | propose day wishes for
romantic propose ideas for girl,5,6,556,8,romantic proposal ideas e | romantic proposal ideas g | romantic proposal ideas j | romantic proposal ideas k | romantic proposal ideas best | romantic proposal ideas app
romantic proposal ideas in bangalore,5,6,552,7,romantic proposal ideas j | romantic proposal ideas r | romantic proposal ideas u | romantic proposal ideas v | romantic proposal ideas best | romantic proposal ideas free
love proposal in kannada,4,5,1251,1,love proposal | love proposal  | love proposal i | love proposal with | love proposal in
propose day quotes for love,5,5,1250,1,propose day quotes | propose day quotes  | propose day quotes f | propose day quotes with | propose day quotes for
romantic proposal ideas at home,5,5,1250,1,romantic proposal ideas | romantic proposal ideas  | romantic proposal ideas a | romantic proposal ideas h | romantic proposal ideas y
propose day quotes for wife,5,5,1100,2,propose day quotes | propose day quotes  | propose day quotes f | propose day quotes with | propose day quotes for
proposal ideas for her at home,6,5,601,1,proposal ideas for girlfriend  | proposal ideas for girlfriend a | proposal ideas for girlfriend h | proposal ideas for girlfriend for | proposal ideas for girlfriend in
propose day quotes for husband,5,5,601,3,propose day quotes | propose day quotes  | propose day quotes f | propose day quotes with | propose day quotes for
propose day wishes wife,4,5,601,1,propose day quotes w | propose day wishes w | propose day wishes x | propose day wishes z | propose day wishes without
romantic proposal ideas cape town,5,5,601,1,romantic proposal ideas | romantic proposal ideas  | romantic proposal ideas c | romantic proposal ideas t | romantic proposal ideas y
romantic proposal ideas gold coast,5,5,601,1,romantic proposal ideas | romantic proposal ideas  | romantic proposal ideas c | romantic proposal ideas g | romantic proposal ideas y
romantic proposal ideas on a budget,6,5,601,1,romantic proposal ideas | romantic proposal ideas  | romantic proposal ideas a | romantic proposal ideas o | romantic proposal ideas y
cute ways to propose to your girlfriend,7,5,600,2,proposal ideas for girlfriend c | proposal ideas for girlfriend k | proposal ideas for girlfriend t | proposal ideas for girlfriend w | proposal ideas for girlfriend with
how to do a romantic proposal,6,5,600,2,romantic proposal ideas e | romantic proposal ideas k | romantic proposal ideas u | romantic proposal ideas online | how romantic proposal ideas
propose day quotes for girlfriend,5,5,600,4,propose day quotes | propose day quotes  | propose day quotes f | propose day quotes with | propose day quotes for
propose day quotes malayalam,4,5,600,2,propose day quotes | propose day quotes  | propose day quotes m | propose day quotes for | propose day wishes m
romantic proposal ideas near me,5,5,600,2,romantic proposal ideas | romantic proposal ideas  | romantic proposal ideas m | romantic proposal ideas n | romantic proposal ideas y
romantic winter proposal ideas,4,5,600,2,romantic proposal ideas j | romantic proposal ideas o | romantic proposal ideas u | romantic proposal ideas best | romantic proposal ideas 2026
propose day quotes for boyfriend,5,5,560,5,propose day quotes | propose day quotes  | propose day quotes f | propose day quotes with | propose day quotes for
propose day wishes for best friend,6,5,558,7,propose day wishes | propose day wishes  | propose day wishes a | propose day wishes with | propose day wishes for
unique proposal ideas for her,5,5,558,7,romantic proposal ideas f | romantic proposal ideas h | romantic proposal ideas for | proposal ideas for girlfriend m | proposal ideas for girlfriend u
propose day wishes for girlfriend in hindi,7,5,557,8,propose day wishes | propose day wishes  | propose day wishes a | propose day wishes f | propose day wishes g
love proposal to girl,4,4,1250,1,love proposal | love proposal  | love proposal t | love proposal with
love proposal website template,4,4,1250,2,love proposal | love proposal  | love proposal w | love proposal template
romantic proposal ideas melbourne,4,4,1250,1,romantic proposal ideas | romantic proposal ideas  | romantic proposal ideas m | romantic proposal ideas y
love proposal link,3,4,850,4,love proposal | love proposal  | love proposal l | love proposal maker
propose day quotes telugu,4,4,601,1,propose day quotes | propose day quotes  | propose day quotes t | propose day quotes for
propose day quotes with images,5,4,601,1,propose day quotes w | propose day quotes with | propose day wishes w | propose day wishes with
propose day wishes bangla,4,4,601,1,propose day quotes b | propose day wishes | propose day wishes  | propose day wishes b
propose day wishes best friend,5,4,601,1,propose day quotes b | propose day quotes best | propose day wishes b | propose day wishes best
propose day wishes english,4,4,601,1,propose day quotes e | propose day wishes e | propose day wishes u | propose day wishes y
propose day wishes in marathi,5,4,601,1,propose day wishes | propose day wishes  | propose day wishes i | propose day wishes in
propose day wishes video download,5,4,601,1,propose day quotes d | propose day quotes v | propose day wishes d | propose day wishes v
romantic proposal ideas london,4,4,601,1,romantic proposal ideas | romantic proposal ideas  | romantic proposal ideas l | romantic proposal ideas y
romantic proposal ideas nyc,4,4,601,1,romantic proposal ideas | romantic proposal ideas  | romantic proposal ideas n | romantic proposal ideas y
romantic proposal ideas reddit,4,4,601,1,romantic proposal ideas | romantic proposal ideas  | romantic proposal ideas r | romantic proposal ideas y
romantic proposal ideas sydney,4,4,601,1,romantic proposal ideas | romantic proposal ideas  | romantic proposal ideas s | romantic proposal ideas y
romantic proposal room decoration,4,4,601,1,romantic proposal ideas r | romantic proposal ideas x | romantic proposal ideas z | romantic proposal ideas template
fun ways to propose to your girlfriend,7,4,600,2,proposal ideas for girlfriend l | proposal ideas for girlfriend v | proposal ideas for girlfriend best | how proposal ideas for girlfriend
propose day quotes tamil,4,4,600,2,propose day quotes | propose day quotes  | propose day quotes t | propose day quotes for
propose day wishes in hindi,5,4,600,2,propose day wishes | propose day wishes  | propose day wishes i | propose day wishes in
propose day wishes in urdu,5,4,600,2,propose day quotes u | propose day wishes i | propose day wishes u | propose day wishes in
romantic proposal date ideas,4,4,600,2,romantic proposal ideas x | romantic proposal ideas z | romantic proposal ideas app | romantic proposal ideas 2026
what to give a girl while proposing,7,4,600,2,what proposal ideas for girlfriend | when proposal ideas for girlfriend | which proposal ideas for girlfriend | who proposal ideas for girlfriend
propose day quotes hindi english,5,4,562,3,propose day quotes e | propose day quotes h | propose day wishes e | propose day wishes h
propose day quotes simple,4,4,562,3,propose day quotes s | propose day quotes y | propose day quotes z | propose day quotes online
propose day wishes bangla text,5,4,562,3,propose day quotes b | propose day wishes | propose day wishes  | propose day wishes b
propose day wishes in bengali,5,4,562,3,propose day wishes | propose day wishes  | propose day wishes i | propose day wishes in
romantic proposal ideas in winter,5,4,562,3,romantic proposal ideas i | romantic proposal ideas w | romantic proposal ideas with | romantic proposal ideas in
propose day quotes in english,5,4,560,5,propose day quotes | propose day quotes i | propose day quotes o | propose day quotes in
unique proposal ideas for him,5,4,560,5,romantic proposal ideas f | romantic proposal ideas h | romantic proposal ideas with | romantic proposal ideas for
marriage proposal ideas for her,5,4,559,6,romantic proposal ideas f | romantic proposal ideas h | romantic proposal ideas with | romantic proposal ideas for
propose day quotes for wife in hindi,7,4,559,6,propose day quotes | propose day quotes  | propose day quotes f | propose day quotes for
propose day quotes for wife in english,7,4,558,7,propose day quotes | propose day quotes  | propose day quotes f | propose day quotes for
different love proposal ideas,4,4,556,7,love proposal free | love proposal maker | love proposal template | love proposal 2026
propose day wishes in kannada text,6,4,555,10,propose day quotes k | propose day wishes k | propose day wishes v | propose day wishes in
romantic proposal plan,3,4,551,4,romantic proposal ideas free | romantic proposal ideas app | romantic proposal ideas template | romantic proposal ideas 2026
love proposal quotes,3,3,1251,1,love proposal | love proposal  | love proposal q
love proposal website,3,3,1251,1,love proposal | love proposal  | love proposal w
love proposal gifts,3,3,1250,1,love proposal | love proposal  | love proposal g
love proposal images,3,3,1250,2,love proposal | love proposal  | love proposal i
love proposal lines,3,3,1250,1,love proposal | love proposal  | love proposal l
love proposal quotes in kannada,5,3,1250,2,love proposal | love proposal  | love proposal q
love proposal short lines,4,3,1250,1,love proposal | love proposal  | love proposal s
love proposal lines in kannada,5,3,1200,2,love proposal | love proposal  | love proposal l
love proposal lines english,4,3,851,3,love proposal | love proposal  | love proposal l
love proposal in english,4,3,650,3,love proposal i | love proposal with | love proposal in
love proposal online,3,3,650,3,love proposal o | love proposal free | love proposal maker
love proposal example,3,3,601,1,love proposal e | love proposal x | love proposal template
love proposal gifts online,4,3,601,2,love proposal g | love proposal o | love proposal online
love proposal in hindi,4,3,601,4,love proposal i | love proposal with | love proposal in
love proposal lines in hindi,5,3,601,5,love proposal | love proposal  | love proposal l
love proposal quotes in english,5,3,601,3,love proposal | love proposal  | love proposal q
love proposal web series,4,3,601,1,love proposal w | love proposal online | love proposal 2027
love you proposal,3,3,601,1,love proposal u | love proposal y | who love proposal
propose day quotes best friend,5,3,601,1,propose day quotes b | propose day quotes best | propose day wishes best
propose day quotes english,4,3,601,1,propose day quotes e | propose day quotes u | propose day wishes e
propose day quotes kannada,4,3,601,1,propose day quotes k | propose day quotes u | propose day wishes k
propose day quotes short,4,3,601,1,propose day quotes s | propose day quotes y | propose day wishes s
propose day wishes assamese,4,3,601,1,propose day quotes a | propose day wishes a | propose day wishes app
propose day wishes funny,4,3,601,1,propose day wishes j | propose day wishes x | propose day wishes z
propose day wishes paragraph,4,3,601,1,propose day quotes p | propose day wishes p | propose day wishes z
propose day wishes reply,4,3,601,1,propose day quotes r | propose day wishes r | propose day wishes app
propose day wishes shayari in english,6,3,601,1,propose day wishes s | propose day wishes u | propose day wishes y
propose day wishes to wife,5,3,601,1,propose day quotes t | propose day wishes t | propose day wishes template
romantic proposal ideas with kids,5,3,601,1,romantic proposal ideas k | romantic proposal ideas w | romantic proposal ideas with
unique proposal ideas for girlfriend,5,3,601,1,romantic proposal ideas g | proposal ideas for girlfriend | proposal ideas for girlfriend u
love proposal in tamil,4,3,600,5,love proposal i | love proposal with | love proposal in
marriage proposal ideas with kids,5,3,600,2,romantic proposal ideas k | romantic proposal ideas w | romantic proposal ideas with
online love proposal maker free,5,3,600,2,love proposal free | love proposal online | love proposal maker
proposal ideas to girlfriend,4,3,600,2,proposal ideas for girlfriend t | proposal ideas for girlfriend for | proposal ideas for girlfriend template
propose day best quotes,4,3,600,2,propose day quotes b | propose day quotes best | propose day wishes best
propose day greeting card online free,6,3,600,2,propose day wishes c | propose day wishes o | propose day wishes online
propose day wishes bestie,4,3,600,2,propose day quotes best | propose day wishes b | propose day wishes best
propose day wishes copy paste,5,3,600,2,propose day quotes c | propose day wishes c | propose day wishes p
propose day wishes malayalam,4,3,600,2,propose day quotes m | propose day wishes m | propose day wishes maker
romantic proposal ideas at home with family,7,3,600,3,romantic proposal ideas a | romantic proposal ideas h | romantic proposal ideas w
propose day best wishes,4,3,562,3,propose day quotes best | propose day wishes b | propose day wishes best
propose day quotes and images,5,3,562,3,propose day quotes a | propose day quotes n | propose day wishes a
propose day quotes in telugu,5,3,562,3,propose day quotes i | propose day quotes o | propose day quotes in
propose day wishes card,4,3,562,3,propose day quotes c | propose day wishes c | propose day wishes online
propose day wishes my love,5,3,562,3,propose day wishes l | propose day wishes m | propose day wishes maker
chocolate day wishes with name,5,3,561,4,propose day wishes n | propose day wishes w | propose day wishes with
propose day wishes wife in marathi,6,3,561,4,propose day quotes w | propose day wishes v | propose day wishes w
marriage proposal ideas with dogs,5,3,560,5,romantic proposal ideas d | romantic proposal ideas w | romantic proposal ideas with
promise day wishes with name,5,3,560,5,propose day wishes n | propose day wishes w | propose day wishes with
love proposal ideas in tamil,5,3,559,6,romantic proposal ideas i | romantic proposal ideas t | romantic proposal ideas in
propose day greeting card online,5,3,559,6,propose day wishes c | propose day wishes o | propose day wishes online
propose day quotes in tamil,5,3,559,6,propose day quotes i | propose day quotes o | propose day quotes in
best proposal ideas in chat,5,3,558,7,romantic proposal ideas c | romantic proposal ideas i | romantic proposal ideas in
best proposal ideas with kids,5,3,558,3,romantic proposal ideas k | romantic proposal ideas w | romantic proposal ideas with
love proposal in telugu,4,3,558,7,love proposal i | love proposal with | love proposal in
propose day quotes in gujarati,5,3,558,7,propose day quotes i | propose day quotes o | propose day quotes in
best proposal ideas in delhi,5,3,557,8,romantic proposal ideas d | romantic proposal ideas i | romantic proposal ideas in
marriage proposal ideas for him,5,3,557,8,romantic proposal ideas f | romantic proposal ideas h | romantic proposal ideas for
propose day quotes in hindi english,6,3,557,8,propose day quotes i | propose day quotes o | propose day quotes in
best proposal ideas for boyfriend,5,3,556,9,romantic proposal ideas b | romantic proposal ideas f | romantic proposal ideas for
propose day quotes in punjabi,5,3,556,9,propose day quotes i | propose day quotes o | propose day quotes in
propose day wishes for wife bangla,6,3,556,9,propose day wishes f | propose day wishes w | propose day wishes for
propose day wishes for wife in hindi,7,3,556,9,propose day wishes | propose day wishes a | propose day wishes f
propose day wishes in punjabi,5,3,556,9,propose day wishes i | propose day wishes p | propose day wishes in
can a girl propose to her boyfriend,7,3,555,3,who proposal ideas for girlfriend | how love proposal | who love proposal
love proposal in different ways,5,3,555,10,love proposal i | love proposal with | love proposal in
marriage proposal ideas in bangalore,5,3,555,10,romantic proposal ideas b | romantic proposal ideas i | romantic proposal ideas in
propose day quotes for long distance relationship,7,3,555,10,propose day quotes d | propose day quotes l | propose day quotes r
propose day wishes for love hindi,6,3,555,10,propose day wishes f | propose day wishes l | propose day wishes for
propose day quotes in malayalam,5,3,554,11,propose day quotes i | propose day quotes o | propose day quotes in
simple proposal ideas for her,5,3,554,3,proposal ideas for girlfriend best | proposal ideas for girlfriend for | which proposal ideas for girlfriend
wedding proposal ideas for bridesmaids,5,3,554,11,romantic proposal ideas b | romantic proposal ideas f | romantic proposal ideas for
best proposal ideas for her,5,3,553,12,romantic proposal ideas f | romantic proposal ideas h | romantic proposal ideas for
propose day quotes in nepali,5,3,553,12,propose day quotes i | propose day quotes o | propose day quotes in
love proposal ideas for him,5,3,552,13,romantic proposal ideas f | romantic proposal ideas h | romantic proposal ideas for
love proposal movie,3,3,552,11,love proposal m | love proposal 2026 | love proposal 2027
propose day wishes quotes in english,6,3,552,10,propose day wishes o | propose day wishes q | propose day wishes y
romantic engagement ideas for her,5,3,550,15,romantic proposal ideas f | romantic proposal ideas h | romantic proposal ideas for
love proposal for girlfriend,4,2,1250,1,love proposal f | love proposal with
love proposal meaning,3,2,1250,1,love proposal m | love proposal 2026
love proposal website free,4,2,1000,3,love proposal w | love proposal free
love proposal in tower news,5,2,900,2,love proposal i | love proposal in
love proposal to boy,4,2,700,3,love proposal t | love proposal with
best proposal ideas online,4,2,601,1,romantic proposal ideas o | romantic proposal ideas online
chocolate day online wishes,4,2,601,1,propose day wishes o | propose day wishes online
good proposal ideas for girlfriend,5,2,601,1,proposal ideas for girlfriend | proposal ideas for girlfriend g
how to propose day wishes,5,2,601,1,how propose day quotes | how propose day wishes
love proposal 2,3,2,601,1,love proposal 2026 | love proposal 2027
love proposal best lines,4,2,601,1,love proposal b | love proposal best
love proposal template,3,2,601,1,love proposal t | love proposal maker
love proposal to girl quotes,5,2,601,4,love proposal t | love proposal with
proposal gift for girlfriend,4,2,601,1,proposal ideas for girlfriend | proposal ideas for girlfriend 
proposal ideas for her beach,5,2,601,1,proposal ideas for girlfriend  | proposal ideas for girlfriend b
proposal ideas for her near me,6,2,601,1,proposal ideas for girlfriend m | proposal ideas for girlfriend n
proposal ideas for her reddit,5,2,601,1,proposal ideas for girlfriend  | proposal ideas for girlfriend r
proposal ideas for pregnant girlfriend,5,2,601,1,proposal ideas for girlfriend | proposal ideas for girlfriend p
propose day 2026 wishes for girlfriend,6,2,601,1,propose day quotes 2026 | propose day wishes 2026
propose day greeting card template,5,2,601,1,propose day wishes c | propose day wishes template
propose day quotes after marriage,5,2,601,1,propose day quotes a | propose day wishes a
propose day quotes copy paste,5,2,601,1,propose day quotes c | propose day quotes p
propose day quotes hindi,4,2,601,1,propose day quotes h | propose day wishes h
propose day quotes marathi,4,2,601,1,propose day quotes m | propose day wishes m
propose day quotes nepali,4,2,601,1,propose day quotes n | propose day wishes n
propose day romantic quotes,4,2,601,1,propose day quotes r | propose day wishes r
propose day unique wishes,4,2,601,1,propose day quotes u | propose day wishes u
propose day wish maker,4,2,601,1,propose day wishes m | propose day wishes maker
propose day wishes caption,4,2,601,1,propose day quotes c | propose day wishes c
propose day wishes date,4,2,601,1,propose day quotes d | propose day wishes d
propose day wishes girlfriend,4,2,601,1,propose day quotes g | propose day wishes g
propose day wishes hindi,4,2,601,1,propose day quotes h | propose day wishes h
propose day wishes kannada,4,2,601,1,propose day quotes k | propose day wishes k
propose day wishes link,4,2,601,1,propose day quotes l | propose day wishes l
propose day wishes marathi,4,2,601,1,propose day quotes m | propose day wishes m
propose day wishes odia,4,2,601,1,propose day wishes o | propose day wishes online
propose day wishes online,4,2,601,1,propose day quotes online | propose day wishes o
propose day wishes quotes,4,2,601,1,propose day wishes j | propose day wishes q
propose day wishes shayari,4,2,601,1,propose day quotes s | propose day wishes s
romantic proposal ideas,3,2,601,1,romantic proposal ideas  | romantic proposal ideas y
valentine proposal ideas for girlfriend,5,2,601,1,proposal ideas for girlfriend | proposal ideas for girlfriend v
when is promise day quotes,5,2,601,1,when propose day quotes | is it propose day quotes
cute proposal ideas for girlfriend,5,2,600,2,proposal ideas for girlfriend | proposal ideas for girlfriend c
is it propose day or propose day,7,2,600,2,is it propose day quotes | is it propose day wishes
love proposal generator,3,2,600,3,love proposal g | love proposal maker
love proposal trailer,3,2,600,2,love proposal 2026 | love proposal 2027
love you proposal quotes,4,2,600,2,love proposal y | who love proposal
marriage proposal ideas dallas tx,5,2,600,2,romantic proposal ideas d | romantic proposal ideas t
marriage proposal ideas on the beach,6,2,600,2,romantic proposal ideas o | romantic proposal ideas t
proposal ideas for her,4,2,600,2,proposal ideas for girlfriend | proposal ideas for girlfriend 
proposal ideas for her birthday,5,2,600,2,proposal ideas for girlfriend  | proposal ideas for girlfriend b
proposal ideas for her private,5,2,600,2,proposal ideas for girlfriend  | proposal ideas for girlfriend p
propose day emotional quotes,4,2,600,2,propose day quotes e | propose day wishes e
propose day quotes assamese,4,2,600,2,propose day quotes a | propose day wishes a
propose day quotes gf,4,2,600,2,propose day quotes g | propose day quotes j
propose day quotes husband,4,2,600,2,propose day quotes h | propose day wishes h
propose day quotes wife,4,2,600,2,propose day quotes w | propose day quotes z
propose day reply quotes,4,2,600,2,propose day quotes r | propose day wishes r
propose day wishes bengali,4,2,600,2,propose day quotes b | propose day wishes b
propose day wishes for ex girlfriend,6,2,600,2,propose day wishes e | propose day wishes x
propose day wishes gujarati,4,2,600,2,propose day quotes g | propose day wishes g
propose day wishes husband,4,2,600,2,propose day quotes h | propose day wishes h
propose day wishes kaise kare,5,2,600,2,propose day quotes k | propose day wishes k
propose day wishes love,4,2,600,2,propose day quotes l | propose day wishes l
propose day wishes pic,4,2,600,2,propose day quotes p | propose day wishes p
propose day wishes shayari in hindi,6,2,600,2,propose day quotes s | propose day wishes s
propose day wishes to husband,5,2,600,2,propose day quotes t | propose day wishes t
propose day wishes video,4,2,600,2,propose day quotes v | propose day wishes v
propose day wishes wife in hindi,6,2,600,2,propose day quotes w | propose day wishes w
propose day wishes with photo,5,2,600,2,propose day wishes without | propose day wishes app
romantic proposal ideas in chicago,5,2,600,2,romantic proposal ideas i | romantic proposal ideas in
romantic proposal ideas southern california,5,2,600,2,romantic proposal ideas c | romantic proposal ideas s
should i propose on my girlfriend's birthday,7,2,600,2,when proposal ideas for girlfriend | who proposal ideas for girlfriend
simple proposal ideas for girlfriend,5,2,600,2,proposal ideas for girlfriend | proposal ideas for girlfriend s
when should i propose to my girlfriend,7,2,600,2,when proposal ideas for girlfriend | when love proposal
love proposal good morning images,5,2,562,3,love proposal g | love proposal best
marriage proposal ideas with family,5,2,562,3,romantic proposal ideas w | romantic proposal ideas with
promise day quotes best friend,5,2,562,3,propose day quotes b | propose day quotes best
promise day quotes with images,5,2,562,3,propose day quotes w | propose day quotes with
propose day quotes marathi for husband,6,2,562,3,propose day quotes m | propose day wishes m
propose day return wishes,4,2,562,3,propose day quotes r | propose day wishes r
propose day wishes gif,4,2,562,3,propose day quotes g | propose day wishes g
propose day wishes lines,4,2,562,3,propose day quotes l | propose day wishes l
propose day wishes website,4,2,562,3,propose day quotes w | propose day wishes w
best proposal ideas ever cobra kai,6,2,561,3,romantic proposal ideas c | romantic proposal ideas e
best proposal ideas in mumbai,5,2,561,4,romantic proposal ideas i | romantic proposal ideas in
best proposal ideas on the beach,6,2,561,4,romantic proposal ideas o | romantic proposal ideas t
propose day quotes odia,4,2,561,3,propose day quotes online | propose day wishes o
propose day wishes in english,5,2,561,4,propose day wishes i | propose day wishes in
propose day wishes long,4,2,561,4,propose day quotes l | propose day wishes l
wedding proposal ideas at home,5,2,561,4,romantic proposal ideas a | romantic proposal ideas h
love proposal gift ideas,4,2,560,4,romantic proposal ideas g | love proposal g
marriage proposal ideas at restaurant,5,2,560,5,romantic proposal ideas a | romantic proposal ideas r
marriage proposal ideas in mumbai,5,2,560,5,romantic proposal ideas i | romantic proposal ideas in
online love proposal maker,4,2,560,3,love proposal online | love proposal maker
prom proposal ideas for girlfriend,5,2,560,5,proposal ideas for girlfriend | proposal ideas for girlfriend p
promise day quotes bestie,4,2,560,5,propose day quotes b | propose day quotes best
propose day best wishes for girlfriend,6,2,560,5,propose day quotes best | propose day wishes best
propose day quotes hindi for wife,6,2,560,5,propose day quotes h | propose day wishes h
propose day wishes boyfriend,4,2,560,5,propose day quotes b | propose day wishes b
propose day wishes for daughter,5,2,560,5,propose day quotes d | propose day wishes d
propose day wishes hindi english,5,2,560,5,propose day wishes e | propose day wishes h
propose day wishes in kannada,5,2,560,5,propose day wishes i | propose day wishes in
propose day wishes marathi text,5,2,560,5,propose day wishes m | propose day wishes maker
wedding proposal ideas cape town,5,2,560,5,romantic proposal ideas c | romantic proposal ideas t
best proposal ideas at home,5,2,559,6,romantic proposal ideas a | romantic proposal ideas h
best proposal ideas with a dog,6,2,559,6,romantic proposal ideas w | romantic proposal ideas with
chocolate day quotes with images,5,2,559,6,propose day quotes w | propose day quotes with
hoco proposal ideas for girlfriend,5,2,559,6,proposal ideas for girlfriend | proposal ideas for girlfriend h
love proposal in different languages,5,2,559,6,love proposal i | love proposal in
propose day 2026 wishes for boyfriend,6,2,559,4,propose day quotes 2026 | propose day wishes 2026
propose day quotes hindi for girlfriend,6,2,559,6,propose day quotes h | propose day wishes h
propose day quotes one line,5,2,559,5,propose day quotes online | propose day wishes o
propose day wishes bangla for girlfriend,6,2,559,6,propose day quotes b | propose day wishes b
propose day wishes images download,5,2,559,6,propose day quotes d | propose day wishes d
propose day wishes in nepali,5,2,559,6,propose day wishes i | propose day wishes in
propose day wishes messages,4,2,559,6,propose day wishes m | propose day wishes maker
romantic proposal ideas at the beach,6,2,559,5,romantic proposal ideas a | romantic proposal ideas t
chocolate day wishes with photo,5,2,558,7,propose day wishes w | propose day wishes with
love proposal decoration ideas,4,2,558,7,romantic proposal ideas d | love proposal d
love proposal in mathematics,4,2,558,7,love proposal i | love proposal in
love proposal pick up lines,5,2,558,7,love proposal p | love proposal u
marriage proposal ideas las vegas,5,2,558,4,romantic proposal ideas l | romantic proposal ideas v
marriage proposal ideas with child,5,2,558,7,romantic proposal ideas w | romantic proposal ideas with
promise day quotes with emoji,5,2,558,7,propose day quotes w | propose day quotes with
propose day 2026 quotes in hindi,6,2,558,3,propose day quotes 2026 | propose day wishes 2026
propose day greeting cover page,5,2,558,7,propose day wishes c | propose day wishes p
propose day quotes for ex girlfriend,6,2,558,7,propose day quotes e | propose day wishes e
propose day quotes in kannada for husband,7,2,558,7,propose day quotes k | propose day wishes k
propose day quotes in urdu,5,2,558,4,propose day quotes u | propose day quotes in
propose day wishes in tamil,5,2,558,7,propose day wishes i | propose day wishes in
best proposal ideas las vegas,5,2,557,5,romantic proposal ideas l | romantic proposal ideas v
best proposal ideas north georgia,5,2,557,4,romantic proposal ideas g | romantic proposal ideas n
low key romantic proposal ideas,5,2,557,4,romantic proposal ideas k | romantic proposal ideas l
proposal ideas to introverted girlfriend,5,2,557,4,proposal ideas for girlfriend i | proposal ideas for girlfriend in
propose day 2026 wishes for wife,6,2,557,6,propose day quotes 2026 | propose day wishes 2026
propose day quotes in kannada for girlfriend,7,2,557,8,propose day quotes k | propose day wishes k
propose day wishes in bangla,5,2,557,8,propose day wishes i | propose day wishes in
propose day wishes msg,4,2,557,8,propose day wishes m | propose day wishes maker
unique romantic proposal ideas,4,2,557,4,romantic proposal ideas u | romantic proposal ideas best
best proposal ideas in chicago,5,2,556,9,romantic proposal ideas i | romantic proposal ideas in
engagement dress ideas for girls in pakistan,7,2,556,5,proposal ideas for girlfriend i | proposal ideas for girlfriend in
love proposal in malayalam,4,2,556,9,love proposal i | love proposal in
marriage proposal ideas san diego,5,2,556,9,romantic proposal ideas d | romantic proposal ideas s
proposal ideas for her pinterest,5,2,556,3,proposal ideas for girlfriend  | proposal ideas for girlfriend p
propose day 2026 quotes in english,6,2,556,5,propose day quotes 2026 | propose day wishes 2026
propose day 2026 wishes in hindi,6,2,556,7,propose day quotes 2026 | propose day wishes 2026
propose day wishes in gujarati,5,2,556,9,propose day wishes i | propose day wishes in
best proposal ideas near me,5,2,555,10,romantic proposal ideas m | romantic proposal ideas n
love proposal in numbers,4,2,555,10,love proposal i | love proposal in
love propose meaning,3,2,555,8,love proposal app | love proposal maker
promise day quotes and images,5,2,555,10,propose day quotes a | propose day quotes n
propose day 2026 wishes in marathi,6,2,555,8,propose day quotes 2026 | propose day wishes 2026
propose day quotes in english for girlfriend,7,2,555,10,propose day quotes e | propose day wishes e
propose day quotes in hindi for wife,7,2,555,10,propose day quotes i | propose day quotes o
propose day wishes bangla caption,5,2,555,10,propose day wishes b | propose day wishes c
romantic outdoor proposal ideas,4,2,555,10,romantic proposal ideas o | romantic proposal ideas 2026
surprise proposal ideas for girlfriend,5,2,555,3,proposal ideas for girlfriend | proposal ideas for girlfriend s
is it propose day,4,2,554,4,is it propose day quotes | is it propose day wishes
marriage proposal ideas in dubai,5,2,554,11,romantic proposal ideas i | romantic proposal ideas in
propose day quotes in english for husband,7,2,554,11,propose day quotes e | propose day wishes e
propose day quotes in marathi for husband,7,2,554,11,propose day quotes i | propose day quotes o
propose day quotes small,4,2,554,3,propose day quotes y | propose day quotes z
propose day wishes for boyfriend long distance,7,2,554,11,propose day wishes f | propose day wishes for
propose day wishes text,4,2,554,11,propose day wishes t | propose day wishes template
wedding proposal ideas near me,5,2,554,11,romantic proposal ideas m | romantic proposal ideas n
what is a romantic proposal,5,2,554,4,love proposal free | what love proposal
best proposal ideas in nyc,5,2,553,12,romantic proposal ideas i | romantic proposal ideas in
love proposal ai,3,2,553,10,love proposal app | love proposal maker
love proposal day anniversary,4,2,553,12,love proposal a | love proposal d
love proposal indirectly,3,2,553,12,love proposal i | love proposal in
love proposal kdrama netflix,4,2,553,12,love proposal k | love proposal n
propose day online,3,2,553,6,propose day quotes online | propose day wishes online
propose day quotes for love in english,7,2,553,12,propose day quotes f | propose day quotes l
propose day quotes in english for boyfriend,7,2,553,12,propose day quotes e | propose day wishes e
propose day wishes for long distance relationship,7,2,553,12,propose day wishes d | propose day wishes r
propose day wishes in telugu,5,2,553,12,propose day wishes i | propose day wishes in
chocolate day wishes with name and photo,7,2,552,13,propose day wishes n | propose day wishes w
is it propose day today,5,2,552,6,is it propose day quotes | is it propose day wishes
love proposal in tamil text,5,2,552,13,love proposal with | love proposal in
marriage proposal ideas in delhi,5,2,552,13,romantic proposal ideas d | romantic proposal ideas in
marriage proposal ideas in italy,5,2,552,13,romantic proposal ideas i | romantic proposal ideas in
propose day quotes for ex boyfriend,6,2,552,13,propose day quotes e | propose day wishes e
propose day quotes in marathi for wife,7,2,552,13,propose day quotes i | propose day quotes o
propose day wishes for love in english,7,2,552,13,propose day wishes f | propose day wishes l
propose day wishes in malayalam,5,2,552,13,propose day wishes i | propose day wishes in
romantic proposal prank,3,2,552,3,romantic proposal ideas free | romantic proposal ideas without
is it propose,3,2,551,7,is it propose day quotes | is it propose day wishes
marriage proposal ideas for introverts,5,2,551,14,romantic proposal ideas f | romantic proposal ideas for
proposal gift ideas for girlfriend,5,2,551,3,proposal ideas for girlfriend 2026 | proposal ideas for girlfriend 2027
propose day quotes images,4,2,551,6,propose day quotes o | propose day quotes y
propose day wishes for love bengali,6,2,551,14,propose day wishes l | propose day wishes for
propose day wishes lines in english,6,2,551,13,propose day wishes o | propose day wishes u
valentine week 2026 propose day quotes,6,2,551,11,propose day quotes v | propose day quotes 2026
is it propose to or propose,6,2,550,8,is it propose day quotes | is it propose day wishes
the love proposal how many episodes,6,2,550,10,how love proposal | who love proposal
love proposal bible verses,4,1,1251,1,love proposal b
love proposal kannada,3,1,1251,1,love proposal k
love proposal anniversary quotes,4,1,1250,1,love proposal a
love proposal birthday wishes,4,1,1250,2,love proposal b
love proposal captions,3,1,1250,1,love proposal c
love proposal dialogue,3,1,1250,1,love proposal d
love proposal emoji,3,1,1250,1,love proposal e
love proposal html code,4,1,1250,1,love proposal h
love proposal korean drama,4,1,1250,2,love proposal k
love proposal news,3,1,1250,1,love proposal n
love proposal on tower,4,1,1250,1,love proposal o
love proposal photo,3,1,1250,1,love proposal p
love proposal viral,3,1,1250,1,love proposal v
love proposal code,3,1,1150,2,love proposal c
love proposal for husband,4,1,950,2,love proposal f
love proposal songs,3,1,851,2,love proposal s
love proposal english,3,1,850,2,love proposal e
love proposal pic,3,1,850,2,love proposal p
love proposal shayari in hindi,5,1,850,3,love proposal s
love proposal number,3,1,800,2,love proposal n
love proposal ring,3,1,750,1,love proposal r
love proposal thai drama,4,1,750,2,love proposal t
love proposal videos,3,1,750,2,love proposal v
love proposal website github,4,1,750,4,love proposal w
love proposal dialogue in telugu,5,1,701,2,love proposal d
love proposal page,3,1,701,3,love proposal p
love proposal dialogue download,4,1,700,3,love proposal d
love proposal flipbook with ring space,6,1,700,3,love proposal f
love proposal other words,4,1,700,2,love proposal o
love proposal pages dev,4,1,700,4,love proposal p
love proposal card,3,1,651,3,love proposal c
love proposal code in html,5,1,650,4,love proposal c
love proposal prompt,3,1,650,5,love proposal p
love proposal meaning in telugu,5,1,604,2,love proposal m
love proposal meaning in hindi,5,1,603,3,love proposal m
love proposal at tower,4,1,602,2,love proposal a
love proposal captions for instagram,5,1,602,5,love proposal c
love proposal day quotes,4,1,602,4,love proposal d
love proposal message,3,1,602,4,love proposal m
best proposal ideas 2026,4,1,601,1,romantic proposal ideas 2026
best proposal ideas in dubai,5,1,601,1,romantic proposal ideas d
best proposal ideas uk,4,1,601,2,romantic proposal ideas u
best proposal ideas vancouver,4,1,601,1,romantic proposal ideas v
chocolate day quotes valentine,4,1,601,1,propose day quotes v
how to love proposal,4,1,601,1,how love proposal
how to marriage proposal ideas,5,1,601,1,how romantic proposal ideas
how to reject love proposal without hurting,7,1,601,1,love proposal without
i love proposal,3,1,601,1,who love proposal
love proposal all languages,4,1,601,3,love proposal a
love proposal application,3,1,601,1,love proposal app
love proposal boy to girl,5,1,601,3,love proposal b
love proposal cake images,4,1,601,6,love proposal c
love proposal different way,4,1,601,5,love proposal d
love proposal empire state building,5,1,601,3,love proposal e
love proposal explain in hindi,5,1,601,1,love proposal x
love proposal flower images,4,1,601,4,love proposal f
love proposal for best friend,5,1,601,1,romantic proposal ideas best
love proposal hindi,3,1,601,2,love proposal h
love proposal japanese drama,4,1,601,1,love proposal j
love proposal kavithai,3,1,601,3,love proposal k
love proposal meaning in tamil,5,1,601,5,love proposal m
love proposal note,3,1,601,3,love proposal n
love proposal on top,4,1,601,4,love proposal o
love proposal pictures,3,1,601,6,love proposal p
love proposal recent news,4,1,601,2,love proposal r
love proposal site,3,1,601,4,love proposal s
love proposal unique,3,1,601,1,love proposal u
love proposal video download,4,1,601,3,love proposal v
love proposal with birthday wishes,5,1,601,1,love proposal with
love proposal writing,3,1,601,5,love proposal w
love when plan comes together,5,1,601,1,when love proposal
promise day quotes 2026,4,1,601,1,propose day quotes 2026
promise day quotes for yourself,5,1,601,1,propose day quotes y
proposal ideas for her simple,5,1,601,1,proposal ideas for girlfriend s
propose day ideas for girlfriend,5,1,601,1,proposal ideas for girlfriend d
propose day jokes hindi,4,1,601,1,propose day quotes j
propose day quotes bengali,4,1,601,1,propose day quotes b
propose day quotes date,4,1,601,1,propose day quotes d
propose day quotes friends,4,1,601,1,propose day quotes free
propose day quotes funny,4,1,601,1,propose day quotes z
propose day quotes gujarati,4,1,601,1,propose day quotes g
propose day quotes long,4,1,601,1,propose day quotes l
propose day quotes punjabi,4,1,601,1,propose day quotes p
propose day unique quotes,4,1,601,1,propose day quotes u
propose day wishes nepali,4,1,601,1,propose day wishes n
propose day wishes with name and photo,7,1,601,1,propose day wishes app
propose ideas for girl in hindi,6,1,601,1,proposal ideas for girlfriend in
romantic proposal ideas adelaide,4,1,601,2,romantic proposal ideas a
romantic proposal ideas brisbane,4,1,601,1,romantic proposal ideas b
romantic proposal ideas europe,4,1,601,1,romantic proposal ideas e
romantic proposal ideas johannesburg,4,1,601,1,romantic proposal ideas j
romantic proposal ideas manchester,4,1,601,2,romantic proposal ideas m
romantic proposal ideas perth,4,1,601,1,romantic proposal ideas p
romantic proposal ideas toronto,4,1,601,1,romantic proposal ideas t
today is propose day quotes,5,1,601,1,is it propose day quotes
today is propose day wishes,5,1,601,1,is it propose day wishes
wedding proposal ideas houston,4,1,601,1,romantic proposal ideas h
what is love proposal,4,1,601,1,what love proposal
what is promise day quotes,5,1,601,1,what propose day quotes
best proposal ideas ever,4,1,600,2,romantic proposal ideas e
best proposal ideas for girls,5,1,600,2,romantic proposal ideas g
best proposal ideas in japan,5,1,600,2,romantic proposal ideas j
best proposal ideas london,4,1,600,2,romantic proposal ideas l
best proposal ideas reddit,4,1,600,2,romantic proposal ideas r
best proposal ideas toronto,4,1,600,2,romantic proposal ideas t
best romantic proposal ideas,4,1,600,2,romantic proposal ideas best
chocolate day wishes date,4,1,600,2,propose day wishes d
chocolate day wishes reply,4,1,600,2,propose day wishes r
engagement ring ideas for women gold,6,1,600,2,proposal ideas for girlfriend g
how propose day,3,1,600,2,how propose day wishes
how to reject love proposal politely,6,1,600,2,how love proposal
love proposal arrest,3,1,600,4,love proposal a
love proposal bouquet,3,1,600,4,love proposal b
love proposal cast,3,1,600,7,love proposal c
love proposal content,3,1,600,2,love proposal x
love proposal dialogue in tamil,5,1,600,6,love proposal d
love proposal event planner,4,1,600,4,love proposal e
love proposal for boyfriend,4,1,600,5,love proposal f
love proposal heart touching,4,1,600,3,love proposal h
love proposal jokes,3,1,600,2,love proposal j
love proposal kavithai tamil,4,1,600,4,love proposal k
love proposal link generator,4,1,600,6,love proposal l
love proposal link maker,4,1,600,2,love proposal maker
love proposal malayalam,3,1,600,6,love proposal m
love proposal ost,3,1,600,5,love proposal o
love proposal places in hyderabad,5,1,600,7,love proposal p
love proposal quotes in hindi,5,1,600,4,love proposal q
love proposal rejection quotes,4,1,600,3,love proposal r
love proposal synonyms,3,1,600,5,love proposal s
love proposal using html css and javascript,7,1,600,2,love proposal u
love proposal video in tamil,5,1,600,4,love proposal v
love proposal website link,4,1,600,6,love proposal w
love propose best shayari in hindi,6,1,600,2,love proposal best
love propose new style,4,1,600,4,love proposal n
love propose with rose,4,1,600,2,love proposal with
love. proposal web,3,1,600,2,love proposal online
marriage proposal ideas melbourne,4,1,600,3,romantic proposal ideas m
marriage proposal ideas uk,4,1,600,3,romantic proposal ideas u
plan love app,3,1,600,2,love proposal app
promise day quotes kannada,4,1,600,2,propose day quotes k
promise day quotes nepali,4,1,600,2,propose day quotes n
promise day wishes nepali,4,1,600,2,propose day wishes n
proposal for girlfriend ideas,4,1,600,2,proposal ideas for girlfriend free
proposal ideas on her birthday,5,1,600,2,proposal ideas for girlfriend o
propose day celebration quotes,4,1,600,2,propose day quotes c
propose day jokes images,4,1,600,2,propose day quotes j
propose day quotes 2023,4,1,600,2,propose day quotes z
propose day quotes 2026,4,1,600,2,propose day wishes 2026
propose day quotes bangla,4,1,600,2,propose day quotes b
propose day quotes for friendship,5,1,600,2,propose day quotes free
propose day quotes love,4,1,600,2,propose day quotes l
propose day quotes pinterest,4,1,600,2,propose day quotes p
propose day quotes shayari,4,1,600,2,propose day quotes s
propose day wishes 2026,4,1,600,2,propose day quotes 2026
propose day wishes gf,4,1,600,2,propose day wishes j
propose day wishes images with quotes,6,1,600,2,propose day wishes y
propose day wishes quotes for girlfriend,6,1,600,2,propose day wishes q
propose ideas for girl in marathi,6,1,600,2,proposal ideas for girlfriend in
reasons to propose to your girlfriend,6,1,600,2,why proposal ideas for girlfriend
romantic proposal ideas chicago,4,1,600,2,romantic proposal ideas c
romantic proposal ideas ireland,4,1,600,2,romantic proposal ideas i
romantic proposal video ideas,4,1,600,2,romantic proposal ideas v
wedding proposal ideas beach,4,1,600,2,romantic proposal ideas b
wedding proposal ideas philippines,4,1,600,2,romantic proposal ideas p
what are the best love proposal in text,8,1,600,2,what love proposal
love propose urdu shayari,4,1,562,3,love proposal u
love propose with flower,4,1,562,3,love proposal with
love you propose lines,4,1,562,3,love proposal y
marriage proposal ideas christmas,4,1,562,3,romantic proposal ideas c
marriage proposal ideas dubai,4,1,562,3,romantic proposal ideas d
marriage proposal ideas private,4,1,562,3,romantic proposal ideas p
marriage proposal ideas reddit,4,1,562,3,romantic proposal ideas r
promise day quotes date,4,1,562,3,propose day quotes d
promise day quotes english,4,1,562,3,propose day quotes e
promise day quotes gujarati,4,1,562,3,propose day quotes g
promise day wishes date,4,1,562,3,propose day wishes d
promise day wishes english,4,1,562,3,propose day wishes e
promise day wishes paragraph,4,1,562,3,propose day wishes p
propose day quotes paragraph,4,1,562,3,propose day quotes p
propose day quotes to wife,5,1,562,3,propose day quotes t
propose day wish kaise karte hain,6,1,562,3,propose day wishes k
propose day wishes hindi for girlfriend,6,1,562,3,propose day wishes h
propose day wishes sms,4,1,562,3,propose day wishes s
propose day wishes tamil,4,1,562,3,propose day wishes t
unique proposal ideas bordeaux,4,1,562,3,romantic proposal ideas b
wedding proposal ideas on a budget,6,1,562,3,romantic proposal ideas o
wedding proposal ideas singapore,4,1,562,3,romantic proposal ideas s
best proposal ideas bay area,5,1,561,4,romantic proposal ideas b
best proposal ideas chicago,4,1,561,4,romantic proposal ideas c
best proposal ideas melbourne,4,1,561,4,romantic proposal ideas m
best proposal ideas sydney,4,1,561,4,romantic proposal ideas s
chocolate day quotes kannada,4,1,561,4,propose day quotes k
chocolate day romantic quotes,4,1,561,4,propose day quotes r
chocolate day wishes download,4,1,561,4,propose day wishes d
chocolate day wishes pic,4,1,561,4,propose day wishes p
chocolate day wishes video,4,1,561,3,propose day wishes v
love island proposal jon and hannah,6,1,561,3,love proposal j
love proposal gif,3,1,561,4,love proposal g
love proposal good morning,4,1,561,4,love proposal best
love proposal hashtags,3,1,561,4,love proposal h
love proposal rejection reply,4,1,561,4,love proposal r
love u proposal quotes,4,1,561,4,love proposal u
love you propose shayari,4,1,561,4,love proposal y
marriage proposal ideas pinterest,4,1,561,4,romantic proposal ideas p
promise day quotes download,4,1,561,4,propose day quotes d
promise day quotes love,4,1,561,4,propose day quotes l
promise day wishes best friend,5,1,561,4,propose day wishes best
promise day wishes girlfriend,4,1,561,4,propose day wishes g
promise day wishes reply,4,1,561,4,propose day wishes r
propose day anniversary quotes,4,1,561,4,propose day quotes a
propose day greeting card,4,1,561,4,propose day wishes c
propose day quotes boyfriend,4,1,561,4,propose day quotes b
propose day quotes hindi for husband,6,1,561,4,propose day quotes h
propose day quotes marathi for girlfriend,6,1,561,4,propose day quotes m
propose day quotes to husband,5,1,561,4,propose day quotes t
propose day special quotes,4,1,561,4,propose day quotes s
propose day wishes hubby,4,1,561,4,propose day wishes h
propose day wishes my wife,5,1,561,4,propose day wishes m
propose day wishes simple,4,1,561,4,propose day wishes s
propose day wishes to friend,5,1,561,4,propose day wishes t
unique proposal ideas dallas,4,1,561,4,romantic proposal ideas d
unique proposal ideas reddit,4,1,561,4,romantic proposal ideas r
wedding proposal gift ideas,4,1,561,3,romantic proposal ideas g
wedding proposal ideas toronto,4,1,561,3,romantic proposal ideas t
best proposal ideas beach,4,1,560,5,romantic proposal ideas b
best proposal ideas in europe,5,1,560,4,romantic proposal ideas e
best proposal ideas paris,4,1,560,5,romantic proposal ideas p
chocolate day quotes english,4,1,560,5,propose day quotes e
chocolate day romantic wishes,4,1,560,5,propose day wishes r
chocolate day valentine wishes,4,1,560,4,propose day wishes v
chocolate day wishes 2026,4,1,560,3,propose day wishes 2026
love proposal america,3,1,560,5,love proposal a
love proposal bl,3,1,560,5,love proposal b
love proposal english quotes,4,1,560,5,love proposal e
love proposal greeting card,4,1,560,5,love proposal g
love proposal hindi shayari,4,1,560,5,love proposal h
love proposal in japanese,4,1,560,4,love proposal j
love proposal kdrama cast,4,1,560,5,love proposal k
love proposal quotes in tamil,5,1,560,5,love proposal q
love proposal ringtone download,4,1,560,5,love proposal r
love proposal to best friend,5,1,560,5,love proposal best
love proposal video editing,4,1,560,5,love proposal v
love propose name,3,1,560,5,love proposal n
love u proposal,3,1,560,5,love proposal u
love you propose message,4,1,560,5,love proposal y
marriage proposal ideas miami,4,1,560,5,romantic proposal ideas m
marriage proposal ideas sydney,4,1,560,5,romantic proposal ideas s
promise day quotes short,4,1,560,5,propose day quotes s
promise day quotes wife,4,1,560,5,propose day quotes w
promise day romantic quotes,4,1,560,5,propose day quotes r
promise day wishes assamese,4,1,560,5,propose day wishes a
promise day wishes gujarati,4,1,560,5,propose day wishes g
promise day wishes kannada,4,1,560,5,propose day wishes k
promise day wishes love,4,1,560,5,propose day wishes l
promise day wishes odia,4,1,560,4,propose day wishes o
promise day wishes pic,4,1,560,5,propose day wishes p
propose day anniversary quotes for husband,6,1,560,5,propose day quotes a
propose day comedy quotes,4,1,560,5,propose day quotes c
propose day quotes for daughter,5,1,560,5,propose day quotes d
propose day quotes marathi for wife,6,1,560,5,propose day quotes m
propose day quotes to girlfriend,5,1,560,5,propose day quotes t
propose day wishes in nepali text,6,1,560,5,propose day wishes n
propose day wishes short,4,1,560,5,propose day wishes s
propose day wishes to my love,6,1,560,5,propose day wishes t
propose ideas for girl in english,6,1,560,3,proposal ideas for girlfriend in
romantic engagement ring ideas,4,1,560,5,romantic proposal ideas r
romantic proposal ideas at home for her,7,1,560,5,romantic proposal ideas h
wedding proposal design ideas,4,1,560,5,romantic proposal ideas d
best marriage proposal ideas ever,5,1,559,5,romantic proposal ideas e
best proposal ideas mumbai,4,1,559,6,romantic proposal ideas m
best proposal ideas singapore,4,1,559,6,romantic proposal ideas s
chocolate day naughty wishes,4,1,559,6,propose day wishes n
chocolate day quotes gujarati,4,1,559,6,propose day quotes g
chocolate day quotes love,4,1,559,6,propose day quotes l
chocolate day related quotes,4,1,559,6,propose day quotes r
chocolate day wishes best friend,5,1,559,6,propose day wishes best
chocolate day wishes girlfriend,4,1,559,6,propose day wishes g
chocolate day wishes kannada,4,1,559,6,propose day wishes k
chocolate day wishes love,4,1,559,6,propose day wishes l
chocolate day wishes photo,4,1,559,6,propose day wishes p
chocolate day wishes quotes,4,1,559,3,propose day wishes q
love actually jamie proposal,4,1,559,5,love proposal j
love plan nigerian movie,4,1,559,6,love proposal n
love proposal accept quotes,4,1,559,6,love proposal a
love proposal background images,4,1,559,6,love proposal b
love proposal ep 1,4,1,559,6,love proposal e
love proposal funny quotes,4,1,559,6,love proposal f
love proposal gifts for her,5,1,559,6,love proposal g
love proposal hindi songs lyrics,5,1,559,6,love proposal h
love proposal kavithalu in telugu,5,1,559,6,love proposal k
love proposal quotes short,4,1,559,6,love proposal q
love proposal reply quotes,4,1,559,6,love proposal r
love proposal symbol,3,1,559,6,love proposal s
love proposal to best friend quotes,6,1,559,6,love proposal best
love proposal to boyfriend,4,1,559,6,love proposal t
love proposal viral video,4,1,559,6,love proposal v
love propose odia,3,1,559,6,love proposal o
love u propose sms,4,1,559,6,love proposal u
love you propose lines in english,6,1,559,6,love proposal y
marriage proposal decoration ideas,4,1,559,6,romantic proposal ideas d
marriage proposal game ideas,4,1,559,5,romantic proposal ideas g
marriage proposal ideas on holiday,5,1,559,6,romantic proposal ideas o
promise day quotes bengali,4,1,559,6,propose day quotes b
promise day quotes emotional,4,1,559,6,propose day quotes e
promise day quotes kannada for husband,6,1,559,6,propose day quotes k
promise day quotes pinterest,4,1,559,6,propose day quotes p
promise day unique quotes,4,1,559,3,propose day quotes u
proposal ideas for women,4,1,559,6,proposal ideas for girlfriend 
propose day anniversary quotes for wife,6,1,559,6,propose day quotes a
propose day best quotes in hindi,6,1,559,6,propose day quotes best
propose day cute quotes,4,1,559,6,propose day quotes c
propose day quotes for daughter from mother,7,1,559,6,propose day quotes d
propose day quotes malayalam text,5,1,559,6,propose day quotes m
propose day quotes to best friend,6,1,559,6,propose day quotes t
propose day wishes to girlfriend,5,1,559,6,propose day wishes t
propose ideas for girl in bengali,6,1,559,4,proposal ideas for girlfriend in
romantic proposal pictures ideas,4,1,559,6,romantic proposal ideas p
unique proposal ring ideas,4,1,559,6,romantic proposal ideas r
valentine propose day wishes,4,1,559,5,propose day wishes v
wedding proposal backdrop ideas,4,1,559,6,romantic proposal ideas b
wedding proposal ideas chicago,4,1,559,6,romantic proposal ideas c
wedding proposal video ideas,4,1,559,3,romantic proposal ideas v
best love proposal quotes,4,1,558,7,love proposal best
best proposal essay topics,4,1,558,6,romantic proposal ideas e
best proposal gift for girlfriend in india,7,1,558,3,proposal ideas for girlfriend i
best proposal ideas on a budget,6,1,558,7,romantic proposal ideas o
best proposal ideas private,4,1,558,7,romantic proposal ideas p
best proposal ideas workable in jaipur,6,1,558,7,romantic proposal ideas w
chocolate day romantic quotes for wife,6,1,558,7,propose day quotes r
chocolate day wishes gif,4,1,558,7,propose day wishes g
github love proposal,3,1,558,7,love proposal g
love plan maker,3,1,558,5,love proposal maker
love plan netflix,3,1,558,7,love proposal n
love proposal anniversary wishes,4,1,558,7,love proposal a
love proposal bangla,3,1,558,7,love proposal b
love proposal for her,4,1,558,7,love proposal f
love proposal hd images,4,1,558,7,love proposal h
love proposal kavithai english,4,1,558,7,love proposal k
love proposal letter,3,1,558,7,love proposal l
love proposal quotes telugu,4,1,558,7,love proposal q
love proposal ringtones telugu,4,1,558,7,love proposal r
love proposal status,3,1,558,7,love proposal s
love proposal telugu quotes,4,1,558,7,love proposal t
love proposal words,3,1,558,7,love proposal w
love propose or purpose,4,1,558,7,love proposal o
love propose vector,3,1,558,7,love proposal v
love story jfk proposal scene,5,1,558,6,love proposal j
marriage proposal cake ideas,4,1,558,7,romantic proposal ideas c
marriage proposal ideas at hotel,5,1,558,7,romantic proposal ideas a
marriage proposal ideas mumbai,4,1,558,7,romantic proposal ideas m
marriage proposal ideas simple,4,1,558,7,romantic proposal ideas s
promise day deep quotes,4,1,558,7,propose day quotes d
promise day quotes copy paste,5,1,558,7,propose day quotes c
promise day quotes girlfriend,4,1,558,7,propose day quotes g
promise day quotes punjabi,4,1,558,7,propose day quotes p
promise day unique wishes,4,1,558,3,propose day wishes u
promise day wishes 2026,4,1,558,5,propose day wishes 2026
promise day wishes hindi,4,1,558,7,propose day wishes h
promise day wishes link,4,1,558,7,propose day wishes l
promise day wishes quotes,4,1,558,4,propose day wishes q
proposal ideas for girls,4,1,558,7,proposal ideas for girlfriend 
propose day accept quotes,4,1,558,7,propose day quotes a
propose day best quotes in bengali,6,1,558,7,propose day quotes best
propose day kaise wish kare in english,7,1,558,7,propose day wishes k
propose day par wish kaise kare,6,1,558,7,propose day wishes p
propose day quotes hinglish,4,1,558,7,propose day quotes h
propose day quotes marathi for boyfriend,6,1,558,7,propose day quotes m
propose day quotes tamil for girlfriend,6,1,558,7,propose day quotes t
propose day sad quotes,4,1,558,7,propose day quotes s
propose day wishes bangla sms,5,1,558,7,propose day wishes b
propose day wishes images,4,1,558,7,propose day wishes i
propose day wishes marathi for girlfriend,6,1,558,7,propose day wishes m
propose day wishes site,4,1,558,7,propose day wishes s
propose day wishes to boyfriend,5,1,558,7,propose day wishes t
the love proposal youtube,4,1,558,7,love proposal y
unique proposal ideas nyc,4,1,558,3,romantic proposal ideas n
valentine propose day quotes,4,1,558,4,propose day quotes v
valentine propose day wishes hindi,5,1,558,6,propose day wishes v
wedding proposal box ideas,4,1,558,7,romantic proposal ideas b
wedding proposal ideas london,4,1,558,3,romantic proposal ideas l
wedding proposal ring ideas,4,1,558,7,romantic proposal ideas r
best love proposal in telugu,5,1,557,8,love proposal best
best proposal gift ideas,4,1,557,7,romantic proposal ideas g
chocolate day dirty quotes,4,1,557,8,propose day quotes d
chocolate day naughty quotes,4,1,557,4,propose day quotes n
chocolate day quotes 2026,4,1,557,4,propose day quotes 2026
chocolate day quotes pinterest,4,1,557,8,propose day quotes p
chocolate day quotes short,4,1,557,8,propose day quotes s
chocolate day unique quotes,4,1,557,5,propose day quotes u
chocolate day unique wishes,4,1,557,4,propose day wishes u
chocolate day wishes hindi,4,1,557,8,propose day wishes h
chocolate day wishes in english,5,1,557,8,propose day wishes e
happy promise day wishes quotes in hindi,7,1,557,5,propose day wishes q
happy propose day date wishes,5,1,557,8,propose day wishes d
how to reject love proposal in islam,7,1,557,3,how love proposal
i love you proposal ideas,5,1,557,8,love proposal y
love plan novel cool,4,1,557,8,love proposal n
love proposal another word,4,1,557,8,love proposal a
love proposal book,3,1,557,8,love proposal b
love proposal chocolate,3,1,557,8,love proposal c
love proposal drama,3,1,557,8,love proposal d
love proposal email,3,1,557,8,love proposal e
love proposal for him,4,1,557,8,love proposal f
love proposal html code github,5,1,557,8,love proposal h
love proposal in urdu,4,1,557,8,love proposal u
love proposal korean,3,1,557,8,love proposal k
love proposal lines in telugu,5,1,557,8,love proposal l
love proposal paragraph,3,1,557,8,love proposal p
love proposal program in java,5,1,557,7,love proposal j
love proposal quotations,3,1,557,8,love proposal q
love proposal rose images,4,1,557,8,love proposal r
love proposal songs hindi,4,1,557,8,love proposal s
love proposal trending,3,1,557,8,love proposal t
love proposal words in english,5,1,557,8,love proposal w
love propose video status,4,1,557,8,love proposal v
marriage proposal book ideas,4,1,557,8,romantic proposal ideas b
promise day quotes best friend in english,7,1,557,8,propose day quotes best
promise day wishes caption,4,1,557,8,propose day wishes c
promise day wishes gujarati text,5,1,557,8,propose day wishes g
promise day wishes line,4,1,557,8,propose day wishes l
promise day wishes wife,4,1,557,8,propose day wishes w
proposal love on the spectrum,5,1,557,8,love proposal o
propose day best wishes bengali,5,1,557,8,propose day wishes best
propose day kaise wish kare in hindi,7,1,557,8,propose day wishes k
propose day love quotes in hindi,6,1,557,8,propose day quotes l
propose day par kaise wish kare,6,1,557,8,propose day wishes p
propose day quotes for love in hindi,7,1,557,8,propose day quotes f
propose day quotes hindi shayari,5,1,557,8,propose day quotes h
propose day quotes marathi text,5,1,557,8,propose day quotes m
propose day quotes to boyfriend,5,1,557,8,propose day quotes t
propose day wishes to best friend,6,1,557,8,propose day wishes t
romantic engagement ideas at home,5,1,557,8,romantic proposal ideas a
romantic engagement photo ideas,4,1,557,8,romantic proposal ideas p
romantic engagement proposal ideas,4,1,557,7,romantic proposal ideas e
romantic proposal setup ideas,4,1,557,8,romantic proposal ideas s
romantic propose day wishes for husband,6,1,557,8,propose day wishes r
valentine propose day quotes for wife,6,1,557,5,propose day quotes v
valentine propose day wishes in marathi,6,1,557,7,propose day wishes v
wedding proposal dress ideas,4,1,557,8,romantic proposal ideas d
wedding proposal outfit ideas,4,1,557,8,romantic proposal ideas o
best love proposal lines to impress a girl,8,1,556,9,love proposal best
best proposal ideas los angeles,5,1,556,5,romantic proposal ideas l
best proposal ideas nyc,4,1,556,5,romantic proposal ideas n
best simple and romantic proposal ideas,6,1,556,3,romantic proposal ideas best
canva love proposal template,4,1,556,3,love proposal template
chocolate day cute quotes,4,1,556,9,propose day quotes c
chocolate day emotional quotes,4,1,556,9,propose day quotes e
chocolate day quotes for kids,5,1,556,9,propose day quotes k
chocolate day wishes card,4,1,556,9,propose day wishes c
chocolate day wishes in nepali,5,1,556,9,propose day wishes n
chocolate day wishes wife,4,1,556,9,propose day wishes w
easy romantic proposal ideas,4,1,556,8,romantic proposal ideas e
how to accept love proposal,5,1,556,4,how love proposal
i love you proposal website,5,1,556,9,love proposal y
love of proposal,3,1,556,9,love proposal o
love proposal answer,3,1,556,9,love proposal a
love proposal bgm,3,1,556,9,love proposal b
love proposal cake,3,1,556,9,love proposal c
love proposal decoration,3,1,556,9,love proposal d
love proposal event,3,1,556,9,love proposal e
love proposal girl,3,1,556,9,love proposal g
love proposal hindi quotes,4,1,556,9,love proposal h
love proposal in unique way,5,1,556,9,love proposal u
love proposal kannada meaning,4,1,556,9,love proposal k
love proposal lines for boyfriend,5,1,556,9,love proposal l
love proposal message for her,5,1,556,7,love proposal m
love proposal poetry in urdu,5,1,556,9,love proposal p
love proposal quotes malayalam,4,1,556,9,love proposal q
love proposal rose,3,1,556,9,love proposal r
love proposal text,3,1,556,9,love proposal t
love proposal. fun,3,1,556,9,love proposal f
love propose shayari,3,1,556,9,love proposal s
love story jfk proposal,4,1,556,8,love proposal j
love valley proposal,3,1,556,9,love proposal v
marriage proposal dinner ideas,4,1,556,9,romantic proposal ideas d
marriage proposal ideas in japan,5,1,556,3,romantic proposal ideas j
marriage proposal ideas winter,4,1,556,9,romantic proposal ideas w
promise day quotes assamese,4,1,556,9,propose day quotes a
promise day quotes for daughter,5,1,556,9,propose day quotes d
promise day quotes gujarati text,5,1,556,9,propose day quotes g
promise day quotes long,4,1,556,9,propose day quotes l
promise day quotes marathi,4,1,556,9,propose day quotes m
promise day quotes pic,4,1,556,9,propose day quotes p
promise day quotes simple,4,1,556,9,propose day quotes s
promise day romantic quotes for wife,6,1,556,9,propose day quotes r
promise day wishes best friend girl,6,1,556,9,propose day wishes best
promise day wishes gif,4,1,556,9,propose day wishes g
promise day wishes husband,4,1,556,9,propose day wishes h
promise day wishes in urdu,5,1,556,5,propose day wishes u
propose day kaise wish kare gf ko,7,1,556,9,propose day wishes k
propose day long wishes for girlfriend,6,1,556,9,propose day wishes l
propose day quotes for her,5,1,556,9,propose day quotes f
propose day quotes for one sided love,7,1,556,8,propose day wishes o
propose day quotes hd images,5,1,556,9,propose day quotes h
propose day quotes to friend,5,1,556,9,propose day quotes t
propose day special wishes to my love,7,1,556,9,propose day wishes s
propose day wishes bengali text,5,1,556,9,propose day wishes b
propose day wishes for long distance girlfriend,7,1,556,9,propose day wishes d
propose day wishes telugu,4,1,556,9,propose day wishes t
propose day wishes to wife quotes,6,1,556,6,propose day wishes q
recent love proposal news,4,1,556,9,love proposal n
romantic propose day wishes for boyfriend,6,1,556,9,propose day wishes r
romantic valentine's day proposal ideas,5,1,556,6,romantic proposal ideas v
simple wedding proposal ideas on a budget,7,1,556,9,romantic proposal ideas o
unique bridesmaid proposal ideas reddit,5,1,556,9,romantic proposal ideas r
unique proposal ideas at home,5,1,556,9,romantic proposal ideas a
valentine propose day quotes for girlfriend,6,1,556,6,propose day quotes v
valentine propose day wishes for wife,6,1,556,8,propose day wishes v
wedding proposal balloon ideas,4,1,556,9,romantic proposal ideas b
wedding proposal caption ideas,4,1,556,9,romantic proposal ideas c
wedding proposal photo ideas,4,1,556,9,romantic proposal ideas p
workplace proposal ideas for women's health,6,1,556,3,proposal ideas for girlfriend h
best love proposal lines in kannada,6,1,555,10,love proposal best
best love proposal video,4,1,555,10,love proposal v
best private proposal ideas reddit,5,1,555,10,romantic proposal ideas r
best proposal date ideas,4,1,555,10,romantic proposal ideas d
best proposal ideas in india,5,1,555,10,romantic proposal ideas i
chocolate day celebration quotes,4,1,555,10,propose day quotes c
chocolate day wishes for daughter,5,1,555,10,propose day wishes d
chocolate day wishes shayari,4,1,555,10,propose day wishes s
happy chocolate day wishes quotes in hindi,7,1,555,7,propose day wishes q
homecoming proposal ideas girl to guy,6,1,555,3,proposal ideas for girlfriend t
how should i propose to my girlfriend,7,1,555,4,how proposal ideas for girlfriend
how to ruin love proposal,5,1,555,5,how love proposal
i love you proposal gift,5,1,555,10,love proposal y
ideas for a girlfriend proposal,5,1,555,3,proposal ideas for girlfriend a
jordan love proposal,3,1,555,9,love proposal j
love island proposal uk,4,1,555,10,love proposal u
love proposal colour,3,1,555,10,love proposal c
love proposal date,3,1,555,10,love proposal d
love proposal for girl,4,1,555,10,love proposal f
love proposal kwa kiswahili,4,1,555,10,love proposal k
love proposal letter for girl,5,1,555,10,love proposal l
love proposal letter template,4,1,555,4,love proposal template
love proposal message to a girl,6,1,555,8,love proposal m
love proposal poem,3,1,555,10,love proposal p
love proposal quotes for her,5,1,555,10,love proposal q
love proposal reply,3,1,555,10,love proposal r
love proposal song tamil,4,1,555,10,love proposal s
love proposal to wife quotes,5,1,555,10,love proposal t
love proposal wallpaper,3,1,555,10,love proposal w
love propose a girl,4,1,555,10,love proposal a
love propose english lines,4,1,555,10,love proposal e
love propose hd wallpaper,4,1,555,10,love proposal h
marriage proposal ideas los angeles,5,1,555,6,romantic proposal ideas l
online love proposal website,4,1,555,4,love proposal online
promise day negative quotes,4,1,555,6,propose day quotes n
promise day quotes hindi,4,1,555,10,propose day quotes h
promise day quotes in kannada for girlfriend,7,1,555,10,propose day quotes k
promise day quotes in urdu,5,1,555,7,propose day quotes u
promise day quotes malayalam,4,1,555,10,propose day quotes m
promise day quotes sister,4,1,555,10,propose day quotes s
promise day quotes telugu,4,1,555,10,propose day quotes t
promise day wishes bestie,4,1,555,10,propose day wishes best
promise day wishes in nepali text,6,1,555,10,propose day wishes n
promise day wishes love in english,6,1,555,10,propose day wishes l
propose day love quotes in kannada,6,1,555,10,propose day quotes l
propose day proposal quotes,4,1,555,10,propose day quotes p
propose day quotes for girlfriend in hindi,7,1,555,10,propose day quotes g
propose day quotes for husband in marathi,7,1,555,10,propose day quotes f
propose day wishes for partner,5,1,555,10,propose day wishes p
propose day wishes in marathi for wife,7,1,555,10,propose day wishes i
propose day wishes to my wife,6,1,555,10,propose day wishes t
romantic proposal speech ideas,4,1,555,10,romantic proposal ideas s
romantic propose day wishes for girlfriend,6,1,555,10,propose day wishes r
trending love proposal news,4,1,555,10,love proposal n
unique prom proposal ideas to ask a girl,8,1,555,9,romantic proposal ideas t
unique propose day wishes for boyfriend,6,1,555,6,propose day wishes u
valentine propose day quotes for husband,6,1,555,7,propose day quotes v
valentine week propose day wishes,5,1,555,9,propose day wishes v
wedding proposal bouquet ideas,4,1,555,10,romantic proposal ideas b
wedding proposal party ideas,4,1,555,10,romantic proposal ideas p
best love proposal quotes in tamil,6,1,554,11,love proposal best
chocolate day proposal quotes,4,1,554,11,propose day quotes p
chocolate day quotes for daughter,5,1,554,11,propose day quotes d
chocolate day quotes wife,4,1,554,11,propose day quotes w
chocolate day wishes husband,4,1,554,11,propose day wishes h
chocolate day wishes link,4,1,554,11,propose day wishes l
do they fall in love in the proposal,8,1,554,3,when love proposal
gift ideas for girlfriend proposal,5,1,554,3,proposal ideas for girlfriend g
girlfriend proposal ideas for her,5,1,554,5,proposal ideas for girlfriend h
how to propose on propose day quotes in english,9,1,554,3,how propose day quotes
how to surprise your girlfriend with a proposal,8,1,554,7,proposal ideas for girlfriend with
how to write love proposal letter,6,1,554,6,how love proposal
i love you proposal lines for him,7,1,554,11,love proposal y
johnny love proposal scene,4,1,554,10,love proposal j
love actually proposal scene,4,1,554,11,love proposal a
love island proposal on show,5,1,554,11,love proposal o
love proposal animation video,4,1,554,11,love proposal v
love proposal bokeh,3,1,554,11,love proposal b
love proposal code in python,5,1,554,11,love proposal c
love proposal day,3,1,554,11,love proposal d
love proposal for wife,4,1,554,11,love proposal f
love proposal greeting card images,5,1,554,11,love proposal g
love proposal in bengali,4,1,554,11,love proposal with
love proposal in nepali,4,1,554,11,love proposal n
love proposal kavitha telugu,4,1,554,11,love proposal k
love proposal lines in tamil,5,1,554,11,love proposal l
love proposal music mp3 download,5,1,554,9,love proposal m
love proposal pick up lines tamil,6,1,554,11,love proposal u
love proposal quotes for boys,5,1,554,11,love proposal q
love proposal simple,3,1,554,11,love proposal s
love proposal to husband,4,1,554,11,love proposal t
love proposal whatsapp chatting,4,1,554,11,love proposal w
love propose emoji copy and paste,6,1,554,11,love proposal e
love propose husband,3,1,554,11,love proposal h
marriage proposal card ideas,4,1,554,11,romantic proposal ideas c
marriage proposal poster ideas,4,1,554,11,romantic proposal ideas p
promise day 2026 wishes in english,6,1,554,9,propose day wishes 2026
promise day best quotes,4,1,554,11,propose day quotes best
promise day quotes bangla,4,1,554,11,propose day quotes b
promise day quotes hindi for love,6,1,554,11,propose day quotes h
promise day quotes in kannada for boyfriend,7,1,554,11,propose day quotes k
promise day quotes tamil,4,1,554,11,propose day quotes t
proposal gift to girl,4,1,554,4,proposal ideas for girlfriend t
proposal without saying i love you,6,1,554,3,love proposal without
propose day aesthetic quotes,4,1,554,11,propose day quotes a
propose day best wishes for wife,6,1,554,11,propose day wishes best
propose day cute messages,4,1,554,11,propose day wishes c
propose day quotes for crush,5,1,554,11,propose day quotes c
propose day quotes for girlfriend in marathi,7,1,554,11,propose day quotes g
propose day quotes for him,5,1,554,11,propose day quotes f
propose day quotes for love in urdu,7,1,554,8,propose day quotes u
propose day special wishes for girlfriend,6,1,554,11,propose day wishes s
propose day wishes bd,4,1,554,11,propose day wishes b
propose day wishes for girlfriend nepali,6,1,554,11,propose day wishes n
propose day wishes for long distance boyfriend,7,1,554,11,propose day wishes d
romantic propose day quotes for husband,6,1,554,11,propose day quotes r
romantic propose day wishes,4,1,554,11,propose day wishes r
simple romantic proposal ideas,4,1,554,4,how romantic proposal ideas
the love proposal ryan reynolds,5,1,554,11,love proposal r
unique proposal ideas singapore,4,1,554,11,romantic proposal ideas s
valentine week propose day quotes,5,1,554,8,propose day quotes v
wedding proposal banner ideas,4,1,554,11,romantic proposal ideas b
wishes on propose day,4,1,554,10,propose day wishes o
best love proposal quotes telugu,5,1,553,12,love proposal best
best proposal ideas for men,5,1,553,12,romantic proposal ideas m
best proposal ideas new york,5,1,553,8,romantic proposal ideas n
best proposal ideas san francisco,5,1,553,12,romantic proposal ideas s
chocolate day quotes in nepali,5,1,553,8,propose day quotes n
chocolate day wishes website,4,1,553,12,propose day wishes w
how to propose girlfriend for marriage,6,1,553,6,how proposal ideas for girlfriend
how to propose on propose day quotes,7,1,553,4,how propose day quotes
how to propose romantically to a girl,7,1,553,5,how romantic proposal ideas
how to ruin love proposal cast,6,1,553,7,how love proposal
i love you proposal gif,5,1,553,12,love proposal y
love actually proposal,3,1,553,12,love proposal a
love heart proposal,3,1,553,12,love proposal h
love is blind japan proposal,5,1,553,11,love proposal j
love proposal background,3,1,553,12,love proposal b
love proposal cartoon images,4,1,553,12,love proposal c
love proposal for boy,4,1,553,12,love proposal f
love proposal girl to boy,5,1,553,12,love proposal g
love proposal in one line,5,1,553,12,love proposal o
love proposal lines malayalam,4,1,553,12,love proposal l
love proposal lines urdu,4,1,553,12,love proposal u
love proposal meaning in malayalam,5,1,553,10,love proposal m
love proposal poem in tamil,5,1,553,12,love proposal p
love proposal quotes in english for girlfriend,7,1,553,12,love proposal q
love proposal reels,3,1,553,12,love proposal r
love proposal stickers,3,1,553,12,love proposal s
love proposal tamil,3,1,553,12,love proposal t
love proposal with kiss,4,1,553,4,love proposal without
love proposal words in tamil,5,1,553,12,love proposal w
love propose ela cheyali,4,1,553,12,love proposal e
love.proposal bible verses,3,1,553,12,love proposal v
marriage proposal location ideas,4,1,553,8,romantic proposal ideas l
online proposal ideas for her,5,1,553,5,romantic proposal ideas online
promise day best wishes for love,6,1,553,12,propose day wishes best
promise day couple quotes,4,1,553,12,propose day quotes c
promise day quotes marathi for love,6,1,553,12,propose day quotes m
promise day wishes in kannada text,6,1,553,12,propose day wishes k
promise day wishes marathi,4,1,553,12,propose day wishes m
promise day wishes shayari,4,1,553,12,propose day wishes s
propose day anniversary wishes,4,1,553,12,propose day quotes a
propose day quotes for best friend girl,7,1,553,12,propose day quotes best
propose day quotes for girlfriend in english,7,1,553,12,propose day quotes g
propose day quotes for wife in marathi,7,1,553,12,propose day quotes f
propose day special quotes in hindi,6,1,553,12,propose day quotes s
propose day wishes bengali for wife,6,1,553,12,propose day wishes b
propose day wishes for crush,5,1,553,12,propose day wishes c
propose day wishes for girlfriend in marathi,7,1,553,12,propose day wishes g
propose day wishes for wife hindi,6,1,553,12,propose day wishes for
propose day wishes for wife in marathi,7,1,553,12,propose day wishes f
propose day wishes to love,5,1,553,12,propose day wishes t
romantic proposal india,3,1,553,5,romantic proposal ideas 2026
romantic proposal lines in kannada,5,1,553,8,romantic proposal ideas k
romantic proposal pick up lines,5,1,553,8,romantic proposal ideas u
romantic proposal videos,3,1,553,9,romantic proposal ideas v
romantic propose day quotes for wife,6,1,553,12,propose day quotes r
romantic propose ideas for boy,5,1,553,12,romantic proposal ideas b
simple marriage proposal ideas with family,6,1,553,12,romantic proposal ideas w
surprise proposal ideas for her,5,1,553,6,proposal ideas for girlfriend h
unique proposal cake ideas,4,1,553,12,romantic proposal ideas c
valentine week propose day quotes for girlfriend,7,1,553,9,propose day quotes v
wedding proposal photoshoot ideas,4,1,553,12,romantic proposal ideas p
what is a proposal template,5,1,553,6,love proposal template
what is proposal in love,5,1,553,4,when love proposal
what propose day,3,1,553,3,what propose day quotes
what to propose to a girl,6,1,553,4,what proposal ideas for girlfriend
30 second love proposal video download,6,1,552,13,love proposal v
best love proposal kavithai in tamil,6,1,552,13,love proposal best
best man proposal ideas golf,5,1,552,12,romantic proposal ideas g
best proposal photo ideas,4,1,552,13,romantic proposal ideas p
chocolate day quotes hindi,4,1,552,13,propose day quotes h
chocolate day quotes malayalam,4,1,552,13,propose day quotes m
chocolate day wishes marathi,4,1,552,13,propose day wishes m
engagement gift ideas for girl in pakistan,7,1,552,11,proposal ideas for girlfriend in
how do you propose a wish day,7,1,552,3,how propose day wishes
how to propose a girl ideas,6,1,552,7,how proposal ideas for girlfriend
how to propose on propose day quotes for boyfriend,9,1,552,5,how propose day quotes
how to romantically propose to your boyfriend,7,1,552,6,how romantic proposal ideas
i love you proposal letter,5,1,552,13,love proposal y
love and proposal,3,1,552,13,love proposal a
love heart proposal scene,4,1,552,13,love proposal h
love proposal bio for instagram,5,1,552,13,love proposal b
love proposal chat,3,1,552,13,love proposal c
love proposal drawing,3,1,552,13,love proposal d
love proposal flower,3,1,552,13,love proposal f
love proposal gifts for him,5,1,552,13,love proposal g
love proposal in usa,4,1,552,13,love proposal u
love proposal kiss,3,1,552,13,love proposal k
love proposal lines bangla,4,1,552,13,love proposal l
love proposal pose,3,1,552,13,love proposal p
love proposal quotes for wife,5,1,552,13,love proposal q
love proposal quotes one line,5,1,552,13,love proposal o
love proposal rejection,3,1,552,13,love proposal r
love proposal ringtones free download,5,1,552,6,love proposal free
love proposal songs telugu,4,1,552,13,love proposal s
love proposal tower,3,1,552,13,love proposal t
love proposal wishes,3,1,552,13,love proposal w
love proposal with girl,4,1,552,5,love proposal without
love propose emoji text,4,1,552,13,love proposal e
love story jfk jr proposal,5,1,552,12,love proposal j
marriage proposal ideas in nyc,5,1,552,9,romantic proposal ideas n
marriage proposal ideas in thailand,5,1,552,12,romantic proposal ideas t
marriage proposal letter ideas,4,1,552,9,romantic proposal ideas l
naughty propose day quotes,4,1,552,9,propose day quotes n
online love proposal link,4,1,552,7,love proposal online
promise day 2026 wishes in hindi,6,1,552,11,propose day wishes 2026
promise day quotes for kids,5,1,552,13,propose day quotes k
promise day quotes shayari,4,1,552,13,propose day quotes s
promise day wishes bangla,4,1,552,13,propose day wishes b
promise day wishes for daughter,5,1,552,13,propose day wishes d
promise day wishes for partner,5,1,552,13,propose day wishes p
propose day anniversary wishes for husband,6,1,552,13,propose day quotes a
propose day online editing,4,1,552,7,propose day wishes online
propose day quotes for couples,5,1,552,13,propose day quotes c
propose day quotes for husband in hindi,7,1,552,13,propose day quotes f
propose day quotes for love in marathi,7,1,552,13,propose day quotes l
propose day quotes for parents,5,1,552,13,propose day quotes p
propose day quotes from girl to boy,7,1,552,13,propose day quotes g
propose day quotes in odia,5,1,552,13,propose day quotes in
propose day quotes pic,4,1,552,5,propose day quotes y
propose day special wishes in hindi,6,1,552,13,propose day wishes s
propose day wishes for best friend girl,7,1,552,13,propose day wishes for
propose day wishes for girlfriend in bengali,7,1,552,13,propose day wishes g
propose day wishes for girlfriend video,6,1,552,12,propose day wishes v
propose day wishes odia language,5,1,552,12,propose day wishes o
propose day wishes punjabi,4,1,552,3,propose day wishes j
propose day wishes to friends,5,1,552,4,propose day wishes template
propose day wishes to hubby,5,1,552,13,propose day wishes t
propose day wishes unique,4,1,552,3,propose day wishes y
romantic proposal in english,4,1,552,12,romantic proposal ideas e
romantic proposal in movies,4,1,552,3,romantic proposal ideas x
romantic proposal in urdu,4,1,552,9,romantic proposal ideas u
romantic proposal text,3,1,552,3,romantic proposal ideas template
romantic proposal website,3,1,552,6,romantic proposal ideas online
romantic propose day quotes for love,6,1,552,13,propose day quotes r
romantic propose day wishes for wife,6,1,552,13,propose day wishes r
tower love proposal news,4,1,552,13,love proposal n
unique marriage proposal ideas with family,6,1,552,13,romantic proposal ideas w
unique proposal ideas in mumbai,5,1,552,13,romantic proposal ideas m
valentine week propose day quotes for husband,7,1,552,10,propose day quotes v
what is the best proposal to a girl,8,1,552,5,what proposal ideas for girlfriend
whatsapp propose lines,3,1,552,4,what propose day quotes
when propose,2,1,552,5,when love proposal
when propose day wishes,4,1,552,3,when propose day quotes
when proposing a girl,4,1,552,6,when proposal ideas for girlfriend
who propose me,3,1,552,5,who love proposal
why propose to a girl,5,1,552,3,why proposal ideas for girlfriend
best love proposal in english,5,1,551,14,love proposal best
best proposal ideas in goa,5,1,551,13,romantic proposal ideas g
best proposal ideas in winter,5,1,551,14,romantic proposal ideas w
chocolate day best quotes,4,1,551,14,propose day quotes best
chocolate day cute wishes,4,1,551,14,propose day wishes c
chocolate day quotes marathi,4,1,551,14,propose day quotes m
chocolate day wishes for kids,5,1,551,14,propose day wishes k
how propose love to a girl,6,1,551,9,how love proposal
how to propose girl for girlfriend,6,1,551,8,how proposal ideas for girlfriend
how to propose quotes,4,1,551,6,how propose day quotes
how to wish propose day to your partner,8,1,551,4,how propose day wishes
how to write a romantic proposal,6,1,551,7,how romantic proposal ideas
i love you proposal card,5,1,551,14,love proposal y
jamin love proposal,3,1,551,13,love proposal j
long distance propose day wishes,5,1,551,14,propose day wishes d
love 2026,2,1,551,6,love proposal 2026
love husband propose day quotes,5,1,551,14,love proposal h
love proposal bio,3,1,551,14,love proposal b
love proposal couple hand with rose,6,1,551,14,love proposal c
love proposal design,3,1,551,8,love proposal template
love proposal drawing images,4,1,551,14,love proposal d
love proposal first time,4,1,551,14,love proposal f
love proposal girlfriend,3,1,551,14,love proposal g
love proposal in english lines,5,1,551,14,love proposal in
love proposal in office,4,1,551,4,love proposal x
love proposal in one word,5,1,551,14,love proposal o
love proposal kavana kannada,4,1,551,14,love proposal k
love proposal lines in marathi,5,1,551,14,love proposal l
love proposal meaning in urdu,5,1,551,12,love proposal m
love proposal python code,4,1,551,14,love proposal p
love proposal quora,3,1,551,6,love proposal without
love proposal quotes telugu in english,6,1,551,14,love proposal q
love proposal romance,3,1,551,4,love proposal 2027
love proposal romantic,3,1,551,14,love proposal r
love proposal thai drama cast,5,1,551,14,love proposal t
love proposal website code,4,1,551,14,love proposal w
love propose code number,4,1,551,14,love proposal n
love propose english text,4,1,551,14,love proposal e
love propose in urdu text,5,1,551,14,love proposal u
love propose shayari english,4,1,551,14,love proposal s
love songs for proposal video,5,1,551,14,love proposal v
marriage proposal ideas in the mountains,6,1,551,13,romantic proposal ideas t
marriage proposal ideas new york,5,1,551,10,romantic proposal ideas n
marriage proposal speech ideas,4,1,551,14,romantic proposal ideas s
promise day 2026 wishes in bengali,6,1,551,12,propose day wishes 2026
promise day best wishes,4,1,551,14,propose day wishes best
promise day cute quotes,4,1,551,14,propose day quotes c
promise day quotes husband,4,1,551,14,propose day quotes h
promise day quotes in kannada for wife,7,1,551,14,propose day quotes k
promise day quotes to wife,5,1,551,14,propose day quotes t
promise day wishes my love,5,1,551,14,propose day wishes m
proposal ideas for bf,4,1,551,8,proposal ideas for girlfriend b
proposal ideas for crush,4,1,551,8,proposal ideas for girlfriend c
proposal ideas for her india,5,1,551,8,proposal ideas for girlfriend h
propose day jokes,3,1,551,3,propose day quotes j
propose day quotes for a friend,6,1,551,14,propose day quotes a
propose day quotes for girl best friend,7,1,551,14,propose day quotes g
propose day quotes for girlfriend in nepali,7,1,551,10,propose day quotes n
propose day quotes in english for best friend,8,1,551,14,propose day quotes e
propose day special quotes for girlfriend,6,1,551,14,propose day quotes s
propose day special wishes for wife,6,1,551,14,propose day wishes s
propose day wishes for boyfriend in nepali,7,1,551,14,propose day wishes n
propose day wishes for girlfriend in english,7,1,551,14,propose day wishes g
propose day wishes for girlfriend paragraph,6,1,551,14,propose day wishes p
propose day wishes love proposal lines,6,1,551,14,propose day quotes p
propose day wishes quotes for husband,6,1,551,11,propose day wishes q
propose day wishes to him,5,1,551,14,propose day wishes t
propose day wishes wife in english,6,1,551,14,propose day quotes w
romantic lesbian proposal ideas,4,1,551,10,romantic proposal ideas l
romantic picnic proposal ideas,4,1,551,14,romantic proposal ideas p
romantic proposal in chat,4,1,551,4,romantic proposal ideas x
romantic propose day quotes for girlfriend,6,1,551,14,propose day quotes r
romantic propose day wishes for girlfriend in hindi,8,1,551,14,propose day wishes r
the love proposal watch online,5,1,551,8,love proposal online
unique proposal ideas for men,5,1,551,14,romantic proposal ideas m
what to say on propose day in english,8,1,551,5,what propose day quotes
what to say when proposing a girl for the first time,11,1,551,7,when proposal ideas for girlfriend
whatsapp love proposal,3,1,551,5,what love proposal
when propose a girl,4,1,551,6,when love proposal
when propose day celebration,4,1,551,4,when propose day quotes
who marriage proposal,3,1,551,6,who love proposal
best love proposal quotes in english,6,1,550,15,love proposal best
best proposal ideas for gf,5,1,550,7,which proposal ideas for girlfriend
best proposal ideas in florida,5,1,550,15,romantic proposal ideas in
best proposal ideas in the world,6,1,550,14,romantic proposal ideas t
chocolate day adult quotes,4,1,550,15,propose day quotes a
chocolate day best wishes for girlfriend,6,1,550,15,propose day wishes best
chocolate day wishes for ex girlfriend,6,1,550,15,propose day wishes e
chocolate day wishes hindi english,5,1,550,15,propose day wishes h
happy propose propose day quotes in nepali,7,1,550,11,propose day quotes n
how do you propose in a quote,7,1,550,7,how propose day quotes
how to make romantic proposal,5,1,550,8,how romantic proposal ideas
how to propose a girl unique,6,1,550,9,how proposal ideas for girlfriend
how to wish propose day to your girlfriend,8,1,550,5,how propose day wishes
i love you proposal image,5,1,550,15,love proposal y
love marriage vs proposal marriage,5,1,550,15,love proposal v
love of job proposal,4,1,550,14,love proposal j
love proposal app,3,1,550,13,love proposal maker
love proposal boy,3,1,550,15,love proposal b
love proposal cartoon images hd,5,1,550,15,love proposal c
love proposal day meaning in tamil,6,1,550,15,love proposal d
love proposal for my husband,5,1,550,15,love proposal f
love proposal girl images,4,1,550,15,love proposal g
love proposal in chat,4,1,550,5,love proposal x
love proposal in tower,4,1,550,15,love proposal in
love proposal lines hindi,4,1,550,15,love proposal h
love proposal logo,3,1,550,15,love proposal l
love proposal messages for girlfriend,5,1,550,13,love proposal m
love proposal pictures free download,5,1,550,8,love proposal free
love proposal quotes simple,4,1,550,15,love proposal q
love proposal ring image,4,1,550,15,love proposal r
love proposal sample,3,1,550,9,love proposal template
love proposal songs in tamil lyrics,6,1,550,15,love proposal s
love proposal tamil songs,4,1,550,15,love proposal t
love proposal to a boy,5,1,550,15,love proposal a
love proposal where to watch,5,1,550,7,love proposal without
love proposal with rose,4,1,550,15,love proposal w
love propose ela cheyali in telugu,6,1,550,15,love proposal e
love propose in nepali text,5,1,550,15,love proposal n
love propose kavithai tamil text,5,1,550,15,love proposal k
love propose photo wallpaper,4,1,550,15,love proposal p
most romantic proposal ideas,4,1,550,15,romantic proposal ideas m
promise day best quotes in hindi,6,1,550,15,propose day quotes best
promise day gf wishes to my love,7,1,550,15,propose day wishes g
promise day quotes for parents,5,1,550,15,propose day quotes p
promise day quotes to husband,5,1,550,15,propose day quotes t
promise day wishes bengali,4,1,550,15,propose day wishes b
proposal ideas for a girl,5,1,550,8,proposal ideas for girlfriend a
proposal ideas for best friend,5,1,550,6,proposal ideas for girlfriend best
propose day messages for crush,5,1,550,15,propose day wishes c
propose day quotes for boyfriend long distance,7,1,550,15,propose day quotes d
propose day quotes for girlfriend in telugu,7,1,550,15,propose day quotes g
propose day quotes for husband in english,7,1,550,15,propose day quotes f
propose day quotes for love in kannada,7,1,550,15,propose day quotes k
propose day quotes for love in tamil,7,1,550,15,propose day quotes l
propose day quotes for married couple,6,1,550,15,propose day quotes c
propose day quotes in assamese,5,1,550,15,propose day quotes in
propose day quotes in english for wife,7,1,550,15,propose day quotes e
propose day quotes instagram,4,1,550,12,propose day quotes u
propose day special quotes for wife,6,1,550,15,propose day quotes s
propose day wish to bestie,5,1,550,15,propose day wishes t
propose day wishes for fiance,5,1,550,15,propose day wishes for
propose day wishes for girlfriend kannada,6,1,550,15,propose day wishes k
propose day wishes for husband in hindi,7,1,550,15,propose day wishes f
propose day wishes for special person,6,1,550,15,propose day wishes p
propose day wishes for wife in nepali,7,1,550,15,propose day wishes n
propose day wishes in assamese,5,1,550,15,propose day wishes in
propose day wishes quotes for boyfriend,6,1,550,12,propose day wishes q
propose day wishes quotes in hindi,6,1,550,5,propose day wishes j
propose day wishes to bestie,5,1,550,6,propose day wishes template
romantic dinner proposal ideas,4,1,550,15,romantic proposal ideas d
romantic private proposal ideas,4,1,550,15,romantic proposal ideas p
romantic proposal for wife,4,1,550,5,romantic proposal ideas without
romantic proposal kiss,3,1,550,11,romantic proposal ideas k
romantic proposal tips,3,1,550,9,romantic proposal ideas best
romantic proposal to girl,4,1,550,5,romantic proposal ideas template
romantic propose day quotes in hindi for husband,8,1,550,15,propose day quotes r
rose day propose day wishes,5,1,550,15,propose day wishes d
rose day propose wishes,4,1,550,15,propose day wishes r
the love proposal assistir online,5,1,550,9,love proposal online
trending love proposal on instagram,5,1,550,15,love proposal o
unique proposal ideas in chat,5,1,550,15,romantic proposal ideas c
valentine week 2023 propose day quotes,6,1,550,12,propose day quotes v
wedding proposal nail ideas,4,1,550,11,romantic proposal ideas n
wedding proposal setup ideas,4,1,550,15,romantic proposal ideas s
what can i propose to my girlfriend,7,1,550,7,what proposal ideas for girlfriend
what to propose on propose day,6,1,550,6,what propose day quotes
whatsapp love proposal message,4,1,550,6,what love proposal
when propose day,3,1,550,5,when propose day quotes
when to propose a girl to be a girlfriend,9,1,550,8,when proposal ideas for girlfriend
when your love propose you movie,6,1,550,7,when love proposal
who to propose a girl in chat,7,1,550,8,who proposal ideas for girlfriend
