primary_keyword,slug,live_url,batch,drafted_at,secondary_keywords,shortlisted_in
fixture keyword,fixture-post,https://subhsandesh.in/blog/fixture-post,2026-01-01-fixture,2026-01-01,fixture,
miss you ideas for long distance relationship,miss-you-ideas-long-distance-relationship,https://subhsandesh.in/blog/miss-you-ideas-long-distance-relationship,2026-08-12-miss-you-ldr,2026-08-12,miss you ideas for long distance relationship | long distance miss you ideas | what to send when you miss your long distance partner | i miss you page | long distance relationship surprise ideas,
how to celebrate raksha bandhan online long distance,celebrate-raksha-bandhan-online-long-distance,https://subhsandesh.in/blog/celebrate-raksha-bandhan-online-long-distance,2026-08-13-rakhi,2026-08-13,how to celebrate raksha bandhan online long distance | virtual raksha bandhan celebration ideas | long distance rakhi celebration ideas | how to tie rakhi virtually on video call | celebrate raksha bandhan siblings different cities,2026-08-13-rakhi
happy raksha bandhan wishes for sister from brother,happy-raksha-bandhan-wishes-for-sister-from-brother,https://subhsandesh.in/blog/happy-raksha-bandhan-wishes-for-sister-from-brother,2026-08-13-rakhi,2026-08-13,happy raksha bandhan wishes for sister from brother | rakhi messages for sister from brother | happy raksha bandhan replies to sister | raksha bandhan wishes for sister | what to write to sister on rakhi,2026-08-13-rakhi
how to send rakhi wishes on whatsapp,how-to-send-rakhi-wishes-on-whatsapp,https://subhsandesh.in/blog/how-to-send-rakhi-wishes-on-whatsapp,2026-08-13-rakhi,2026-08-13,how to send rakhi wishes on whatsapp | raksha bandhan whatsapp status with name | rakhi wishes whatsapp message | send rakhi wish online | raksha bandhan 2026,2026-08-13-rakhi
rakhi wishes for brother in law jiju,rakhi-wishes-for-brother-in-law-jiju,https://subhsandesh.in/blog/rakhi-wishes-for-brother-in-law-jiju,2026-08-13-rakhi,,rakhi wishes for brother in law jiju | raksha bandhan wishes for bhaiya bhabhi | rakhi message for jija ji | jija saali rakhi wishes in hindi | raksha bandhan 2026 date,2026-08-13-rakhi
rakhi wishes for cousin brother,rakhi-wishes-for-cousin-brother,https://subhsandesh.in/blog/rakhi-wishes-for-cousin-brother,2026-08-13-rakhi,2026-08-13,rakhi wishes for cousin brother | raksha bandhan quotes for cousin brother | rakhi message for cousin brother | raksha bandhan 2026 date,2026-08-13-rakhi
raksha bandhan caption for instagram with brother,raksha-bandhan-captions-instagram-brother,https://subhsandesh.in/blog/raksha-bandhan-captions-instagram-brother,2026-08-13-rakhi,2026-08-13,raksha bandhan caption for instagram with brother | instagram captions and status for raksha bandhan | rakhi quotes one liners for instagram | raksha bandhan captions,2026-08-13-rakhi
raksha bandhan shayari in hindi for bhai,raksha-bandhan-shayari-in-hindi-for-bhai,https://subhsandesh.in/blog/raksha-bandhan-shayari-in-hindi-for-bhai,2026-08-13-rakhi,2026-08-13,raksha bandhan shayari in hindi for bhai | raksha bandhan shayari 2026 hindi english | bhai behan shayari raksha bandhan | rakhi shayari for brother | raksha bandhan 2026 date,2026-08-13-rakhi
raksha bandhan wishes for brother in marathi,raksha-bandhan-wishes-for-brother-in-marathi,https://subhsandesh.in/blog/raksha-bandhan-wishes-for-brother-in-marathi,2026-08-13-rakhi,2026-08-13,raksha bandhan wishes for brother in marathi | raksha bandhan quotes in marathi | raksha bandhan message for brother in marathi | rakhi wishes in marathi for brother,2026-08-13-rakhi
raksha bandhan wishes for long distance brother,raksha-bandhan-wishes-for-long-distance-brother,https://subhsandesh.in/blog/raksha-bandhan-wishes-for-long-distance-brother,2026-08-13-rakhi,2026-08-13,raksha bandhan wishes for long distance brother | rakhi wishes to brother who is far away | raksha bandhan wishes for brother who lives far away | rakhi message for brother far away in another country | long distance rakhi message,2026-08-13-rakhi
corporate raksha bandhan greeting for employees,corporate-raksha-bandhan-greeting-for-employees,https://subhsandesh.in/blog/corporate-raksha-bandhan-greeting-for-employees,2026-08-18-rakhi-2,2026-08-19,corporate raksha bandhan greeting for employees | raksha bandhan business wishes with company logo | raksha bandhan message for employees | workplace raksha bandhan greeting | inclusive festival greeting at work,2026-08-13-rakhi
happy raksha bandhan replies to sister,happy-raksha-bandhan-replies-to-sister,https://subhsandesh.in/blog/happy-raksha-bandhan-replies-to-sister,2026-08-18-rakhi-2,2026-08-19,happy raksha bandhan replies to sister | raksha bandhan reply to sister | how to reply to rakhi wishes from sister | late raksha bandhan reply | rakhi reply message for sister,2026-08-13-rakhi
how to tie rakhi virtually on video call,how-to-tie-rakhi-virtually-on-video-call,https://subhsandesh.in/blog/how-to-tie-rakhi-virtually-on-video-call,2026-08-18-rakhi-2,2026-08-18,how to tie rakhi virtually on video call | virtual rakhi ceremony | tie rakhi on video call | long distance raksha bandhan ritual | rakhi video call steps | raksha bandhan 2026,2026-08-13-rakhi
personalised raksha bandhan card with name,personalised-raksha-bandhan-card-with-name,https://subhsandesh.in/blog/personalised-raksha-bandhan-card-with-name,2026-08-18-rakhi-2,2026-08-18,personalised raksha bandhan card with name | rakhi card with name | raksha bandhan card online | digital rakhi card for brother | rakhi card delivery time,2026-08-13-rakhi
rakhi message for brother far away in another country,rakhi-message-for-brother-far-away-in-another-country,https://subhsandesh.in/blog/rakhi-message-for-brother-far-away-in-another-country,2026-08-18-rakhi-2,2026-08-19,rakhi message for brother far away in another country | raksha bandhan message for brother abroad | rakhi wishes for brother overseas | rakhi message for nri brother | raksha bandhan message brother different country,2026-08-13-rakhi
raksha bandhan quotes in marathi,raksha-bandhan-quotes-in-marathi,https://subhsandesh.in/blog/raksha-bandhan-quotes-in-marathi,2026-08-18-rakhi-2,2026-08-19,raksha bandhan quotes in marathi | raksha bandhan message for brother in marathi | marathi rakhi quotes for sister | rakshabandhan shubhechha marathi | marathi raksha bandhan status,2026-08-13-rakhi
raksha bandhan shayari 2026 hindi english,raksha-bandhan-shayari-2026-hindi-english,https://subhsandesh.in/blog/raksha-bandhan-shayari-2026-hindi-english,2026-08-18-rakhi-2,2026-08-19,raksha bandhan shayari 2026 hindi english | bhai behan shayari raksha bandhan | raksha bandhan shayari in hindi | rakhi shayari english translation | hinglish rakhi shayari,2026-08-13-rakhi
raksha bandhan video maker with photo and music,raksha-bandhan-video-maker-with-photo-and-music,https://subhsandesh.in/blog/raksha-bandhan-video-maker-with-photo-and-music,2026-08-18-rakhi-2,2026-08-18,raksha bandhan video maker with photo and music | rakhi video with photo and song | raksha bandhan video status | rakhi photo video with music | raksha bandhan shareable page,2026-08-13-rakhi
raksha bandhan whatsapp status with name,raksha-bandhan-whatsapp-status-with-name,https://subhsandesh.in/blog/raksha-bandhan-whatsapp-status-with-name,2026-08-18-rakhi-2,2026-08-18,raksha bandhan whatsapp status with name | rakhi whatsapp status with name | raksha bandhan status for brother with name | whatsapp status privacy for rakhi,2026-08-13-rakhi
raksha bandhan wishes with name and photo,raksha-bandhan-wishes-with-name-and-photo,https://subhsandesh.in/blog/raksha-bandhan-wishes-with-name-and-photo,2026-08-18-rakhi-2,2026-08-18,raksha bandhan wishes with name and photo | rakhi wishes with name | raksha bandhan card with photo | personalised rakhi wish for brother | raksha bandhan wishes with name edit,2026-08-13-rakhi
diwali wishes for boss and colleagues,diwali-wishes-for-boss-and-colleagues,https://subhsandesh.in/blog/diwali-wishes-for-boss-and-colleagues,2026-08-19-diwali,2026-08-19,diwali wishes for boss and colleagues | diwali message for boss | diwali wishes for coworkers | corporate diwali wishes | diwali wishes for team,
diwali wishes for clients and customers,diwali-wishes-for-clients-and-customers,https://subhsandesh.in/blog/diwali-wishes-for-clients-and-customers,2026-08-19-diwali,2026-08-19,diwali wishes for clients and customers | corporate diwali message to clients | diwali greetings for customers | diwali wishes for business partners | professional diwali message,
diwali wishes with name and photo,diwali-wishes-with-name-and-photo,https://subhsandesh.in/blog/diwali-wishes-with-name-and-photo,2026-08-19-diwali,2026-08-19,diwali wishes with name and photo | diwali greeting with name | personalised diwali wishes | diwali 2026 date,
first diwali after marriage,first-diwali-after-marriage,https://subhsandesh.in/blog/first-diwali-after-marriage,2026-08-19-diwali,2026-08-19,first diwali after marriage | pehli diwali after wedding | thalai deepavali | first diwali with in-laws | diwali padwa husband wife,
first diwali away from family,first-diwali-away-from-family,https://subhsandesh.in/blog/first-diwali-away-from-family,2026-08-19-diwali,2026-08-19,first diwali away from family | diwali away from home | diwali 2026 date | celebrating diwali alone | diwali for students abroad,
happy diwali wishes in hindi,happy-diwali-wishes-in-hindi,https://subhsandesh.in/blog/happy-diwali-wishes-in-hindi,2026-08-19-diwali,2026-08-19,happy diwali wishes in hindi | shubh deepavali meaning | diwali wishes hindi for elders | diwali shubhkamnaye hindi | aap tum tu hindi wishes,
what to write in a diwali card,what-to-write-in-a-diwali-card,https://subhsandesh.in/blog/what-to-write-in-a-diwali-card,2026-08-19-diwali,2026-08-19,what to write in a diwali card | diwali card message | diwali card wording | diwali card for colleagues | short diwali message,
celebrate raksha bandhan when siblings in different cities,celebrate-raksha-bandhan-siblings-different-cities,https://subhsandesh.in/blog/celebrate-raksha-bandhan-siblings-different-cities,2026-08-19-rakhi-3,2026-08-19,celebrate raksha bandhan when siblings in different cities | raksha bandhan different cities | rakhi long distance india | raksha bandhan 2026 date | travelling for raksha bandhan,2026-08-13-rakhi
make raksha bandhan card online with name,make-raksha-bandhan-card-online-with-name,https://subhsandesh.in/blog/make-raksha-bandhan-card-online-with-name,2026-08-19-rakhi-3,2026-08-19,make raksha bandhan card online with name | raksha bandhan card maker with name | how to make rakhi card online | rakhi card with name and photo | raksha bandhan card 2026,2026-08-13-rakhi
rakhi quotes one liners for instagram,rakhi-quotes-one-liners-for-instagram,https://subhsandesh.in/blog/rakhi-quotes-one-liners-for-instagram,2026-08-19-rakhi-3,2026-08-19,rakhi quotes one liners for instagram | short raksha bandhan captions | rakhi one liners | raksha bandhan instagram caption short | rakhi quotes in hindi one line,2026-08-13-rakhi
rakhi wishes for brother in the army,rakhi-wishes-for-brother-in-the-army,https://subhsandesh.in/blog/rakhi-wishes-for-brother-in-the-army,2026-08-19-rakhi-3,2026-08-19,rakhi wishes for brother in the army | raksha bandhan message for army brother | rakhi for soldier brother | 56 apo rakhi address | rakhi wishes brother field posting,
raksha bandhan message for step brother or step sister,raksha-bandhan-message-for-step-siblings,https://subhsandesh.in/blog/raksha-bandhan-message-for-step-siblings,2026-08-19-rakhi-3,2026-08-19,raksha bandhan message for step brother or step sister | rakhi message for step sibling | raksha bandhan wishes for step brother | step sister rakhi message | first raksha bandhan blended family,
raksha bandhan wishes for bhaiya bhabhi,raksha-bandhan-wishes-for-bhaiya-bhabhi,https://subhsandesh.in/blog/raksha-bandhan-wishes-for-bhaiya-bhabhi,2026-08-19-rakhi-3,2026-08-19,raksha bandhan wishes for bhaiya bhabhi | rakhi wishes for bhabhi | lumba rakhi for bhabhi | raksha bandhan message for brother and sister-in-law,2026-08-13-rakhi
raksha bandhan wishes for sister from sister,raksha-bandhan-wishes-for-sister-from-sister,https://subhsandesh.in/blog/raksha-bandhan-wishes-for-sister-from-sister,2026-08-19-rakhi-3,2026-08-19,raksha bandhan wishes for sister from sister | sister to sister rakhi | rakhi wishes for sister | raksha bandhan without a brother | rakhi for cousin sister,2026-08-25-raksha-bandhan
raksha bandhan wishes in bengali,raksha-bandhan-wishes-in-bengali,https://subhsandesh.in/blog/raksha-bandhan-wishes-in-bengali,2026-08-19-rakhi-3,2026-08-19,raksha bandhan wishes in bengali | rakhi purnima wishes bengali | shubho rakhi purnima | bengali rakhi message for dada | tumi tui apni register bengali,
what to do on raksha bandhan if you don't have a brother,raksha-bandhan-without-a-brother,https://subhsandesh.in/blog/raksha-bandhan-without-a-brother,2026-08-19-rakhi-3,2026-08-19,what to do on raksha bandhan if you don't have a brother | raksha bandhan without a brother | rakhi without brother | raksha bandhan after brother's death | no sibling raksha bandhan,
write name on happy raksha bandhan photo,write-name-on-happy-raksha-bandhan-photo,https://subhsandesh.in/blog/write-name-on-happy-raksha-bandhan-photo,2026-08-19-rakhi-3,2026-08-19,write name on happy raksha bandhan photo | name on raksha bandhan photo | rakhi photo with name | raksha bandhan photo text | text legibility on photos,2026-08-13-rakhi
25 raksha bandhan wishes for brother who lives far away,25-raksha-bandhan-wishes-for-brother-who-lives-far-away,https://subhsandesh.in/blog/25-raksha-bandhan-wishes-for-brother-who-lives-far-away,2026-08-19-rakhi-4,2026-08-19,25 raksha bandhan wishes for brother who lives far away | rakhi wishes for brother far away | raksha bandhan message for brother abroad | rakhi wishes when to send,2026-08-13-rakhi
happy raksha bandhan wishes with name,happy-raksha-bandhan-wishes-with-name,https://subhsandesh.in/blog/happy-raksha-bandhan-wishes-with-name,2026-08-19-rakhi-4,2026-08-19,happy raksha bandhan wishes with name | raksha bandhan wish with brother name | rakhi message with name | name in raksha bandhan wish | personalised raksha bandhan message,2026-08-13-rakhi | 2026-08-25-raksha-bandhan
long distance rakhi celebration ideas,long-distance-rakhi-celebration-ideas,https://subhsandesh.in/blog/long-distance-rakhi-celebration-ideas,2026-08-19-rakhi-4,2026-08-19,long distance rakhi celebration ideas | raksha bandhan long distance | rakhi without video call | post rakhi abroad lead time | parallel rakhi ritual | raksha bandhan 2026,2026-08-13-rakhi
personalised raksha bandhan card with name and photo,personalised-raksha-bandhan-card-with-name-and-photo,https://subhsandesh.in/blog/personalised-raksha-bandhan-card-with-name-and-photo,2026-08-19-rakhi-4,2026-08-19,personalised raksha bandhan card with name and photo | rakhi card photo resolution | which photo for a rakhi card | childhood photo consent | crop photo for greeting card,2026-08-13-rakhi | 2026-08-25-raksha-bandhan
rakhi 2026 custom photo wishes card maker online,rakhi-2026-custom-photo-wishes-card-maker-online,https://subhsandesh.in/blog/rakhi-2026-custom-photo-wishes-card-maker-online,2026-08-19-rakhi-4,2026-08-19,rakhi 2026 custom photo wishes card maker online | rakhi card maker with photo | raksha bandhan 2026 date | free online rakhi card maker | edit rakhi card after sending,2026-08-13-rakhi
rakhi messages for sister from brother,rakhi-messages-for-sister-from-brother,https://subhsandesh.in/blog/rakhi-messages-for-sister-from-brother,2026-08-19-rakhi-4,2026-08-19,rakhi messages for sister from brother | short rakhi message for sister | raksha bandhan message from brother | what to write to sister on rakhi,2026-08-13-rakhi
rakhi wishes to brother who is far away,rakhi-wishes-to-brother-who-is-far-away,https://subhsandesh.in/blog/rakhi-wishes-to-brother-who-is-far-away,2026-08-19-rakhi-4,2026-08-19,rakhi wishes to brother who is far away | rakhi message for long distance brother | how to make a rakhi wish personal | raksha bandhan 2026,2026-08-13-rakhi
rakhi wishes with brother name and photo edit,rakhi-wishes-with-brother-name-and-photo-edit,https://subhsandesh.in/blog/rakhi-wishes-with-brother-name-and-photo-edit,2026-08-19-rakhi-4,2026-08-19,rakhi wishes with brother name and photo edit | edit rakhi card with brother name | rakhi photo edit with name | editable rakhi card | reuse rakhi design for two brothers,2026-08-13-rakhi
raksha bandhan message for brother in marathi,raksha-bandhan-message-for-brother-in-marathi,https://subhsandesh.in/blog/raksha-bandhan-message-for-brother-in-marathi,2026-08-19-rakhi-4,2026-08-19,raksha bandhan message for brother in marathi | marathi rakhi message for dada | narali purnima 2026 | marathi message for bhau | rakshabandhan shubhechha marathi,2026-08-13-rakhi | 2026-08-25-raksha-bandhan
virtual raksha bandhan celebration ideas,virtual-raksha-bandhan-celebration-ideas,https://subhsandesh.in/blog/virtual-raksha-bandhan-celebration-ideas,2026-08-19-rakhi-4,2026-08-19,virtual raksha bandhan celebration ideas | group video call raksha bandhan | raksha bandhan family video call | rakhi across time zones | online raksha bandhan for extended family,2026-08-13-rakhi
bhai behan shayari raksha bandhan,bhai-behan-shayari-raksha-bandhan,https://subhsandesh.in/blog/bhai-behan-shayari-raksha-bandhan,2026-08-25-rakhi-2027,2026-08-26,bhai behan shayari raksha bandhan | bhai behan shayari | raksha bandhan shayari | do tarfa sher | bhai behan shayari in hindi,2026-08-13-rakhi | 2026-08-25-raksha-bandhan
how raksha bandhan is celebrated,how-raksha-bandhan-is-celebrated,https://subhsandesh.in/blog/how-raksha-bandhan-is-celebrated,2026-08-25-rakhi-2027,2026-08-26,how raksha bandhan is celebrated | raksha bandhan rituals | rakhi thali items | raksha bandhan regional variations | narali poornima | gamha purnima | janai purnima | raksha bandhan 2027,
how raksha bandhan started,how-raksha-bandhan-started,https://subhsandesh.in/blog/how-raksha-bandhan-started,2026-08-25-rakhi-2027,2026-08-25,how raksha bandhan started | raksha bandhan origin | raksha bandhan history | rakhi origin story | rani karnavati humayun rakhi | saluno festival,
personalised raksha bandhan website for sibling,personalised-raksha-bandhan-website-for-sibling,https://subhsandesh.in/blog/personalised-raksha-bandhan-website-for-sibling,2026-08-25-rakhi-2027,2026-08-25,personalised raksha bandhan website for sibling | personalized rakhi website | raksha bandhan page for brother | raksha bandhan page for sister | rakhi surprise link,2026-08-25-raksha-bandhan
rakhi 2026,rakhi-2026,https://subhsandesh.in/blog/rakhi-2026,2026-08-25-rakhi-2027,2026-08-26,rakhi 2026 | rakhi 2026 date | raksha bandhan 2026 date | when is rakhi 2026 | rakhi 2027 date | rakhi delivery cut off,
rakhi 2027 wishes for sister,rakhi-2027-wishes-for-sister,https://subhsandesh.in/blog/rakhi-2027-wishes-for-sister,2026-08-25-rakhi-2027,2026-08-25,rakhi 2027 wishes for sister | raksha bandhan 2027 wishes for sister | rakhi 2027 date | rakhi wishes from brother to sister | raksha bandhan 17 august 2027,
rakhi 2027,rakhi-2027,https://subhsandesh.in/blog/rakhi-2027,2026-08-25-rakhi-2027,2026-08-26,rakhi 2027 | raksha bandhan 2027 date | rakhi 2027 date | is rakhi 2027 a holiday | rakhi 2027 planning,
raksha bandhan 2026,raksha-bandhan-2026,https://subhsandesh.in/blog/raksha-bandhan-2026,2026-08-25-rakhi-2027,2026-08-26,raksha bandhan 2026 | raksha bandhan 2026 date | rakhi muhurat 2026 | raksha bandhan 2026 shubh muhurat | is raksha bandhan on 27 or 28 august | raksha bandhan 2026 bhadra kaal,
raksha bandhan 2027 quotes,raksha-bandhan-2027-quotes,https://subhsandesh.in/blog/raksha-bandhan-2027-quotes,2026-08-25-rakhi-2027,2026-08-25,raksha bandhan 2027 quotes | rakhi quotes 2027 | short raksha bandhan quotes | raksha bandhan captions | rakhi quotes for brother | rakhi quotes for sister,2026-08-25-raksha-bandhan
raksha bandhan 2027 wishes,raksha-bandhan-2027-wishes,https://subhsandesh.in/blog/raksha-bandhan-2027-wishes,2026-08-25-rakhi-2027,2026-08-25,raksha bandhan 2027 wishes | rakhi 2027 wishes | raksha bandhan 2027 date | rakhi wishes for brother 2027 | raksha bandhan whatsapp status 2027,2026-08-25-raksha-bandhan
raksha bandhan business wishes with company logo,raksha-bandhan-business-wishes-with-company-logo,https://subhsandesh.in/blog/raksha-bandhan-business-wishes-with-company-logo,2026-08-25-rakhi-2027,2026-08-26,raksha bandhan business wishes with company logo | corporate raksha bandhan wishes for clients | raksha bandhan wishes for vendors | branded festival greeting logo placement | business rakhi message to clients | corporate rakhi greeting logo size,2026-08-13-rakhi | 2026-08-25-raksha-bandhan
raksha bandhan greetings online free,raksha-bandhan-greetings-online-free,https://subhsandesh.in/blog/raksha-bandhan-greetings-online-free,2026-08-25-rakhi-2027,2026-08-25,raksha bandhan greetings online free | free rakhi greeting cards | raksha bandhan card maker free | rakhi ecard online free | free raksha bandhan wishes online,2026-08-25-raksha-bandhan
raksha bandhan history in hindi,raksha-bandhan-history-in-hindi,https://subhsandesh.in/blog/raksha-bandhan-history-in-hindi,2026-08-25-rakhi-2027,2026-08-25,raksha bandhan history in hindi | रक्षाबंधन का इतिहास | राखी की शुरुआत | रानी कर्णावती हुमायूँ | राखी बंधन 1905,
raksha bandhan letter for brother,raksha-bandhan-letter-for-brother,https://subhsandesh.in/blog/raksha-bandhan-letter-for-brother,2026-08-25-rakhi-2027,2026-08-26,raksha bandhan letter for brother | rakhi letter to brother | how to write a raksha bandhan letter | raksha bandhan letter structure,
raksha bandhan online wishes,raksha-bandhan-online-wishes,https://subhsandesh.in/blog/raksha-bandhan-online-wishes,2026-08-25-rakhi-2027,,raksha bandhan online wishes | online rakhi wishes | raksha bandhan wishes online | rakhi wishes form | send rakhi wishes online,
raksha bandhan quotes without sister,raksha-bandhan-quotes-without-sister,https://subhsandesh.in/blog/raksha-bandhan-quotes-without-sister,2026-08-25-rakhi-2027,2026-08-25,raksha bandhan quotes without sister | rakhi quotes no sister | raksha bandhan without a sister | rakhi caption for someone with no sister | raksha bandhan message for cousin sister,
raksha bandhan reply to brother wishes,raksha-bandhan-reply-to-brother-wishes,https://subhsandesh.in/blog/raksha-bandhan-reply-to-brother-wishes,2026-08-25-rakhi-2027,2026-08-25,raksha bandhan reply to brother wishes | reply to rakhi wishes from brother | thank you reply for rakhi | raksha bandhan reply messages,
raksha bandhan wishes for bhaiya and bhabhi in english,raksha-bandhan-wishes-for-bhaiya-and-bhabhi-in-english,https://subhsandesh.in/blog/raksha-bandhan-wishes-for-bhaiya-and-bhabhi-in-english,2026-08-25-rakhi-2027,2026-08-25,raksha bandhan wishes for bhaiya and bhabhi in english | rakhi wishes for bhaiya bhabhi in english | raksha bandhan message for bhabhi in english | english rakhi wishes for brother and sister-in-law | what is the english word for bhabhi,
raksha bandhan wishes for elder brother,raksha-bandhan-wishes-for-elder-brother,https://subhsandesh.in/blog/raksha-bandhan-wishes-for-elder-brother,2026-08-25-rakhi-2027,2026-08-26,raksha bandhan wishes for elder brother | rakhi wishes for elder brother | raksha bandhan message for bhaiya | rakhi message for elder brother | raksha bandhan 2027 | elder brother rakhi quotes,
raksha bandhan wishes for soldiers,raksha-bandhan-wishes-for-soldiers,https://subhsandesh.in/blog/raksha-bandhan-wishes-for-soldiers,2026-08-25-rakhi-2027,2026-08-25,raksha bandhan wishes for soldiers | rakhi wishes for soldiers | raksha bandhan message for army | rakhi for a soldier you have never met | raksha bandhan letter for soldiers in english | raksha bandhan 2027,
raksha bandhan wishes for younger brother,raksha-bandhan-wishes-for-younger-brother,https://subhsandesh.in/blog/raksha-bandhan-wishes-for-younger-brother,2026-08-25-rakhi-2027,2026-08-25,raksha bandhan wishes for younger brother | rakhi wishes for younger brother | raksha bandhan quotes for younger brother | rakhi message for younger brother | raksha bandhan 2027 date,2026-08-25-raksha-bandhan
raksha bandhan wishes in gujarati,raksha-bandhan-wishes-in-gujarati,https://subhsandesh.in/blog/raksha-bandhan-wishes-in-gujarati,2026-08-25-rakhi-2027,2026-08-25,raksha bandhan wishes in gujarati | rakhi wishes in gujarati | raksha bandhan quotes in gujarati | gujarati rakhi message for brother | raksha bandhan wishes for sister in gujarati | raksha bandhan 2027,2026-08-25-raksha-bandhan
raksha bandhan wishes in hindi,raksha-bandhan-wishes-in-hindi,https://subhsandesh.in/blog/raksha-bandhan-wishes-in-hindi,2026-08-25-rakhi-2027,2026-08-25,raksha bandhan wishes in hindi | happy raksha bandhan wishes in hindi | rakhi wishes in hindi for brother | raksha bandhan shubhkamnaye | raksha bandhan 2027 date,2026-08-25-raksha-bandhan
raksha bandhan wishes in kannada,raksha-bandhan-wishes-in-kannada,https://subhsandesh.in/blog/raksha-bandhan-wishes-in-kannada,2026-08-25-rakhi-2027,2026-08-25,raksha bandhan wishes in kannada | rakhi wishes in kannada | raksha bandhan quotes in kannada | kannada rakhi wishes for brother | raksha bandhan 2027,2026-08-25-raksha-bandhan
raksha bandhan wishes in punjabi,raksha-bandhan-wishes-in-punjabi,https://subhsandesh.in/blog/raksha-bandhan-wishes-in-punjabi,2026-08-25-rakhi-2027,2026-08-25,raksha bandhan wishes in punjabi | rakhri wishes in punjabi | happy rakhi punjabi | punjabi rakhi status | gurmukhi raksha bandhan message | raksha bandhan shayari punjabi,2026-08-25-raksha-bandhan
raksha bandhan wishes in telugu,raksha-bandhan-wishes-in-telugu,https://subhsandesh.in/blog/raksha-bandhan-wishes-in-telugu,2026-08-25-rakhi-2027,2026-08-25,raksha bandhan wishes in telugu | rakhi wishes in telugu | raksha bandhan telugu quotes | happy raksha bandhan telugu | rakhi purnima telugu wishes,2026-08-25-raksha-bandhan
raksha bandhan wishes link,raksha-bandhan-wishes-link,https://subhsandesh.in/blog/raksha-bandhan-wishes-link,2026-08-25-rakhi-2027,2026-08-25,raksha bandhan wishes link | send raksha bandhan wishes link | raksha bandhan link for brother | rakhi wishes link whatsapp | shareable raksha bandhan page,2026-08-25-raksha-bandhan
raksha bandhan wishes maker,raksha-bandhan-wishes-maker,https://subhsandesh.in/blog/raksha-bandhan-wishes-maker,2026-08-25-rakhi-2027,2026-08-25,raksha bandhan wishes maker | rakhi wishes maker | raksha bandhan greeting maker | personalised rakhi greeting | make raksha bandhan wishes online,2026-08-25-raksha-bandhan
raksha bandhan wishes with emoji,raksha-bandhan-wishes-with-emoji,https://subhsandesh.in/blog/raksha-bandhan-wishes-with-emoji,2026-08-25-rakhi-2027,2026-08-26,raksha bandhan wishes with emoji | rakhi emoji | raksha bandhan emoji meaning | rakhi wishes emoji | is there a rakhi emoji,
what to write in raksha bandhan card,what-to-write-in-raksha-bandhan-card,https://subhsandesh.in/blog/what-to-write-in-raksha-bandhan-card,2026-08-25-rakhi-2027,2026-08-25,what to write in raksha bandhan card | raksha bandhan card message | rakhi card wording | raksha bandhan message for estranged sibling | what to write on rakhi,
why raksha bandhan is celebrated,why-raksha-bandhan-is-celebrated,https://subhsandesh.in/blog/why-raksha-bandhan-is-celebrated,2026-08-25-rakhi-2027,2026-08-25,why raksha bandhan is celebrated | what raksha bandhan meaning | why raksha bandhan is celebrated according to hindu mythology | raksha bandhan meaning | raksha bandhan mythology,
why sister tie rakhi to brother,why-sister-ties-rakhi-to-brother,https://subhsandesh.in/blog/why-sister-ties-rakhi-to-brother,2026-08-25-rakhi-2027,2026-08-25,why sister tie rakhi to brother | why do sisters tie rakhi | raksha bandhan meaning | rakhi origin | why rakhi on right wrist,
2 line birthday wishes,2-line-birthday-wishes,https://subhsandesh.in/blog/2-line-birthday-wishes,2026-08-27-birthday-30,2026-08-26,2 line birthday wishes | short birthday wishes | two line birthday message | how long should a birthday wish be | short birthday message ideas,2026-08-26-birthday
50th birthday wishes,50th-birthday-wishes,https://subhsandesh.in/blog/50th-birthday-wishes,2026-08-27-birthday-30,2026-08-27,50th birthday wishes | 50th birthday message | golden jubilee birthday wish | 50th birthday wishes for father | short 50th birthday wishes,2026-08-26-birthday
belated birthday wishes,belated-birthday-wishes,https://subhsandesh.in/blog/belated-birthday-wishes,2026-08-27-birthday-30,2026-08-27,belated birthday wishes | late birthday wishes | belated happy birthday message | sorry for the late birthday wish | belated birthday message for friend,2026-08-26-birthday
birthday captions for myself,birthday-captions-for-myself,https://subhsandesh.in/blog/birthday-captions-for-myself,2026-08-27-birthday-30,2026-08-27,birthday captions for myself | birthday caption for myself instagram | self birthday captions | caption for my own birthday,2026-08-26-birthday
birthday date personality test,birthday-date-personality-test,https://subhsandesh.in/blog/birthday-date-personality-test,2026-08-27-birthday-30,2026-08-27,birthday date personality test | personality test by date of birth | birth number meaning | barnum effect | birthday numerology accuracy,2026-08-26-birthday
birthday decoration ideas at home,birthday-decoration-ideas-at-home,https://subhsandesh.in/blog/birthday-decoration-ideas-at-home,2026-08-27-birthday-30,2026-08-27,birthday decoration ideas at home | simple birthday decoration at home | last minute birthday decoration | birthday decoration at home for parents,2026-08-26-birthday
birthday number meaning numerology,birthday-number-meaning-numerology,https://subhsandesh.in/blog/birthday-number-meaning-numerology,2026-08-27-birthday-30,2026-08-27,birthday number meaning numerology | mulank meaning | birthday number in numerology | which birthday number is lucky | rarest birthday number,2026-08-26-birthday
birthday songs for whatsapp status,birthday-songs-for-whatsapp-status,https://subhsandesh.in/blog/birthday-songs-for-whatsapp-status,2026-08-27-birthday-30,2026-08-27,birthday songs for whatsapp status | birthday song status | whatsapp status song 30 seconds | birthday voice status | birthday music status,2026-08-26-birthday
birthday status for whatsapp,birthday-status-for-whatsapp,https://subhsandesh.in/blog/birthday-status-for-whatsapp,2026-08-27-birthday-30,2026-08-26,birthday status for whatsapp | whatsapp birthday status | short birthday status | birthday status character length | birthday wishes for whatsapp status,2026-08-26-birthday
birthday surprise ideas for wife at home,birthday-surprise-ideas-for-wife-at-home,https://subhsandesh.in/blog/birthday-surprise-ideas-for-wife-at-home,2026-08-27-birthday-30,2026-08-27,birthday surprise ideas for wife at home | how to give birthday surprise | birthday surprise for wife | last minute birthday surprise at home | zero budget birthday surprise,2026-08-26-birthday
birthday wishes for daughter in hindi,birthday-wishes-for-daughter-in-hindi,https://subhsandesh.in/blog/birthday-wishes-for-daughter-in-hindi,2026-08-27-birthday-30,2026-08-27,birthday wishes for daughter in hindi | beti birthday wishes hindi | janamdin ki shubhkamnaye beti | hindi birthday wish for daughter | birthday wishes for beti,2026-08-26-birthday
birthday wishes for mother in law,birthday-wishes-for-mother-in-law,https://subhsandesh.in/blog/birthday-wishes-for-mother-in-law,2026-08-27-birthday-30,2026-08-27,birthday wishes for mother in law | mother-in-law birthday message | saas birthday wish | last minute birthday wishes for mother in law | short birthday message for mother in law,2026-08-26-birthday
birthday wishes for nephew,birthday-wishes-for-nephew,https://subhsandesh.in/blog/birthday-wishes-for-nephew,2026-08-27-birthday-30,2026-08-26,birthday wishes for nephew | bhatija birthday wishes | bhanja birthday wishes | short birthday message for nephew | birthday wishes for nephew from aunt | nephew 18th birthday message,2026-08-26-birthday
birthday wishes for niece,birthday-wishes-for-niece,https://subhsandesh.in/blog/birthday-wishes-for-niece,2026-08-27-birthday-30,2026-08-27,birthday wishes for niece | birthday wishes for niece by age | short birthday message for niece | first birthday wishes for niece | birthday wishes for adult niece,2026-08-26-birthday
birthday wishes for sister in law,birthday-wishes-for-sister-in-law,https://subhsandesh.in/blog/birthday-wishes-for-sister-in-law,2026-08-27-birthday-30,2026-08-27,birthday wishes for sister in law | birthday wishes for nanad | birthday wishes for jethani | birthday wishes for devrani | what to call sister in law,2026-08-26-birthday
birthday wishes for teacher in hindi,birthday-wishes-for-teacher-in-hindi,https://subhsandesh.in/blog/birthday-wishes-for-teacher-in-hindi,2026-08-27-birthday-30,2026-08-27,birthday wishes for teacher in hindi | teacher ko janmadin ki shubhkamnaye | hindi honorific aap tum | guruji sir madam shikshak mahoday | birthday wish for teacher in devanagari,2026-08-26-birthday
birthday wishes for uncle,birthday-wishes-for-uncle,https://subhsandesh.in/blog/birthday-wishes-for-uncle,2026-08-27-birthday-30,2026-08-27,birthday wishes for uncle | birthday wishes for tau ji | birthday wishes for mausa ji | birthday wishes for fufa ji | uncle birthday message in hindi,2026-08-26-birthday
birthday wishes for wife in hindi,birthday-wishes-for-wife-in-hindi,https://subhsandesh.in/blog/birthday-wishes-for-wife-in-hindi,2026-08-27-birthday-30,2026-08-27,birthday wishes for wife in hindi | birthday wishes for boss in hindi | hindi birthday wish for wife | tum vs aap | janmadin mubarak wife | hindi birthday message register,2026-08-26-birthday
birthday wishes for younger sister,birthday-wishes-for-younger-sister,https://subhsandesh.in/blog/birthday-wishes-for-younger-sister,2026-08-27-birthday-30,2026-08-27,birthday wishes for younger sister | choti behen birthday wish | birthday message for younger sister | birthday wishes for sister from elder sibling | younger sister birthday quotes,2026-08-26-birthday
birthday wishes in bengali,birthday-wishes-in-bengali,https://subhsandesh.in/blog/birthday-wishes-in-bengali,2026-08-27-birthday-30,,birthday wishes in bengali | shubho jonmodin | জন্মদিনের শুভেচ্ছা | bengali birthday wishes | happy birthday in bengali,2026-08-26-birthday
birthday wishes in gujarati,birthday-wishes-in-gujarati,https://subhsandesh.in/blog/birthday-wishes-in-gujarati,2026-08-27-birthday-30,2026-08-27,birthday wishes in gujarati | gujarati birthday wishes | janmadivas ni shubhechchha | happy birthday in gujarati | gujarati birthday message,2026-08-26-birthday
birthday wishes in hindi,birthday-wishes-in-hindi,https://subhsandesh.in/blog/birthday-wishes-in-hindi,2026-08-27-birthday-30,2026-08-27,birthday wishes in hindi | janamdin ki hardik shubhkamnaye | birthday quotes in hindi | birthday wishes for brother in hindi | happy birthday in hindi,2026-08-26-birthday
birthday wishes in kannada,birthday-wishes-in-kannada,https://subhsandesh.in/blog/birthday-wishes-in-kannada,2026-08-27-birthday-30,2026-08-27,birthday wishes in kannada | happy birthday in kannada | kannada birthday message | huttuhabbada shubhashayagalu | ottakshara,2026-08-26-birthday
birthday wishes in punjabi,birthday-wishes-in-punjabi,https://subhsandesh.in/blog/birthday-wishes-in-punjabi,2026-08-27-birthday-30,2026-08-27,birthday wishes in punjabi | happy birthday in punjabi | janamdin diyan lakh lakh vadhaiyan | punjabi birthday wishes in gurmukhi | salgira mubarak,2026-08-26-birthday
birthday wishes in tamil,birthday-wishes-in-tamil,https://subhsandesh.in/blog/birthday-wishes-in-tamil,2026-08-27-birthday-30,2026-08-27,birthday wishes in tamil | tamil birthday wishes | piranthanaal vaazhthukkal | happy birthday in tamil | tamil birthday message for father,2026-08-26-birthday
birthday wishes in telugu,birthday-wishes-in-telugu,https://subhsandesh.in/blog/birthday-wishes-in-telugu,2026-08-27-birthday-30,2026-08-26,birthday wishes in telugu | telugu birthday wishes | puttinaroju shubhakankshalu | telugu birthday message | happy birthday in telugu,2026-08-26-birthday
birthday wishes in urdu,birthday-wishes-in-urdu,https://subhsandesh.in/blog/birthday-wishes-in-urdu,2026-08-27-birthday-30,2026-08-27,birthday wishes in urdu | salgirah mubarak | urdu birthday message | nastaliq font urdu | happy birthday in urdu,2026-08-26-birthday
birthday wishes reply in hindi,birthday-wishes-reply-in-hindi,https://subhsandesh.in/blog/birthday-wishes-reply-in-hindi,2026-08-27-birthday-30,2026-08-27,birthday wishes reply in hindi | dhanyavaad vs aabhaar | thank you for birthday wishes in hindi | hindi reply to birthday wishes | shukriya reply hindi,2026-08-26-birthday
thank you for birthday wishes,thank-you-for-birthday-wishes,https://subhsandesh.in/blog/thank-you-for-birthday-wishes,2026-08-27-birthday-30,2026-08-26,thank you for birthday wishes | thank you message for birthday wishes | reply to birthday wishes | birthday thank you reply | short thank you for birthday wishes,2026-08-26-birthday
what to write on a birthday cake,what-to-write-on-a-birthday-cake,https://subhsandesh.in/blog/what-to-write-on-a-birthday-cake,2026-08-27-birthday-30,2026-08-26,what to write on a birthday cake | birthday cake message ideas | birthday cake writing | cake message in hindi | birthday cake wording | short birthday cake messages,2026-08-26-birthday
cute website for gf,cute-website-for-gf,https://subhsandesh.in/blog/cute-website-for-gf,2026-09-01-love-gf,2026-09-01,cute website for gf | love website for girlfriend free | love website for girlfriend template | i love you website for girlfriend free,2026-08-31-love-gf
digital gift ideas for girlfriend,digital-gift-ideas-for-girlfriend,https://subhsandesh.in/blog/digital-gift-ideas-for-girlfriend,2026-09-01-love-gf,2026-09-01,digital gift ideas for girlfriend | best digital gift for girlfriend | digital gift for girlfriend free | virtual gift for girlfriend | online gift for girlfriend india,2026-08-31-love-gf | 2026-09-15-virtual-gift-100
how can i surprise my girlfriend online,how-can-i-surprise-my-girlfriend-online,https://subhsandesh.in/blog/how-can-i-surprise-my-girlfriend-online,2026-09-01-love-gf,2026-09-01,how can i surprise my girlfriend online | surprise for girlfriend online | online surprise for girlfriend | surprise girlfriend online without address | long distance surprise ideas online,2026-08-31-love-gf
how much i love you messages for girlfriend,how-much-i-love-you-messages-for-girlfriend,https://subhsandesh.in/blog/how-much-i-love-you-messages-for-girlfriend,2026-09-01-love-gf,2026-09-01,how much i love you messages for girlfriend | i love you message for her to make her cry | deep love messages for her | love message for girlfriend | specific love messages,2026-08-31-love-gf
love letter for girlfriend in hindi written in english,love-letter-for-girlfriend-in-hindi-written-in-english,https://subhsandesh.in/blog/love-letter-for-girlfriend-in-hindi-written-in-english,2026-09-01-love-gf,2026-09-01,love letter for girlfriend in hindi written in english | hinglish love letter | romanised hindi love letter | hindi love letter in english font | love letter for gf in hinglish,2026-08-31-love-gf
love letter for girlfriend in marathi,love-letter-for-girlfriend-in-marathi,https://subhsandesh.in/blog/love-letter-for-girlfriend-in-marathi,2026-09-01-love-gf,2026-09-01,love letter for girlfriend in marathi | marathi prem patra | marathi love letter | prem patra for girlfriend | romanised marathi love letter | marathi love letter for gf,2026-08-31-love-gf
love letter for girlfriend in telugu,love-letter-for-girlfriend-in-telugu,https://subhsandesh.in/blog/love-letter-for-girlfriend-in-telugu,2026-09-01-love-gf,2026-09-01,love letter for girlfriend in telugu | telugu love letter | prema lekha in telugu | romanised telugu love letter | telugu love letter for long distance,2026-08-31-love-gf
love letter for girlfriend in urdu,love-letter-for-girlfriend-in-urdu,https://subhsandesh.in/blog/love-letter-for-girlfriend-in-urdu,2026-09-01-love-gf,2026-09-01,love letter for girlfriend in urdu | urdu love letter | khat in urdu for girlfriend | roman urdu love letter | nastaliq love letter,2026-08-31-love-gf
love quiz questions for girlfriend,love-quiz-questions-for-girlfriend,https://subhsandesh.in/blog/love-quiz-questions-for-girlfriend,2026-09-01-love-gf,2026-09-01,love quiz questions for girlfriend | love quiz for girlfriend | questions to ask your girlfriend | couple quiz questions | truth or dare questions for girlfriend,2026-08-31-love-gf
love song dedication for her,love-song-dedication-for-her,https://subhsandesh.in/blog/love-song-dedication-for-her,2026-09-01-love-gf,2026-09-01,love song dedication for her | what is a good song to dedicate to your girlfriend | love song dedicated to gf hindi | songs to dedicate to girlfriend | hindi dedication songs,2026-08-31-love-gf
how to write a love letter to your girlfriend,how-to-write-a-love-letter-to-your-girlfriend,https://subhsandesh.in/blog/how-to-write-a-love-letter-to-your-girlfriend,2026-09-01-love-gf-2,2026-09-01,how to write a love letter to your girlfriend | love letter for girlfriend | writing a love letter | romantic letter ideas,
i love you message for her long distance relationship,i-love-you-message-for-her-long-distance-relationship,https://subhsandesh.in/blog/i-love-you-message-for-her-long-distance-relationship,2026-09-01-love-gf-2,2026-09-01,i love you message for her long distance relationship | long distance love messages for her | i love you texts long distance | long distance relationship messages for girlfriend | time zone message for her,2026-08-31-love-gf
long distance relationship surprise ideas on a phone,long-distance-relationship-surprise-ideas-on-a-phone,https://subhsandesh.in/blog/long-distance-relationship-surprise-ideas-on-a-phone,2026-09-01-love-gf-2,2026-09-01,long distance relationship surprise ideas on a phone | long distance relationship surprise website | long distance relationship surprise gifts,2026-08-31-love-gf
love letter for girlfriend birthday,love-letter-for-girlfriend-birthday,https://subhsandesh.in/blog/love-letter-for-girlfriend-birthday,2026-09-01-love-gf-2,2026-09-01,love letter for girlfriend birthday | birthday letter for girlfriend | birthday love letter for her | long distance birthday letter | milestone birthday letter,
love letter for girlfriend in bengali,love-letter-for-girlfriend-in-bengali,https://subhsandesh.in/blog/love-letter-for-girlfriend-in-bengali,2026-09-01-love-gf-2,2026-09-01,love letter for girlfriend in bengali | love letter for girlfriend bangla | bangla premer chithi | bengali love letter | tumi tui bengali pronoun,2026-08-31-love-gf
love letter for girlfriend in gujarati,love-letter-for-girlfriend-in-gujarati,https://subhsandesh.in/blog/love-letter-for-girlfriend-in-gujarati,2026-09-01-love-gf-2,2026-09-01,love letter for girlfriend in gujarati | gujarati love letter | prem patra gujarati | romanised gujarati love letter | gujarati love letter for girlfriend,2026-08-31-love-gf
love letter for girlfriend in kannada,love-letter-for-girlfriend-in-kannada,https://subhsandesh.in/blog/love-letter-for-girlfriend-in-kannada,2026-09-01-love-gf-2,2026-09-01,love letter for girlfriend in kannada | kannada love letter | kannada love letter for girlfriend | romanised kannada love letter | kannada prema patra | ninu or nivu kannada,
love letter for girlfriend in tamil,love-letter-for-girlfriend-in-tamil,https://subhsandesh.in/blog/love-letter-for-girlfriend-in-tamil,2026-09-01-love-gf-2,2026-09-01,love letter for girlfriend in tamil | tamil love letter | spoken tamil love letter | romanised tamil love letter | காதல் கடிதம்,2026-08-31-love-gf
love website for girlfriend without coding,love-website-for-girlfriend-without-coding,https://subhsandesh.in/blog/love-website-for-girlfriend-without-coding,2026-09-01-love-gf-2,2026-09-01,love website for girlfriend without coding | website for girlfriend no code | make a love page for girlfriend | romantic website without coding,2026-08-31-love-gf
truth or dare questions for couples long distance,truth-or-dare-questions-for-couples-long-distance,https://subhsandesh.in/blog/truth-or-dare-questions-for-couples-long-distance,2026-09-01-love-gf-2,2026-09-01,truth or dare questions for couples long distance | truth or dare questions for couples over the phone | long distance truth or dare round | video call games for couples | remote dares for couples,2026-08-31-love-gf
bouquet colour combination,bouquet-colour-combination,https://subhsandesh.in/blog/bouquet-colour-combination,2026-09-02-bouquet,2026-09-02,bouquet colour combination | bouquet color code | how to combine flower colors | how to match flower colors | flower colour combination for bouquet,2026-09-02-bouquet
flowers to propose a girl,flowers-to-propose-a-girl,https://subhsandesh.in/blog/flowers-to-propose-a-girl,2026-09-02-bouquet,2026-09-02,flowers to propose a girl | what flowers to give when proposing | how to propose with flowers | how to propose a girl with rose | which flower to propose,2026-09-02-bouquet
friendship day gift for best friend,friendship-day-gift-for-best-friend,https://subhsandesh.in/blog/friendship-day-gift-for-best-friend,2026-09-02-bouquet,2026-09-02,friendship day gift for best friend | friendship day gift for best friend forever | friendship day gift for best friend girl | friendship day gift for best friend easy | friendship day gift for best friend boy | gifts for friends on friendship day | friendship day best gift for best friend,2026-09-02-bouquet
jasmine flower meaning,jasmine-flower-meaning,https://subhsandesh.in/blog/jasmine-flower-meaning,2026-09-02-bouquet,2026-09-02,jasmine flower meaning | jasmine flower meaning in english | jasmine flower meaning in india | jasmine flower meaning in hindi | jasmine flower symbolism | mogra flower meaning,2026-09-02-bouquet
karwa chauth gift for wife,karwa-chauth-gift-for-wife,https://subhsandesh.in/blog/karwa-chauth-gift-for-wife,2026-09-02-bouquet,2026-09-02,karwa chauth gift for wife | karwa chauth gift for wife online | karwa chauth gift for wife in gold | karwa chauth gift for wife ideas | karwa chauth gift for wife india,2026-09-02-bouquet
propose day gift for girlfriend,propose-day-gift-for-girlfriend,https://subhsandesh.in/blog/propose-day-gift-for-girlfriend,2026-09-02-bouquet,2026-09-02,propose day gift for girlfriend | propose day gift card | propose day gift idea | propose day gift for gf | propose day gift for her | what to give on propose day,2026-09-02-bouquet
rose day gift for girlfriend,rose-day-gift-for-girlfriend,https://subhsandesh.in/blog/rose-day-gift-for-girlfriend,2026-09-02-bouquet,2026-09-02,rose day gift for girlfriend | rose day gift ideas | rose day gift for gf | what to give on rose day | rose day 2027,2026-09-02-bouquet
what to do for friendship day,what-to-do-for-friendship-day,https://subhsandesh.in/blog/what-to-do-for-friendship-day,2026-09-02-bouquet,2026-09-02,what to do for friendship day | friendship day ideas | how to celebrate friendship day | friendship day celebration ideas | friendship day activities | what to do on friendship day with friends,2026-09-02-bouquet
which flower for which occasion,which-flower-for-which-occasion,https://subhsandesh.in/blog/which-flower-for-which-occasion,2026-09-02-bouquet,2026-09-02,which flower for which occasion | which flower for which occasion in india | flowers for different occasions | what flowers to give for what occasion | occasion wise flower guide,2026-09-02-bouquet
women's day flower bouquet,womens-day-flower-bouquet,https://subhsandesh.in/blog/womens-day-flower-bouquet,2026-09-02-bouquet,2026-09-02,women's day flower bouquet | women's day flower delivery | women's day flowers | what is the colour for women's day | womens day flower images | why is there a women's day,2026-09-02-bouquet
christmas gift for girlfriend,christmas-gift-for-girlfriend,https://subhsandesh.in/blog/christmas-gift-for-girlfriend,2026-09-02-bouquet-2,2026-09-02,christmas gift for girlfriend | christmas gift ideas for girlfriend | christmas gift for gf | xmas gift for girlfriend | christmas surprise for girlfriend,
eid gift for wife,eid-gift-for-wife,https://subhsandesh.in/blog/eid-gift-for-wife,2026-09-02-bouquet-2,2026-09-02,eid gift for wife | eid gift ideas for wife | eid gift for her | eidi gift for wife | eid mubarak gift for wife,
flower emoji meaning in chat,flower-emoji-meaning-in-chat,https://subhsandesh.in/blog/flower-emoji-meaning-in-chat,2026-09-02-bouquet-2,2026-09-02,flower emoji meaning in chat | flower emoji meaning whatsapp | flower emoji meaning love | flower emoji meaning instagram | what flower emoji mean | what does the dead flower emoji mean | what are the flower emojis,2026-09-02-bouquet
gerbera flower meaning,gerbera-flower-meaning,https://subhsandesh.in/blog/gerbera-flower-meaning,2026-09-02-bouquet-2,2026-09-02,gerbera flower meaning | gerbera meaning in flower language | what does gerbera symbolize | what do gerberas represent | what is gerbera flower | gerbera daisy meaning,2026-09-02-bouquet
hydrangea meaning in flower language,hydrangea-meaning-in-flower-language,https://subhsandesh.in/blog/hydrangea-meaning-in-flower-language,2026-09-02-bouquet-2,2026-09-02,hydrangea meaning in flower language | what does the hydrangea represent | what do hydrangeas symbolize | hydrangea meaning in english | hydrangea flower meaning | hydrangea colour meaning,2026-09-02-bouquet
marigold flower meaning in hinduism,marigold-flower-meaning-in-hinduism,https://subhsandesh.in/blog/marigold-flower-meaning-in-hinduism,2026-09-02-bouquet-2,2026-09-02,marigold flower meaning in hinduism | what does marigold mean spiritually | marigold flower meaning | what does the marigold flower symbolize | what do marigolds symbolize | marigold flower meaning in english | genda phool meaning,2026-09-02-bouquet
movie night ideas at home with friends,movie-night-ideas-at-home-with-friends,https://subhsandesh.in/blog/movie-night-ideas-at-home-with-friends,2026-09-02-bouquet-2,2026-09-02,movie night ideas at home with friends | movie night ideas at home | movie night at home ideas | movie night ideas for family night | friends movie night ideas | movie marathon ideas,
new year gift for girlfriend,new-year-gift-for-girlfriend,https://subhsandesh.in/blog/new-year-gift-for-girlfriend,2026-09-02-bouquet-2,2026-09-02,new year gift for girlfriend | new year gift ideas for girlfriend | new year gift for gf | happy new year gift for girlfriend | new year surprise for girlfriend,
online bouquet app,online-bouquet-app,https://subhsandesh.in/blog/online-bouquet-app,2026-09-02-bouquet-2,2026-09-02,online bouquet app | bouquet app | digital bouquet app | flower bouquet app online | app to send flowers online | virtual bouquet app,2026-09-02-bouquet
year in review for couples,year-in-review-for-couples,https://subhsandesh.in/blog/year-in-review-for-couples,2026-09-02-bouquet-2,2026-09-03,year in review for couples | year in review couple | year in review with partner | couples year in review questions | year in review relationship | relationship year in review,
20 questions game for couples,20-questions-game-for-couples,https://subhsandesh.in/blog/20-questions-game-for-couples,2026-09-02-love-gf-3,2026-09-02,20 questions game for couples | 20 question love game questions and answers | 20 question game with girlfriend | 20 questions game topics | 20 questions game with answers | 20 questions game how to play | 20 questions game examples | 20 questions game for couples deep | 20 questions game for couples flirty,
anniversary surprise for girlfriend online,anniversary-surprise-for-girlfriend-online,https://subhsandesh.in/blog/anniversary-surprise-for-girlfriend-online,2026-09-02-love-gf-3,2026-09-02,anniversary surprise for girlfriend online | anniversary surprise for gf | online anniversary surprise for girlfriend | anniversary surprise ideas for girlfriend long distance,
how to make your girlfriend feel special online,how-to-make-your-girlfriend-feel-special-online,https://subhsandesh.in/blog/how-to-make-your-girlfriend-feel-special-online,2026-09-02-love-gf-3,2026-09-02,how to make your girlfriend feel special online | how to make your gf feel special online | how to make my girlfriend feel special | how to make a girl feel special online,
love letter for girlfriend in assamese,love-letter-for-girlfriend-in-assamese,https://subhsandesh.in/blog/love-letter-for-girlfriend-in-assamese,2026-09-02-love-gf-3,2026-09-02,love letter for girlfriend in assamese | romantic love letter for girlfriend in assamese | short love letter for girlfriend in assamese | assamese love letter | moi tomak bhalpau,
love letter for girlfriend in malayalam,love-letter-for-girlfriend-in-malayalam,https://subhsandesh.in/blog/love-letter-for-girlfriend-in-malayalam,2026-09-02-love-gf-3,2026-09-02,love letter for girlfriend in malayalam | love letter for girlfriend malayalam text | short love letter in malayalam for girlfriend | best love letter for gf in malayalam | malayalam love letter for girlfriend copy and paste,
love letter for girlfriend in nepali,love-letter-for-girlfriend-in-nepali,https://subhsandesh.in/blog/love-letter-for-girlfriend-in-nepali,2026-09-02-love-gf-3,2026-09-02,love letter for girlfriend in nepali | nepali love words for girlfriend | short love letter for girlfriend in nepali | heart touching love letter for girlfriend in nepali | love quotes in nepali for girlfriend | love message for girlfriend in nepali | nepali love letter for gf | prem patra nepali,
love letter for girlfriend in punjabi,love-letter-for-girlfriend-in-punjabi,https://subhsandesh.in/blog/love-letter-for-girlfriend-in-punjabi,2026-09-02-love-gf-3,2026-09-02,love letter for girlfriend in punjabi | love letter to girlfriend in punjabi language | love letter to girlfriend in punjabi text | love letter for gf in punjabi | love letter for girlfriend in punjabi text | short love letter for girlfriend in punjabi | love letter in punjabi language for girlfriend,
never have i ever questions for couples,never-have-i-ever-questions-for-couples,https://subhsandesh.in/blog/never-have-i-ever-questions-for-couples,2026-09-02-love-gf-3,2026-09-02,never have i ever questions for couples | never have i ever questions for couples game | funny never have i ever questions for couples | best never have i ever questions for couples | good never have i ever questions | never have i ever questions over text | never have i ever questions for new couples | crazy never have i ever questions | fun never have i ever questions | never have i ever questions for married couples,
virtual date night ideas for couples,virtual-date-night-ideas-for-couples,https://subhsandesh.in/blog/virtual-date-night-ideas-for-couples,2026-09-02-love-gf-3,2026-09-02,virtual date night ideas for couples | virtual date night plans | virtual date ideas for valentines | virtual date with gf | what can couples do for date night | online date night ideas for couples | virtual date games ideas | virtual date ideas for long distance relationship,
would you rather questions for couples,would-you-rather-questions-for-couples,https://subhsandesh.in/blog/would-you-rather-questions-for-couples,2026-09-02-love-gf-3,2026-09-02,would you rather questions for couples | would you rather questions for couples flirty | would you rather questions for couples funny | would you rather questions for couples deep | would you rather questions for couples cute | would you rather questions for couples romantic | would you rather questions for couples over text | would you rather questions for couples online,
diwali gift for wife,diwali-gift-for-wife,https://subhsandesh.in/blog/diwali-gift-for-wife,2026-09-03-bouquet-3,2026-09-03,diwali gift for wife | diwali gift for wife except gold | diwali padwa gift for wife | balipratipada ovalani | non-gold diwali gift,2026-09-03-bouquet-3
engagement gift for couple,engagement-gift-for-couple,https://subhsandesh.in/blog/engagement-gift-for-couple,2026-09-03-bouquet-3,2026-09-03,engagement gift for couple | engagement gift ideas for couples | engagement gift ideas | engagement gift for bride | engagement gift for groom | engagement gift ideas for bride | engagement gift for friend | do you send an engagement gift | what is an engagement gift,2026-09-03-bouquet-3
flowers for wife after giving birth,flowers-for-wife-after-giving-birth,https://subhsandesh.in/blog/flowers-for-wife-after-giving-birth,2026-09-03-bouquet-3,2026-09-03,flowers for wife after giving birth | flower for wife after giving birth to baby | gift for wife on delivery day | what to gift your wife after delivery | flowers for new mom,2026-09-03-bouquet-3
flowers for wife on wedding day,flowers-for-wife-on-wedding-day,https://subhsandesh.in/blog/flowers-for-wife-on-wedding-day,2026-09-03-bouquet-3,2026-09-03,flowers for wife on wedding day | bouquet for wedding | which flowers for wedding | wedding day flowers for bride,2026-09-03-bouquet-3
holi gift for girlfriend,holi-gift-for-girlfriend,https://subhsandesh.in/blog/holi-gift-for-girlfriend,2026-09-03-bouquet-3,2026-09-03,holi gift for girlfriend | holi gift to girlfriend | holi special gifts for girlfriend | holi gift for her | holi gift for women | holi gift for girl,2026-09-03-bouquet-3
makar sankranti gift ideas for wife,makar-sankranti-gift-ideas-for-wife,https://subhsandesh.in/blog/makar-sankranti-gift-ideas-for-wife,2026-09-03-bouquet-3,2026-09-03,makar sankranti gift ideas for wife | makar sankranti gift ideas for ladies | makar sankranti gift for husband | makar sankranti gift ideas | makar sankranti gift hamper ideas | makar sankranti gift for ladies,2026-09-03-bouquet-3
navratri gift ideas,navratri-gift-ideas,https://subhsandesh.in/blog/navratri-gift-ideas,2026-09-03-bouquet-3,2026-09-03,navratri gift ideas | navratri gift to wife | navratri gift for her | navratri gift for ladies | navratri gift for women | navratri gift hamper | navratri gift for kanya pujan,2026-09-03-bouquet-3
promotion gift for husband,promotion-gift-for-husband,https://subhsandesh.in/blog/promotion-gift-for-husband,2026-09-03-bouquet-3,2026-09-03,promotion gift for husband | promotion gift ideas | promotion gift for him | promotion gift for her | promotion gift ideas for her | promotion gift for wife | promotion gift for friend | promotion gift card,2026-09-03-bouquet-3
what to gift for my wife,what-to-gift-for-my-wife,https://subhsandesh.in/blog/what-to-gift-for-my-wife,2026-09-03-bouquet-3,2026-09-03,what to gift for my wife | what to gift for wife on her birthday | flowers to wife | what to gift your wife | best gift for wife,2026-09-03-bouquet-3
what to gift for wife on anniversary,what-to-gift-for-wife-on-anniversary,https://subhsandesh.in/blog/what-to-gift-for-wife-on-anniversary,2026-09-03-bouquet-3,2026-09-03,what to gift for wife on anniversary | what to gift your wife on anniversary | anniversary gift for wife | which flowers for anniversary | what flowers for anniversary | bouquet for anniversary | bouquet for wedding anniversary | bouquet for marriage anniversary | anniversary flowers for wife,2026-09-03-bouquet-3
anniversary gift for boyfriend 2 years,anniversary-gift-for-boyfriend-2-years,https://subhsandesh.in/blog/anniversary-gift-for-boyfriend-2-years,2026-09-03-gift-bf,2026-09-03,anniversary gift for boyfriend 2 years | anniversary gift for boyfriend | anniversary gift for boyfriend 4 years | anniversary gift for boyfriend 10 years | anniversary gift for boyfriend of 5 years | two year anniversary gift ideas,2026-09-03-gift-gf-bf
anniversary gift for boyfriend unique,anniversary-gift-for-boyfriend-unique,https://subhsandesh.in/blog/anniversary-gift-for-boyfriend-unique,2026-09-03-gift-bf,2026-09-03,anniversary gift for boyfriend unique | unique anniversary gift for boyfriend | anniversary gift for boyfriend ideas | anniversary gift for boyfriend handmade | romantic gift for boyfriend anniversary,2026-09-03-gift-gf-bf
how to surprise my boyfriend for no reason,how-to-surprise-my-boyfriend-for-no-reason,https://subhsandesh.in/blog/how-to-surprise-my-boyfriend-for-no-reason,2026-09-03-gift-bf,2026-09-03,how to surprise my boyfriend for no reason | how to surprise my boyfriend for no reason quotes | how to surprise my boyfriend for no reason at home | how can i surprise my boyfriend for no reason | unprompted romantic gesture,2026-09-03-gift-gf-bf
how to surprise my boyfriend in long distance relationship,how-to-surprise-my-boyfriend-in-long-distance-relationship,https://subhsandesh.in/blog/how-to-surprise-my-boyfriend-in-long-distance-relationship,2026-09-03-gift-bf,2026-09-03,how to surprise my boyfriend in long distance relationship | how to surprise my boyfriend long distance | how to surprise my gf in long distance relationship | how to surprise my boyfriend for no reason long distance | how to impress my boyfriend in long distance relationship | gift ideas for boyfriend in long distance relationship,2026-09-03-gift-gf-bf
how to surprise my girlfriend with flowers,how-to-surprise-my-girlfriend-with-flowers,https://subhsandesh.in/blog/how-to-surprise-my-girlfriend-with-flowers,2026-09-03-gift-bf,2026-09-03,how to surprise my girlfriend with flowers | surprise flower delivery for girlfriend | flowers surprise ideas | cut flower vase life india | lilies and cats,2026-09-03-gift-gf-bf
how to surprise your boyfriend randomly,how-to-surprise-your-boyfriend-randomly,https://subhsandesh.in/blog/how-to-surprise-your-boyfriend-randomly,2026-09-03-gift-bf,2026-09-03,how to surprise your boyfriend randomly | random surprise ideas for boyfriend | unpredictable surprise for partner | surprise timing ideas,2026-09-03-gift-gf-bf
romantic gift for bf birthday,romantic-gift-for-bf-birthday,https://subhsandesh.in/blog/romantic-gift-for-bf-birthday,2026-09-03-gift-bf,2026-09-03,romantic gift for bf birthday | romantic gift for bf | birthday gift for bf idea | boyfriend birthday surprise | birthday page for partner,2026-09-03-gift-gf-bf
romantic gift ideas for boyfriend,romantic-gift-ideas-for-boyfriend,https://subhsandesh.in/blog/romantic-gift-ideas-for-boyfriend,2026-09-03-gift-bf,2026-09-03,romantic gift ideas for boyfriend | romantic gifts for boyfriend | romantic gift for bf | what are romantic gifts for boyfriend | romantic gift for boyfriend anniversary | gift ideas for boyfriend aesthetic,2026-09-03-gift-gf-bf
romantic gifts for boyfriend long distance,romantic-gifts-for-boyfriend-long-distance,https://subhsandesh.in/blog/romantic-gifts-for-boyfriend-long-distance,2026-09-03-gift-bf,2026-09-03,romantic gifts for boyfriend long distance | romantic gifts for boyfriend | surprise romantic gift for boyfriend long distance | romantic birthday gifts for boyfriend long distance | gift ideas for boyfriend in long distance relationship,2026-09-03-gift-gf-bf
surprise gift for girlfriend on valentine's week,surprise-gift-for-girlfriend-on-valentines-week,https://subhsandesh.in/blog/surprise-gift-for-girlfriend-on-valentines-week,2026-09-03-gift-bf,2026-09-03,surprise gift for girlfriend on valentine's week | surprise gift for girlfriend | what is surprise gift for girlfriend | surprise gift for my girlfriend | how to surprise my girlfriend with a gift,2026-09-03-gift-gf-bf
surprise gifts for girlfriend on valentine's day,surprise-gifts-for-girlfriend-on-valentines-day,https://subhsandesh.in/blog/surprise-gifts-for-girlfriend-on-valentines-day,2026-09-03-gift-bf,2026-09-03,surprise gifts for girlfriend on valentine's day | best surprise gift for girlfriend on valentine's day | how to surprise your girlfriend on valentine's day | how to surprise your girlfriend with gifts | how to surprise your long distance girlfriend on valentine's day,2026-09-03-gift-gf-bf
anniversary gift for boyfriend 1 year,anniversary-gift-for-boyfriend-1-year,https://subhsandesh.in/blog/anniversary-gift-for-boyfriend-1-year,2026-09-03-gift-bf-2,2026-09-04,anniversary gift for boyfriend 1 year | anniversary gift for boyfriend one year | anniversary gifts for boyfriend of 1 year | gift ideas for boyfriend 1 year anniversary | first anniversary gift for boyfriend,2026-09-03-gift-gf-bf
anniversary gift for boyfriend long distance,anniversary-gift-for-boyfriend-long-distance,https://subhsandesh.in/blog/anniversary-gift-for-boyfriend-long-distance,2026-09-03-gift-bf-2,2026-09-04,anniversary gift for boyfriend long distance | gift ideas for boyfriend long distance | gift ideas for boyfriend who is long distance | best gift for boyfriend long distance | long distance anniversary ideas,2026-09-03-gift-gf-bf
gift ideas for boyfriend christmas,gift-ideas-for-boyfriend-christmas,https://subhsandesh.in/blog/gift-ideas-for-boyfriend-christmas,2026-09-03-gift-bf-2,2026-09-04,gift ideas for boyfriend christmas | romantic gift for boyfriend christmas | best gift for boyfriend christmas | gift ideas for boyfriend on christmas | romantic gifts for boyfriend for christmas,2026-09-03-gift-gf-bf
how to surprise my boyfriend on his birthday,how-to-surprise-my-boyfriend-on-his-birthday,https://subhsandesh.in/blog/how-to-surprise-my-boyfriend-on-his-birthday,2026-09-03-gift-bf-2,2026-09-04,how to surprise my boyfriend on his birthday | how to surprise your boyfriend on his birthday online | how to surprise your boyfriend online | surprise romantic gift for boyfriend on his birthday | how to surprise my man on his birthday | how can i give surprise to my boyfriend on his birthday,2026-09-03-gift-gf-bf
how to surprise my boyfriend on our anniversary,how-to-surprise-my-boyfriend-on-our-anniversary,https://subhsandesh.in/blog/how-to-surprise-my-boyfriend-on-our-anniversary,2026-09-03-gift-bf-2,2026-09-04,how to surprise my boyfriend on our anniversary | how to surprise my girlfriend on our anniversary | how to surprise my boyfriend on our 1st anniversary | how to surprise your boyfriend for anniversary | anniversary surprise ideas,2026-09-03-gift-gf-bf
how to surprise my gf on her birthday,how-to-surprise-my-gf-on-her-birthday,https://subhsandesh.in/blog/how-to-surprise-my-gf-on-her-birthday,2026-09-03-gift-bf-2,2026-09-04,how to surprise my gf on her birthday | surprise gift for gf birthday | what to surprise your girlfriend with on her birthday | birthday surprise ideas for girlfriend | birthday page for partner,2026-09-03-gift-gf-bf
how to surprise my girlfriend for no reason,how-to-surprise-my-girlfriend-for-no-reason,https://subhsandesh.in/blog/how-to-surprise-my-girlfriend-for-no-reason,2026-09-03-gift-bf-2,2026-09-04,how to surprise my girlfriend for no reason | how to surprise my girlfriend after work | unprompted romantic gesture | surprise girlfriend on an ordinary day | no occasion surprise ideas,2026-09-03-gift-gf-bf
romantic gift for boyfriend on valentine's day,romantic-gift-for-boyfriend-on-valentines-day,https://subhsandesh.in/blog/romantic-gift-for-boyfriend-on-valentines-day,2026-09-03-gift-bf-2,2026-09-04,romantic gift for boyfriend on valentine's day | gift ideas for boyfriend on valentine's day | romantic gift for boyfriend | best gift for boyfriend on valentine's day,2026-09-03-gift-gf-bf
surprise gift for girlfriend at work,surprise-gift-for-girlfriend-at-work,https://subhsandesh.in/blog/surprise-gift-for-girlfriend-at-work,2026-09-03-gift-bf-2,2026-09-04,surprise gift for girlfriend at work | gift delivered to her office | workplace gift delivery india | hybrid work office attendance,2026-09-03-gift-gf-bf
surprise gift for girlfriend instant,surprise-gift-for-girlfriend-instant,https://subhsandesh.in/blog/surprise-gift-for-girlfriend-instant,2026-09-03-gift-bf-2,2026-09-04,surprise gift for girlfriend instant | surprise gift for girlfriend website | surprise gift for girlfriend link | surprise gift for girlfriend quotes | last minute gift for girlfriend,2026-09-03-gift-gf-bf
ganesh chaturthi 2026,ganesh-chaturthi-2026-date,https://subhsandesh.in/blog/ganesh-chaturthi-2026-date,2026-09-09-ganesh-10,2026-09-08,ganesh chaturthi 2026 | ganesh chaturthi 2026 date | ganesh chaturthi kab hai 2026 | ganesh chaturthi 2026 start and end date | ganesh chaturthi 2026 how many days to go,
ganesh chaturthi decoration ideas,ganesh-chaturthi-decoration-ideas,https://subhsandesh.in/blog/ganesh-chaturthi-decoration-ideas,2026-09-09-ganesh-10,2026-09-09,ganesh chaturthi decoration ideas | ganpati decoration ideas | ganpati decoration ideas at home | ganesh chaturthi rangoli designs | ganesh chaturthi background decoration,
ganesh chaturthi essay,ganesh-chaturthi-essay,https://subhsandesh.in/blog/ganesh-chaturthi-essay,2026-09-09-ganesh-10,2026-09-09,ganesh chaturthi essay | why ganesh chaturthi is celebrated | ganesh chaturthi essay in hindi 200 words | ganesh chaturthi history | why ganesh chaturthi is celebrated for 10 days,2026-09-09-ganesh-chaturthi
ganesh chaturthi images,ganesh-chaturthi-images,https://subhsandesh.in/blog/ganesh-chaturthi-images,2026-09-09-ganesh-10,2026-09-08,ganesh chaturthi images | happy ganesh chaturthi images | ganpati bappa photos | happy ganesh chaturthi images for whatsapp | happy ganesh chaturthi banner | happy ganesh chaturthi poster,2026-09-09-ganesh-chaturthi
ganesh chaturthi quotes in hindi,ganesh-chaturthi-quotes-in-hindi,https://subhsandesh.in/blog/ganesh-chaturthi-quotes-in-hindi,2026-09-09-ganesh-10,2026-09-08,ganesh chaturthi quotes in hindi | ganesh chaturthi quotes hindi | ganpati bappa quotes in hindi | ganesh chaturthi shubhkamnayein | ganesh chaturthi status in hindi | ganesh chaturthi shayari hindi,2026-09-09-ganesh-chaturthi
happy ganesh chaturthi wishes in marathi,ganesh-chaturthi-wishes-in-marathi,https://subhsandesh.in/blog/ganesh-chaturthi-wishes-in-marathi,2026-09-09-ganesh-10,2026-09-08,happy ganesh chaturthi wishes in marathi | ganesh chaturthi quotes in marathi | ganesh chaturthichya hardik shubhechha | ganpati bappa morya meaning | marathi ganesh chaturthi status,2026-09-09-ganesh-chaturthi
ganpati aarti,ganpati-aarti,https://subhsandesh.in/blog/ganpati-aarti,2026-09-09-ganesh-10,2026-09-09,ganpati aarti | ganesh chaturthi songs | ganpati aarti in marathi | ganpati ji ki aarti | sukhkarta dukhharta lyrics | jai ganesh deva aarti | karpur gauram,
ganpati visarjan 2026,ganpati-visarjan-2026,https://subhsandesh.in/blog/ganpati-visarjan-2026,2026-09-09-ganesh-10,2026-09-08,ganpati visarjan 2026 | ganesh chaturthi visarjan date 2026 | why ganpati visarjan is done in water | ganpati visarjan 2026 start and end date | anant chaturdashi 2026,2026-09-09-ganesh-chaturthi
happy ganesh chaturthi status,happy-ganesh-chaturthi-status,https://subhsandesh.in/blog/happy-ganesh-chaturthi-status,2026-09-09-ganesh-10,2026-09-09,happy ganesh chaturthi status | happy ganesh chaturthi whatsapp status | happy ganesh chaturthi for status | happy ganesh chaturthi video status download | happy ganesh chaturthi stickers for whatsapp,2026-09-09-ganesh-chaturthi
happy ganesh chaturthi wishes,happy-ganesh-chaturthi-wishes,https://subhsandesh.in/blog/happy-ganesh-chaturthi-wishes,2026-09-09-ganesh-10,2026-09-08,happy ganesh chaturthi wishes | ganesh chaturthi wishes | happy ganesh chaturthi | ganesh chaturthi quotes | ganesh chaturthi 2026,2026-09-09-ganesh-chaturthi
ganesh chaturthi 2027,ganesh-chaturthi-2027,https://subhsandesh.in/blog/ganesh-chaturthi-2027,2026-09-09-ganesh-10b,2026-09-09,ganesh chaturthi 2027 | ganesh chaturthi 2027 date | ganpati 2027 visarjan date | ganesh chaturthi for next 5 years | ganesh chaturthi 2028 date | adhika masa,
ganesh chaturthi captions for instagram,ganesh-chaturthi-captions-for-instagram,https://subhsandesh.in/blog/ganesh-chaturthi-captions-for-instagram,2026-09-09-ganesh-10b,2026-09-09,ganesh chaturthi captions for instagram | ganesh chaturthi instagram caption | ganpati reel caption | ganesh chaturthi quotes for instagram | ganpati caption,
ganesh chaturthi drawing,ganesh-chaturthi-drawing-for-school,https://subhsandesh.in/blog/ganesh-chaturthi-drawing-for-school,2026-09-09-ganesh-10b,2026-09-09,ganesh chaturthi drawing | ganesh chaturthi poster drawing | ganesh chaturthi drawing easy | ganesh chaturthi craft ideas for kids | ganesh chaturthi drawing for school | ganesha drawing for kids,
ganesh chaturthi story,ganesh-chaturthi-katha-and-story,https://subhsandesh.in/blog/ganesh-chaturthi-katha-and-story,2026-09-09-ganesh-10b,2026-09-09,ganesh chaturthi story | ganesh chaturthi katha | why ganesha has an elephant head | vinayaka vratha katha | ganesh chaturthi story in hindi,
ganesh chaturthi puja vidhi,ganesh-chaturthi-puja-vidhi,https://subhsandesh.in/blog/ganesh-chaturthi-puja-vidhi,2026-09-09-ganesh-10b,2026-09-08,ganesh chaturthi puja vidhi | ganesh sthapana vidhi | ganesh chaturthi puja samagri | pranapratishtha vidhi | ganpati sthapana | shodashopachara,
ganesh chaturthi wishes for clients,ganesh-chaturthi-wishes-for-business,https://subhsandesh.in/blog/ganesh-chaturthi-wishes-for-business,2026-09-09-ganesh-10b,2026-09-09,ganesh chaturthi wishes for clients | corporate ganesh chaturthi message | ganesh chaturthi wishes for employees | ganesh chaturthi wishes for colleagues | ganesh chaturthi wishes for boss | ganesh chaturthi message for business,
ganesh chaturthi wishes in gujarati,ganesh-chaturthi-wishes-in-gujarati,https://subhsandesh.in/blog/ganesh-chaturthi-wishes-in-gujarati,2026-09-09-ganesh-10b,2026-09-09,ganesh chaturthi wishes in gujarati | happy ganesh chaturthi gujarati wishes | ganpati quotes in gujarati | ganesh chaturthi quotes in gujarati | ganesh chaturthi ni hardik shubhechha | gujarati ganpati wishes,
ganesh chaturthi wishes in kannada,ganesh-chaturthi-wishes-in-kannada,https://subhsandesh.in/blog/ganesh-chaturthi-wishes-in-kannada,2026-09-09-ganesh-10b,2026-09-08,ganesh chaturthi wishes in kannada | happy ganesh chaturthi quotes in kannada | happy ganesh chaturthi kannada wishes | ganesh chaturthi in kannada | gowri ganesha habba | kannada ganesh chaturthi shubhashayagalu,
ganesh chaturthi wishes in tamil,ganesh-chaturthi-wishes-in-tamil,https://subhsandesh.in/blog/ganesh-chaturthi-wishes-in-tamil,2026-09-09-ganesh-10b,2026-09-09,ganesh chaturthi wishes in tamil | vinayagar chaturthi wishes | vinayagar chaturthi vazhthukkal | happy ganesh chaturthi quotes in tamil | pillaiyar chaturthi wishes | vinayagar chaturthi 2026,
ganesh chaturthi wishes in telugu,ganesh-chaturthi-wishes-in-telugu,https://subhsandesh.in/blog/ganesh-chaturthi-wishes-in-telugu,2026-09-09-ganesh-10b,2026-09-09,ganesh chaturthi wishes in telugu | happy ganesh chaturthi quotes in telugu | vinayaka chavithi wishes | vinayaka chavithi subhakankshalu | vinayaka chavithi 2026,
happy ganesh chaturthi with name,ganesh-chaturthi-wishes-with-name,https://subhsandesh.in/blog/ganesh-chaturthi-wishes-with-name,2026-09-09-ganesh-10b,2026-09-08,happy ganesh chaturthi with name | ganesh chaturthi wishes with name | happy ganesh chaturthi name style | happy ganesh chaturthi photo editor online | ganesh chaturthi greeting card,2026-09-09-ganesh-chaturthi
ganpati invitation card,ganpati-invitation-card,https://subhsandesh.in/blog/ganpati-invitation-card,2026-09-09-ganesh-10b,2026-09-08,ganpati invitation card | ganesh chaturthi invitation card online | free ganesh chaturthi invitation maker | ganesh chaturthi invitation maker | ganesh chaturthi card maker | ganpati invite template,2026-09-09-ganesh-chaturthi
ganpati mantra,ganpati-mantra-and-stotra,https://subhsandesh.in/blog/ganpati-mantra-and-stotra,2026-09-09-ganesh-10b,2026-09-09,ganpati mantra | ganpati mantra in sanskrit | vakratunda mahakaya | ganesh atharvashirsha | ganesh stotra | om gam ganapataye namaha | ganapati upanishad,
ganpati wallpaper hd,ganpati-wallpaper-hd-4k,https://subhsandesh.in/blog/ganpati-wallpaper-hd-4k,2026-09-09-ganesh-10b,2026-09-09,ganpati wallpaper hd | ganpati 4k hd wallpaper | ganesh chaturthi dp | ganpati bappa wallpaper | ganpati wallpaper for mobile | ganesh chaturthi wallpaper 4k,
lalbaugcha raja,lalbaugcha-raja-mumbai,https://subhsandesh.in/blog/lalbaugcha-raja-mumbai,2026-09-09-ganesh-10b,2026-09-09,lalbaugcha raja | lalbaugcha raja darshan | lalbaugcha raja 2026 | ganesh chaturthi in mumbai | mumbai ganesh pandal,
ganesh chaturthi activities for kids,ganesh-chaturthi-activities-for-kids,https://subhsandesh.in/blog/ganesh-chaturthi-activities-for-kids,2026-09-09-ganesh-10c,2026-09-10,ganesh chaturthi activities for kids | ganesh chaturthi activities for children | ganesh chaturthi games for kids | ganesh chaturthi for toddlers | ganesh chaturthi kids participation | ganesh chaturthi jobs by age,
happy ganesh chaturthi banner,ganesh-chaturthi-banner-and-poster,https://subhsandesh.in/blog/ganesh-chaturthi-banner-and-poster,2026-09-09-ganesh-10c,2026-09-09,happy ganesh chaturthi banner | happy ganesh chaturthi poster | ganesh chaturthi banner size | mandap banner text size | ganesh chaturthi poster dimensions,2026-09-09-ganesh-chaturthi
ganesh chaturthi celebration in office,ganesh-chaturthi-celebration-in-office,https://subhsandesh.in/blog/ganesh-chaturthi-celebration-in-office,2026-09-09-ganesh-10c,2026-09-10,ganesh chaturthi celebration in office | ganesh chaturthi celebration at workplace | office ganpati celebration | ganesh chaturthi office celebration ideas | corporate ganesh chaturthi celebration,
happy ganesh chaturthi good morning wishes,ganesh-chaturthi-good-morning-wishes,https://subhsandesh.in/blog/ganesh-chaturthi-good-morning-wishes,2026-09-09-ganesh-10c,2026-09-10,happy ganesh chaturthi good morning wishes | ganesh chaturthi good morning images | good morning ganpati bappa morya | ganesh chaturthi wishes 14 september 2026,2026-09-09-ganesh-chaturthi
ganesh chaturthi greeting card,ganesh-chaturthi-greeting-card,https://subhsandesh.in/blog/ganesh-chaturthi-greeting-card,2026-09-09-ganesh-10c,2026-09-10,ganesh chaturthi greeting card | happy ganesh chaturthi name style | happy ganesh chaturthi photo editor online | ganesh chaturthi card last date | ganesh chaturthi card price,2026-09-09-ganesh-chaturthi
ganesh chaturthi modak recipe,ganesh-chaturthi-modak-recipe,https://subhsandesh.in/blog/ganesh-chaturthi-modak-recipe,2026-09-09-ganesh-10c,2026-09-10,ganesh chaturthi modak recipe | ukadiche modak | modak dough cracking | steamed vs fried modak | modak for naivedya,
ganesh chaturthi rangoli designs,ganesh-chaturthi-rangoli-designs,https://subhsandesh.in/blog/ganesh-chaturthi-rangoli-designs,2026-09-09-ganesh-10c,2026-09-10,ganesh chaturthi rangoli designs | ganpati rangoli | pulli kolam dots | rangoli in front of mandap | easy ganesh chaturthi rangoli,2026-09-09-ganesh-chaturthi
ganesh chaturthi songs,ganesh-chaturthi-songs-and-bhajans,https://subhsandesh.in/blog/ganesh-chaturthi-songs-and-bhajans,2026-09-09-ganesh-10c,2026-09-09,ganesh chaturthi songs | ganpati bhajan | sukhkarta dukhharta | ganesh chaturthi aarti | ganpati visarjan songs | marathi devotional songs,
happy ganesh chaturthi stickers for whatsapp,ganesh-chaturthi-whatsapp-stickers,https://subhsandesh.in/blog/ganesh-chaturthi-whatsapp-stickers,2026-09-09-ganesh-10c,2026-09-10,happy ganesh chaturthi stickers for whatsapp | ganesh chaturthi whatsapp stickers | happy ganesh chaturthi video status download | whatsapp sticker size 512x512 | ganesh chaturthi sticker pack,2026-09-09-ganesh-chaturthi
ganpati bappa photos,ganpati-bappa-photos,https://subhsandesh.in/blog/ganpati-bappa-photos,2026-09-09-ganesh-10c,2026-09-10,ganpati bappa photos | ganpati bappa photo hd | ganpati bappa dp | ganpati bappa original photo | ganpati bappa murti photo,2026-09-09-ganesh-chaturthi
ganpati decoration ideas at home,ganpati-decoration-ideas-at-home,https://subhsandesh.in/blog/ganpati-decoration-ideas-at-home,2026-09-09-ganesh-10c,2026-09-10,ganpati decoration ideas at home | ganpati decoration ideas | ganpati mandap for small flat | home ganpati decoration cost | ganpati decoration without drilling,2026-09-09-ganesh-chaturthi
ganesh chaturthi ai prompt,ganesh-chaturthi-ai-prompts,https://subhsandesh.in/blog/ganesh-chaturthi-ai-prompts,2026-09-10-ganesh-10d,2026-09-10,ganesh chaturthi ai prompt | ganesh chaturthi chatgpt prompt | ganpati ai prompt | ganesh chaturthi ai photo prompt | ganesh chaturthi logo prompt,
ganesh chaturthi board decoration,ganesh-chaturthi-board-decoration,https://subhsandesh.in/blog/ganesh-chaturthi-board-decoration,2026-09-10-ganesh-10d,2026-09-10,ganesh chaturthi board decoration | ganesh chaturthi notice board decoration | happy ganesh chaturthi board decoration | ganesh chaturthi board decoration ideas | ganesh chaturthi soft board school,
ganesh chaturthi group names,ganesh-chaturthi-group-names,https://subhsandesh.in/blog/ganesh-chaturthi-group-names,2026-09-10-ganesh-10d,2026-09-10,ganesh chaturthi group names | ganpati group name | ganesh chaturthi group name in kannada | whatsapp group name for ganesh chaturthi | ganeshotsav mandal group name,
ganesh chaturthi celebration in bangalore,ganesh-chaturthi-in-bangalore,https://subhsandesh.in/blog/ganesh-chaturthi-in-bangalore,2026-09-10-ganesh-10d,2026-09-10,ganesh chaturthi celebration in bangalore | ganesh chaturthi bangalore | gowri ganesha habba | swarna gauri vrata | ganesha idol immersion bengaluru,
how ganesh chaturthi is celebrated in maharashtra,ganesh-chaturthi-in-maharashtra,https://subhsandesh.in/blog/ganesh-chaturthi-in-maharashtra,2026-09-10-ganesh-10d,2026-09-10,how ganesh chaturthi is celebrated in maharashtra | ganesh chaturthi in maharashtra | ganeshotsav calendar 2026 | jyeshtha gauri 2026 | ganpati visarjan dates 2026,
why ganesh chaturthi is not celebrated in north india,ganesh-chaturthi-in-north-india,https://subhsandesh.in/blog/ganesh-chaturthi-in-north-india,2026-09-10-ganesh-10d,2026-09-10,why ganesh chaturthi is not celebrated in north india | ganesh chaturthi in north india | where ganesh chaturthi is celebrated | hartalika teej 2026 | sarvajanik ganeshotsav,
ganesh chaturthi logo design,ganesh-chaturthi-logo-design,https://subhsandesh.in/blog/ganesh-chaturthi-logo-design,2026-09-10-ganesh-10d,2026-09-10,ganesh chaturthi logo design | ganpati logo design | ganesh chaturthi youth logo design | ganpati group name logo | mandal logo,
ganesh chaturthi speech,ganesh-chaturthi-speech,https://subhsandesh.in/blog/ganesh-chaturthi-speech,2026-09-10-ganesh-10d,2026-09-10,ganesh chaturthi speech | ganesh chaturthi speech in english | 2 minute ganesh chaturthi speech | ganesh chaturthi speech for students | short ganesh chaturthi speech | ganesh chaturthi speech 10 lines,
ganesh chaturthi udyapan vidhi,ganesh-chaturthi-udyapan-vidhi,https://subhsandesh.in/blog/ganesh-chaturthi-udyapan-vidhi,2026-09-10-ganesh-10d,2026-09-10,ganesh chaturthi udyapan vidhi | ganesh chaturthi vrat udyapan | udyapan vs visarjan | ganesha vrata completion | ganesh chaturthi udyapan vidhi in hindi,
happy ganesh chaturthi odia,ganesh-chaturthi-wishes-in-odia,https://subhsandesh.in/blog/ganesh-chaturthi-wishes-in-odia,2026-09-10-ganesh-10d,2026-09-10,happy ganesh chaturthi odia | ganesh chaturthi wishes in odia | happy ganesh puja odia | ganesh puja wishes odia | odia ganesh chaturthi status | ganesh puja shubhechha,
anniversary website for wife,anniversary-website-for-wife,https://subhsandesh.in/blog/anniversary-website-for-wife,2026-09-15-virtual-gift-30,2026-09-15,anniversary website for wife | anniversary website for husband | online anniversary page for wife | anniversary page for wife | wedding anniversary website,
anniversary wish page online,anniversary-wish-page-online,https://subhsandesh.in/blog/anniversary-wish-page-online,2026-09-15-virtual-gift-30,2026-09-15,anniversary wish page online | online anniversary wish page | anniversary wishes page for couple | anniversary wish page for friends,
apology website for boyfriend,apology-website-for-boyfriend,https://subhsandesh.in/blog/apology-website-for-boyfriend,2026-09-15-virtual-gift-30,2026-09-15,apology website for boyfriend | sorry website for boyfriend | online apology page for boyfriend,
best virtual gift for boyfriend,best-virtual-gift-for-boyfriend,https://subhsandesh.in/blog/best-virtual-gift-for-boyfriend,2026-09-15-virtual-gift-30,2026-09-16,best virtual gift for boyfriend | virtual gift ideas for boyfriend | which virtual gift to choose | virtual gift comparison | online gift page for boyfriend,2026-09-04-digital-gift
birthday surprise page for sister,birthday-surprise-page-for-sister,https://subhsandesh.in/blog/birthday-surprise-page-for-sister,2026-09-15-virtual-gift-30,2026-09-16,birthday surprise page for sister | birthday surprise website for sister | online birthday surprise for sister,
birthday website for best friend,birthday-website-for-best-friend,https://subhsandesh.in/blog/birthday-website-for-best-friend,2026-09-15-virtual-gift-30,2026-09-16,birthday website for best friend | birthday page for friend | happy birthday page for friend | birthday website ideas for friends | personalised birthday page,
birthday website for crush,birthday-website-for-crush,https://subhsandesh.in/blog/birthday-website-for-crush,2026-09-15-virtual-gift-30,2026-09-16,birthday website for crush | birthday page for crush | birthday surprise for crush online | what to send a crush on their birthday | birthday website for someone you like,
birthday website for girlfriend,birthday-website-for-girlfriend,https://subhsandesh.in/blog/birthday-website-for-girlfriend,2026-09-15-virtual-gift-30,2026-09-15,birthday website for girlfriend | birthday website for gf | birthday website for girlfriend ideas | romantic birthday website for girlfriend | birthday surprise website for girlfriend,
birthday wish website for friend,birthday-wish-website-for-friend,https://subhsandesh.in/blog/birthday-wish-website-for-friend,2026-09-15-virtual-gift-30,2026-09-15,birthday wish website for friend | birthday wish website for best friend | online birthday wish page for friend,
cute website for boyfriend,cute-website-for-boyfriend,https://subhsandesh.in/blog/cute-website-for-boyfriend,2026-09-15-virtual-gift-30,2026-09-15,cute website for boyfriend | cute websites to send to boyfriend | cute website for bf,
cute website for girlfriend,cute-website-for-girlfriend,https://subhsandesh.in/blog/cute-website-for-girlfriend,2026-09-15-virtual-gift-30,2026-09-15,cute website for girlfriend | cute website for gf | cute website for your girlfriend | cute website for girlfriend birthday,
digital anniversary gift for girlfriend,digital-anniversary-gift-for-girlfriend,https://subhsandesh.in/blog/digital-anniversary-gift-for-girlfriend,2026-09-15-virtual-gift-30,2026-09-15,digital anniversary gift for girlfriend | anniversary page for girlfriend | online anniversary gift | personalised anniversary website,2026-09-15-virtual-gift-100
digital birthday gift for girlfriend,digital-birthday-gift-for-girlfriend,https://subhsandesh.in/blog/digital-birthday-gift-for-girlfriend,2026-09-15-virtual-gift-30,2026-09-15,digital birthday gift for girlfriend | birthday page for girlfriend | online birthday surprise girlfriend | birthday gift link,2026-09-15-virtual-gift-100
digital gift box free,digital-gift-box-free,https://subhsandesh.in/blog/digital-gift-box-free,2026-09-15-virtual-gift-30,2026-09-16,digital gift box free | free digital gift box | virtual gift box | online gift box with message | digital gift box maker | unwrap a gift online,
digital gift for best friend,digital-gift-for-best-friend,https://subhsandesh.in/blog/digital-gift-for-best-friend,2026-09-15-virtual-gift-30,2026-09-16,digital gift for best friend | how to choose a digital gift for a friend | time capsule gift for best friend | digital gift that lasts a year | best friend gift link,
digital gift for boyfriend,digital-gift-for-boyfriend,https://subhsandesh.in/blog/digital-gift-for-boyfriend,2026-09-15-virtual-gift-30,2026-09-15,digital gift for boyfriend | digital gift ideas for boyfriend | e gift for boyfriend | digital gift card india | personalised page for boyfriend,2026-09-04-digital-gift | 2026-09-15-virtual-gift-100
digital gift for couples,digital-gift-for-couples,https://subhsandesh.in/blog/digital-gift-for-couples,2026-09-15-virtual-gift-30,2026-09-15,digital gift for couples | online gift for newly married couple | digital gift ideas for couples | couple gift page | digital gift card difference,
digital gift for girlfriend,digital-gift-for-girlfriend,https://subhsandesh.in/blog/digital-gift-for-girlfriend,2026-09-15-virtual-gift-30,2026-09-15,digital gift for girlfriend | digital gift ideas girlfriend | online gift for girlfriend | personalised page for girlfriend | long distance gift for girlfriend,2026-09-15-virtual-gift-100
digital gift for husband,digital-gift-for-husband,https://subhsandesh.in/blog/digital-gift-for-husband,2026-09-15-virtual-gift-30,2026-09-15,digital gift for husband | digital gift ideas for husband | romantic gift for husband | electronic gift for husband birthday,
digital gift for long distance friend,digital-gift-for-long-distance-friend,https://subhsandesh.in/blog/digital-gift-for-long-distance-friend,2026-09-15-virtual-gift-30,2026-09-16,digital gift for long distance friend | digital gift for a friend who moved away | online gift for a friend in another city | gift for a friend who moved abroad | friendship drifting apart gift,
digital gift for wife birthday online,digital-gift-for-wife-birthday-online,https://subhsandesh.in/blog/digital-gift-for-wife-birthday-online,2026-09-15-virtual-gift-30,2026-09-15,digital gift for wife birthday online | online birthday gift for wife | digital birthday gift for wife | birthday surprise page for wife,2026-09-15-virtual-gift-100
digital gift for wife,digital-gift-for-wife,https://subhsandesh.in/blog/digital-gift-for-wife,2026-09-15-virtual-gift-30,2026-09-15,digital gift for wife | digital gift ideas for wife | best digital gift for wife | romantic gift for wife,
digital gift ideas for best friend,digital-gift-ideas-for-best-friend,https://subhsandesh.in/blog/digital-gift-ideas-for-best-friend,2026-09-15-virtual-gift-30,2026-09-16,digital gift ideas for best friend | digital gift for best friend | online gift ideas for friends | friendship day gift ideas india | funny gift page for friend | virtual gift for friend,
digital gift online free,digital-gift-online-free,https://subhsandesh.in/blog/digital-gift-online-free,2026-09-15-virtual-gift-30,2026-09-16,digital gift online free | free digital gift | online gift maker | digital gift ideas | free online gift website,
gift ideas for girlfriend 1 year anniversary,gift-ideas-for-girlfriend-1-year-anniversary,https://subhsandesh.in/blog/gift-ideas-for-girlfriend-1-year-anniversary,2026-09-15-virtual-gift-30,,gift ideas for girlfriend 1 year anniversary | 1 year anniversary gift for girlfriend online | gift ideas for girlfriend anniversary | first anniversary gift for girlfriend | one year dating anniversary page,2026-09-03-gift-gf-bf
how do i create a digital card,how-to-create-a-digital-card,https://subhsandesh.in/blog/how-to-create-a-digital-card,2026-09-15-virtual-gift-30,2026-09-16,how do i create a digital card | how do i make a digital card | how to make a digital card | digital greeting card | digital invitation card,
how to make a website for your girlfriend,how-to-make-a-website-for-your-girlfriend,https://subhsandesh.in/blog/how-to-make-a-website-for-your-girlfriend,2026-09-15-virtual-gift-30,2026-09-16,how to make a website for your girlfriend | how to make a website for girlfriend | custom website for girlfriend | girlfriend website template | create website for girlfriend,
how to surprise your boyfriend with a romantic night,how-to-surprise-boyfriend-romantic-night,https://subhsandesh.in/blog/how-to-surprise-boyfriend-romantic-night,2026-09-15-virtual-gift-30,2026-09-16,how to surprise your boyfriend with a romantic night | romantic night ideas for boyfriend | surprise date night plan | romantic surprise for boyfriend at home india,
how to surprise girlfriend online,how-to-surprise-girlfriend-online,https://subhsandesh.in/blog/how-to-surprise-girlfriend-online,2026-09-15-virtual-gift-30,2026-09-15,how to surprise girlfriend online | surprise girlfriend online | online surprise for girlfriend | surprise page for girlfriend,2026-09-15-virtual-gift-100
how to surprise husband on anniversary,how-to-surprise-husband-on-anniversary,https://subhsandesh.in/blog/how-to-surprise-husband-on-anniversary,2026-09-15-virtual-gift-30,2026-09-16,how to surprise husband on anniversary | anniversary surprise ideas for husband | how to surprise your husband on wedding anniversary | anniversary ideas for married couples india,
how to surprise husband with pregnancy news,how-to-surprise-husband-with-pregnancy-news,https://subhsandesh.in/blog/how-to-surprise-husband-with-pregnancy-news,2026-09-15-virtual-gift-30,2026-09-16,how to surprise husband with pregnancy news | ways to tell husband you are pregnant | telling husband about pregnancy | pregnancy news for husband | private pregnancy announcement to partner,
how to surprise someone,how-to-surprise-someone,https://subhsandesh.in/blog/how-to-surprise-someone,2026-09-15-virtual-gift-30,2026-09-16,how to surprise someone | how to surprise anyone | how to surprise a person | how to surprise someone online,
how to surprise wife,how-to-surprise-your-wife,https://subhsandesh.in/blog/how-to-surprise-your-wife,2026-09-15-virtual-gift-30,2026-09-16,how to surprise wife | surprise for wife at home | romantic surprise for wife india | surprise wife without occasion,
long distance birthday gift website,long-distance-birthday-gift-website,https://subhsandesh.in/blog/long-distance-birthday-gift-website,2026-09-15-virtual-gift-30,2026-09-16,long distance birthday gift website | long distance birthday surprise | birthday page for long distance relationship | send a birthday gift online long distance | midnight birthday wish across time zones,
long distance relationship date ideas online,long-distance-date-ideas-online,https://subhsandesh.in/blog/long-distance-date-ideas-online,2026-09-15-virtual-gift-30,2026-09-16,long distance relationship date ideas online | online date ideas for long distance couples | virtual date ideas india | long distance date night ideas,
long distance gift for best friend,long-distance-gift-for-best-friend,https://subhsandesh.in/blog/long-distance-gift-for-best-friend,2026-09-15-virtual-gift-30,2026-09-15,long distance gift for best friend | online gift for best friend | what to gift online friend | gift for a friend who moved away,
long distance gift for mom,long-distance-gift-for-mom,https://subhsandesh.in/blog/long-distance-gift-for-mom,2026-09-15-virtual-gift-30,2026-09-16,long distance gift for mom | long distance gift for dad | long distance gift for parents | online gift for mother | digital gift for mom India,
long distance gift ideas no money,long-distance-gift-ideas-no-money,https://subhsandesh.in/blog/long-distance-gift-ideas-no-money,2026-09-15-virtual-gift-30,2026-09-15,long distance gift ideas no money | long distance boyfriend ko kya gift dena chahiye | free long distance gift | zero budget gift for boyfriend | no money gift ideas for long distance relationship,2026-09-15-virtual-gift-100
long distance relationship gift ideas for girlfriend,long-distance-relationship-gift-ideas-for-girlfriend,https://subhsandesh.in/blog/long-distance-relationship-gift-ideas-for-girlfriend,2026-09-15-virtual-gift-30,2026-09-15,long distance relationship gift ideas for girlfriend | long distance relationship gifts for girlfriend | long distance relationship gifts for her | long distance relationship gift for her | long distance gift ideas for girlfriend,
long distance relationship gift quotes,long-distance-relationship-gift-quotes,https://subhsandesh.in/blog/long-distance-relationship-gift-quotes,2026-09-15-virtual-gift-30,2026-09-15,long distance relationship gift quotes | long distance relationship letter ideas | send miss you gifts online | what to write on a long distance gift | long distance quotes for a card,
long distance relationship gifts for him,long-distance-relationship-gifts-for-him,https://subhsandesh.in/blog/long-distance-relationship-gifts-for-him,2026-09-15-virtual-gift-30,2026-09-15,long distance relationship gifts for him | long distance relationship gift for him | long distance gift for him | digital gift for boyfriend far away,
long distance relationship gifts online free,long-distance-relationship-gifts-online-free,https://subhsandesh.in/blog/long-distance-relationship-gifts-online-free,2026-09-15-virtual-gift-30,2026-09-15,long distance relationship gifts online free | long distance relationship gifts online | long distance relationship gift online | long distance gifts website | free gift link for long distance partner,
long distance relationship gifts to stay connected,long-distance-relationship-gifts-to-stay-connected,https://subhsandesh.in/blog/long-distance-relationship-gifts-to-stay-connected,2026-09-15-virtual-gift-30,2026-09-15,long distance relationship gifts to stay connected | long distance relationship gifts | long distance relationship gift ideas | long distance connection gift | stay connected long distance,
long distance relationship interactive gifts,long-distance-relationship-interactive-gifts,https://subhsandesh.in/blog/long-distance-relationship-interactive-gifts,2026-09-15-virtual-gift-30,2026-09-15,long distance relationship interactive gifts | long distance interactive gifts | long distance relationship game ideas,
love letter website for girlfriend,love-letter-website-for-girlfriend,https://subhsandesh.in/blog/love-letter-website-for-girlfriend,2026-09-15-virtual-gift-30,2026-09-15,love letter website for girlfriend | birthday letter for girlfriend website | online gift letter maker | e letter gift ideas,
love website for boyfriend,love-website-for-boyfriend,https://subhsandesh.in/blog/love-website-for-boyfriend,2026-09-15-virtual-gift-30,2026-09-16,love website for boyfriend | love website for boyfriend free | love page for boyfriend | website for boyfriend no occasion | how to create a love website,
online creative gift ideas for girlfriend,online-creative-gift-ideas-for-girlfriend,https://subhsandesh.in/blog/online-creative-gift-ideas-for-girlfriend,2026-09-15-virtual-gift-30,2026-09-15,online creative gift ideas for girlfriend | unique surprise gift for girlfriend | cute online gifts for girlfriend | creative gift ideas for girlfriend | fun surprise gifts for girlfriend,
online gift for boyfriend,online-gift-for-boyfriend,https://subhsandesh.in/blog/online-gift-for-boyfriend,2026-09-15-virtual-gift-30,2026-09-15,online gift for boyfriend | online gift ideas for boyfriend | digital gift for boyfriend | personalised page for boyfriend,2026-09-15-virtual-gift-100
online gift for girlfriend india,online-gift-for-girlfriend-india,https://subhsandesh.in/blog/online-gift-for-girlfriend-india,2026-09-15-virtual-gift-30,2026-09-15,online gift for girlfriend india | online gift for girlfriend in india | personalised gift page india | long distance gift for girlfriend india | send gift link girlfriend india,2026-09-15-virtual-gift-100
online gift for girlfriend on new year,online-gift-for-girlfriend-new-year,https://subhsandesh.in/blog/online-gift-for-girlfriend-new-year,2026-09-15-virtual-gift-30,2026-09-15,online gift for girlfriend on new year | new year gift for girlfriend online | digital new year gift for girlfriend | year in review page for couples,2026-09-15-virtual-gift-100
online gift for girlfriend,online-gift-for-girlfriend,https://subhsandesh.in/blog/online-gift-for-girlfriend,2026-09-15-virtual-gift-30,2026-09-15,online gift for girlfriend | best online gift for girlfriend | digital gift for girlfriend | personalised page for girlfriend | online gift ideas for girlfriend,2026-09-15-virtual-gift-100
online gift for husband anniversary free,online-gift-for-husband-anniversary-free,https://subhsandesh.in/blog/online-gift-for-husband-anniversary-free,2026-09-15-virtual-gift-30,2026-09-15,online gift for husband anniversary free | anniversary gift for husband online | digital anniversary gift husband | wedding anniversary page,2026-09-15-virtual-gift-100
online gift kaise banaye,online-gift-kaise-banaye,https://subhsandesh.in/blog/online-gift-kaise-banaye,2026-09-15-virtual-gift-30,2026-09-15,online gift kaise banaye | online gift kaise banate hain | digital gift kaise banaye | gift page kaise banaye | anniversary gift kaise banaen,
online gift maker for bf,online-gift-maker-for-bf,https://subhsandesh.in/blog/online-gift-maker-for-bf,2026-09-15-virtual-gift-30,2026-09-16,online gift maker for bf | online gift maker for boyfriend | gift maker website for bf | make a gift page for bf online | online gift creator for boyfriend,2026-09-04-digital-gift
online gift maker for gf,online-gift-maker-for-gf,https://subhsandesh.in/blog/online-gift-maker-for-gf,2026-09-15-virtual-gift-30,2026-09-16,online gift maker for gf | online gift maker for girlfriend | gift maker website for girlfriend | make an online gift for gf | digital gift maker for girlfriend,2026-09-04-digital-gift
online gift without address,online-gift-without-address,https://subhsandesh.in/blog/online-gift-without-address,2026-09-15-virtual-gift-30,2026-09-16,online gift without address | send gift without address | gift without knowing address | online gift link india | digital gift without shipping,
online propose day gift for girlfriend,online-propose-day-gift-for-girlfriend,https://subhsandesh.in/blog/online-propose-day-gift-for-girlfriend,2026-09-15-virtual-gift-30,2026-09-15,online propose day gift for girlfriend | propose day gift online | propose day 8 february | digital propose day page | how to propose online india,2026-09-15-virtual-gift-100
online surprise for long distance boyfriend,online-surprise-for-long-distance-boyfriend,https://subhsandesh.in/blog/online-surprise-for-long-distance-boyfriend,2026-09-15-virtual-gift-30,2026-09-16,online surprise for long distance boyfriend | how to surprise long distance boyfriend online | surprise for long distance boyfriend online | long distance boyfriend surprise ideas,
online surprise ideas for boyfriend,online-surprise-ideas-for-boyfriend,https://subhsandesh.in/blog/online-surprise-ideas-for-boyfriend,2026-09-15-virtual-gift-30,2026-09-15,online surprise ideas for boyfriend | online surprise for bf | cute online surprise for boyfriend | online surprise link for boyfriend | how to surprise boyfriend online,2026-09-04-digital-gift
online teddy day gift for girlfriend,online-teddy-day-gift-for-girlfriend,https://subhsandesh.in/blog/online-teddy-day-gift-for-girlfriend,2026-09-15-virtual-gift-30,2026-09-15,online teddy day gift for girlfriend | teddy day 10 february | digital teddy day gift | teddy day long distance,2026-09-15-virtual-gift-100
online valentine gift for girlfriend,online-valentine-gift-for-girlfriend,https://subhsandesh.in/blog/online-valentine-gift-for-girlfriend,2026-09-15-virtual-gift-30,2026-09-15,online valentine gift for girlfriend | valentine gift for girlfriend online | digital valentine gift for girlfriend | valentine page for girlfriend,2026-09-15-virtual-gift-100
romantic gift for husband birthday,romantic-gift-for-husband-birthday,https://subhsandesh.in/blog/romantic-gift-for-husband-birthday,2026-09-15-virtual-gift-30,2026-09-15,romantic gift for husband birthday | romantic gift ideas for husband birthday | online surprise gift for husband birthday | digital birthday gift for husband | what to give birthday gift for husband,
romantic website for girlfriend,romantic-website-for-girlfriend,https://subhsandesh.in/blog/romantic-website-for-girlfriend,2026-09-15-virtual-gift-30,2026-09-15,romantic website for girlfriend | romantic website for gf | love website for girlfriend | love website for gf,
shareable gift link for couples,shareable-gift-link-for-couples,https://subhsandesh.in/blog/shareable-gift-link-for-couples,2026-09-15-virtual-gift-30,2026-09-15,shareable gift link for couples | online gift with photo and music | virtual gift video free | gift link | personalised gift page | private link gift,2026-09-15-virtual-gift-100
surprise gift for girlfriend website,surprise-gift-for-girlfriend-website,https://subhsandesh.in/blog/surprise-gift-for-girlfriend-website,2026-09-15-virtual-gift-30,2026-09-15,surprise gift for girlfriend website | surprise gift for girlfriend link | online gift for girlfriend link | online gift for girlfriend website | gift link for girlfriend | online surprise page for girlfriend | personalised gift website for girlfriend | make a surprise website for girlfriend,2026-09-15-virtual-gift-100
surprise website for girlfriend free,surprise-website-for-girlfriend-free,https://subhsandesh.in/blog/surprise-website-for-girlfriend-free,2026-09-15-virtual-gift-30,2026-09-16,surprise website for girlfriend free | free surprise website for girlfriend | surprise webpage for girlfriend | free surprise link for girlfriend | surprise website for gf,
virtual anniversary gift for boyfriend,virtual-anniversary-gift-for-boyfriend,https://subhsandesh.in/blog/virtual-anniversary-gift-for-boyfriend,2026-09-15-virtual-gift-30,2026-09-15,virtual anniversary gift for boyfriend | virtual gift for boyfriend anniversary | digital anniversary gift for him | anniversary page for boyfriend,2026-09-15-virtual-gift-100
virtual christmas gift for girlfriend,virtual-christmas-gift-for-girlfriend,https://subhsandesh.in/blog/virtual-christmas-gift-for-girlfriend,2026-09-15-virtual-gift-30,2026-09-15,virtual christmas gift for girlfriend | online christmas gift for girlfriend | christmas gift link | digital christmas gift india,2026-09-15-virtual-gift-100
virtual gift for best friend,virtual-gift-for-best-friend,https://subhsandesh.in/blog/virtual-gift-for-best-friend,2026-09-15-virtual-gift-30,2026-09-15,virtual gift for best friend | virtual gift ideas for a friend | long distance friendship gift | gift for a friend who moved away,2026-09-15-virtual-gift-100
virtual gift for bf,virtual-gift-for-bf,https://subhsandesh.in/blog/virtual-gift-for-bf,2026-09-15-virtual-gift-30,2026-09-15,virtual gift for bf | virtual gift for bf free | virtual gifts for bf online | online gift maker for bf | mock challan page | digital gift page for boyfriend,2026-09-15-virtual-gift-100
virtual gift for boyfriend birthday,virtual-gift-for-boyfriend-birthday,https://subhsandesh.in/blog/virtual-gift-for-boyfriend-birthday,2026-09-15-virtual-gift-30,2026-09-15,virtual gift for boyfriend birthday | free virtual gifts for boyfriend birthday | digital birthday gift for boyfriend | online birthday surprise for boyfriend,2026-09-15-virtual-gift-100
virtual gift for boyfriend long distance,virtual-gift-for-long-distance-boyfriend,https://subhsandesh.in/blog/virtual-gift-for-long-distance-boyfriend,2026-09-15-virtual-gift-30,2026-09-15,virtual gift for boyfriend long distance | virtual gifts for long distance boyfriend | virtual gifts for long distance boyfriend free | long distance relationship gift online | digital gift for boyfriend,2026-09-15-virtual-gift-100
virtual gift ideas,virtual-gift-ideas,https://subhsandesh.in/blog/virtual-gift-ideas,2026-09-15-virtual-gift-30,2026-09-15,virtual gift ideas | digital gift ideas | online gift ideas | shareable gift page | virtual gift for partner,2026-09-15-virtual-gift-100
virtual gift link for boyfriend,virtual-gift-link-for-boyfriend,https://subhsandesh.in/blog/virtual-gift-link-for-boyfriend,2026-09-15-virtual-gift-30,2026-09-16,virtual gift link for boyfriend | gift link for boyfriend | send a virtual gift link | virtual gift link preview | online gift link for boyfriend,2026-09-04-digital-gift
virtual gift link free,virtual-gift-link-free,https://subhsandesh.in/blog/virtual-gift-link-free,2026-09-15-virtual-gift-30,2026-09-15,virtual gift link free | virtual gift maker free | virtual gift link generator free | virtual gift maker online free | send free virtual gifts online,2026-09-15-virtual-gift-100
virtual gift website for boyfriend,virtual-gift-website-for-boyfriend,https://subhsandesh.in/blog/virtual-gift-website-for-boyfriend,2026-09-15-virtual-gift-30,2026-09-15,virtual gift website for boyfriend | virtual gift service for boyfriend | online virtual gifts for boyfriend | create online gift page for boyfriend | surprise link for boyfriend | digital surprise for boyfriend online,2026-09-15-virtual-gift-100
virtual gift with music,virtual-gift-with-music,https://subhsandesh.in/blog/virtual-gift-with-music,2026-09-15-virtual-gift-30,2026-09-16,virtual gift with music | send a song as a gift | digital gift with a song | add music to a gift page | gift page autoplay | virtual gift with a track,
virtual hug day gift for boyfriend,virtual-hug-day-gift-for-boyfriend,https://subhsandesh.in/blog/virtual-hug-day-gift-for-boyfriend,2026-09-15-virtual-gift-30,2026-09-15,virtual hug day gift for boyfriend | hug day gift online | 12 february hug day | virtual hug for long distance boyfriend,2026-09-15-virtual-gift-100
virtual rose day gift for girlfriend,virtual-rose-day-gift-for-girlfriend,https://subhsandesh.in/blog/virtual-rose-day-gift-for-girlfriend,2026-09-15-virtual-gift-30,2026-09-15,virtual rose day gift for girlfriend | rose day gift online | digital rose for girlfriend | rose day 7 february | virtual bouquet for rose day,2026-09-15-virtual-gift-100
virtual valentine gift for boyfriend,virtual-valentine-gift-for-boyfriend,https://subhsandesh.in/blog/virtual-valentine-gift-for-boyfriend,2026-09-15-virtual-gift-30,2026-09-15,virtual valentine gift for boyfriend | valentine gift for boyfriend online | digital valentine gift | personalised valentine page,2026-09-15-virtual-gift-100
website to impress girlfriend,website-to-impress-girlfriend,https://subhsandesh.in/blog/website-to-impress-girlfriend,2026-09-15-virtual-gift-30,2026-09-15,website to impress girlfriend | impress girlfriend website | website to impress your girlfriend | impress your girlfriend online,
wedding wish page online,wedding-wish-page-online,https://subhsandesh.in/blog/wedding-wish-page-online,2026-09-15-virtual-gift-30,2026-09-15,wedding wish page online | online wedding wish page | wedding congratulations page online | wedding wish page | digital wedding congratulations,
what can i gift my girlfriend,what-can-i-gift-my-girlfriend,https://subhsandesh.in/blog/what-can-i-gift-my-girlfriend,2026-09-15-virtual-gift-30,2026-09-15,what can i gift my girlfriend | what should i gift my girlfriend | what will be the best gift for girlfriend | what should i give my girlfriend as a gift,2026-09-15-virtual-gift-100
what is a digital gift,what-is-a-digital-gift,https://subhsandesh.in/blog/what-is-a-digital-gift,2026-09-15-virtual-gift-30,2026-09-15,what is a digital gift | digital gift | digital gift website | types of digital gifts | digital gift meaning,
what is a digital invitation,what-is-a-digital-invitation,https://subhsandesh.in/blog/what-is-a-digital-invitation,2026-09-15-virtual-gift-30,2026-09-16,what is a digital invitation | digital invitation meaning | e invite | online wedding invitation | digital invitation vs printed card | hosted invitation page,
what is a virtual gift and how to send one,what-is-a-virtual-gift,https://subhsandesh.in/blog/what-is-a-virtual-gift,2026-09-15-virtual-gift-30,2026-09-15,what is a virtual gift and how to send one | virtual gift | virtual gift meaning | what is a virtual gift | how to send a virtual gift online | virtual gift service,
digital proposal card for girlfriend online free,digital-proposal-card-for-girlfriend-online-free,https://subhsandesh.in/blog/digital-proposal-card-for-girlfriend-online-free,2026-09-17-propose-12,2026-09-16,digital proposal card for girlfriend online free | free proposal card maker | online proposal card | proposal card for girlfriend | free digital card watermark,2026-09-16-propose-100
how to propose a girl online long distance,how-to-propose-a-girl-online-long-distance,https://subhsandesh.in/blog/how-to-propose-a-girl-online-long-distance,2026-09-17-propose-12,2026-09-16,how to propose a girl online long distance | virtual proposal ideas for long distance relationship | long distance proposal | online proposal page | propose day 2027,2026-09-16-propose-100
how to propose girlfriend in chat,how-to-propose-girlfriend-in-chat,https://subhsandesh.in/blog/how-to-propose-girlfriend-in-chat,2026-09-17-propose-12,2026-09-16,how to propose girlfriend in chat | propose ideas for girlfriend in chat | how to propose a girl on whatsapp chat | how to propose girl on chat | how to propose in message,2026-09-16-propose-100
how to propose girlfriend on propose day,how-to-propose-girlfriend-on-propose-day,https://subhsandesh.in/blog/how-to-propose-girlfriend-on-propose-day,2026-09-17-propose-12,2026-09-16,how to propose girlfriend on propose day | propose day 2027 | propose day 8 february 2027 | how to propose long distance | propose day ideas for girlfriend | what time to propose,2026-09-16-propose-100
how to propose online,how-to-propose-online,https://subhsandesh.in/blog/how-to-propose-online,2026-09-17-propose-12,2026-09-16,how to propose online | how to propose girlfriend online | will you be my girlfriend proposal page online | virtual proposal website | online proposal link | propose day 2027,2026-09-16-propose-100
online proposal link,online-proposal-link,https://subhsandesh.in/blog/online-proposal-link,2026-09-17-propose-12,2026-09-17,online proposal link | love proposal website template | will you be my girlfriend proposal page online | virtual proposal website,2026-09-16-propose-100
online proposal maker free for girlfriend,online-proposal-maker-free-for-girlfriend,https://subhsandesh.in/blog/online-proposal-maker-free-for-girlfriend,2026-09-17-propose-12,2026-09-16,online proposal maker free for girlfriend | online love proposal maker | online marriage proposal maker | propose girlfriend website | proposal website for crush | virtual proposal website,2026-09-16-propose-100
proposal website for boyfriend,proposal-website-for-boyfriend,https://subhsandesh.in/blog/proposal-website-for-boyfriend,2026-09-17-propose-12,2026-09-16,proposal website for boyfriend | propose to boyfriend online | woman proposing to man | digital proposal page | propose day 2027,2026-09-16-propose-100
propose day greeting card online free,propose-day-greeting-card-online-free,https://subhsandesh.in/blog/propose-day-greeting-card-online-free,2026-09-17-propose-12,2026-09-16,propose day greeting card online free | propose day card | propose day 2027 | free propose day card online | propose day greeting card with name,2026-09-16-propose-100
propose day wishes with name,propose-day-wishes-with-name,https://subhsandesh.in/blog/propose-day-wishes-with-name,2026-09-17-propose-12,2026-09-16,propose day wishes with name | propose day quotes with name | propose day 2027 | happy propose day wishes | propose day message for girlfriend,2026-09-16-propose-100
virtual proposal card,virtual-proposal-card,https://subhsandesh.in/blog/virtual-proposal-card,2026-09-17-propose-12,2026-09-17,virtual proposal card | online proposal card | digital proposal card for girlfriend online free | propose day greeting card online free | proposal card link,2026-09-16-propose-100
virtual propose day,virtual-propose-day,https://subhsandesh.in/blog/virtual-propose-day,2026-09-17-propose-12,2026-09-16,virtual propose day | how to propose online | propose day wishes with name | propose day quotes with name | propose day 2027 date,2026-09-16-propose-100
can a girl propose to her boyfriend,can-a-girl-propose-to-her-boyfriend,https://subhsandesh.in/blog/can-a-girl-propose-to-her-boyfriend,2026-09-17-propose-30,2026-09-17,can a girl propose to her boyfriend | woman proposing to a man | reverse proposal | girl proposing to boyfriend ideas | propose day 2027,2026-09-16-propose-100
can you propose over text,can-you-propose-over-text,https://subhsandesh.in/blog/can-you-propose-over-text,2026-09-17-propose-30,2026-09-17,can you propose over text | how to propose in message | propose over text message | text message proposal | is it okay to propose over text,2026-09-16-propose-100
how to propose a girl on whatsapp chat,how-to-propose-a-girl-on-whatsapp-chat,https://subhsandesh.in/blog/how-to-propose-a-girl-on-whatsapp-chat,2026-09-17-propose-30,2026-09-17,how to propose a girl on whatsapp chat | propose on whatsapp | whatsapp proposal message | propose day 2027 | whatsapp read receipts proposal,2026-09-16-propose-100
how to propose girl in unique way,how-to-propose-girl-in-unique-way,https://subhsandesh.in/blog/how-to-propose-girl-in-unique-way,2026-09-17-propose-30,2026-09-17,how to propose girl in unique way | how to propose girl in different ways | unique proposal ideas | creative ways to propose to a girl | memorable proposal ideas india,2026-09-16-propose-100
how to propose girlfriend again,how-to-propose-girlfriend-again-after-a-fight,https://subhsandesh.in/blog/how-to-propose-girlfriend-again-after-a-fight,2026-09-17-propose-30,2026-09-17,how to propose girlfriend again | how to propose ex girlfriend again | propose again after a fight | re-propose to girlfriend | asking again after she said no,2026-09-16-propose-100
how to propose girlfriend first time,how-to-propose-girlfriend-first-time,https://subhsandesh.in/blog/how-to-propose-girlfriend-first-time,2026-09-17-propose-30,2026-09-17,how to propose girlfriend first time | first time proposal | proposing for the first time nervous | how to ask a girl out first time | propose day 2027,2026-09-16-propose-100
how to propose girlfriend for marriage,how-to-propose-girlfriend-for-marriage,https://subhsandesh.in/blog/how-to-propose-girlfriend-for-marriage,2026-09-17-propose-30,2026-09-17,how to propose girlfriend for marriage | how to propose girlfriend marriage | marriage proposal india | asking her parents for marriage | roka engagement,2026-09-16-propose-100
how to propose girlfriend in hindi,how-to-propose-girlfriend-in-hindi,https://subhsandesh.in/blog/how-to-propose-girlfriend-in-hindi,2026-09-17-propose-30,2026-09-17,how to propose girlfriend in hindi | propose girlfriend in hindi | hindi proposal lines | izhaar in hindi | tum or aap | propose day hindi,2026-09-16-propose-100
how to propose girlfriend,how-to-propose-girlfriend,https://subhsandesh.in/blog/how-to-propose-girlfriend,2026-09-17-propose-30,2026-09-17,how to propose girlfriend | how to propose a girl | propose day 2027 | will you be my girlfriend | proposal lines for girlfriend,2026-09-16-propose-100
how to propose to a new girlfriend,how-to-propose-to-a-new-girlfriend,https://subhsandesh.in/blog/how-to-propose-to-a-new-girlfriend,2026-09-17-propose-30,2026-09-17,how to propose to a new girlfriend | how to ask your girlfriend to be exclusive | defining the relationship talk | saying i love you first | new relationship proposal ideas,2026-09-16-propose-100
online proposal ideas,online-proposal-ideas,https://subhsandesh.in/blog/online-proposal-ideas,2026-09-17-propose-30,2026-09-17,online proposal ideas | propose online | digital proposal page | video call proposal | proposal ideas over text,2026-09-16-propose-100
proposal ideas for girlfriend at home,proposal-ideas-for-girlfriend-at-home,https://subhsandesh.in/blog/proposal-ideas-for-girlfriend-at-home,2026-09-17-propose-30,2026-09-17,proposal ideas for girlfriend at home | at home proposal ideas india | how to propose at home with family around | romantic proposal at home | private proposal ideas india,2026-09-16-propose-100
proposal website for crush,proposal-website-for-crush,https://subhsandesh.in/blog/proposal-website-for-crush,2026-09-17-propose-30,2026-09-17,proposal website for crush | proposal page for crush | ask crush out online | date invitation page | digital proposal link,2026-09-16-propose-100
propose day 2027,propose-day-2027,https://subhsandesh.in/blog/propose-day-2027,2026-09-17-propose-30,2026-09-17,propose day 2027 | propose day date | valentine week 2027 | when is propose day | propose day 8 february 2027,2026-09-16-propose-100
propose day quotes for girlfriend,propose-day-quotes-for-girlfriend,https://subhsandesh.in/blog/propose-day-quotes-for-girlfriend,2026-09-17-propose-30,2026-09-17,propose day quotes for girlfriend | propose day quotes | propose day 2027 | propose day lines for girlfriend | propose day message for girlfriend,2026-09-16-propose-100
propose day quotes in bengali,propose-day-quotes-in-bengali,https://subhsandesh.in/blog/propose-day-quotes-in-bengali,2026-09-17-propose-30,2026-09-17,propose day quotes in bengali | propose day bengali | propose day 2027 | bengali love quotes | tui tumi apni | propose day quotes bangla,2026-09-16-propose-100
propose day quotes in hindi,propose-day-quotes-in-hindi,https://subhsandesh.in/blog/propose-day-quotes-in-hindi,2026-09-17-propose-30,2026-09-17,propose day quotes in hindi | propose day 2027 date | hindi propose lines | tum vs aap register | propose day shayari hindi,2026-09-16-propose-100
propose day quotes in marathi,propose-day-quotes-in-marathi,https://subhsandesh.in/blog/propose-day-quotes-in-marathi,2026-09-17-propose-30,2026-09-17,propose day quotes in marathi | propose day 2027 marathi | marathi propose lines | propose day marathi quotes with meaning | marathi love quotes for propose day,2026-09-16-propose-100
propose day wishes for boyfriend,propose-day-wishes-for-boyfriend,https://subhsandesh.in/blog/propose-day-wishes-for-boyfriend,2026-09-17-propose-30,2026-09-17,propose day wishes for boyfriend | propose day 2027 | propose day message for boyfriend | propose day wishes girlfriend to boyfriend,2026-09-16-propose-100
propose day wishes for girlfriend bangla,propose-day-wishes-for-girlfriend-bangla,https://subhsandesh.in/blog/propose-day-wishes-for-girlfriend-bangla,2026-09-17-propose-30,2026-09-17,propose day wishes for girlfriend bangla | propose day wishes bangla | propose day 2027 date | bengali propose day message for girlfriend | propose day wishes in bengali,2026-09-16-propose-100
propose day wishes for wife,propose-day-wishes-for-wife,https://subhsandesh.in/blog/propose-day-wishes-for-wife,2026-09-17-propose-30,2026-09-17,propose day wishes for wife | propose day quotes for wife | propose day wishes for husband | propose day 2027 | propose day message for wife,2026-09-16-propose-100
propose day wishes in hindi,propose-day-wishes-in-hindi,https://subhsandesh.in/blog/propose-day-wishes-in-hindi,2026-09-17-propose-30,2026-09-17,propose day wishes in hindi | propose day wishes | happy propose day hindi | propose day 2027 | propose day wishes for wife in hindi | propose day wishes for friend,2026-09-16-propose-100
propose day wishes in marathi,propose-day-wishes-in-marathi,https://subhsandesh.in/blog/propose-day-wishes-in-marathi,2026-09-17-propose-30,2026-09-17,propose day wishes in marathi | propose day 2027 marathi | marathi propose day message | प्रपोज डे शुभेच्छा मराठी | propose day wishes for husband in marathi,2026-09-16-propose-100
propose day wishes with emoji,propose-day-wishes-with-emoji,https://subhsandesh.in/blog/propose-day-wishes-with-emoji,2026-09-17-propose-30,2026-09-17,propose day wishes with emoji | propose day emoji | propose day 2027 | emoji for proposal message | propose day wishes for girlfriend,2026-09-16-propose-100
propose girlfriend shayari,propose-girlfriend-shayari,https://subhsandesh.in/blog/propose-girlfriend-shayari,2026-09-17-propose-30,2026-09-17,propose girlfriend shayari | propose a girl in shayari | propose shayari in hindi | propose day shayari for girlfriend | romantic shayari to propose,2026-09-16-propose-100
propose message for crush,propose-message-for-crush,https://subhsandesh.in/blog/propose-message-for-crush,2026-09-17-propose-30,2026-09-17,propose message for crush | how to tell your crush you like them | message for crush in english | propose lines for crush | what to say to a crush,2026-09-16-propose-100
propose message for girlfriend in english,propose-message-for-girlfriend-in-english,https://subhsandesh.in/blog/propose-message-for-girlfriend-in-english,2026-09-17-propose-30,2026-09-17,propose message for girlfriend in english | english proposal message for girlfriend | indian english love message | proposal lines in english for girlfriend,2026-09-16-propose-100
propose message in hindi,propose-message-in-hindi,https://subhsandesh.in/blog/propose-message-in-hindi,2026-09-17-propose-30,2026-09-17,propose message in hindi | propose message for girl in hindi | love proposal lines in hindi | propose message in hinglish | hindi proposal message,2026-09-16-propose-100
virtual proposal ideas for long distance relationship,virtual-proposal-ideas-for-long-distance-relationship,https://subhsandesh.in/blog/virtual-proposal-ideas-for-long-distance-relationship,2026-09-17-propose-30,2026-09-17,virtual proposal ideas for long distance relationship | long distance proposal | online proposal long distance | propose day 2027 | digital proposal page,2026-09-16-propose-100
will you be my girlfriend proposal page online,will-you-be-my-girlfriend-proposal-page-online,https://subhsandesh.in/blog/will-you-be-my-girlfriend-proposal-page-online,2026-09-17-propose-30,2026-09-17,will you be my girlfriend proposal page online | will you be my girlfriend page | proposal page online | girlfriend proposal website | ask her to be your girlfriend online,2026-09-16-propose-100
how to propose a girl without knowing her,how-to-propose-a-girl-without-knowing-her,https://subhsandesh.in/blog/how-to-propose-a-girl-without-knowing-her,2026-09-23-propose-30b,2026-09-23,how to propose a girl without knowing her | propose to a stranger | how to talk to a girl you don't know | first impressions accuracy | propose day 2027,2026-09-16-propose-100
how to propose ex girlfriend again,how-to-propose-ex-girlfriend-again,https://subhsandesh.in/blog/how-to-propose-ex-girlfriend-again,2026-09-23-propose-30b,2026-09-23,how to propose ex girlfriend again | propose to ex girlfriend | asking an ex to marry you | getting back together after a breakup | should i contact my ex,2026-09-16-propose-100
how to propose girl in marathi,how-to-propose-girl-in-marathi,https://subhsandesh.in/blog/how-to-propose-girl-in-marathi,2026-09-23-propose-30b,2026-09-23,how to propose girl in marathi | propose in marathi | marathi proposal lines | propose day 2027 marathi | marathi propose message,2026-09-16-propose-100
how to propose girlfriend in english,how-to-propose-girlfriend-in-english,https://subhsandesh.in/blog/how-to-propose-girlfriend-in-english,2026-09-23-propose-30b,2026-09-23,how to propose girlfriend in english | propose in english | propose day 2027 | proposing in a second language | what to say when you propose,2026-09-16-propose-100
love proposal website template,love-proposal-website-template,https://subhsandesh.in/blog/love-proposal-website-template,2026-09-23-propose-30b,2026-09-23,love proposal website template | proposal page template | romantic proposal website | proposal website for girlfriend | propose day 2027,2026-09-16-propose-100
online love proposal maker,online-love-proposal-maker,https://subhsandesh.in/blog/online-love-proposal-maker,2026-09-23-propose-30b,2026-09-23,online love proposal maker | love proposal maker | proposal page defaults | online proposal maker india | love proposal page,2026-09-16-propose-100
online marriage proposal maker,online-marriage-proposal-maker,https://subhsandesh.in/blog/online-marriage-proposal-maker,2026-09-23-propose-30b,2026-09-23,online marriage proposal maker | marriage proposal page online | will you marry me page | online proposal maker | digital marriage proposal,2026-09-16-propose-100
online proposal for girlfriend,online-proposal-for-girlfriend,https://subhsandesh.in/blog/online-proposal-for-girlfriend,2026-09-23-propose-30b,2026-09-23,online proposal for girlfriend | online proposal page | propose to girlfriend online | proposal page on phone | will you be my girlfriend page,2026-09-16-propose-100
proposal ideas for girlfriend,proposal-ideas-for-girlfriend,https://subhsandesh.in/blog/proposal-ideas-for-girlfriend,2026-09-23-propose-30b,2026-09-23,proposal ideas for girlfriend | proposal ideas for gf | propose day 2027 | how long to plan a proposal,2026-09-16-propose-100
propose day jokes hindi,propose-day-jokes-in-hindi,https://subhsandesh.in/blog/propose-day-jokes-in-hindi,2026-09-23-propose-30b,2026-09-23,propose day jokes hindi | propose day jokes in hindi | funny propose day lines hindi | propose day shayari funny | hindi jokes propose day,2026-09-16-propose-100
propose day meaning in hindi,propose-day-meaning-in-hindi,https://subhsandesh.in/blog/propose-day-meaning-in-hindi,2026-09-23-propose-30b,2026-09-23,propose day meaning in hindi | propose karna meaning | propose day kya hota hai | propose meaning in hindi | propose day 2027,2026-09-16-propose-100
propose day quotes for boyfriend,propose-day-quotes-for-boyfriend,https://subhsandesh.in/blog/propose-day-quotes-for-boyfriend,2026-09-23-propose-30b,2026-09-23,propose day quotes for boyfriend | propose day quotes | propose day 2027 | quotes for boyfriend propose day | propose day lines for him,2026-09-16-propose-100
propose day quotes for love,propose-day-quotes-for-love,https://subhsandesh.in/blog/propose-day-quotes-for-love,2026-09-23-propose-30b,2026-09-23,propose day quotes for love | propose day wishes for love | love proposal quotes | propose day quotes for my love | propose day lines | propose day 2027,2026-09-16-propose-100
propose day quotes for wife in hindi,propose-day-quotes-for-wife-in-hindi,https://subhsandesh.in/blog/propose-day-quotes-for-wife-in-hindi,2026-09-23-propose-30b,2026-09-23,propose day quotes for wife in hindi | propose day lines for wife | hindi propose day message for wife | aap tum register hindi | propose day 2027,2026-09-16-propose-100
propose day quotes for wife,propose-day-quotes-for-wife,https://subhsandesh.in/blog/propose-day-quotes-for-wife,2026-09-23-propose-30b,2026-09-23,propose day quotes for wife | propose day quotes for married couples | propose day lines for wife | romantic quotes for wife | propose day 2027,2026-09-16-propose-100
propose day quotes hindi english,propose-day-quotes-hindi-english,https://subhsandesh.in/blog/propose-day-quotes-hindi-english,2026-09-23-propose-30b,2026-09-23,propose day quotes hindi english | hinglish propose day lines | code mixed propose day quotes | propose day 2027 | propose day quotes in hinglish,2026-09-16-propose-100
propose day quotes in kannada,propose-day-quotes-in-kannada,https://subhsandesh.in/blog/propose-day-quotes-in-kannada,2026-09-23-propose-30b,2026-09-23,propose day quotes in kannada | kannada propose lines | propose day 2027 | kannada love quotes | neenu neevu register,2026-09-16-propose-100
propose day quotes malayalam,propose-day-quotes-in-malayalam,https://subhsandesh.in/blog/propose-day-quotes-in-malayalam,2026-09-23-propose-30b,2026-09-23,propose day quotes malayalam | propose day quotes in malayalam | malayalam proposal lines | propose day 2027 | malayalam love quotes,2026-09-16-propose-100
propose day quotes telugu,propose-day-quotes-in-telugu,https://subhsandesh.in/blog/propose-day-quotes-in-telugu,2026-09-23-propose-30b,2026-09-23,propose day quotes telugu | propose day quotes in telugu | telugu propose day lines | propose day 2027 | telugu proposal message,2026-09-16-propose-100
propose day quotes,propose-day-quotes,https://subhsandesh.in/blog/propose-day-quotes,2026-09-23-propose-30b,2026-09-23,propose day quotes | propose day 2027 | propose day lines | propose day quotes for girlfriend | will you marry me quotes | propose day messages,2026-09-16-propose-100
propose day wishes for friends,propose-day-wishes-for-friends,https://subhsandesh.in/blog/propose-day-wishes-for-friends,2026-09-23-propose-30b,2026-09-23,propose day wishes for friends | propose day wishes for best friend | propose day messages for friends | propose day 2027,2026-09-16-propose-100
propose day wishes for girlfriend in hindi,propose-day-wishes-for-girlfriend-in-hindi,https://subhsandesh.in/blog/propose-day-wishes-for-girlfriend-in-hindi,2026-09-23-propose-30b,2026-09-23,propose day wishes for girlfriend in hindi | propose day wishes in hindi for girlfriend | propose day 2027 | propose day lines in hindi | happy propose day girlfriend hindi | propose day message hindi,2026-09-16-propose-100
propose day wishes for girlfriend,propose-day-wishes-for-girlfriend,https://subhsandesh.in/blog/propose-day-wishes-for-girlfriend,2026-09-23-propose-30b,2026-09-23,propose day wishes for girlfriend | propose day wishes | propose day 2027 | propose day message for girlfriend | valentine week 2027 | romantic message for girlfriend,2026-09-16-propose-100
propose day wishes for husband,propose-day-wishes-for-husband,https://subhsandesh.in/blog/propose-day-wishes-for-husband,2026-09-23-propose-30b,2026-09-23,propose day wishes for husband | propose day quotes for husband | propose day 2027 | propose day message for husband | funny propose day wishes for husband,2026-09-16-propose-100
propose day wishes,propose-day-wishes,https://subhsandesh.in/blog/propose-day-wishes,2026-09-23-propose-30b,2026-09-23,propose day wishes | propose day 2027 | propose day messages | propose day wishes for friends | what to send on propose day,2026-09-16-propose-100
propose girlfriend in hindi,propose-girlfriend-in-hindi,https://subhsandesh.in/blog/propose-girlfriend-in-hindi,2026-09-23-propose-30b,2026-09-23,propose girlfriend in hindi | propose in hindi | hindi proposal lines | propose day 2027 | tum aap tu register | propose karna meaning,2026-09-16-propose-100
propose girlfriend website,propose-girlfriend-website,https://subhsandesh.in/blog/propose-girlfriend-website,2026-09-23-propose-30b,2026-09-23,propose girlfriend website | propose website for girlfriend | proposal page link | will she open the link | online proposal page,2026-09-16-propose-100
propose message for her,propose-message-for-her,https://subhsandesh.in/blog/propose-message-for-her,2026-09-23-propose-30b,2026-09-23,propose message for her | propose message | how to write a propose message | propose day message for her | proposal message ideas,2026-09-16-propose-100
virtual proposal website,virtual-proposal-website,https://subhsandesh.in/blog/virtual-proposal-website,2026-09-23-propose-30b,2026-09-23,virtual proposal website | virtual proposal | proposing to someone you met online | long distance proposal page | online proposal website,2026-09-16-propose-100
will you be my girlfriend proposal ideas,will-you-be-my-girlfriend-proposal-ideas,https://subhsandesh.in/blog/will-you-be-my-girlfriend-proposal-ideas,2026-09-23-propose-30b,2026-09-23,will you be my girlfriend proposal ideas | how to ask a girl to be your girlfriend | asking someone to be your girlfriend | girlfriend proposal ideas,2026-09-16-propose-100
cute ways to propose to your girlfriend,cute-ways-to-propose-to-your-girlfriend,https://subhsandesh.in/blog/cute-ways-to-propose-to-your-girlfriend,2026-09-24-propose-30c,2026-09-24,cute ways to propose to your girlfriend | fun ways to propose to your girlfriend | cute proposal ideas for girlfriend | small proposal ideas | how to ask a girl to be your girlfriend,
how long should a marriage proposal be,how-long-should-a-marriage-proposal-be,https://subhsandesh.in/blog/how-long-should-a-marriage-proposal-be,2026-09-24-propose-30c,2026-09-24,how long should a marriage proposal be | proposal speech length | how long should a proposal message be | proposal letter length | marriage proposal length,
how to propose a girl without getting rejected,how-to-propose-a-girl-without-getting-rejected,https://subhsandesh.in/blog/how-to-propose-a-girl-without-getting-rejected,2026-09-24-propose-30c,2026-09-24,how to propose a girl without getting rejected | how to propose without rejection | proposing to a girl tips | public vs private proposal | what to do if she says no,
how to propose shy girl,how-to-propose-a-shy-girl,https://subhsandesh.in/blog/how-to-propose-a-shy-girl,2026-09-24-propose-30c,2026-09-24,how to propose shy girl | how to propose a shy girl | proposing to a shy girlfriend | private proposal ideas | shy girl proposal,
propose without saying i love you,how-to-propose-without-saying-i-love-you,https://subhsandesh.in/blog/how-to-propose-without-saying-i-love-you,2026-09-24-propose-30c,2026-09-24,propose without saying i love you | propose a girl without saying i love you | how to propose girl without saying i love you | what to say instead of i love you,
is it propose day today,is-it-propose-day-today,https://subhsandesh.in/blog/is-it-propose-day-today,2026-09-24-propose-30c,2026-09-24,is it propose day today | propose day date | when is propose day | valentine week dates | propose day 8 february,
love proposal in telugu,love-proposal-in-telugu,https://subhsandesh.in/blog/love-proposal-in-telugu,2026-09-24-propose-30c,2026-09-24,love proposal in telugu | telugu proposal lines | how to propose in telugu | telugu love lines | propose a girl in telugu,
love proposal lines in kannada,love-proposal-lines-in-kannada,https://subhsandesh.in/blog/love-proposal-lines-in-kannada,2026-09-24-propose-30c,2026-09-24,love proposal lines in kannada | love proposal quotes in kannada | propose in kannada | kannada love lines | how to propose a girl in kannada,
love proposal short lines,love-proposal-short-lines,https://subhsandesh.in/blog/love-proposal-short-lines,2026-09-24-propose-30c,2026-09-24,love proposal short lines | love proposal quotes short | propose girl short line | short proposal lines | one line proposal message | propose day short lines,
marriage proposal ideas on the beach,marriage-proposal-ideas-on-the-beach,https://subhsandesh.in/blog/marriage-proposal-ideas-on-the-beach,2026-09-24-propose-30c,2026-09-24,marriage proposal ideas on the beach | best proposal ideas on the beach | romantic proposal ideas at the beach | beach proposal india | sunset beach proposal,
marriage proposal meaning in hindi,marriage-proposal-meaning-in-hindi,https://subhsandesh.in/blog/marriage-proposal-meaning-in-hindi,2026-09-24-propose-30c,2026-09-24,marriage proposal meaning in hindi | shadi ka prastav meaning | rishta meaning in hindi | sagai meaning | propose meaning in hindi,
marriage proposal rejection message,marriage-proposal-rejection-message,https://subhsandesh.in/blog/marriage-proposal-rejection-message,2026-09-24-propose-30c,2026-09-24,marriage proposal rejection message | how to reject a marriage proposal | saying no to a rishta | decline a marriage proposal politely | refuse an arranged marriage proposal,
marriage proposal without a ring,marriage-proposal-without-a-ring,https://subhsandesh.in/blog/marriage-proposal-without-a-ring,2026-09-24-propose-30c,2026-09-24,marriage proposal without a ring | propose without a ring | propose without ring box | proposing without a ring india | no ring proposal,
propose day wishes caption,propose-day-captions-for-instagram,https://subhsandesh.in/blog/propose-day-captions-for-instagram,2026-09-24-propose-30c,2026-09-24,propose day wishes caption | propose day captions for instagram | propose day notes for instagram | love proposal captions for instagram | propose captions for instagram,
propose day kab hai,propose-day-kab-hai,https://subhsandesh.in/blog/propose-day-kab-hai,2026-09-24-propose-30c,2026-09-24,propose day kab hai | propose day kab hai 2026 | propose day kab aata hai | propose day kitne tarikh ko hai | propose de kab hai | propose day 2027 date,
propose day quotes for parents,propose-day-quotes-for-parents,https://subhsandesh.in/blog/propose-day-quotes-for-parents,2026-09-24-propose-30c,2026-09-24,propose day quotes for parents | propose day wishes for parents | propose day quotes for mom and dad | propose day 2027 date | valentine week messages for parents,
propose day quotes in gujarati,propose-day-quotes-in-gujarati,https://subhsandesh.in/blog/propose-day-quotes-in-gujarati,2026-09-24-propose-30c,2026-09-24,propose day quotes in gujarati | propose day gujarati | gujarati propose lines | propose day 2027 | gujarati love quotes with english meaning,
propose day quotes in punjabi,propose-day-quotes-in-punjabi,https://subhsandesh.in/blog/propose-day-quotes-in-punjabi,2026-09-24-propose-30c,2026-09-24,propose day quotes in punjabi | propose day wishes in punjabi | punjabi propose day lines | gurmukhi propose lines | propose day message in punjabi,
propose day quotes in tamil,propose-day-quotes-in-tamil,https://subhsandesh.in/blog/propose-day-quotes-in-tamil,2026-09-24-propose-30c,2026-09-24,propose day quotes in tamil | propose day quotes tamil | tamil propose lines | propose day 2027 tamil | propose day wishes in tamil,
propose day wishes assamese,propose-day-wishes-in-assamese,https://subhsandesh.in/blog/propose-day-wishes-in-assamese,2026-09-24-propose-30c,2026-09-24,propose day wishes assamese | propose day wishes in assamese | assamese propose day lines | i love you in assamese | assamese proposal message,
propose day wishes odia,propose-day-wishes-in-odia,https://subhsandesh.in/blog/propose-day-wishes-in-odia,2026-09-24-propose-30c,2026-09-24,propose day wishes odia | propose day wishes in odia | odia propose day message | propose day 2027 odia | odia love lines,
propose day wishes in urdu,propose-day-wishes-in-urdu,https://subhsandesh.in/blog/propose-day-wishes-in-urdu,2026-09-24-propose-30c,2026-09-24,propose day wishes in urdu | propose message in urdu | propose day wishes urdu | urdu propose lines | propose day 2027,
propose day wishes reply,propose-day-wishes-reply,https://subhsandesh.in/blog/propose-day-wishes-reply,2026-09-24-propose-30c,2026-09-24,propose day wishes reply | how to reply to a propose day message | what to reply when someone proposes | propose day reply | how to say no to a proposal politely,
propose message in marathi,propose-message-in-marathi,https://subhsandesh.in/blog/propose-message-in-marathi,2026-09-24-propose-30c,2026-09-24,propose message in marathi | marathi propose message for girlfriend | आपण vs आम्ही | marathi proposal message with transliteration | propose day message in marathi,
propose message to boyfriend,propose-message-to-boyfriend,https://subhsandesh.in/blog/propose-message-to-boyfriend,2026-09-24-propose-30c,2026-09-24,propose message to boyfriend | propose message for boyfriend | how to propose your boyfriend over text | message to propose a boy | propose him first,
propose message to wife,propose-message-to-wife,https://subhsandesh.in/blog/propose-message-to-wife,2026-09-24-propose-30c,2026-09-24,propose message to wife | propose message to my wife | romantic message for wife | re-affirmation message for wife | message to send your wife,
romantic proposal ideas at home with family,romantic-proposal-ideas-at-home-with-family,https://subhsandesh.in/blog/romantic-proposal-ideas-at-home-with-family,2026-09-24-propose-30c,2026-09-24,romantic proposal ideas at home with family | marriage proposal ideas with family | simple marriage proposal ideas with family | proposing at home in front of family,
romantic proposal room decoration,romantic-proposal-room-decoration,https://subhsandesh.in/blog/romantic-proposal-room-decoration,2026-09-24-propose-30c,2026-09-24,romantic proposal room decoration | marriage proposal decoration ideas | love proposal decoration ideas | marriage proposal hotel room decoration | proposal room setup at home,
when to propose a girl to be a girlfriend,when-to-propose-a-girl-to-be-a-girlfriend,https://subhsandesh.in/blog/when-to-propose-a-girl-to-be-a-girlfriend,2026-09-24-propose-30c,2026-09-24,when to propose a girl to be a girlfriend | when to propose to girlfriend | how soon can i propose to my girlfriend | right time to propose a girl | how long before asking her to be your girlfriend,
which day comes after propose day,which-day-comes-after-propose-day,https://subhsandesh.in/blog/which-day-comes-after-propose-day,2026-09-24-propose-30c,2026-09-24,which day comes after propose day | what after propose day | which day after propose day | day after propose day | chocolate day 2027,
