suggestion,words,prefix_hits,relevance,best_rank,source_prefixes
miss you long distance relationship quotes in english,8,15,800,3,miss you long distance | miss you long distance  | miss you long distance e | miss you long distance i | miss you long distance q | miss you long distance r | miss you long distance with | miss you long distance in | how miss you long distance | what miss you long distance | when miss you long distance | why miss you long distance | which miss you long distance | who miss you long distance | is it miss you long distance
miss you long distance relationship quotes in tamil,8,15,600,2,miss you long distance | miss you long distance  | miss you long distance i | miss you long distance q | miss you long distance r | miss you long distance t | miss you long distance with | miss you long distance in | how miss you long distance | what miss you long distance | when miss you long distance | why miss you long distance | which miss you long distance | who miss you long distance | is it miss you long distance
miss you long distance relationship shayari in hindi,8,15,561,4,miss you long distance | miss you long distance  | miss you long distance h | miss you long distance i | miss you long distance r | miss you long distance s | miss you long distance with | miss you long distance in | how miss you long distance | what miss you long distance | when miss you long distance | why miss you long distance | which miss you long distance | who miss you long distance | is it miss you long distance
miss you long distance relationship quotes in hindi,8,15,560,5,miss you long distance | miss you long distance  | miss you long distance h | miss you long distance i | miss you long distance q | miss you long distance r | miss you long distance with | miss you long distance in | how miss you long distance | what miss you long distance | when miss you long distance | why miss you long distance | which miss you long distance | who miss you long distance | is it miss you long distance
miss you long distance relationship quotes,6,14,1250,1,miss you long distance | miss you long distance  | miss you long distance q | miss you long distance r | miss you long distance with | miss you long distance for | miss you long distance in | how miss you long distance | what miss you long distance | when miss you long distance | why miss you long distance | which miss you long distance | who miss you long distance | is it miss you long distance
miss you long distance relationship,5,13,801,2,miss you long distance | miss you long distance  | miss you long distance r | miss you long distance with | miss you long distance for | miss you long distance in | how miss you long distance | what miss you long distance | when miss you long distance | why miss you long distance | which miss you long distance | who miss you long distance | is it miss you long distance
miss you long distance relationship sketch,6,12,562,3,miss you long distance | miss you long distance  | miss you long distance r | miss you long distance s | miss you long distance with | miss you long distance for | miss you long distance in | how miss you long distance | what miss you long distance | why miss you long distance | which miss you long distance | who miss you long distance
what to do when you miss your girlfriend long distance,10,12,551,6,miss you gf b | miss you gf c | miss you gf d | miss you gf g | miss you gf h | miss you gf k | miss you gf l | miss you gf r | miss you gf t | miss you gf v | miss you gf w | can i miss you gf
miss you long distance relationship quotes in tamil for him,10,11,561,4,miss you long distance | miss you long distance  | miss you long distance i | miss you long distance q | miss you long distance r | miss you long distance t | how miss you long distance | what miss you long distance | why miss you long distance | which miss you long distance | who miss you long distance
miss you gifts for boyfriend,5,11,560,3,miss you ideas | miss you ideas  | miss you ideas a | miss you ideas b | miss you ideas f | miss you ideas y | miss you ideas for | miss you ideas in | miss you boyfriend f | miss you boyfriend g | miss you boyfriend for
miss you long distance relationship shayari in english,8,10,600,2,miss you long distance | miss you long distance e | miss you long distance i | miss you long distance r | miss you long distance s | miss you long distance in | what miss you long distance | why miss you long distance | which miss you long distance | who miss you long distance
miss you appa quotes in kannada,6,9,1254,1,miss you | miss you  | miss you a | miss you app | miss you message a | miss you message app | miss you quotes a | miss you quotes app | missing you app
miss you long distance friendship quotes,6,9,1250,1,miss you long distance | miss you long distance  | miss you long distance f | miss you long distance q | how miss you long distance | what miss you long distance | why miss you long distance | which miss you long distance | who miss you long distance
miss you long distance love quotes,6,9,601,1,miss you long distance | miss you long distance  | miss you long distance l | miss you long distance q | how miss you long distance | what miss you long distance | why miss you long distance | which miss you long distance | who miss you long distance
miss you long distance shayari,5,9,601,1,miss you long distance | miss you long distance  | miss you long distance s | how miss you long distance | what miss you long distance | when miss you long distance | why miss you long distance | which miss you long distance | who miss you long distance
what to do when you miss your girlfriend,8,9,600,2,miss you gf b | miss you gf c | miss you gf k | miss you gf n | miss you gf t | miss you gf w | miss you gf y | when miss you gf | can i miss you gf
miss you quotes in kannada,5,8,1251,1,miss you q | miss you message i | miss you message in | miss you quotes | miss you quotes  | miss you quotes i | miss you quotes with | miss you quotes in
miss you quotes in english,5,8,1250,2,miss you q | miss you message i | miss you message in | miss you quotes | miss you quotes  | miss you quotes i | miss you quotes with | miss you quotes in
miss you quotes in hindi,5,8,1150,3,miss you q | miss you message i | miss you message in | miss you quotes | miss you quotes  | miss you quotes i | miss you quotes with | miss you quotes in
miss you gf captions for instagram,6,8,601,2,miss you gf | miss you gf  | miss you gf c | miss you gf f | miss you gf i | miss you gf with | miss you gf for | miss you gf in
miss you gifts for husband,5,8,601,1,miss you ideas | miss you ideas  | miss you ideas a | miss you ideas f | miss you ideas h | miss you ideas y | miss you ideas for | miss you ideas in
miss you gifts for kids,5,8,601,1,miss you ideas | miss you ideas  | miss you ideas a | miss you ideas f | miss you ideas k | miss you ideas y | miss you ideas for | miss you ideas in
miss you gifts for wife,5,8,601,1,miss you ideas | miss you ideas  | miss you ideas a | miss you ideas f | miss you ideas w | miss you ideas y | miss you ideas for | miss you ideas in
miss you long distance quotes,5,8,601,1,miss you long distance | miss you long distance  | miss you long distance q | how miss you long distance | what miss you long distance | why miss you long distance | which miss you long distance | who miss you long distance
miss you gifts for colleagues,5,8,600,2,miss you ideas | miss you ideas  | miss you ideas a | miss you ideas c | miss you ideas f | miss you ideas y | miss you ideas for | miss you ideas in
miss you gifts for girlfriend,5,8,600,2,miss you ideas | miss you ideas  | miss you ideas a | miss you ideas f | miss you ideas g | miss you ideas y | miss you ideas for | miss you ideas in
miss you gifts for men,5,8,600,2,miss you ideas | miss you ideas  | miss you ideas a | miss you ideas f | miss you ideas m | miss you ideas y | miss you ideas for | miss you ideas in
miss you gifts for best friend,6,8,560,5,miss you ideas | miss you ideas  | miss you ideas a | miss you ideas b | miss you ideas y | miss you ideas best | miss you ideas for | miss you ideas in
miss you long distance,4,8,560,5,miss you long distance  | how miss you long distance | what miss you long distance | when miss you long distance | why miss you long distance | which miss you long distance | who miss you long distance | is it miss you long distance
miss you appa quotes in english,6,7,1252,3,miss you a | miss you app | miss you message a | miss you message app | miss you quotes a | miss you quotes app | missing you app
miss you gf quotes in english,6,7,1250,3,miss you gf | miss you gf  | miss you gf e | miss you gf i | miss you gf q | miss you gf with | miss you gf in
miss you quotes for best friend,6,7,1150,2,miss you q | miss you quotes | miss you quotes  | miss you quotes f | miss you quotes with | miss you quotes for | miss you ideas best
miss you gf shayari in hindi,6,7,900,2,miss you gf | miss you gf  | miss you gf h | miss you gf i | miss you gf s | miss you gf with | miss you gf in
miss you boyfriend captions for instagram,6,7,601,4,miss you boyfriend | miss you boyfriend  | miss you boyfriend c | miss you boyfriend f | miss you boyfriend i | miss you boyfriend with | miss you boyfriend for
miss you gf quotes in hindi,6,7,601,3,miss you gf | miss you gf  | miss you gf h | miss you gf i | miss you gf q | miss you gf with | miss you gf in
miss you long distance relationship quotes for husband,8,7,601,4,miss you long distance | miss you long distance  | miss you long distance f | miss you long distance h | miss you long distance q | miss you long distance r | miss you long distance for
miss you messages for gf,5,7,601,1,miss you message g | miss you gf | miss you gf  | miss you gf f | miss you gf m | miss you gf t | miss you gf for
miss you story ideas for instagram,6,7,601,1,miss you ideas a | miss you ideas f | miss you ideas i | miss you ideas s | miss you ideas with | miss you ideas for | miss you ideas in
missing you boyfriend in jail quotes,6,7,601,1,miss you boyfriend | miss you boyfriend  | miss you boyfriend i | miss you boyfriend j | miss you boyfriend with | miss you boyfriend for | miss you boyfriend in
miss you boyfriend quotes in marathi,6,7,600,3,miss you boyfriend | miss you boyfriend  | miss you boyfriend i | miss you boyfriend m | miss you boyfriend q | miss you boyfriend with | miss you boyfriend in
miss you card ideas for kids,6,7,600,2,miss you ideas a | miss you ideas c | miss you ideas f | miss you ideas k | miss you ideas with | miss you ideas for | miss you ideas in
miss you gf quotes in marathi,6,7,600,4,miss you gf | miss you gf  | miss you gf i | miss you gf m | miss you gf q | miss you gf with | miss you gf in
missing you boyfriend in jail quotes short,7,7,600,2,miss you boyfriend | miss you boyfriend  | miss you boyfriend i | miss you boyfriend j | miss you boyfriend with | miss you boyfriend for | miss you boyfriend in
miss you message for best friend,6,7,559,6,miss you message | miss you message  | miss you message f | miss you message best | miss you message with | miss you message for | miss you ideas best
miss you card ideas for teacher,6,7,558,7,miss you ideas a | miss you ideas c | miss you ideas f | miss you ideas t | miss you ideas with | miss you ideas for | miss you ideas in
miss you gf shayari in marathi,6,7,558,7,miss you gf | miss you gf  | miss you gf i | miss you gf m | miss you gf s | miss you gf with | miss you gf in
what can i say other than i miss you,9,7,552,11,miss you ideas l | miss you ideas o | miss you ideas s | miss you ideas t | miss you ideas u | miss you ideas with | can i miss you ideas
miss you quotes for love,5,6,1250,1,miss you q | miss you quotes | miss you quotes  | miss you quotes f | miss you quotes with | miss you quotes for
miss you quotes for husband,5,6,950,3,miss you q | miss you quotes | miss you quotes  | miss you quotes f | miss you quotes with | miss you quotes for
miss you quotes for friends,5,6,750,4,miss you q | miss you quotes | miss you quotes  | miss you quotes f | miss you quotes with | miss you quotes for
miss you gf shayari in english,6,6,601,3,miss you gf | miss you gf  | miss you gf i | miss you gf s | miss you gf with | miss you gf in
miss you gifts for friends,5,6,601,1,miss you ideas | miss you ideas  | miss you ideas a | miss you ideas y | miss you ideas for | miss you ideas in
miss you long distance relationship captions for instagram,8,6,601,1,miss you long distance | miss you long distance  | miss you long distance c | miss you long distance f | miss you long distance r | miss you long distance for
miss you quotes for her,5,6,601,7,miss you q | miss you quotes | miss you quotes  | miss you quotes f | miss you quotes with | miss you quotes for
what to do when you miss your boyfriend (long distance),10,6,600,2,miss you boyfriend b | miss you boyfriend d | miss you boyfriend g | miss you boyfriend r | miss you boyfriend v | miss you boyfriend free
miss you boyfriend quotes in english,6,6,561,4,miss you boyfriend | miss you boyfriend  | miss you boyfriend i | miss you boyfriend q | miss you boyfriend with | miss you boyfriend in
miss you card ideas for friends,6,6,561,4,miss you ideas a | miss you ideas c | miss you ideas f | miss you ideas with | miss you ideas for | miss you ideas in
miss you message for boyfriend,5,6,556,9,miss you message | miss you message  | miss you message f | miss you message for | miss you boyfriend f | miss you boyfriend for
miss you lines for gf in hindi,7,6,554,11,miss you gf f | miss you gf h | miss you gf i | miss you gf l | miss you gf for | miss you gf in
what do you miss about me meaning,7,6,552,3,miss you ideas e | miss you ideas g | miss you ideas m | miss you ideas s | miss you ideas t | miss you ideas u
what do you miss most about your boyfriend,8,6,551,8,miss you boyfriend b | miss you boyfriend g | miss you boyfriend j | miss you boyfriend n | miss you boyfriend r | what miss you boyfriend
miss you message for him,5,5,1250,1,miss you message | miss you message  | miss you message f | miss you message with | miss you message for
miss you message in hindi,5,5,1250,1,miss you message | miss you message  | miss you message i | miss you message with | miss you message in
miss you message for her,5,5,1000,2,miss you message | miss you message  | miss you message f | miss you message with | miss you message for
miss you message for friend,5,5,950,3,miss you message | miss you message  | miss you message f | miss you message with | miss you message for
miss you message for colleague,5,5,650,4,miss you message | miss you message  | miss you message f | miss you message with | miss you message for
miss my boyfriend on vacation,5,5,601,1,miss you boyfriend o | miss you boyfriend v | miss you boyfriend with | miss you boyfriend for | miss you boyfriend in
miss you card ideas,4,5,601,1,miss you ideas | miss you ideas  | miss you ideas c | miss you ideas g | miss you ideas y
miss you girlfriend in hindi,5,5,601,1,miss you gf h | miss you gf i | miss you gf with | miss you gf for | miss you gf in
miss you long distance bracelet,5,5,601,1,miss you long distance b | what miss you long distance | why miss you long distance | which miss you long distance | who miss you long distance
miss you long distance message for him,7,5,601,1,miss you long distance f | miss you long distance h | miss you long distance m | miss you long distance with | miss you long distance for
miss you quotes in hindi english,6,5,601,4,miss you q | miss you quotes | miss you quotes  | miss you quotes i | miss you quotes in
why i miss you quotes for her,7,5,601,1,why miss you | why i miss you | why miss you message | why miss you quotes | why missing you
miss u most meaning,4,5,600,2,miss you ideas d | miss you ideas e | miss you ideas l | miss you ideas n | miss you ideas o
miss you appa quotes in tamil,6,5,600,2,miss you message a | miss you message app | miss you quotes a | miss you quotes app | missing you app
miss you gifts near me,5,5,600,2,miss you ideas | miss you ideas  | miss you ideas m | miss you ideas n | miss you ideas y
miss you long distance love kavithai in tamil,8,5,600,1,miss you long distance i | miss you long distance k | miss you long distance l | miss you long distance t | miss you long distance in
miss you message for death person,6,5,600,6,miss you message | miss you message  | miss you message f | miss you message with | miss you message for
missing you long distance quotes for him,7,5,600,2,miss you long distance f | miss you long distance h | miss you long distance q | miss you long distance with | miss you long distance for
when you miss your long distance partner,7,5,562,3,miss you long distance p | miss you long distance w | miss you long distance y | when miss you long distance | is it miss you long distance
miss you long distance relationship shayari,6,5,561,4,miss you long distance r | miss you long distance s | miss you long distance with | miss you long distance for | miss you long distance in
miss you quotes in marathi,5,5,561,4,miss you message i | miss you message in | miss you quotes i | miss you quotes with | miss you quotes in
when you miss your long distance best friend,8,5,561,4,miss you long distance w | miss you long distance y | miss you long distance best | when miss you long distance | is it miss you long distance
when you miss your long distance friend quotes,8,5,560,5,miss you long distance f | miss you long distance w | miss you long distance y | when miss you long distance | is it miss you long distance
miss you quotes in tamil,5,5,559,6,miss you message i | miss you message in | miss you quotes i | miss you quotes with | miss you quotes in
when you miss your long distance best friend quotes,9,5,559,6,miss you long distance w | miss you long distance y | miss you long distance best | when miss you long distance | is it miss you long distance
how much i miss you message,6,5,552,3,miss you message q | miss you message y | miss you message online | when miss you message | is it miss you message
miss you lines for gf in english,7,5,551,14,miss you gf e | miss you gf f | miss you gf i | miss you gf l | miss you gf in
i miss you appa quotes kannada short,7,4,1253,2,i miss you | i miss you  | i miss you a | i miss you app
i miss you quotes for husband long distance,8,4,1252,1,i miss you | i miss you  | i miss you q | can i miss you quotes
miss you quotes short,4,4,1251,1,miss you q | miss you quotes | miss you quotes  | miss you quotes s
i miss you in tamil,5,4,1250,1,i miss you | i miss you  | i miss you i | i miss you in
miss you in kannada,4,4,1250,1,miss you | miss you  | miss you i | miss you in
miss you message in english,5,4,1200,2,miss you message | miss you message  | miss you message i | miss you message in
miss you in korean,4,4,1150,2,miss you | miss you  | miss you i | miss you in
i miss you in malayalam,5,4,1050,2,i miss you | i miss you  | i miss you i | i miss you in
i miss you in kannada,5,4,1000,3,i miss you | i miss you  | i miss you i | i miss you in
missing you in hindi,4,4,903,1,missing you | missing you  | missing you i | missing you in
i miss you in telugu,5,4,701,4,i miss you | i miss you  | i miss you i | i miss you in
i miss you in korean,5,4,700,5,i miss you | i miss you  | i miss you i | i miss you in
miss you quotes for love short,6,4,650,5,miss you quotes | miss you quotes  | miss you quotes f | miss you quotes for
how i miss you quotes,5,4,601,1,how miss you | how i miss you | how miss you message | how miss you quotes
i miss you in hindi,5,4,601,6,i miss you | i miss you  | i miss you i | i miss you in
i miss you online message,5,4,601,1,miss you online | i miss you online | miss you message o | miss you message online
miss you boyfriend quotes short,5,4,601,2,miss you boyfriend | miss you boyfriend  | miss you boyfriend q | miss you boyfriend s
miss you for boyfriend,4,4,601,1,miss you boyfriend f | miss you boyfriend with | miss you boyfriend for | miss you boyfriend in
miss you for gf,4,4,601,1,miss you gf f | miss you gf with | miss you gf for | miss you gf in
miss you gift ideas,4,4,601,1,miss you ideas | miss you ideas  | miss you ideas g | miss you ideas y
miss you gifts uk,4,4,601,1,miss you ideas | miss you ideas  | miss you ideas u | miss you ideas y
miss you long distance relationship images,6,4,601,1,miss you long distance i | miss you long distance with | miss you long distance for | miss you long distance in
miss you mom tattoo ideas with meaning,7,4,601,1,miss you ideas m | miss you ideas t | miss you ideas w | miss you ideas with
miss you quotes best friend,5,4,601,1,miss you message b | miss you message best | miss you quotes b | miss you quotes best
miss you quotes with images,5,4,601,1,miss you message w | miss you message with | miss you quotes w | miss you quotes with
what do you miss quotes,5,4,601,1,miss you quotes q | miss you quotes free | what miss you quotes | miss you ideas q
when you miss your gf,5,4,601,1,miss you gf w | miss you gf y | when miss you gf | is it miss you gf
when you miss your long distance boyfriend,7,4,601,1,miss you long distance w | miss you long distance y | when miss you long distance | is it miss you long distance
do you miss your long distance siblings meaning in urdu,10,4,600,2,miss you long distance d | miss you long distance s | miss you long distance u | miss you long distance y
how much can you miss someone quotes,7,4,600,2,miss you quotes q | miss you quotes x | miss you quotes z | miss you quotes free
miss you for boyfriend quotes,5,4,600,2,miss you boyfriend f | miss you boyfriend with | miss you boyfriend for | miss you boyfriend in
miss you for girlfriend quotes,5,4,600,2,miss you gf f | miss you gf with | miss you gf for | miss you gf in
miss you long distance love quotes in tamil,8,4,600,2,miss you long distance i | miss you long distance l | miss you long distance t | miss you long distance in
miss you quotes best friend girl,6,4,600,2,miss you message b | miss you message best | miss you quotes b | miss you quotes best
miss you quotes for love long distance relationship,8,4,600,8,miss you quotes | miss you quotes  | miss you quotes f | miss you quotes for
what to do when you miss your long distance girlfriend,10,4,600,2,miss you long distance d | miss you long distance g | miss you long distance w | miss you long distance y
when you miss your gf meme,6,4,600,2,miss you gf m | miss you gf w | when miss you gf | is it miss you gf
when you miss your long distance boyfriend quotes,8,4,600,2,miss you long distance w | miss you long distance y | when miss you long distance | is it miss you long distance
you miss your boyfriend in spanish,6,4,600,2,miss you boyfriend i | miss you boyfriend y | miss you boyfriend with | miss you boyfriend in
miss my boyfriend in spanish,5,4,562,3,miss you boyfriend i | miss you boyfriend with | miss you boyfriend for | miss you boyfriend in
miss you mom long distance quotes from daughter,8,4,562,3,miss you long distance d | miss you long distance f | miss you long distance m | miss you long distance q
when you miss your boyfriend meme,6,4,561,4,miss you boyfriend m | miss you boyfriend y | when miss you boyfriend | is it miss you boyfriend
miss you long distance relationship status,6,4,560,5,miss you long distance s | miss you long distance with | miss you long distance for | miss you long distance in
miss you quotes for girlfriend long distance,7,4,559,6,miss you quotes f | miss you quotes for | miss you gf l | miss you long distance g
missing you long distance relationship message for him,8,4,559,6,miss you long distance f | miss you long distance h | miss you long distance m | miss you long distance for
miss you quotes in english short,6,4,558,7,miss you message i | miss you message in | miss you quotes i | miss you quotes in
miss you long distance relationship quotes for him,8,4,557,8,miss you long distance f | miss you long distance h | miss you long distance r | miss you long distance for
miss you message for teacher,5,4,557,8,miss you message | miss you message  | miss you message f | miss you message for
miss you msg for gf in hindi,7,4,557,8,miss you gf f | miss you gf i | miss you gf for | miss you gf in
miss you quotes for brother going abroad,7,4,556,9,miss you quotes | miss you quotes  | miss you quotes f | miss you quotes for
miss you quotes for office colleagues,6,4,556,9,miss you message o | miss you quotes f | miss you quotes o | miss you quotes for
miss you quotes in telugu,5,4,556,9,miss you message i | miss you message in | miss you quotes with | miss you quotes in
miss you quotes for father in law,7,4,555,10,miss you quotes | miss you quotes  | miss you quotes f | miss you quotes for
miss you quotes for instagram story,6,4,554,11,miss you quotes | miss you quotes  | miss you quotes f | miss you quotes for
i miss you letter for gf,6,4,552,7,miss you gf f | miss you gf l | miss you gf t | miss you gf for
miss something meaning,3,4,552,6,miss you ideas d | miss you ideas l | miss you ideas n | miss you ideas o
miss you gf quotes,4,3,1252,1,miss you gf | miss you gf  | miss you gf q
miss you lot meaning in kannada,6,3,1252,1,miss you | miss you  | miss you l
miss you gf shayari,4,3,1251,2,miss you gf | miss you gf  | miss you gf s
miss you message to my love,6,3,1251,1,miss you message | miss you message  | miss you message t
missing you movie,3,3,1251,1,missing you | missing you  | missing you m
i miss you dadi maa in hindi,7,3,1250,1,i miss you | i miss you  | i miss you d
i miss you meaning in kannada,6,3,1250,1,i miss you | i miss you  | i miss you m
miss you appa quotes,4,3,1250,5,miss you app | miss you message app | miss you quotes app
miss you boyfriend captions,4,3,1250,1,miss you boyfriend | miss you boyfriend  | miss you boyfriend c
miss you boyfriend messages,4,3,1250,1,miss you boyfriend | miss you boyfriend  | miss you boyfriend m
miss you boyfriend quotes,4,3,1250,1,miss you boyfriend | miss you boyfriend  | miss you boyfriend q
miss you emoji,3,3,1250,1,miss you | miss you  | miss you e
miss you gf caption,4,3,1250,1,miss you gf | miss you gf  | miss you gf c
miss you message ringtone,4,3,1250,1,miss you message | miss you message  | miss you message r
miss you message to husband,5,3,1250,2,miss you message | miss you message  | miss you message t
miss you messages for wife,5,3,1250,2,miss you message f | miss you message s | miss you message for
miss you online shopping,4,3,1250,1,miss you o | miss you online | missing you online
miss you papa,3,3,1250,1,miss you | miss you  | miss you p
miss you quotes,3,3,1250,1,miss you | miss you  | miss you q
missing you imdb,3,3,1250,1,missing you | missing you  | missing you i
missing you meaning in kannada,5,3,1250,2,missing you | missing you  | missing you m
missing you quotes,3,3,1250,1,missing you | missing you  | missing you q
i miss you so much meaning in kannada,8,3,1201,1,i miss you | i miss you  | i miss you s
i miss you so much,5,3,1200,2,i miss you | i miss you  | i miss you s
miss you uncle quotes,4,3,1150,2,miss you u | miss you message u | miss you quotes u
missing you kdrama,3,3,1150,3,missing you | missing you  | missing you k
why i miss you so much,6,3,1100,1,why miss you | why i miss you | why missing you
miss you meaning in kannada,5,3,1050,1,miss you | miss you  | miss you m
miss you message to wife,5,3,1000,3,miss you message | miss you message  | miss you message t
miss you in tamil,4,3,900,3,miss you  | miss you i | miss you in
miss you movie,3,3,850,2,miss you | miss you  | miss you m
missing you a lot meaning in hindi,7,3,850,1,missing you | missing you  | missing you a
missing you meaning in hindi,5,3,800,3,missing you | missing you  | missing you m
miss you messages for girlfriend,5,3,700,4,miss you message | miss you message  | miss you message s
i miss you a lot meaning in hindi,8,3,653,3,i miss you | i miss you  | i miss you a
miss you day,3,3,651,2,miss you | miss you  | miss you d
miss you dad quotes,4,3,650,3,miss you | miss you  | miss you d
miss you quotes for brother,5,3,602,6,miss you q | miss you quotes f | miss you quotes for
can i miss you meaning,5,3,601,1,can i miss you | can i i miss you | can i missing you
do you miss your gf,5,3,601,1,miss you gf d | miss you gf y | can i miss you gf
i miss you meaning in hindi,6,3,601,2,i miss you | i miss you  | i miss you m
i miss you without actually saying it,7,3,601,2,miss you without | i miss you with | i miss you without
miss you bestie message,4,3,601,1,miss you best | miss you message b | miss you message best
miss you boyfriend gif,4,3,601,1,miss you boyfriend | miss you boyfriend  | miss you boyfriend g
miss you boyfriend letter,4,3,601,1,miss you boyfriend | miss you boyfriend  | miss you boyfriend l
miss you boyfriend meme,4,3,601,2,miss you boyfriend | miss you boyfriend  | miss you boyfriend m
miss you boyfriend shayari,4,3,601,1,miss you boyfriend | miss you boyfriend  | miss you boyfriend s
miss you gf line,4,3,601,1,miss you gf | miss you gf  | miss you gf l
miss you gifts,3,3,601,1,miss you ideas | miss you ideas  | miss you ideas y
miss you message in marathi,5,3,601,4,miss you message i | miss you message with | miss you message in
miss you shayari gf ke liye,6,3,601,1,miss you gf k | miss you gf l | miss you gf s
missing you so much meaning in hindi,7,3,601,2,missing you | missing you  | missing you s
why miss you quotes,4,3,601,1,why miss you | why miss you message | why missing you
you miss your long distance brother meaning in hindi,9,3,601,1,miss you long distance b | miss you long distance m | miss you long distance y
do you miss your gf reddit,6,3,600,2,miss you gf d | miss you gf r | can i miss you gf
i miss you long distance message for her,8,3,600,2,miss you long distance h | miss you long distance m | can i miss you long distance
i miss you without sounding desperate,6,3,600,3,miss you without | i miss you with | i miss you without
miss you bestie quotes short,5,3,600,7,miss you best | miss you message best | miss you quotes best
miss you gf status,4,3,600,4,miss you gf | miss you gf  | miss you gf s
miss you quotes in english for best friend,8,3,600,5,miss you quotes e | miss you quotes i | miss you quotes in
missing your long distance best friend quotes,7,3,600,2,miss you long distance b | miss you long distance f | miss you long distance best
we miss you template,4,3,600,2,miss you template | i miss you template | missing you template
what do you message someone you miss,7,3,600,2,miss you message y | miss you message online | miss you message template
what's missing you about on netflix,6,3,600,2,what miss you | how missing you | what missing you
when you miss him quotes,5,3,600,2,when miss you | when miss you quotes | is it miss you quotes
when you miss your boyfriend quotes,6,3,600,2,miss you boyfriend y | when miss you boyfriend | is it miss you boyfriend
who miss you meaning in urdu,6,3,600,2,who miss you | which missing you | who missing you
who's missing you meaning,4,3,600,2,who miss you | which missing you | who missing you
why i miss you messages,5,3,600,2,why i miss you | miss you message q | why miss you message
miss you long distance relationship messages,6,3,562,3,miss you long distance m | miss you long distance for | miss you long distance in
miss you quotes bestie,4,3,562,3,miss you message best | miss you quotes b | miss you quotes best
i miss you meaning in tamil,6,3,561,4,i miss you | i miss you  | i miss you m
miss you boyfriend card,4,3,561,4,miss you boyfriend | miss you boyfriend  | miss you boyfriend c
miss you long distance relationship quotes in english for him,10,3,561,3,miss you long distance e | miss you long distance i | miss you long distance r
miss you message for my love,6,3,561,4,miss you message f | miss you message with | miss you message for
miss you uncle quotes in english,6,3,561,4,miss you u | miss you message u | miss you quotes u
missing my boyfriend in heaven quotes,6,3,561,4,miss you boyfriend h | miss you boyfriend i | miss you boyfriend in
what miss you after goodbye,5,3,561,4,what miss you | how missing you | what missing you
who's missing you in tagalog,5,3,561,4,who miss you | which missing you | who missing you
miss you appa quotes in tamil short,7,3,560,5,miss you message app | miss you quotes app | missing you app
miss you uncle quotes in hindi,6,3,560,5,miss you u | miss you message u | miss you quotes u
missing my boyfriend in heaven,5,3,560,5,miss you boyfriend h | miss you boyfriend i | miss you boyfriend in
missing your long distance best friend,6,3,560,3,miss you long distance b | miss you long distance f | miss you long distance best
what miss you like crazy,5,3,560,5,what miss you | how missing you | what missing you
is miss you so much,5,3,559,6,is it miss you | is it i miss you | is it missing you
miss you a lot meaning in hindi,7,3,559,6,miss you | miss you  | miss you a
miss you amma quotes in kannada,6,3,559,6,miss you | miss you a | miss you message a
miss you messages for husband,5,3,559,6,miss you message h | miss you message s | miss you message with
when you miss your boyfriend message,6,3,559,4,miss you boyfriend y | when miss you boyfriend | is it miss you boyfriend
who's missing you meaning in bengali,6,3,559,6,who miss you | which missing you | who missing you
why i miss you so much meaning in hindi,9,3,559,6,why miss you | why i miss you | why missing you
miss you long distance relationship quotes in punjabi,8,3,558,7,miss you long distance i | miss you long distance p | miss you long distance r
miss you mom long distance quotes in english,8,3,558,6,miss you long distance e | miss you long distance m | miss you long distance q
missing what's you lyrics,4,3,558,7,what miss you | how missing you | what missing you
what to do when you miss your long distance boyfriend,10,3,558,7,miss you long distance d | miss you long distance w | miss you long distance y
when someone miss you quotes,5,3,558,3,when miss you message | when miss you quotes | is it miss you quotes
who you miss meaning in tamil,6,3,558,7,who miss you | which missing you | who missing you
why i miss you meaning in urdu,7,3,558,7,why miss you | why i miss you | why missing you
why you miss someone quotes,5,3,558,7,why miss you | why miss you quotes | why missing you
how i miss you so,5,3,557,8,how miss you | how i miss you | how missing you
miss you nani quotes,4,3,557,8,miss you n | miss you message n | miss you quotes n
missing you long distance relationship message for her,8,3,557,8,miss you long distance f | miss you long distance h | miss you long distance m
what to do when you miss your long distance partner,10,3,557,8,miss you long distance d | miss you long distance w | miss you long distance y
when i miss you quotes for her,7,3,557,4,when miss you message | when miss you quotes | is it miss you quotes
who you miss meaning in telugu,6,3,557,8,who miss you | which missing you | who missing you
you miss your girlfriend in spanish,6,3,557,8,miss you gf i | miss you gf with | miss you gf in
i miss you girlfriend in spanish,6,3,556,9,miss you gf i | miss you gf with | miss you gf in
miss you paragraphs for gf,5,3,556,9,miss you gf f | miss you gf p | miss you gf for
who you miss meaning in malayalam,6,3,556,9,who miss you | which missing you | who missing you
miss you dad quotes one line,6,3,555,10,miss you d | miss you message o | miss you quotes o
miss you quotes in urdu,5,3,555,10,miss you message i | miss you message in | miss you quotes in
miss you quotes in urdu text,6,3,555,10,miss you message u | miss you quotes i | miss you quotes u
what to do when you miss your long distance best friend,11,3,555,10,miss you long distance d | miss you long distance y | miss you long distance best
why i miss you more,5,3,555,10,why miss you | why i miss you | why missing you
heart touching miss you long distance love quotes,8,3,554,11,miss you long distance h | miss you long distance l | miss you long distance t
miss you quotes for him long distance,7,3,554,11,miss you q | miss you quotes f | miss you quotes for
why i miss you meaning in bengali,7,3,554,11,why miss you | why i miss you | why missing you
heart touching miss you long distance love quotes in english,10,3,553,11,miss you long distance e | miss you long distance l | miss you long distance t
miss misses meaning,3,3,553,3,miss you 2027 | miss you ideas d | miss you ideas n
miss you quotes for boyfriend long distance,7,3,552,13,miss you boyfriend f | miss you boyfriend l | miss you boyfriend for
miss you quotes for wife,5,3,552,13,miss you q | miss you quotes f | miss you quotes with
do you miss like i miss you,7,3,551,5,miss you ideas l | miss you ideas m | can i miss you ideas
what do you miss about your girlfriend,7,3,551,3,how miss you gf | what miss you gf | is it miss you gf
miss you appa,3,2,1253,2,miss you a | miss you app
i miss you appa quotes,5,2,1252,3,i miss you a | i miss you app
miss you bestie quotes,4,2,1252,1,miss you b | miss you best
i miss you appa quotes kannada,6,2,1251,4,i miss you a | i miss you app
i miss you bestie,4,2,1251,1,i miss you b | i miss you best
i miss you forever meaning in hindi,7,2,1251,1,i miss you f | i miss you for
i miss you quotes,4,2,1251,2,i miss you q | can i miss you quotes
miss you best friend quotes,5,2,1251,2,miss you b | miss you best
miss you free fire,4,2,1251,1,miss you free | missing you free
miss you quotes english,4,2,1251,1,miss you message e | miss you quotes e
miss you quotes hindi,4,2,1251,1,miss you message h | miss you quotes h
missing you captions,3,2,1251,1,missing you c | missing you x
missing you forever meaning in hindi,6,2,1251,1,missing you f | missing you for
how i miss you meaning,5,2,1250,1,how miss you | how i miss you
how miss you my love,5,2,1250,1,how miss you | how missing you
i miss you appa quotes from daughter,7,2,1250,5,i miss you a | i miss you app
i miss you forever,4,2,1250,2,i miss you f | i miss you for
i miss you without saying it,6,2,1250,1,i miss you with | i miss you without
is it miss you or missing you,7,2,1250,1,which miss you | is it miss you
miss you forever,3,2,1250,1,miss you f | miss you for
miss you free fire name,5,2,1250,2,miss you free | missing you free
miss you quotes after death,5,2,1250,1,miss you message a | miss you quotes a
miss you quotes brother,4,2,1250,1,miss you message b | miss you quotes b
miss you quotes death,4,2,1250,1,miss you message d | miss you quotes d
miss you quotes english short,5,2,1250,2,miss you message e | miss you quotes e
miss you quotes husband,4,2,1250,2,miss you message h | miss you quotes h
miss you quotes kannada,4,2,1250,1,miss you message k | miss you quotes k
miss you quotes love,4,2,1250,1,miss you message l | miss you quotes l
miss you quotes one line,5,2,1250,1,miss you message o | miss you quotes o
miss you quotes rip,4,2,1250,1,miss you message r | miss you quotes r
miss you quotes urdu,4,2,1250,1,miss you message u | miss you quotes u
miss you quotes wife,4,2,1250,1,miss you message w | miss you quotes w
miss you template capcut,4,2,1250,1,miss you template | missing you template
miss you zindagi,3,2,1250,1,miss you z | missing you z
missing you 2026 movie,4,2,1250,1,miss you 2026 | missing you 2026
missing you badly meaning,4,2,1250,2,missing you  | missing you b
missing you cast,3,2,1250,2,missing you c | missing you x
missing you forever,3,2,1250,2,missing you f | missing you for
missing you harlan coben netflix,5,2,1250,1,missing you | missing you h
missing you korean movie,4,2,1250,1,missing you | missing you k
missing you netflix,3,2,1250,1,missing you | missing you n
missing you with all my heart,6,2,1250,1,missing you w | missing you with
missing you without saying it,5,2,1250,1,missing you with | missing you without
miss you quotes heart touching,5,2,1200,3,miss you message h | miss you quotes h
missing you captions for instagram,5,2,1100,3,missing you c | missing you x
miss you forever meaning in hindi,6,2,1050,2,miss you f | miss you for
i miss you with emoji text,6,2,1001,2,i miss you with | missing you with
missing you (2025 tv series),5,2,1000,2,missing you | missing you 
miss you quotes long distance,5,2,950,2,miss you message l | miss you quotes l
missing you in kannada,4,2,902,2,missing you i | missing you in
missing you in malayalam,4,2,901,3,missing you i | missing you in
i miss you appa quotes kannada short from daughter,9,2,900,6,i miss you a | i miss you app
missing you in tamil,4,2,900,4,missing you i | missing you in
i miss you forever meaning,5,2,850,3,i miss you f | i miss you for
miss you zubeen da,4,2,850,2,miss you z | missing you z
missing you 2016,3,2,800,3,missing you | missing you 
i miss you appa quotes kannada short funny,8,2,700,7,i miss you a | i miss you app
miss you wife quotes,4,2,700,4,miss you w | miss you quotes w
i miss you forever and ever meaning in hindi,9,2,602,4,i miss you f | i miss you for
i miss you quotes for her,6,2,602,4,i miss you q | can i miss you quotes
miss you brother quotes after death,6,2,602,3,miss you b | miss you quotes b
missing you forever quotes,4,2,602,3,missing you f | missing you for
when i miss you quotes,5,2,602,2,when i miss you | is it miss you quotes
can i miss you,4,2,601,1,can i i miss you | can i missing you
deep miss you long distance relationship quotes,7,2,601,1,miss you long distance d | miss you long distance with
do i miss you quotes,5,2,601,1,can i miss you message | can i miss you quotes
good night husband miss you long distance,7,2,601,1,miss you long distance g | miss you long distance n
how miss you in spanish,5,2,601,2,how miss you | how missing you
how you miss your boyfriend,5,2,601,1,miss you boyfriend h | how miss you boyfriend
i miss you forever meaning in telugu,7,2,601,5,i miss you f | i miss you for
i miss you quotes ideas,5,2,601,1,miss you ideas i | miss you ideas q
i miss you.like ideas,4,2,601,1,miss you ideas i | miss you ideas l
is it miss you too or to,7,2,601,2,is it miss you | is it missing you
is it missing you already,5,2,601,1,is it miss you | is it missing you
miss my boyfriend o'clock,4,2,601,1,miss you boyfriend c | miss you boyfriend o
miss my boyfriend when he leaves,6,2,601,1,miss you boyfriend h | miss you boyfriend w
miss u 2027,3,2,601,1,miss you 2027 | missing you 2027
miss you 2026 song,4,2,601,1,miss you 2026 | missing you 2026
miss you ex boyfriend quotes,5,2,601,1,miss you boyfriend e | miss you boyfriend q
miss you for best friend,5,2,601,1,miss you for | miss you ideas best
miss you forever in hindi,5,2,601,3,miss you f | miss you for
miss you freestyle skrapz lyrics,5,2,601,3,miss you free | missing you free
miss you girlfriend english sms,5,2,601,1,miss you gf e | miss you gf s
miss you ideas,3,2,601,1,miss you ideas  | miss you ideas y
miss you in hindi,4,2,601,4,miss you i | miss you in
miss you jaan quotes,4,2,601,1,miss you message j | miss you quotes j
miss you long distance bestie,5,2,601,1,miss you long distance b | miss you long distance best
miss you long distance relationship quotes in urdu,8,2,601,1,miss you long distance i | miss you long distance u
miss you long distance touch bracelet,6,2,601,1,miss you long distance b | miss you long distance t
miss you message for gf while she's at work,9,2,601,1,miss you gf s | miss you gf w
miss you message for husband,5,2,601,5,miss you message f | miss you message for
miss you online shopping app,5,2,601,2,miss you online | missing you online
miss you quotes colleagues,4,2,601,1,miss you message c | miss you quotes c
miss you quotes death anniversary,5,2,601,2,miss you message d | miss you quotes d
miss you quotes emotional,4,2,601,3,miss you message e | miss you quotes e
miss you quotes for your best friend,7,2,601,1,miss you message y | miss you quotes y
miss you quotes gujarati text,5,2,601,1,miss you message g | miss you quotes g
miss you quotes hindi love,5,2,601,4,miss you message h | miss you quotes h
miss you quotes kannada short,5,2,601,2,miss you message k | miss you quotes k
miss you quotes long distance relationship,6,2,601,3,miss you message l | miss you quotes l
miss you quotes malayalam,4,2,601,1,miss you message m | miss you quotes m
miss you quotes nepali,4,2,601,1,miss you message n | miss you quotes n
miss you quotes odia,4,2,601,2,miss you message o | miss you quotes o
miss you quotes pinterest,4,2,601,1,miss you message p | miss you quotes p
miss you quotes romantic,4,2,601,2,miss you message r | miss you quotes r
miss you quotes without saying it,6,2,601,2,miss you message w | miss you quotes w
miss you tattoo ideas,4,2,601,1,miss you ideas | miss you ideas t
miss you veere quotes in punjabi,6,2,601,1,miss you message v | miss you quotes v
miss you without saying it,5,2,601,3,miss you with | miss you without
miss you zubeen da quotes,5,2,601,1,miss you z | miss you quotes z
missing you 2026 tv series,5,2,601,2,miss you 2026 | missing you 2026
missing you badly meaning in hindi,6,2,601,3,missing you  | missing you b
missing you chinese drama,4,2,601,4,missing you c | missing you x
missing you in hindi meaning,5,2,601,7,missing you i | missing you in
missing you meaning,3,2,601,4,missing you  | missing you m
missing you online movie,4,2,601,2,miss you online | missing you online
open when you miss me ideas,6,2,601,1,miss you ideas m | when miss you ideas
send miss you gifts online,5,2,601,1,miss you ideas o | miss you ideas online
we miss you email template,5,2,601,1,i miss you template | miss you message template
when i miss you message,5,2,601,1,when miss you message | is it miss you message
when you miss quotes,4,2,601,1,when miss you message | when miss you quotes
where missing you filmed,4,2,601,1,which miss you | which missing you
who's missing you meaning in hindi,6,2,601,1,which missing you | who missing you
why i miss you so much quotes,7,2,601,2,why i miss you | why missing you
why miss you meaning in hindi,6,2,601,1,why miss you | why missing you
do i miss you,4,2,600,2,can i miss you | can i i miss you
gf ko miss you kaise bole,6,2,600,2,miss you gf b | miss you gf k
good night gif love miss you long distance,8,2,600,2,miss you long distance g | miss you long distance n
how i miss you quotes for her,7,2,600,2,how miss you message | how miss you quotes
how to miss your long distance partner less,8,2,600,2,miss you long distance p | how miss you long distance
how to show someone you miss them long distance,9,2,600,2,miss you long distance n | miss you long distance o
how's you miss meaning in hindi,6,2,600,3,how miss you | how missing you
i miss you ideas,4,2,600,2,miss you ideas i | can i miss you ideas
i miss you in japanese,5,2,600,7,i miss you i | i miss you in
i miss you letter ideas,5,2,600,2,miss you ideas i | miss you ideas l
i will miss you quotes,5,2,600,2,can i miss you message | can i miss you quotes
miss my boyfriend long distance,5,2,600,2,miss you boyfriend d | miss you boyfriend l
miss my boyfriend too much,5,2,600,2,miss you boyfriend m | miss you boyfriend t
miss my boyfriend when he goes to work,8,2,600,2,miss you boyfriend h | miss you boyfriend w
miss you boyfriend captions short,5,2,600,3,miss you boyfriend c | miss you boyfriend s
miss you boyfriend shayari in hindi,6,2,600,2,miss you boyfriend h | miss you boyfriend s
miss you college quotes,4,2,600,4,miss you c | miss you quotes c
miss you couple long distance relationship quotes,7,2,600,2,miss you long distance c | miss you long distance with
miss you gf marathi,4,2,600,2,miss you gf | miss you gf m
miss you husband long distance text,6,2,600,2,miss you long distance h | miss you long distance t
miss you in kannada meaning,5,2,600,5,miss you i | miss you in
miss you jiju quotes,4,2,600,2,miss you message j | miss you quotes j
miss you my girlfriend caption,5,2,600,3,miss you gf c | miss you gf m
miss you nanna quotes in english,6,2,600,2,miss you message n | miss you quotes n
miss you not,3,2,600,2,miss you n | miss you without
miss you online order,4,2,600,3,miss you online | missing you online
miss you quotes copy paste,5,2,600,2,miss you message c | miss you quotes c
miss you quotes dad,4,2,600,3,miss you message d | miss you quotes d
miss you quotes emoji,4,2,600,4,miss you message e | miss you quotes e
miss you quotes girlfriend,4,2,600,2,miss you message g | miss you quotes g
miss you quotes hindi english,5,2,600,5,miss you message h | miss you quotes h
miss you quotes in one line,6,2,600,5,miss you quotes i | miss you quotes in
miss you quotes kids,4,2,600,3,miss you message k | miss you quotes k
miss you quotes love short,5,2,600,4,miss you message l | miss you quotes l
miss you quotes marathi,4,2,600,2,miss you message m | miss you quotes m
miss you quotes one word,5,2,600,3,miss you message o | miss you quotes o
miss you quotes passed away,5,2,600,2,miss you message p | miss you quotes p
miss you roommate quotes,4,2,600,3,miss you message r | miss you quotes r
miss you uncle quotes in marathi,6,2,600,3,miss you message u | miss you quotes u
miss you vahini quotes in marathi,6,2,600,2,miss you message v | miss you quotes v
miss you zubeen da in assamese,6,2,600,4,miss you z | missing you z
missing you 2026 cast,4,2,600,3,miss you 2026 | missing you 2026
missing you comes in waves,5,2,600,5,missing you c | missing you x
missing you in other words,5,2,600,6,missing you i | missing you in
missing you in spanish,4,2,600,8,missing you i | missing you in
missing you long distance friendship message,6,2,600,3,miss you long distance f | miss you long distance m
missing you series,3,2,600,3,missing you | missing you s
missing you youtube,3,2,600,3,missing you u | missing you y
open when you miss home ideas,6,2,600,2,miss you ideas h | when miss you ideas
that i miss you lyrics,5,2,600,2,which i miss you | who i miss you
what's miss you in spanish,5,2,600,2,what miss you | what missing you
when you miss me,4,2,600,2,when miss you | when missing you
which is miss you emoji,5,2,600,2,which miss you | which missing you
why i miss you quotes,5,2,600,3,why i miss you | what miss you quotes
you miss your long distance brother in hindi,8,2,600,2,miss you long distance b | miss you long distance y
do i miss you at the party,7,2,562,3,can i miss you | can i i miss you
i miss you long distance poem,6,2,562,3,miss you long distance p | can i miss you long distance
i will miss you quotes for her,7,2,562,3,can i miss you message | can i miss you quotes
it is missing you in spanish,6,2,562,3,is it miss you | is it missing you
miss my boyfriend so much,5,2,562,3,miss you boyfriend m | miss you boyfriend s
miss you jiju quotes in hindi,6,2,562,3,miss you message j | miss you quotes j
miss you nanna quotes in telugu,6,2,562,3,miss you message n | miss you quotes n
miss you quotes and images,5,2,562,3,miss you message a | miss you quotes a
miss you quotes caption,4,2,562,3,miss you message c | miss you quotes c
miss you quotes for long distance husband,7,2,562,3,miss you quotes for | miss you long distance h
miss you quotes gujarati,4,2,562,3,miss you message g | miss you quotes g
miss you quotes punjabi,4,2,562,3,miss you message p | miss you quotes p
miss you voice quotes,4,2,562,3,miss you message v | miss you quotes v
missing my boyfriend text message,5,2,562,3,miss you boyfriend m | miss you boyfriend t
missing my boyfriend while on vacation,6,2,562,3,miss you boyfriend o | miss you boyfriend w
missing your boyfriend long distance,5,2,562,3,miss you boyfriend d | miss you boyfriend l
what miss you in hindi,5,2,562,3,what miss you | what missing you
why miss you in hindi,5,2,562,3,why miss you | why missing you
do i miss you count the stars,7,2,561,4,can i miss you | can i i miss you
how you miss me,4,2,561,4,how miss you | how missing you
i miss you long distance message,6,2,561,4,miss you long distance m | can i miss you long distance
i miss you no matlab,5,2,561,4,miss you without | i miss you without
i will miss you quotes for friends,7,2,561,4,can i miss you message | can i miss you quotes
is it i missed your call,6,2,561,4,is it i miss you | is it missing you
miss my boyfriend so much it hurts,7,2,561,4,miss you boyfriend m | miss you boyfriend s
miss you couple long distance relationship quotes in english,9,2,561,4,miss you long distance c | miss you long distance e
miss you ex girlfriend quotes,5,2,561,3,miss you gf e | miss you gf q
miss you jiju quotes in marathi,6,2,561,4,miss you message j | miss you quotes j
miss you kaka quotes in marathi,6,2,561,4,miss you message k | miss you quotes k
miss you mom long distance quotes,6,2,561,4,miss you long distance m | miss you long distance q
miss you mom long distance quotes from daughter in english,10,2,561,4,miss you long distance d | miss you long distance e
miss you msg for gf,5,2,561,4,miss you gf f | miss you gf for
miss you nanna quotes in telugu in english,8,2,561,4,miss you message n | miss you quotes n
miss you quotes bangla,4,2,561,4,miss you message b | miss you quotes b
miss you quotes cute,4,2,561,4,miss you message c | miss you quotes c
miss you quotes daughter,4,2,561,4,miss you message d | miss you quotes d
miss you quotes grandpa,4,2,561,4,miss you message g | miss you quotes g
miss you quotes marathi text,5,2,561,4,miss you message m | miss you quotes m
miss you quotes on death,5,2,561,4,miss you message o | miss you quotes o
miss you quotes paragraph,4,2,561,4,miss you message p | miss you quotes p
miss you quotes who passed away,6,2,561,4,miss you message w | miss you quotes w
miss you valentine quotes,4,2,561,4,miss you message v | miss you quotes v
missing my boyfriend long distance quotes,6,2,561,4,miss you boyfriend d | miss you boyfriend l
missing my boyfriend who passed away quotes,7,2,561,4,miss you boyfriend p | miss you boyfriend w
missing you 2026 netflix,4,2,561,4,miss you 2026 | missing you 2026
missing you long distance love poems,6,2,561,4,miss you long distance l | miss you long distance p
that i miss you chords,5,2,561,4,which i miss you | who i miss you
when you miss her quotes,5,2,561,4,when miss you | when missing you
why you miss me,4,2,561,4,why miss you | why missing you
how you miss me meaning in hindi,7,2,560,5,how miss you | how missing you
miss u long distance brother quotes short,7,2,560,5,miss you long distance b | miss you long distance s
miss you aaji quotes in marathi,6,2,560,5,miss you message a | miss you quotes a
miss you juniors quotes,4,2,560,5,miss you message j | miss you quotes j
miss you kaka quotes in marathi text,7,2,560,5,miss you message k | miss you quotes k
miss you lines for gf,5,2,560,5,miss you gf f | miss you gf for
miss you long distance love quotes in english,8,2,560,5,miss you long distance e | miss you long distance l
miss you mom tattoo ideas,5,2,560,3,miss you ideas m | miss you ideas t
miss you nani quotes in hindi,6,2,560,5,miss you message n | miss you quotes n
miss you online download,4,2,560,4,miss you online | missing you online
miss you papa template,4,2,560,5,miss you template | missing you template
miss you quotes coworker,4,2,560,5,miss you message c | miss you quotes c
miss you quotes death brother,5,2,560,5,miss you message d | miss you quotes d
miss you quotes ex boyfriend,5,2,560,5,miss you message e | miss you quotes e
miss you quotes for long distance best friend girl,9,2,560,5,miss you long distance g | miss you long distance best
miss you quotes grief,4,2,560,5,miss you message g | miss you quotes g
miss you quotes malayalam for husband,6,2,560,5,miss you message m | miss you quotes m
miss you quotes one line hindi,6,2,560,5,miss you message o | miss you quotes o
miss you quotes pics,4,2,560,5,miss you message p | miss you quotes p
miss you quotes with moon,5,2,560,5,miss you message w | miss you quotes w
miss you village quotes,4,2,560,5,miss you message v | miss you quotes v
miss you zai1k lyrics,4,2,560,5,miss you z | missing you z
that i miss you song,5,2,560,5,which i miss you | who i miss you
when you miss a friend,5,2,560,5,when miss you | when missing you
who's missing you in hindi,5,2,560,5,which missing you | who missing you
why you miss me meaning in hindi,7,2,560,5,why miss you | why missing you
will i miss you,4,2,560,5,can i miss you | can i i miss you
do i miss you meaning,5,2,559,6,can i miss you | can i i miss you
how you miss 100 shots,5,2,559,6,how miss you | how missing you
if you miss your boyfriend,5,2,559,6,miss you boyfriend y | is it miss you boyfriend
miss my boyfriend so much reddit,6,2,559,6,miss you boyfriend m | miss you boyfriend s
miss my ex boyfriend reddit,5,2,559,6,miss you boyfriend e | miss you boyfriend r
miss u 2026,3,2,559,6,miss you 2026 | missing you 2026
miss you ajoba quotes in marathi,6,2,559,6,miss you message a | miss you quotes a
miss you appa quotes in kannada from daughter,8,2,559,6,miss you message app | miss you quotes app
miss you best quotes,4,2,559,6,miss you message best | miss you quotes best
miss you capcut template trend,5,2,559,6,miss you template | missing you template
miss you captions for boyfriend,5,2,559,6,miss you boyfriend f | miss you boyfriend for
miss you dad tattoo ideas,5,2,559,4,miss you ideas d | miss you ideas t
miss you everyday quotes,4,2,559,6,miss you message e | miss you quotes e
miss you in spanish,4,2,559,6,miss you i | miss you in
miss you jaan quotes in english,6,2,559,6,miss you message j | miss you quotes j
miss you kaka quotes in gujarati,6,2,559,6,miss you message k | miss you quotes k
miss you love quotes,4,2,559,6,miss you l | miss you quotes l
miss you nana quotes,4,2,559,6,miss you message n | miss you quotes n
miss you office quotes,4,2,559,6,miss you message o | miss you quotes o
miss you online karne wala,5,2,559,5,miss you online | missing you online
miss you quotes bengali,4,2,559,6,miss you message b | miss you quotes b
miss you quotes cartoon,4,2,559,6,miss you message c | miss you quotes c
miss you quotes death uncle,5,2,559,6,miss you message d | miss you quotes d
miss you quotes for long distance best friend,8,2,559,4,miss you long distance b | miss you long distance best
miss you quotes goodreads,4,2,559,6,miss you message g | miss you quotes g
miss you quotes heaven,4,2,559,6,miss you message h | miss you quotes h
miss you quotes my love,5,2,559,6,miss you message m | miss you quotes m
miss you quotes papa,4,2,559,6,miss you message p | miss you quotes p
miss you quotes with flowers,5,2,559,6,miss you message w | miss you quotes w
miss you umma quotes,4,2,559,6,miss you message u | miss you quotes u
miss you veere quotes in punjabi text,7,2,559,6,miss you message v | miss you quotes v
missing my boyfriend on holiday,5,2,559,3,miss you boyfriend h | miss you boyfriend o
missing you code,3,2,559,6,missing you c | missing you x
missing you long distance love message,6,2,559,6,miss you long distance l | miss you long distance m
that i miss you in hindi,6,2,559,6,which i miss you | who i miss you
when you miss me meaning in hindi,7,2,559,6,when miss you | when missing you
why you miss me in spanish,6,2,559,6,why miss you | why missing you
how i miss you lyrics,5,2,558,7,how miss you | how i miss you
i miss you quotes for her long distance,8,2,558,7,i miss you q | can i miss you quotes
is miss you baby,4,2,558,7,is it miss you | is it i miss you
miss u 2026 date,4,2,558,7,miss you 2026 | missing you 2026
miss you appa quotes in kannada pdf,7,2,558,7,miss you message app | miss you quotes app
miss you bestie quotes in marathi,6,2,558,7,miss you message best | miss you quotes best
miss you dad template,4,2,558,7,miss you template | missing you template
miss you ex quotes,4,2,558,7,miss you message e | miss you quotes e
miss you free fire shayari,5,2,558,7,miss you free | missing you free
miss you girlfriend quotes short,5,2,558,5,miss you gf q | miss you gf s
miss you in numbers,4,2,558,7,miss you i | miss you in
miss you jiju quotes in english,6,2,558,7,miss you message j | miss you quotes j
miss you kaka quotes,4,2,558,7,miss you message k | miss you quotes k
miss you my girlfriend quotes,5,2,558,7,miss you gf m | miss you gf q
miss you nanna quotes in telugu text,7,2,558,7,miss you message n | miss you quotes n
miss you online wala,4,2,558,6,miss you online | missing you online
miss you papa quotes in english,6,2,558,7,miss you p | miss you quotes p
miss you papa tattoo ideas,5,2,558,5,miss you ideas p | miss you ideas t
miss you quotes deep,4,2,558,7,miss you message d | miss you quotes d
miss you quotes grandma,4,2,558,7,miss you message g | miss you quotes g
miss you quotes in hindi text,6,2,558,7,miss you quotes i | miss you quotes in
miss you quotes mom,4,2,558,7,miss you message m | miss you quotes m
miss you quotes photo,4,2,558,7,miss you message p | miss you quotes p
miss you shayari for boyfriend,5,2,558,7,miss you boyfriend f | miss you boyfriend for
miss you shayari for gf,5,2,558,7,miss you gf f | miss you gf for
miss you unique quotes,4,2,558,7,miss you message u | miss you quotes u
miss you vadina quotes,4,2,558,7,miss you message v | miss you quotes v
missing you correct sentence,4,2,558,7,missing you c | missing you x
missing you with brandy,4,2,558,7,miss you with | missing you with
that i miss you so much,6,2,558,7,which i miss you | who i miss you
we will miss you template,5,2,558,7,miss you template | i miss you template
when you miss someone long distance,6,2,558,7,miss you long distance w | when miss you long distance
when you miss your boyfriend long distance,7,2,558,5,miss you boyfriend y | when miss you boyfriend
will i miss you meaning in hindi,7,2,558,7,can i miss you | can i i miss you
do i miss you lyrics,5,2,557,8,can i miss you | can i i miss you
do you miss your boyfriend in spanish,7,2,557,8,miss you boyfriend i | miss you boyfriend y
i miss you creative ideas,5,2,557,8,miss you ideas c | miss you ideas i
i miss you in spanish,5,2,557,8,i miss you i | i miss you in
i miss you poems for him long distance copy and paste,11,2,557,8,miss you long distance a | miss you long distance c
i'm missing you,3,2,557,8,how missing you | why missing you
is miss you blink 182,5,2,557,8,is it miss you | is it i miss you
long distance and really miss you,6,2,557,3,miss you long distance a | miss you long distance c
miss u 2026 venue,4,2,557,8,miss you 2026 | missing you 2026
miss u long distance relationship,5,2,557,8,miss you long distance for | miss you long distance in
miss you 2024,3,2,557,8,miss you | miss you 
miss you aai quotes in marathi,6,2,557,8,miss you message a | miss you quotes a
miss you appa quotes in english short,7,2,557,8,miss you message app | miss you quotes app
miss you bestie quotes in hindi,6,2,557,8,miss you message best | miss you quotes best
miss you bhai template,4,2,557,8,miss you template | missing you template
miss you brother tattoo ideas,5,2,557,6,miss you ideas b | miss you ideas t
miss you captions for boyfriend one word,7,2,557,5,miss you boyfriend c | miss you boyfriend o
miss you everyone quotes,4,2,557,8,miss you message e | miss you quotes e
miss you friends quotes one line,6,2,557,8,miss you message o | miss you quotes o
miss you in french,4,2,557,8,miss you i | miss you in
miss you juniors quotes short,5,2,557,8,miss you message j | miss you quotes j
miss you kaka quotes in english,6,2,557,8,miss you message k | miss you quotes k
miss you letter for boyfriend,5,2,557,8,miss you boyfriend f | miss you boyfriend for
miss you long distance relationship quotes in tamil for her,10,2,557,8,miss you long distance i | miss you long distance t
miss you my long distance love,6,2,557,8,miss you long distance l | miss you long distance m
miss you online app,4,2,557,7,miss you online | missing you online
miss you quotes death grandmother,5,2,557,8,miss you message d | miss you quotes d
miss you quotes gif,4,2,557,8,miss you message g | miss you quotes g
miss you quotes in english for husband,7,2,557,8,miss you quotes e | miss you quotes i
miss you quotes to girlfriend,5,2,557,8,miss you quotes t | miss you gf t
miss you reply to boyfriend,5,2,557,8,miss you boyfriend r | miss you boyfriend t
miss you uncle quotes in gujarati,6,2,557,8,miss you message u | miss you quotes u
miss you vahini quotes in marathi text,7,2,557,8,miss you message v | miss you quotes v
miss you wife quotes in marathi,6,2,557,8,miss you message w | miss you quotes w
miss you zuchu,3,2,557,8,miss you z | missing you z
missing what's you meaning,4,2,557,8,how missing you | what missing you
missing you card,3,2,557,8,missing you c | missing you x
missing you card message ideas,5,2,557,4,miss you message c | miss you ideas m
missing you in french,4,2,557,8,missing you i | missing you in
that i miss you in tagalog,6,2,557,8,which i miss you | who i miss you
we miss you gift ideas,5,2,557,3,miss you ideas g | miss you ideas w
what you miss meaning in hindi,6,2,557,8,what miss you | what missing you
when you miss jury duty what happens,7,2,557,8,when miss you | when missing you
when you miss your boyfriend so much,7,2,557,6,miss you boyfriend y | when miss you boyfriend
will always miss you quotes,5,2,557,4,why miss you quotes | is it miss you quotes
best friend birthday wishes miss you long distance,8,2,556,9,miss you long distance w | miss you long distance best
do i miss you meaning in hindi,7,2,556,9,can i miss you | can i i miss you
good night gif love miss you long distance romantic,9,2,556,9,miss you long distance g | miss you long distance n
i miss you boyfriend long distance,6,2,556,9,miss you boyfriend d | miss you boyfriend l
i miss you gf meme,5,2,556,9,miss you gf m | can i miss you gf
i miss you in french,5,2,556,9,i miss you i | i miss you in
i miss you long distance letter,6,2,556,9,miss you long distance l | can i miss you long distance
i miss you text ideas,5,2,556,7,miss you ideas i | miss you ideas t
i miss you voice message,5,2,556,9,i miss you v | miss you message v
is miss your face,4,2,556,9,is it miss you | is it i miss you
miss u 2026 host,4,2,556,9,miss you 2026 | missing you 2026
miss you appa quotes from daughter,6,2,556,9,miss you message app | miss you quotes app
miss you bestie quotes in tamil,6,2,556,9,miss you message best | miss you quotes best
miss you freestyle skrapz,4,2,556,9,miss you free | missing you free
miss you in japanese,4,2,556,9,miss you i | miss you in
miss you jaan quotes in hindi,6,2,556,9,miss you message j | miss you quotes j
miss you khala quotes,4,2,556,9,miss you message k | miss you quotes k
miss you long distance relationship quotes in telugu,8,2,556,9,miss you long distance i | miss you long distance t
miss you maa quotes,4,2,556,9,miss you message m | miss you quotes m
miss you message to boyfriend,5,2,556,9,miss you message t | miss you boyfriend t
miss you quotes death mom,5,2,556,9,miss you message d | miss you quotes d
miss you quotes in bengali,5,2,556,9,miss you message i | miss you quotes in
miss you uncle quotes short,5,2,556,9,miss you message u | miss you quotes u
miss you vacation quotes,4,2,556,9,miss you message v | miss you quotes v
miss you wife quotes in hindi,6,2,556,9,miss you message w | miss you quotes w
missing my boyfriend after just seeing him,7,2,556,7,miss you boyfriend a | miss you boyfriend j
missing you chords,3,2,556,9,missing you c | missing you x
missing you in korean,4,2,556,9,missing you i | missing you in
that i miss you meaning in urdu,7,2,556,9,which i miss you | who i miss you
we miss you card ideas,5,2,556,5,miss you ideas c | miss you ideas w
what you miss me meaning in hindi,7,2,556,9,what miss you | what missing you
when you miss him quotes short,6,2,556,5,when miss you quotes | is it miss you quotes
when you miss someone what to do,7,2,556,9,when miss you | when missing you
will miss you gift ideas,5,2,556,4,miss you ideas g | miss you ideas w
i miss you in numbers,5,2,555,10,i miss you i | i miss you in
i miss you long distance love message for her,9,2,555,10,miss you long distance l | can i miss you long distance
i miss you long distance relationship songs,7,2,555,10,miss you long distance s | miss you long distance with
i miss you surprise ideas,5,2,555,10,miss you ideas i | miss you ideas s
is miss you by oliver tree,6,2,555,10,is it miss you | is it i miss you
miss my boyfriend all the time,6,2,555,10,miss you boyfriend a | miss you boyfriend t
miss my boyfriend and our intimacy,6,2,555,4,miss you boyfriend n | miss you boyfriend o
miss my ex boyfriend after 2 years,7,2,555,10,miss you boyfriend a | miss you boyfriend e
miss u 2026 winner,4,2,555,10,miss you 2026 | missing you 2026
miss you amma quotes in telugu,6,2,555,10,miss you message a | miss you quotes a
miss you appa quotes in english from daughter,8,2,555,10,miss you message app | miss you quotes app
miss you bestie quotes for instagram,6,2,555,10,miss you message best | miss you quotes best
miss you card for boyfriend,5,2,555,10,miss you boyfriend f | miss you boyfriend for
miss you card online,4,2,555,9,miss you online | missing you online
miss you husband quotes in english,6,2,555,10,miss you h | miss you quotes h
miss you in other languages,5,2,555,10,miss you i | miss you in
miss you jiju quotes in marathi text,7,2,555,10,miss you message j | miss you quotes j
miss you kids quotes short,5,2,555,10,miss you message k | miss you quotes k
miss you long distance relationship quotes in tamil in english,10,2,555,9,miss you long distance e | miss you long distance t
miss you maa quotes in hindi,6,2,555,10,miss you message m | miss you quotes m
miss you message for best friend girl,7,2,555,10,miss you message best | miss you ideas best
miss you quotes for gf in english,7,2,555,10,miss you gf f | miss you gf for
miss you quotes in marathi text,6,2,555,10,miss you message in | miss you quotes with
miss you song template capcut,5,2,555,10,miss you template | missing you template
miss you uncle quotes in tamil,6,2,555,10,miss you message u | miss you quotes u
miss you veere quotes,4,2,555,10,miss you message v | miss you quotes v
miss you wife quotes in english,6,2,555,10,miss you message w | miss you quotes w
miss you zubeen garg,4,2,555,10,miss you z | missing you z
missing you code word,4,2,555,10,missing you c | missing you x
missing you in japanese,4,2,555,10,missing you i | missing you in
shall i miss you,4,2,555,10,can i miss you | can i i miss you
that i miss you meaning,5,2,555,10,which i miss you | who i miss you
that you miss me meaning in hindi,7,2,555,3,which miss you | which missing you
what to do when you miss your boyfriend,8,2,555,3,miss you boyfriend free | what miss you boyfriend
when im missing you quotes,5,2,555,6,when miss you quotes | is it miss you quotes
who you miss meaning in kannada,6,2,555,10,who miss you | who missing you
will miss you cake ideas,5,2,555,6,miss you ideas c | miss you ideas w
your long distance bestie miss you,6,2,555,10,miss you long distance y | miss you long distance best
gf ko miss you kaise bole in english,8,2,554,3,miss you gf b | miss you gf k
good afternoon my love i miss you long distance,9,2,554,11,miss you long distance a | miss you long distance g
how i miss you song,5,2,554,11,how miss you | how i miss you
i miss you in bengali,5,2,554,11,i miss you i | i miss you in
is miss you after goodbye a movie,7,2,554,11,is it miss you | is it i miss you
miss u 2026 candidates,4,2,554,11,miss you 2026 | missing you 2026
miss you amma quotes in tamil,6,2,554,11,miss you message a | miss you quotes a
miss you appa quotes in marathi,6,2,554,11,miss you message app | miss you quotes app
miss you bestie quotes in urdu,6,2,554,11,miss you message best | miss you quotes best
miss you free clip art,5,2,554,11,miss you free | missing you free
miss you guys quotes,4,2,554,11,miss you g | miss you quotes g
miss you in malayalam,4,2,554,11,miss you i | miss you in
miss you kolkata quotes,4,2,554,11,miss you message k | miss you quotes k
miss you love quotes one line,6,2,554,11,miss you message o | miss you quotes o
miss you message for busy boyfriend,6,2,554,5,miss you message with | miss you boyfriend b
miss you mom quotes,4,2,554,11,miss you | miss you 
miss you mom template,4,2,554,11,miss you template | missing you template
miss you quotes in english for girlfriend,7,2,554,11,miss you quotes e | miss you quotes in
miss you quotes in english one line,7,2,554,11,miss you quotes e | miss you quotes i
miss you text for long distance relationship,7,2,554,11,miss you long distance t | miss you long distance for
miss you uncle quotes in english short,7,2,554,11,miss you message u | miss you quotes u
missing you crazy,3,2,554,11,missing you c | missing you x
missing you in telugu,4,2,554,11,missing you i | missing you in
open when you miss us ideas,6,2,554,3,miss you ideas u | when miss you ideas
that i miss you in spanish,6,2,554,11,which i miss you | who i miss you
that you miss me,4,2,554,4,which miss you | which missing you
we miss you poster ideas,5,2,554,4,miss you ideas p | miss you ideas w
what you miss about a man,6,2,554,11,what miss you | what missing you
when you miss me in spanish,6,2,554,11,when miss you | when missing you
will i miss you meaning in urdu,7,2,554,11,can i miss you | can i i miss you
do i miss you too,5,2,553,12,can i miss you | can i i miss you
i miss my boyfriend in french,6,2,553,12,miss you boyfriend i | miss you boyfriend in
i miss you in german,5,2,553,12,i miss you i | i miss you in
is miss your warm hands,5,2,553,12,is it miss you | is it i miss you
miss u 2026 philippines,4,2,553,12,miss you 2026 | missing you 2026
miss you amma quotes in english,6,2,553,12,miss you message a | miss you quotes a
miss you appa quotes in tamil in english,8,2,553,12,miss you message app | miss you quotes app
miss you card template free,5,2,553,12,miss you template | missing you template
miss you free fire photo,5,2,553,12,miss you free | missing you free
miss you gf gif,4,2,553,12,miss you gf | miss you gf 
miss you grandfather quotes in english,6,2,553,12,miss you g | miss you quotes g
miss you in telugu,4,2,553,12,miss you i | miss you in
miss you kashmir quotes,4,2,553,12,miss you message k | miss you quotes k
miss you mama quotes in marathi,6,2,553,12,miss you message m | miss you quotes m
miss you message for senior,5,2,553,12,miss you message f | miss you message for
miss you papa quotes on father's day,7,2,553,12,miss you message o | miss you quotes o
miss you quotes in gujarati,5,2,553,12,miss you message i | miss you message in
miss you shayari for gf in hindi,7,2,553,12,miss you gf f | miss you gf for
miss you status for boyfriend,5,2,553,12,miss you boyfriend f | miss you boyfriend for
miss you traductor,3,2,553,6,i miss you maker | miss you ideas e
miss you uppa quotes,4,2,553,12,miss you message u | miss you quotes u
miss you zubeen the,4,2,553,12,miss you z | missing you z
missing you couple gif,4,2,553,12,missing you c | missing you x
open when you miss me ideas for him,8,2,553,8,miss you ideas m | when miss you ideas
pov you miss your boyfriend,5,2,553,12,miss you boyfriend p | miss you boyfriend y
that you miss me in spanish,6,2,553,5,which miss you | which missing you
what to send someone you miss,6,2,553,8,miss you ideas online | can i miss you ideas
what you miss in tagalog,5,2,553,12,what miss you | what missing you
when you miss mom,4,2,553,12,when miss you | when missing you
why i miss you song,5,2,553,12,why miss you | why i miss you
will miss you card ideas,5,2,553,8,miss you ideas c | miss you ideas w
heart touching miss you long distance love quotes in tamil,10,2,552,13,miss you long distance l | miss you long distance t
i miss my boyfriend in korean,6,2,552,13,miss you boyfriend i | miss you boyfriend in
i miss you in marathi,5,2,552,13,i miss you i | i miss you in
i miss you quotes short,5,2,552,13,i miss you q | can i miss you quotes
i miss you voice message download,6,2,552,12,i miss you v | miss you message v
i miss you zindagi,4,2,552,13,miss you z | i miss you z
is miss you im sorry lyrics,6,2,552,13,is it miss you | is it i miss you
miss u 2026 ph,4,2,552,13,miss you 2026 | missing you 2026
miss you appa quotes in tamil for daughter,8,2,552,13,miss you message app | miss you quotes app
miss you brother quotes one line,6,2,552,13,miss you message o | miss you quotes o
miss you free fire nickname,5,2,552,13,miss you free | missing you free
miss you in korean language,5,2,552,13,miss you i | miss you in
miss you kanna quotes,4,2,552,13,miss you message k | miss you quotes k
miss you message for brother,5,2,552,13,miss you message f | miss you message for
miss you mumma quotes,4,2,552,13,miss you message m | miss you quotes m
miss you text for gf,5,2,552,13,miss you gf f | miss you gf for
miss you zindagi shayari,4,2,552,13,miss you z | missing you z
missing you 2016 online watch,5,2,552,12,miss you online | missing you online
missing you cat,3,2,552,13,missing you c | missing you x
missing you in urdu,4,2,552,13,missing you i | missing you in
reasons you miss your boyfriend,5,2,552,8,miss you boyfriend r | miss you boyfriend y
songs when you miss your boyfriend,6,2,552,11,miss you boyfriend y | when miss you boyfriend
songs when you miss your gf,6,2,552,5,miss you gf w | when miss you gf
when you miss bro,4,2,552,13,when miss you | when missing you
when you miss friends quotes,5,2,552,9,when miss you | when miss you quotes
will i miss you forever,5,2,552,13,can i miss you | can i i miss you
do you miss me like i miss you quotes,9,2,551,8,i miss you maker | when miss you ideas
handmade miss you card ideas,5,2,551,3,miss you ideas c | miss you ideas h
i miss my boyfriend in japanese,6,2,551,14,miss you boyfriend i | miss you boyfriend in
is miss you love,4,2,551,14,is it miss you | is it i miss you
miss quote meaning,3,2,551,4,miss you quotes q | miss you quotes z
miss you appaji quotes,4,2,551,14,miss you message app | miss you quotes app
miss you bestie shayari,4,2,551,14,miss you best | missing you best
miss you freepik,3,2,551,14,miss you free | missing you free
miss you in other words,5,2,551,14,miss you i | miss you in
miss you message for love,5,2,551,14,miss you message f | miss you message for
miss you mom quotes in english,6,2,551,14,miss you message m | miss you quotes m
missing you chinese movie,4,2,551,14,missing you c | missing you x
missing you in bengali,4,2,551,14,missing you i | missing you in
what to do when you miss long distance partner,9,2,551,14,miss you long distance d | miss you long distance p
what to do when you miss something,7,2,551,6,when miss you ideas | can i miss you ideas
zantiis miss you 2026,4,2,551,14,miss you 2026 | missing you 2026
caption when you miss your boyfriend,6,2,550,15,miss you boyfriend y | when miss you boyfriend
fun ways to say i miss you,7,2,550,4,miss you ideas h | miss you ideas with
girl best friend birthday wishes miss you long distance,9,2,550,15,miss you long distance g | miss you long distance best
i miss my boyfriend in afrikaans,6,2,550,15,miss you boyfriend i | miss you boyfriend in
ideas for miss you cards,5,2,550,13,miss you ideas f | miss you ideas for
miss misses difference,3,2,550,5,miss you 2027 | miss you ideas n
miss you appa quotes in kannada in english,8,2,550,15,miss you message app | miss you quotes app
miss you free fire name style,6,2,550,15,miss you free | missing you free
miss you message for sister,5,2,550,15,miss you message f | miss you message for
miss you quotes for sister,5,2,550,15,miss you q | miss you quotes with
what to text someone you miss,6,2,550,5,miss you message online | miss you message template
i miss you appa,4,1,1254,1,i miss you app
i miss you or i am missing you,8,1,1254,1,i miss you o
i miss you or i missing you which is correct,10,1,1253,2,i miss you o
i miss you or i missed you,7,1,1252,3,i miss you o
miss you kannada meaning,4,1,1252,1,miss you k
missing you best friend,4,1,1252,1,missing you best
missing you ott,3,1,1252,1,missing you o
i miss you emoji,4,1,1251,1,i miss you e
i miss you lot meaning in kannada,7,1,1251,1,i miss you l
i miss you or i am missing you which is correct,11,1,1251,4,i miss you o
i miss you reply,4,1,1251,1,i miss you r
i miss you very much meaning in hindi,8,1,1251,1,i miss you v
i miss you xxl,4,1,1251,1,i miss you x
miss you appa kannada,4,1,1251,4,miss you app
miss you friends,3,1,1251,1,miss you f
miss you husband,3,1,1251,1,miss you h
miss you ka reply kya de,6,1,1251,2,miss you k
miss you lot,3,1,1251,2,miss you l
miss you messages,3,1,1251,1,miss you message s
missing you badly,3,1,1251,1,missing you b
missing you bestie,3,1,1251,2,missing you best
missing you or miss you,5,1,1251,2,missing you o
missing you papa,3,1,1251,1,missing you p
missing you review,3,1,1251,1,missing you r
what i miss you for the rest of my life lyrics,11,1,1251,1,what i miss you
i miss you best friend,5,1,1250,2,i miss you best
i miss you code,4,1,1250,1,i miss you c
i miss you every second every minute every hour every day lyrics,12,1,1250,2,i miss you e
i miss you free fire name,6,1,1250,1,i miss you free
i miss you friend,4,1,1250,1,i miss you f
i miss you hindi,4,1,1250,1,i miss you h
i miss you jaan,4,1,1250,1,i miss you j
i miss you lot,4,1,1250,2,i miss you l
i miss you number,4,1,1250,1,i miss you n
i miss you other ways to say,7,1,1250,5,i miss you o
i miss you papa,4,1,1250,1,i miss you p
i miss you quotes for husband long distance in hindi,10,1,1250,3,i miss you q
i miss you ringtone,4,1,1250,2,i miss you r
i miss you too,4,1,1250,1,i miss you t
i miss you very much,5,1,1250,2,i miss you v
i miss you wallpaper,4,1,1250,1,i miss you w
i miss you with emoji,5,1,1250,1,i miss you with
i miss you xxxtentacion,4,1,1250,2,i miss you x
i miss you yaar,4,1,1250,1,i miss you y
is it i miss you or i missed you,9,1,1250,1,is it i miss you
miss you bestie,3,1,1250,3,miss you best
miss you dad,3,1,1250,1,miss you d
miss you friends quotes,4,1,1250,2,miss you f
miss you guys,3,1,1250,1,miss you g
miss you husband quotes,4,1,1250,2,miss you h
miss you jaan,3,1,1250,1,miss you j
miss you ka reply kya de english me,8,1,1250,3,miss you k
miss you love you,4,1,1250,3,miss you l
miss you message bangla,4,1,1250,1,miss you message b
miss you oliver tree,4,1,1250,1,miss you o
miss you quotes short line,5,1,1250,2,miss you quotes s
miss you reply,3,1,1250,1,miss you r
miss you too,3,1,1250,1,miss you t
miss you uncle,3,1,1250,1,miss you u
miss you with emoji,4,1,1250,1,miss you with
miss you yaar,3,1,1250,1,miss you y
missing you bestie quotes,4,1,1250,3,missing you best
missing you emoji,3,1,1250,1,missing you e
missing you freestyle,3,1,1250,1,missing you free
missing you guys,3,1,1250,1,missing you g
missing you or miss you which is correct,8,1,1250,3,missing you o
missing you papa quotes,4,1,1250,2,missing you p
missing you reply,3,1,1250,2,missing you r
missing you so much,4,1,1250,1,missing you s
missing you uncle quotes,4,1,1250,1,missing you u
missing you very badly,4,1,1250,1,missing you v
missing you web series,4,1,1250,1,missing you w
missing you yaar meaning in hindi,6,1,1250,1,missing you y
missing you zhang ruonan,4,1,1250,1,missing you z
what i miss you for the rest of my life,10,1,1250,2,what i miss you
missing you drama,3,1,1201,1,missing you d
i miss you kannada meaning,5,1,1200,1,i miss you k
missing you dad quotes,4,1,1200,2,missing you d
missing you lot meaning in kannada,6,1,1200,1,missing you l
i miss you google,4,1,1151,1,i miss you g
miss you wife,3,1,1151,1,miss you w
missing you freestyle lyrics,4,1,1151,2,missing you free
missing you kannada meaning,4,1,1151,2,missing you k
i miss you gif,4,1,1150,2,i miss you g
i miss you very badly,5,1,1150,3,i miss you v
miss you wallpaper,3,1,1150,2,miss you w
missing you free images,4,1,1150,3,missing you free
i miss you code number,5,1,1100,2,i miss you c
miss you ringtone,3,1,1100,2,miss you r
missing you on your birthday,5,1,1100,4,missing you o
missing you online watch,4,1,1100,1,missing you online
missing you very badly meaning in hindi,7,1,1051,2,missing you v
i miss you a lot,5,1,1050,2,i miss you a
i miss you zhang jingyi,5,1,1050,1,i miss you z
miss you kannada,3,1,1050,4,miss you k
miss you messages for wife in hindi,7,1,1050,3,miss you message s
missing you very much,4,1,1050,3,missing you v
i miss you dad,4,1,1001,2,i miss you d
i miss you dadi maa shayari in hindi,8,1,1000,3,i miss you d
i miss you xxl meaning,5,1,1000,3,i miss you x
miss you appa kavana in kannada,6,1,1000,6,miss you app
missing you quotes for her,5,1,1000,2,missing you q
missing you reply in english,5,1,1000,3,missing you r
missing you too meaning in hindi,6,1,953,1,missing you t
missing you this moment meaning in hindi,7,1,952,2,missing you t
missing you every second,4,1,951,2,missing you e
missing you too,3,1,951,3,missing you t
i miss you ka matlab,5,1,950,2,i miss you k
miss you best friend,4,1,950,4,miss you best
miss you captions,3,1,950,1,miss you c
miss you wishes,3,1,950,3,miss you w
missing you dad,3,1,950,3,missing you d
missing you ending,3,1,950,3,missing you e
missing you thoughts,3,1,950,4,missing you t
missing you wallpaper,3,1,950,2,missing you w
miss you very much meaning in hindi,7,1,902,1,miss you v
miss you video,3,1,901,2,miss you v
i miss you caption,4,1,900,3,i miss you c
miss you jaan shayari,4,1,900,2,miss you j
miss you very badly,4,1,900,3,miss you v
missing you dad quotes from daughter,6,1,900,4,missing you d
missing you quotes in kannada,5,1,900,3,missing you q
what i miss you for the rest of my life chords,11,1,900,3,what i miss you
i miss you everyday,4,1,851,3,i miss you e
i miss you hindi meaning,5,1,851,2,i miss you h
i miss you every second of my life quotes,9,1,850,4,i miss you e
i miss you husband,4,1,850,3,i miss you h
i miss you number code,5,1,850,2,i miss you n
i miss you very badly meaning,6,1,850,4,i miss you v
miss you quotes aesthetic,4,1,850,2,miss you quotes a
missing you quotes for him,5,1,850,4,missing you q
missing you where to watch,5,1,850,3,missing you w
i miss you yaar meaning in hindi,7,1,802,2,i miss you y
i miss you opposite word,5,1,801,6,i miss you o
i miss you yaar in hindi,6,1,801,3,i miss you y
i miss you copy and paste,6,1,800,4,i miss you c
i miss you friend quotes,5,1,800,4,i miss you f
i miss you or i'm missing you,7,1,800,7,i miss you o
i miss you your voice,5,1,800,4,i miss you y
miss you nani maa quotes in english,7,1,800,1,miss you n
miss you with all my heart,6,1,800,2,miss you with
missing you appa,3,1,800,1,missing you app
i miss you uncle,4,1,753,1,i miss you u
i miss you urdu,4,1,752,2,i miss you u
miss you oliver tree lyrics,5,1,752,2,miss you o
i miss you urdu meaning,5,1,751,3,i miss you u
miss you opposite word,4,1,751,3,miss you o
missing you guys meaning in hindi,6,1,751,2,missing you g
i miss you uncle rip,5,1,750,4,i miss you u
i miss you xxl lyrics,5,1,750,4,i miss you x
miss you message to colleague,5,1,750,4,miss you message t
miss you or missing you,5,1,750,4,miss you o
miss you urdu,3,1,750,3,miss you u
missing you gif,3,1,750,3,missing you g
missing you lot meaning in hindi,6,1,750,2,missing you l
missing you jaan meaning in hindi,6,1,702,1,missing you j
miss you bhai,3,1,701,1,miss you b
missing you john waite,4,1,701,2,missing you j
i miss you dad i am very broken song lyrics,10,1,700,4,i miss you d
miss you brother quotes,4,1,700,2,miss you b
miss you film,3,1,700,3,miss you f
miss you guys meaning in kannada,6,1,700,2,miss you g
miss you quotes sad,4,1,700,3,miss you quotes s
miss you shayari,3,1,700,1,miss you s
miss you too meaning in kannada,6,1,700,2,miss you t
missing you jaan,3,1,700,3,missing you j
missing you ka matlab,4,1,700,4,missing you k
missing you netflix review,4,1,700,2,missing you n
missing you ringtone download,4,1,700,4,missing you r
i miss you appa quotes kannada short pdf in english,10,1,652,4,i miss you a
i miss you lot meaning in hindi,7,1,651,3,i miss you l
i miss you dadi maa shayari in hindi text,9,1,650,5,i miss you d
i miss you lyrics,4,1,650,4,i miss you l
miss you best friend shayari,5,1,650,5,miss you best
miss you rolling stones,4,1,650,3,miss you r
missing you images,3,1,650,6,missing you i
missing you on your birthday quotes death,7,1,650,5,missing you o
missing you guys meaning,4,1,604,4,missing you g
missing you hindi meaning,4,1,604,2,missing you h
missing you lot,3,1,604,3,missing you l
i miss you a lot meaning,6,1,603,7,i miss you a
miss you friends quotes in kannada,6,1,603,4,miss you f
missing you already meaning in hindi,6,1,603,2,missing you a
missing you daddy,3,1,603,5,missing you d
missing you guys reply to friend,6,1,603,5,missing you g
missing you harlan coben,4,1,603,3,missing you h
missing you lyrics,3,1,603,4,missing you l
when i miss you i see moon,7,1,603,1,when i miss you
i miss you father,4,1,602,5,i miss you f
i miss you wife,4,1,602,2,i miss you w
miss you appa lines kannada,5,1,602,7,miss you app
miss you card,3,1,602,2,miss you c
miss you father,3,1,602,5,miss you f
miss you guys meaning,4,1,602,3,miss you g
miss you message images,4,1,602,3,miss you message i
miss you message ringtone download,5,1,602,2,miss you message r
miss you return reply,4,1,602,4,miss you r
miss you watch,3,1,602,5,miss you w
miss you yaar meaning in hindi,6,1,602,2,miss you y
missing you a lot,4,1,602,3,missing you a
missing you dad in heaven,5,1,602,6,missing you d
missing you guys a little extra today,7,1,602,6,missing you g
missing you husband,3,1,602,4,missing you h
missing you like crazy chinese drama,6,1,602,5,missing you l
darling i miss you 2026,5,1,601,1,i miss you 2026
do i miss my boyfriend too much,7,1,601,1,can i miss you boyfriend
how i miss you foo fighters meaning,7,1,601,2,how i miss you
how i miss you message,5,1,601,1,how miss you message
how to miss your gf less,6,1,601,1,how miss you gf
how to miss your long distance boyfriend less,8,1,601,1,how miss you long distance
i miss you always meaning in hindi,7,1,601,9,i miss you a
i miss you appa images,5,1,601,8,i miss you app
i miss you baby,4,1,601,1,i miss you b
i miss you bestie in hindi,6,1,601,3,i miss you best
i miss you card,4,1,601,5,i miss you c
i miss you dadi,4,1,601,6,i miss you d
i miss you every single day meaning,7,1,601,5,i miss you e
i miss you free images,5,1,601,2,i miss you free
i miss you gf,4,1,601,1,can i miss you gf
i miss you guys,4,1,601,3,i miss you g
i miss you him meaning in hindi,7,1,601,4,i miss you h
i miss you jaan meaning in hindi,7,1,601,2,i miss you j
i miss you ka hindi,5,1,601,3,i miss you k
i miss you long distance message for him,8,1,601,1,can i miss you long distance
i miss you love,4,1,601,5,i miss you l
i miss you make,4,1,601,1,i miss you maker
i miss you my queen message,6,1,601,1,miss you message q
i miss you nana,4,1,601,3,i miss you n
i miss you old memories in hindi,7,1,601,8,i miss you o
i miss you photo,4,1,601,2,i miss you p
i miss you quotes for him,6,1,601,5,i miss you q
i miss you really,4,1,601,3,i miss you r
i miss you so much meaning in hindi,8,1,601,3,i miss you s
i miss you template capcut,5,1,601,1,i miss you template
i miss you too meaning in hindi,7,1,601,2,i miss you t
i miss you until we meet again,7,1,601,5,i miss you u
i miss you very much in hindi,7,1,601,5,i miss you v
i miss you wallpaper 4k,5,1,601,3,i miss you w
i miss you with all my heart,7,1,601,4,i miss you with
i miss you xxl artinya,5,1,601,5,i miss you x
i miss you yaar shayari,5,1,601,5,i miss you y
i miss you zubeen da,5,1,601,2,i miss you z
i missed you elf ideas,5,1,601,1,miss you ideas e
i will miss you gifts for coworkers,7,1,601,1,can i miss you ideas
i will miss you message,5,1,601,1,can i miss you message
is it i miss you too or to,8,1,601,2,is it i miss you
is it normal to miss your gf,7,1,601,1,is it miss you gf
is it normal to miss your long distance boyfriend,9,1,601,1,is it miss you long distance
is miss my boyfriend,4,1,601,1,is it miss you boyfriend
long distance relationship quotes miss you one line,8,1,601,1,miss you long distance o
miss my boyfriend as soon as he leaves,8,1,601,1,miss you boyfriend a
miss my boyfriend reddit,4,1,601,1,miss you boyfriend r
miss my dead boyfriend,4,1,601,1,miss you boyfriend d
miss you all,3,1,601,3,miss you a
miss you already gifts,4,1,601,1,miss you ideas a
miss you appa status,4,1,601,8,miss you app
miss you basket ideas,4,1,601,1,miss you ideas b
miss you bestie meaning in hindi,6,1,601,6,miss you best
miss you bhai rip,4,1,601,4,miss you b
miss you code,3,1,601,3,miss you c
miss you dadi,3,1,601,4,miss you d
miss you drawing ideas,4,1,601,1,miss you ideas d
miss you emoji copy and paste,6,1,601,2,miss you e
miss you gif,3,1,601,4,miss you g
miss you girl version,4,1,601,1,miss you gf v
miss you girlfriend gif,4,1,601,1,miss you gf g
miss you girlfriend images,4,1,601,1,miss you gf i
miss you girlfriend photo,4,1,601,1,miss you gf p
miss you girlfriend text,4,1,601,1,miss you gf t
miss you hindi meaning,4,1,601,3,miss you h
miss you in a long distance relationship,7,1,601,1,miss you long distance a
miss you jaan ka matlab kya hota hai,8,1,601,3,miss you j
miss you jaan message,4,1,601,1,miss you message j
miss you ka matlab,4,1,601,5,miss you k
miss you long distance friend,5,1,601,2,miss you long distance f
miss you long distance husband,5,1,601,1,miss you long distance h
miss you lot meaning in hindi,6,1,601,4,miss you l
miss you meaning in hindi,5,1,601,3,miss you m
miss you meme template,4,1,601,2,miss you template
miss you message bracelet,4,1,601,2,miss you message b
miss you message colleague,4,1,601,1,miss you message c
miss you message emoji,4,1,601,1,miss you message e
miss you message girlfriend,4,1,601,1,miss you message g
miss you message hindi,4,1,601,1,miss you message h
miss you message long distance relationship,6,1,601,1,miss you message l
miss you message marathi,4,1,601,1,miss you message m
miss you message on cake,5,1,601,1,miss you message o
miss you message reply,4,1,601,3,miss you message r
miss you message to girlfriend,5,1,601,5,miss you message t
miss you message wife,4,1,601,1,miss you message w
miss you messages for him,5,1,601,5,miss you message s
miss you mom gifts,4,1,601,1,miss you ideas m
miss you nana,3,1,601,2,miss you n
miss you nana message,4,1,601,1,miss you message n
miss you note ideas,4,1,601,1,miss you ideas n
miss you old days meaning in hindi,7,1,601,5,miss you o
miss you papa after death,5,1,601,2,miss you p
miss you papa message,4,1,601,1,miss you message p
miss you poster ideas,4,1,601,1,miss you ideas p
miss you quotes after break up,6,1,601,3,miss you quotes a
miss you quotes boyfriend,4,1,601,2,miss you quotes b
miss you quotes for gf,5,1,601,1,miss you gf n
miss you quotes quotes,4,1,601,1,miss you quotes q
miss you quotes sister,4,1,601,4,miss you quotes s
miss you quotes tamil,4,1,601,1,miss you quotes t
miss you reply gf,4,1,601,1,miss you gf r
miss you ringtone download,4,1,601,5,miss you r
miss you sms for girlfriend bangla,6,1,601,1,miss you gf b
miss you snap ideas,4,1,601,1,miss you ideas s
miss you so much meaning in kannada,7,1,601,2,miss you s
miss you text art,4,1,601,1,miss you message a
miss you to boyfriend,4,1,601,1,miss you boyfriend t
miss you too meaning in hindi,6,1,601,3,miss you t
miss you until we meet again,6,1,601,4,miss you u
miss you very much,4,1,601,4,miss you v
miss you wala emoji,4,1,601,6,miss you w
miss you without i,4,1,601,2,missing you without
miss you xoxo meaning,4,1,601,1,miss you x
miss you yaaro,3,1,601,3,miss you y
miss you zindagi in hindi,5,1,601,3,miss you z
missing my boyfriend hours,4,1,601,1,miss you boyfriend h
missing my boyfriend notes,4,1,601,1,miss you boyfriend n
missing my boyfriend poem,4,1,601,1,miss you boyfriend p
missing my boyfriend's birthday,4,1,601,1,miss you boyfriend b
missing you all meaning in hindi,6,1,601,4,missing you a
missing you appa quotes,4,1,601,2,missing you app
missing you at xmas quotes,5,1,601,1,miss you quotes x
missing you best reply,4,1,601,4,missing you best
missing you deeply meaning,4,1,601,7,missing you d
missing you every time meaning in hindi,7,1,601,4,missing you e
missing you for best friend quotes,6,1,601,4,missing you for
missing you free download,4,1,601,4,missing you free
missing you gif for him,5,1,601,7,missing you g
missing you hindi,3,1,601,5,missing you h
missing you images with quotes free,6,1,601,1,miss you quotes free
missing you john waite chords,5,1,601,4,missing you j
missing you ka hindi,4,1,601,5,missing you k
missing you little extra today,5,1,601,6,missing you l
missing you netflix series,4,1,601,3,missing you n
missing you other words,4,1,601,6,missing you o
missing you papa meaning in hindi,6,1,601,3,missing you p
missing you quotes for him long distance,7,1,601,5,missing you q
missing you rating,3,1,601,5,missing you r
missing you too much meaning in hindi,7,1,601,5,missing you t
missing you ukulele chords,4,1,601,2,missing you u
missing you very badly meaning in telugu,7,1,601,4,missing you v
missing you with every breath i take,7,1,601,2,missing you with
missing you yfn lucci,4,1,601,2,missing you y
missing you zach templar,4,1,601,2,missing you z
missing your long distance girlfriend,5,1,601,1,miss you long distance g
missing your long distance partner,5,1,601,1,miss you long distance p
romantic miss you images for boyfriend free,7,1,601,1,miss you boyfriend free
that i miss you,4,1,601,1,which i miss you
what i miss you lyrics,5,1,601,4,what i miss you
what makes you miss your boyfriend,6,1,601,1,what miss you boyfriend
what miss you ain't pass you,6,1,601,1,what miss you
what to do when you miss your gf,8,1,601,1,what miss you gf
what's missing you about,4,1,601,1,what missing you
when i miss you i see your photo,8,1,601,3,when i miss you
when missing your boyfriend,4,1,601,1,when miss you boyfriend
when missing your period,4,1,601,1,when missing you
when you miss someone quotes,5,1,601,1,when miss you
which miss you,3,1,601,1,which missing you
who i miss you meaning in hindi,7,1,601,1,who i miss you
who miss you meaning in hindi,6,1,601,1,who miss you
why you miss your boyfriend,5,1,601,1,why miss you boyfriend
why you miss your girlfriend,5,1,601,1,why miss you gf
will miss you message,4,1,601,1,is it miss you message
will miss you quotes,4,1,601,1,is it miss you quotes
you miss your boyfriend,4,1,601,1,miss you boyfriend y
did you miss your girlfriend when she traveled in spanish,10,1,600,2,miss you gf w
how do you miss your boyfriend,6,1,600,2,how miss you boyfriend
how i miss you so much,6,1,600,3,how i miss you
how to prove you miss someone,6,1,600,2,miss you ideas online
how to reply miss you message,6,1,600,2,how miss you message
how you miss your girlfriend,5,1,600,2,how miss you gf
i miss how you make me feel,7,1,600,2,i miss you maker
i miss my boyfriend but i broke up with him,10,1,600,2,miss you boyfriend b
i miss you all meaning in hindi,7,1,600,10,i miss you a
i miss you appa in tamil,6,1,600,9,i miss you app
i miss you best friend message,6,1,600,4,i miss you best
i miss you bhai,4,1,600,2,i miss you b
i miss you come here,5,1,600,6,i miss you c
i miss you dad i am very broken,8,1,600,7,i miss you d
i miss you everyday every minute every second,8,1,600,6,i miss you e
i miss you for husband,5,1,600,6,i miss you for
i miss you free fire,5,1,600,3,i miss you free
i miss you gf quotes,5,1,600,2,can i miss you gf
i miss you girl voice,5,1,600,2,miss you gf v
i miss you greeting card,5,1,600,4,i miss you g
i miss you husband quotes,5,1,600,5,i miss you h
i miss you jaan ka matlab,6,1,600,3,i miss you j
i miss you ka reply kya de,7,1,600,4,i miss you k
i miss you lots of love meaning in hindi,9,1,600,6,i miss you l
i miss you meaning,4,1,600,3,i miss you m
i miss you messages copy paste,6,1,600,2,miss you message c
i miss you nani maa in hindi,7,1,600,4,i miss you n
i miss you other words,5,1,600,9,i miss you o
i miss you papa in hindi,6,1,600,3,i miss you p
i miss you quotes for husband long distance love,9,1,600,6,i miss you q
i miss you quotes for your boyfriend,7,1,600,2,miss you quotes y
i miss you ringtone download,5,1,600,4,i miss you r
i miss you song,4,1,600,4,i miss you s
i miss you song 2026,5,1,600,2,i miss you 2026
i miss you too meaning in kannada,7,1,600,3,i miss you t
i miss you uncle quotes,5,1,600,6,i miss you u
i miss you voice,4,1,600,6,i miss you v
i miss you watch online,5,1,600,2,i miss you online
i miss you website,4,1,600,4,i miss you w
i miss you with lyrics,5,1,600,5,i miss you with
i miss you x100,4,1,600,6,i miss you x
i miss you you miss me,6,1,600,6,i miss you y
i miss you zuchu,4,1,600,3,i miss you z
i will miss you gifts for her,7,1,600,2,can i miss you ideas
i will miss you message for her,7,1,600,2,can i miss you message
i-miss-you-gifts-uz,1,1,600,2,miss you ideas u
is it i miss you to or too,8,1,600,3,is it i miss you
is it miss you already or missing you already,9,1,600,3,is it miss you
is it normal to miss your boyfriend all the time,10,1,600,2,is it miss you boyfriend
major misses quotes,3,1,600,2,miss you ideas q
miss my boyfriend after 1 day,6,1,600,2,miss you boyfriend a
miss my boyfriend gif,4,1,600,2,miss you boyfriend g
miss my boyfriend meme,4,1,600,3,miss you boyfriend m
miss u template,3,1,600,2,missing you template
miss you a lot,4,1,600,4,miss you a
miss you already ending,4,1,600,2,miss you 2027
miss you appa kannada meaning,5,1,600,9,miss you app
miss you bhai rip in hindi,6,1,600,5,miss you b
miss you brother gifts,4,1,600,2,miss you ideas b
miss you brother quotes after long distance,7,1,600,2,miss you long distance a
miss you card template,4,1,600,3,miss you template
miss you dad gifts,4,1,600,2,miss you ideas d
miss you dad long distance,5,1,600,2,miss you long distance d
miss you dad message,4,1,600,2,miss you message d
miss you dost,3,1,600,5,miss you d
miss you everyone meaning in hindi,6,1,600,3,miss you e
miss you ex boyfriend,4,1,600,2,miss you boyfriend e
miss you ex gf,4,1,600,2,miss you gf e
miss you for bestie,4,1,600,2,miss you ideas best
miss you forever meaning,4,1,600,4,miss you for
miss you free images,4,1,600,4,miss you free
miss you girl gif,4,1,600,2,miss you gf g
miss you girl photo,4,1,600,2,miss you gf p
miss you girlfriend letter,4,1,600,2,miss you gf l
miss you grandma quotes,4,1,600,5,miss you g
miss you husband quotes in kannada,6,1,600,4,miss you h
miss you images,3,1,600,5,miss you i
miss you jaan message ringtone,5,1,600,2,miss you message j
miss you janu,3,1,600,4,miss you j
miss you ka message,4,1,600,2,miss you message k
miss you ka reply kaise de,6,1,600,6,miss you k
miss you long distance brother,5,1,600,2,miss you long distance b
miss you long distance sister,5,1,600,2,miss you long distance s
miss you love you message,5,1,600,2,miss you message y
miss you lyrics,3,1,600,5,miss you l
miss you massage norco,4,1,600,2,miss you message n
miss you message boyfriend,4,1,600,3,miss you message b
miss you message english,4,1,600,2,miss you message e
miss you message her,4,1,600,2,miss you message h
miss you message love,4,1,600,2,miss you message l
miss you message my love,5,1,600,2,miss you message m
miss you message ringtone download mp3,6,1,600,4,miss you message r
miss you message tone download,5,1,600,6,miss you message t
miss you messages for her,5,1,600,6,miss you message s
miss you my love,4,1,600,4,miss you m
miss you name,3,1,600,3,miss you n
miss you or missing you which is correct,8,1,600,6,miss you o
miss you papa message in hindi,6,1,600,2,miss you message p
miss you papa shayari,4,1,600,3,miss you p
miss you party ideas,4,1,600,2,miss you ideas p
miss you quotes assamese,4,1,600,4,miss you quotes a
miss you quotes small,4,1,600,5,miss you quotes s
miss you quotes telugu,4,1,600,2,miss you quotes t
miss you rip,3,1,600,6,miss you r
miss you so much,4,1,600,3,miss you s
miss you teacher gifts,4,1,600,2,miss you ideas t
miss you thoughts,3,1,600,4,miss you t
miss you to gf,4,1,600,2,miss you gf t
miss you uncle ji,4,1,600,5,miss you u
miss you uncle messages,4,1,600,2,miss you message u
miss you vs missing you,5,1,600,5,miss you v
miss you wife shayari,4,1,600,7,miss you w
miss you with every bullet meaning,6,1,600,4,miss you with
miss you without goodbye,4,1,600,3,missing you without
miss you xxl,3,1,600,2,miss you x
miss you yaar shayari,4,1,600,4,miss you y
miss you zubeen garg quotes,5,1,600,2,miss you quotes z
missing my dead boyfriend quotes,5,1,600,2,miss you boyfriend d
missing the most meaning,4,1,600,2,missing you 2027
missing you a little extra today,6,1,600,5,missing you a
missing you appa meaning in tamil,6,1,600,3,missing you app
missing you bestie caption,4,1,600,5,missing you best
missing you brother quotes,4,1,600,4,missing you b
missing you dp,3,1,600,8,missing you d
missing you every single day meaning,6,1,600,5,missing you e
missing you for him,4,1,600,5,missing you for
missing you free gif,4,1,600,5,missing you free
missing you friend,3,1,600,2,missing you f
missing you guys quotes,4,1,600,8,missing you g
missing you hurts differently meaning in hindi,7,1,600,6,missing you h
missing you japanese movie,4,1,600,5,missing you j
missing you ka reply kya de,6,1,600,6,missing you k
missing you lots meaning,4,1,600,7,missing you l
missing you more meaning in hindi,6,1,600,5,missing you m
missing you note,3,1,600,4,missing you n
missing you other ways to say,6,1,600,7,missing you o
missing you papa quotes in hindi,6,1,600,4,missing you p
missing you quotes for sister,5,1,600,6,missing you q
missing you right now meaning,5,1,600,6,missing you r
missing you translate in hindi,5,1,600,6,missing you t
missing you urdu meaning,4,1,600,3,missing you u
missing you vs miss you,5,1,600,5,missing you v
missing you wife quotes,4,1,600,5,missing you w
missing you with lyrics,4,1,600,3,missing you with
missing you zach bryan,4,1,600,3,missing you z
missing your boyfriend paragraph,4,1,600,2,miss you boyfriend p
missing your boyfriend reddit,4,1,600,2,miss you boyfriend r
missing your long distance husband quotes,6,1,600,2,miss you long distance h
missing your long distance partner quotes,6,1,600,2,miss you long distance p
missing your new boyfriend,4,1,600,2,miss you boyfriend n
should i miss my boyfriend,5,1,600,2,can i miss you boyfriend
we missed you elf ideas,5,1,600,2,miss you ideas e
what i miss you means,5,1,600,5,what i miss you
what to say when you miss your gf,8,1,600,2,what miss you gf
what you miss about your boyfriend,6,1,600,2,what miss you boyfriend
when i miss you meaning in hindi,7,1,600,4,when i miss you
when you missing him quotes,5,1,600,2,when missing you
who i miss you meaning in tamil,7,1,600,2,who i miss you
why do you miss your girlfriend,6,1,600,2,why miss you gf
why i miss my boyfriend so much,7,1,600,2,why miss you boyfriend
why you miss me quotes,5,1,600,2,why miss you quotes
will miss you message for her,6,1,600,2,is it miss you message
can i miss you artinya,5,1,562,3,can i i miss you
can missing your period be a sign of cancer,9,1,562,3,can i missing you
do i miss my boyfriend quiz,6,1,562,3,can i miss you boyfriend
i miss you blink 182,5,1,562,3,i miss you b
i miss you card ideas,5,1,562,3,miss you ideas i
i miss you long distance relationship quotes,7,1,562,3,can i miss you long distance
i miss you meme template,5,1,562,3,i miss you template
i miss you quotes for your girlfriend,7,1,562,3,miss you quotes y
i will miss you message for him,7,1,562,3,can i miss you message
is it normal to miss your boyfriend after a day,10,1,562,3,is it miss you boyfriend
miss you cake ideas,4,1,562,3,miss you ideas c
miss you couple long distance relationship quotes for him,9,1,562,3,miss you long distance c
miss you coworker message,4,1,562,3,miss you message c
miss you girlfriend meme,4,1,562,3,miss you gf m
miss you long distance love,5,1,562,3,miss you long distance l
miss you love message for her,6,1,562,3,miss you message l
miss you nani message,4,1,562,3,miss you message n
miss you not meaning,4,1,562,3,miss you without
miss you papa message in marathi,6,1,562,3,miss you message p
miss you quotes malayalam for instagram,6,1,562,3,miss you quotes m
miss you quotes tamil short,5,1,562,3,miss you quotes t
miss you whatsapp message,4,1,562,3,miss you message w
miss you x meaning,4,1,562,3,miss you x
missing my boyfriend extra today,5,1,562,3,miss you boyfriend e
missing my boyfriend funny quotes,5,1,562,3,miss you boyfriend f
missing you friends quotes,4,1,562,3,missing you f
missing you long distance songs,5,1,562,3,miss you long distance s
missing you meme template,4,1,562,3,missing you template
that i miss you meaning in hindi,7,1,562,3,which i miss you
when you missing in hindi,5,1,562,3,when missing you
who i miss you meaning in telugu,7,1,562,3,who i miss you
who miss you in hindi,5,1,562,3,who miss you
who's missing you,3,1,562,3,who missing you
do i miss my boyfriend,5,1,561,4,can i miss you boyfriend
how i miss you foo fighters,6,1,561,4,how i miss you
i miss you brother,4,1,561,4,i miss you b
i miss you card template,5,1,561,4,i miss you template
i miss you freestyle,4,1,561,4,i miss you free
i miss you jaan photo,5,1,561,4,i miss you j
i miss you long distance,5,1,561,4,can i miss you long distance
i miss you message for my long distance girlfriend,9,1,561,4,miss you long distance g
i miss you not,4,1,561,4,i miss you without
i miss you papa shayari,5,1,561,4,i miss you p
i miss you snap ideas,5,1,561,4,miss you ideas i
i miss you translate in kannada,6,1,561,4,i miss you t
i miss you zuchu ft rayvanny lyrics,7,1,561,4,i miss you z
i will missing you,4,1,561,4,can i missing you
is it normal to miss your boyfriend after a few hours,11,1,561,4,is it miss you boyfriend
is missing you on netflix,5,1,561,4,is it missing you
love you miss you quotes,5,1,561,4,miss you quotes y
miss my boyfriend message,4,1,561,4,miss you boyfriend m
miss u long distance sister quotes,6,1,561,4,miss you long distance s
miss you a message,4,1,561,4,miss you message a
miss you deep message,4,1,561,4,miss you message d
miss you english,3,1,561,4,miss you e
miss you letter for best friend girl,7,1,561,4,miss you ideas best
miss you long distance brother quotes,6,1,561,4,miss you long distance b
miss you love message for him,6,1,561,4,miss you message l
miss you messages for long distance husband,7,1,561,4,miss you long distance h
miss you my gf,4,1,561,4,miss you gf m
miss you nani,3,1,561,4,miss you n
miss you papa message in english,6,1,561,4,miss you message p
miss you papa quotes,4,1,561,4,miss you p
miss you quotes to best friend,6,1,561,4,miss you quotes t
miss you ramadan quotes,4,1,561,4,miss you quotes r
miss you sms bangla,4,1,561,4,miss you message b
miss you sms english,4,1,561,4,miss you message e
miss you song,3,1,561,4,miss you s
miss you without i meaning,5,1,561,4,missing you without
miss you xxl lyrics,4,1,561,4,miss you x
missing my boyfriend emoji,4,1,561,4,miss you boyfriend e
missing you apple tv,4,1,561,4,missing you app
missing you father quotes,4,1,561,4,missing you f
missing you poster template,4,1,561,4,missing you template
missing you so much meaning in kannada,7,1,561,4,missing you s
missing you uncle,3,1,561,4,missing you u
missing you yfn lucci lyrics,5,1,561,4,missing you y
missing you zach templar lyrics,5,1,561,4,missing you z
missing your boyfriend text,4,1,561,4,miss you boyfriend t
missing your long distance friend,5,1,561,4,miss you long distance f
when you missing hindi meaning,5,1,561,4,when missing you
do you miss your boyfriend,5,1,560,5,miss you boyfriend y
how i miss you in spanish,6,1,560,5,how i miss you
i miss my boyfriend when he was fat,8,1,560,5,miss you boyfriend w
i miss you babu,4,1,560,5,i miss you b
i miss you best friend quotes,6,1,560,5,i miss you best
i miss you craft ideas,5,1,560,5,miss you ideas i
i miss you free,4,1,560,5,miss you free
i miss you free fire nickname,6,1,560,5,i miss you free
i miss you guys meaning in hindi,7,1,560,5,i miss you g
i miss you janu,4,1,560,5,i miss you j
i miss you kannada,4,1,560,5,i miss you k
i miss you long distance relationship,6,1,560,5,can i miss you long distance
i miss you maa,4,1,560,5,i miss you m
i miss you name,4,1,560,5,i miss you n
i miss you not delivered,5,1,560,5,i miss you without
i miss you papa quotes,5,1,560,5,i miss you p
i miss you reply to friend,6,1,560,5,i miss you r
i miss you so much in hindi,7,1,560,5,i miss you s
i miss you too in korean,6,1,560,5,i miss you t
i miss you wallpaper phone,5,1,560,5,i miss you w
i miss you zuchu lyrics,5,1,560,5,i miss you z
i will miss you forever quotes,6,1,560,5,can i miss you quotes
i will miss you template,5,1,560,5,i miss you template
i will missing you puff daddy,6,1,560,5,can i missing you
is it bad i miss you,6,1,560,5,is it i miss you
is it normal to miss your boyfriend,7,1,560,5,is it miss you boyfriend
is missing you harlan coben,5,1,560,5,is it missing you
love you miss you quotes for her,7,1,560,5,miss you quotes y
miss my boyfriend a lot,5,1,560,3,miss you boyfriend a
miss my boyfriend captions,4,1,560,5,miss you boyfriend c
miss my boyfriend quotes,4,1,560,5,miss you boyfriend q
miss my boyfriend song,4,1,560,5,miss you boyfriend s
miss my ex boyfriend,4,1,560,5,miss you boyfriend e
miss my first boyfriend,4,1,560,5,miss you boyfriend f
miss you after goodbye,4,1,560,5,miss you a
miss you best message,4,1,560,5,miss you message best
miss you bestie quotes in english,6,1,560,5,miss you quotes best
miss you card for best friend,6,1,560,5,miss you ideas best
miss you code word,4,1,560,5,miss you c
miss you craft ideas,4,1,560,5,miss you ideas c
miss you everyday meaning in hindi,6,1,560,5,miss you e
miss you ex girlfriend,4,1,560,4,miss you gf e
miss you forever and ever meaning in hindi,8,1,560,5,miss you for
miss you guys message,4,1,560,5,miss you message g
miss you hindi,3,1,560,5,miss you h
miss you jaan shayari in english,6,1,560,5,miss you j
miss you long distance relationship quotes in english short,9,1,560,4,miss you long distance e
miss you meaning,3,1,560,5,miss you m
miss you message romantic,4,1,560,5,miss you message r
miss you nanna message,4,1,560,5,miss you message n
miss you no spelling,4,1,560,5,miss you without
miss you number code,4,1,560,5,miss you n
miss you papa after death in hindi text,8,1,560,5,miss you p
miss you quotes long,4,1,560,5,miss you quotes l
miss you quotes text message,5,1,560,5,miss you quotes t
miss you roommate quotes short,5,1,560,5,miss you quotes r
miss you sister,3,1,560,5,miss you s
miss you too much meaning in hindi,7,1,560,5,miss you t
miss you with lyrics,4,1,560,5,miss you with
miss you without words,4,1,560,5,missing you without
miss you xoxo,3,1,560,5,miss you x
miss you yaar ka reply kya de,7,1,560,5,miss you y
miss your boyfriend messages,4,1,560,5,miss you boyfriend m
miss your gf meme,4,1,560,5,miss you gf m
missing my boyfriend love message,5,1,560,5,miss you boyfriend l
missing you apple music,4,1,560,5,missing you app
missing you boogie,3,1,560,5,missing you b
missing you card template,4,1,560,5,missing you template
missing you father,3,1,560,5,missing you f
missing you message for him long distance copy and paste,10,1,560,5,miss you long distance c
missing you netflix imdb,4,1,560,5,missing you n
missing you photo,3,1,560,5,missing you p
missing you so much in hindi,6,1,560,5,missing you s
missing you up there,4,1,560,5,missing you u
missing you with ashe,4,1,560,5,missing you with
missing you youtube song,4,1,560,5,missing you y
missing you zombie,3,1,560,5,missing you z
missing your boyfriend too much,5,1,560,5,miss you boyfriend t
missing your long distance sister,5,1,560,5,miss you long distance s
when i miss you lyrics,5,1,560,5,when i miss you
when losing your mucus plug,5,1,560,5,when missing you
why do i miss my boyfriend so much,8,1,560,5,can i miss you boyfriend
why i miss you meaning in hindi,7,1,560,5,why i miss you
how i miss you my love,6,1,559,6,how i miss you
i miss my boyfriend cookie,5,1,559,6,miss you boyfriend c
i miss my boyfriend when he's not around,8,1,559,6,miss you boyfriend w
i miss you bestie quotes,5,1,559,6,i miss you best
i miss you brother status,5,1,559,6,i miss you b
i miss you free fire name style,7,1,559,6,i miss you free
i miss you good morning message,6,1,559,6,i miss you g
i miss you her meaning in hindi,7,1,559,6,i miss you h
i miss you jaan stylish name,6,1,559,6,i miss you j
i miss you ka reply,5,1,559,6,i miss you k
i miss you long distance relationship message,7,1,559,6,can i miss you long distance
i miss you meaning in telugu,6,1,559,6,i miss you m
i miss you nani,4,1,559,6,i miss you n
i miss you no reason,5,1,559,6,i miss you without
i miss you pic,4,1,559,6,i miss you p
i miss you right now meaning,6,1,559,6,i miss you r
i miss you shayari,4,1,559,6,i miss you s
i miss you to the moon and back,8,1,559,6,i miss you t
i miss you with my whole being,7,1,559,6,i miss you with
i miss you words,4,1,559,6,i miss you w
i miss you zara larsson,5,1,559,6,i miss you z
i will always miss you quotes,6,1,559,6,can i miss you quotes
i will miss you quotes for him,7,1,559,6,can i miss you message
i will missing you lyrics,5,1,559,6,can i missing you
is because i miss you,5,1,559,6,is it i miss you
is it bad to miss your boyfriend so much,9,1,559,6,is it miss you boyfriend
is missing you meaning in hindi,6,1,559,6,is it missing you
long distance i miss you drake,6,1,559,6,miss you long distance d
long distance miss you caption,5,1,559,6,miss you long distance c
miss my boyfriend already,4,1,559,4,miss you boyfriend a
miss u boyfriend quotes,4,1,559,6,miss you boyfriend q
miss u message norco,4,1,559,6,miss you message n
miss you appa kavithai in tamil,6,1,559,6,missing you app
miss you baba message,4,1,559,6,miss you message b
miss you bhai shayari 😭 in hindi text,8,1,559,6,miss you b
miss you boyfriend,3,1,559,6,miss you boyfriend 
miss you caption ideas,4,1,559,6,miss you ideas c
miss you captions for best friend,6,1,559,6,miss you ideas best
miss you card message,4,1,559,6,miss you message c
miss you chacha,3,1,559,6,miss you c
miss you dadaji 2 line shayari in hindi,8,1,559,6,miss you d
miss you emoji heart,4,1,559,6,miss you e
miss you forever meaning in telugu,6,1,559,6,miss you for
miss you freestyle,3,1,559,6,miss you free
miss you gf shayari english,5,1,559,5,miss you gf e
miss you guys meaning in hindi,6,1,559,6,miss you g
miss you henry moodie,4,1,559,6,miss you h
miss you jaan in hindi,5,1,559,6,miss you j
miss you lines,3,1,559,6,miss you l
miss you maa,3,1,559,6,miss you m
miss you message for her long distance,7,1,559,6,miss you message with
miss you mom message,4,1,559,6,miss you message m
miss you name style,4,1,559,6,miss you n
miss you no,3,1,559,6,miss you without
miss you papa long distance,5,1,559,6,miss you long distance p
miss you papa message in gujarati,6,1,559,6,miss you message p
miss you photo,3,1,559,6,miss you p
miss you pic girl love,5,1,559,3,miss you gf p
miss you quotes in english for her,7,1,559,6,miss you quotes i
miss you quotes simple,4,1,559,6,miss you quotes s
miss you quotes tagalog,4,1,559,6,miss you quotes t
miss you reply quotes,4,1,559,6,miss you quotes r
miss you romantic message for her,6,1,559,6,miss you message r
miss you so much meaning in hindi,7,1,559,6,miss you s
miss you telugu movie,4,1,559,6,miss you t
miss you urdu meaning,4,1,559,6,miss you u
miss you village in hindi,5,1,559,6,miss you v
miss you wala message,4,1,559,6,miss you message w
miss you with flowers,4,1,559,6,miss you with
miss you xxl meaning,4,1,559,6,miss you x
miss you yaad shayari,4,1,559,6,miss you y
miss you zai1k,3,1,559,6,miss you z
miss your girlfriend message,4,1,559,6,miss you gf m
missing my boyfriend text,4,1,559,6,miss you boyfriend t
missing without you,3,1,559,6,missing you without
missing you a little more today,6,1,559,6,missing you a
missing you become my punishment,5,1,559,6,missing you b
missing you bestie hindi meaning,5,1,559,6,missing you best
missing you everyday,3,1,559,6,missing you e
missing you jordana bryant lyrics,5,1,559,6,missing you j
missing you my love,4,1,559,6,missing you m
missing you netflix cast,4,1,559,6,missing you n
missing you pics,3,1,559,6,missing you p
missing you shayari in hindi,5,1,559,6,missing you s
missing you usher,3,1,559,6,missing you u
missing you very much quotes,5,1,559,6,missing you v
missing you with every breath i take lyrics,8,1,559,6,missing you with
missing you worth watching,4,1,559,6,missing you w
missing you yfn,3,1,559,6,missing you y
missing you zia,3,1,559,6,missing you z
missing your boyfriend letter,4,1,559,6,miss you boyfriend l
missing your boyfriend meme,4,1,559,6,miss you boyfriend m
missing your long distance boyfriend,5,1,559,6,miss you long distance b
sorry i missed you template,5,1,559,6,i miss you template
what i miss you chords,5,1,559,6,what i miss you
when i miss you janine,5,1,559,6,when i miss you
when losing your voice,4,1,559,6,when missing you
why do i miss my boyfriend so much it hurts,10,1,559,6,can i miss you boyfriend
you baby miss you quotes,5,1,559,6,miss you quotes y
i miss my boyfriend paragraph,5,1,558,3,miss you boyfriend p
i miss my boyfriend who passed away,7,1,558,7,miss you boyfriend w
i miss you badly meaning in hindi,7,1,558,7,i miss you b
i miss you best reply,5,1,558,7,i miss you best
i miss you boyfriend,4,1,558,7,can i miss you boyfriend
i miss you boyfriend text,5,1,558,7,miss you boyfriend t
i miss you caption for instagram,6,1,558,7,i miss you c
i miss you emoji text copy,6,1,558,7,i miss you e
i miss you for him,5,1,558,7,i miss you for
i miss you free fire photo,6,1,558,7,i miss you free
i miss you gift ideas,5,1,558,7,miss you ideas i
i miss you grandpa quotes,5,1,558,7,i miss you g
i miss you hindi mein,5,1,558,7,i miss you h
i miss you ji,4,1,558,7,i miss you j
i miss you kdrama,4,1,558,7,i miss you k
i miss you letter to my long distance girlfriend,9,1,558,7,miss you long distance g
i miss you long distance quotes,6,1,558,7,can i miss you long distance
i miss you lot meaning in telugu,7,1,558,7,i miss you l
i miss you maa in hindi for daughter,8,1,558,7,i miss you m
i miss you message for my long distance wife,9,1,558,7,miss you long distance w
i miss you name style,5,1,558,7,i miss you n
i miss you not delivered tattoo,6,1,558,7,i miss you without
i miss you please teleport meaning,6,1,558,7,i miss you p
i miss you really meaning in hindi,7,1,558,7,i miss you r
i miss you stylish name,5,1,558,7,i miss you s
i miss you tamil meaning,5,1,558,7,i miss you t
i miss you uncle rip in hindi,7,1,558,7,i miss you u
i miss you very badly meaning in hindi,8,1,558,7,i miss you v
i miss you watch,4,1,558,7,i miss you w
i miss you with my whole heart,7,1,558,7,i miss you with
i miss you xxl makna,5,1,558,7,i miss you x
i miss you yrr meaning in hindi,7,1,558,7,i miss you y
i miss you zuchu ft rayvanny,6,1,558,7,i miss you z
i will miss you all quotes,6,1,558,7,can i miss you quotes
i will miss you gifts for kids,7,1,558,3,can i miss you ideas
i will missing you meaning in hindi,7,1,558,7,can i missing you
is it normal to miss your boyfriend after a week,10,1,558,7,is it miss you boyfriend
is missing you harlan coben on netflix,7,1,558,7,is it missing you
long distance miss you captions for instagram,7,1,558,7,miss you long distance c
miss my boyfriend quotes long distance,6,1,558,7,miss you boyfriend q
miss my ex boyfriend so much it hurts,8,1,558,7,miss you boyfriend e
miss my old boyfriend,4,1,558,4,miss you boyfriend o
miss you a lot meaning in kannada,7,1,558,7,miss you a
miss you bhai shayari 2 line hindi,7,1,558,7,miss you b
miss you boss message,4,1,558,7,miss you message b
miss you college life,4,1,558,7,miss you c
miss you cousin quotes,4,1,558,7,miss you quotes c
miss you dad status,4,1,558,7,miss you d
miss you emotional message,4,1,558,7,miss you message e
miss you every single day meaning,6,1,558,7,miss you e
miss you greeting card,4,1,558,7,miss you g
miss you hidden message,4,1,558,7,miss you message h
miss you hubby,3,1,558,7,miss you h
miss you jaan meaning in hindi,6,1,558,7,miss you j
miss you kannada quotes,4,1,558,7,miss you k
miss you long message,4,1,558,7,miss you message l
miss you lots meaning,4,1,558,7,miss you l
miss you message for her long distance to make her cry,11,1,558,7,miss you long distance t
miss you my love ringtone download,6,1,558,7,miss you m
miss you nana ji,4,1,558,7,miss you n
miss you not meaning in hindi,6,1,558,7,miss you without
miss you online,3,1,558,7,miss you o
miss you papa message in gujarati text,7,1,558,7,miss you message p
miss you pic girl love sad,6,1,558,4,miss you gf p
miss you quotes hindi text,5,1,558,7,miss you quotes h
miss you quotes simple short,5,1,558,7,miss you quotes s
miss you quotes to husband,5,1,558,7,miss you quotes t
miss you related quotes,4,1,558,7,miss you quotes r
miss you reply to gf,5,1,558,3,miss you gf t
miss you reply to girlfriend,5,1,558,7,miss you r
miss you short form,4,1,558,7,miss you s
miss you story ideas,4,1,558,3,miss you ideas s
miss you to all meaning in hindi,7,1,558,7,miss you t
miss you very badly meaning,5,1,558,7,miss you v
miss you with tears,4,1,558,7,miss you with
miss you xavier clyde,4,1,558,7,miss you x
miss you yara,3,1,558,7,miss you y
miss you zoom background,4,1,558,7,miss you z
miss your ex girlfriend,4,1,558,6,miss you gf e
missing him quotes one line,5,1,558,7,miss you quotes o
missing my boyfriend a little extra today,7,1,558,5,miss you boyfriend a
missing my boyfriend letter,4,1,558,7,miss you boyfriend l
missing my boyfriend message to make him smile,8,1,558,7,miss you boyfriend m
missing you always meaning in hindi,6,1,558,7,missing you a
missing you bestie in hindi,5,1,558,7,missing you best
missing you brother,3,1,558,7,missing you b
missing you emoji whatsapp,4,1,558,7,missing you e
missing you for her,4,1,558,6,missing you for
missing you friends meaning in hindi,6,1,558,7,missing you f
missing you hubby quotes,4,1,558,7,missing you h
missing you janu,3,1,558,7,missing you j
missing you korean,3,1,558,7,missing you k
missing you mom quotes,4,1,558,7,missing you m
missing you nanna,3,1,558,7,missing you n
missing you night messages,4,1,558,7,miss you message n
missing you no mercy,4,1,558,7,missing you without
missing you papa in hindi,5,1,558,7,missing you p
missing you quotes for instagram,5,1,558,7,missing you q
missing you quotes ldr,4,1,558,7,miss you quotes l
missing you quotes winnie the pooh,6,1,558,7,miss you quotes w
missing you reviews netflix,4,1,558,7,missing you r
missing you so badly,4,1,558,7,missing you s
missing you to the moon and back,7,1,558,7,missing you t
missing you up in heaven,5,1,558,7,missing you u
missing you villain,3,1,558,7,missing you v
missing you wishes,3,1,558,7,missing you w
missing you year released,4,1,558,7,missing you y
missing you zombie movie,4,1,558,7,missing you z
missing your boyfriend captions,4,1,558,7,miss you boyfriend c
missing your boyfriend songs,4,1,558,7,miss you boyfriend s
missing your long distance boyfriend quotes,6,1,558,7,miss you long distance b
quotes when you miss your husband,6,1,558,7,miss you quotes y
signs you miss your boyfriend,5,1,558,7,miss you boyfriend y
we miss you ideas,4,1,558,3,miss you ideas w
what you miss about me,5,1,558,7,what miss you
what's i miss you in spanish,6,1,558,7,what i miss you
when i miss you janine berdin lyrics,7,1,558,7,when i miss you
when you miss meaning in hindi,6,1,558,7,when miss you
free fire name change i miss you,7,1,557,8,i miss you free
how badly i miss you quotes,6,1,557,3,how miss you quotes
i miss my boyfriend he's on holiday,7,1,557,4,miss you boyfriend h
i miss my boyfriend what should i do,8,1,557,8,miss you boyfriend w
i miss you best friend shayari,6,1,557,8,i miss you best
i miss you code word,5,1,557,8,i miss you c
i miss you dadi maa in hindi text,8,1,557,8,i miss you d
i miss you every moment meaning in hindi,8,1,557,8,i miss you e
i miss you forever code,5,1,557,8,i miss you for
i miss you friends meaning in hindi,7,1,557,8,i miss you f
i miss you gen z slang,6,1,557,8,i miss you g
i miss you hubby,4,1,557,8,i miss you h
i miss you jaan 100 times,6,1,557,8,i miss you j
i miss you kannada quotes,5,1,557,8,i miss you k
i miss you lines,4,1,557,8,i miss you l
i miss you long distance best friend,7,1,557,8,can i miss you long distance
i miss you more meaning in hindi,7,1,557,8,i miss you m
i miss you nana ji in hindi,7,1,557,8,i miss you n
i miss you no,4,1,557,8,i miss you without
i miss you papa shayari in hindi,7,1,557,8,i miss you p
i miss you quotes for husband long distance short,9,1,557,8,i miss you q
i miss you reply back,5,1,557,8,i miss you r
i miss you sister,4,1,557,8,i miss you s
i miss you too much meaning in hindi,8,1,557,8,i miss you t
i miss you unique way,5,1,557,8,i miss you u
i miss you video,4,1,557,8,i miss you v
i miss you wishes,4,1,557,8,i miss you w
i miss you with all my heart in spanish,9,1,557,8,i miss you with
i miss you xxl lany meaning,6,1,557,8,i miss you x
i miss you your voice quotes,6,1,557,8,i miss you y
i miss you zulu,4,1,557,8,i miss you z
i will miss you card ideas,6,1,557,4,can i miss you ideas
i will miss you guys quotes,6,1,557,8,can i miss you quotes
i will miss you letter,5,1,557,8,can i miss you message
i will missing you song,5,1,557,8,can i missing you
is it normal to miss my boyfriend,7,1,557,8,is it miss you boyfriend
is it normal to not miss your long distance partner,10,1,557,8,is it miss you long distance
is missing you a series,5,1,557,8,is it missing you
long distance miss you watch,5,1,557,8,miss you long distance w
miss my boyfriend quotes short,5,1,557,8,miss you boyfriend q
miss my ex boyfriend quotes,5,1,557,8,miss you boyfriend e
miss you baby message,4,1,557,8,miss you message b
miss you best friend quotes short,6,1,557,8,miss you best
miss you bestie letter,4,1,557,8,miss you message best
miss you both of you quotes,6,1,557,8,miss you quotes y
miss you caption for love,5,1,557,8,miss you c
miss you care package boyfriend,5,1,557,4,miss you boyfriend p
miss you cat quotes,4,1,557,8,miss you quotes c
miss you chocolate gifts,4,1,557,8,miss you ideas c
miss you christmas message,4,1,557,8,miss you message c
miss you dad message not delivered,6,1,557,8,miss you message d
miss you download,3,1,557,8,miss you d
miss you emoji in whatsapp,5,1,557,8,miss you e
miss you father quotes in kannada,6,1,557,8,miss you f
miss you for husband,4,1,557,8,miss you for
miss you free gif,4,1,557,8,miss you free
miss you girl quotes,4,1,557,6,miss you gf q
miss you grandpa quotes,4,1,557,8,miss you g
miss you honey message,4,1,557,8,miss you message h
miss you husband shayari,4,1,557,8,miss you h
miss you ji,3,1,557,8,miss you j
miss you ka hindi,4,1,557,8,miss you k
miss you legend meaning in kannada,6,1,557,8,miss you l
miss you letter for best friend,6,1,557,8,miss you ideas best
miss you letter writing,4,1,557,8,miss you message w
miss you love message for my wife,7,1,557,8,miss you message l
miss you love quotes in english,6,1,557,8,miss you quotes l
miss you message for office colleagues,6,1,557,8,miss you message o
miss you messages for boyfriend,5,1,557,8,miss you message s
miss you messages for long distance best friend,8,1,557,6,miss you long distance best
miss you mom long distance quotes in english short,9,1,557,7,miss you long distance e
miss you more meaning in hindi,6,1,557,8,miss you m
miss you nickname,3,1,557,8,miss you n
miss you not song,4,1,557,8,miss you without
miss you other words,4,1,557,8,miss you o
miss you papa quotes in marathi,6,1,557,8,miss you quotes p
miss you papa shayari in hindi,6,1,557,8,miss you p
miss you pretty girl,4,1,557,5,miss you gf p
miss you quotes baby,4,1,557,8,miss you quotes b
miss you quotes husband short,5,1,557,8,miss you quotes h
miss you quotes mama,4,1,557,8,miss you quotes m
miss you quotes sister short,5,1,557,8,miss you quotes s
miss you ra quotes,4,1,557,8,miss you quotes r
miss you re,3,1,557,8,miss you r
miss you rip message,4,1,557,8,miss you message r
miss you sister quotes,4,1,557,8,miss you s
miss you song ideas,4,1,557,4,miss you ideas s
miss you this moment meaning in hindi,7,1,557,8,miss you t
miss you urdu shayari,4,1,557,8,miss you u
miss you voice,3,1,557,8,miss you v
miss you with robin schulz,5,1,557,8,miss you with
miss you words,3,1,557,8,miss you w
miss you xori,3,1,557,8,miss you x
miss you yrr,3,1,557,8,miss you y
missing my boyfriend after break up,6,1,557,6,miss you boyfriend a
missing my boyfriend captions for instagram,6,1,557,8,miss you boyfriend c
missing my boyfriend ldr,4,1,557,8,miss you boyfriend l
missing my boyfriend message for him,6,1,557,8,miss you boyfriend m
missing my boyfriend syndrome,4,1,557,8,miss you boyfriend s
missing my dead boyfriend quotes short,6,1,557,3,miss you boyfriend d
missing you already meaning,4,1,557,8,missing you a
missing you best friend captions,5,1,557,8,missing you best
missing you both meaning in hindi,6,1,557,8,missing you b
missing you episodes,3,1,557,8,missing you e
missing you film,3,1,557,8,missing you f
missing you forever meaning,4,1,557,7,missing you for
missing you hurts differently,4,1,557,8,missing you h
missing you japanese song,4,1,557,8,missing you j
missing you korean movie netflix,5,1,557,8,missing you k
missing you like hell,4,1,557,8,missing you l
missing you mein ist die rache,6,1,557,8,missing you m
missing you niece messages,4,1,557,8,miss you message n
missing you nocap,3,1,557,8,missing you without
missing you novel,3,1,557,8,missing you n
missing you on my birthday quotes,6,1,557,8,missing you o
missing you papa shayari in hindi,6,1,557,8,missing you p
missing you quotes in hindi,5,1,557,8,missing you q
missing you reddit,3,1,557,8,missing you r
missing you songs,3,1,557,8,missing you s
missing you too meaning,4,1,557,8,missing you t
missing you very badly meaning,5,1,557,8,missing you v
missing you whatsapp status,4,1,557,8,missing you w
missing you with been a minute interlude,7,1,557,8,missing you with
missing you yoon eun hye,5,1,557,8,missing you y
missing your ex gf,4,1,557,7,miss you gf e
we will miss you ideas,5,1,557,4,miss you ideas w
what's i miss you in french,6,1,557,8,what i miss you
when i miss you everywhere,5,1,557,8,when i miss you
why do i miss my boyfriend so much all of a sudden,12,1,557,8,can i miss you boyfriend
why i miss you in hindi,6,1,557,8,why i miss you
how i will miss you quotes,6,1,556,4,how miss you quotes
i miss my boyfriend but he is busy,8,1,556,3,miss you boyfriend b
i miss my boyfriend physically,5,1,556,5,miss you boyfriend p
i miss my boyfriend right after he leaves,8,1,556,4,miss you boyfriend r
i miss my boyfriend when he was big,8,1,556,9,miss you boyfriend w
i miss you baba,4,1,556,9,i miss you b
i miss you best quotes,5,1,556,9,i miss you best
i miss you chords,4,1,556,9,i miss you c
i miss you dadi maa in english,7,1,556,9,i miss you d
i miss you drawing ideas,5,1,556,9,miss you ideas i
i miss you english meaning,5,1,556,9,i miss you e
i miss you for long distance relationship,7,1,556,9,i miss you for
i miss you free gif,5,1,556,9,i miss you free
i miss you full form,5,1,556,9,i miss you f
i miss you gift,4,1,556,9,i miss you g
i miss you hindi translation,5,1,556,9,i miss you h
i miss you jaan text,5,1,556,9,i miss you j
i miss you ka hindi meaning,6,1,556,9,i miss you k
i miss you long distance bracelet,6,1,556,9,can i miss you long distance
i miss you lot meaning in tamil,7,1,556,9,i miss you l
i miss you maa in hindi,6,1,556,9,i miss you m
i miss you ni telugu lo em antaru,8,1,556,9,i miss you n
i miss you no other way to say it,9,1,556,9,i miss you without
i miss you papa meaning in hindi,7,1,556,9,i miss you p
i miss you quotes for love,6,1,556,9,i miss you q
i miss you reply me too,6,1,556,9,i miss you r
i miss you spelling,4,1,556,9,i miss you s
i miss you to make her cry,7,1,556,3,i miss you maker
i miss you too meaning,5,1,556,9,i miss you t
i miss you urdu mein,5,1,556,9,i miss you u
i miss you wallpaper black,5,1,556,9,i miss you w
i miss you xxl lany,5,1,556,9,i miss you x
i miss you you know it's true,7,1,556,9,i miss you y
i miss you zainab,4,1,556,9,i miss you z
i will miss you cake ideas,6,1,556,5,can i miss you ideas
i will miss you mom quotes,6,1,556,9,can i miss you quotes
i will missing you original,5,1,556,9,can i missing you
is it normal to miss your boyfriend everyday,8,1,556,9,is it miss you boyfriend
is missing you a movie,5,1,556,9,is it missing you
long distance relationship miss you captions,6,1,556,9,miss you long distance c
miss my boyfriend after one day,6,1,556,6,miss you boyfriend o
miss my ex boyfriend so much,6,1,556,9,miss you boyfriend e
miss u gf quotes,4,1,556,7,miss you gf q
miss you all meaning in kannada,6,1,556,9,miss you a
miss you baby,3,1,556,9,miss you b
miss you best friend shayari in english text,8,1,556,9,miss you best
miss you card for teacher,5,1,556,9,miss you c
miss you cute message,4,1,556,9,miss you message c
miss you dear,3,1,556,9,miss you d
miss you every time,4,1,556,9,miss you e
miss you for love,4,1,556,9,miss you for
miss you friends quotes short,5,1,556,9,miss you f
miss you gf,3,1,556,9,miss you gf 
miss you girlfriend shayari,4,1,556,6,miss you gf s
miss you grandma quotes in kannada,6,1,556,9,miss you g
miss you heart emoji,4,1,556,9,miss you h
miss you jaan stylish name,5,1,556,9,miss you j
miss you kavana kannada,4,1,556,9,miss you k
miss you letter design,4,1,556,9,miss you message d
miss you letter english,4,1,556,9,miss you message e
miss you long message for her,6,1,556,9,miss you message l
miss you lots quotes,4,1,556,9,miss you quotes l
miss you messages for love,5,1,556,9,miss you message s
miss you movie ott,4,1,556,9,miss you m
miss you nanna quotes,4,1,556,9,miss you quotes n
miss you not delivered,4,1,556,9,miss you without
miss you old version,4,1,556,9,miss you o
miss you papa quotes in hindi,6,1,556,9,miss you quotes p
miss you papa shayari english,5,1,556,9,miss you p
miss you pic girl love cartoon,6,1,556,6,miss you gf p
miss you poster template,4,1,556,9,miss you template
miss you quotes brother short,5,1,556,9,miss you quotes b
miss you quotes grandfather,4,1,556,9,miss you quotes g
miss you quotes hindi sad,5,1,556,9,miss you quotes h
miss you quotes in one word,6,1,556,9,miss you quotes i
miss you quotes someone passed away,6,1,556,9,miss you quotes s
miss you quotes telugu images,5,1,556,9,miss you quotes t
miss you really,3,1,556,9,miss you r
miss you relationship quotes,4,1,556,9,miss you quotes r
miss you retirement message,4,1,556,9,miss you message r
miss you sister gifts,4,1,556,5,miss you ideas s
miss you song lyrics,4,1,556,9,miss you s
miss you text to gf,5,1,556,5,miss you gf t
miss you those days meaning in hindi,7,1,556,9,miss you t
miss you uncle ji in hindi,6,1,556,9,miss you u
miss you video download,4,1,556,9,miss you v
miss you watch for couple,5,1,556,9,miss you w
miss you with roses,4,1,556,9,miss you with
miss you x better off alone,6,1,556,9,miss you x
miss you yaar in hindi,5,1,556,9,miss you y
miss you zhang ruonan,4,1,556,9,miss you z
miss your boyfriend quotes,4,1,556,9,miss you boyfriend q
missing my boyfriend captions short,5,1,556,9,miss you boyfriend c
missing my new boyfriend,4,1,556,3,miss you boyfriend n
missing you all,3,1,556,9,missing you a
missing you become my punishment in hindi,7,1,556,9,missing you b
missing you best quotes,4,1,556,9,missing you best
missing you dear,3,1,556,9,missing you d
missing you ending explained,4,1,556,9,missing you e
missing you extra quotes,4,1,556,9,miss you quotes e
missing you far away long distance mom quotes,8,1,556,9,miss you long distance m
missing you format,3,1,556,8,missing you for
missing you friends caption,4,1,556,9,missing you f
missing you girlfriends lyrics,4,1,556,3,miss you gf l
missing you guys meaning in bengali,6,1,556,9,missing you g
missing you harlan coben imdb,5,1,556,9,missing you h
missing you japanese lyrics,4,1,556,9,missing you j
missing you ka reply,4,1,556,9,missing you k
missing you like anything meaning,5,1,556,9,missing you l
missing you meaning in urdu,5,1,556,9,missing you m
missing you message for him long distance paragraph,8,1,556,9,miss you long distance p
missing you no more jordan davis,6,1,556,9,missing you without
missing you now,3,1,556,9,missing you n
missing you on your birthday quotes,6,1,556,9,missing you o
missing you poem,3,1,556,9,missing you p
missing you quotes for husband,5,1,556,9,missing you q
missing you romantic gif,4,1,556,9,missing you r
missing you synonyms,3,1,556,9,missing you s
missing you terribly meaning in hindi,6,1,556,9,missing you t
missing you urdu poetry,4,1,556,9,missing you u
missing you very badly quotes,5,1,556,9,missing you v
missing you with gladys knight,5,1,556,9,missing you with
missing you words,3,1,556,9,missing you w
missing you yoon eun hye drama,6,1,556,9,missing you y
missing your boyfriend so much it hurts,7,1,556,9,miss you boyfriend s
missing your long distance brother,5,1,556,9,miss you long distance b
my missing boyfriend is back,5,1,556,9,miss you boyfriend i
quotes when you miss your family,6,1,556,9,miss you quotes y
things i miss about you long distance,7,1,556,4,miss you long distance a
we miss you card template,5,1,556,9,i miss you template
what you missing about me,5,1,556,9,what missing you
what's i miss you in japanese,6,1,556,9,what i miss you
when i miss my boyfriend,5,1,556,7,when miss you boyfriend
when i miss you song,5,1,556,9,when i miss you
when you miss someone message,5,1,556,3,when miss you message
why do i miss my boyfriend all the time,9,1,556,9,can i miss you boyfriend
heart touching miss you couple long distance relationship quotes,9,1,555,10,miss you long distance c
how i miss you my love song,7,1,555,10,how i miss you
how many missing you episodes,5,1,555,10,how missing you
how much you miss him quotes,6,1,555,5,how miss you quotes
i don't miss my boyfriend reddit,6,1,555,5,miss you boyfriend r
i miss my boyfriend but im mad at him,9,1,555,4,miss you boyfriend b
i miss my boyfriend during the week,7,1,555,5,miss you boyfriend d
i miss my boyfriend hd,5,1,555,6,miss you boyfriend h
i miss my boyfriend picture,5,1,555,6,miss you boyfriend p
i miss my boyfriend when he was fat reddit,9,1,555,10,miss you boyfriend w
i miss the old you template,6,1,555,10,i miss you template
i miss you appa quotes kannada short pdf,8,1,555,10,i miss you app
i miss you bestie shayari,5,1,555,10,i miss you best
i miss you blink 182 lyrics,6,1,555,10,i miss you b
i miss you boyfriend quotes,5,1,555,10,can i miss you boyfriend
i miss you chinese drama,5,1,555,10,i miss you c
i miss you dost,4,1,555,10,i miss you d
i miss you everyday in hindi,6,1,555,10,i miss you e
i miss you ex girlfriend audio message,7,1,555,9,miss you gf e
i miss you forever like the stars,7,1,555,10,i miss you for
i miss you free images with quotes,7,1,555,10,i miss you free
i miss you funny jokes one liners,7,1,555,10,i miss you f
i miss you gf shayari,5,1,555,3,can i miss you gf
i miss you grandfather,4,1,555,10,i miss you g
i miss you husband ji,5,1,555,10,i miss you h
i miss you jaan shayari,5,1,555,10,i miss you j
i miss you ka reply kya de in english,9,1,555,10,i miss you k
i miss you legend meaning in hindi,7,1,555,10,i miss you l
i miss you long distance love message,7,1,555,10,can i miss you long distance
i miss you meaning in malayalam,6,1,555,10,i miss you m
i miss you meme generator,5,1,555,4,i miss you maker
i miss you message for her,6,1,555,10,can i miss you message
i miss you new song,5,1,555,10,i miss you n
i miss you odia meaning,5,1,555,10,i miss you o
i miss you papa tattoo,5,1,555,10,i miss you p
i miss you quotes in english,6,1,555,10,i miss you q
i miss you reply to boyfriend,6,1,555,10,i miss you r
i miss you short form,5,1,555,10,i miss you s
i miss you too in number code,7,1,555,10,i miss you t
i miss you underwear,4,1,555,10,i miss you u
i miss you vs i am missing you,8,1,555,10,i miss you v
i miss you what to reply,6,1,555,10,i miss you w
i miss you with me lyrics,6,1,555,10,i miss you with
i miss you xhosa,4,1,555,10,i miss you x
i miss you yeah i miss you,7,1,555,10,i miss you y
i miss you zambian song,5,1,555,10,i miss you z
i will gonna miss you quotes,6,1,555,10,can i miss you quotes
i will miss you gift ideas,6,1,555,6,can i miss you ideas
i will missing you meaning,5,1,555,10,can i missing you
is it bad to miss my boyfriend,7,1,555,10,is it miss you boyfriend
is missing you 2016,4,1,555,10,is it missing you
long distance and really miss you website,7,1,555,5,miss you long distance a
miss you appa kavithai in tamil text,7,1,555,10,missing you app
miss you appu,3,1,555,10,miss you app
miss you best friend shayari in hindi,7,1,555,10,miss you best
miss you classmates quotes,4,1,555,10,miss you quotes c
miss you copy and paste,5,1,555,10,miss you c
miss you darling,3,1,555,10,miss you d
miss you everything in hindi,5,1,555,10,miss you e
miss you forever quotes,4,1,555,10,miss you for
miss you freestyle lyrics,4,1,555,10,miss you free
miss you friends caption,4,1,555,10,miss you f
miss you gif romantic for him long distance,8,1,555,10,miss you long distance g
miss you grandfather,3,1,555,10,miss you g
miss you grandpa message,4,1,555,10,miss you message g
miss you janu stylish name,5,1,555,10,miss you j
miss you ko math me kya bolte hai,8,1,555,10,miss you k
miss you lines for best friend,6,1,555,10,miss you ideas best
miss you love captions for instagram,6,1,555,10,miss you l
miss you love quotes in tamil,6,1,555,10,miss you quotes l
miss you meaning in kannada text,6,1,555,10,miss you m
miss you message in urdu,5,1,555,10,miss you message u
miss you message tone,4,1,555,7,miss you message t
miss you messages for mom after death,7,1,555,10,miss you message s
miss you msg to gf,5,1,555,6,miss you gf t
miss you nan quotes,4,1,555,10,miss you quotes n
miss you no more,4,1,555,10,miss you without
miss you note,3,1,555,10,miss you n
miss you old memories in hindi,6,1,555,10,miss you o
miss you package ideas,4,1,555,3,miss you ideas p
miss you papa girl,4,1,555,7,miss you gf p
miss you papa in english,5,1,555,10,miss you p
miss you papa quotes in gujarati,6,1,555,10,miss you quotes p
miss you quotes bhai,4,1,555,10,miss you quotes b
miss you quotes death loved one,6,1,555,10,miss you quotes d
miss you quotes girl,4,1,555,10,miss you quotes g
miss you quotes her,4,1,555,10,miss you quotes h
miss you quotes shayari,4,1,555,10,miss you quotes s
miss you quotes tamil for husband,6,1,555,10,miss you quotes t
miss you retirement quotes,4,1,555,10,miss you quotes r
miss you ringtone download mp3,5,1,555,10,miss you r
miss you romantic message for him,6,1,555,10,miss you message r
miss you shayari hindi 2 line,6,1,555,10,miss you s
miss you sms hindi,4,1,555,10,miss you message h
miss you too in hindi,5,1,555,10,miss you t
miss you unlimited,3,1,555,10,miss you u
miss you vn code,4,1,555,10,miss you v
miss you whatsapp status,4,1,555,10,miss you w
miss you with every beat of my heart,8,1,555,10,miss you with
miss you x shayari,4,1,555,10,miss you x
miss you yaaro meaning in hindi,6,1,555,10,miss you y
miss you zuchu ft rayvanny,5,1,555,10,miss you z
missing my boyfriend so bad,5,1,555,10,miss you boyfriend s
missing you a lot is correct,6,1,555,10,missing you a
missing you badly quotes,4,1,555,10,missing you b
missing you best friend in hindi,6,1,555,10,missing you best
missing you boyfriend in jail quotes funny,7,1,555,3,miss you boyfriend j
missing you dearly meaning,4,1,555,10,missing you d
missing you every moment,4,1,555,10,missing you e
missing you everyday quotes for her,6,1,555,10,miss you quotes e
missing you family quotes,4,1,555,10,missing you f
missing you for her quotes,5,1,555,9,missing you for
missing you grandma quotes,4,1,555,10,missing you g
missing you husband quotes,4,1,555,10,missing you h
missing you japanese song lyrics,5,1,555,10,missing you j
missing you ka reply kya de in english,8,1,555,10,missing you k
missing you lines,3,1,555,10,missing you l
missing you message for him,5,1,555,10,missing you m
missing you netflix episodes,4,1,555,10,missing you n
missing you no more,4,1,555,10,missing you without
missing you on netflix,4,1,555,10,missing you o
missing you parents guide,4,1,555,10,missing you p
missing you quotes for best friend,6,1,555,10,missing you q
missing you reply to friend,5,1,555,10,missing you r
missing you sister quotes,4,1,555,10,missing you s
missing you those days meaning in hindi,7,1,555,10,missing you t
missing you until we meet again,6,1,555,10,missing you u
missing you video,3,1,555,10,missing you v
missing you web series review,5,1,555,10,missing you w
missing you with emoji,4,1,555,10,missing you with
missing you yoo seung ho,5,1,555,10,missing you y
missing your boyfriend quotes long distance,6,1,555,10,miss you boyfriend q
missing your ldr boyfriend,4,1,555,10,miss you boyfriend l
my miss anand boyfriend,4,1,555,8,miss you boyfriend a
songs about missing your long distance partner,7,1,555,10,miss you long distance p
thank you and miss you quotes,6,1,555,10,miss you quotes y
we will miss you decoration ideas,6,1,555,3,miss you ideas d
we will miss you gift ideas,6,1,555,5,miss you ideas g
what you miss meaning,4,1,555,10,what miss you
what's i miss you in yoruba,6,1,555,10,what i miss you
when i miss my boyfriend meaning in hindi,8,1,555,8,when miss you boyfriend
when i miss you book,5,1,555,10,when i miss you
when you miss him messages,5,1,555,4,when miss you message
when you miss in hindi,5,1,555,10,when miss you
when you miss your girlfriend,5,1,555,3,when miss you gf
will forever miss you quotes,5,1,555,6,is it miss you quotes
going to miss you gift ideas,6,1,554,6,miss you ideas g
how do i miss you quotes,6,1,554,6,how miss you quotes
how i miss your mother,5,1,554,11,how i miss you
how much i miss you message for her,8,1,554,3,how miss you message
how much missing you quotes,5,1,554,11,how missing you
i love you and miss you long distance,8,1,554,11,miss you long distance y
i miss my boyfriend at night,6,1,554,9,miss you boyfriend a
i miss my boyfriend cookie meme,6,1,554,11,miss you boyfriend c
i miss my boyfriend during ramadan,6,1,554,6,miss you boyfriend d
i miss my boyfriend gay,5,1,554,3,miss you boyfriend g
i miss my boyfriend on vacation reddit,7,1,554,8,miss you boyfriend o
i miss my boyfriend pinterest,5,1,554,7,miss you boyfriend p
i miss my boyfriend when he sleeps,7,1,554,11,miss you boyfriend w
i miss the old you template capcut,7,1,554,11,i miss you template
i miss you ai generator,5,1,554,5,i miss you maker
i miss you appa meaning in tamil,7,1,554,11,i miss you app
i miss you bestie 100 times,6,1,554,11,i miss you best
i miss you bhai in hindi,6,1,554,11,i miss you b
i miss you dp,4,1,554,11,i miss you d
i miss you drama,4,1,554,11,i miss you c
i miss you even more meaning,6,1,554,11,i miss you e
i miss you family,4,1,554,11,i miss you f
i miss you forever meaning in bengali,7,1,554,11,i miss you for
i miss you gifts amazon,5,1,554,11,miss you ideas a
i miss you good night,5,1,554,11,i miss you g
i miss you how to say in tamil,8,1,554,11,i miss you h
i miss you images,4,1,554,11,i miss you i
i miss you jaan in hindi,6,1,554,11,i miss you j
i miss you korean language,5,1,554,11,i miss you k
i miss you like the deserts miss the rain,9,1,554,11,i miss you l
i miss you meaning from a girl,7,1,554,11,i miss you m
i miss you message for him,6,1,554,11,can i miss you message
i miss you nani in hindi,6,1,554,11,i miss you n
i miss you not in a slint way,8,1,554,11,i miss you without
i miss you on the train,6,1,554,11,i miss you o
i miss you picture,4,1,554,11,i miss you p
i miss you quotes in hindi,6,1,554,11,i miss you q
i miss you ringtone download mp3,6,1,554,11,i miss you r
i miss you so much messages from the heart,9,1,554,11,i miss you s
i miss you translate in hindi,6,1,554,11,i miss you t
i miss you ukulele chords,5,1,554,11,i miss you u
i miss you very much in korean,7,1,554,11,i miss you v
i miss you whatsapp status,5,1,554,11,i miss you w
i miss you with all my soul,7,1,554,11,i miss you with
i miss you xoxo meaning,5,1,554,11,i miss you x
i miss you youtube,4,1,554,11,i miss you y
i miss you zubeen the,5,1,554,11,i miss you z
i will missing you diddy,5,1,554,11,can i missing you
is missing you meaning in urdu,6,1,554,11,is it missing you
is missing your boyfriend normal,5,1,554,5,miss you boyfriend n
long distance and i miss you,6,1,554,6,miss you long distance a
long distance love miss you captions,6,1,554,11,miss you long distance c
miss u jeje quotes,4,1,554,11,miss you quotes j
miss you after goodbye dailymotion,5,1,554,11,miss you a
miss you app download,4,1,554,11,missing you app
miss you appa images,4,1,554,11,miss you app
miss you babe message,4,1,554,11,miss you message b
miss you brother,3,1,554,11,miss you b
miss you children quotes,4,1,554,11,miss you quotes c
miss you college life quotes,5,1,554,11,miss you c
miss you cousin message,4,1,554,11,miss you message c
miss you dear message,4,1,554,11,miss you message d
miss you email messages,4,1,554,11,miss you message e
miss you everything meaning in hindi,6,1,554,11,miss you e
miss you for girlfriend,4,1,554,11,miss you for
miss you girlfriend shayari in english,6,1,554,10,miss you gf e
miss you google,3,1,554,11,miss you g
miss you husband shayari in english text,7,1,554,11,miss you h
miss you jija ji,4,1,554,11,miss you j
miss you ka emoji kaun sa hai,7,1,554,11,miss you k
miss you letter to boyfriend,5,1,554,11,miss you boyfriend t
miss you love message to my husband,7,1,554,11,miss you message l
miss you love quotes in marathi,6,1,554,11,miss you quotes l
miss you love shayari,4,1,554,11,miss you l
miss you maa shayari,4,1,554,11,miss you m
miss you message for kids,5,1,554,11,miss you message k
miss you messages for sister long distance,7,1,554,11,miss you message s
miss you mum quotes,4,1,554,11,miss you quotes m
miss you my village quotes,5,1,554,11,miss you quotes v
miss you nanna quotes in english short,7,1,554,11,miss you quotes n
miss you not meaning in urdu,6,1,554,11,miss you without
miss you oliver tree original song,6,1,554,11,miss you o
miss you papa message from daughter,6,1,554,11,miss you message p
miss you pic,3,1,554,11,miss you p
miss you pic girl love download,6,1,554,8,miss you gf p
miss you quotes dog,4,1,554,11,miss you quotes d
miss you quotes for bestie,5,1,554,11,miss you ideas best
miss you quotes son,4,1,554,11,miss you quotes s
miss you quotes to wife,5,1,554,11,miss you quotes t
miss you rip quotes,4,1,554,11,miss you r
miss you rip quotes marathi,5,1,554,11,miss you quotes r
miss you sister long distance quotes,6,1,554,11,miss you long distance q
miss you spelling,3,1,554,11,miss you s
miss you too ka matlab,5,1,554,11,miss you t
miss you uncle shayari,4,1,554,11,miss you u
miss you very badly quotes,5,1,554,11,miss you v
miss you wife quotes short,5,1,554,11,miss you quotes w
miss you wishes for love,5,1,554,11,miss you w
miss you with kiss gif,5,1,554,11,miss you with
miss you xo,3,1,554,11,miss you x
miss you yaaro in hindi,5,1,554,11,miss you y
missing my boyfriend in rehab,5,1,554,6,miss you boyfriend r
missing my late boyfriend quotes,5,1,554,11,miss you boyfriend l
missing you and miss you difference,6,1,554,11,missing you a
missing you baby meaning in hindi,6,1,554,11,missing you b
missing you best friend meaning in hindi,7,1,554,11,missing you best
missing you comes in waves and tonight i'm drowning,9,1,554,11,missing you c
missing you darling,3,1,554,11,missing you d
missing you every single day quotes,6,1,554,11,missing you e
missing you format for him,5,1,554,10,missing you for
missing you funny quotes,4,1,554,11,missing you f
missing you grandfather quotes,4,1,554,11,missing you g
missing you hurts differently in hindi,6,1,554,11,missing you h
missing you john waite lyrics,5,1,554,11,missing you j
missing you kannada songs,4,1,554,11,missing you k
missing you little more today,5,1,554,11,missing you l
missing you message for him long distance paragraph copy and paste,11,1,554,11,miss you long distance p
missing you movie ott,4,1,554,11,missing you m
missing you netflix korean,4,1,554,11,missing you n
missing you no of episodes,5,1,554,11,missing you without
missing you one line quotes,5,1,554,11,missing you o
missing you poster,3,1,554,11,missing you p
missing you quotes in english,5,1,554,11,missing you q
missing you rating netflix,4,1,554,11,missing you r
missing you so badly meaning in hindi,7,1,554,11,missing you s
missing you tv series,4,1,554,11,missing you t
missing you ukulele,3,1,554,11,missing you u
missing you vanessa,3,1,554,11,missing you v
missing you watch online,4,1,554,11,missing you w
missing you with me,4,1,554,11,missing you with
missing you yeo jin goo,5,1,554,11,missing you y
missing your boyfriend quotes short,5,1,554,11,miss you boyfriend q
missing your ex boyfriend,4,1,554,11,miss you boyfriend e
missing your gf songs,4,1,554,8,miss you gf s
quotes when you miss your mom,6,1,554,11,miss you quotes y
songs about missing your long distance best friend,8,1,554,9,miss you long distance best
we miss you free images,5,1,554,11,i miss you free
we missed you sign ideas,5,1,554,7,miss you ideas s
what to do when you miss your boyfriend long distance,10,1,554,4,what miss you boyfriend
what to do when you miss your long distance bf,10,1,554,11,miss you long distance d
what's i miss you in korean,6,1,554,11,what i miss you
when i miss my boyfriend meme,6,1,554,9,when miss you boyfriend
when i miss you for the rest of my life,10,1,554,11,when i miss you
when you miss me quotes,5,1,554,7,when miss you quotes
when you miss your boyfriend,5,1,554,11,is it miss you boyfriend
when you miss your girlfriend quotes,6,1,554,4,when miss you gf
who's lose you to love me about,7,1,554,11,who miss you
why do i miss my boyfriend right after he leaves,10,1,554,11,can i miss you boyfriend
crying because you miss your boyfriend,6,1,553,6,miss you boyfriend b
cute miss you card ideas,5,1,553,12,miss you ideas c
diy miss you card ideas,5,1,553,5,miss you ideas d
flirty i miss you messages for him long distance copy and,11,1,553,12,miss you long distance c
gf bf miss you images,5,1,553,4,miss you gf b
good morning my husband i miss you long distance,9,1,553,12,miss you long distance g
how i miss you baby,5,1,553,12,how miss you
how much i miss you message for him,8,1,553,4,how miss you message
how to miss your boyfriend less,6,1,553,3,how miss you boyfriend
how to say miss you quotes,6,1,553,7,how miss you quotes
i miss my boyfriend cat meme,6,1,553,12,miss you boyfriend c
i miss my boyfriend when he was big reddit,9,1,553,12,miss you boyfriend w
i miss my boyfriend.too much reddit,6,1,553,12,miss you boyfriend t
i miss who you are not who you are in hindi,11,1,553,12,miss you without
i miss you appa quotes in tamil,7,1,553,12,i miss you app
i miss you bengali meaning,5,1,553,12,i miss you b
i miss you bestie gif,5,1,553,12,i miss you best
i miss you caption for him,6,1,553,12,i miss you c
i miss you card online,5,1,553,3,i miss you online
i miss you didi,4,1,553,12,i miss you d
i miss you every day meaning in hindi,8,1,553,12,i miss you e
i miss you font style,5,1,553,12,i miss you f
i miss you for the rest of my life,9,1,553,12,i miss you for
i miss you guys a lot meaning in hindi,9,1,553,12,i miss you g
i miss you how to tell in tamil,8,1,553,12,i miss you h
i miss you jaan shayari in hindi,7,1,553,12,i miss you j
i miss you ka matlab hindi mein,7,1,553,12,i miss you k
i miss you little extra today,6,1,553,12,i miss you l
i miss you message to make her smile,8,1,553,12,can i miss you message
i miss you more than ideas,6,1,553,10,miss you ideas t
i miss you my baby boy quotes,7,1,553,12,i miss you m
i miss you nana ji,5,1,553,12,i miss you n
i miss you not in some cheesy in hindi,9,1,553,12,i miss you without
i miss you other language,5,1,553,12,i miss you o
i miss you papa in english,6,1,553,12,i miss you p
i miss you quotations,4,1,553,12,i miss you q
i miss you reply in english,6,1,553,12,i miss you r
i miss you shayari in english,6,1,553,12,i miss you s
i miss you tattoo ideas,5,1,553,12,miss you ideas i
i miss you thoughts,4,1,553,12,i miss you t
i miss you until i close my eyes,8,1,553,12,i miss you u
i miss you vs i'm missing you,7,1,553,12,i miss you v
i miss you when i wake up before you,9,1,553,12,i miss you w
i miss you with me chords,6,1,553,12,i miss you with
i miss you xoxo,4,1,553,12,i miss you x
i miss you year,4,1,553,12,i miss you y
i miss you zubeen garg,5,1,553,12,i miss you z
if someone miss you quotes,5,1,553,8,is it miss you quotes
is missing you song,4,1,553,12,is it missing you
lose you,2,1,553,12,who miss you
miss my boyfriend meme gif,5,1,553,4,miss you boyfriend g
miss u janu quotes,4,1,553,12,miss you quotes j
miss you all meaning in hindi,6,1,553,12,miss you a
miss you appa tattoo,4,1,553,12,miss you app
miss you babu,3,1,553,12,miss you b
miss you bestie caption,4,1,553,12,miss you best
miss you bestie quotes funny,5,1,553,12,miss you quotes best
miss you brother long distance quotes,6,1,553,12,miss you long distance q
miss you brother quotes in marathi,6,1,553,12,miss you quotes b
miss you card for teacher message,6,1,553,12,miss you c
miss you chachu quotes,4,1,553,12,miss you quotes c
miss you dadi quotes in hindi,6,1,553,12,miss you d
miss you ena sara lyrics in hindi,7,1,553,12,miss you e
miss you father quotes,4,1,553,12,miss you f
miss you forever chinese drama,5,1,553,12,miss you for
miss you friend gifts,4,1,553,10,miss you ideas f
miss you ganpati bappa visarjan quotes,6,1,553,12,miss you quotes v
miss you grandmother,3,1,553,12,miss you g
miss you greeting card ideas,5,1,553,7,miss you ideas g
miss you hubby images,4,1,553,12,miss you h
miss you husband quotes in marathi,6,1,553,12,miss you quotes h
miss you jaan sms,4,1,553,12,miss you message j
miss you jiju,3,1,553,12,miss you j
miss you ki jagah kya bole in english,8,1,553,12,miss you k
miss you letter hindi,4,1,553,12,miss you message h
miss you letter to girlfriend,5,1,553,8,miss you gf t
miss you like quotes,4,1,553,12,miss you quotes l
miss you lines for love,5,1,553,12,miss you l
miss you love message for her long distance,8,1,553,12,miss you message l
miss you message for my wife,6,1,553,12,miss you message with
miss you message to friend,5,1,553,9,miss you message t
miss you messages for dad after death,7,1,553,12,miss you message s
miss you msg for gf hindi,6,1,553,4,miss you gf h
miss you mummy,3,1,553,12,miss you m
miss you my girl quotes,5,1,553,10,miss you gf q
miss you nani quotes in english,6,1,553,12,miss you quotes n
miss you nishu bhai,4,1,553,12,miss you n
miss you open online course,5,1,553,11,miss you online
miss you ott,3,1,553,12,miss you o
miss you papa after death in hindi 2 line,9,1,553,12,miss you p
miss you papa message ringtone,5,1,553,12,miss you message p
miss you papa quotes in marathi from daughter,8,1,553,12,miss you quotes p
miss you paragraph for best friend,6,1,553,12,miss you ideas best
miss you pic girl love couple,6,1,553,9,miss you gf p
miss you poems for him long distance,7,1,553,12,miss you long distance p
miss you quotes for boyfriend,5,1,553,6,miss you boyfriend n
miss you quotes sinhala,4,1,553,12,miss you quotes s
miss you quotes to boyfriend,5,1,553,12,miss you quotes t
miss you rain quotes,4,1,553,12,miss you quotes r
miss you rotavator,3,1,553,12,miss you r
miss you sms ringtone,4,1,553,12,miss you message r
miss you symbol,3,1,553,12,miss you s
miss you too meaning,4,1,553,12,miss you t
miss you vijay,3,1,553,12,miss you v
miss you whatsapp dp,4,1,553,12,miss you w
miss you wife quotes in tamil,6,1,553,12,miss you quotes w
miss you with love,4,1,553,12,miss you with
miss you xora,3,1,553,12,miss you x
miss you your smile,4,1,553,12,missing you y
miss you your voice,4,1,553,12,miss you y
missing my boyfriend in jail quotes,6,1,553,5,miss you boyfriend j
missing my boyfriend quotes for him,6,1,553,12,miss you boyfriend q
missing my late boyfriend,4,1,553,12,miss you boyfriend l
missing with you meaning,4,1,553,12,missing you with
missing you a lot in hindi,6,1,553,12,missing you a
missing you best revenge,4,1,553,12,missing you best
missing you brother meaning in hindi,6,1,553,12,missing you b
missing you drawing,3,1,553,12,missing you d
missing you everyday message,4,1,553,12,miss you message e
missing you extra today,4,1,553,12,missing you e
missing you for him messages,5,1,553,11,missing you for
missing you funny gif,4,1,553,12,missing you f
missing you gf shayari,4,1,553,9,miss you gf s
missing you guys is correct sentence,6,1,553,12,missing you g
missing you harlan coben series,5,1,553,12,missing you h
missing you in other words to say,7,1,553,12,missing you in
missing you john waite lyrics meaning,6,1,553,12,missing you j
missing you ka hindi matlab,5,1,553,12,missing you k
missing you lot meaning in telugu,6,1,553,12,missing you l
missing you maa meaning in hindi,6,1,553,12,missing you m
missing you name style,4,1,553,12,missing you n
missing you not,3,1,553,12,missing you without
missing you other language,4,1,553,12,missing you o
missing you papa quotes in english,6,1,553,12,missing you p
missing you quotes death sister,5,1,553,12,miss you quotes d
missing you quotes for her short,6,1,553,12,missing you q
missing you rotten tomatoes,4,1,553,12,missing you r
missing you so much meaning in telugu,7,1,553,12,missing you s
missing you to meaning in hindi,6,1,553,12,missing you t
missing you unconditionally meaning,4,1,553,12,missing you u
missing you vs fool me once,6,1,553,12,missing you v
missing you wiki,3,1,553,12,missing you w
missing your ex boyfriend quotes,5,1,553,12,miss you boyfriend e
p diddy i'll be missing you,6,1,553,12,can i missing you
quotes when missing your boyfriend,5,1,553,10,when miss you boyfriend
quotes when you miss your daughter,6,1,553,12,miss you quotes y
radio i miss you 2026,5,1,553,3,i miss you 2026
thank you and miss you message,6,1,553,3,miss you message y
that i m missing you,5,1,553,12,which i miss you
we missed you free printable,5,1,553,12,i miss you free
we will miss you poster ideas,6,1,553,5,miss you ideas p
we will miss you shirt ideas,6,1,553,8,miss you ideas s
we will miss you template card,6,1,553,12,i miss you template
what to do when you miss long distance boyfriend,9,1,553,12,miss you long distance d
what to do when you miss your boyfriend at night,10,1,553,5,what miss you boyfriend
what's i miss you in sign language,7,1,553,12,what i miss you
when i miss you for the rest of my life lyrics,11,1,553,12,when i miss you
when i miss you quotes for him,7,1,553,6,when miss you message
when you miss home quotes,5,1,553,8,when miss you quotes
when you miss your girlfriend message,6,1,553,5,when miss you gf
who is missing you by diana ross about,8,1,553,12,who missing you
why do i miss my boyfriend so much at night,10,1,553,12,can i miss you boyfriend
you are missing your long distance siblings meaning in urdu,10,1,553,12,miss you long distance s
you miss your ex girlfriend,5,1,553,11,miss you gf e
gf bf miss you bracelet,5,1,552,5,miss you gf b
gonna miss you card ideas,5,1,552,8,miss you ideas g
happy birthday wishes for friend miss you long distance,9,1,552,13,miss you long distance w
how i miss you so much quotes,7,1,552,13,how i miss you
how much i miss you quotes short,7,1,552,8,how miss you quotes
how to make a man miss you long distance,9,1,552,8,miss you long distance a
how to make your long distance girlfriend miss you,9,1,552,13,miss you long distance g
how to miss your boyfriend,5,1,552,4,how miss you boyfriend
how we miss you,4,1,552,13,how miss you
i am going to miss you 2026,7,1,552,4,i miss you 2026
i miss my boyfriend after 3 days,7,1,552,11,miss you boyfriend a
i miss my boyfriend cat,5,1,552,13,miss you boyfriend c
i miss my boyfriend so much i cry,8,1,552,13,miss you boyfriend s
i miss my boyfriend when he's at work,8,1,552,13,miss you boyfriend w
i miss you a lot meaning in kannada,8,1,552,13,i miss you a
i miss you appa kannada images,6,1,552,13,i miss you app
i miss you bestie meme,5,1,552,13,i miss you best
i miss you both of you meaning in hindi,9,1,552,13,i miss you b
i miss you code in c++,6,1,552,13,i miss you c
i miss you daddy,4,1,552,13,i miss you d
i miss you everyone meaning in hindi,7,1,552,13,i miss you e
i miss you ex girlfriend letter,6,1,552,12,miss you gf e
i miss you for the rest of my life meaning,10,1,552,13,i miss you for
i miss you grandma rest in peace,7,1,552,13,i miss you g
i miss you hubby in hindi,6,1,552,13,i miss you h
i miss you jan,4,1,552,13,i miss you j
i miss you ka jawab kya de,7,1,552,13,i miss you k
i miss you letter to my long distance boyfriend copy and paste,12,1,552,13,miss you long distance c
i miss you love shayari,5,1,552,13,i miss you l
i miss you maa in hindi text,7,1,552,13,i miss you m
i miss you message,4,1,552,13,can i miss you message
i miss you my girlfriend message,6,1,552,13,miss you gf m
i miss you nanna quotes short in english,8,1,552,13,i miss you n
i miss you no reason chinese drama,7,1,552,13,i miss you without
i miss you old free fire,6,1,552,13,i miss you free
i miss you oliver tree,5,1,552,13,i miss you o
i miss you papa photo,5,1,552,13,i miss you p
i miss you poems long distance relationship,7,1,552,13,miss you long distance p
i miss you quotes for husband long distance in urdu,10,1,552,3,miss you long distance u
i miss you ragnarok online,5,1,552,4,i miss you online
i miss you reels,4,1,552,13,i miss you r
i miss you reply to boyfriend over text,8,1,552,10,miss you boyfriend o
i miss you song lyrics,5,1,552,13,i miss you s
i miss you to all meaning in hindi,8,1,552,13,i miss you t
i miss you to boyfriend quotes,6,1,552,13,miss you boyfriend t
i miss you unconditionally meaning,5,1,552,13,i miss you u
i miss you voice note,5,1,552,13,i miss you v
i miss you wallpaper hd 4k,6,1,552,13,i miss you w
i miss you with red rose,6,1,552,13,i miss you with
i miss you xxl lany sweatshirt,6,1,552,13,i miss you x
i miss you yesterday,4,1,552,13,i miss you y
i miss you you message,5,1,552,4,miss you message y
i will missing you so much,6,1,552,13,can i missing you
i'll miss you card ideas,5,1,552,13,miss you ideas i
is crying because you miss your boyfriend normal,8,1,552,7,miss you boyfriend n
is it bad to send an i miss you text,10,1,552,4,is it miss you message
it was missing you meaning,5,1,552,13,is it missing you
long distance miss you quotes in english,7,1,552,12,miss you long distance e
miss him quotes with images,5,1,552,13,miss you quotes w
miss u quotes bestie,4,1,552,13,miss you quotes best
miss you all of you quotes,6,1,552,13,miss you quotes y
miss you always meaning in hindi,6,1,552,13,miss you a
miss you appa in tamil,5,1,552,13,missing you app
miss you appa photo,4,1,552,13,miss you app
miss you baba quotes,4,1,552,13,miss you quotes b
miss you baby girl quotes,5,1,552,11,miss you gf q
miss you best friend quotes in english,7,1,552,13,miss you best
miss you bhai rip in hindi whatsapp,7,1,552,13,miss you b
miss you birthday wishes for boyfriend,6,1,552,7,miss you boyfriend b
miss you car quotes,4,1,552,13,miss you quotes c
miss you card for gf,5,1,552,4,miss you gf c
miss you chacha ji,4,1,552,13,miss you c
miss you dad quotes from daughter,6,1,552,13,miss you quotes d
miss you daddy,3,1,552,13,miss you d
miss you english meaning,4,1,552,13,miss you e
miss you family,3,1,552,13,miss you f
miss you for friend,4,1,552,13,miss you for
miss you ganpati bappa visarjan quotes in english,8,1,552,13,miss you quotes v
miss you girl milli vanilli,5,1,552,3,miss you gf v
miss you grandfather quotes in marathi,6,1,552,13,miss you quotes g
miss you grandma message,4,1,552,13,miss you message g
miss you her meaning in hindi,6,1,552,13,miss you h
miss you husband quotes in tamil,6,1,552,13,miss you quotes h
miss you jaan letter,4,1,552,13,miss you message j
miss you jan,3,1,552,13,miss you j
miss you kannada kavanagalu,4,1,552,13,miss you k
miss you lot message,4,1,552,13,miss you message l
miss you lot quotes,4,1,552,13,miss you l
miss you love quotes in hindi,6,1,552,13,miss you quotes l
miss you mama ji quotes in hindi,7,1,552,13,miss you quotes j
miss you message to him,5,1,552,10,miss you message t
miss you messages for husband long distance,7,1,552,13,miss you message s
miss you mom,3,1,552,13,miss you m
miss you nanaji status in hindi,6,1,552,13,miss you n
miss you nephew quotes,4,1,552,13,miss you quotes n
miss you papa quotes in marathi from son,8,1,552,13,miss you quotes p
miss you papa shayari 2 line,6,1,552,13,miss you p
miss you pose girl,4,1,552,10,miss you gf p
miss you quotes in telugu text,6,1,552,13,miss you message in
miss you quotes short for her,6,1,552,13,miss you quotes s
miss you quotes teacher,4,1,552,13,miss you quotes t
miss you ronaldo,3,1,552,13,miss you r
miss you rumi quotes,4,1,552,13,miss you quotes r
miss you sms ringtone download,5,1,552,13,miss you message r
miss you status,3,1,552,13,miss you s
miss you to the moon and back,7,1,552,13,miss you t
miss you urdu mein,4,1,552,13,miss you u
miss you video instagram,4,1,552,13,miss you v
miss you wali shayari,4,1,552,13,miss you w
miss you with me,4,1,552,13,miss you with
miss you x memories,4,1,552,13,miss you x
miss you year,3,1,552,13,miss you y
missed you atau miss you,5,1,552,7,i miss you maker
missing my boyfriend in jail,5,1,552,6,miss you boyfriend j
missing my boyfriend in prison,5,1,552,9,miss you boyfriend p
missing my boyfriend quotes for instagram,6,1,552,13,miss you boyfriend q
missing my ex boyfriend messages,5,1,552,13,miss you boyfriend e
missing my ldr boyfriend quotes,5,1,552,13,miss you boyfriend l
missing you a lot or miss you a lot,9,1,552,13,missing you a
missing you best friend in heaven,6,1,552,13,missing you best
missing you boogie lyrics,4,1,552,13,missing you b
missing you by brandy,4,1,552,13,missing you y
missing you didi,3,1,552,13,missing you d
missing you emoji text,4,1,552,13,missing you e
missing you for him long distance,6,1,552,12,missing you for
missing you funny meme,4,1,552,13,missing you f
missing you gif for her,5,1,552,13,missing you g
missing you hardly meaning in hindi,6,1,552,13,missing you h
missing you john waite meaning,5,1,552,13,missing you j
missing you korean movie ott,5,1,552,13,missing you k
missing you love,3,1,552,13,missing you l
missing you my love quotes,5,1,552,13,missing you m
missing you nanna quotes,4,1,552,13,missing you n
missing you no,3,1,552,13,missing you without
missing you on father's day,5,1,552,13,missing you o
missing you papa in heaven,5,1,552,13,missing you p
missing you quotes for friends,5,1,552,13,missing you q
missing you right now quotes,5,1,552,13,missing you r
missing you shayari,3,1,552,13,missing you s
missing you too is correct,5,1,552,13,missing you t
missing you uk,3,1,552,13,missing you u
missing you verses,3,1,552,13,missing you v
missing you website,3,1,552,13,missing you w
open when you miss me letter ideas,7,1,552,5,when miss you ideas
read me when you miss me ideas,7,1,552,9,miss you ideas m
say that i miss you,5,1,552,13,which i miss you
we miss you meme template,5,1,552,13,i miss you template
we will miss you party ideas,6,1,552,6,miss you ideas p
we will miss you sign ideas,6,1,552,9,miss you ideas s
what to do when you miss your long distance husband,10,1,552,13,miss you long distance d
what to say when you miss your boyfriend,8,1,552,6,what miss you boyfriend
what's i miss you in tagalog,6,1,552,13,what i miss you
when i miss you dawn beyer lyrics,7,1,552,13,when i miss you
where you missing meaning in hindi,6,1,552,6,which miss you
who is i miss you im sorry about,8,1,552,13,who i miss you
who is miss you man about,6,1,552,13,who miss you
who was missing you by brandy about,7,1,552,13,who missing you
why do i miss my boyfriend as soon as he leaves,11,1,552,13,can i miss you boyfriend
why i miss you in tagalog,6,1,552,13,why i miss you
why i miss you messages for her,7,1,552,3,why miss you message
baby that i miss you,5,1,551,14,which i miss you
do you miss your ex gf,6,1,551,13,miss you gf e
happy birthday wishes for husband miss you long distance,9,1,551,14,miss you long distance w
heart touching miss you long distance love quotes for him,10,1,551,14,miss you long distance l
how i miss him quotes,5,1,551,9,how miss you quotes
how i miss you quotes for him,7,1,551,6,how miss you message
how i miss you tonight,5,1,551,14,how i miss you
how much miss you reply,5,1,551,14,how miss you
how to make a guy miss you long distance,9,1,551,14,miss you long distance g
how to make your gf miss you more,8,1,551,3,how miss you gf
how to prove you miss someone more,7,1,551,3,miss you ideas online
how to prove you miss someone through text,8,1,551,4,miss you message online
how to say you miss your boyfriend,7,1,551,5,how miss you boyfriend
i miss my boyfriend constantly,5,1,551,14,miss you boyfriend c
i miss my boyfriend so much it hurts long distance,10,1,551,14,miss you boyfriend s
i miss my boyfriend terribly,5,1,551,14,miss you boyfriend t
i miss my boyfriend wallpaper,5,1,551,14,miss you boyfriend w
i miss you 2019 watch online,6,1,551,5,i miss you online
i miss you a lot in hindi,7,1,551,14,i miss you a
i miss you appa quotes kannada short in english,9,1,551,14,i miss you app
i miss you bestie funny,5,1,551,14,i miss you best
i miss you beta,4,1,551,14,i miss you b
i miss you chacha,4,1,551,14,i miss you c
i miss you dad i am very broken song,9,1,551,14,i miss you d
i miss you every time in hindi,7,1,551,14,i miss you e
i miss you for the rest of my life lyrics,10,1,551,14,i miss you for
i miss you french,4,1,551,14,i miss you f
i miss you goblin lyrics,5,1,551,14,i miss you g
i miss you home,4,1,551,14,i miss you h
i miss you in kannada meaning,6,1,551,14,i miss you in
i miss you ji in hindi,6,1,551,14,i miss you j
i miss you ka code,5,1,551,14,i miss you k
i miss you long distance songs,6,1,551,14,can i miss you long distance
i miss you lyrics blink 182,6,1,551,14,i miss you l
i miss you message for my love,7,1,551,14,can i miss you message
i miss you mom,4,1,551,14,i miss you m
i miss you nickname,4,1,551,14,i miss you n
i miss you not meaning,5,1,551,14,i miss you without
i miss you other term,5,1,551,14,i miss you o
i miss you papa shayari in english,7,1,551,14,i miss you p
i miss you physically meaning,5,1,551,5,i miss you 2026
i miss you quotes for husband,6,1,551,14,i miss you q
i miss you quotes for husband long distance in english,10,1,551,13,miss you long distance e
i miss you ringtone message,5,1,551,14,i miss you r
i miss you so much in tamil,7,1,551,14,i miss you s
i miss you stickers free,5,1,551,14,i miss you free
i miss you this moment meaning in hindi,8,1,551,14,i miss you t
i miss you unud,4,1,551,14,i miss you u
i miss you video download,5,1,551,14,i miss you v
i miss you voice message for him,7,1,551,13,miss you message v
i miss you whatsapp dp,5,1,551,14,i miss you w
i miss you with all my heart meaning,8,1,551,14,i miss you with
i miss you with numbers,5,1,551,14,missing you with
i miss you xxl lany lyrics,6,1,551,14,i miss you x
i miss you yes i do,6,1,551,14,i miss you y
i miss you zulu translation,5,1,551,14,i miss you z
i will missing you quotes,5,1,551,14,can i missing you
long distance miss you quotes in urdu,7,1,551,4,miss you long distance u
love is missing you quotes,5,1,551,10,is it miss you quotes
miss my boyfriend all the time reddit,7,1,551,12,miss you boyfriend a
miss u quotes wife,4,1,551,14,miss you quotes w
miss you 3000,3,1,551,14,miss you x
miss you after the apocalypse,5,1,551,14,miss you a
miss you all quotes,4,1,551,14,miss you message a
miss you already meaning,4,1,551,4,miss you 2027
miss you appa thought,4,1,551,14,miss you app
miss you application,3,1,551,14,missing you app
miss you bestie quotes short in english,7,1,551,14,miss you quotes best
miss you bro,3,1,551,14,miss you b
miss you brother quotes after death from sister,8,1,551,14,miss you quotes b
miss you card for kids,5,1,551,14,miss you c
miss you chithappa quotes in tamil,6,1,551,14,miss you quotes c
miss you dad quotes in english,6,1,551,14,miss you quotes d
miss you didi,3,1,551,14,miss you d
miss you everyday,3,1,551,14,miss you e
miss you font style,4,1,551,14,miss you f
miss you forever and ever,5,1,551,14,miss you for
miss you girl bestie quotes,5,1,551,12,miss you gf q
miss you girl group,4,1,551,3,miss you gf g
miss you grandma quotes in tamil,6,1,551,14,miss you quotes g
miss you greetings message,4,1,551,14,miss you message g
miss you hubby message,4,1,551,14,miss you message h
miss you husband quotes malayalam,5,1,551,14,miss you quotes h
miss you husband shayari in hindi,6,1,551,14,miss you h
miss you jaan shayari for boyfriend,6,1,551,7,miss you boyfriend j
miss you jaan style name,5,1,551,14,miss you j
miss you kaka quotes in hindi,6,1,551,14,miss you quotes k
miss you ko aur kya bolte hai in english,9,1,551,14,miss you k
miss you lines kannada,4,1,551,14,miss you l
miss you lot quotes in english,6,1,551,14,miss you quotes l
miss you love message to my love,7,1,551,14,miss you message l
miss you maa capcut template,5,1,551,14,miss you template
miss you mam quotes in english,6,1,551,14,miss you quotes m
miss you mama,3,1,551,14,miss you m
miss you message for work colleague,6,1,551,14,miss you message w
miss you message to her,5,1,551,11,miss you message t
miss you messages for fiance,5,1,551,14,miss you message s
miss you mom long distance message,6,1,551,14,miss you long distance m
miss you mum quotes uk,5,1,551,14,miss you quotes u
miss you my boyfriend quotes,5,1,551,14,miss you boyfriend q
miss you name style for instagram,6,1,551,14,miss you n
miss you nana quotes in hindi,6,1,551,14,miss you quotes n
miss you opposite word in english,6,1,551,14,miss you o
miss you papa tattoo,4,1,551,14,miss you p
miss you paragraphs for boyfriend,5,1,551,10,miss you boyfriend p
miss you parents quotes,4,1,551,14,miss you quotes p
miss you photo frame online,5,1,551,13,miss you online
miss you quotes for best friend in english,8,1,551,14,miss you ideas best
miss you quotes in tamil text,6,1,551,14,miss you message in
miss you quotes instagram,4,1,551,14,miss you quotes in
miss you quotes short for boyfriend,6,1,551,14,miss you quotes s
miss you quotes to daughter,5,1,551,14,miss you quotes t
miss you reply message to boyfriend,6,1,551,14,miss you message r
miss you romantic gif,4,1,551,14,miss you r
miss you roomie quotes,4,1,551,14,miss you quotes r
miss you sad girl pic,5,1,551,11,miss you gf p
miss you sasur ji quotes in hindi,7,1,551,14,miss you quotes j
miss you shayari in english,5,1,551,14,miss you s
miss you sister quotes one line,6,1,551,14,miss you quotes o
miss you so much girlfriend,5,1,551,14,miss you gf m
miss you to meaning in hindi,6,1,551,14,miss you t
miss you unique way,4,1,551,14,miss you u
miss you veere,3,1,551,14,miss you v
miss you website,3,1,551,14,miss you w
miss you with numbers,4,1,551,14,miss you with
miss you words for boyfriend,5,1,551,14,miss you boyfriend f
miss you yrr shayari,4,1,551,14,miss you y
missing example,2,1,551,3,missing you 2027
missing my boyfriend in heaven quotes short,7,1,551,10,miss you boyfriend h
missing my ex boyfriend after years,6,1,551,14,miss you boyfriend e
missing you all meaning,4,1,551,14,missing you a
missing you best friend quotes,5,1,551,14,missing you b
missing you best songs,4,1,551,14,missing you best
missing you by john waite,5,1,551,14,missing you y
missing you daddy in heaven,5,1,551,14,missing you d
missing you everyday quotes,4,1,551,14,missing you e
missing you for my husband,5,1,551,13,missing you for
missing you funny images,4,1,551,14,missing you f
missing you girls,3,1,551,14,missing you g
missing you hindi songs,4,1,551,14,missing you h
missing you john waite song meaning,6,1,551,14,missing you j
missing you korean drama,4,1,551,14,missing you 
missing you korean movie where to watch,7,1,551,14,missing you k
missing you lately meaning,4,1,551,14,missing you l
missing you mashup 2026,4,1,551,14,missing you 2026
missing you meaning in bengali,5,1,551,14,missing you m
missing you netflix ending,4,1,551,14,missing you n
missing you no cap lyrics,5,1,551,14,missing you without
missing you on your birthday in heaven,7,1,551,14,missing you o
missing you plot,3,1,551,14,missing you p
missing you quotes for him short,6,1,551,14,missing you q
missing you royal in hindi,5,1,551,14,missing you r
missing you so much quotes,5,1,551,14,missing you s
missing you so much template,5,1,551,14,missing you template
missing you telugu meaning,4,1,551,14,missing you t
missing you uncle in heaven,5,1,551,14,missing you u
missing you vzw,3,1,551,14,missing you v
missing you wife images,4,1,551,14,missing you w
quotes when you miss your sister,6,1,551,14,miss you quotes y
shayari miss you long distance relationship quotes in punjabi,9,1,551,14,miss you long distance s
sorry we missed you template,5,1,551,14,i miss you template
telling your gf you miss her,6,1,551,6,miss you gf h
vadil miss you quotes in marathi,6,1,551,14,miss you quotes v
we will miss you banner ideas,6,1,551,5,miss you ideas b
what can i say instead of miss you,8,1,551,12,miss you ideas t
what can you miss about your boyfriend,7,1,551,7,what miss you boyfriend
what if miss you for the rest of my life lyrics,11,1,551,14,what miss you
what is missing you by john waite about,8,1,551,14,what missing you
what to do if you miss your long distance partner,10,1,551,14,miss you long distance p
what to miss about my boyfriend,6,1,551,8,miss you boyfriend n
what to say when you miss your boyfriend over text,10,1,551,11,miss you boyfriend o
what's i miss you in chinese,6,1,551,14,what i miss you
when i miss him quotes,5,1,551,10,when miss you quotes
when i miss you everywhere song,6,1,551,14,when i miss you
when you miss your ex boyfriend,6,1,551,12,when miss you boyfriend
who is i miss you man about,7,1,551,14,who i miss you
who is miss you by oliver tree about,8,1,551,14,who miss you
who's in missing you netflix,5,1,551,14,who missing you
why do i miss my boyfriend so much when he leaves,11,1,551,14,can i miss you boyfriend
why i am missing you quotes,6,1,551,4,why miss you quotes
why i miss my boyfriend,5,1,551,3,why miss you boyfriend
why i miss you poem,5,1,551,14,why i miss you
will i miss you for the rest of my life,10,1,551,14,can i miss you
can i say miss you,5,1,550,15,can i missing you
can you miss someone forever,5,1,550,6,i miss you 2026
do i miss you in tagalog,6,1,550,15,can i miss you
heart touching miss you long distance relationship shayari in hindi,10,1,550,15,miss you long distance t
how can miss someone you never met,7,1,550,8,which miss you
how i miss you every single day,7,1,550,15,how i miss you
how i miss you in tagalog,6,1,550,15,how miss you
how much im missing you quotes,6,1,550,10,how miss you quotes
how to make a girl miss you long distance,9,1,550,10,miss you long distance a
how to prove you miss your boyfriend,7,1,550,6,how miss you boyfriend
i miss my boyfriend long distance reddit,7,1,550,15,miss you boyfriend l
i miss my boyfriend so i made him into a cookie,11,1,550,15,miss you boyfriend s
i miss my boyfriend the second he leaves,8,1,550,15,miss you boyfriend t
i miss my boyfriend when he sleeps reddit,8,1,550,15,miss you boyfriend w
i miss you amma,4,1,550,15,i miss you a
i miss you appa quotes in english,7,1,550,15,i miss you app
i miss you baby meaning in hindi,7,1,550,15,i miss you b
i miss you best friend gif,6,1,550,15,i miss you best
i miss you caption for husband,6,1,550,15,i miss you c
i miss you care package ideas,6,1,550,8,miss you ideas p
i miss you chinese movie watch online,7,1,550,6,i miss you online
i miss you clipart free,5,1,550,15,i miss you free
i miss you dada ji in hindi,7,1,550,15,i miss you d
i miss you daddy message,5,1,550,15,miss you message d
i miss you every single day quotes,7,1,550,15,i miss you e
i miss you father quotes,5,1,550,15,i miss you f
i miss you for the rest of my life chords,10,1,550,15,i miss you for
i miss you grandma quotes,5,1,550,15,i miss you g
i miss you hindi songs,5,1,550,15,i miss you h
i miss you im sorry,5,1,550,15,i miss you i
i miss you in tulu,5,1,550,15,i miss you in
i miss you japanese,4,1,550,15,i miss you j
i miss you ka code word,6,1,550,15,i miss you k
i miss you love letter to my wife long distance copy and,12,1,550,15,miss you long distance c
i miss you love quotes,5,1,550,15,i miss you l
i miss you message to make him smile,8,1,550,15,can i miss you message
i miss you more,4,1,550,15,i miss you m
i miss you more reply to boyfriend over text,9,1,550,12,miss you boyfriend o
i miss you my girlfriend in spanish,7,1,550,15,miss you gf m
i miss you no 3 meters,6,1,550,15,i miss you without
i miss you notification tone download,6,1,550,15,i miss you n
i miss you old days when my smile was real,10,1,550,15,i miss you o
i miss you papa song,5,1,550,15,i miss you p
i miss you quotes for friends,6,1,550,15,i miss you q
i miss you ronaldo,4,1,550,15,i miss you r
i miss you so much meaning,6,1,550,15,i miss you s
i miss you too in french,6,1,550,15,i miss you t
i miss you ugandan song,5,1,550,15,i miss you u
i miss you video message,5,1,550,14,miss you message v
i miss you with flowers,5,1,550,15,missing you with
i miss you word 1000 times,6,1,550,15,i miss you w
i miss you xxl chords,5,1,550,15,i miss you x
i miss you you know,5,1,550,15,i miss you y
i miss you you quotes,5,1,550,15,miss you quotes y
i miss you zach webb lyrics,6,1,550,15,i miss you z
is it normal to miss your girlfriend,7,1,550,5,is it miss you gf
is miss you more than life,6,1,550,15,is it miss you
long distance miss u quotes,5,1,550,5,miss you long distance u
make them miss you quotes,5,1,550,9,i miss you maker
miss explained,2,1,550,5,miss you gf v
miss my boyfriend,3,1,550,15,miss you boyfriend
miss u xaviersobased,3,1,550,15,miss you x
miss what we had quotes,5,1,550,5,miss you quotes q
miss you ajoba quotes in marathi text,7,1,550,15,miss you quotes a
miss you already movie,4,1,550,15,miss you a
miss you appa kavithai in english,6,1,550,15,missing you app
miss you appa lines,4,1,550,15,miss you app
miss you baba,3,1,550,15,miss you b
miss you bestie images,4,1,550,15,miss you best
miss you bestie quotes in english for girl,8,1,550,15,miss you quotes best
miss you bhai capcut template,5,1,550,15,miss you template
miss you both quotes,4,1,550,15,miss you quotes b
miss you brother message,4,1,550,15,miss you message b
miss you cake,3,1,550,15,miss you c
miss you captions for best friend girl,7,1,550,15,miss you ideas best
miss you card messages for her,6,1,550,15,miss you message c
miss you cricket quotes,4,1,550,15,miss you quotes c
miss you dadaji quotes,4,1,550,15,miss you quotes d
miss you day 2026,4,1,550,15,miss you 2026
miss you dost shayari,4,1,550,15,miss you d
miss you emoji text,4,1,550,15,miss you e
miss you forgot something audio,5,1,550,15,miss you for
miss you friends status,4,1,550,15,miss you f
miss you ganpati bappa visarjan quotes marathi,7,1,550,15,miss you quotes v
miss you gift,3,1,550,15,miss you g
miss you girlfriend quotes,4,1,550,13,miss you gf q
miss you grandmother quotes in english,6,1,550,15,miss you quotes g
miss you home,3,1,550,15,miss you h
miss you husband quotes in hindi,6,1,550,15,miss you quotes h
miss you husband quotes urdu,5,1,550,15,miss you quotes u
miss you in german,4,1,550,15,miss you in
miss you jaan emoji,4,1,550,15,miss you j
miss you ko korean me kya bolte hai,8,1,550,15,miss you k
miss you krishna quotes,4,1,550,15,miss you quotes k
miss you legend quotes,4,1,550,15,miss you quotes l
miss you letter for boyfriend long distance,7,1,550,15,miss you boyfriend f
miss you letter goodbye,4,1,550,15,miss you message g
miss you long distance relationship quotes in marathi,8,1,550,15,miss you long distance i
miss you lyrics oliver tree,5,1,550,15,miss you l
miss you message,3,1,550,15,miss you m
miss you message for wife,5,1,550,15,miss you message with
miss you message to my girlfriend,6,1,550,12,miss you message t
miss you messages for husband in marathi,7,1,550,15,miss you message s
miss you messages for long distance boyfriend,7,1,550,15,miss you long distance b
miss you mom quotes in marathi,6,1,550,15,miss you message m
miss you msg for gf in marathi,7,1,550,15,miss you gf i
miss you nana ji in hindi,6,1,550,15,miss you n
miss you nana ji quotes in hindi,7,1,550,15,miss you quotes j
miss you nanu quotes,4,1,550,15,miss you quotes n
miss you number,3,1,550,3,miss you gf n
miss you oliver tree original,5,1,550,15,miss you o
miss you papa ji message,5,1,550,15,miss you message j
miss you papa quotes english,5,1,550,15,miss you quotes e
miss you papa status,4,1,550,15,miss you p
miss you partner quotes,4,1,550,15,miss you quotes p
miss you photo frame online free,6,1,550,14,miss you online
miss you quotes for one sided love,7,1,550,15,miss you quotes o
miss you quotes him,4,1,550,15,miss you message h
miss you quotes in english for boyfriend long distance,9,1,550,14,miss you long distance e
miss you quotes in tamil for husband,7,1,550,15,miss you message i
miss you quotes to sister,5,1,550,15,miss you quotes t
miss you reels,3,1,550,15,miss you r
miss you rip quotes for loved ones,7,1,550,15,miss you quotes r
miss you sister quotes in marathi,6,1,550,15,miss you quotes s
miss you synonyms,3,1,550,15,miss you s
miss you tamil movie,4,1,550,15,miss you t
miss you thinking of you quotes,6,1,550,3,miss you quotes x
miss you update,3,1,550,15,miss you u
miss you virat kohli,4,1,550,15,miss you v
miss you wife shayari in hindi,6,1,550,15,miss you w
miss you wife sms,4,1,550,15,miss you message w
miss you yaar shayari in hindi,6,1,550,15,miss you y
missing already meaning,3,1,550,4,missing you 2027
missing my ex boyfriend songs,5,1,550,15,miss you boyfriend e
missing someone quotes in english,5,1,550,5,miss you quotes z
missing the point examples,4,1,550,6,miss you ideas u
missing you 2012 watch online,5,1,550,12,missing you online
missing you amma quotes,4,1,550,15,missing you a
missing you bhai in hindi,5,1,550,15,missing you b
missing you by diana ross,5,1,550,15,missing you y
missing you cast korean,4,1,550,15,missing you x
missing you deeply,3,1,550,15,missing you d
missing you every single day,5,1,550,15,missing you e
missing you for him quotes,5,1,550,14,missing you for
missing you good morning message,5,1,550,15,missing you g
missing you here meaning,4,1,550,15,missing you h
missing you in marathi,4,1,550,15,missing you in
missing you jack zhang lyrics,5,1,550,15,missing you j
missing you kdrama total episodes,5,1,550,15,missing you k
missing you like crazy,4,1,550,15,missing you l
missing you message for her,5,1,550,15,missing you m
missing you niece quotes,4,1,550,15,missing you n
missing you no matlab,4,1,550,15,missing you without
missing you or miss you meaning,6,1,550,15,missing you o
missing you poster meme,4,1,550,15,missing you p
missing you quotes for love,5,1,550,15,missing you q
missing you reels,3,1,550,15,missing you r
missing you sister meaning in hindi,6,1,550,15,missing you s
missing you so much template meme,6,1,550,15,missing you template
missing you too much,4,1,550,15,missing you t
missing you uk series,4,1,550,15,missing you u
missing you vaines lyrics,4,1,550,15,missing you v
missing you where was it filmed,6,1,550,15,missing you w
poem that i miss you,5,1,550,15,which i miss you
romantic heart touching miss you long distance love quotes,9,1,550,15,miss you long distance l
say i miss you without sounding needy,7,1,550,15,miss you without
should i send an i miss you text,8,1,550,6,is it miss you message
something i miss quotes,4,1,550,4,miss you ideas q
sorry we missed you template free,6,1,550,15,i miss you template
we will miss you card ideas kids,7,1,550,3,miss you ideas k
we'll miss you card ideas,5,1,550,11,miss you ideas w
what i miss you meaning in hindi,7,1,550,15,what i miss you
what is miss you by oliver tree about,8,1,550,15,what miss you
what is missing you by harlan coben about,8,1,550,15,what missing you
what to do when you miss your long distance relationship,10,1,550,15,miss you long distance d
what to post to make her miss you,8,1,550,4,what miss you gf
what to say when you miss your girlfriend,8,1,550,8,when miss you gf
what to say when you missed a text,8,1,550,9,when miss you message
when i miss u quotes,5,1,550,11,when miss you quotes
when i miss you chinese drama,6,1,550,15,when i miss you
when you miss a man,5,1,550,15,when miss you
who is i miss you man by old dominion about,10,1,550,15,who i miss you
who is missing you by p diddy about,8,1,550,15,who missing you
who was miss you by aaliyah about,7,1,550,15,who miss you
why do i miss my boyfriend more than usual,9,1,550,15,can i miss you boyfriend
why i miss you all the time,7,1,550,15,why i miss you
why i miss you quotes for him,7,1,550,5,why miss you message
why we miss you,4,1,550,15,why miss you
why you miss your ex boyfriend,6,1,550,4,why miss you boyfriend
