suggestion,words,prefix_hits,relevance,best_rank,source_prefixes
120 roses meaning love,4,32,601,1,12 roses meaning a | 12 roses meaning b | 12 roses meaning c | 12 roses meaning d | 12 roses meaning e | 12 roses meaning f | 12 roses meaning g | 12 roses meaning h | 12 roses meaning i | 12 roses meaning j | 12 roses meaning k | 12 roses meaning l | 12 roses meaning n | 12 roses meaning o | 12 roses meaning p | 12 roses meaning r | 12 roses meaning s | 12 roses meaning w | 12 roses meaning x | 12 roses meaning y | 12 roses meaning z | 12 roses meaning best | 12 roses meaning free | 12 roses meaning online | 12 roses meaning with | 12 roses meaning for | 12 roses meaning in | 12 roses meaning app | 12 roses meaning maker | 12 roses meaning template | how 12 roses meaning | what 12 roses meaning
friendship day gift for best friend forever,7,29,601,1,friendship day gift for best friend a | friendship day gift for best friend b | friendship day gift for best friend c | friendship day gift for best friend d | friendship day gift for best friend f | friendship day gift for best friend g | friendship day gift for best friend h | friendship day gift for best friend i | friendship day gift for best friend j | friendship day gift for best friend l | friendship day gift for best friend m | friendship day gift for best friend n | friendship day gift for best friend o | friendship day gift for best friend p | friendship day gift for best friend r | friendship day gift for best friend s | friendship day gift for best friend t | friendship day gift for best friend u | friendship day gift for best friend w | friendship day gift for best friend x | friendship day gift for best friend y | friendship day gift for best friend z | friendship day gift for best friend best | friendship day gift for best friend free | friendship day gift for best friend with | friendship day gift for best friend for | friendship day gift for best friend in | friendship day gift for best friend without | friendship day gift for best friend template
which flower for which god,5,29,601,1,which flower for which occasion | which flower for which occasion  | which flower for which occasion b | which flower for which occasion c | which flower for which occasion d | which flower for which occasion e | which flower for which occasion f | which flower for which occasion g | which flower for which occasion i | which flower for which occasion j | which flower for which occasion k | which flower for which occasion m | which flower for which occasion n | which flower for which occasion p | which flower for which occasion q | which flower for which occasion r | which flower for which occasion s | which flower for which occasion t | which flower for which occasion v | which flower for which occasion w | which flower for which occasion x | which flower for which occasion z | which flower for which occasion best | which flower for which occasion with | which flower for which occasion without | which flower for which occasion 2026 | how which flower for which occasion | which which flower for which occasion | who which flower for which occasion
friendship day gift for best friend girl,7,28,1250,1,friendship day gift for best friend | friendship day gift for best friend  | friendship day gift for best friend b | friendship day gift for best friend c | friendship day gift for best friend d | friendship day gift for best friend f | friendship day gift for best friend g | friendship day gift for best friend h | friendship day gift for best friend l | friendship day gift for best friend n | friendship day gift for best friend p | friendship day gift for best friend s | friendship day gift for best friend t | friendship day gift for best friend u | friendship day gift for best friend w | friendship day gift for best friend y | friendship day gift for best friend best | friendship day gift for best friend free | friendship day gift for best friend for | friendship day gift for best friend in | how friendship day gift for best friend | what friendship day gift for best friend | when friendship day gift for best friend | why friendship day gift for best friend | which friendship day gift for best friend | who friendship day gift for best friend | can i friendship day gift for best friend | is it friendship day gift for best friend
12 roses meaning,3,26,601,1,12 roses meaning  | 12 roses meaning a | 12 roses meaning c | 12 roses meaning d | 12 roses meaning e | 12 roses meaning g | 12 roses meaning h | 12 roses meaning i | 12 roses meaning j | 12 roses meaning k | 12 roses meaning l | 12 roses meaning n | 12 roses meaning p | 12 roses meaning r | 12 roses meaning s | 12 roses meaning w | 12 roses meaning x | 12 roses meaning y | 12 roses meaning z | 12 roses meaning best | 12 roses meaning free | 12 roses meaning online | 12 roses meaning with | 12 roses meaning in | 12 roses meaning app | 12 roses meaning maker
12 roses meaning love,4,25,601,2,12 roses meaning | 12 roses meaning  | 12 roses meaning a | 12 roses meaning b | 12 roses meaning c | 12 roses meaning d | 12 roses meaning e | 12 roses meaning g | 12 roses meaning h | 12 roses meaning j | 12 roses meaning k | 12 roses meaning l | 12 roses meaning n | 12 roses meaning p | 12 roses meaning r | 12 roses meaning s | 12 roses meaning w | 12 roses meaning y | 12 roses meaning z | 12 roses meaning best | 12 roses meaning online | 12 roses meaning with | 12 roses meaning for | 12 roses meaning app | 12 roses meaning maker
jasmine flower meaning in english,5,25,600,4,jasmine flower meaning | jasmine flower meaning  | jasmine flower meaning a | jasmine flower meaning d | jasmine flower meaning f | jasmine flower meaning g | jasmine flower meaning i | jasmine flower meaning j | jasmine flower meaning k | jasmine flower meaning l | jasmine flower meaning m | jasmine flower meaning n | jasmine flower meaning o | jasmine flower meaning p | jasmine flower meaning r | jasmine flower meaning u | jasmine flower meaning v | jasmine flower meaning w | jasmine flower meaning x | jasmine flower meaning y | jasmine flower meaning with | jasmine flower meaning for | jasmine flower meaning in | what jasmine flower meaning | is it jasmine flower meaning
friendship day gift for best friend easy,7,24,601,1,friendship day gift for best friend a | friendship day gift for best friend b | friendship day gift for best friend c | friendship day gift for best friend d | friendship day gift for best friend f | friendship day gift for best friend g | friendship day gift for best friend i | friendship day gift for best friend j | friendship day gift for best friend l | friendship day gift for best friend m | friendship day gift for best friend n | friendship day gift for best friend o | friendship day gift for best friend p | friendship day gift for best friend r | friendship day gift for best friend s | friendship day gift for best friend t | friendship day gift for best friend u | friendship day gift for best friend w | friendship day gift for best friend x | friendship day gift for best friend y | friendship day gift for best friend z | friendship day gift for best friend with | friendship day gift for best friend for | friendship day gift for best friend without
gerbera meaning in flower language,5,22,601,1,gerbera flower meaning a | gerbera flower meaning b | gerbera flower meaning e | gerbera flower meaning f | gerbera flower meaning g | gerbera flower meaning j | gerbera flower meaning m | gerbera flower meaning o | gerbera flower meaning r | gerbera flower meaning t | gerbera flower meaning u | gerbera flower meaning v | gerbera flower meaning w | gerbera flower meaning x | gerbera flower meaning z | gerbera flower meaning best | gerbera flower meaning free | gerbera flower meaning app | gerbera flower meaning template | gerbera flower meaning 2026 | gerbera flower meaning 2027 | how gerbera flower meaning
friendship day gift for best friend boy,7,21,1250,1,friendship day gift for best friend | friendship day gift for best friend  | friendship day gift for best friend b | friendship day gift for best friend c | friendship day gift for best friend f | friendship day gift for best friend h | friendship day gift for best friend j | friendship day gift for best friend m | friendship day gift for best friend p | friendship day gift for best friend best | friendship day gift for best friend free | friendship day gift for best friend for | friendship day gift for best friend in | how friendship day gift for best friend | what friendship day gift for best friend | when friendship day gift for best friend | why friendship day gift for best friend | which friendship day gift for best friend | who friendship day gift for best friend | can i friendship day gift for best friend | is it friendship day gift for best friend
gerbera flower meaning in malayalam,5,21,601,1,gerbera flower meaning | gerbera flower meaning  | gerbera flower meaning a | gerbera flower meaning b | gerbera flower meaning e | gerbera flower meaning f | gerbera flower meaning g | gerbera flower meaning i | gerbera flower meaning j | gerbera flower meaning k | gerbera flower meaning n | gerbera flower meaning r | gerbera flower meaning t | gerbera flower meaning u | gerbera flower meaning v | gerbera flower meaning w | gerbera flower meaning z | gerbera flower meaning free | gerbera flower meaning with | gerbera flower meaning for | gerbera flower meaning in
women's day flower bouquet,4,21,601,1,womens day flower | womens day flower  | womens day flower a | womens day flower b | womens day flower c | womens day flower d | womens day flower e | womens day flower f | womens day flower g | womens day flower h | womens day flower m | womens day flower n | womens day flower o | womens day flower p | womens day flower s | womens day flower x | womens day flower y | womens day flower z | womens day flower online | womens day flower for | womens day flower without
women's day flower delivery,4,21,601,1,womens day flower | womens day flower  | womens day flower a | womens day flower b | womens day flower c | womens day flower d | womens day flower e | womens day flower f | womens day flower g | womens day flower h | womens day flower m | womens day flower n | womens day flower o | womens day flower p | womens day flower s | womens day flower w | womens day flower x | womens day flower y | womens day flower z | womens day flower online | womens day flower for
womens day flower images,4,21,601,1,womens day flower  | womens day flower a | womens day flower b | womens day flower c | womens day flower d | womens day flower e | womens day flower f | womens day flower g | womens day flower h | womens day flower i | womens day flower m | womens day flower n | womens day flower o | womens day flower p | womens day flower q | womens day flower r | womens day flower s | womens day flower x | womens day flower y | womens day flower z | womens day flower for
what to do for friendship day,6,21,600,2,friendship day gift for best friend b | friendship day gift for best friend c | friendship day gift for best friend d | friendship day gift for best friend f | friendship day gift for best friend g | friendship day gift for best friend h | friendship day gift for best friend i | friendship day gift for best friend l | friendship day gift for best friend m | friendship day gift for best friend n | friendship day gift for best friend o | friendship day gift for best friend s | friendship day gift for best friend t | friendship day gift for best friend u | friendship day gift for best friend w | friendship day gift for best friend y | friendship day gift for best friend best | friendship day gift for best friend with | friendship day gift for best friend for | friendship day gift for best friend in | friendship day gift for best friend 2026
what does 12 roses means,5,20,600,2,12 roses meaning a | 12 roses meaning b | 12 roses meaning c | 12 roses meaning d | 12 roses meaning f | 12 roses meaning g | 12 roses meaning i | 12 roses meaning l | 12 roses meaning n | 12 roses meaning o | 12 roses meaning p | 12 roses meaning r | 12 roses meaning s | 12 roses meaning w | 12 roses meaning y | 12 roses meaning with | 12 roses meaning for | 12 roses meaning in | how 12 roses meaning | what 12 roses meaning
what does 12 roses symbolize,5,20,600,2,12 roses meaning a | 12 roses meaning b | 12 roses meaning c | 12 roses meaning d | 12 roses meaning f | 12 roses meaning g | 12 roses meaning i | 12 roses meaning l | 12 roses meaning n | 12 roses meaning o | 12 roses meaning p | 12 roses meaning r | 12 roses meaning s | 12 roses meaning w | 12 roses meaning y | 12 roses meaning with | 12 roses meaning for | 12 roses meaning in | how 12 roses meaning | what 12 roses meaning
jasmine flower meaning in hindi,5,19,1250,2,jasmine flower meaning | jasmine flower meaning  | jasmine flower meaning a | jasmine flower meaning d | jasmine flower meaning e | jasmine flower meaning f | jasmine flower meaning g | jasmine flower meaning i | jasmine flower meaning j | jasmine flower meaning k | jasmine flower meaning l | jasmine flower meaning m | jasmine flower meaning n | jasmine flower meaning p | jasmine flower meaning u | jasmine flower meaning y | jasmine flower meaning with | jasmine flower meaning for | jasmine flower meaning in
flowers to propose a girl,5,19,601,1,flower to propose a girl | flower to propose a girl  | flower to propose a girl j | flower to propose a girl n | flower to propose a girl q | flower to propose a girl u | flower to propose a girl x | flower to propose a girl best | flower to propose a girl online | flower to propose a girl in | flower to propose a girl app | flower to propose a girl maker | flower to propose a girl 2026 | flower to propose a girl 2027 | what flower to propose a girl | when flower to propose a girl | why flower to propose a girl | which flower to propose a girl | who flower to propose a girl
friendship day gift ideas for best friend,7,19,600,2,friendship day gift for best friend b | friendship day gift for best friend c | friendship day gift for best friend d | friendship day gift for best friend f | friendship day gift for best friend g | friendship day gift for best friend h | friendship day gift for best friend l | friendship day gift for best friend m | friendship day gift for best friend n | friendship day gift for best friend s | friendship day gift for best friend t | friendship day gift for best friend u | friendship day gift for best friend w | friendship day gift for best friend y | friendship day gift for best friend best | friendship day gift for best friend with | friendship day gift for best friend for | friendship day gift for best friend in | friendship day gift for best friend 2026
why is there a women's day,6,19,600,2,womens day flower a | womens day flower b | womens day flower c | womens day flower d | womens day flower e | womens day flower f | womens day flower g | womens day flower h | womens day flower m | womens day flower n | womens day flower o | womens day flower p | womens day flower q | womens day flower r | womens day flower s | womens day flower w | womens day flower y | womens day flower with | womens day flower for
jasmine flower meaning in india,5,18,601,1,jasmine flower meaning a | jasmine flower meaning d | jasmine flower meaning f | jasmine flower meaning g | jasmine flower meaning j | jasmine flower meaning l | jasmine flower meaning o | jasmine flower meaning p | jasmine flower meaning r | jasmine flower meaning u | jasmine flower meaning v | jasmine flower meaning w | jasmine flower meaning x | jasmine flower meaning y | jasmine flower meaning z | jasmine flower meaning 2026 | jasmine flower meaning 2027 | is it jasmine flower meaning
which flower used for decoration,5,18,601,1,which flower for which occasion | which flower for which occasion  | which flower for which occasion b | which flower for which occasion c | which flower for which occasion d | which flower for which occasion e | which flower for which occasion f | which flower for which occasion n | which flower for which occasion t | which flower for which occasion w | which flower for which occasion x | which flower for which occasion z | which flower for which occasion free | which flower for which occasion with | which flower for which occasion without | which flower for which occasion app | which flower for which occasion maker | which flower for which occasion template
friendship day gift for friend best friend,7,18,600,2,friendship day gift for best friend a | friendship day gift for best friend b | friendship day gift for best friend c | friendship day gift for best friend d | friendship day gift for best friend f | friendship day gift for best friend g | friendship day gift for best friend h | friendship day gift for best friend l | friendship day gift for best friend n | friendship day gift for best friend o | friendship day gift for best friend p | friendship day gift for best friend r | friendship day gift for best friend w | friendship day gift for best friend x | friendship day gift for best friend free | friendship day gift for best friend with | friendship day gift for best friend for | friendship day gift for best friend without
what does gerbera symbolize,4,18,600,2,gerbera flower meaning a | gerbera flower meaning b | gerbera flower meaning e | gerbera flower meaning f | gerbera flower meaning g | gerbera flower meaning h | gerbera flower meaning j | gerbera flower meaning k | gerbera flower meaning m | gerbera flower meaning o | gerbera flower meaning r | gerbera flower meaning t | gerbera flower meaning u | gerbera flower meaning v | gerbera flower meaning w | how gerbera flower meaning | what gerbera flower meaning | is it gerbera flower meaning
gifts for friends on friendship day,6,18,558,5,friendship day gift for best friend b | friendship day gift for best friend c | friendship day gift for best friend f | friendship day gift for best friend g | friendship day gift for best friend h | friendship day gift for best friend i | friendship day gift for best friend l | friendship day gift for best friend m | friendship day gift for best friend n | friendship day gift for best friend o | friendship day gift for best friend s | friendship day gift for best friend t | friendship day gift for best friend u | friendship day gift for best friend w | friendship day gift for best friend with | friendship day gift for best friend for | friendship day gift for best friend in | friendship day gift for best friend 2026
friendship day best gift for best friend,7,17,600,2,friendship day gift for best friend a | friendship day gift for best friend d | friendship day gift for best friend g | friendship day gift for best friend h | friendship day gift for best friend i | friendship day gift for best friend j | friendship day gift for best friend l | friendship day gift for best friend n | friendship day gift for best friend o | friendship day gift for best friend r | friendship day gift for best friend s | friendship day gift for best friend t | friendship day gift for best friend w | friendship day gift for best friend x | friendship day gift for best friend with | friendship day gift for best friend in | friendship day gift for best friend app
gerbera flower meaning in kannada,5,17,557,8,gerbera flower meaning | gerbera flower meaning  | gerbera flower meaning b | gerbera flower meaning f | gerbera flower meaning g | gerbera flower meaning h | gerbera flower meaning i | gerbera flower meaning j | gerbera flower meaning m | gerbera flower meaning n | gerbera flower meaning r | gerbera flower meaning u | gerbera flower meaning v | gerbera flower meaning free | gerbera flower meaning with | gerbera flower meaning for | gerbera flower meaning in
what is gerbera flower,4,17,556,3,gerbera flower meaning a | gerbera flower meaning b | gerbera flower meaning e | gerbera flower meaning f | gerbera flower meaning g | gerbera flower meaning h | gerbera flower meaning k | gerbera flower meaning m | gerbera flower meaning o | gerbera flower meaning r | gerbera flower meaning t | gerbera flower meaning u | gerbera flower meaning v | gerbera flower meaning w | how gerbera flower meaning | what gerbera flower meaning | is it gerbera flower meaning
what do gerberas represent,4,17,555,10,gerbera flower meaning a | gerbera flower meaning b | gerbera flower meaning e | gerbera flower meaning f | gerbera flower meaning g | gerbera flower meaning h | gerbera flower meaning j | gerbera flower meaning k | gerbera flower meaning m | gerbera flower meaning o | gerbera flower meaning r | gerbera flower meaning t | gerbera flower meaning u | gerbera flower meaning w | how gerbera flower meaning | what gerbera flower meaning | is it gerbera flower meaning
gerbera flower meaning hindi,4,16,601,1,gerbera flower meaning a | gerbera flower meaning b | gerbera flower meaning f | gerbera flower meaning g | gerbera flower meaning h | gerbera flower meaning k | gerbera flower meaning m | gerbera flower meaning o | gerbera flower meaning r | gerbera flower meaning u | gerbera flower meaning v | gerbera flower meaning w | gerbera flower meaning x | gerbera flower meaning best | gerbera flower meaning app | gerbera flower meaning 2027
jasmine flower meaning,3,16,601,1,jasmine flower meaning d | jasmine flower meaning e | jasmine flower meaning f | jasmine flower meaning g | jasmine flower meaning j | jasmine flower meaning k | jasmine flower meaning l | jasmine flower meaning m | jasmine flower meaning p | jasmine flower meaning r | jasmine flower meaning u | jasmine flower meaning v | jasmine flower meaning w | jasmine flower meaning y | how jasmine flower meaning | what jasmine flower meaning
which flower for decoration,4,16,601,1,which flower for which occasion | which flower for which occasion  | which flower for which occasion b | which flower for which occasion c | which flower for which occasion d | which flower for which occasion e | which flower for which occasion f | which flower for which occasion s | which flower for which occasion x | which flower for which occasion z | which flower for which occasion free | which flower for which occasion online | which flower for which occasion without | which flower for which occasion app | which flower for which occasion maker | which flower for which occasion template
what does jasmine flower represent,5,16,600,2,jasmine flower meaning a | jasmine flower meaning d | jasmine flower meaning e | jasmine flower meaning f | jasmine flower meaning g | jasmine flower meaning l | jasmine flower meaning o | jasmine flower meaning p | jasmine flower meaning r | jasmine flower meaning u | jasmine flower meaning v | jasmine flower meaning w | jasmine flower meaning y | how jasmine flower meaning | what jasmine flower meaning | is it jasmine flower meaning
what is the colour for women's day,7,16,556,4,womens day flower a | womens day flower b | womens day flower c | womens day flower d | womens day flower e | womens day flower g | womens day flower h | womens day flower m | womens day flower n | womens day flower o | womens day flower p | womens day flower r | womens day flower y | womens day flower online | womens day flower with | womens day flower for
flower emoji meaning in chat,5,15,601,1,flower emoji meaning | flower emoji meaning  | flower emoji meaning c | flower emoji meaning e | flower emoji meaning i | flower emoji meaning n | flower emoji meaning q | flower emoji meaning v | flower emoji meaning x | flower emoji meaning y | flower emoji meaning z | flower emoji meaning with | flower emoji meaning for | flower emoji meaning in | flower emoji meaning 2026
jasmine flower meaning malayalam,4,15,601,1,jasmine flower meaning a | jasmine flower meaning d | jasmine flower meaning f | jasmine flower meaning g | jasmine flower meaning j | jasmine flower meaning k | jasmine flower meaning l | jasmine flower meaning m | jasmine flower meaning o | jasmine flower meaning p | jasmine flower meaning r | jasmine flower meaning v | jasmine flower meaning w | jasmine flower meaning y | jasmine flower meaning z
flower emoji meaning whatsapp,4,14,1250,1,flower emoji meaning c | flower emoji meaning e | flower emoji meaning j | flower emoji meaning m | flower emoji meaning q | flower emoji meaning u | flower emoji meaning v | flower emoji meaning w | flower emoji meaning x | flower emoji meaning y | flower emoji meaning z | flower emoji meaning maker | flower emoji meaning template | flower emoji meaning 2026
meaning of 120 roses,4,14,600,2,12 roses meaning f | 12 roses meaning k | 12 roses meaning n | 12 roses meaning o | 12 roses meaning r | 12 roses meaning x | 12 roses meaning best | 12 roses meaning online | 12 roses meaning with | 12 roses meaning for | 12 roses meaning in | 12 roses meaning app | 12 roses meaning template | what 12 roses meaning
women's day flowers,3,14,552,8,womens day flower a | womens day flower b | womens day flower c | womens day flower d | womens day flower e | womens day flower g | womens day flower h | womens day flower p | womens day flower s | womens day flower x | womens day flower y | womens day flower z | womens day flower online | womens day flower 2026
friendship day gift for best friend male,7,12,1250,1,friendship day gift for best friend | friendship day gift for best friend  | friendship day gift for best friend m | friendship day gift for best friend maker | how friendship day gift for best friend | what friendship day gift for best friend | when friendship day gift for best friend | why friendship day gift for best friend | which friendship day gift for best friend | who friendship day gift for best friend | can i friendship day gift for best friend | is it friendship day gift for best friend
friendship day gift for best friend under 100,8,12,1250,1,friendship day gift for best friend | friendship day gift for best friend  | friendship day gift for best friend u | friendship day gift for best friend without | how friendship day gift for best friend | what friendship day gift for best friend | when friendship day gift for best friend | why friendship day gift for best friend | which friendship day gift for best friend | who friendship day gift for best friend | can i friendship day gift for best friend | is it friendship day gift for best friend
friendship day gift for best friend diy,7,12,601,1,friendship day gift for best friend | friendship day gift for best friend  | friendship day gift for best friend d | friendship day gift for best friend maker | how friendship day gift for best friend | what friendship day gift for best friend | when friendship day gift for best friend | why friendship day gift for best friend | which friendship day gift for best friend | who friendship day gift for best friend | can i friendship day gift for best friend | is it friendship day gift for best friend
gerbera flower meaning in english,5,12,601,1,gerbera flower meaning e | gerbera flower meaning i | gerbera flower meaning n | gerbera flower meaning o | gerbera flower meaning w | gerbera flower meaning x | gerbera flower meaning best | gerbera flower meaning with | gerbera flower meaning for | gerbera flower meaning in | gerbera flower meaning app | gerbera flower meaning template
friendship day gift for best friend handmade,7,11,1250,1,friendship day gift for best friend | friendship day gift for best friend  | friendship day gift for best friend h | how friendship day gift for best friend | what friendship day gift for best friend | when friendship day gift for best friend | why friendship day gift for best friend | which friendship day gift for best friend | who friendship day gift for best friend | can i friendship day gift for best friend | is it friendship day gift for best friend
friendship day gift for best friend homemade,7,11,900,2,friendship day gift for best friend | friendship day gift for best friend  | friendship day gift for best friend h | how friendship day gift for best friend | what friendship day gift for best friend | when friendship day gift for best friend | why friendship day gift for best friend | which friendship day gift for best friend | who friendship day gift for best friend | can i friendship day gift for best friend | is it friendship day gift for best friend
flower emoji meaning love,4,11,601,1,flower emoji meaning c | flower emoji meaning e | flower emoji meaning j | flower emoji meaning l | flower emoji meaning m | flower emoji meaning q | flower emoji meaning v | flower emoji meaning x | flower emoji meaning y | flower emoji meaning z | flower emoji meaning app
gerbera flower meaning in hindi,5,11,601,2,gerbera flower meaning | gerbera flower meaning  | gerbera flower meaning e | gerbera flower meaning i | gerbera flower meaning j | gerbera flower meaning n | gerbera flower meaning z | gerbera flower meaning free | gerbera flower meaning with | gerbera flower meaning for | gerbera flower meaning in
which flower for,3,11,601,1,which flower for which occasion | which flower for which occasion  | which flower for which occasion b | which flower for which occasion q | which flower for which occasion r | which flower for which occasion best | which flower for which occasion free | which flower for which occasion online | which flower for which occasion with | how which flower for which occasion | who which flower for which occasion
1 roses bouquet meaning,4,11,600,2,12 roses meaning b | 12 roses meaning f | 12 roses meaning i | 12 roses meaning n | 12 roses meaning best | 12 roses meaning free | 12 roses meaning online | 12 roses meaning in | 12 roses meaning app | 12 roses meaning maker | 12 roses meaning template
flower emoji meaning instagram,4,11,600,2,flower emoji meaning | flower emoji meaning  | flower emoji meaning i | flower emoji meaning n | flower emoji meaning q | flower emoji meaning in | flower emoji meaning app | flower emoji meaning maker | flower emoji meaning template | flower emoji meaning 2026 | flower emoji meaning 2027
what flowers to give when proposing,6,11,600,2,flower to propose a girl | flower to propose a girl  | flower to propose a girl q | flower to propose a girl best | flower to propose a girl with | how flower to propose a girl | what flower to propose a girl | when flower to propose a girl | why flower to propose a girl | which flower to propose a girl | who flower to propose a girl
meesho friendship day gift for best friend,7,11,560,4,friendship day gift for best friend | friendship day gift for best friend  | friendship day gift for best friend m | how friendship day gift for best friend | what friendship day gift for best friend | when friendship day gift for best friend | why friendship day gift for best friend | which friendship day gift for best friend | who friendship day gift for best friend | can i friendship day gift for best friend | is it friendship day gift for best friend
bracelets friendship day gift for best friend boy,8,11,559,4,friendship day gift for best friend | friendship day gift for best friend  | friendship day gift for best friend b | how friendship day gift for best friend | what friendship day gift for best friend | when friendship day gift for best friend | why friendship day gift for best friend | which friendship day gift for best friend | who friendship day gift for best friend | can i friendship day gift for best friend | is it friendship day gift for best friend
women's day flower symbol,4,10,601,1,womens day flower | womens day flower  | womens day flower a | womens day flower e | womens day flower m | womens day flower n | womens day flower o | womens day flower s | womens day flower x | womens day flower z
bracelets friendship day gift for best friend girl,8,10,600,3,friendship day gift for best friend b | friendship day gift for best friend g | how friendship day gift for best friend | what friendship day gift for best friend | when friendship day gift for best friend | why friendship day gift for best friend | which friendship day gift for best friend | who friendship day gift for best friend | can i friendship day gift for best friend | is it friendship day gift for best friend
necklaces friendship day gift for best friend girl,8,10,600,2,friendship day gift for best friend g | friendship day gift for best friend n | how friendship day gift for best friend | what friendship day gift for best friend | when friendship day gift for best friend | why friendship day gift for best friend | which friendship day gift for best friend | who friendship day gift for best friend | can i friendship day gift for best friend | is it friendship day gift for best friend
what do emoji flowers meaning,5,10,600,2,flower emoji meaning c | flower emoji meaning e | flower emoji meaning j | flower emoji meaning m | flower emoji meaning u | flower emoji meaning v | flower emoji meaning y | flower emoji meaning app | how flower emoji meaning | when flower emoji meaning
female friendship day gift for best friend under 100,9,10,559,3,friendship day gift for best friend f | friendship day gift for best friend u | how friendship day gift for best friend | what friendship day gift for best friend | when friendship day gift for best friend | why friendship day gift for best friend | which friendship day gift for best friend | who friendship day gift for best friend | can i friendship day gift for best friend | is it friendship day gift for best friend
friendship day gift for best friend,6,9,601,1,friendship day gift for best friend  | how friendship day gift for best friend | what friendship day gift for best friend | when friendship day gift for best friend | why friendship day gift for best friend | which friendship day gift for best friend | who friendship day gift for best friend | can i friendship day gift for best friend | is it friendship day gift for best friend
what flower emoji mean,4,9,601,1,flower emoji meaning c | flower emoji meaning m | flower emoji meaning u | flower emoji meaning v | flower emoji meaning y | flower emoji meaning z | flower emoji meaning app | how flower emoji meaning | what flower emoji meaning
flower emoji meaning 🥀,4,9,600,2,flower emoji meaning | flower emoji meaning  | flower emoji meaning e | flower emoji meaning j | flower emoji meaning v | flower emoji meaning x | flower emoji meaning y | flower emoji meaning z | flower emoji meaning 2026
flower emoji meanings of the symbols,6,9,600,2,flower emoji meaning | flower emoji meaning a | flower emoji meaning f | flower emoji meaning i | flower emoji meaning o | flower emoji meaning t | flower emoji meaning with | flower emoji meaning for | flower emoji meaning in
flower emoji meaning from a girl,6,8,1251,1,flower emoji meaning | flower emoji meaning  | flower emoji meaning a | flower emoji meaning f | flower emoji meaning with | flower emoji meaning for | flower emoji meaning app | flower emoji meaning 2027
12 roses meaning in relationship,5,8,1250,1,12 roses meaning | 12 roses meaning  | 12 roses meaning i | 12 roses meaning n | 12 roses meaning r | 12 roses meaning with | 12 roses meaning for | 12 roses meaning in
flower emoji meaning in whatsapp,5,8,1250,2,flower emoji meaning | flower emoji meaning  | flower emoji meaning i | flower emoji meaning n | flower emoji meaning with | flower emoji meaning for | flower emoji meaning in | flower emoji meaning 2027
12 roses meaning in chinese,5,8,601,1,12 roses meaning | 12 roses meaning  | 12 roses meaning c | 12 roses meaning i | 12 roses meaning n | 12 roses meaning with | 12 roses meaning for | 12 roses meaning in
12 roses meaning in slavic,5,8,601,1,12 roses meaning | 12 roses meaning  | 12 roses meaning i | 12 roses meaning n | 12 roses meaning s | 12 roses meaning with | 12 roses meaning for | 12 roses meaning in
flower emoji meaning in tamil,5,8,601,3,flower emoji meaning | flower emoji meaning  | flower emoji meaning i | flower emoji meaning n | flower emoji meaning t | flower emoji meaning with | flower emoji meaning for | flower emoji meaning in
jasmine flower meaning in gujarati,5,8,601,1,jasmine flower meaning | jasmine flower meaning  | jasmine flower meaning g | jasmine flower meaning i | jasmine flower meaning n | jasmine flower meaning with | jasmine flower meaning for | jasmine flower meaning in
flower emoji meaning in hindi,5,8,600,3,flower emoji meaning | flower emoji meaning  | flower emoji meaning i | flower emoji meaning n | flower emoji meaning with | flower emoji meaning for | flower emoji meaning in | flower emoji meaning maker
flower emoji meaning in urdu,5,8,600,2,flower emoji meaning | flower emoji meaning  | flower emoji meaning i | flower emoji meaning n | flower emoji meaning u | flower emoji meaning with | flower emoji meaning for | flower emoji meaning in
gerbera flower meaning in relationship,5,8,600,2,gerbera flower meaning | gerbera flower meaning  | gerbera flower meaning i | gerbera flower meaning n | gerbera flower meaning r | gerbera flower meaning with | gerbera flower meaning for | gerbera flower meaning in
how to propose with flowers,5,8,600,2,flower to propose a girl | flower to propose a girl  | flower to propose a girl q | flower to propose a girl with | how flower to propose a girl | when flower to propose a girl | which flower to propose a girl | who flower to propose a girl
gerbera flower meaning in marathi,5,8,561,4,gerbera flower meaning | gerbera flower meaning  | gerbera flower meaning i | gerbera flower meaning m | gerbera flower meaning n | gerbera flower meaning with | gerbera flower meaning for | gerbera flower meaning in
gerbera flower meaning in tamil,5,8,559,6,gerbera flower meaning | gerbera flower meaning  | gerbera flower meaning i | gerbera flower meaning n | gerbera flower meaning t | gerbera flower meaning with | gerbera flower meaning for | gerbera flower meaning in
unique friendship day gifts for best friend,7,8,557,5,friendship day gift for best friend u | what friendship day gift for best friend | when friendship day gift for best friend | why friendship day gift for best friend | which friendship day gift for best friend | who friendship day gift for best friend | can i friendship day gift for best friend | is it friendship day gift for best friend
jasmine flower meaning in kannada,5,7,1251,1,jasmine flower meaning | jasmine flower meaning  | jasmine flower meaning i | jasmine flower meaning n | jasmine flower meaning with | jasmine flower meaning for | jasmine flower meaning in
gerbera flower meaning in love,5,7,1200,1,gerbera flower meaning | gerbera flower meaning  | gerbera flower meaning i | gerbera flower meaning n | gerbera flower meaning with | gerbera flower meaning for | gerbera flower meaning in
12 roses meaning from a guy,6,7,601,1,12 roses meaning | 12 roses meaning  | 12 roses meaning a | 12 roses meaning f | 12 roses meaning g | 12 roses meaning with | 12 roses meaning for
flower emoji meaning from a guy,6,7,601,2,flower emoji meaning | flower emoji meaning  | flower emoji meaning a | flower emoji meaning f | flower emoji meaning g | flower emoji meaning with | flower emoji meaning for
gerbera flower meaning in bengali,5,7,601,2,gerbera flower meaning | gerbera flower meaning  | gerbera flower meaning i | gerbera flower meaning n | gerbera flower meaning with | gerbera flower meaning for | gerbera flower meaning in
jasmine flower meaning in telugu,5,7,601,3,jasmine flower meaning | jasmine flower meaning  | jasmine flower meaning i | jasmine flower meaning n | jasmine flower meaning with | jasmine flower meaning for | jasmine flower meaning in
which flower for which occasion,5,7,601,1,which flower for which occasion  | how which flower for which occasion | what which flower for which occasion | when which flower for which occasion | why which flower for which occasion | which which flower for which occasion | who which flower for which occasion
women's day flowers wishes,4,7,601,1,womens day flower | womens day flower d | womens day flower f | womens day flower h | womens day flower q | womens day flower w | womens day flower online
jasmine flower meaning in bengali,5,7,600,2,jasmine flower meaning | jasmine flower meaning  | jasmine flower meaning i | jasmine flower meaning n | jasmine flower meaning with | jasmine flower meaning for | jasmine flower meaning in
on which occasion flowers are used,6,7,600,2,which flower for which occasion online | how which flower for which occasion | what which flower for which occasion | when which flower for which occasion | why which flower for which occasion | which which flower for which occasion | who which flower for which occasion
which flower for ganesha,4,7,600,2,which flower for which occasion f | which flower for which occasion g | which flower for which occasion k | which flower for which occasion n | which flower for which occasion q | which flower for which occasion s | which flower for which occasion z
jasmine flower meaning in love,5,7,562,3,jasmine flower meaning | jasmine flower meaning  | jasmine flower meaning i | jasmine flower meaning n | jasmine flower meaning with | jasmine flower meaning for | jasmine flower meaning in
jasmine flower meaning in urdu,5,7,561,4,jasmine flower meaning | jasmine flower meaning  | jasmine flower meaning i | jasmine flower meaning n | jasmine flower meaning with | jasmine flower meaning for | jasmine flower meaning in
gerbera flower meaning in drawing closer,6,7,560,5,gerbera flower meaning | gerbera flower meaning  | gerbera flower meaning i | gerbera flower meaning n | gerbera flower meaning with | gerbera flower meaning for | gerbera flower meaning in
jasmine flower meaning in odia,5,7,560,5,jasmine flower meaning | jasmine flower meaning  | jasmine flower meaning i | jasmine flower meaning n | jasmine flower meaning with | jasmine flower meaning for | jasmine flower meaning in
jasmine flower meaning in tamil,5,7,559,6,jasmine flower meaning | jasmine flower meaning  | jasmine flower meaning i | jasmine flower meaning n | jasmine flower meaning with | jasmine flower meaning for | jasmine flower meaning in
friendship day ideas for best friends,6,7,556,9,friendship day gift for best friend | how friendship day gift for best friend | what friendship day gift for best friend | when friendship day gift for best friend | why friendship day gift for best friend | which friendship day gift for best friend | who friendship day gift for best friend
jasmine flower meaning in marathi,5,7,556,9,jasmine flower meaning | jasmine flower meaning  | jasmine flower meaning i | jasmine flower meaning n | jasmine flower meaning with | jasmine flower meaning for | jasmine flower meaning in
what are the flower emojis,5,7,555,10,flower emoji meaning c | flower emoji meaning e | flower emoji meaning j | flower emoji meaning m | flower emoji meaning u | flower emoji meaning v | flower emoji meaning y
jasmine flower meaning in malayalam,5,7,554,11,jasmine flower meaning | jasmine flower meaning  | jasmine flower meaning i | jasmine flower meaning n | jasmine flower meaning with | jasmine flower meaning for | jasmine flower meaning in
flower to a girl,4,6,600,2,flower to propose a girl | flower to propose a girl  | flower to propose a girl j | flower to propose a girl n | flower to propose a girl u | flower to propose a girl x
gerbera flower meaning in gujarati,5,6,600,2,gerbera flower meaning g | gerbera flower meaning i | gerbera flower meaning n | gerbera flower meaning with | gerbera flower meaning for | gerbera flower meaning in
how to propose a girl with rose,7,6,600,2,flower to propose a girl | flower to propose a girl  | flower to propose a girl with | how flower to propose a girl | which flower to propose a girl | who flower to propose a girl
what does the dead flower emoji mean,7,6,600,2,flower emoji meaning e | flower emoji meaning j | flower emoji meaning m | flower emoji meaning y | how flower emoji meaning | when flower emoji meaning
flower emoji meaning in marathi,5,6,560,5,flower emoji meaning i | flower emoji meaning m | flower emoji meaning n | flower emoji meaning with | flower emoji meaning for | flower emoji meaning in
flower emoji meaning in text,5,6,559,6,flower emoji meaning i | flower emoji meaning n | flower emoji meaning t | flower emoji meaning with | flower emoji meaning for | flower emoji meaning in
12 red roses meaning in relationship,6,6,558,3,12 roses meaning i | 12 roses meaning n | 12 roses meaning r | 12 roses meaning with | 12 roses meaning for | 12 roses meaning in
gerbera flower meaning in punjabi,5,6,558,7,gerbera flower meaning i | gerbera flower meaning n | gerbera flower meaning p | gerbera flower meaning with | gerbera flower meaning for | gerbera flower meaning in
jasmine flower meaning in the bible,6,6,557,5,jasmine flower meaning | jasmine flower meaning a | jasmine flower meaning i | jasmine flower meaning n | jasmine flower meaning t | jasmine flower meaning in
gerbera flower meaning in chinese,5,6,556,7,gerbera flower meaning c | gerbera flower meaning i | gerbera flower meaning n | gerbera flower meaning with | gerbera flower meaning for | gerbera flower meaning in
jasmine flower meaning in assamese,5,6,552,13,jasmine flower meaning | jasmine flower meaning  | jasmine flower meaning i | jasmine flower meaning n | jasmine flower meaning with | jasmine flower meaning in
friendship day gift ideas for best friend in india,9,5,601,2,friendship day gift for best friend i | friendship day gift for best friend n | friendship day gift for best friend with | friendship day gift for best friend for | friendship day gift for best friend in
what does gerbera flower meaning,5,5,601,1,gerbera flower meaning d | gerbera flower meaning w | how gerbera flower meaning | what gerbera flower meaning | is it gerbera flower meaning
which flower is auspicious,4,5,601,1,which flower for which occasion | which flower for which occasion  | which flower for which occasion app | which flower for which occasion 2027 | when which flower for which occasion
women's day flower in italy,5,5,601,1,womens day flower | womens day flower  | womens day flower i | womens day flower for | womens day flower in
flower to propose,3,5,600,2,flower to propose a girl j | flower to propose a girl n | flower to propose a girl x | flower to propose a girl 2026 | flower to propose a girl 2027
friendship day gift for best friends,6,5,600,2,friendship day gift for best friend best | friendship day gift for best friend free | friendship day gift for best friend with | friendship day gift for best friend without | friendship day gift for best friend template
which flower to offer which god,6,5,600,2,which flower for which occasion t | which flower for which occasion v | which flower for which occasion w | which flower for which occasion with | who which flower for which occasion
which flowers and leaves are used on auspicious occasion at your home,12,5,600,2,which flower for which occasion f | which flower for which occasion i | which flower for which occasion m | which flower for which occasion w | when which flower for which occasion
pink flower emoji meaning from girl,6,5,562,3,flower emoji meaning f | flower emoji meaning g | flower emoji meaning p | flower emoji meaning with | flower emoji meaning for
gerbera flower meaning i love you,6,5,559,3,gerbera flower meaning | gerbera flower meaning  | gerbera flower meaning i | gerbera flower meaning l | gerbera flower meaning y
pink flower emoji meaning in hindi,6,5,559,6,flower emoji meaning h | flower emoji meaning i | flower emoji meaning n | flower emoji meaning p | flower emoji meaning in
purple flower emoji meaning in whatsapp,6,5,558,7,flower emoji meaning i | flower emoji meaning n | flower emoji meaning p | flower emoji meaning w | flower emoji meaning in
whatsapp flower emoji meaning in hindi,6,5,558,7,flower emoji meaning h | flower emoji meaning i | flower emoji meaning n | flower emoji meaning w | flower emoji meaning in
rose flower emoji meaning in whatsapp,6,5,557,8,flower emoji meaning i | flower emoji meaning n | flower emoji meaning r | flower emoji meaning w | flower emoji meaning in
gerbera flower meaning in japanese,5,5,555,10,gerbera flower meaning i | gerbera flower meaning n | gerbera flower meaning with | gerbera flower meaning for | gerbera flower meaning in
what to write in a flower girl proposal card,9,5,555,3,flower to propose a girl | flower to propose a girl  | what flower to propose a girl | which flower to propose a girl | who flower to propose a girl
best flower to propose a girl,6,4,601,1,flower to propose a girl | flower to propose a girl  | flower to propose a girl best | why flower to propose a girl
flower emoji meaning gen z,5,4,601,1,flower emoji meaning | flower emoji meaning  | flower emoji meaning g | flower emoji meaning z
flower emoji meaning urban dictionary,5,4,601,1,flower emoji meaning | flower emoji meaning  | flower emoji meaning d | flower emoji meaning u
friendship day gift ideas for best friend handmade,8,4,601,3,friendship day gift for best friend | friendship day gift for best friend  | friendship day gift for best friend h | friendship day gift for best friend i
friendship day gift ideas for best friend male,8,4,601,2,friendship day gift for best friend | friendship day gift for best friend  | friendship day gift for best friend i | friendship day gift for best friend m
girls friendship day gift ideas for best friend,8,4,601,2,friendship day gift for best friend | friendship day gift for best friend  | friendship day gift for best friend g | friendship day gift for best friend i
how to make friendship day gift for best friend,9,4,601,1,friendship day gift for best friend h | friendship day gift for best friend m | friendship day gift for best friend t | how friendship day gift for best friend
women's day flower quotes,4,4,601,1,womens day flower | womens day flower  | womens day flower c | womens day flower q
women's day with flowers,4,4,601,1,womens day flower w | womens day flower with | womens day flower for | womens day flower without
blossom emoji meaning from a girl,6,4,600,3,flower emoji meaning a | flower emoji meaning f | flower emoji meaning with | flower emoji meaning for
international women's day flower delivery,5,4,600,2,womens day flower d | womens day flower i | womens day flower online | womens day flower in
which flower is used for pooja,6,4,600,2,which flower for which occasion i | which flower for which occasion j | which flower for which occasion k | which flower for which occasion p
daisy emoji meaning from a girl,6,4,561,4,flower emoji meaning a | flower emoji meaning f | flower emoji meaning with | flower emoji meaning for
daisy emoji meaning from a guy,6,4,560,5,flower emoji meaning a | flower emoji meaning f | flower emoji meaning with | flower emoji meaning for
jasmine flower meaning in hindi and english,7,4,558,4,jasmine flower meaning a | jasmine flower meaning e | jasmine flower meaning h | jasmine flower meaning for
white flower emoji meaning in whatsapp,6,4,558,7,flower emoji meaning i | flower emoji meaning n | flower emoji meaning w | flower emoji meaning in
jasmine flower meaning in hindi marathi,6,4,557,4,jasmine flower meaning h | jasmine flower meaning m | jasmine flower meaning with | jasmine flower meaning for
what does jasmine symbolize,4,4,556,3,jasmine flower meaning j | jasmine flower meaning v | what jasmine flower meaning | is it jasmine flower meaning
what is a great gift for a best friend,9,4,556,4,friendship day gift for best friend g | friendship day gift for best friend m | friendship day gift for best friend best | friendship day gift for best friend for
jasmine flower meaning in chinese,5,4,551,14,jasmine flower meaning  | jasmine flower meaning i | jasmine flower meaning n | jasmine flower meaning in
friendship day gift for best friend ideas,7,3,1250,1,friendship day gift for best friend | friendship day gift for best friend  | friendship day gift for best friend i
gerbera flower meaning colors,4,3,1250,1,gerbera flower meaning | gerbera flower meaning  | gerbera flower meaning c
gerbera flower meaning number,4,3,1250,1,gerbera flower meaning | gerbera flower meaning  | gerbera flower meaning n
jasmine flower meaning tattoo,4,3,1250,1,jasmine flower meaning | jasmine flower meaning  | jasmine flower meaning t
12 dozen roses meaning,4,3,601,1,12 roses meaning | 12 roses meaning  | 12 roses meaning d
12 pink roses meaning,4,3,601,1,12 roses meaning | 12 roses meaning  | 12 roses meaning p
12 roses bouquet meaning,4,3,601,1,12 roses meaning | 12 roses meaning  | 12 roses meaning b
12 yellow roses meaning,4,3,601,1,12 roses meaning | 12 roses meaning  | 12 roses meaning y
flower emoji meaning hindi,4,3,601,1,flower emoji meaning h | flower emoji meaning j | flower emoji meaning m
flower emoji meaning meme,4,3,601,1,flower emoji meaning | flower emoji meaning  | flower emoji meaning m
flower emoji meaning slang,4,3,601,1,flower emoji meaning | flower emoji meaning  | flower emoji meaning s
flower emoji meaning tiktok,4,3,601,1,flower emoji meaning | flower emoji meaning  | flower emoji meaning t
flower emoji meanings,3,3,601,1,flower emoji meaning maker | flower emoji meaning template | flower emoji meaning 2027
gerbera flower bouquet meaning,4,3,601,1,gerbera flower meaning b | gerbera flower meaning template | gerbera flower meaning 2026
gerbera flower meaning in urdu,5,3,601,1,gerbera flower meaning u | gerbera flower meaning for | gerbera flower meaning in
gerbera flower meaning pink,4,3,601,1,gerbera flower meaning | gerbera flower meaning  | gerbera flower meaning p
gerbera flower meaning yellow,4,3,601,1,gerbera flower meaning | gerbera flower meaning  | gerbera flower meaning y
happy women's day flower,4,3,601,1,womens day flower h | womens day flower w | womens day flower with
women's day flower arrangements,4,3,601,1,womens day flower | womens day flower  | womens day flower a
women's day flower color,4,3,601,1,womens day flower | womens day flower  | womens day flower c
women's day flower rangoli,4,3,601,1,womens day flower | womens day flower  | womens day flower r
women's friendship day gifts for best friend,7,3,601,1,friendship day gift for best friend w | can i friendship day gift for best friend | is it friendship day gift for best friend
womens day flower gift,4,3,601,1,womens day flower | womens day flower  | womens day flower g
womens day flower png,4,3,601,1,womens day flower | womens day flower  | womens day flower p
womens day flowers near me,5,3,601,1,womens day flower | womens day flower m | womens day flower n
12 red roses meaning,4,3,600,2,12 roses meaning | 12 roses meaning  | 12 roses meaning r
12 roses in a bouquet meaning,6,3,600,2,12 roses meaning a | 12 roses meaning i | 12 roses meaning in
12 white roses meaning,4,3,600,2,12 roses meaning | 12 roses meaning  | 12 roses meaning w
international women's day flower 2026,5,3,600,2,womens day flower i | womens day flower in | womens day flower 2026
international women's day flower arrangement,5,3,600,2,womens day flower a | womens day flower i | womens day flower in
jasmine flower meaning telugu,4,3,600,3,jasmine flower meaning t | jasmine flower meaning 2026 | jasmine flower meaning 2027
what are the different uses of flowers,7,3,600,2,how which flower for which occasion | what which flower for which occasion | which which flower for which occasion
which flower for love,4,3,600,2,which flower for which occasion m | which flower for which occasion q | which flower for which occasion r
which flower for vishnu,4,3,600,2,which flower for which occasion k | which flower for which occasion n | which flower for which occasion v
which flower is used for love,6,3,600,2,which flower for which occasion e | which flower for which occasion with | which flower for which occasion app
which flower is used for worship,6,3,600,2,which flower for which occasion c | which flower for which occasion i | which flower for which occasion w
which flower to offer ganpati,5,3,600,2,which flower for which occasion g | which flower for which occasion z | when which flower for which occasion
wilted flower emoji meaning gen z,6,3,600,2,flower emoji meaning g | flower emoji meaning w | flower emoji meaning z
women's day flower decoration,4,3,600,2,womens day flower | womens day flower  | womens day flower d
yellow flower emoji meaning from girl,6,3,600,2,flower emoji meaning f | flower emoji meaning g | flower emoji meaning y
international women's day flower color,5,3,561,3,womens day flower c | womens day flower i | womens day flower in
hibiscus flower emoji meaning from a girl,7,3,560,5,flower emoji meaning a | flower emoji meaning f | flower emoji meaning h
international women's day flower bouquet,5,3,560,4,womens day flower b | womens day flower i | womens day flower in
lotus flower emoji meaning from a girl,7,3,560,5,flower emoji meaning a | flower emoji meaning f | flower emoji meaning l
pink flower emoji meaning from a guy,7,3,560,5,flower emoji meaning f | flower emoji meaning g | flower emoji meaning p
pink flower emoji meaning urban dictionary,6,3,560,5,flower emoji meaning d | flower emoji meaning p | flower emoji meaning u
rose flower emoji meaning from a guy,7,3,559,6,flower emoji meaning a | flower emoji meaning f | flower emoji meaning r
string of jasmine flower meaning in hindi,7,3,559,4,jasmine flower meaning h | jasmine flower meaning o | jasmine flower meaning s
12 blue roses meaning,4,3,558,5,12 roses meaning | 12 roses meaning  | 12 roses meaning b
international women's day flower symbol,5,3,558,3,womens day flower i | womens day flower s | womens day flower in
red flower emoji meaning from girl,6,3,558,7,flower emoji meaning f | flower emoji meaning g | flower emoji meaning r
flower bouquet emoji meaning from a guy,7,3,557,8,flower emoji meaning a | flower emoji meaning b | flower emoji meaning f
meaning of 12 roses in love,6,3,557,5,12 roses meaning i | 12 roses meaning o | 12 roses meaning in
white flower emoji meaning from a girl,7,3,556,9,flower emoji meaning a | flower emoji meaning f | flower emoji meaning w
pink flower emoji meaning in whatsapp,6,3,554,11,flower emoji meaning i | flower emoji meaning n | flower emoji meaning in
women's day quotes with flowers,5,3,554,4,womens day flower w | womens day flower with | womens day flower without
friendship day for best friend gift,6,3,552,7,friendship day gift for best friend r | friendship day gift for best friend s | friendship day gift for best friend z
gerbera flower meaning telugu,4,3,551,7,gerbera flower meaning a | gerbera flower meaning x | gerbera flower meaning 2026
which flower is used for puja,6,3,551,4,which flower for which occasion i | which flower for which occasion j | which flower for which occasion p
gerbera flower meaning by number,5,2,1250,1,gerbera flower meaning b | gerbera flower meaning with
12 orange roses meaning,4,2,601,1,12 roses meaning | 12 roses meaning o
best friendship day gift for best friend,7,2,601,1,friendship day gift for best friend b | friendship day gift for best friend best
flower emoji and meaning,4,2,601,1,flower emoji meaning a | flower emoji meaning n
flower emoji with meaning,4,2,601,1,flower emoji meaning with | flower emoji meaning for
friendship day 2024 best gift,5,2,601,1,friendship day gift for best friend 2026 | friendship day gift for best friend 2027
friendship day 2026 gift ideas for best friend,8,2,601,1,friendship day gift for best friend i | friendship day gift for best friend 2026
friendship day gift for a best friend,7,2,601,1,friendship day gift for best friend a | friendship day gift for best friend app
friendship day gift for your best friend,7,2,601,1,friendship day gift for best friend u | friendship day gift for best friend y
friendship day gift ideas for best friend under 80,9,2,601,2,friendship day gift for best friend i | friendship day gift for best friend u
friendship day gift to best friend,6,2,601,1,friendship day gift for best friend t | friendship day gift for best friend for
gerbera flower 6 meaning,4,2,601,1,gerbera flower meaning 2026 | gerbera flower meaning 2027
gerbera flower meaning drawing closer,5,2,601,1,gerbera flower meaning c | gerbera flower meaning d
gerbera flower meaning orange,4,2,601,1,gerbera flower meaning | gerbera flower meaning o
gerbera flowering month,3,2,601,1,gerbera flower meaning 2026 | gerbera flower meaning 2027
how to propose a girl with flower,7,2,601,1,flower to propose a girl with | how flower to propose a girl
international women's day official flower,5,2,601,1,womens day flower o | womens day flower in
jasmine flower emoji meaning,4,2,601,1,flower emoji meaning j | jasmine flower meaning e
jasmine flower meaning hindi,4,2,601,1,jasmine flower meaning h | jasmine flower meaning z
jasmine flower meaning tamil,4,2,601,2,jasmine flower meaning t | jasmine flower meaning 2026
what 12 roses mean,4,2,601,1,how 12 roses meaning | what 12 roses meaning
women's day flowers images,4,2,601,2,womens day flower | womens day flower online
12 red roses bouquet meaning,5,2,600,2,12 roses meaning b | 12 roses meaning r
12 red roses meaning love,5,2,600,2,12 roses meaning l | 12 roses meaning r
3 gerbera flower meaning drawing closer,6,2,600,2,gerbera flower meaning c | gerbera flower meaning d
flower emoji meaning malayalam,4,2,600,2,flower emoji meaning m | flower emoji meaning z
friendship day gift for male best friend under 200,9,2,600,3,friendship day gift for best friend m | friendship day gift for best friend u
friendship day gift for my best friend,7,2,600,3,friendship day gift for best friend m | friendship day gift for best friend maker
gerbera flower meaning,3,2,600,2,gerbera flower meaning  | gerbera flower meaning template
gerbera flower meaning per color,5,2,600,2,gerbera flower meaning c | gerbera flower meaning p
gerbera meaning love,3,2,600,2,gerbera flower meaning best | gerbera flower meaning app
gift for best friend in friendship day,7,2,600,2,friendship day gift for best friend i | friendship day gift for best friend in
girl best gift for best friend on friendship day,9,2,600,2,friendship day gift for best friend b | friendship day gift for best friend best
happy women's day flower bouquet,5,2,600,2,womens day flower b | womens day flower h
international women's day flower,4,2,600,2,womens day flower i | womens day flower in
international women's day yellow flower,5,2,600,2,womens day flower y | womens day flower in
jasmine flower dream meaning in tamil,6,2,600,2,jasmine flower meaning d | jasmine flower meaning t
jasmine flower meaning in,4,2,600,2,jasmine flower meaning x | jasmine flower meaning z
jasmine flower means kya hota hai,6,2,600,2,jasmine flower meaning h | jasmine flower meaning k
jasmine flower months,3,2,600,2,jasmine flower meaning 2026 | jasmine flower meaning 2027
meaning for 12 roses,4,2,600,2,12 roses meaning f | 12 roses meaning for
what does 3 gerbera flower meaning,6,2,600,2,gerbera flower meaning w | what gerbera flower meaning
what flower emoji means love,5,2,600,2,how flower emoji meaning | what flower emoji meaning
what jasmine flower symbolism,4,2,600,2,how jasmine flower meaning | what jasmine flower meaning
white gerbera flower meaning in bengali,6,2,600,2,gerbera flower meaning b | gerbera flower meaning w
women's day flower craft,4,2,600,2,womens day flower  | womens day flower c
women's day wishes with flowers,5,2,600,2,womens day flower with | womens day flower without
womens day flower background,4,2,600,2,womens day flower  | womens day flower b
5 gerbera flower meaning drawing closer,6,2,562,3,gerbera flower meaning c | gerbera flower meaning d
flower moon emoji combo meaning,5,2,562,3,flower emoji meaning c | flower emoji meaning m
wilted flower emoji meaning meme,5,2,562,3,flower emoji meaning m | flower emoji meaning w
wilted flower emoji meaning tiktok,5,2,562,3,flower emoji meaning t | flower emoji meaning w
dead flower emoji meaning tiktok,5,2,561,4,flower emoji meaning d | flower emoji meaning t
happy women's day flower images,5,2,561,3,womens day flower h | womens day flower i
pink gerbera flower meaning in relationship,6,2,561,3,gerbera flower meaning p | gerbera flower meaning r
wilted flower emoji meaning urban dictionary,6,2,561,4,flower emoji meaning d | flower emoji meaning u
12 pink roses bouquet meaning,5,2,560,3,12 roses meaning b | 12 roses meaning p
dead flower emoji meaning gen z,6,2,560,5,flower emoji meaning g | flower emoji meaning z
different flower emoji meaning,4,2,560,5,flower emoji meaning d | flower emoji meaning v
gerbera daisy meaning flower language,5,2,560,5,gerbera flower meaning d | gerbera flower meaning l
happy international women's day flower,5,2,560,4,womens day flower h | womens day flower in
white flower emoji meaning,4,2,560,5,flower emoji meaning w | flower emoji meaning z
wilted flower emoji meaning slang,5,2,560,4,flower emoji meaning s | flower emoji meaning w
yellow flower emoji meaning in thailand,6,2,560,4,flower emoji meaning t | flower emoji meaning y
yellow gerbera flower meaning spiritual,5,2,560,5,gerbera flower meaning s | gerbera flower meaning y
12 white roses bouquet meaning,5,2,559,4,12 roses meaning b | 12 roses meaning w
6 gerbera flower meaning in drawing closer,7,2,559,6,gerbera flower meaning c | gerbera flower meaning d
dead flower emoji meaning slang,5,2,559,5,flower emoji meaning d | flower emoji meaning s
happy women's day 2026 flower,5,2,559,5,womens day flower h | womens day flower 2026
international women's day mimosa flower meaning,6,2,559,3,womens day flower m | womens day flower in
twelve roses meaning,3,2,559,6,12 roses meaning | 12 roses meaning 
what does flower emoji mean in texting,7,2,559,6,flower emoji meaning u | what flower emoji meaning
what does flower emoji mean on snapchat,7,2,559,4,flower emoji meaning o | what flower emoji meaning
white jasmine flower dream meaning,5,2,559,4,jasmine flower meaning d | jasmine flower meaning w
white jasmine flower meaning in hindi,6,2,559,5,jasmine flower meaning h | jasmine flower meaning w
yellow flower emoji meaning in hindi,6,2,559,5,flower emoji meaning h | flower emoji meaning y
12 roses significance,3,2,558,7,12 roses meaning | 12 roses meaning 
4 gerbera flower meaning in drawing closer,7,2,558,7,gerbera flower meaning c | gerbera flower meaning d
dying flower emoji meaning slang,5,2,558,6,flower emoji meaning d | flower emoji meaning s
happy women's day mimosa flower,5,2,558,6,womens day flower h | womens day flower m
hibiscus flower emoji meaning urban dictionary,6,2,558,7,flower emoji meaning h | flower emoji meaning u
what does flower emoji mean on instagram,7,2,558,5,flower emoji meaning o | what flower emoji meaning
white gerbera daisy flower meaning,5,2,558,6,gerbera flower meaning d | gerbera flower meaning w
white jasmine flower meaning in love,6,2,558,6,jasmine flower meaning l | jasmine flower meaning w
12 pink roses meaning love,5,2,557,4,12 roses meaning l | 12 roses meaning p
best gift for boy best friend on friendship day,9,2,557,3,friendship day gift for best friend o | friendship day gift for best friend best
flower playing cards emoji meaning,5,2,557,8,flower emoji meaning c | flower emoji meaning p
ladies day chelsea flower show,5,2,557,4,womens day flower c | womens day flower s
mimosa flower international women's day,5,2,557,5,womens day flower m | womens day flower in
pink flower emoji meaning snapchat,5,2,557,7,flower emoji meaning p | flower emoji meaning s
purple flower emoji meaning from girl,6,2,557,8,flower emoji meaning g | flower emoji meaning p
red gerbera daisy flower meaning,5,2,557,7,gerbera flower meaning d | gerbera flower meaning r
women's green day flower shirt,5,2,557,3,womens day flower g | womens day flower s
yellow gerbera flower meaning love,5,2,557,5,gerbera flower meaning l | gerbera flower meaning y
12 white roses meaning love,5,2,556,3,12 roses meaning l | 12 roses meaning w
cherry blossom flower emoji meaning,5,2,556,9,flower emoji meaning b | flower emoji meaning c
dark pink gerbera flower meaning,5,2,556,9,gerbera flower meaning d | gerbera flower meaning p
friendship day gift ideas,4,2,556,4,friendship day gift for best friend c | friendship day gift for best friend 2026
pink gerbera flower meaning love,5,2,556,6,gerbera flower meaning l | gerbera flower meaning p
red flower emoji meaning urban dictionary,6,2,556,9,flower emoji meaning r | flower emoji meaning u
white jasmine flower meaning in bengali,6,2,556,8,jasmine flower meaning b | jasmine flower meaning w
12 long stem roses meaning,5,2,555,4,12 roses meaning l | 12 roses meaning s
3 gerbera flower meaning i love you,7,2,555,7,gerbera flower meaning l | gerbera flower meaning y
cape jasmine flower meaning in bengali,6,2,555,10,jasmine flower meaning b | jasmine flower meaning c
gerbera daisy flower color meaning,5,2,555,10,gerbera flower meaning c | gerbera flower meaning d
objectives of women's day celebration,5,2,555,5,womens day flower a | womens day flower g
what is the flower emoji,5,2,555,6,flower emoji meaning z | flower emoji meaning app
white jasmine flower spiritual meaning,5,2,555,9,jasmine flower meaning s | jasmine flower meaning w
crape jasmine flower meaning in bengali,6,2,554,11,jasmine flower meaning b | jasmine flower meaning c
tulip flower emoji meaning from a girl,7,2,554,11,flower emoji meaning a | flower emoji meaning t
type of flower emoji meaning,5,2,554,9,flower emoji meaning o | flower emoji meaning t
friendship day 2024 best gift ideas,6,2,553,7,friendship day gift for best friend 2026 | friendship day gift for best friend 2027
light pink gerbera flower meaning,5,2,553,12,gerbera flower meaning l | gerbera flower meaning p
which flower to give a girl,6,2,553,6,which flower to propose a girl | who flower to propose a girl
women's day images with flowers,5,2,553,5,womens day flower w | womens day flower with
flower to give to girlfriend,5,2,552,3,flower to propose a girl j | flower to propose a girl x
friendship day gift 2024,4,2,552,8,friendship day gift for best friend 2026 | friendship day gift for best friend 2027
international women's day with flowers,5,2,552,6,womens day flower w | womens day flower with
what does gerbera flower represent,5,2,552,7,what gerbera flower meaning | is it gerbera flower meaning
which flower for ganesh,4,2,552,3,which flower for which occasion g | which flower for which occasion q
yellow gerbera daisy flower meaning,5,2,552,13,gerbera flower meaning d | gerbera flower meaning y
flower to give gf,4,2,551,4,flower to propose a girl j | flower to propose a girl n
friendship day best friend gift,5,2,551,4,friendship day gift for best friend j | friendship day gift for best friend x
gerbera flower meaning in odia,5,2,551,11,gerbera flower meaning o | gerbera flower meaning z
jasmine flower meaning in sinhala,5,2,551,14,jasmine flower meaning with | jasmine flower meaning for
jasmine flower means,3,2,551,4,jasmine flower meaning 2026 | jasmine flower meaning 2027
what is gerbera flower called in english,7,2,551,7,how gerbera flower meaning | what gerbera flower meaning
whatsapp flower emoji meanings,4,2,551,6,how flower emoji meaning | when flower emoji meaning
which flower for durga,4,2,551,4,which flower for which occasion d | which flower for which occasion m
which flower represents victory,4,2,551,4,which flower for which occasion r | which flower for which occasion v
which flower used for making,5,2,551,3,which flower for which occasion maker | how which flower for which occasion
jasmine flower in meaning malayalam,5,2,550,10,jasmine flower meaning e | jasmine flower meaning u
what does jasmine flower signify,5,2,550,10,what jasmine flower meaning | is it jasmine flower meaning
which flower offered to god,5,2,550,4,which flower for which occasion j | which flower for which occasion 2026
which flower used for decoration at home,7,2,550,4,which flower for which occasion maker | which flower for which occasion template
womens day flowers,3,1,1250,1,womens day flower
all gerbera flower meaning,4,1,601,1,gerbera flower meaning a
apple flower emoji meaning,4,1,601,1,flower emoji meaning app
emirati womens day flower,4,1,601,1,womens day flower e
emoji flower bouquet meaning,4,1,601,1,flower emoji meaning b
emoji flower pink meaning,4,1,601,1,flower emoji meaning p
every flower emoji meaning,4,1,601,1,flower emoji meaning e
flower day for women,4,1,601,1,womens day flower f
flower emoji meaning on whatsapp,5,1,601,1,flower emoji meaning o
flower emoji meaning reddit,4,1,601,1,flower emoji meaning r
flower emoji means what,4,1,601,2,flower emoji meaning w
flower in emoji meaning,4,1,601,1,when flower emoji meaning
flowers to a girl quotes,5,1,601,1,flower to propose a girl q
friendship day card ideas for best friend,7,1,601,1,friendship day gift for best friend c
friendship day gift for best friend female,7,1,601,1,friendship day gift for best friend f
friendship day gift ideas for best friend boy,8,1,601,2,friendship day gift for best friend b
friendship day link gift for best friend,7,1,601,1,friendship day gift for best friend l
friendship day special gift for best friend,7,1,601,1,friendship day gift for best friend s
gerbera daisy meaning friendship,4,1,601,1,gerbera flower meaning f
gerbera daisy meaning spiritual,4,1,601,1,gerbera flower meaning s
gerbera flower count meaning,4,1,601,2,gerbera flower meaning c
gerbera flower gift meaning,4,1,601,1,gerbera flower meaning g
gerbera flower kannada meaning,4,1,601,1,gerbera flower meaning k
gerbera flower meaning blue,4,1,601,2,gerbera flower meaning b
gerbera flower meaning japanese,4,1,601,1,gerbera flower meaning j
gerbera flower meaning love,4,1,601,1,gerbera flower meaning l
gerbera flower meaning movie,4,1,601,1,gerbera flower meaning m
gerbera flower meaning red,4,1,601,1,gerbera flower meaning r
gerbera flower meaning white,4,1,601,1,gerbera flower meaning w
gerbera flower tattoo meaning,4,1,601,1,gerbera flower meaning t
gift for best friend on friendship day,7,1,601,1,friendship day gift for best friend o
how to propose a girl online,6,1,601,1,flower to propose a girl online
japanese flower emoji meaning,4,1,601,1,flower emoji meaning j
jasmine flower assamese meaning,4,1,601,1,jasmine flower meaning a
jasmine flower dream meaning,4,1,601,1,jasmine flower meaning d
jasmine flower meaning bengali,4,1,601,1,jasmine flower meaning b
jasmine flower meaning chinese,4,1,601,1,jasmine flower meaning c
jasmine flower meaning in friendship,5,1,601,1,jasmine flower meaning f
jasmine flower meaning in relationship,5,1,601,1,jasmine flower meaning r
jasmine flower meaning japan,4,1,601,1,jasmine flower meaning j
jasmine flower meaning kannada,4,1,601,1,jasmine flower meaning k
jasmine flower meaning love,4,1,601,1,jasmine flower meaning l
jasmine flower meaning odia,4,1,601,1,jasmine flower meaning o
jasmine flower meaning philippines,4,1,601,1,jasmine flower meaning p
jasmine flower meaning spiritual,4,1,601,1,jasmine flower meaning s
jasmine flower meaning urdu,4,1,601,1,jasmine flower meaning u
jasmine flower meaning victorian,4,1,601,1,jasmine flower meaning v
jasmine flower meaning witchcraft,4,1,601,1,jasmine flower meaning w
violet flower emoji meaning,4,1,601,1,flower emoji meaning v
violet gerbera flower meaning,4,1,601,1,gerbera flower meaning v
what is gerbera flower meaning,5,1,601,1,is it gerbera flower meaning
what is jasmine flower meaning,5,1,601,1,is it jasmine flower meaning
which flower for lakshmi,4,1,601,1,which flower for which occasion 2026
which flower for navratri,4,1,601,1,which flower for which occasion n
which flower is used for peace,6,1,601,1,which flower for which occasion p
women's day 2026 flower,4,1,601,1,womens day flower 2026
women's day flower,3,1,601,1,womens day flower 
women's day mimosa flower,4,1,601,1,womens day flower m
women's day yellow flowers,4,1,601,1,womens day flower y
yellow flower emoji meaning,4,1,601,1,flower emoji meaning y
yellow jasmine flower meaning,4,1,601,1,jasmine flower meaning y
12 months rose,3,1,600,2,12 roses meaning template
12 purple roses meaning,4,1,600,2,12 roses meaning p
12 stalks of roses meaning,5,1,600,2,12 roses meaning o
12 stalks roses meaning,4,1,600,2,12 roses meaning s
3 gerbera flower meaning in japanese,6,1,600,2,gerbera flower meaning j
five gerbera flower meaning,4,1,600,2,gerbera flower meaning f
flower emoji meaning from a boy,6,1,600,2,flower emoji meaning b
flower emoji meaning grindr,4,1,600,2,flower emoji meaning g
flower emoji meaning snapchat,4,1,600,2,flower emoji meaning s
flower emoji reaction meaning,4,1,600,2,flower emoji meaning r
flower emoji that means love,5,1,600,2,flower emoji meaning t
flower emoji with deep meaning,5,1,600,2,flower emoji meaning d
flower of women's day,4,1,600,2,womens day flower o
friendship day gift best ideas,5,1,600,2,friendship day gift for best friend 2027
friendship day gift ideas for best friend female,8,1,600,2,friendship day gift for best friend f
friendship day gifts for best friend online,7,1,600,2,friendship day gift for best friend maker
friendship day wishes ideas for best friend,7,1,600,2,friendship day gift for best friend w
gerbera daisy meaning in hindi,5,1,600,2,gerbera flower meaning h
gerbera daisy meaning in urdu,5,1,600,2,gerbera flower meaning u
gerbera daisy meaning orange,4,1,600,2,gerbera flower meaning o
gerbera daisy meaning yellow,4,1,600,2,gerbera flower meaning y
gerbera flower colors meaning,4,1,600,3,gerbera flower meaning c
gerbera flower malayalam meaning,4,1,600,2,gerbera flower meaning m
gerbera flower meaning bengali,4,1,600,3,gerbera flower meaning b
gerbera flower spiritual meaning,4,1,600,2,gerbera flower meaning s
gerbera flower three meaning,4,1,600,2,gerbera flower meaning t
gerbera meaning flower language,4,1,600,2,gerbera flower meaning l
gift ideas for best friend on friendship day,8,1,600,2,friendship day gift for best friend o
girl propose application,3,1,600,2,flower to propose a girl app
giving jasmine flower meaning,4,1,600,2,jasmine flower meaning g
happy women's day flowers gif,5,1,600,2,womens day flower g
hibiscus flower emoji meaning,4,1,600,2,flower emoji meaning h
how to present a girl flowers,6,1,600,2,how flower to propose a girl
how to propose a girl on online chat,8,1,600,2,flower to propose a girl online
jasmine flower and meaning,4,1,600,2,jasmine flower meaning a
jasmine flower essence meaning,4,1,600,2,jasmine flower meaning e
jasmine flower meaning bible,4,1,600,2,jasmine flower meaning b
jasmine flower meaning china,4,1,600,2,jasmine flower meaning c
jasmine flower meaning hinduism,4,1,600,2,jasmine flower meaning h
jasmine flower meaning in flower language,6,1,600,2,jasmine flower meaning f
jasmine flower meaning in punjabi,5,1,600,2,jasmine flower meaning p
jasmine flower meaning japanese,4,1,600,2,jasmine flower meaning j
jasmine flower meaning marathi,4,1,600,2,jasmine flower meaning m
jasmine flower meaning sinhala,4,1,600,2,jasmine flower meaning s
jasmine meaning flower language,4,1,600,2,jasmine flower meaning l
jasmine plant meaning in urdu,5,1,600,2,jasmine flower meaning u
ladies day southport flower show,5,1,600,2,womens day flower s
lotus flower emoji meaning,4,1,600,2,flower emoji meaning l
national women's day flower,4,1,600,2,womens day flower n
orange jasmine flower meaning,4,1,600,2,jasmine flower meaning o
pink flower emoji meaning whatsapp,5,1,600,3,flower emoji meaning w
propose to a girl in english,6,1,600,2,flower to propose a girl in
propose to a girl on whatsapp,6,1,600,2,flower to propose a girl maker
purple flower emoji meaning,4,1,600,2,flower emoji meaning p
red jasmine flower meaning,4,1,600,2,jasmine flower meaning r
what does twelve roses meaning,5,1,600,2,what 12 roses meaning
what flowers represent january,4,1,600,2,when which flower for which occasion
which flower bloom in october,5,1,600,2,which flower for which occasion 2027
which flower for goddess lakshmi,5,1,600,2,which flower for which occasion 2026
which flower good for face,5,1,600,2,which flower for which occasion free
which flower has no leaf,5,1,600,2,which flower for which occasion without
which flower is associated with england,6,1,600,2,who which flower for which occasion
which flower is best for love,6,1,600,2,which flower for which occasion best
which flower is for success,5,1,600,2,which flower for which occasion s
why do we give flowers,5,1,600,2,why which flower for which occasion
wilted flower emoji meaning copy and paste,7,1,600,2,flower emoji meaning c
women's day flowers russia,4,1,600,2,womens day flower r
womens day flowers poland,4,1,600,2,womens day flower p
blue flower emoji meaning,4,1,562,3,flower emoji meaning b
dead flower emoji meaning,4,1,562,3,flower emoji meaning d
flower emoji urban dictionary,4,1,562,3,flower emoji meaning u
flower heart emoji meaning,4,1,562,3,flower emoji meaning h
gerbera daisy symbolic meaning,4,1,562,3,gerbera flower meaning s
gerbera flower meaning pronunciation,4,1,562,3,gerbera flower meaning p
jasmine flower bouquet meaning,4,1,562,3,jasmine flower meaning b
jasmine flower symbolic meaning,4,1,562,3,jasmine flower meaning s
lavender flower emoji meaning,4,1,562,3,flower emoji meaning l
what does flower emoji mean 🌸,6,1,562,3,what flower emoji meaning
wilted flower emoji meaning reddit,5,1,562,3,flower emoji meaning r
🥀 wilted flower emoji meaning copy and paste,8,1,561,4,flower emoji meaning c
5 gerbera flower meaning spiritual,5,1,561,4,gerbera flower meaning s
broken flower emoji meaning,4,1,561,4,flower emoji meaning b
dead flower emoji meaning meme,5,1,561,4,flower emoji meaning m
dying flower emoji meaning,4,1,561,4,flower emoji meaning d
flower emoji meaning from girl,5,1,561,4,flower emoji meaning g
flower emoji symbol meaning,4,1,561,3,flower emoji meaning s
flower petal emoji meaning,4,1,561,4,flower emoji meaning p
gerbera daisy meaning flower,4,1,561,4,gerbera flower meaning d
gerbera flower meaning by color,5,1,561,4,gerbera flower meaning b
gerbera flower meaning purple,4,1,561,4,gerbera flower meaning p
hyacinth flower emoji meaning,4,1,561,4,flower emoji meaning h
jasmine flower meaning in buddhism,5,1,561,4,jasmine flower meaning b
jasmine flower song meaning,4,1,561,4,jasmine flower meaning s
lily flower emoji meaning,4,1,561,4,flower emoji meaning l
red flower emoji meaning,4,1,561,4,flower emoji meaning r
what does flower emoji mean 🥀,6,1,561,4,what flower emoji meaning
white jasmine flower meaning,4,1,561,3,jasmine flower meaning w
wilted flower emoji meaning,4,1,561,4,flower emoji meaning w
yellow flower emoji meaning from a guy,7,1,561,3,flower emoji meaning y
blossom flower emoji meaning,4,1,560,5,flower emoji meaning b
cherry flower emoji meaning,4,1,560,5,flower emoji meaning c
flower meaning of jasmine,4,1,560,3,jasmine flower meaning o
gerbera flower meaning per number,5,1,560,5,gerbera flower meaning p
handmade gift for best friend on friendship day,8,1,560,3,friendship day gift for best friend o
jasmine flower deep meaning,4,1,560,3,jasmine flower meaning d
jasmine flower smell meaning,4,1,560,5,jasmine flower meaning s
jasmine plant meaning in bengali,5,1,560,5,jasmine flower meaning b
red 6 gerbera flower meaning,5,1,560,4,gerbera flower meaning r
rose flower emoji meaning,4,1,560,5,flower emoji meaning r
single white gerbera flower meaning,5,1,560,4,gerbera flower meaning w
what does flower emoji mean 🌺,6,1,560,5,what flower emoji meaning
wilted flower emoji meaning on instagram,6,1,560,3,flower emoji meaning o
winter jasmine flower meaning,4,1,560,4,jasmine flower meaning w
1 red gerbera flower meaning,5,1,559,5,gerbera flower meaning r
3 gerbera flower meaning spiritual,5,1,559,6,gerbera flower meaning s
3 white gerbera flower meaning,5,1,559,5,gerbera flower meaning w
bent flower emoji meaning,4,1,559,6,flower emoji meaning b
chinese flower emoji meaning,4,1,559,6,flower emoji meaning c
dead flower emoji meaning urban dictionary,6,1,559,6,flower emoji meaning u
drooping flower emoji meaning,4,1,559,6,flower emoji meaning d
flower moon emoji meaning,4,1,559,6,flower emoji meaning m
friendship day gift ideas for best friend under 100,9,1,559,6,friendship day gift for best friend i
gerbera daisy bouquet meaning,4,1,559,6,gerbera flower meaning b
gerbera daisy color meaning,4,1,559,4,gerbera flower meaning c
gerbera daisy meaning love,4,1,559,3,gerbera flower meaning l
gerbera daisy meaning pink,4,1,559,6,gerbera flower meaning p
gerbera daisy tattoo meaning,4,1,559,3,gerbera flower meaning t
girl gift for best friend on friendship day,8,1,559,4,friendship day gift for best friend o
gold gerbera flower meaning,4,1,559,3,gerbera flower meaning g
jasmine flower color meaning,4,1,559,3,jasmine flower meaning c
jasmine flower meaning in arabic,5,1,559,3,jasmine flower meaning a
jasmine flower meaning in myanmar,5,1,559,3,jasmine flower meaning m
jasmine plant spiritual meaning,4,1,559,6,jasmine flower meaning s
lotus flower emoji meaning from a guy,7,1,559,6,flower emoji meaning l
night jasmine flower bengali meaning,5,1,559,6,jasmine flower meaning b
one gerbera flower meaning,4,1,559,3,gerbera flower meaning o
withered flower emoji meaning,4,1,559,6,flower emoji meaning w
womens day flower ideas,4,1,559,3,womens day flower i
1 gerbera flower meaning spiritual,5,1,558,7,gerbera flower meaning s
12 pieces roses meaning,4,1,558,3,12 roses meaning p
3 gerbera flower meaning movie,5,1,558,4,gerbera flower meaning m
3 red gerbera flower meaning,5,1,558,6,gerbera flower meaning r
black flower emoji meaning,4,1,558,7,flower emoji meaning b
blue jasmine flower meaning,4,1,558,7,jasmine flower meaning b
flower card emoji meaning,4,1,558,7,flower emoji meaning c
flower down emoji meaning,4,1,558,7,flower emoji meaning d
gerbera daisy meaning in bengali,5,1,558,7,gerbera flower meaning b
gift for female best friend on friendship day,8,1,558,5,friendship day gift for best friend o
gift for friendship day for best friend,7,1,558,4,friendship day gift for best friend f
giving gerbera flower meaning,4,1,558,4,gerbera flower meaning g
green flower emoji meaning,4,1,558,7,flower emoji meaning g
italian women's day mimosa flower,5,1,558,4,womens day flower m
japanese white flower emoji meaning,5,1,558,3,flower emoji meaning j
jasmine flower meaning in chinese culture,6,1,558,4,jasmine flower meaning c
jasmine flower meaning in malay,5,1,558,4,jasmine flower meaning m
jasmine flower meaning in persian,5,1,558,3,jasmine flower meaning p
jasmine flower meaning in sindhi,5,1,558,7,jasmine flower meaning s
jasmine flowers in dream meaning in islam,7,1,558,5,jasmine flower meaning d
lotus flower emoji meaning in whatsapp,6,1,558,7,flower emoji meaning l
marigold flower emoji meaning,4,1,558,7,flower emoji meaning m
meaning of jasmine flower in hindi,6,1,558,5,jasmine flower meaning o
number of gerbera flower meaning,5,1,558,4,gerbera flower meaning o
wilted yellow flower emoji meaning,5,1,558,6,flower emoji meaning y
women's floral day dress,4,1,558,3,womens day flower d
12 black roses meaning,4,1,557,6,12 roses meaning b
12 pieces of roses meaning,5,1,557,3,12 roses meaning o
3 gerbera flower meaning color,5,1,557,6,gerbera flower meaning c
4 gerbera flower meaning spiritual,5,1,557,8,gerbera flower meaning s
6 gerbera flower meaning in japanese,6,1,557,3,gerbera flower meaning j
all flower emoji meaning,4,1,557,8,flower emoji meaning a
bracelets friendship day gift for male best friend,8,1,557,7,friendship day gift for best friend m
flower emoji and their meaning,5,1,557,8,flower emoji meaning t
flower emoji meaning,3,1,557,8,flower emoji meaning 
four gerbera flower meaning,4,1,557,3,gerbera flower meaning f
gerbera daisy meaning in marathi,5,1,557,5,gerbera flower meaning m
gerbera daisy purple meaning,4,1,557,8,gerbera flower meaning p
gerbera flower meaning in telugu,5,1,557,5,gerbera flower meaning t
gift for male best friend on friendship day,8,1,557,6,friendship day gift for best friend o
green gerbera flower meaning,4,1,557,5,gerbera flower meaning g
hibiscus flower emoji meaning from a guy,7,1,557,8,flower emoji meaning h
international women's day italy flower,5,1,557,5,womens day flower i
international womens day flower italy,5,1,557,7,womens day flower in
jasmine blossom spiritual meaning,4,1,557,8,jasmine flower meaning s
jasmine flower cultural significance,4,1,557,5,jasmine flower meaning c
jasmine flower english meaning,4,1,557,3,jasmine flower meaning e
jasmine flower meaning in korean,5,1,557,3,jasmine flower meaning k
jasmine flower meaning thailand,4,1,557,4,jasmine flower meaning t
jasmine flower name meaning in bengali,6,1,557,8,jasmine flower meaning b
lavender flower emoji meaning in whatsapp,6,1,557,8,flower emoji meaning l
lotus flower emoji meaning urban dictionary,6,1,557,8,flower emoji meaning u
meaning of gerbera flower,4,1,557,5,gerbera flower meaning o
meaning of jasmine flower in marathi,6,1,557,6,jasmine flower meaning o
orange flower emoji meaning,4,1,557,6,flower emoji meaning o
purple jasmine flower meaning,4,1,557,4,jasmine flower meaning p
seeing jasmine flower in dream meaning,6,1,557,6,jasmine flower meaning d
water jasmine flower meaning,4,1,557,7,jasmine flower meaning w
what do twelve roses meaning,5,1,557,3,what 12 roses meaning
what does flower emoji mean on whatsapp,7,1,557,8,what flower emoji meaning
what does the japanese flower emoji mean,7,1,557,4,flower emoji meaning j
what does the jasmine flower symbolism,6,1,557,3,what jasmine flower meaning
when should you ask your flower girl,7,1,557,3,when flower to propose a girl
12 dozen of roses meaning,5,1,556,4,12 roses meaning o
12 pcs roses meaning,4,1,556,5,12 roses meaning p
12 stem roses meaning,4,1,556,3,12 roses meaning s
3 yellow gerbera flower meaning,5,1,556,6,gerbera flower meaning y
7 gerbera flower meaning spiritual,5,1,556,9,gerbera flower meaning s
arabian jasmine flower meaning,4,1,556,6,jasmine flower meaning a
blooming flower emoji meaning,4,1,556,9,flower emoji meaning b
cape jasmine flower meaning,4,1,556,6,jasmine flower meaning c
cherry blossom emoji meaning slang,5,1,556,8,flower emoji meaning s
daisy flower emoji meaning,4,1,556,9,flower emoji meaning d
flora my flower women's day deep house mix,8,1,556,5,womens day flower d
friendship day 2025 gift ideas for best friend,8,1,556,9,friendship day gift for best friend i
happy women's day yellow flowers,5,1,556,3,womens day flower y
international women's day russia flowers,5,1,556,3,womens day flower r
jasmine flower definition in english,5,1,556,4,jasmine flower meaning e
jasmine flower in dream biblical meaning,6,1,556,9,jasmine flower meaning b
jasmine flower meaning in sanskrit,5,1,556,9,jasmine flower meaning s
jasmine flower name meaning in urdu,6,1,556,3,jasmine flower meaning u
jasmine flower tagalog meaning,4,1,556,5,jasmine flower meaning t
jasmine plant hindi meaning,4,1,556,5,jasmine flower meaning h
jasmine plant kannada meaning,4,1,556,4,jasmine flower meaning k
jasmine plant meaning in marathi,5,1,556,6,jasmine flower meaning m
limp flower emoji meaning,4,1,556,9,flower emoji meaning l
meaning behind 12 roses,4,1,556,7,12 roses meaning b
meaning of jasmine flower tattoo,5,1,556,7,jasmine flower meaning o
mini gerbera flower meaning,4,1,556,6,gerbera flower meaning m
open flower emoji meaning,4,1,556,7,flower emoji meaning o
pink flower emoji meaning from a girl,7,1,556,9,flower emoji meaning a
pink jasmine flower meaning,4,1,556,5,jasmine flower meaning p
reason for women's day celebration,5,1,556,8,womens day flower h
red flower emoji meaning in whatsapp,6,1,556,9,flower emoji meaning r
royal jasmine flower meaning,4,1,556,3,jasmine flower meaning r
symbol of international women's day flower,6,1,556,3,womens day flower o
tulip flower emoji meaning,4,1,556,9,flower emoji meaning t
two gerbera flower meaning,4,1,556,6,gerbera flower meaning t
what does 12 roses mean in a relationship,8,1,556,4,what 12 roses meaning
what does flower emoji mean from a girl,8,1,556,9,what flower emoji meaning
what does gerbera flower symbolism,5,1,556,3,what gerbera flower meaning
what does jasmine flower meaning,5,1,556,7,jasmine flower meaning d
white flower emoji meaning in hindi,6,1,556,9,flower emoji meaning h
12 red roses and 1 white meaning,7,1,555,4,12 roses meaning w
3 gerbera flower meaning love,5,1,555,7,gerbera flower meaning l
chinese jasmine flower song meaning,5,1,555,10,jasmine flower meaning s
dried flower emoji meaning,4,1,555,10,flower emoji meaning d
flower leaf emoji meaning,4,1,555,10,flower emoji meaning l
friendship day ideas for best friend,6,1,555,10,friendship day gift for best friend 
jasmine blossom meaning in malayalam,5,1,555,7,jasmine flower meaning m
jasmine flower assamese name meaning,5,1,555,7,jasmine flower meaning a
jasmine flower ka hindi meaning,5,1,555,5,jasmine flower meaning k
jasmine plant meaning in english,5,1,555,5,jasmine flower meaning e
meaning of 12 roses,4,1,555,5,12 roses meaning o
meaning of jasmine flower in urdu,6,1,555,8,jasmine flower meaning o
orange gerbera daisy meaning spiritual,5,1,555,10,gerbera flower meaning s
peach gerbera flower meaning,4,1,555,10,gerbera flower meaning p
pink flower emoji meaning instagram,5,1,555,10,flower emoji meaning p
red flower emoji meaning from a guy,7,1,555,10,flower emoji meaning r
send flowers women's day,4,1,555,6,womens day flower s
sunflower emoji meaning,3,1,555,9,flower emoji meaning s
the flower emoji meaning,4,1,555,10,flower emoji meaning t
upside down flower emoji meaning,5,1,555,10,flower emoji meaning u
what do flower emoji mean,5,1,555,10,what flower emoji meaning
what does 12 roses mean from a guy,8,1,555,5,what 12 roses meaning
when to give a girl flowers on a date,9,1,555,5,when flower to propose a girl
which flower represents october,4,1,555,3,when which flower for which occasion
wilted orange flower emoji meaning,5,1,555,8,flower emoji meaning o
2 yellow gerbera flower meaning,5,1,554,8,gerbera flower meaning y
butterfly and flower emoji meaning,5,1,554,11,flower emoji meaning b
droopy flower emoji meaning,4,1,554,11,flower emoji meaning d
flower pot emoji meaning,4,1,554,11,flower emoji meaning p
is jasmine is a flower,5,1,554,5,is it jasmine flower meaning
is there a flower emoji,5,1,554,5,how flower emoji meaning
jasmine flower name in hindi meaning,6,1,554,7,jasmine flower meaning h
jasmine plant meaning in tamil,5,1,554,7,jasmine flower meaning t
lotus flower emoji meaning from a girl to a guy,10,1,554,11,flower emoji meaning l
madagascar jasmine flower meaning,4,1,554,8,jasmine flower meaning m
meaning of jasmine flower in love,6,1,554,9,jasmine flower meaning o
most popular flowers to give a girl,7,1,554,3,flower to propose a girl best
pink gerbera daisy flower meaning,5,1,554,11,gerbera flower meaning d
pink gerbera daisy meaning spiritual,5,1,554,11,gerbera flower meaning s
rotten flower emoji meaning,4,1,554,11,flower emoji meaning r
sad flower emoji meaning,4,1,554,10,flower emoji meaning s
what are gerbera flowers,4,1,554,6,gerbera flower meaning j
what does flower emoji mean in slang,7,1,554,11,what flower emoji meaning
what is a good friendship gift,6,1,554,9,friendship day gift for best friend g
whatsapp emoji meaning flower,4,1,554,4,flower emoji meaning app
when to propose a girl to be a girlfriend,9,1,554,6,when flower to propose a girl
white jasmine flower in kannada meaning,6,1,554,6,jasmine flower meaning k
why is flower important,4,1,554,3,why which flower for which occasion
wilted flower emoji meaning in hindi,6,1,554,11,flower emoji meaning h
🌼 flower emoji meaning,4,1,553,6,how flower emoji meaning
1 yellow gerbera flower meaning,5,1,553,9,gerbera flower meaning y
bee and flower emoji meaning,5,1,553,12,flower emoji meaning b
black jasmine flower meaning,4,1,553,12,jasmine flower meaning b
bunch of flower emoji meaning,5,1,553,10,flower emoji meaning o
crape jasmine flower meaning,4,1,553,9,jasmine flower meaning c
flower losing petals emoji meaning,5,1,553,12,flower emoji meaning l
flower which do not open,5,1,553,4,why which flower for which occasion
how gerbera is propagated,4,1,553,5,how gerbera flower meaning
jasmine flower marathi name meaning,5,1,553,9,jasmine flower meaning m
jasmine plant meaning in telugu,5,1,553,8,jasmine flower meaning t
pink flower emoji meaning from a guy to a girl,10,1,553,12,flower emoji meaning p
pink gerbera daisy meaning love,5,1,553,9,gerbera flower meaning l
red gerbera daisy meaning spiritual,5,1,553,12,gerbera flower meaning s
rosette flower emoji meaning,4,1,553,12,flower emoji meaning r
sakura flower emoji meaning,4,1,553,11,flower emoji meaning s
significance of jasmine flower,4,1,553,4,how jasmine flower meaning
star jasmine flower meaning,4,1,553,12,jasmine flower meaning s
three flower emoji meaning,4,1,553,12,flower emoji meaning t
what does 🌸 mean,4,1,553,4,when flower emoji meaning
what does flower emoji mean from a guy,8,1,553,12,what flower emoji meaning
what does gerbera flower symbolize,5,1,553,6,is it gerbera flower meaning
what flowers to give to girlfriend,6,1,553,4,what flower to propose a girl
what is the best flowers to give to your girlfriend,10,1,553,4,flower to propose a girl best
what jasmine flower represent,4,1,553,7,what jasmine flower meaning
what to say when proposing to a girl,8,1,553,4,flower to propose a girl q
when a girl gives you flower,6,1,553,7,when flower to propose a girl
white flower emoji meaning from girl,6,1,553,12,flower emoji meaning g
women's day 2026 date,4,1,553,4,womens day flower 2026
womens day rose,3,1,553,6,womens day flower r
🥀 flower emoji meaning,4,1,552,5,when flower emoji meaning
3 pink gerbera flower meaning,5,1,552,13,gerbera flower meaning p
5 yellow gerbera flower meaning,5,1,552,10,gerbera flower meaning y
bird with flower emoji meaning,5,1,552,13,flower emoji meaning b
carolina jasmine flower meaning,4,1,552,10,jasmine flower meaning c
friendship day 2023 gift ideas,5,1,552,3,friendship day gift for best friend 2027
green flower emoji meaning from girl,6,1,552,13,flower emoji meaning g
hanging flower emoji meaning,4,1,552,13,flower emoji meaning h
how does gerbera grow,4,1,552,6,how gerbera flower meaning
how jasmine flower,3,1,552,5,how jasmine flower meaning
how many roses mean i love you,7,1,552,4,how 12 roses meaning
how to get flower emoji in whatsapp,7,1,552,7,how flower emoji meaning
is jasmine a beautiful flower,5,1,552,7,is it jasmine flower meaning
jasmine blossom meaning in tamil,5,1,552,9,jasmine flower meaning t
lily pad flower emoji meaning,5,1,552,13,flower emoji meaning l
meaning of flower emoji,4,1,552,11,flower emoji meaning o
night jasmine flower meaning in hindi,6,1,552,9,jasmine flower meaning h
orange gerberas flower language meaning,5,1,552,10,gerbera flower meaning l
purple flower emoji meaning from a guy,7,1,552,13,flower emoji meaning p
rose flower emoji meaning from a girl,7,1,552,13,flower emoji meaning r
sending flower emoji meaning,4,1,552,12,flower emoji meaning s
smell of jasmine flower spiritual meaning,6,1,552,13,jasmine flower meaning s
what does white flower emoji mean,6,1,552,13,flower emoji meaning c
what flowers to give a girl on a date,9,1,552,5,what flower to propose a girl
what is gerbera flower called in hindi,7,1,552,7,what gerbera flower meaning
what jasmine flower,3,1,552,8,what jasmine flower meaning
what to say when proposing to your girlfriend,8,1,552,5,flower to propose a girl q
what's special about 12 roses,5,1,552,8,what 12 roses meaning
when to propose a girl for marriage,7,1,552,8,when flower to propose a girl
which flower attract love,4,1,552,3,which flower for which occasion app
which flower do they sell,5,1,552,3,which flower for which occasion online
which flower for maa durga,5,1,552,3,which flower for which occasion m
which flower for rahu,4,1,552,3,which flower for which occasion r
which flower is best for good luck,7,1,552,3,which flower for which occasion best
which flower is good for vase,6,1,552,3,which flower for which occasion v
which flower to give girlfriend,5,1,552,7,which flower to propose a girl
which flowers can be offered to god,7,1,552,3,which flower for which occasion 2026
which which flower,3,1,552,3,which which flower for which occasion
who to propose a girl in chat,7,1,552,6,who flower to propose a girl
why a girl propose a boy,6,1,552,4,why flower to propose a girl
why white flower blooms at night,6,1,552,5,why which flower for which occasion
without flowers,2,1,552,3,womens day flower without
women's day 2026,3,1,552,5,womens day flower 2026
womens day rose colour,4,1,552,7,womens day flower r
yellow gerbera daisy meaning spiritual,5,1,552,13,gerbera flower meaning s
best flower to propose,4,1,551,6,flower to propose a girl best
coral jasmine flower meaning,4,1,551,11,jasmine flower meaning c
friendship day 2024 gift ideas,5,1,551,9,friendship day gift for best friend 2026
friendship day gift for 3 best friends,7,1,551,14,friendship day gift for best friend
friendship day gift for your bestie,6,1,551,6,friendship day gift for best friend y
gerbera meaning hindi,3,1,551,6,gerbera flower meaning h
gerbera meaning kannada,3,1,551,6,gerbera flower meaning k
golden flower emoji meaning,4,1,551,14,flower emoji meaning g
hawaiian flower emoji meaning,4,1,551,14,flower emoji meaning h
how jasmine flowers look like,5,1,551,6,how jasmine flower meaning
is gerbera a cut flower,5,1,551,8,is it gerbera flower meaning
is jasmine flower male or female,6,1,551,8,is it jasmine flower meaning
meaning of flower emoji from a girl,7,1,551,12,flower emoji meaning o
night blooming jasmine flower meaning,5,1,551,14,jasmine flower meaning b
pink lotus flower emoji meaning,5,1,551,14,flower emoji meaning l
rainbow flower emoji meaning,4,1,551,14,flower emoji meaning r
six gerbera flower meaning,4,1,551,14,gerbera flower meaning s
snake and flower emoji meaning,5,1,551,13,flower emoji meaning s
spanish jasmine flower meaning,4,1,551,14,jasmine flower meaning s
tulip flower emoji meaning from a guy,7,1,551,14,flower emoji meaning t
what does flower emoji mean 🌸 in whatsapp,8,1,551,14,what flower emoji meaning
what does flower mean in emoji,6,1,551,8,how flower emoji meaning
what flowers to gift a girl,6,1,551,6,what flower to propose a girl
what jasmine symbolize,3,1,551,9,what jasmine flower meaning
when a girl propose a boy,6,1,551,9,when flower to propose a girl
which flower best for skin,5,1,551,4,which flower for which occasion free
which flower bloom in 36 years,6,1,551,3,which flower for which occasion 2027
which flower have no petals,5,1,551,4,which flower for which occasion without
which flower is best for home,6,1,551,4,which flower for which occasion best
which flower to gift a girl,6,1,551,8,which flower to propose a girl
white blossom flower emoji meaning,5,1,551,14,flower emoji meaning b
why propose to a girl,5,1,551,5,why flower to propose a girl
why white flower,3,1,551,6,why which flower for which occasion
women's day bouquet,3,1,551,9,womens day flower b
womens day rose color,4,1,551,8,womens day flower r
yellow 6 gerbera flower meaning,5,1,551,11,gerbera flower meaning y
12 red roses bunch,4,1,550,4,12 roses meaning free
6 pink gerbera flower meaning,5,1,550,15,gerbera flower meaning p
8 roses meaning in relationship,5,1,550,4,12 roses meaning x
all flower emoji meaning in hindi,6,1,550,15,flower emoji meaning h
best flower to give a girl,6,1,550,7,flower to propose a girl best
broken heart and flower emoji meaning,6,1,550,15,flower emoji meaning b
crape jasmine flower in hindi meaning,6,1,550,11,jasmine flower meaning h
flower to girlfriend quotes,4,1,550,7,flower to propose a girl q
flowers to get my girlfriend,5,1,550,5,flower to propose a girl with
friendship day best best gift,5,1,550,4,friendship day gift for best friend z
friendship day gift best friend,5,1,550,10,friendship day gift for best friend 2026
friendship day gift for bestie,5,1,550,3,friendship day gift for best friend template
gerbera flower symbolism,3,1,550,5,gerbera flower meaning template
gerbera meaning in tamil translation,5,1,550,12,gerbera flower meaning t
guitar skull flower emoji meaning,5,1,550,14,flower emoji meaning s
how do we propose to a girl,7,1,550,6,how flower to propose a girl
how does jasmine flower look like,6,1,550,7,how jasmine flower meaning
how many roses are lucky,5,1,550,6,how 12 roses meaning
jasmine flower chinese song meaning,5,1,550,12,jasmine flower meaning c
jasmine flower represents,3,1,550,9,jasmine flower meaning r
jasmine meaning in flower language,5,1,550,9,jasmine flower meaning f
jasmine the flower meaning,4,1,550,11,jasmine flower meaning t
meaning behind jasmine flower,4,1,550,15,jasmine flower meaning b
meaning of flower emoji from a guy,7,1,550,13,flower emoji meaning o
orange gerbera daisy flower meaning,5,1,550,15,gerbera flower meaning d
propose 20,2,1,550,3,flower to propose a girl 2027
single gerbera flower meaning,4,1,550,15,gerbera flower meaning s
water lily flower emoji meaning,5,1,550,15,flower emoji meaning l
what does flower emoji mean 🌸 in texting,8,1,550,15,what flower emoji meaning
what does gerbera signify,4,1,550,9,is it gerbera flower meaning
what flower to give to a girl,7,1,550,7,what flower to propose a girl
what which flower,3,1,550,4,what which flower for which occasion
what's the meaning behind 12 roses,6,1,550,13,12 roses meaning b
when a girl proposes to a guy,7,1,550,10,when flower to propose a girl
which flower blooms 365 days,5,1,550,4,which flower for which occasion 2027
which flower emoji means love,5,1,550,7,when flower emoji meaning
which flower is best to give a girl,8,1,550,9,which flower to propose a girl
which flower is special,4,1,550,8,when which flower for which occasion
which flower is used for bouquets,6,1,550,5,which flower for which occasion b
which flower is used for decorations,6,1,550,5,which flower for which occasion online
which flower is used for ganpati,6,1,550,5,which flower for which occasion k
which flower is used to,5,1,550,7,how which flower for which occasion
which flower is used to propose,6,1,550,8,who flower to propose a girl
which flower to offer shani dev,6,1,550,5,which flower for which occasion s
which flower used for ganesh pooja,6,1,550,5,which flower for which occasion g
which flowers can be used for pooja,7,1,550,5,which flower for which occasion p
why flowers are given,4,1,550,6,why flower to propose a girl
womens day quotes for lover,5,1,550,5,womens day flower q
world flower day 2025,4,1,550,7,womens day flower 2026
