suggestion,words,prefix_hits,relevance,best_rank,source_prefixes
virtual proposal ideas,3,20,601,1,virtual proposal | virtual proposal  | virtual proposal a | virtual proposal d | virtual proposal e | virtual proposal i | virtual proposal j | virtual proposal k | virtual proposal n | virtual proposal o | virtual proposal t | virtual proposal v | virtual proposal free | virtual proposal online | virtual proposal for | virtual proposal app | virtual proposal maker | virtual proposal template | online proposal q | online proposal v
online proposal ideas,3,19,1250,1,virtual proposal i | virtual proposal online | online proposal | online proposal  | online proposal a | online proposal h | online proposal i | online proposal j | online proposal q | online proposal u | online proposal v | online proposal best | online proposal with | online proposal in | online proposal template | online proposal 2026 | what online proposal | which online proposal | can i online proposal
virtual proposal meaning,3,18,601,1,virtual proposal | virtual proposal  | virtual proposal a | virtual proposal d | virtual proposal e | virtual proposal i | virtual proposal j | virtual proposal k | virtual proposal m | virtual proposal n | virtual proposal o | virtual proposal t | virtual proposal v | virtual proposal free | virtual proposal online | virtual proposal for | virtual proposal app | virtual proposal template
online proposal maker,3,17,1252,1,virtual proposal m | virtual proposal maker | online proposal | online proposal  | online proposal a | online proposal h | online proposal i | online proposal j | online proposal m | online proposal o | online proposal q | online proposal u | online proposal v | online proposal x | online proposal with | online proposal in | online proposal template
online proposal maker free,4,17,1250,3,virtual proposal m | virtual proposal online | virtual proposal maker | online proposal | online proposal  | online proposal h | online proposal i | online proposal j | online proposal m | online proposal o | online proposal q | online proposal u | online proposal v | online proposal with | online proposal in | online proposal maker | online proposal template
virtual proposal card,3,17,601,2,virtual proposal a | virtual proposal c | virtual proposal d | virtual proposal e | virtual proposal i | virtual proposal j | virtual proposal k | virtual proposal n | virtual proposal o | virtual proposal t | virtual proposal v | virtual proposal free | virtual proposal online | virtual proposal for | virtual proposal app | virtual proposal maker | virtual proposal template
online proposal format,3,15,553,6,virtual proposal online | online proposal a | online proposal h | online proposal i | online proposal j | online proposal o | online proposal q | online proposal u | online proposal v | online proposal x | online proposal best | online proposal with | online proposal in | online proposal template | online proposal 2026
propose girlfriend in hindi,4,11,1251,1,propose girlfriend | propose girlfriend  | propose girlfriend g | propose girlfriend i | propose girlfriend j | propose girlfriend u | propose girlfriend v | propose girlfriend x | propose girlfriend z | propose girlfriend with | propose girlfriend in
virtual propose day,3,11,552,11,virtual proposal a | virtual proposal d | virtual proposal e | virtual proposal i | virtual proposal j | virtual proposal k | virtual proposal n | virtual proposal t | virtual proposal for | virtual proposal app | virtual proposal template
virtually propose,2,11,551,12,virtual proposal a | virtual proposal d | virtual proposal e | virtual proposal i | virtual proposal j | virtual proposal k | virtual proposal n | virtual proposal t | virtual proposal v | virtual proposal for | virtual proposal app
virtual engagement ideas,3,9,600,2,virtual proposal a | virtual proposal d | virtual proposal e | virtual proposal i | virtual proposal j | virtual proposal k | virtual proposal n | virtual proposal t | virtual proposal v
how to propose online,4,8,600,2,online proposal a | online proposal u | online proposal v | online proposal with | online proposal in | what online proposal | which online proposal | can i online proposal
online proposal,2,8,600,2,online proposal  | online proposal h | online proposal i | online proposal j | online proposal o | online proposal x | online proposal 2026 | online proposal 2027
online proposal link,3,7,1250,1,propose online | virtual proposal l | online proposal | online proposal  | online proposal l | online proposal u | online proposal 2026
online proposal website,3,6,1251,2,propose online | virtual proposal w | online proposal | online proposal  | online proposal w | online proposal with
propose day 2026,3,6,1251,1,propose | propose  | propose d | propose day | propose day  | propose day 2027
online proposal for girlfriend,4,6,1250,1,virtual proposal f | virtual proposal for | online proposal | online proposal  | online proposal f | online proposal for
online proposal template,3,6,1250,1,virtual proposal t | virtual proposal template | online proposal | online proposal  | online proposal t | online proposal maker
online proposal for marriage,4,6,601,1,virtual proposal f | virtual proposal for | online proposal f | online proposal with | online proposal for | online proposal in
propose girlfriend for marriage,4,6,601,1,propose girlfriend | propose girlfriend  | propose girlfriend f | propose girlfriend g | propose girlfriend with | propose girlfriend for
propose girlfriend ideas,3,6,601,3,propose girlfriend | propose girlfriend  | propose girlfriend i | propose girlfriend u | propose girlfriend 2026 | propose girlfriend 2027
propose girlfriend shayari,3,6,601,1,propose girlfriend | propose girlfriend  | propose girlfriend j | propose girlfriend s | propose girlfriend u | propose girlfriend z
how to girlfriend propose,4,6,600,2,propose girlfriend g | propose girlfriend j | propose girlfriend u | propose girlfriend online | propose girlfriend without | propose girlfriend template
propose day date,3,5,1250,1,propose d | propose day | propose day  | propose day d | propose day z
propose girlfriend gift,3,5,1250,1,propose girlfriend | propose girlfriend  | propose girlfriend g | propose girlfriend j | propose girlfriend 2027
propose girlfriend in english,4,5,1250,2,propose girlfriend | propose girlfriend  | propose girlfriend i | propose girlfriend with | propose girlfriend in
propose girlfriend website,3,5,1250,1,propose girlfriend | propose girlfriend  | propose girlfriend w | propose girlfriend online | propose girlfriend 2026
online proposal free,3,5,601,1,virtual proposal f | virtual proposal free | online proposal | online proposal  | online proposal f
propose girlfriend quotes,3,5,601,1,propose girlfriend | propose girlfriend  | propose girlfriend q | propose girlfriend x | propose girlfriend template
virtual assistant proposal template,4,5,601,1,virtual proposal | virtual proposal  | virtual proposal a | virtual proposal t | virtual proposal template
online marriage proposal maker,4,5,600,4,propose maker | virtual proposal m | online proposal | online proposal m | online proposal maker
propose girlfriend on propose day,5,5,600,2,propose girlfriend g | propose girlfriend j | propose girlfriend v | propose girlfriend x | propose girlfriend z
virtual assistant proposal sample pdf,5,5,560,3,virtual proposal | virtual proposal  | virtual proposal a | virtual proposal p | virtual proposal s
can a girl propose to her boyfriend,7,5,555,9,propose girlfriend g | propose girlfriend j | propose girlfriend v | propose girlfriend online | which propose girlfriend
online proposal card,3,4,1250,1,virtual proposal c | online proposal | online proposal  | online proposal c
online proposal software,3,4,1250,1,virtual proposal s | online proposal | online proposal  | online proposal s
propose day kab hai,4,4,1250,1,propose d | propose day | propose day  | propose day k
propose day quotes,3,4,1250,2,propose d | propose day | propose day  | propose day q
propose day wishes,3,4,1250,1,propose d | propose day | propose day  | propose day w
propose for girlfriend,3,4,1250,1,propose f | propose for | propose girlfriend f | propose girlfriend for
propose with girlfriend,3,4,1250,1,propose w | propose with | propose girlfriend w | propose girlfriend with
propose day kab hai 2026,5,4,1150,2,propose d | propose day | propose day  | propose day k
propose day date 2026,4,4,951,2,propose d | propose day | propose day  | propose day d
propose day kab aata hai,5,4,800,3,propose d | propose day | propose day  | propose day k
online proposal generator,3,4,601,1,virtual proposal g | online proposal | online proposal  | online proposal g
online proposal maker ai,4,4,601,2,virtual proposal m | virtual proposal maker | online proposal a | online proposal maker
online proposal marriage,3,4,601,3,virtual proposal m | online proposal | online proposal  | online proposal m
online proposal submission,3,4,601,1,virtual proposal s | online proposal o | online proposal 2026 | online proposal 2027
propose girlfriend message,3,4,601,1,propose girlfriend | propose girlfriend  | propose girlfriend m | propose girlfriend template
online proposal site,3,4,600,2,virtual proposal s | online proposal x | online proposal 2026 | online proposal 2027
online research proposal maker,4,4,600,2,virtual proposal r | online proposal m | online proposal r | online proposal maker
virtual bridesmaid proposal ideas,4,4,600,2,virtual proposal | virtual proposal  | virtual proposal b | virtual proposal i
virtual wedding proposal certificate,4,4,600,3,virtual proposal | virtual proposal  | virtual proposal c | virtual proposal w
virtual assistant proposal template free,5,4,559,4,virtual proposal a | virtual proposal t | virtual proposal free | virtual proposal template
online project proposal maker free,5,4,555,10,virtual proposal p | online proposal p | online proposal maker | online proposal template
propose meaning in kannada,4,3,1251,1,propose | propose  | propose m
propose day,2,3,1250,1,propose | propose  | propose d
propose day gift,3,3,1250,1,propose day | propose day  | propose day g
propose day images,3,3,1250,1,propose day | propose day  | propose day i
propose day meaning in hindi,5,3,1250,1,propose day | propose day  | propose day m
propose girl,2,3,1250,1,propose | propose  | propose g
propose girlfriend lines,3,3,1250,1,propose girlfriend | propose girlfriend  | propose girlfriend l
propose in kannada,3,3,1250,1,propose  | propose i | propose in
propose lines,2,3,1250,1,propose | propose  | propose l
propose shayari,2,3,1250,1,propose | propose  | propose s
virtual proposal center,3,3,1250,1,virtual proposal | virtual proposal  | virtual proposal c
virtual proposal website,3,3,1250,1,virtual proposal | virtual proposal  | virtual proposal w
propose day quotes for love,5,3,750,2,propose day | propose day  | propose day q
propose in hindi,3,3,750,2,propose  | propose i | propose in
propose meaning in hindi,4,3,700,3,propose | propose  | propose m
propose for girlfriend in english,5,3,650,5,propose f | propose for | propose girlfriend f
online free proposal maker,4,3,601,1,virtual proposal free | online proposal f | online proposal free
online love proposal website,4,3,601,2,virtual proposal l | online proposal l | online proposal w
online proposal form,3,3,601,2,virtual proposal f | online proposal f | online proposal template
online proposal writing jobs,4,3,601,2,virtual proposal w | online proposal j | online proposal w
online propose kaise kare,4,3,601,1,propose online | online proposal  | online proposal k
propose girl in english,4,3,601,3,propose g | propose girlfriend  | propose girlfriend in
propose girlfriend english,3,3,601,1,propose girlfriend u | propose girlfriend x | propose girlfriend z
virtual bridesmaid proposal,3,3,601,1,virtual proposal | virtual proposal  | virtual proposal b
virtual groomsmen proposal,3,3,601,1,virtual proposal | virtual proposal  | virtual proposal g
virtual proposal online free,4,3,601,1,virtual proposal f | virtual proposal free | virtual proposal online
virtual proposal wedding,3,3,601,2,virtual proposal | virtual proposal  | virtual proposal w
virtual valentines proposal,3,3,601,1,virtual proposal | virtual proposal  | virtual proposal v
how to propose girlfriend,4,3,600,2,propose girlfriend v | propose girlfriend best | which propose girlfriend
online bridesmaid proposal,3,3,600,2,virtual proposal b | online proposal | online proposal b
online love proposal maker,4,3,600,3,virtual proposal l | online proposal l | online proposal maker
online research proposal help,4,3,600,2,virtual proposal r | online proposal h | online proposal r
propose day 2024,3,3,600,6,propose d | propose day | propose day 
propose girl shayari,3,3,600,2,propose g | propose girlfriend  | propose girlfriend s
virtual marriage proposal,3,3,600,2,virtual proposal | virtual proposal  | virtual proposal m
virtual support meaning,3,3,600,2,virtual proposal n | virtual proposal o | virtual proposal online
virtual wedding proposal free,4,3,600,2,virtual proposal f | virtual proposal w | virtual proposal free
online business proposal,3,3,562,3,virtual proposal b | online proposal | online proposal b
online project proposal maker,4,3,562,3,virtual proposal p | online proposal p | online proposal maker
propose for girlfriend bangla,4,3,562,3,propose girlfriend f | propose girlfriend with | propose girlfriend for
online business proposal maker,4,3,561,4,virtual proposal b | online proposal b | online proposal maker
online propose girl,3,3,561,3,propose online | online proposal  | online proposal g
propose girl quotes,3,3,561,3,propose g | propose girlfriend  | propose girlfriend q
online business proposal template,4,3,560,5,virtual proposal b | online proposal b | online proposal template
online marriage proposal sri lanka,5,3,560,5,virtual proposal m | online proposal m | online proposal s
online proposal for boyfriend,4,3,560,5,virtual proposal f | online proposal b | online proposal f
propose a girl in different ways,6,3,560,5,propose a | propose girlfriend a | propose girlfriend i
propose in girlfriend,3,3,560,5,propose i | propose in | propose girlfriend i
girlfriend propose in marathi,4,3,559,6,propose girlfriend | propose girlfriend i | propose girlfriend with
online marriage proposal free,4,3,559,6,online proposal f | online proposal m | online proposal free
online forest proposal status,4,3,558,7,virtual proposal f | virtual proposal for | online proposal f
online research proposal writing,4,3,557,4,virtual proposal r | online proposal r | online proposal w
propose a girl in shayari,5,3,557,8,propose a | propose girlfriend a | propose girlfriend i
propose day 2027,3,3,556,9,propose d | propose day | propose day 
best online proposal for girl,5,3,555,6,online proposal f | online proposal g | online proposal best
propose for girlfriend in kannada,5,3,554,11,propose girlfriend f | propose girlfriend k | propose girlfriend for
propose best line,3,2,1251,1,propose b | propose best
propose quotes,2,2,1251,1,propose | propose q
propose a girl,3,2,1250,1,propose a | propose girlfriend a
propose best friend,3,2,1250,2,propose b | propose best
propose meaning,2,2,1250,2,propose  | propose m
propose quotes in kannada,4,2,1250,2,propose  | propose q
propose your girlfriend,3,2,1001,3,propose y | propose girlfriend y
propose with flower,3,2,1000,3,propose w | propose with
propose for boyfriend,3,2,951,2,propose f | propose for
propose a girl on chat,5,2,950,2,propose a | propose girlfriend a
propose for girl,3,2,950,3,propose f | propose for
propose to girlfriend,3,2,950,2,propose t | propose girlfriend t
propose love,2,2,751,2,propose  | propose l
propose for marriage,3,2,700,4,propose f | propose for
propose girlfriend,2,2,700,2,propose g | propose girlfriend 
propose kaise kare,3,2,650,2,propose  | propose k
propose or purpose,3,2,603,2,propose o | propose y
can i propose a girl directly,6,2,601,2,can i propose | can i propose girlfriend
how to propose girlfriend online,5,2,601,1,propose girlfriend o | propose girlfriend online
is it propose day today,5,2,601,2,is it propose | is it propose day
online consumer proposal,3,2,601,2,virtual proposal c | online proposal c
online hoco proposal,3,2,601,1,virtual proposal h | online proposal h
online job proposal,3,2,601,1,virtual proposal j | online proposal j
online loan proposal nrlm,4,2,601,1,virtual proposal l | online proposal n
online plan approval,3,2,601,1,online proposal a | online proposal app
online proposal builder,3,2,601,1,virtual proposal b | online proposal b
online proposal creator,3,2,601,1,online proposal x | online proposal with
online proposal ring,3,2,601,1,virtual proposal r | online proposal r
online upwork proposal generator,4,2,601,1,online proposal g | online proposal u
online valentine proposal,3,2,601,1,virtual proposal v | online proposal v
propose a girl without saying i love you,8,2,601,1,propose girlfriend with | propose girlfriend without
propose day best wishes,4,2,601,1,propose day b | propose day best
propose day card maker,4,2,601,1,propose maker | propose day maker
propose day for husband,4,2,601,1,propose day f | propose day for
propose day in august,4,2,601,1,propose day i | propose day in
propose day meaning,3,2,601,2,propose day m | propose day app
propose day online card,4,2,601,1,propose day o | propose day online
propose for love,3,2,601,6,propose f | propose for
propose gf website,3,2,601,2,propose g | propose girlfriend w
propose girl best lines,4,2,601,1,propose girlfriend b | propose girlfriend best
propose girl photo,3,2,601,1,propose g | propose girlfriend p
propose girlfriend boyfriend,3,2,601,1,propose girlfriend 2026 | propose girlfriend 2027
propose in kannada meaning,4,2,601,3,propose i | propose in
propose synonyms,2,2,601,2,propose  | propose s
propose unknown girl,3,2,601,1,propose u | propose girlfriend u
propose with girl,3,2,601,4,propose with | propose girlfriend w
propose without saying i love you,6,2,601,1,propose with | propose without
watch online business proposal in hindi,6,2,601,2,online proposal i | online proposal in
when propose day in 2026,5,2,601,1,when propose | when propose day
can i propose a girl on whatsapp,7,2,600,3,can i propose | can i propose girlfriend
online pension proposal,3,2,600,2,virtual proposal p | online proposal p
online plan maker,3,2,600,3,online proposal m | online proposal maker
online proposal generator ai,4,2,600,2,virtual proposal g | online proposal g
online proposal writing,3,2,600,3,virtual proposal w | online proposal w
online propose kaise kare in english,6,2,600,2,propose online | online proposal k
online valentine proposal website,4,2,600,2,online proposal v | online proposal w
proposal invite virtual wedding,4,2,600,1,virtual proposal i | virtual proposal in
propose day best quotes,4,2,600,2,propose day b | propose day best
propose day for wife,4,2,600,2,propose day f | propose day for
propose day in hindi,4,2,600,2,propose day i | propose day in
propose day jokes hindi,4,2,600,2,propose day j | propose day z
propose day online editing,4,2,600,2,propose day o | propose day online
propose day video maker,4,2,600,2,propose day v | propose day maker
propose day website yes or no,6,2,600,3,propose day w | propose day y
propose for boyfriend in english,5,2,600,7,propose f | propose for
propose girl best friend,4,2,600,2,propose girlfriend b | propose girlfriend best
propose girl in hindi,4,2,600,4,propose girlfriend  | propose girlfriend in
propose girl lines hindi,4,2,600,3,propose girlfriend h | propose girlfriend l
propose girlfriend quotes in hindi,5,2,600,2,propose girlfriend h | propose girlfriend q
propose in different ways,4,2,600,4,propose i | propose in
propose without a ring,4,2,600,2,propose with | propose without
proposing gf with ring,4,2,600,2,propose girlfriend w | propose girlfriend with
virtual bridesmaid proposal video,4,2,600,2,virtual proposal b | virtual proposal v
virtual godparent proposal,3,2,600,2,virtual proposal | virtual proposal g
virtual love proposal website,4,2,600,2,virtual proposal l | virtual proposal w
when propose day in 2025,5,2,600,2,when propose | when propose day
who proposed you,3,2,600,2,who propose day | who propose girlfriend
propose day best shayari,4,2,562,3,propose day b | propose day best
propose day for girlfriend,4,2,562,3,propose day f | propose day for
propose day in 2026,4,2,562,3,propose day i | propose day in
propose without ring box,4,2,562,3,propose with | propose without
virtual bridesmaid proposal card,4,2,562,3,virtual proposal b | virtual proposal c
why propose day is celebrated,5,2,562,3,why propose | why propose day
can i propose to my girlfriend at 17,8,2,561,4,can i propose | can i propose girlfriend
online plan maker free,4,2,561,4,online proposal m | online proposal maker
online project proposal draft,4,2,561,4,virtual proposal p | online proposal p
propose day best lines for gf,6,2,561,4,propose day b | propose day best
propose day for best friend,5,2,561,4,propose day f | propose day for
propose day in marathi,4,2,561,4,propose day i | propose day in
propose for girlfriend quotes,4,2,561,4,propose girlfriend f | propose girlfriend for
propose shayari english,3,2,561,4,propose  | propose s
virtual proposal,2,2,561,4,virtual proposal  | virtual proposal o
virtual wedding proposal for fun,5,2,561,4,virtual proposal f | virtual proposal w
when propose day date,4,2,561,4,when propose | when propose day
why propose to a girl,5,2,561,4,why propose | why propose day
girlfriend propose day,3,2,560,5,propose girlfriend | propose girlfriend d
online girlfriend proposal,3,2,560,4,virtual proposal g | online proposal g
online plan maker for home,5,2,560,5,online proposal m | online proposal maker
online.project.proposal,1,2,560,5,virtual proposal p | online proposal p
propose day best line,4,2,560,5,propose day b | propose day best
propose day for friends,4,2,560,5,propose day f | propose day for
propose day in february 2026,5,2,560,5,propose day i | propose day in
propose girl on her birthday,5,2,560,5,propose girlfriend h | propose girlfriend o
propose in english,3,2,560,5,propose i | propose in
when propose to your girlfriend,5,2,560,5,when propose | when propose girlfriend
girlfriend propose day quotes for love,6,2,559,6,propose girlfriend d | propose girlfriend q
online business proposal example,4,2,559,6,virtual proposal b | online proposal b
online godmother proposal,3,2,559,5,virtual proposal g | online proposal g
online pension proposal status,4,2,559,6,virtual proposal p | online proposal p
online proposal for fun,4,2,559,6,virtual proposal f | online proposal f
online proposal writer,3,2,559,4,virtual proposal w | online proposal w
online propose kaise kare in hindi,6,2,559,3,propose online | online proposal k
proposal virtual assistant,3,2,559,6,virtual proposal | virtual proposal 
propose day for husband quotes,5,2,559,6,propose day f | propose day for
propose day in feb,4,2,559,6,propose day i | propose day in
propose day online gift,4,2,559,3,propose day o | propose day online
online bridesmaid proposal ideas,4,2,558,7,virtual proposal b | online proposal b
online godparent proposal,3,2,558,6,virtual proposal g | online proposal g
online project proposal draft email,5,2,558,7,virtual proposal p | online proposal p
online proposal writing course,4,2,558,5,virtual proposal w | online proposal w
propose day in valentine week,5,2,558,7,propose day i | propose day in
propose day online wishes,4,2,558,4,propose day o | propose day online
propose for girlfriend lines,4,2,558,7,propose girlfriend f | propose girlfriend for
propose girl in unique way,5,2,558,3,propose girlfriend u | propose girlfriend in
propose my girlfriend quotes,4,2,558,6,propose girlfriend m | propose girlfriend q
propose your girlfriend ideas,4,2,558,4,propose y | propose girlfriend y
girlfriend propose letter,3,2,557,8,propose girlfriend | propose girlfriend l
how to write a proposal template,6,2,557,6,virtual proposal template | online proposal template
online groomsmen proposal,3,2,557,7,virtual proposal g | online proposal g
online pension proposal pdf,4,2,557,8,virtual proposal p | online proposal p
online proposal works,3,2,557,6,virtual proposal w | online proposal w
propose a girl for marriage,5,2,557,8,propose girlfriend a | propose girlfriend for
propose a girl meaning,4,2,557,8,propose a | propose girlfriend a
propose day in english,4,2,557,8,propose day i | propose day in
propose day kis din hai,5,2,557,8,propose day d | propose day k
propose for wife,3,2,557,8,propose f | propose for
propose gf in unique way,5,2,557,4,propose girlfriend u | propose girlfriend in
propose in shayari in hindi,5,2,557,8,propose i | propose in
propose your gf,3,2,557,8,propose y | propose girlfriend y
diy virtual proposal website,4,2,556,7,virtual proposal d | virtual proposal w
free online ai proposal generator,5,2,556,3,online proposal a | online proposal g
online planning proposal,3,2,556,9,virtual proposal p | online proposal p
online research proposal,3,2,556,5,virtual proposal r | online proposal r
propose a girl in different ways in text,8,2,556,9,propose a | propose girlfriend i
propose a girl in hindi,5,2,556,9,propose girlfriend a | propose girlfriend i
propose day marathi,3,2,556,9,propose day m | propose day maker
propose for marriage in hindi,5,2,556,9,propose f | propose for
propose girl in english lines,5,2,556,9,propose girlfriend e | propose girlfriend in
propose girl in urdu,4,2,556,5,propose girlfriend u | propose girlfriend in
propose in urdu,3,2,556,9,propose i | propose in
propose a girl in english,5,2,555,10,propose girlfriend a | propose girlfriend i
propose to girlfriend quotes,4,2,555,10,propose girlfriend t | propose girlfriend with
what is a proposal template,5,2,555,5,virtual proposal template | online proposal template
propose a girl in unique way,6,2,554,11,propose girlfriend a | propose girlfriend i
propose day 2025,3,2,554,11,propose day | propose day 
propose day greeting card online free,6,2,554,8,propose day free | propose day online
best online proposal ideas,4,2,553,8,online proposal best | which online proposal
can the girl propose,4,2,553,3,propose girlfriend without | how propose girlfriend
girlfriend propose message hindi,4,2,553,12,propose girlfriend h | propose girlfriend m
propose a girl in romantic way,6,2,553,12,propose girlfriend a | propose girlfriend i
propose in a sentence,4,2,553,12,propose i | propose in
best online proposal,3,2,552,9,online proposal best | which online proposal
girlfriend propose to boyfriend,4,2,552,13,propose girlfriend t | propose girlfriend with
online proposal document,3,2,552,11,online proposal q | online proposal template
propose girlfriend gif,3,2,552,12,propose girlfriend g | propose girlfriend template
propose in love,3,2,552,13,propose i | propose in
rockwell online proposal works,4,2,552,9,online proposal r | online proposal w
when is propose day in february,6,2,552,13,when propose day | is it propose day
when you propose your girlfriend,5,2,552,4,propose girlfriend y | when propose girlfriend
girlfriend propose message in english,5,2,551,14,propose girlfriend e | propose girlfriend m
online marriage proposal maker free,5,2,551,14,virtual proposal m | online proposal maker
online propose day ideas,4,2,551,14,propose online | propose day online
propose day vn template,4,2,551,9,propose day v | propose day template
propose in urdu shayari,4,2,551,14,propose i | propose in
who proposed love,3,2,551,4,who propose day | who propose girlfriend
propose girlfriend photo,3,2,550,8,propose girlfriend template | propose girlfriend 2026
proposal maker,2,1,1251,1,propose maker
propose day anniversary quotes,4,1,1251,1,propose day a
propose day photo,3,1,1251,1,propose day p
propose emoji,2,1,1251,1,propose e
propose hindi meaning,3,1,1251,1,propose h
propose japanese song,3,1,1251,1,propose j
propose new time in outlook,5,1,1251,1,propose n
propose photo,2,1,1251,1,propose p
propose ring,2,1,1251,1,propose r
propose unique style,3,1,1251,1,propose u
can i propose you,4,1,1250,1,can i propose
how propose a girl,4,1,1250,1,how propose
is it propose or purpose,5,1,1250,1,is it propose
proposal maker ai,3,1,1250,2,propose maker
propose day anniversary quotes for husband,6,1,1250,2,propose day a
propose day celebration,3,1,1250,1,propose day c
propose day link for girlfriend,5,1,1250,1,propose day l
propose day prompt,3,1,1250,2,propose day p
propose english,2,1,1250,2,propose e
propose hindi,2,1,1250,2,propose h
propose japanese song lyrics,4,1,1250,2,propose j
propose new style,3,1,1250,2,propose n
propose pronunciation,2,1,1250,2,propose p
propose rose,2,1,1250,2,propose r
propose unscramble,2,1,1250,2,propose u
propose video,2,1,1250,1,propose v
propose website,2,1,1250,1,propose w
what purpose,2,1,1250,1,what propose
which purpose,2,1,1250,1,which propose
who proposed,2,1,1250,1,who propose
propose to girl,3,1,1200,1,propose t
propose vs purpose,3,1,1200,2,propose v
propose day pic,3,1,1150,3,propose day p
propose vote of thanks,4,1,1150,3,propose v
propose you,2,1,1101,1,propose y
propose your crush,3,1,1100,2,propose y
propose flower,2,1,1051,1,propose f
propose with ring,3,1,1050,2,propose with
propose website for gf,4,1,1000,2,propose w
propose yes or no,4,1,1000,4,propose y
propose day shayari in english,5,1,951,1,propose day s
propose day drawing,3,1,950,3,propose day d
propose day shayari in hindi,5,1,950,2,propose day s
who proposed cell theory,4,1,950,2,who propose
how propose a boy,4,1,851,2,how propose
how propose a girl in chat,6,1,850,3,how propose
propose quotes in english,4,1,850,3,propose q
propose viral,2,1,850,4,propose v
propose you or propose to you,6,1,850,5,propose y
proposed meaning,2,1,850,1,propose
propose emoji text,3,1,751,3,propose e
propose best shayari,3,1,750,3,propose best
propose day anniversary quotes for wife,6,1,750,3,propose day a
propose english shayari,3,1,750,4,propose e
propose lines in kannada,4,1,750,3,propose l
propose note,2,1,750,3,propose n
propose pic,2,1,750,3,propose p
propose rose pic,3,1,750,3,propose r
propose thought,2,1,750,3,propose t
propose jelentése,2,1,701,3,propose j
propose japanese,2,1,700,4,propose j
propose lines for girl,4,1,700,4,propose l
propose kannada meaning,3,1,651,1,propose k
propose news,2,1,651,4,propose n
propose jpop,2,1,650,5,propose j
propose lines for gf,4,1,650,5,propose l
propose natori,2,1,650,5,propose n
propose pose,2,1,650,4,propose p
propose words in english,4,1,650,3,propose w
who proposed binomial nomenclature,4,1,650,3,who propose
propose or proposed,3,1,604,1,propose o
proposal maker ai free,4,1,603,3,propose maker
propose couple,2,1,603,1,propose c
propose her,2,1,603,3,propose h
proposal maker online free,4,1,602,4,propose maker
propose caption,2,1,602,2,propose c
propose day drawing easy,4,1,602,4,propose day d
propose hindi shayari,3,1,602,4,propose h
propose japanese lyrics,3,1,602,6,propose j
propose love letter kannada text,5,1,602,6,propose l
propose on tower,3,1,602,3,propose o
@online_offer_best_deal,1,1,601,1,online proposal best
2026 propose day,3,1,601,1,propose 2026
can i eat chocolate days before colonoscopy,7,1,601,1,can i propose day
can i girl propose to a guy,7,1,601,1,can i propose girlfriend
can i propose online,4,1,601,1,can i online proposal
chocolate day 2027,3,1,601,1,propose day 2027
girlfriend proposal jewelry,3,1,601,1,propose girlfriend j
girlfriend proposal template,3,1,601,1,propose girlfriend template
girlfriend propose kaise kare,4,1,601,1,propose girlfriend k
how chocolate day,3,1,601,1,how propose day
how propose girl,3,1,601,1,how propose girlfriend
how proposed cell theory,4,1,601,4,how propose
online course on proposal writing,5,1,601,1,online proposal o
online offer sale,3,1,601,2,online proposal s
online offers,2,1,601,1,which online proposal
online offers 2026,3,1,601,1,online proposal 2026
online plan drawing,3,1,601,1,online proposal d
online plan editor,3,1,601,1,online proposal e
online proposal app,3,1,601,1,virtual proposal app
online proposal platform,3,1,601,1,online proposal p
proposal maker free,3,1,601,5,propose maker
proposal template,2,1,601,1,propose template
propose accept,2,1,601,3,propose a
propose application,2,1,601,1,propose app
propose best line hindi,4,1,601,4,propose best
propose bts,2,1,601,1,propose b
propose card,2,1,601,3,propose c
propose day 2026 date,4,1,601,1,propose day 2026
propose day ai prompt,4,1,601,4,propose day a
propose day appudu,3,1,601,1,propose day app
propose day celebration ideas,4,1,601,2,propose day c
propose day date 2025,4,1,601,5,propose day d
propose day emoji,3,1,601,1,propose day e
propose day freepik,3,1,601,1,propose day free
propose day gift ideas,4,1,601,2,propose day g
propose day gift zepto,4,1,601,1,propose day z
propose day hindi,3,1,601,1,propose day h
propose day image creator,4,1,601,2,propose day i
propose day jokes,3,1,601,1,propose day j
propose day kab hai 2026 mein,6,1,601,4,propose day k
propose day list,3,1,601,2,propose day l
propose day note,3,1,601,1,propose day n
propose day odia shayari,4,1,601,1,propose day o
propose day pic girl to boy,6,1,601,4,propose day p
propose day quotes for wife,5,1,601,3,propose day q
propose day ringtone download,4,1,601,1,propose day r
propose day shayari for husband,5,1,601,3,propose day s
propose day template capcut,4,1,601,1,propose day template
propose day thought,3,1,601,1,propose day t
propose day video,3,1,601,1,propose day v
propose day wishes for wife,5,1,601,2,propose day w
propose day with wife,4,1,601,1,propose day with
propose day yes or no link,6,1,601,1,propose day y
propose english meaning,3,1,601,5,propose e
propose free fire,3,1,601,1,propose free
propose gift,2,1,601,3,propose g
propose girl and boy images,5,1,601,1,propose girlfriend a
propose girl bangla,3,1,601,1,propose girlfriend b
propose girl caption,3,1,601,1,propose girlfriend c
propose girl dp,3,1,601,1,propose girlfriend d
propose girl english,3,1,601,1,propose girlfriend e
propose girl gift,3,1,601,2,propose girlfriend g
propose girl lines,3,1,601,2,propose girlfriend l
propose girl ring,3,1,601,1,propose girlfriend r
propose girl to boy,4,1,601,1,propose girlfriend t
propose girl video,3,1,601,1,propose girlfriend v
propose girlfriend hindi,3,1,601,1,propose girlfriend h
propose girlfriend on her birthday,5,1,601,1,propose girlfriend z
propose hand,2,1,601,5,propose h
propose japanese song lyrics english,5,1,601,7,propose j
propose ka matlab,3,1,601,3,propose k
propose link,2,1,601,7,propose l
propose meaning in kannada with example,6,1,601,4,propose m
propose name,2,1,601,6,propose n
propose new girlfriend,3,1,601,1,propose girlfriend n
propose online chat,3,1,601,1,propose online
propose opposite word,3,1,601,4,propose o
propose prompt,2,1,601,5,propose p
propose quotes for girlfriend,4,1,601,4,propose q
propose ring for girl,4,1,601,4,propose r
propose to,2,1,601,4,propose t
propose urdu meaning,3,1,601,3,propose u
propose vote of thanks meaning,5,1,601,5,propose v
propose wala photo,3,1,601,4,propose w
propose you meaning,3,1,601,6,propose y
propose znacenje,2,1,601,1,propose z
proposed,1,1,601,3,propose
proposed 2027 military pay raise,5,1,601,1,propose 2027
quickbooks online proposal,3,1,601,1,online proposal q
today offers online,3,1,601,2,online proposal t
virtual assistant proposal upwork,4,1,601,1,virtual proposal u
virtual date proposal,3,1,601,1,virtual proposal d
virtual engagement proposal,3,1,601,1,virtual proposal e
virtual hoco proposal,3,1,601,1,virtual proposal h
virtual job offer discussion,4,1,601,1,virtual proposal j
virtual kitchen plan,3,1,601,1,virtual proposal k
virtual number plan,3,1,601,1,virtual proposal n
virtual office plan,3,1,601,1,virtual proposal o
virtual power plant,3,1,601,1,virtual proposal p
virtual proposal free,3,1,601,1,virtual proposal f
virtual proposal link,3,1,601,1,virtual proposal l
virtual ring proposal,3,1,601,1,virtual proposal r
watch proposal online,3,1,601,1,what online proposal
web proposal template,3,1,601,1,online proposal template
what purpose meaning in hindi,5,1,601,2,what propose
what's propose day,3,1,601,1,what propose day
what's the purpose of girlfriends day,6,1,601,1,what propose girlfriend
when girl propose boy,4,1,601,1,when propose girlfriend
when propose day,3,1,601,1,when propose
which girl propose babar azam,5,1,601,1,which propose girlfriend
which promise day,3,1,601,1,which propose day
which purpose meaning in hindi,5,1,601,2,which propose
who chocolate day,3,1,601,1,who propose day
who girl propose babar azam,5,1,601,1,who propose girlfriend
who proposed five kingdom classification,5,1,601,4,who propose
why chocolate day is celebrated,5,1,601,1,why propose day
why propose on one knee,5,1,601,1,why propose
2026 propose day date,4,1,600,2,propose 2026
best offers online,3,1,600,2,online proposal best
can i do a consumer proposal online,7,1,600,2,can i online proposal
can i eat chocolate day after tooth extraction,8,1,600,2,can i propose day
can i propose to my girlfriend at 16,8,1,600,2,can i propose girlfriend
chocolate day free,3,1,600,2,propose day free
consumer proposal online ontario,4,1,600,2,online proposal o
free plants online,3,1,600,2,online proposal free
girlfriend proposal kit,3,1,600,2,propose girlfriend k
girlfriend proposal uk,3,1,600,2,propose girlfriend u
girlfriend proposal video,3,1,600,2,propose girlfriend v
how propose a girl indirectly,5,1,600,5,how propose
how to propose day wishes,5,1,600,2,how propose day
how to propose girlfriend first time,6,1,600,2,how propose girlfriend
is it chocolate day today,5,1,600,2,is it propose day
is it propose day,4,1,600,3,is it propose
online exchange plan 1,4,1,600,2,online proposal e
online nutrition plan,3,1,600,2,online proposal n
online offer for car,4,1,600,3,online proposal for
online offer template,3,1,600,2,online proposal template
online plan approval login tamilnadu,5,1,600,2,online proposal app
online plan approval tamilnadu,4,1,600,2,online proposal a
online plan creator,3,1,600,3,online proposal c
online plan drawing tool,4,1,600,2,online proposal d
online plan iberdrola,3,1,600,3,online proposal i
online plan service,3,1,600,3,online proposal s
online plan tracking,3,1,600,3,online proposal t
online project proposal submission,4,1,600,2,online proposal 2027
online proposal tool,3,1,600,2,virtual proposal t
plan virtual netflix,3,1,600,2,virtual proposal n
promise day 2027,3,1,600,2,propose day 2027
proposal creator online,3,1,600,3,virtual proposal c
proposal maker online,3,1,600,6,propose maker
proposal template word,3,1,600,2,propose template
propose 20,2,1,600,2,propose girlfriend 2027
propose a girl online,4,1,600,2,propose girlfriend online
propose anniversary wishes,3,1,600,4,propose a
propose best friend girl,4,1,600,5,propose best
propose boy,2,1,600,2,propose b
propose cake,2,1,600,4,propose c
propose day 2026 wishes for boyfriend,6,1,600,2,propose day 2026
propose day anniversary wishes,4,1,600,5,propose day a
propose day application,3,1,600,2,propose day app
propose day bengali shayari,4,1,600,2,propose day b
propose day captions,3,1,600,3,propose day c
propose day dp,3,1,600,6,propose day d
propose day english quotes,4,1,600,2,propose day e
propose day gift for girlfriend,5,1,600,3,propose day g
propose day hindi shayari,4,1,600,2,propose day h
propose day kitne tarikh ko hai,6,1,600,5,propose day k
propose day line,3,1,600,3,propose day l
propose day meaning in tamil,5,1,600,3,propose day m
propose day notes for instagram,5,1,600,2,propose day n
propose day of 2026,4,1,600,2,propose day o
propose day par shayari,4,1,600,5,propose day p
propose day quotes for husband,5,1,600,4,propose day q
propose day rate meaning,4,1,600,2,propose day r
propose day surprise link,4,1,600,4,propose day s
propose day template,3,1,600,2,propose day t
propose day template canva,4,1,600,2,propose day template
propose day valentine week,4,1,600,2,propose day v
propose day with husband,4,1,600,2,propose day with
propose day yavaga,3,1,600,2,propose day y
propose de kab hai,4,1,600,5,propose d
propose emoji whatsapp,3,1,600,6,propose e
propose free fire photo,4,1,600,2,propose free
propose gf,2,1,600,4,propose g
propose girl and boy,4,1,600,2,propose girlfriend a
propose girl boy,3,1,600,2,propose girlfriend b
propose girl cartoon,3,1,600,2,propose girlfriend c
propose girl drawing,3,1,600,2,propose girlfriend d
propose girl emoji,3,1,600,2,propose girlfriend e
propose girl friend,3,1,600,2,propose girlfriend f
propose girl hindi,3,1,600,2,propose girlfriend h
propose girl message,3,1,600,2,propose girlfriend m
propose girl on chat,4,1,600,2,propose girlfriend o
propose girl paragraph,3,1,600,2,propose girlfriend p
propose girl rose,3,1,600,2,propose girlfriend r
propose girl text message,4,1,600,2,propose girlfriend t
propose girl with shayari,4,1,600,3,propose girlfriend w
propose girlfriend image,3,1,600,4,propose girlfriend i
propose height,2,1,600,6,propose h
propose japanese song meaning,4,1,600,8,propose j
propose kavana kannada,3,1,600,4,propose k
propose letter,2,1,600,8,propose l
propose meaning in english,4,1,600,5,propose m
propose natori lyrics,3,1,600,7,propose n
propose on knees,3,1,600,5,propose o
propose photo pose,3,1,600,6,propose p
propose quotes in hindi,4,1,600,5,propose q
propose rose flower,3,1,600,5,propose r
propose spelling,2,1,600,3,propose s
propose text,2,1,600,5,propose t
propose unique style in hindi,5,1,600,4,propose u
propose video viral,3,1,600,6,propose v
propose wali shayari,3,1,600,5,propose w
propose with shayari,3,1,600,5,propose with
propose your girlfriend in different ways,6,1,600,2,propose girlfriend y
propose zhongwen,2,1,600,2,propose z
proposed 2027 military pay chart,5,1,600,2,propose 2027
proposed approach,2,1,600,2,propose app
proposing girl gif,3,1,600,3,propose girlfriend g
suggest girlfriend nicknames,3,1,600,2,propose girlfriend n
virtual assistant proposal,3,1,600,2,virtual proposal a
virtual assistant proposal example,4,1,600,2,virtual proposal e
virtual dj plan,3,1,600,2,virtual proposal d
virtual job offer,3,1,600,2,virtual proposal j
virtual offer holder day,4,1,600,2,virtual proposal h
virtual reality proposal,3,1,600,2,virtual proposal r
virtual university offer llb,4,1,600,2,virtual proposal u
web proposal ubaya,3,1,600,2,online proposal u
what are girlfriend benefits,4,1,600,2,what propose girlfriend
what chocolate day,3,1,600,2,what propose day
what purpose mri scan,4,1,600,3,what propose
when girl propose boy quotes,5,1,600,2,when propose girlfriend
which chocolate day,3,1,600,2,which propose day
which purpose meaning,3,1,600,3,which propose
who created girlfriends,3,1,600,2,who propose girlfriend
who proposed big bang theory,5,1,600,5,who propose
why chocolate day,3,1,600,2,why propose day
why proposed dividend is contingent liabilities,6,1,600,2,why propose
approved proposal,2,1,562,3,propose app
can i propose to my girlfriend on her birthday,9,1,562,3,can i propose girlfriend
girlfriend propose english,3,1,562,3,propose girlfriend e
is it promise day today,5,1,562,3,is it propose day
online exchange plan 2,4,1,562,3,online proposal e
online plan drawing tool free,5,1,562,3,online proposal d
online proposal sri lanka,4,1,562,3,virtual proposal s
proposal template for client,4,1,562,3,propose template
propose a girl with shayari,5,1,562,3,propose girlfriend with
propose a girlfriend,3,1,562,3,propose girlfriend a
propose day 2026 wishes,4,1,562,3,propose day 2026
propose day eppudu,3,1,562,3,propose day e
propose day funny shayari,4,1,562,3,propose day f
propose day hindi quotes,4,1,562,3,propose day h
propose day jaan,3,1,562,3,propose day j
propose day niye caption,4,1,562,3,propose day n
propose day on which date,5,1,562,3,propose day o
propose day reply,3,1,562,3,propose day r
propose day today,3,1,562,3,propose day t
propose day video status,4,1,562,3,propose day v
propose day with friends,4,1,562,3,propose day with
propose day yes or no,5,1,562,3,propose day y
propose free fire download,4,1,562,3,propose free
propose gf bangla,3,1,562,3,propose girlfriend b
propose gf hindi,3,1,562,3,propose girlfriend h
propose girl chat,3,1,562,3,propose girlfriend c
propose girl different way,4,1,562,3,propose girlfriend d
propose girl for marriage,4,1,562,3,propose girlfriend f
propose girl meaning,3,1,562,3,propose girlfriend m
propose girl online,3,1,562,3,propose girlfriend o
propose girl pose,3,1,562,3,propose girlfriend p
propose girl shayari in english,5,1,562,3,propose girlfriend s
propose girl to boy images,5,1,562,3,propose girlfriend t
proposed 2026 military pay raise,5,1,562,3,propose 2026
proposed 2027 va disability rates,5,1,562,3,propose 2027
proposed online gambling tax,4,1,562,3,propose online
proposed zoning change,3,1,562,3,propose z
virtual marriage proposal certificate,4,1,562,3,virtual proposal m
virtual university offer program,4,1,562,3,virtual proposal u
when propose day celebrate,4,1,562,3,when propose day
can i propose without a ring,6,1,561,4,can i propose
free proposal,2,1,561,4,propose free
gf propose english,3,1,561,4,propose girlfriend e
girlfriend propose caption,3,1,561,4,propose girlfriend c
how celebrate propose day,4,1,561,3,how propose day
is it chocolate day,4,1,561,4,is it propose day
it is proposed meaning,4,1,561,4,is it propose
online exchange offer mobile,4,1,561,4,online proposal e
online offer letter maker,4,1,561,4,online proposal l
online plan check,3,1,561,4,online proposal c
online plan design,3,1,561,4,online proposal d
online plan submission in west bengal,6,1,561,4,online proposal s
online plane tracker,3,1,561,4,online proposal t
proposal online free,3,1,561,4,propose online
proposal template for project,4,1,561,4,propose template
propose booke,2,1,561,4,propose b
propose day 2026 wishes for girlfriend,6,1,561,4,propose day 2026
propose day bangla status,4,1,561,4,propose day b
propose day card,3,1,561,4,propose day c
propose day english,3,1,561,4,propose day e
propose day feb,3,1,561,4,propose day f
propose day gift blinkit,4,1,561,4,propose day g
propose day hindi meaning,4,1,561,4,propose day h
propose day journal ideas,4,1,561,4,propose day j
propose day link,3,1,561,4,propose day l
propose day message,3,1,561,4,propose day m
propose day nepali shayari,4,1,561,4,propose day n
propose day ring,3,1,561,4,propose day r
propose day to wife,4,1,561,4,propose day t
propose day video status download,5,1,561,4,propose day v
propose day wishes for boyfriend,5,1,561,4,propose day w
propose day with bestie,4,1,561,4,propose day with
propose girl dialogue,3,1,561,4,propose girlfriend d
propose girl for a date,5,1,561,4,propose girlfriend f
propose girl letter,3,1,561,4,propose girlfriend l
propose girl marathi,3,1,561,4,propose girlfriend m
propose girl on text,4,1,561,4,propose girlfriend o
propose girl shayari in hindi,5,1,561,4,propose girlfriend s
propose girl to boy message,5,1,561,4,propose girlfriend t
propose girl with rose,4,1,561,4,propose girlfriend w
propose his girlfriend,3,1,561,4,propose girlfriend h
propose pic girl to boy,5,1,561,4,propose girlfriend p
propose without kneeling,3,1,561,4,propose without
proposed 2026 school calendar,4,1,561,4,propose 2026
proposed 2027 federal pay raise,5,1,561,4,propose 2027
proposed approach meaning,3,1,561,4,propose app
proposed zoning map,3,1,561,4,propose z
suggest girlfriend name,3,1,561,3,propose girlfriend n
virtual offer letter,3,1,561,4,virtual proposal l
virtual university offer bba,4,1,561,4,virtual proposal u
what purpose of neet exam,5,1,561,4,what propose
what's promise day,3,1,561,3,what propose day
when propose day is celebrated,5,1,561,4,when propose
which purpose meaning in telugu,5,1,561,4,which propose
can i propose at disneyland,5,1,560,5,can i propose
can i propose to my girlfriend without a ring,9,1,560,5,can i propose girlfriend
girlfriend proposal card,3,1,560,5,propose girlfriend c
girlfriend proposal gift ideas,4,1,560,4,propose girlfriend g
girlfriend proposal poster,3,1,560,5,propose girlfriend p
girlfriend propose hindi shayari,4,1,560,5,propose girlfriend h
girlfriend propose ring,3,1,560,3,propose girlfriend r
how to propose day date,5,1,560,4,how propose day
is it chocolate day tomorrow,5,1,560,5,is it propose day
it is proposed synonym,4,1,560,5,is it propose
online estate plan,3,1,560,5,online proposal e
online offer letter maker free,5,1,560,5,online proposal l
online offer shopping,3,1,560,5,online proposal s
online offer tv,3,1,560,5,online proposal t
online plan creator free,4,1,560,5,online proposal c
online plan drawing free,4,1,560,5,online proposal d
online proposal letter,3,1,560,5,virtual proposal l
online proposal system,3,1,560,5,virtual proposal s
online propose ideas,3,1,560,5,propose online
proposal approval form,3,1,560,5,propose app
proposal ex girlfriend,3,1,560,5,propose girlfriend e
proposal template design,3,1,560,5,propose template
proposal zakynthos,2,1,560,5,propose z
propose a girl new ideas,5,1,560,4,propose girlfriend n
propose a girl with pick up lines,7,1,560,5,propose girlfriend with
propose bouquet,2,1,560,5,propose b
propose captions for instagram,4,1,560,5,propose c
propose day 2026 shayari,4,1,560,5,propose day 2026
propose day card ideas,4,1,560,5,propose day c
propose day emoji whatsapp,4,1,560,5,propose day e
propose day gift ideas for husband,6,1,560,5,propose day g
propose day husband,3,1,560,5,propose day h
propose day images 2026,4,1,560,5,propose day i
propose day jewellery,3,1,560,5,propose day j
propose day line for gf,5,1,560,5,propose day l
propose day message for girlfriend,5,1,560,5,propose day m
propose day next,3,1,560,5,propose day n
propose day quotes in marathi,5,1,560,5,propose day q
propose day reels,3,1,560,5,propose day r
propose day shayari,3,1,560,5,propose day s
propose day to husband,4,1,560,5,propose day t
propose day valentine,3,1,560,5,propose day v
propose day will you marry me,6,1,560,5,propose day y
propose day wishes for friends,5,1,560,5,propose day w
propose day with good morning,5,1,560,5,propose day with
propose for girlfriend shayari,4,1,560,5,propose girlfriend for
propose gf bf,3,1,560,5,propose girlfriend b
propose gif,2,1,560,5,propose g
propose girl for friendship,4,1,560,5,propose girlfriend f
propose girl in different ways,5,1,560,5,propose girlfriend in
propose girl logo,3,1,560,5,propose girlfriend l
propose girl meaning in hindi,5,1,560,5,propose girlfriend m
propose girl quotes in hindi,5,1,560,4,propose girlfriend q
propose girl short line,4,1,560,5,propose girlfriend s
propose girl tips,3,1,560,5,propose girlfriend t
propose girl website,3,1,560,5,propose girlfriend w
propose kaise karte hain,4,1,560,5,propose k
propose shayari in hindi,4,1,560,5,propose s
propose ust,2,1,560,5,propose u
propose without box,3,1,560,5,propose without
proposed 2026 va disability rates,5,1,560,5,propose 2026
proposed 2027 cola,3,1,560,5,propose 2027
proposed freedom ship,3,1,560,5,propose free
virtual data plan,3,1,560,3,virtual proposal d
virtual offer ca,3,1,560,5,virtual proposal c
virtual university offer mba,4,1,560,5,virtual proposal u
what chocolate day is today,5,1,560,4,what propose day
what purpose do fairness measures,5,1,560,5,what propose
when chocolate day,3,1,560,5,when propose day
which purpose is best for pf withdrawal,7,1,560,5,which propose
why propose a toast,4,1,560,5,why propose
2026 propose day kab hai,5,1,559,6,propose 2026
can i propose at disney world,6,1,559,6,can i propose
can i propose to my girlfriend at home,8,1,559,6,can i propose girlfriend
gf proposal kit,3,1,559,3,propose girlfriend k
girl propose cartoon images,4,1,559,6,propose girlfriend c
girl propose guy,3,1,559,5,propose girlfriend g
girl propose quotes in english,5,1,559,5,propose girlfriend q
girlfriend proposal etsy,3,1,559,6,propose girlfriend e
girlfriend proposal hotel room,4,1,559,6,propose girlfriend h
girlfriend propose rose,3,1,559,4,propose girlfriend r
how propose a boy on chat,6,1,559,6,how propose
how to wish propose day to girlfriend,7,1,559,5,how propose day
internet viral proposal,3,1,559,3,online proposal v
is it promise day,4,1,559,6,is it propose day
it is proposed to add a square lawn,8,1,559,6,is it propose
offer maker online,3,1,559,6,online proposal maker
online electrical plan maker,4,1,559,6,online proposal e
online offer carmax,3,1,559,6,online proposal c
online offer letter,3,1,559,6,online proposal l
online plan approval download,4,1,559,3,online proposal app
online plan drawer,3,1,559,6,online proposal d
online plan submission,3,1,559,6,online proposal s
online plan to 3d,4,1,559,6,online proposal t
plan virtual dates,3,1,559,4,virtual proposal d
proposal template free download,4,1,559,6,propose template
proposal zanzibar,2,1,559,6,propose z
propose a girl nepali,4,1,559,5,propose girlfriend n
propose a girl quotes,4,1,559,6,propose girlfriend a
propose a girl with flowers,5,1,559,6,propose girlfriend with
propose and purpose,3,1,559,6,propose a
propose bengali meaning,3,1,559,6,propose b
propose bestie,2,1,559,6,propose best
propose couple photo,3,1,559,6,propose c
propose day 2026 quotes,4,1,559,6,propose day 2026
propose day anniversary wishes for husband,6,1,559,6,propose day a
propose day best gift,4,1,559,6,propose day best
propose day caption bangla,4,1,559,6,propose day c
propose day emotional quotes,4,1,559,6,propose day e
propose day gif,3,1,559,6,propose day g
propose day hd images,4,1,559,6,propose day h
propose day ideas,3,1,559,6,propose day i
propose day journal,3,1,559,6,propose day j
propose day ke liye shayari,5,1,559,6,propose day k
propose day letter,3,1,559,6,propose day l
propose day msg,3,1,559,6,propose day m
propose day nepali,3,1,559,6,propose day n
propose day one line quotes,5,1,559,6,propose day o
propose day pick up lines,5,1,559,6,propose day p
propose day quotes in hindi,5,1,559,6,propose day q
propose day rose,3,1,559,6,propose day r
propose day special wishes,4,1,559,6,propose day s
propose day text,3,1,559,6,propose day t
propose day this year,4,1,559,6,propose day y
propose day virtual card,4,1,559,6,propose day v
propose day wishes in marathi,5,1,559,6,propose day w
propose day with photo,4,1,559,6,propose day with
propose for girlfriend hindi,4,1,559,6,propose girlfriend for
propose gf shayari in english,5,1,559,6,propose girlfriend s
propose girl boy images,4,1,559,6,propose girlfriend b
propose girl for boy,4,1,559,6,propose girlfriend f
propose girl in marathi,4,1,559,6,propose girlfriend in
propose girl love,3,1,559,6,propose girlfriend l
propose girl meaning in urdu,5,1,559,6,propose girlfriend m
propose girl on whatsapp,4,1,559,6,propose girlfriend o
propose girl text,3,1,559,6,propose girlfriend t
propose girl words,3,1,559,6,propose girlfriend w
propose ideas,2,1,559,6,propose i
propose in hindi meaning,4,1,559,6,propose in
propose kannada,2,1,559,6,propose k
propose me,2,1,559,6,propose m
propose other words,3,1,559,6,propose o
propose pic girl to boy download,6,1,559,6,propose girlfriend p
propose quotation,2,1,559,6,propose q
propose ring for women,4,1,559,6,propose r
propose song,2,1,559,6,propose s
propose to boyfriend,3,1,559,6,propose t
propose utter crossword clue,4,1,559,6,propose u
propose wallpaper,2,1,559,6,propose w
propose without engagement ring,4,1,559,6,propose without
propose your girlfriend for marriage,5,1,559,3,propose girlfriend y
proposed 2027 pga tour schedule,5,1,559,6,propose 2027
proposed appointee meaning,3,1,559,6,propose app
proposed freeway,2,1,559,6,propose free
proposed metro lines in bangalore,5,1,559,6,propose
virtual godmother proposal,3,1,559,3,virtual proposal g
virtual job offer meaning,4,1,559,3,virtual proposal j
virtual offer com,3,1,559,6,virtual proposal c
virtual plan room,3,1,559,3,virtual proposal r
virtual plan table,3,1,559,3,virtual proposal t
virtual university offer law,4,1,559,6,virtual proposal u
virtual womb proposal,3,1,559,6,virtual proposal w
web untuk proposal,3,1,559,3,online proposal u
what after propose day,4,1,559,5,what propose day
what purpose meaning,3,1,559,6,what propose
when chocolate day is celebrated,5,1,559,6,when propose day
when proposed the big bang theory,6,1,559,6,when propose
which purpose meaning in tamil,5,1,559,6,which propose
who proposed law of conservation of mass,7,1,559,6,who propose
why propose day,3,1,559,6,why propose
best offers online shopping,4,1,558,3,online proposal best
can i have chocolate day before colonoscopy,7,1,558,3,can i propose day
can i propose to my girlfriend,6,1,558,7,can i propose girlfriend
can i propose with a promise ring,7,1,558,7,can i propose
free online proposal template,4,1,558,5,online proposal template
gf proposal gifts,3,1,558,6,propose girlfriend g
girl propose virat kohli,4,1,558,3,propose girlfriend v
girlfriend ko propose kaise kare in english,7,1,558,4,propose girlfriend k
girlfriend proposal cake,3,1,558,7,propose girlfriend c
girlfriend proposal examples,3,1,558,7,propose girlfriend e
girlfriend proposal hotel,3,1,558,7,propose girlfriend h
girlfriend proposal near me,4,1,558,6,propose girlfriend n
girlfriend proposal restaurant,3,1,558,5,propose girlfriend r
girlfriend propose day shayari,4,1,558,7,propose girlfriend d
how propose new time outlook,5,1,558,7,how propose
how to say propose day,5,1,558,6,how propose day
is it chocolate day today in india,7,1,558,7,is it propose day
it is proposed meaning in hindi,6,1,558,7,is it propose
offer virtual assistant services,4,1,558,5,virtual proposal a
online dst proposal submission,4,1,558,5,virtual proposal d
online evacuation plan maker,4,1,558,7,online proposal e
online offer letter check,4,1,558,7,online proposal l
online offer to sell car,5,1,558,7,online proposal t
online pan application,3,1,558,4,online proposal app
online plan c,3,1,558,7,online proposal c
online plan download,3,1,558,7,online proposal d
online plan maker ai,4,1,558,7,online proposal maker
online plan sanction west bengal,5,1,558,7,online proposal s
online proposal certificate,3,1,558,7,virtual proposal c
online propose ideas video,4,1,558,4,online proposal v
online propose kaise kare ladki ko,6,1,558,4,online proposal k
proposal day japan,3,1,558,7,propose day j
proposal maker app,3,1,558,7,propose maker
proposal online template,3,1,558,7,propose online
proposal template canva,3,1,558,7,propose template
proposal usaha online shop,4,1,558,4,online proposal u
proposal virtual weddings for fun by wedonweb,7,1,558,7,virtual proposal w
propose a girl with rose,5,1,558,7,propose girlfriend with
propose anniversary wishes for husband,5,1,558,7,propose a
propose best friend quotes,4,1,558,7,propose best
propose boy to girl,4,1,558,7,propose b
propose correct spelling,3,1,558,7,propose c
propose day 2026 images,4,1,558,7,propose day 2026
propose day all list,4,1,558,7,propose day a
propose day bangla,3,1,558,7,propose day b
propose day best friend,4,1,558,7,propose day best
propose day captions for husband,5,1,558,7,propose day c
propose day dialogue,3,1,558,7,propose day d
propose day english shayari,4,1,558,7,propose day e
propose day for wife quotes,5,1,558,7,propose day for
propose day funny quotes,4,1,558,7,propose day f
propose day gift for wife,5,1,558,7,propose day g
propose day hai,3,1,558,7,propose day h
propose day ka matlab,4,1,558,7,propose day k
propose day list 2026,4,1,558,7,propose day l
propose day messages for wife,5,1,558,7,propose day m
propose day new shayari,4,1,558,7,propose day n
propose day odia,3,1,558,7,propose day o
propose day paragraph,3,1,558,7,propose day p
propose day quotes for girlfriend,5,1,558,7,propose day q
propose day reply to boyfriend,5,1,558,7,propose day r
propose day shayari marathi,4,1,558,7,propose day s
propose day thank you message,5,1,558,7,propose day y
propose day thought for love,5,1,558,7,propose day t
propose day website,3,1,558,7,propose day w
propose day with shayari,4,1,558,7,propose day with
propose dialogue kannada,3,1,558,7,propose d
propose except,2,1,558,7,propose e
propose full,2,1,558,7,propose f
propose gf link,3,1,558,7,propose girlfriend l
propose girl msg,3,1,558,7,propose girlfriend m
propose girl sticker,3,1,558,7,propose girlfriend s
propose girl to marry,4,1,558,7,propose girlfriend t
propose girl wallpaper,3,1,558,7,propose girlfriend w
propose gulab,2,1,558,7,propose g
propose hand emoji,3,1,558,7,propose h
propose image,2,1,558,7,propose i
propose in shayari,3,1,558,7,propose in
propose karne ke liye shayari,5,1,558,7,propose k
propose meaning in hindi with example,6,1,558,7,propose m
propose on top of tower,5,1,558,7,propose o
propose pic girl to boy whatsapp,6,1,558,7,propose girlfriend p
propose pick up lines,4,1,558,7,propose p
propose quotes for love,4,1,558,7,propose q
propose ring for men,4,1,558,7,propose r
propose style,2,1,558,7,propose s
propose to girl in english,5,1,558,7,propose t
propose urdu shayari,3,1,558,7,propose u
propose without a ring reddit,5,1,558,7,propose without
propose words,2,1,558,7,propose w
proposed 2026 budget,3,1,558,7,propose 2026
proposed 2027 military pay,4,1,558,7,propose 2027
proposed appointment meaning,3,1,558,7,propose app
proposed freeways melbourne,3,1,558,7,propose free
proposed vehicle,2,1,558,7,propose v
proposed zoning,2,1,558,7,propose z
proposing on girlfriend's birthday,4,1,558,7,propose girlfriend o
virtual assistant proposal sample word,5,1,558,7,virtual proposal s
virtual event plan,3,1,558,3,virtual proposal e
virtual girlfriend proposal,3,1,558,4,virtual proposal g
virtual house plan,3,1,558,3,virtual proposal h
virtual lesson plan,3,1,558,7,virtual proposal l
virtual university offered courses,4,1,558,7,virtual proposal u
what is propose day in valentine week,7,1,558,6,what propose day
what purpose meaning in telugu,5,1,558,7,what propose
when chocolate day in february,5,1,558,7,when propose day
which purpose meaning in bengali,5,1,558,7,which propose
who proposed the chromosomal theory of inheritance,7,1,558,7,who propose
why propose with a ring,5,1,558,7,why propose
boy propose girl quotes,4,1,557,7,propose girlfriend q
boy propose girl video download,5,1,557,4,propose girlfriend v
can i eat chocolate day before glucose test,8,1,557,4,can i propose day
can i propose at 17,5,1,557,8,can i propose
can i propose to my girlfriend at 18,8,1,557,8,can i propose girlfriend
chocolate day online order,4,1,557,5,propose day online
girl propose hindi shayari,4,1,557,8,propose girlfriend h
girlfriend ko propose kaise kare in hindi,7,1,557,5,propose girlfriend k
girlfriend proposal car trunk,4,1,557,8,propose girlfriend c
girlfriend proposal necklace,3,1,557,7,propose girlfriend n
girlfriend proposal on a plate,5,1,557,8,propose girlfriend o
girlfriend proposal package,3,1,557,8,propose girlfriend p
girlfriend proposal reddit,3,1,557,6,propose girlfriend r
happy propose day jaan,4,1,557,8,propose day j
how propose to a girl on whatsapp,7,1,557,8,how propose
how to do propose day,5,1,557,7,how propose day
is it national proposal day,5,1,557,8,is it propose day
it is proposed to allow the sale,7,1,557,8,is it propose
online exclusive offer,3,1,557,8,online proposal e
online offer car,3,1,557,8,online proposal c
online offer sale date,4,1,557,8,online proposal s
online offers link,3,1,557,8,online proposal l
online plan app,3,1,557,5,online proposal app
online plan b,3,1,557,8,online proposal b
online plan design free,4,1,557,8,online proposal d
online plan kaise check kare,5,1,557,5,online proposal k
online term plan,3,1,557,8,online proposal t
plan online nintendo,3,1,557,3,online proposal n
proposal application form of receiving fund,6,1,557,8,propose app
proposal girl dress,3,1,557,8,propose girlfriend d
proposal maker software,3,1,557,8,propose maker
proposal template for freelancer,4,1,557,8,propose template
proposal usaha online,3,1,557,5,online proposal u
propose best quotes,3,1,557,8,propose best
propose boyfriend,2,1,557,8,propose b
propose crossword clue 5 letters,5,1,557,8,propose c
propose day 2026 mein kab hai,6,1,557,8,propose day 2026
propose day after,3,1,557,8,propose day a
propose day bengali meaning,4,1,557,8,propose day b
propose day bestie,3,1,557,8,propose day best
propose day countdown,3,1,557,8,propose day c
propose day decoration,3,1,557,8,propose day d
propose day easy drawing,4,1,557,8,propose day e
propose day for love,4,1,557,8,propose day for
propose day funny memes,4,1,557,8,propose day f
propose day gift for husband,5,1,557,8,propose day g
propose day how to celebrate,5,1,557,8,propose day h
propose day i love you,5,1,557,8,propose day y
propose day letter for girlfriend,5,1,557,8,propose day l
propose day messages for husband,5,1,557,8,propose day m
propose day name edit,4,1,557,8,propose day n
propose day on,3,1,557,8,propose day o
propose day pe shayari,4,1,557,8,propose day p
propose day quotes for boyfriend,5,1,557,8,propose day q
propose day romantic shayari,4,1,557,8,propose day r
propose day status,3,1,557,8,propose day s
propose day tamil kavithai,4,1,557,8,propose day t
propose day template video,4,1,557,3,propose day template
propose day video download for girlfriend,6,1,557,8,propose day v
propose day website free,4,1,557,3,propose day free
propose day wishes bangla,4,1,557,8,propose day w
propose day with rose,4,1,557,8,propose day with
propose drawing,2,1,557,8,propose d
propose english line,3,1,557,8,propose e
propose flower pic,3,1,557,8,propose f
propose girl boy pic,4,1,557,8,propose girlfriend b
propose girl in gujarati,4,1,557,7,propose girlfriend g
propose girl songs,3,1,557,8,propose girlfriend s
propose girl tamil,3,1,557,8,propose girlfriend t
propose girl with ring,4,1,557,8,propose girlfriend w
propose husband,2,1,557,8,propose h
propose in different ways in chat,6,1,557,8,propose in
propose kaise kare in english,5,1,557,8,propose k
propose meaning in bengali,4,1,557,8,propose m
propose my girlfriend,3,1,557,8,propose girlfriend m
propose new time,3,1,557,8,propose n
propose online,2,1,557,8,propose o
propose purpose,2,1,557,8,propose p
propose qr code,3,1,557,8,propose q
propose ring finger,3,1,557,8,propose r
propose shayari in hindi english,5,1,557,8,propose s
propose sms girlfriend english,4,1,557,8,propose girlfriend e
propose text message,3,1,557,8,propose t
propose use in sentence,4,1,557,8,propose u
propose verb forms,3,1,557,8,propose v
propose with rose images,4,1,557,6,propose with
propose without knowing ring size,5,1,557,8,propose without
proposed 2026 military pay chart,5,1,557,8,propose 2026
proposed 2027 cola increase,4,1,557,8,propose 2027
proposed free speech bill,4,1,557,8,propose free
proposed zoning meaning,3,1,557,8,propose z
senate online voting proposal dispute,5,1,557,5,online proposal v
today best offers online,4,1,557,4,online proposal best
virtual assistant offer,3,1,557,6,virtual proposal a
virtual dj offer,3,1,557,6,virtual proposal d
virtual families 2 email proposal,5,1,557,4,virtual proposal e
virtual godfather proposal,3,1,557,5,virtual proposal g
virtual house plan walkthrough,4,1,557,4,virtual proposal h
virtual job offer walmart,4,1,557,5,virtual proposal j
virtual plan meaning,3,1,557,8,virtual proposal m
virtual plan room sydney trains,5,1,557,5,virtual proposal r
virtual seating plan,3,1,557,8,virtual proposal s
virtual university offer mphil,4,1,557,8,virtual proposal u
what is propose day meaning,5,1,557,7,what propose day
what purpose of life,4,1,557,8,what propose
when promise day,3,1,557,8,when propose day
when propose reddit,3,1,557,8,when propose
which chocolate day is today,5,1,557,3,which propose day
which purpose meaning in urdu,5,1,557,8,which propose
who proposed plate tectonic theory,5,1,557,8,who propose
why sakura proposed naruto,4,1,557,8,why propose
bf propose gf quotes,4,1,556,8,propose girlfriend q
boy propose girl vector,4,1,556,5,propose girlfriend v
can i eat chocolate day after colonoscopy,7,1,556,5,can i propose day
can i propose to my girlfriend on my birthday,9,1,556,9,can i propose girlfriend
can i propose without the ring box,7,1,556,9,can i propose
chocolate day online wishes,4,1,556,6,propose day online
chocolate day template,3,1,556,4,propose day template
free online proposal generator,4,1,556,8,online proposal g
girl propose comment,3,1,556,9,propose girlfriend c
girlfriend ko propose karne ki shayari,6,1,556,6,propose girlfriend k
girlfriend proposal decorations,3,1,556,9,propose girlfriend d
girlfriend proposal newspaper,3,1,556,8,propose girlfriend n
girlfriend proposal rose box,4,1,556,7,propose girlfriend r
girlfriend propose letter bangla,4,1,556,9,propose girlfriend l
how proposed the heliocentric model,5,1,556,9,how propose
how to propose girlfriend for marriage,6,1,556,3,how propose girlfriend
how to wish propose day to love,7,1,556,8,how propose day
it is proposed to build a circular park,8,1,556,9,is it propose
online ai proposal generator,4,1,556,7,virtual proposal a
online best offer mobile,4,1,556,5,online proposal best
online exchange plan 2 price,5,1,556,9,online proposal e
online forest proposal,3,1,556,9,online proposal f
online love proposal,3,1,556,9,virtual proposal l
online offer kab aayega,4,1,556,6,online proposal k
online offer letter generator free,5,1,556,9,online proposal l
online offer mobile,3,1,556,9,online proposal m
online plan b prescription,4,1,556,9,online proposal b
online plan c pills,4,1,556,9,online proposal c
online plan drawing for home,5,1,556,9,online proposal d
online plan sketch,3,1,556,9,online proposal s
online term plan calculator,4,1,556,9,online proposal t
online wedding proposal,3,1,556,7,online proposal w
plan online nintendo switch,4,1,556,4,online proposal n
plan virtual emi,3,1,556,5,virtual proposal e
promise day with best friend,5,1,556,9,propose day with
proposal jualan online,3,1,556,3,online proposal j
proposal templates free,3,1,556,9,propose template
proposal usaha online shop pakaian,5,1,556,6,online proposal u
proposal web hpe,3,1,556,3,online proposal h
proposal zendaya,2,1,556,9,propose z
propose a girl for relationship,5,1,556,9,propose girlfriend for
propose bangla,2,1,556,9,propose b
propose best song,3,1,556,9,propose best
propose card maker,3,1,556,9,propose maker
propose case,2,1,556,9,propose c
propose day 2026 list,4,1,556,9,propose day 2026
propose day all,3,1,556,9,propose day a
propose day best shayari in hindi,6,1,556,9,propose day best
propose day captions for love,5,1,556,9,propose day c
propose day dress code,4,1,556,9,propose day d
propose day english wishes,4,1,556,9,propose day e
propose day february 2026,4,1,556,9,propose day f
propose day for my love,5,1,556,9,propose day for
propose day funny jokes,4,1,556,9,propose day j
propose day gift for boyfriend,5,1,556,9,propose day g
propose day husband quotes,4,1,556,9,propose day h
propose day in hindi shayari,5,1,556,9,propose day in
propose day ki shayari,4,1,556,9,propose day k
propose day love shayari,4,1,556,9,propose day l
propose day nail art,4,1,556,9,propose day n
propose day odia meaning,4,1,556,9,propose day o
propose day par shayari in hindi,6,1,556,9,propose day p
propose day quotes in bengali,5,1,556,9,propose day q
propose day reels instagram,4,1,556,9,propose day r
propose day shayari for wife,5,1,556,9,propose day s
propose day stickers free download,5,1,556,4,propose day free
propose day tamil meaning,4,1,556,9,propose day t
propose day video prompt,4,1,556,9,propose day v
propose day website maker,4,1,556,3,propose day maker
propose day wishes for best friend,6,1,556,9,propose day w
propose english mein kaise karen,5,1,556,9,propose e
propose for girlfriend in hindi,5,1,556,9,propose girlfriend f
propose gf bf pic,4,1,556,9,propose girlfriend b
propose girl girlfriend,3,1,556,8,propose girlfriend g
propose girl in chat message,5,1,556,9,propose girlfriend in
propose girl style,3,1,556,9,propose girlfriend s
propose how to pronounce,4,1,556,9,propose h
propose ideas for boy,4,1,556,9,propose i
propose japan,2,1,556,9,propose j
propose karna,2,1,556,9,propose k
propose lines for boy,4,1,556,9,propose l
propose me in a different way,6,1,556,9,propose m
propose my girlfriend lines,4,1,556,9,propose girlfriend m
propose note for gf,4,1,556,9,propose n
propose of girl,3,1,556,9,propose girlfriend o
propose on building,3,1,556,9,propose o
propose pic girl to boy indian,6,1,556,9,propose girlfriend p
propose propose,2,1,556,9,propose p
propose quotes in english for boyfriend,6,1,556,9,propose q
propose ring for her,4,1,556,9,propose r
propose song lyrics,3,1,556,9,propose s
propose tower,2,1,556,9,propose t
propose urdu,2,1,556,9,propose u
propose video status,3,1,556,9,propose v
propose wishes,2,1,556,9,propose w
propose with rose quotes,4,1,556,7,propose with
propose without ring size,4,1,556,9,propose without
propose your girl,3,1,556,6,propose girlfriend y
propose youtube,2,1,556,9,propose y
proposed 2026 federal pay raise,5,1,556,9,propose 2026
proposed 2027 va disability increase,5,1,556,9,propose 2027
proposed applicant meaning,3,1,556,9,propose app
proposed freeway eagleby,3,1,556,9,propose free
quotes on propose,3,1,556,3,online proposal q
today is propose day yes or no,7,1,556,9,propose day y
virtual health plan,3,1,556,5,virtual proposal h
virtual offer meaning,3,1,556,9,virtual proposal m
virtual reality plan b,4,1,556,6,virtual proposal r
virtual seating plan o2,4,1,556,9,virtual proposal s
virtual tour plan,3,1,556,6,virtual proposal t
virtual university offer pharm d,5,1,556,9,virtual proposal u
web application proposal template,4,1,556,6,online proposal app
what is propose day celebrate,5,1,556,8,what propose day
what purpose do mosquitoes serve,5,1,556,9,what propose
when chocolate day in 2026,5,1,556,9,when propose day
when is propose day in 2026,6,1,556,9,is it propose day
when to propose to girlfriend,5,1,556,9,when propose
where can i watch the proposal online,7,1,556,3,can i online proposal
which date propose day,4,1,556,4,which propose day
which purposes are matrix diagrams used for,7,1,556,9,which propose
who proposed two kingdom classification,5,1,556,9,who propose
why men propose to women,5,1,556,9,why propose
boy propose girl emoji,4,1,555,10,propose girlfriend e
boy propose girl quotes in english,6,1,555,9,propose girlfriend q
boy propose girl urdu poetry,5,1,555,6,propose girlfriend u
can i offer next day delivery on vinted,8,1,555,6,can i propose day
can i propose at home,5,1,555,10,can i propose
can i propose to my girlfriend in dubai,8,1,555,10,can i propose girlfriend
chocolate day online,3,1,555,7,propose day online
girlfriend ko propose,3,1,555,7,propose girlfriend k
girlfriend proposal car,3,1,555,10,propose girlfriend c
girlfriend proposal nyc,3,1,555,9,propose girlfriend n
girlfriend proposal poster ideas,4,1,555,10,propose girlfriend p
girlfriend proposal room decor,4,1,555,8,propose girlfriend r
girlfriend propose boyfriend,3,1,555,10,propose girlfriend b
girlfriend propose lines in hindi,5,1,555,10,propose girlfriend l
happy propose day jaan image,5,1,555,10,propose day j
how proposed the name pakistan,5,1,555,10,how propose
how to propose girlfriend in chat,6,1,555,4,how propose girlfriend
how to propose rose day,5,1,555,9,how propose day
it is proposed to drive a concrete pile,8,1,555,10,is it propose
national proposal day 2027,4,1,555,3,propose day 2027
online exchange offer,3,1,555,10,online proposal e
online kitchen plan,3,1,555,7,online proposal k
online maid of honor proposal,5,1,555,4,online proposal h
online nutrition plan for weight loss,6,1,555,5,online proposal n
online offer letter unimap,4,1,555,10,online proposal l
online offer sarees,3,1,555,10,online proposal s
online plan b delivery,4,1,555,10,online proposal b
online plan create,3,1,555,10,online proposal c
online plan design for house,5,1,555,10,online proposal d
online proposal making,3,1,555,10,virtual proposal m
online research proposal generator,4,1,555,9,online proposal g
online training plan,3,1,555,10,online proposal t
promise day template,3,1,555,5,propose day template
promise day with wife,4,1,555,10,propose day with
proposal for virtual assistant,4,1,555,4,virtual proposal for
proposal ojek online,3,1,555,3,online proposal o
proposal template sample,3,1,555,10,propose template
proposal without photographer reddit,4,1,555,10,propose without
propose a girl for marriage quotes,6,1,555,10,propose girlfriend for
propose a toast meaning,4,1,555,10,propose a
propose best way,3,1,555,10,propose best
propose by 9lana lyrics,4,1,555,10,propose b
propose code,2,1,555,10,propose c
propose day 2026 pic,4,1,555,10,propose day 2026
propose day aaj hai kya,5,1,555,10,propose day a
propose day bangla caption,4,1,555,10,propose day b
propose day best wishes for girlfriend,6,1,555,10,propose day best
propose day caption bengali,4,1,555,10,propose day c
propose day dudu bubu,4,1,555,10,propose day d
propose day emoji text,4,1,555,10,propose day e
propose day for girl,4,1,555,10,propose day for
propose day girl to boy,5,1,555,10,propose girlfriend d
propose day greeting card,4,1,555,10,propose day g
propose day husband wishes,4,1,555,10,propose day h
propose day i love you images,6,1,555,10,propose day y
propose day images free download,5,1,555,5,propose day free
propose day images with quotes,5,1,555,10,propose day i
propose day in bengali,4,1,555,10,propose day in
propose day kya hota hai,5,1,555,10,propose day k
propose day letter for boyfriend,5,1,555,10,propose day l
propose day link maker,4,1,555,4,propose day maker
propose day marathi shayari,4,1,555,10,propose day m
propose day nepali meaning,4,1,555,10,propose day n
propose day online,3,1,555,10,propose day o
propose day poster,3,1,555,10,propose day p
propose day quotes for wife in hindi,7,1,555,10,propose day q
propose day radha krishna images,5,1,555,10,propose day r
propose day special,3,1,555,10,propose day s
propose day telugu quotes,4,1,555,10,propose day t
propose day video template,4,1,555,10,propose day v
propose day when,3,1,555,10,propose day w
propose emoji copy and paste,5,1,555,10,propose e
propose for boy,3,1,555,10,propose for
propose gf shayari in hindi,5,1,555,10,propose girlfriend s
propose gift for girl,4,1,555,10,propose g
propose girl quotes hindi,4,1,555,10,propose girlfriend h
propose hindi song,3,1,555,10,propose h
propose je,2,1,555,10,propose j
propose karne ka tarika,4,1,555,10,propose k
propose link generator,3,1,555,10,propose l
propose message,2,1,555,10,propose m
propose number,2,1,555,10,propose n
propose one girl,3,1,555,10,propose girlfriend o
propose or purpose difference,4,1,555,10,propose o
propose photo love,3,1,555,10,propose p
propose questions,2,1,555,10,propose q
propose rose flower price,4,1,555,10,propose r
propose shayari in kannada,4,1,555,10,propose s
propose to a boy,4,1,555,10,propose t
propose to your girlfriend meaning,5,1,555,7,propose girlfriend y
propose viral photo,3,1,555,10,propose v
propose website for gf free,5,1,555,10,propose w
propose your boyfriend,3,1,555,10,propose y
proposed 2026 national budget,4,1,555,10,propose 2026
proposed 2027 budget,3,1,555,10,propose 2027
proposed applicants a pep,4,1,555,10,propose app
proposed freedom cities,3,1,555,10,propose free
proposed synonyms,2,1,555,10,propose
proposed zoning change meaning,4,1,555,10,propose z
quick proposal ideas,3,1,555,4,online proposal q
starlife online proposal forms,4,1,555,10,online proposal f
unique proposal,2,1,555,10,propose u
virtual boyfriend meaning,3,1,555,7,virtual proposal j
virtual business plan,3,1,555,10,virtual proposal b
virtual engagement activities,3,1,555,3,virtual proposal k
virtual lesson plan template,4,1,555,10,virtual proposal l
virtual phone plan,3,1,555,8,virtual proposal p
virtual plan it,3,1,555,5,virtual proposal i
virtual sim plan,3,1,555,10,virtual proposal s
virtual university offer,3,1,555,10,virtual proposal u
web app proposal template,4,1,555,7,online proposal app
web design proposal,3,1,555,6,online proposal r
web judul proposal,3,1,555,4,online proposal j
what is propose day date,5,1,555,9,what propose day
what purpose do sanctions serve,5,1,555,10,what propose
what to say to my girlfriend when proposing,8,1,555,3,propose girlfriend template
when is propose day in 2025,6,1,555,10,is it propose day
when promise day in 2026,5,1,555,10,when propose day
when sheldon proposes to amy,5,1,555,10,when propose
which day propose day 2026,5,1,555,5,which propose day
which purposes support the process of delegation,7,1,555,10,which propose
who proposed the continental drift theory,6,1,555,10,who propose
why girlfriend is important,4,1,555,3,what propose girlfriend
why men propose,3,1,555,10,why propose
aaj propose day hai ya nahin,6,1,554,11,propose day y
best online proposal software,4,1,554,7,online proposal best
business proposal maker,3,1,554,11,propose maker
can i offer next day delivery on ebay,8,1,554,7,can i propose day
can i propose on her birthday,6,1,554,11,can i propose
can i propose to my girlfriend at disney world,9,1,554,11,can i propose girlfriend
can you get engaged online,5,1,554,5,can i online proposal
chocolate day app,3,1,554,3,propose day app
chocolate day template capcut,4,1,554,6,propose day template
chocolate day with good morning,5,1,554,11,propose day with
free online proposal writing course,5,1,554,9,online proposal w
gf propose new style,4,1,554,10,propose girlfriend n
girl propose day gift,4,1,554,11,propose girlfriend d
girlfriend ko propose shayari,4,1,554,8,propose girlfriend k
girlfriend proposal box,3,1,554,11,propose girlfriend b
girlfriend proposal card ideas,4,1,554,11,propose girlfriend c
girlfriend proposal on beach,4,1,554,11,propose girlfriend o
girlfriend proposal pinterest,3,1,554,11,propose girlfriend p
girlfriend proposal room,3,1,554,9,propose girlfriend r
girlfriend propose letter hindi,4,1,554,11,propose girlfriend l
happy propose day jaan i love you,7,1,554,11,propose day j
how propose your crush,4,1,554,11,how propose
how to propose girlfriend in hindi,6,1,554,5,how propose girlfriend
how to propose on propose day to wife,8,1,554,10,how propose day
it is proposed to build a single,7,1,554,11,is it propose
online appointment plan,3,1,554,8,online proposal app
online exchange plan,3,1,554,11,online proposal e
online free plan drawing,4,1,554,4,online proposal free
online ka offer,3,1,554,8,online proposal k
online offer diwali,3,1,554,11,online proposal d
online offer letter signature,4,1,554,11,online proposal l
online offer sale today,4,1,554,11,online proposal s
online plan copy download,4,1,554,11,online proposal c
online plan making,3,1,554,11,online proposal m
online propose card,3,1,554,11,propose online
online term plan max life,5,1,554,11,online proposal t
plan online netflix,3,1,554,6,online proposal n
proposal application format,3,1,554,11,propose app
proposal template pdf,3,1,554,11,propose template
proposal zumba,2,1,554,11,propose z
propose a girl for friendship,5,1,554,11,propose girlfriend for
propose a girl quotes short,5,1,554,10,propose girlfriend q
propose another word,3,1,554,11,propose a
propose best friend shayari,4,1,554,11,propose best
propose couple pic,3,1,554,11,propose c
propose day 2026 message,4,1,554,11,propose day 2026
propose day aaj,3,1,554,11,propose day a
propose day bengali caption,4,1,554,11,propose day b
propose day best wishes bengali,5,1,554,11,propose day best
propose day cake design,4,1,554,11,propose day c
propose day date in february,5,1,554,11,propose day d
propose day emotional message,4,1,554,11,propose day e
propose day for boyfriend,4,1,554,11,propose day f
propose day for shayari,4,1,554,11,propose day for
propose day greetings,3,1,554,11,propose day g
propose day hai kya aaj,5,1,554,11,propose day h
propose day ideas for husband,5,1,554,11,propose day i
propose day images free,4,1,554,6,propose day free
propose day in hindi meaning,5,1,554,11,propose day in
propose day kab hai 2027,5,1,554,4,propose day 2027
propose day kobe,3,1,554,11,propose day k
propose day lines in hindi,5,1,554,11,propose day l
propose day me kya hota hai,6,1,554,11,propose day m
propose day news in hindi,5,1,554,11,propose day n
propose day of 2025,4,1,554,11,propose day o
propose day par kya gift de,6,1,554,11,propose day p
propose day quotes telugu,4,1,554,11,propose day q
propose day reply to girlfriend,5,1,554,11,propose day r
propose day shayari for love in hindi,7,1,554,11,propose day s
propose day tablet,3,1,554,11,propose day t
propose day video status download for whatsapp,7,1,554,11,propose day v
propose day wallpaper,3,1,554,11,propose day w
propose day wish maker,4,1,554,5,propose day maker
propose emoji hand,3,1,554,11,propose e
propose face reveal,3,1,554,11,propose f
propose for girl in english,5,1,554,11,propose for
propose girl shayari in english text,6,1,554,11,propose girlfriend s
propose girlfriend online,3,1,554,4,propose girlfriend template
propose karne wali shayari,4,1,554,11,propose k
propose lines for bf,4,1,554,11,propose l
propose matlab kya hota hai,5,1,554,11,propose m
propose my girlfriend for marriage,5,1,554,11,propose girlfriend m
propose new time for meeting in outlook,7,1,554,11,propose n
propose on tower news,4,1,554,11,propose o
propose position,2,1,554,11,propose p
propose quotes for her,4,1,554,11,propose q
propose rose boy,3,1,554,11,propose r
propose shayari for girlfriend english,5,1,554,11,propose girlfriend e
propose synonyms in english,4,1,554,11,propose s
propose to girl quotes,4,1,554,11,propose t
propose to girlfriend in english,5,1,554,11,propose girlfriend t
propose to your girlfriend day,5,1,554,8,propose girlfriend y
propose unique way,3,1,554,11,propose u
propose vs proposal,3,1,554,11,propose v
propose website for bf,4,1,554,11,propose w
propose with rose,3,1,554,9,propose with
propose you meaning in hindi,5,1,554,11,propose y
proposed 2026 tax brackets,4,1,554,11,propose 2026
proposed 2027 school calendar,4,1,554,11,propose 2027
proposed freeway rye,3,1,554,11,propose free
proposed high tower,3,1,554,11,propose h
proposed jewish states,3,1,554,11,propose j
proposing without a photographer,4,1,554,11,propose without
the proposal online rus,4,1,554,7,online proposal r
virtual blue plan,3,1,554,11,virtual proposal b
virtual care plan,3,1,554,11,virtual proposal c
virtual floor plan,3,1,554,11,virtual proposal f
virtual house plan tours,4,1,554,7,virtual proposal h
virtual learning plan,3,1,554,11,virtual proposal l
virtual safety plan,3,1,554,11,virtual proposal s
virtual university offer bs program,5,1,554,11,virtual proposal u
web project proposal template,4,1,554,11,online proposal p
what for girlfriend,3,1,554,4,what propose girlfriend
what is proposals on upwork,5,1,554,4,what online proposal
what is propose day in hindi,6,1,554,10,what propose day
what purpose do cockroaches serve,5,1,554,11,what propose
when chocolate day in feb 2026,6,1,554,11,when propose day
when hinata propose naruto,4,1,554,11,when propose
when is propose day celebrated,5,1,554,11,is it propose day
which day propose day 2025,5,1,554,6,which propose day
which gift is best for propose a girl,8,1,554,4,which propose girlfriend
which purpose is achieved with the administration of nesiritide,9,1,554,11,which propose
who proposed atomic theory,4,1,554,11,who propose
why boy propose girl,4,1,554,11,why propose
best propose day wishes for girlfriend,6,1,553,12,propose best
best propose girlfriend,3,1,553,3,propose girlfriend best
can i eat chocolate day before surgery,7,1,553,8,can i propose day
can i propose at 16,5,1,553,12,can i propose
can i propose to my girlfriend at 15,8,1,553,12,can i propose girlfriend
girl propose boy images full hd,6,1,553,12,propose girlfriend b
girl propose whatsapp chat,4,1,553,12,propose girlfriend w
girlfriend ko propose kaise kare shayari,6,1,553,9,propose girlfriend k
girlfriend proposal dinner,3,1,553,12,propose girlfriend d
girlfriend proposal note,3,1,553,11,propose girlfriend n
girlfriend proposal picnic,3,1,553,12,propose girlfriend p
girlfriend proposal rental,3,1,553,10,propose girlfriend r
girlfriend propose girl,3,1,553,5,which propose girlfriend
girlfriend propose lines in english,5,1,553,12,propose girlfriend l
happy propose day jan,4,1,553,12,propose day j
happy propose day template,4,1,553,7,propose day template
how propose girlfriend,3,1,553,12,how propose
how to propose girlfriend in english,6,1,553,6,how propose girlfriend
how to propose on propose day quotes,7,1,553,11,how propose day
is tomorrow propose day,4,1,553,12,is it propose day
is virtual virginia free,4,1,553,7,virtual proposal free
it is proposed meaning in tamil,6,1,553,12,is it propose
kfc online offers,3,1,553,9,online proposal k
lic online proposal form,4,1,553,12,online proposal f
online consumer proposal canada,4,1,553,12,virtual proposal c
online earning plan,3,1,553,12,online proposal e
online free offer letter generator,5,1,553,5,online proposal free
online love proposal maker free,5,1,553,12,virtual proposal l
online non plan admission,4,1,553,7,online proposal n
online offer calculator,3,1,553,12,online proposal c
online offer dates,3,1,553,12,online proposal d
online offer letter editor,4,1,553,12,online proposal l
online offer meesho,3,1,553,12,online proposal m
online offer shopping app,4,1,553,12,online proposal s
online plan for house,4,1,553,4,online proposal for
online proposal ai,3,1,553,6,online proposal a
online proposal meaning,3,1,553,5,what online proposal
online proposal video,3,1,553,9,online proposal v
plan online trip pvt ltd,5,1,553,12,online proposal t
promise day with love,4,1,553,12,propose day with
proposal day dunkin donuts,4,1,553,12,propose day d
proposal game online,3,1,553,11,online proposal g
proposal jobs,2,1,553,12,propose j
proposal outfit girl,3,1,553,12,propose girlfriend o
proposal template google docs,4,1,553,12,propose template
propose a girl for love,5,1,553,12,propose girlfriend for
propose a girl quotes in urdu,6,1,553,11,propose girlfriend q
propose app,2,1,553,12,propose a
propose bts lyrics,3,1,553,12,propose b
propose caption english,3,1,553,12,propose c
propose cute girl,3,1,553,12,propose girlfriend c
propose day 2026 hindi,4,1,553,12,propose day 2026
propose day 2028,3,1,553,5,propose day 2027
propose day about,3,1,553,12,propose day a
propose day baby photoshoot,4,1,553,12,propose day b
propose day best line for wife,6,1,553,12,propose day best
propose day cartoon images,4,1,553,12,propose day c
propose day ecard,3,1,553,12,propose day e
propose day for friendship,4,1,553,12,propose day f
propose day for him quotes,5,1,553,12,propose day for
propose day gf wish,4,1,553,12,propose day g
propose day greeting card online,5,1,553,9,propose day online
propose day hai kya,4,1,553,12,propose day h
propose day image creator online,5,1,553,6,propose day maker
propose day in 2025,4,1,553,12,propose day in
propose day kaise wish kare,5,1,553,12,propose day k
propose day love quotes,4,1,553,12,propose day l
propose day meme,3,1,553,12,propose day m
propose day non veg shayari,5,1,553,12,propose day n
propose day outfit,3,1,553,12,propose day o
propose day pose,3,1,553,12,propose day p
propose day prompt free,4,1,553,7,propose day free
propose day quotes in kannada,5,1,553,12,propose day q
propose day real pic,4,1,553,12,propose day r
propose day shayari bengali,4,1,553,12,propose day s
propose day tamil,3,1,553,12,propose day t
propose day virtual gift,4,1,553,12,propose day v
propose day wishes in hindi,5,1,553,12,propose day w
propose experience,2,1,553,12,propose e
propose for best friend,4,1,553,12,propose for
propose for girlfriend in marathi,5,1,553,12,propose girlfriend f
propose girl in chat,4,1,553,12,propose girlfriend in
propose girl status,3,1,553,12,propose girlfriend s
propose girlfriend status,3,1,553,8,propose girlfriend v
propose her in a different way,6,1,553,12,propose h
propose i love you,4,1,553,12,propose i
propose ki spelling,3,1,553,12,propose k
propose love letter,3,1,553,12,propose l
propose meaning in telugu,4,1,553,12,propose m
propose new style hindi,4,1,553,12,propose n
propose on height,3,1,553,12,propose o
propose pose for boy,4,1,553,12,propose p
propose quotes in english for girlfriend,6,1,553,12,propose q
propose ringtone download,3,1,553,12,propose r
propose shayari for girlfriend,4,1,553,12,propose s
propose to girlfriend in hindi,5,1,553,12,propose girlfriend t
propose trick,2,1,553,12,propose t
propose vote of thanks synonyms,5,1,553,12,propose v
propose writing,2,1,553,12,propose w
propose your best friend,4,1,553,12,propose y
propose your ex girlfriend again,5,1,553,12,propose girlfriend e
propose zoo,2,1,553,3,propose day z
proposed 2026 bah rates,4,1,553,12,propose 2026
proposed 2027 gs pay raise,5,1,553,12,propose 2027
proposed appointee,2,1,553,12,propose app
proposed dividend,2,1,553,12,propose
proposed freeway sutherland shire map,5,1,553,12,propose free
proposed zirakpur panchkula bypass,4,1,553,12,propose z
proposing without getting on one knee,6,1,553,12,propose without
rci online proposal,3,1,553,8,online proposal r
virtual floor plan designer,4,1,553,12,virtual proposal f
virtual hpn plan,3,1,553,8,virtual proposal h
virtual share plan,3,1,553,12,virtual proposal s
virtual university offer fa,4,1,553,12,virtual proposal u
ways to propose your girlfriend,5,1,553,9,propose girlfriend y
web app proposal,3,1,553,9,online proposal app
web based proposal,3,1,553,12,online proposal b
web project proposal,3,1,553,12,online proposal p
what is propose day in valentine,6,1,553,11,what propose day
what is purpose of girlfriend,5,1,553,5,what propose girlfriend
what purpose do they serve,5,1,553,12,what propose
when chocolate day 2025,4,1,553,12,when propose day
when someone proposes are you engaged,6,1,553,12,when propose
which day after propose day,5,1,553,7,which propose day
which purposes of artworks are inspired by spirituality,8,1,553,12,which propose
who proposed modern periodic table,5,1,553,12,who propose
why you propose me,4,1,553,12,why propose
yesterday propose day,3,1,553,12,propose day y
best propose shayari in hindi,5,1,552,13,propose best
can i propose on my birthday,6,1,552,13,can i propose
can i withdraw proposal on upwork,6,1,552,7,can i online proposal
chocolate day with love,4,1,552,13,propose day with
girl propose lines in english,5,1,552,13,propose girlfriend l
girl proposing on knees,4,1,552,13,propose girlfriend o
girlfriend proposal board,3,1,552,13,propose girlfriend b
girlfriend proposal company,3,1,552,13,propose girlfriend c
girlfriend proposal dallas,3,1,552,13,propose girlfriend d
girlfriend proposal room set up,5,1,552,11,propose girlfriend r
girlfriend proposal website github,4,1,552,13,propose girlfriend w
girlfriend propose gift,3,1,552,6,which propose girlfriend
girlfriend propose marathi,3,1,552,13,propose girlfriend m
gpf online pension proposal,4,1,552,13,online proposal p
happy propose day date 2026,5,1,552,13,propose day d
happy propose day janu,4,1,552,13,propose day j
happy propose day to you too,6,1,552,13,propose day y
how girl propose to boy on chat,7,1,552,7,how propose girlfriend
how proposed big bang theory,5,1,552,13,how propose
how should i propose to my girlfriend,7,1,552,4,propose girlfriend best
how to propose ex girlfriend again,6,1,552,13,propose girlfriend e
how to propose on propose day in marathi,8,1,552,12,how propose day
it is proposed to hold a meeting,7,1,552,13,is it propose
offer virtual medical advice sims 4,6,1,552,13,virtual proposal m
online cashback offer crossword clue,5,1,552,13,online proposal c
online course proposal example,4,1,552,13,virtual proposal c
online diet plan,3,1,552,13,online proposal d
online e plan,3,1,552,13,online proposal e
online free plan maker,4,1,552,6,online proposal free
online kurtis offer,3,1,552,10,online proposal k
online love proposal link,4,1,552,13,virtual proposal l
online marriage proposal website,4,1,552,11,online proposal w
online nutritionist plan,3,1,552,8,online proposal n
online offer lk,3,1,552,13,online proposal l
online offer shoes,3,1,552,13,online proposal s
online plan for house free,5,1,552,5,online proposal for
places to propose your girlfriend,5,1,552,10,propose girlfriend y
plan online trip,3,1,552,13,online proposal t
project proposal maker,3,1,552,13,propose maker
promise day for best friend,5,1,552,13,propose day for
proposal appendix example,3,1,552,13,propose app
proposal day anniversary,3,1,552,13,propose day a
proposal joint,2,1,552,13,propose j
proposal online maker,3,1,552,13,propose online
proposal template powerpoint,3,1,552,13,propose template
propose a girl for date,5,1,552,13,propose girlfriend for
propose bio,2,1,552,13,propose b
propose cake design,3,1,552,13,propose c
propose day 2026 gift,4,1,552,13,propose day 2026
propose day ads,3,1,552,5,propose day app
propose day background,3,1,552,13,propose day b
propose day best quotes in hindi,6,1,552,13,propose day best
propose day card template,4,1,552,8,propose day template
propose day couple pic,4,1,552,13,propose day c
propose day editing images,4,1,552,13,propose day e
propose day for wife in hindi,6,1,552,13,propose day f
propose day gift ideas for wife,6,1,552,13,propose day g
propose day hashtags,3,1,552,13,propose day h
propose day in tamil,4,1,552,13,propose day in
propose day kaise manaya jata hai,6,1,552,13,propose day k
propose day lines in english,5,1,552,13,propose day l
propose day marathi quotes,4,1,552,13,propose day m
propose day name pic,4,1,552,13,propose day n
propose day paragraph for boyfriend,5,1,552,13,propose day p
propose day photo editing online,5,1,552,10,propose day online
propose day quotes girlfriend,4,1,552,12,propose girlfriend q
propose day quotes tamil,4,1,552,13,propose day q
propose day romantic quotes,4,1,552,13,propose day r
propose day shayari 2 line,5,1,552,13,propose day s
propose day theme,3,1,552,13,propose day t
propose day virtual link,4,1,552,13,propose day v
propose day wishes in bengali,5,1,552,13,propose day w
propose example,2,1,552,13,propose e
propose for girlfriend in nepali,5,1,552,12,propose girlfriend n
propose for husband,3,1,552,13,propose for
propose girl in shayari,4,1,552,13,propose girlfriend in
propose girl synonyms,3,1,552,13,propose girlfriend s
propose girlfriend picture,3,1,552,3,propose girlfriend 2026
propose gulab phool,3,1,552,13,propose g
propose him in different ways,5,1,552,13,propose h
propose ka hindi,3,1,552,13,propose k
propose lines in hindi english,5,1,552,13,propose l
propose make,2,1,552,7,propose day maker
propose meaning in urdu,4,1,552,13,propose m
propose name meaning,3,1,552,13,propose n
propose on building top,4,1,552,13,propose o
propose photo girl,3,1,552,13,propose p
propose pic girl to boy cartoon,6,1,552,13,propose girlfriend p
propose quotes for husband,4,1,552,13,propose q
propose ring box,3,1,552,13,propose r
propose sticker,2,1,552,13,propose s
propose to someone,3,1,552,13,propose t
propose unique style in english,5,1,552,13,propose u
propose vs purpose meaning,4,1,552,13,propose v
propose wife,2,1,552,13,propose w
propose with a ring pop,5,1,552,11,propose with
propose without proposing,3,1,552,4,propose girlfriend without
propose you to do,4,1,552,13,propose y
proposed 2026 military pay,4,1,552,13,propose 2026
proposed 2027 f1 calendar,4,1,552,13,propose 2027
proposed freedom pass changes,4,1,552,13,propose free
proposed zamboanga occidental,3,1,552,13,propose z
proposer,1,1,552,13,propose
proposing without a ring ideas,5,1,552,13,propose without
should i propose to girlfriend,5,1,552,13,can i propose girlfriend
starlife online proposal forms pdf download,6,1,552,13,online proposal f
virtual birth plan,3,1,552,13,virtual proposal b
virtual floor plan walkthrough,4,1,552,13,virtual proposal f
virtual healthcare plan,3,1,552,9,virtual proposal h
virtual reality project proposal,4,1,552,7,virtual proposal v
virtual staff plan,3,1,552,13,virtual proposal s
virtual university offer diploma,4,1,552,13,virtual proposal u
web application proposal,3,1,552,10,online proposal app
web based proposal software,4,1,552,13,online proposal b
what can i do for propose day,7,1,552,9,can i propose day
what girlfriend expect from boyfriend,5,1,552,6,what propose girlfriend
what is proposal of work,5,1,552,6,what online proposal
what is today propose day,5,1,552,12,what propose day
what purpose of ct scan,5,1,552,13,what propose
when chocolate day in india,5,1,552,13,when propose day
when jim proposes to pam,5,1,552,13,when propose
which day celebrate propose day,5,1,552,8,which propose day
which proposal,2,1,552,4,which online proposal
which propose day,3,1,552,13,which propose
who proposed three kingdom classification,5,1,552,13,who propose
why he proposed to me,5,1,552,13,why propose
a man propose his girlfriend,5,1,551,14,propose girlfriend h
best propose lines for gf,5,1,551,14,propose best
business proposal online kdrama,4,1,551,11,online proposal k
can i propose girl,4,1,551,8,can i online proposal
can i propose twice,4,1,551,14,can i propose
create propose day surprise online,5,1,551,11,propose day online
gf propose lines marathi,4,1,551,14,propose girlfriend l
girl propose boy lines,4,1,551,14,propose girlfriend b
girl propose pick up lines,5,1,551,14,propose girlfriend p
girl propose with boy,4,1,551,14,propose girlfriend w
girl proposes on love is blind,6,1,551,14,propose girlfriend o
girl proposing reddit,3,1,551,12,propose girlfriend r
girlfriend 202,2,1,551,4,propose girlfriend 2027
girlfriend ke propose,3,1,551,11,propose girlfriend k
girlfriend proposal canva,3,1,551,14,propose girlfriend c
girlfriend propose shayari bengali,4,1,551,14,propose girlfriend s
girlfriend propose shayari in english,5,1,551,14,propose girlfriend
girlfriend propose wishes,3,1,551,7,which propose girlfriend
green propose to becky,4,1,551,14,propose free
happy propose day images free download,6,1,551,9,propose day free
how propose a girl for marriage,6,1,551,14,how propose
how to propose on propose day to husband,8,1,551,13,how propose day
how to propose your girlfriend again,6,1,551,11,propose girlfriend y
internet business proposal,3,1,551,14,online proposal b
it is proposed meaning in bengali,6,1,551,14,is it propose
nintendo switch 2 online play,5,1,551,9,online proposal n
ongoing proposals,2,1,551,4,online proposal 2027
online casino offer,3,1,551,14,online proposal c
online diet plan for weight loss,6,1,551,14,online proposal d
online electrical plan,3,1,551,14,online proposal e
online fee approval proposal 2025 26,6,1,551,11,online proposal app
online free plan drawing tool,5,1,551,7,online proposal free
online meal plan,3,1,551,14,online proposal m
online offer sell,3,1,551,14,online proposal s
online plan for home,4,1,551,6,online proposal for
online plan layout,3,1,551,14,online proposal l
online voting system project proposal,5,1,551,14,online proposal p
plan online trip pvt ltd reviews,6,1,551,14,online proposal t
project proposal template online,4,1,551,9,virtual proposal template
promise day for husband,4,1,551,14,propose day for
promise day with good morning,5,1,551,14,propose day with
proposal appendix,2,1,551,14,propose app
proposal online rockwell,3,1,551,10,online proposal r
proposal template vgen,3,1,551,14,propose template
proposal without prejudice,3,1,551,14,propose without
propose a boy,3,1,551,14,propose a
propose a day meaning,4,1,551,14,propose day a
propose a girl for marry,5,1,551,14,propose girlfriend for
propose a girl in bengali,5,1,551,14,propose girlfriend i
propose birthday wishes,3,1,551,14,propose b
propose chat,2,1,551,14,propose c
propose day 2026 marathi,4,1,551,14,propose day 2026
propose day 2029,3,1,551,7,propose day 2027
propose day a,3,1,551,6,propose day app
propose day bangla shayari,4,1,551,14,propose day b
propose day best song,4,1,551,14,propose day best
propose day cake,3,1,551,14,propose day c
propose day editing,3,1,551,14,propose day e
propose day friendship quotes,4,1,551,14,propose day f
propose day girl pic,4,1,551,14,propose girlfriend d
propose day good morning,4,1,551,14,propose day g
propose day husband shayari in hindi,6,1,551,14,propose day h
propose day images for whatsapp,5,1,551,14,propose day i
propose day in kannada,4,1,551,14,propose day in
propose day joke,3,1,551,5,propose day z
propose day kab hai 2025,5,1,551,14,propose day k
propose day line for wife,5,1,551,14,propose day l
propose day malayalam,3,1,551,8,propose day maker
propose day meaning in marathi,5,1,551,14,propose day m
propose day niye kichu kotha,5,1,551,14,propose day n
propose day of valentine week,5,1,551,14,propose day o
propose day pe kaise wish kare,6,1,551,14,propose day p
propose day quotes for wife in english,7,1,551,14,propose day q
propose day ring pic,4,1,551,14,propose day r
propose day shayari jaun elia,5,1,551,14,propose day j
propose day song,3,1,551,14,propose day s
propose day text message,4,1,551,14,propose day t
propose day vn code,4,1,551,14,propose day v
propose day wishes for girlfriend bangla,6,1,551,14,propose day w
propose day wishes for girlfriend nepali,6,1,551,13,propose girlfriend n
propose de kab aata hai,5,1,551,14,propose d
propose english lyrics,3,1,551,14,propose e
propose finger,2,1,551,14,propose f
propose for marriage quotes,4,1,551,14,propose for
propose gf shayari,3,1,551,14,propose g
propose girl in punjabi,4,1,551,14,propose girlfriend in
propose her or propose to her,6,1,551,14,propose h
propose ka hindi meaning,4,1,551,14,propose k
propose letter to girl,4,1,551,14,propose l
propose matlab,2,1,551,14,propose m
propose news on tower,4,1,551,14,propose n
propose on high tower,4,1,551,14,propose o
propose on new year's day,5,1,551,14,propose day y
propose photo hd,3,1,551,14,propose p
propose quotations in telugu,4,1,551,14,propose q
propose style text,3,1,551,14,propose s
propose tips,2,1,551,14,propose t
propose to girlfriend in marathi,5,1,551,14,propose girlfriend t
propose vs purpose pronunciation,4,1,551,14,propose v
propose with box or without,5,1,551,12,propose with
propose without i love you,5,1,551,5,propose girlfriend without
proposed 2026 gs pay scale,5,1,551,14,propose 2026
proposed 2027 bah rates,4,1,551,14,propose 2027
proposed judgment,2,1,551,14,propose j
proposed road,2,1,551,14,propose r
proposed us outsourcing tax,4,1,551,14,propose u
proposed zirakpur bypass map,4,1,551,14,propose z
research proposal maker ai,4,1,551,14,propose maker
romantic girlfriend propose quotes,4,1,551,13,propose girlfriend q
virtual card offer,3,1,551,14,virtual proposal c
virtual floor plan designer free,5,1,551,14,virtual proposal f
virtual maid of honor proposal,5,1,551,10,virtual proposal h
virtual payment plan card,4,1,551,12,virtual proposal p
virtual reality plan b soundtrack,5,1,551,11,virtual proposal r
virtual surgical plan,3,1,551,14,virtual proposal s
virtual university offer ba,4,1,551,14,virtual proposal u
what can i gift on propose day,7,1,551,10,can i propose day
what for gf,3,1,551,7,what propose girlfriend
what is happy propose day,5,1,551,13,what propose day
what is proposal details,4,1,551,7,what online proposal
what purpose do eyebrows serve,5,1,551,14,what propose
when chocolate day in 2026 in india,7,1,551,14,when propose day
when is propose day in valentine week,7,1,551,14,is it propose day
when propose a girl,4,1,551,5,when propose girlfriend
when to propose to bridesmaids,5,1,551,14,when propose
which day comes after propose day,6,1,551,9,which propose day
which proposed the heliocentric model,5,1,551,14,which propose
who proposed law of multiple proportions,6,1,551,14,who propose
why is proposed dividend,4,1,551,14,why propose
best girlfriend proposal lines,4,1,550,6,propose girlfriend best
best propose lines in english,5,1,550,15,propose best
boy propose girl on tower,5,1,550,15,propose girlfriend o
business proposal online for free,5,1,550,7,online proposal for
can i propose a girl today,6,1,550,9,can i online proposal
chocolate day and,3,1,550,15,propose day a
get a free proposal,4,1,550,10,virtual proposal free
gf proposal reddit,3,1,550,13,propose girlfriend r
girl propose lines in marathi,5,1,550,15,propose girlfriend l
girl propose poetry,3,1,550,15,propose girlfriend p
girlfriend ko propose karna hai,5,1,550,12,propose girlfriend k
girlfriend proposal balloons,3,1,550,15,propose girlfriend b
girlfriend proposal card template,4,1,550,15,propose girlfriend c
girlfriend proposal dessert,3,1,550,15,propose girlfriend d
girlfriend proposal flowers,3,1,550,15,propose girlfriend f
girlfriend proposal website free,4,1,550,15,propose girlfriend w
girlfriend propose shayari in hindi,5,1,550,15,propose girlfriend
girlfriend propose shayari marathi,4,1,550,15,propose girlfriend s
girlfriend propose style,3,1,550,15,propose girlfriend t
girlfriend propose tips,3,1,550,8,which propose girlfriend
gpa proposal online kaise kare,5,1,550,12,online proposal k
gpf online proposal,3,1,550,14,online proposal g
happy propose day date 2025,5,1,550,15,propose day d
happy propose day to you,5,1,550,15,propose day y
how can i propose on propose day,7,1,550,11,can i propose day
how propose gf,3,1,550,9,how propose girlfriend
how proposed five kingdom classification,5,1,550,15,how propose
how to reply happy propose day,6,1,550,14,how propose day
it is proposed to use,5,1,550,15,is it propose
online cash offer for house,5,1,550,15,online proposal c
online cps proposal,3,1,550,15,virtual proposal c
online exchange plan 1 price,5,1,550,15,online proposal e
online fee approval proposal 2024 25,6,1,550,12,online proposal app
online free offer,3,1,550,8,online proposal free
online marketing plan,3,1,550,15,online proposal m
online marketing proposal,3,1,550,15,virtual proposal m
online offer letter kaise check kare,6,1,550,15,online proposal l
online ticket offer,3,1,550,15,online proposal t
online voting system project proposal pdf,6,1,550,15,online proposal p
outlook online propose new time,5,1,550,10,online proposal n
promise day for wife,4,1,550,15,propose day for
promise day with husband,4,1,550,15,propose day with
proposal girl movie,3,1,550,15,propose girlfriend m
proposal jobs near me,4,1,550,15,propose j
proposal template for consulting services,5,1,550,15,propose template
proposal without meeting,3,1,550,15,propose without
propose a boy on chat,5,1,550,15,propose a
propose a girl in urdu,5,1,550,15,propose girlfriend i
propose a girl on chat message,6,1,550,15,propose girlfriend a
propose chocolate,2,1,550,15,propose c
propose day 2025 date,4,1,550,8,propose day 2027
propose day 2026 bengali,4,1,550,15,propose day 2026
propose day accept,3,1,550,7,propose day app
propose day bengali,3,1,550,15,propose day b
propose day best lines for gf hindi,7,1,550,15,propose day best
propose day code,3,1,550,15,propose day c
propose day emotional shayari,4,1,550,15,propose day e
propose day for new girlfriend,5,1,550,14,propose girlfriend n
propose day free fire,4,1,550,10,propose day free
propose day funny jokes in hindi,6,1,550,15,propose day j
propose day good morning images,5,1,550,15,propose day g
propose day greeting card template,5,1,550,10,propose day template
propose day hai aaj,4,1,550,15,propose day h
propose day in nepali,4,1,550,15,propose day in
propose day kab,3,1,550,15,propose day k
propose day love letter,4,1,550,15,propose day l
propose day meaning in telugu,5,1,550,15,propose day m
propose day name,3,1,550,15,propose day n
propose day par kya karna chahie,6,1,550,15,propose day p
propose day quotes malayalam,4,1,550,15,propose day q
propose day romantic shayari in hindi,6,1,550,15,propose day r
propose day shayari for girlfriend english,6,1,550,15,propose girlfriend e
propose day special shayari,4,1,550,15,propose day s
propose day thought in hindi,5,1,550,15,propose day t
propose day wishes bangla text,5,1,550,15,propose day w
propose day wishes for girlfriend hindi,6,1,550,15,propose girlfriend h
propose emoji text copy and paste,6,1,550,15,propose e
propose flower bookey,3,1,550,15,propose f
propose for crush,3,1,550,15,propose for
propose girl in bengali,4,1,550,15,propose girlfriend in
propose girlfriend in bengali,4,1,550,11,propose girlfriend v
propose guldasta,2,1,550,15,propose g
propose her in unique way,5,1,550,15,propose h
propose in unique way,4,1,550,15,propose in
propose kaise kare ladki ko,5,1,550,15,propose k
propose lines in hindi,4,1,550,15,propose l
propose my love,3,1,550,15,propose m
propose natori lyrics english,4,1,550,15,propose n
propose on top,3,1,550,15,propose o
propose pronunciation in english,4,1,550,15,propose p
propose quiz,2,1,550,15,propose q
propose rose images,3,1,550,15,propose r
propose shayari zakir khan,4,1,550,6,propose day z
propose status,2,1,550,15,propose s
propose to girlfriend ideas,4,1,550,15,propose girlfriend with
propose to wife,3,1,550,15,propose t
propose vs recommend,3,1,550,15,propose v
propose website github,3,1,550,15,propose w
propose you meaning in urdu,5,1,550,15,propose y
proposed 2026 cola,3,1,550,15,propose 2026
proposed 2027 nbpp,3,1,550,15,propose 2027
proposed airport in bangalore,4,1,550,15,propose
proposed approach and methodology,4,1,550,15,propose app
proposed building,2,1,550,15,propose b
proposed freeways sydney,3,1,550,15,propose free
proposed online safety bill,4,1,550,15,propose online
proposed uk marriage law changes,5,1,550,15,propose u
proposed zoning changes auckland,4,1,550,15,propose z
proposing girl without confidence,4,1,550,6,propose girlfriend without
prudential online proposal form,4,1,550,15,online proposal f
research proposal makerere university,4,1,550,15,propose maker
virtual building plan,3,1,550,15,virtual proposal b
virtual game plan,3,1,550,12,virtual proposal g
virtual lesson plan example,4,1,550,15,virtual proposal l
virtual plan hacienda borde rio,5,1,550,11,virtual proposal h
virtual reality plan,3,1,550,12,virtual proposal r
virtual student plan,3,1,550,15,virtual proposal s
virtual university offer bscs,4,1,550,15,virtual proposal u
watch online business proposal,4,1,550,15,online proposal b
web design proposal template,4,1,550,15,online proposal d
web revisi proposal,3,1,550,11,online proposal r
what girlfriend want from boyfriend,5,1,550,8,what propose girlfriend
what proposal writing,3,1,550,8,what online proposal
what purpose does mosquitoes serve,5,1,550,15,what propose
what to do propose day,5,1,550,14,what propose day
when chandler proposes to monica,5,1,550,15,when propose
when is propose day in 2026 feb,7,1,550,15,is it propose day
when to propose a girl to be a girlfriend,9,1,550,6,when propose girlfriend
which day is happy propose day,6,1,550,10,which propose day
which proposes synonym,3,1,550,15,which propose
who proposed first girl or boy,6,1,550,5,who propose girlfriend
who proposed vital force theory,5,1,550,15,who propose
why did anthony propose to edwina,6,1,550,15,why propose
