suggestion,words,markets,markets_hit,total_prefix_hits,max_relevance
miss you quotes,3,gb-en in-en in-hi us-en,4,13,1251
miss you in spanish,4,gb-en in-en in-hi us-en,4,13,1250
miss you appa quotes in kannada,6,gb-en in-en in-hi us-en,4,12,1253
miss you love you,4,gb-en in-en in-hi us-en,4,10,1250
miss you in korean,4,gb-en in-en in-hi us-en,4,10,1150
te echo de menos frases,5,es-es,1,9,1251
te echo de menos letra,5,es-es,1,9,1251
te echo de menos serie,5,es-es,1,9,1251
te echo de menos cancion,5,es-es,1,9,1250
te echo de menos filmaffinity,5,es-es,1,9,1250
te echo de menos reparto,5,es-es,1,9,1250
miss you quotes for him,5,gb-en in-en in-hi us-en,4,9,1250
te echo de menos en ingles,6,es-es,1,9,1102
te echo de menos en catalan,6,es-es,1,9,1101
te echo de menos en italiano,6,es-es,1,9,1100
miss you quotes for her,5,gb-en in-en in-hi us-en,4,9,1050
miss you lyrics,3,gb-en in-en in-hi us-en,4,9,901
te echo de menos como se escribe,7,es-es,1,9,900
miss you quotes for husband,5,gb-en in-en in-hi us-en,4,9,900
miss you quotes for love,5,gb-en in-en in-hi us-en,4,9,800
miss you quotes for friends,5,gb-en in-en in-hi us-en,4,9,750
te echo de menos en frances,6,es-es,1,9,651
miss you oliver tree,4,gb-en in-en in-hi us-en,4,8,1251
miss you oliver tree lyrics,5,gb-en in-en in-hi us-en,4,8,1251
miss you song,3,gb-en in-en in-hi us-en,4,8,1251
miss you forever,3,gb-en in-en in-hi us-en,4,8,1251
miss you emoji,3,gb-en in-en in-hi us-en,4,8,1251
miss you in tamil,4,in-en in-hi,2,8,1251
miss you gif,3,gb-en in-en in-hi us-en,4,8,1250
miss you rolling stones,4,gb-en in-en in-hi us-en,4,8,1250
miss you appa quotes in english,6,gb-en in-en in-hi us-en,4,8,1250
miss you quotes in english,5,gb-en in-en in-hi,3,8,1250
miss you in kannada,4,in-en in-hi,2,8,1250
miss you in french,4,gb-en in-en in-hi us-en,4,8,900
miss you quotes in hindi,5,gb-en in-en in-hi,3,8,900
miss you without saying it,5,gb-en in-en in-hi us-en,4,8,601
i miss you in korean,5,in-en us-en,2,8,601
i miss you without sounding desperate,6,gb-en in-en in-hi us-en,4,8,600
miss you quotes for him long distance,7,gb-en in-en in-hi us-en,4,8,558
miss you papa,3,gb-en in-en in-hi,3,7,1254
i miss you quotes,4,in-en in-hi us-en,3,7,1252
te echo de menos netflix,5,es-es,1,7,1250
te echo de menos que significa,6,es-es,1,7,1250
miss you quotes short,4,gb-en in-en in-hi us-en,4,7,1250
i miss you in spanish,5,in-en us-en,2,7,1250
miss you movie,3,gb-en in-en in-hi,3,7,1100
miss you quotes in kannada,5,in-en in-hi,2,7,1100
te echo de menos significado,5,es-es,1,7,601
te extraño en frances,4,es-es mx-es,2,7,601
how i miss you quotes,5,gb-en in-en in-hi us-en,4,7,601
why i miss you quotes for her,7,gb-en in-en in-hi us-en,4,7,601
i miss you without actually saying it,7,gb-en in-en in-hi us-en,4,7,601
miss na miss kita lyrics,5,ph-en,1,7,600
miss you in japanese,4,gb-en in-en in-hi us-en,4,7,560
miss you quotes for best friend,6,in-en in-hi,2,7,559
miss you quotes for wife,5,in-en in-hi,2,7,557
miss you appa,3,gb-en in-en in-hi us-en,4,6,1254
te extraño pero sacale las dos primeras letras,8,es-es mx-es,2,6,1252
miss you after goodbye,4,gb-en in-en in-hi us-en,4,6,1252
miss you lot meaning in kannada,6,in-en in-hi,2,6,1252
te extraño frases,3,es-es mx-es,2,6,1251
te extraño mas que nunca,5,es-es mx-es,2,6,1251
te extraño te olvido te amo,6,es-es mx-es,2,6,1251
miss you already,3,gb-en us-en,2,6,1251
miss you dad,3,gb-en in-en in-hi us-en,4,6,1251
miss you meme,3,gb-en us-en,2,6,1251
i miss you so much,5,in-en us-en,2,6,1251
i miss you lyrics,4,in-en us-en,2,6,1251
te extraño luis miguel,4,es-es mx-es,2,6,1250
te extraño mucho,3,es-es mx-es,2,6,1250
te extraño en silencio,4,es-es mx-es,2,6,1250
miss you dad quotes,4,gb-en in-en in-hi us-en,4,6,1250
miss you bestie quotes,4,gb-en in-en in-hi us-en,4,6,1250
why i miss you so much,6,gb-en in-en in-hi us-en,4,6,1250
how i miss you meaning,5,gb-en in-en in-hi us-en,4,6,1250
te extraño en italiano,4,es-es mx-es,2,6,1000
i miss you in french,5,in-en us-en,2,6,750
how i miss you so,5,gb-en in-en in-hi us-en,4,6,702
скучаю по тебе смотреть онлайн,5,ru-ru,1,6,650
miss kita pag tuesday lyrics,5,ph-en,1,6,603
can i miss you meaning,5,gb-en in-en in-hi us-en,4,6,601
how i miss you lyrics,5,gb-en in-en in-hi us-en,4,6,601
miss you meaning in kannada,5,in-en in-hi,2,6,601
miss you quotes in hindi english,6,in-en in-hi,2,6,601
we miss you template,4,gb-en in-en in-hi us-en,4,6,600
miss you meaning in hindi,5,in-en in-hi,2,6,600
is miss you so much,5,gb-en in-en in-hi us-en,4,6,560
i miss you in japanese,5,in-en us-en,2,6,560
is miss you baby,4,gb-en in-en in-hi us-en,4,6,559
why i miss you meaning in urdu,7,gb-en in-en in-hi us-en,4,6,559
is miss you blink 182,5,gb-en in-en in-hi us-en,4,6,558
we will miss you template,5,gb-en in-en in-hi us-en,4,6,558
is miss you by oliver tree,6,gb-en in-en in-hi us-en,4,6,557
why i miss you more,5,gb-en in-en in-hi us-en,4,6,556
miss you quotes for sister,5,in-en in-hi,2,6,556
why i miss you meaning in bengali,7,gb-en in-en in-hi us-en,4,6,554
miss you appa quotes,4,gb-en in-en in-hi us-en,4,5,1252
te extraño mas que nunca y no se que hacer,10,es-es mx-es,2,5,1251
miss you shayari,3,in-en in-hi,2,5,1251
miss kita in bisaya,4,ph-en,1,5,1251
miss you freestyle skrapz lyrics,5,gb-en in-en in-hi us-en,4,5,1250
miss you online shopping,4,gb-en in-en in-hi us-en,4,5,1250
miss you forever meaning in hindi,6,gb-en in-en in-hi,3,5,1250
is it miss you or missing you,7,gb-en in-en in-hi us-en,4,5,1250
kangen kamu juga bahasa inggris,5,id-id,1,5,1250
miss kita lyrics,3,ph-en,1,5,1250
miss you uncle quotes,4,gb-en in-en in-hi us-en,4,5,1100
miss you like crazy,4,gb-en us-en,2,5,900
miss you appa quotes in tamil,6,gb-en in-en in-hi us-en,4,5,900
kangen kamu sayang bahasa inggris,5,id-id,1,5,700
miss you forever in hindi,5,gb-en in-en in-hi,3,5,603
miss you love you movie,5,gb-en us-en,2,5,601
i miss you online message,5,gb-en in-en us-en,3,5,601
miss you in hindi,4,in-en in-hi,2,5,601
miss you lyrics oliver tree,5,gb-en in-en in-hi us-en,4,5,600
do i miss you,4,gb-en in-en us-en,3,5,600
miss you brother quotes after death,6,gb-en in-en in-hi us-en,4,5,600
when you miss him quotes,5,gb-en in-en in-hi us-en,4,5,600
why you miss someone quotes,5,gb-en in-en in-hi us-en,4,5,600
how i miss you song,5,gb-en in-en in-hi us-en,4,5,600
do i miss you at the party,7,gb-en in-en us-en,3,5,562
do i miss you count the stars,7,gb-en in-en us-en,3,5,561
i miss you no matlab,5,gb-en in-en us-en,3,5,561
will i miss you,4,gb-en in-en us-en,3,5,560
miss you uncle quotes in english,6,gb-en in-en in-hi us-en,4,5,560
miss you love you cast,5,gb-en us-en,2,5,559
do i miss you meaning,5,gb-en in-en us-en,3,5,559
miss you love you review,5,gb-en us-en,2,5,558
will i miss you meaning in hindi,7,gb-en in-en us-en,3,5,558
why i miss you so much meaning in hindi,9,gb-en in-en us-en,3,5,558
will i miss you for the rest of my life lyrics,11,gb-en in-en us-en,3,5,557
do i miss you meaning in hindi,7,gb-en in-en us-en,3,5,556
is miss your face,4,gb-en in-en us-en,3,5,556
miss you lyrics blink 182,5,gb-en us-en,2,5,555
is miss you after goodbye a movie,7,gb-en in-en us-en,3,5,555
shall i miss you,4,gb-en in-en us-en,3,5,555
is miss your warm hands,5,gb-en in-en us-en,3,5,554
will i miss you meaning in urdu,7,gb-en in-en us-en,3,5,554
do i miss you too,5,gb-en in-en us-en,3,5,553
is miss you im sorry lyrics,6,gb-en in-en us-en,3,5,553
when you miss friends quotes,5,gb-en in-en in-hi us-en,4,5,553
why i miss you in tagalog,6,gb-en in-en us-en,3,5,553
is miss you love,4,gb-en in-en us-en,3,5,552
miss you bestie,3,gb-en in-en in-hi us-en,4,4,1252
te extraño letra,3,es-es mx-es,2,4,1251
te extraño ricky martin,4,es-es mx-es,2,4,1251
te extraño ingles,3,es-es mx-es,2,4,1251
miss you blink 182,4,gb-en us-en,2,4,1251
miss you card,3,gb-en in-en in-hi us-en,4,4,1251
miss you video,3,gb-en in-en in-hi us-en,4,4,1251
miss you best friend,4,gb-en in-en in-hi us-en,4,4,1251
miss you free fire,4,gb-en in-en in-hi us-en,4,4,1251
miss you appa kannada,4,gb-en in-en in-hi us-en,4,4,1251
i miss you in tamil,5,in-en,1,4,1251
i miss you forever,4,in-en us-en,2,4,1251
miss you papa shayari in hindi,6,in-en in-hi,2,4,1251
i miss you blink 182 lyrics,6,in-en us-en,2,4,1251
mi manchi in inglese,4,it-it,1,4,1251
mi manchi paky,3,it-it,1,4,1251
ik mis je in het frans,6,nl-nl,1,4,1251
miss kita frank ely,4,ph-en,1,4,1251
saudades mil,2,br-pt,1,4,1250
te extraño en ingles,4,es-es,1,4,1250
te extraño significado,3,es-es mx-es,2,4,1250
te extraño te amo pelicula,5,es-es mx-es,2,4,1250
tu me manques guide des épisodes,6,fr-fr,1,4,1250
miss you nights,3,gb-en us-en,2,4,1250
how miss you my love,5,gb-en in-en in-hi us-en,4,4,1250
miss you template capcut,4,gb-en in-en in-hi us-en,4,4,1250
miss you too,3,gb-en in-en in-hi us-en,4,4,1250
miss you uncle,3,gb-en in-en in-hi us-en,4,4,1250
miss you with all my heart,6,gb-en in-en in-hi us-en,4,4,1250
miss you zubeen da,4,gb-en in-en in-hi us-en,4,4,1250
miss you with emoji,4,gb-en in-en in-hi us-en,4,4,1250
miss you after the apocalypse,5,gb-en in-en in-hi us-en,4,4,1250
miss you yaar,3,gb-en in-en in-hi us-en,4,4,1250
miss you free fire name,5,gb-en in-en in-hi us-en,4,4,1250
miss you guys,3,gb-en in-en in-hi us-en,4,4,1250
kangen kamu evie tamala,4,id-id,1,4,1250
kangen kamu sungguh hati bicara,5,id-id,1,4,1250
i miss you in malayalam,5,in-en,1,4,1250
i miss you papa,4,in-en us-en,2,4,1250
i miss you without saying it,6,in-en us-en,2,4,1250
i miss you blink 182,5,in-en us-en,2,4,1250
i miss you gif,4,in-en us-en,2,4,1250
mi manchi in spagnolo,4,it-it,1,4,1250
mi manchi pooh,3,it-it,1,4,1250
miss kita frank ely chords,5,ph-en,1,4,1250
miss kita pag tuesday,4,ph-en,1,4,1250
скучаю по тебе или за тобой,6,ru-ru,1,4,1250
скучаю по тебе сериал,4,ru-ru,1,4,1250
seni özledim ingilizce,3,tr-tr,1,4,1250
te extraño intocable,3,es-es mx-es,2,4,1200
miss you best friend quotes,5,gb-en in-en in-hi us-en,4,4,1200
miss you zindagi,3,gb-en in-en in-hi us-en,4,4,1200
i miss you in kannada,5,in-en,1,4,1150
miss you forever quotes,4,gb-en in-en in-hi,3,4,1100
how miss you my love lyrics,6,gb-en in-en in-hi us-en,4,4,1100
miss you everyday,3,gb-en in-en in-hi us-en,4,4,1100
i miss you too in spanish,6,in-en us-en,2,4,1100
miss kita j brothers lyrics,5,ph-en,1,4,1052
miss you images,3,gb-en in-en in-hi us-en,4,4,1050
miss you very much,4,gb-en in-en in-hi us-en,4,4,1000
miss you with lyrics,4,gb-en in-en in-hi us-en,4,4,1000
miss you free gif,4,gb-en in-en in-hi us-en,4,4,950
miss you so much,4,gb-en in-en in-hi us-en,4,4,900
miss you appa kannada kavanagalu,5,gb-en in-en in-hi us-en,4,4,900
te extraño en silencio letra,5,mx-es,1,4,900
miss you words,3,gb-en in-en in-hi us-en,4,4,851
miss you zubeen da in assamese,6,gb-en in-en in-hi us-en,4,4,850
aku rindu kamu bahasa mandarin,5,id-id,1,4,802
miss you with robin schulz,5,gb-en in-en in-hi us-en,4,4,800
miss you dearly meaning,4,gb-en in-en in-hi us-en,4,4,752
miss you with flowers,4,gb-en in-en in-hi us-en,4,4,751
miss you daddy,3,gb-en in-en in-hi us-en,4,4,751
te extraño en catalan,4,es-es,1,4,750
miss you with every bullet meaning,6,gb-en in-en in-hi us-en,4,4,750
i miss you in telugu,5,in-en,1,4,750
te extraño en silencio letra grupo firme,7,mx-es,1,4,750
te extraño mas que nunca letra,6,es-es mx-es,2,4,700
miss you best friend shayari,5,gb-en in-en in-hi us-en,4,4,700
скучаю по тебе своими словами,5,ru-ru,1,4,651
اشتقت اليك بالانجليزي,3,sa-ar,1,4,651
miss you in italian,4,gb-en us-en,2,4,650
miss you bestie images,4,gb-en in-en in-hi us-en,4,4,650
mi manchi in francese,4,it-it,1,4,650
te extraño en silencio grupo firme,6,mx-es,1,4,650
miss you online shopping app,5,gb-en in-en in-hi us-en,4,4,602
miss you zai1k,3,gb-en in-en in-hi us-en,4,4,602
miss you yaar meaning in hindi,6,gb-en in-en in-hi us-en,4,4,602
miss you forever meaning,4,gb-en in-en in-hi us-en,4,4,602
kangen kamu bahasa jawa,4,id-id,1,4,602
miss kita pag tuesday chords,5,ph-en,1,4,602
sinto sua falta em italiano,5,br-pt,1,4,601
te echo de menos,4,es-es,1,4,601
te extraño en guarani,4,es-es,1,4,601
te extraño infinitamente,3,es-es mx-es,2,4,601
te extraño inmensamente,3,es-es mx-es,2,4,601
is it miss you too or to,7,gb-en in-en in-hi us-en,4,4,601
miss you 2026 song,4,gb-en in-en in-hi us-en,4,4,601
miss you already movie,4,gb-en in-en in-hi us-en,4,4,601
miss you meaning,3,gb-en in-en in-hi us-en,4,4,601
miss you meme template,4,gb-en in-en in-hi us-en,4,4,601
miss you online order,4,gb-en in-en in-hi us-en,4,4,601
miss you song lyrics,4,gb-en in-en in-hi us-en,4,4,601
miss you urdu,3,gb-en in-en in-hi us-en,4,4,601
miss you with gaffar,4,gb-en in-en in-hi us-en,4,4,601
miss you xxl,3,gb-en in-en in-hi us-en,4,4,601
miss you zoom background,4,gb-en in-en in-hi us-en,4,4,601
what miss you ain't pass you,6,gb-en in-en in-hi us-en,4,4,601
when you miss someone quotes,5,gb-en in-en in-hi us-en,4,4,601
who miss you meaning in hindi,6,gb-en in-en in-hi us-en,4,4,601
why miss you meaning in hindi,6,gb-en in-en in-hi us-en,4,4,601
miss you xoxo meaning,4,gb-en in-en in-hi us-en,4,4,601
miss you yaaro,3,gb-en in-en in-hi us-en,4,4,601
miss you free images,4,gb-en in-en in-hi us-en,4,4,601
miss you brother,3,gb-en in-en in-hi us-en,4,4,601
miss you zai1k lyrics,4,gb-en in-en in-hi us-en,4,4,601
miss you best friend shayari in english,7,gb-en in-en in-hi us-en,4,4,601
miss you until we meet again,6,gb-en in-en in-hi us-en,4,4,601
miss you guys meaning,4,gb-en in-en in-hi us-en,4,4,601
which is miss you emoji,5,gb-en in-en in-hi us-en,4,4,601
miss you all,3,gb-en in-en in-hi us-en,4,4,601
miss you appa status,4,gb-en in-en in-hi us-en,4,4,601
miss you zubeen da quotes,5,gb-en in-en in-hi us-en,4,4,601
aku rindu kamu bahasa jawa,5,id-id,1,4,601
aku rindu kamu meaning in english,6,id-id,1,4,601
i miss you in hindi,5,in-en,1,4,601
i miss you im sorry,5,in-en us-en,2,4,601
someone you miss,3,in-hi,1,4,601
скучаю по тебе сериал смотреть,5,ru-ru,1,4,601
seni özledim mesajına verilecek cevaplar,5,tr-tr,1,4,601
how's you miss meaning in hindi,6,gb-en in-en in-hi us-en,4,4,600
miss you bestie caption,4,gb-en in-en in-hi us-en,4,4,600
miss you my love,4,gb-en in-en in-hi us-en,4,4,600
miss you online download,4,gb-en in-en in-hi us-en,4,4,600
miss you zuchu,3,gb-en in-en in-hi us-en,4,4,600
when you miss me,4,gb-en in-en in-hi us-en,4,4,600
who miss you meaning in urdu,6,gb-en in-en in-hi us-en,4,4,600
why miss you quotes,4,gb-en in-en in-hi us-en,4,4,600
miss you urdu meaning,4,gb-en in-en in-hi us-en,4,4,600
miss you yaar shayari,4,gb-en in-en in-hi us-en,4,4,600
miss you yaar in hindi,5,gb-en in-en in-hi us-en,4,4,600
miss you bestie message,4,gb-en in-en in-hi us-en,4,4,600
miss you quotes in marathi,5,gb-en in-hi,2,4,600
miss you grandma,3,gb-en in-en in-hi us-en,4,4,600
i miss you meaning,4,in-en us-en,2,4,600
miss you in malayalam,4,in-en in-hi,2,4,600
that i miss you lyrics,5,in-en us-en,2,4,600
miss na miss kita meaning,5,ph-en,1,4,600
скучаю по тебе смс,4,ru-ru,1,4,600
اشتقت اليك meaning in english,5,sa-ar,1,4,600
i miss you in italian,5,us-en,1,4,600
miss you x meaning,4,gb-en in-en in-hi us-en,4,4,562
what miss you in hindi,5,gb-en in-en in-hi us-en,4,4,562
why miss you in hindi,5,gb-en in-en in-hi us-en,4,4,562
who you miss meaning in bengali,6,gb-en in-en in-hi us-en,4,4,562
miss you online app,4,gb-en in-en in-hi us-en,4,4,562
miss you day 2026,4,gb-en in-en in-hi us-en,4,4,562
miss you a lot meaning in hindi,7,in-en in-hi,2,4,562
miss you card template,4,gb-en in-en in-hi us-en,4,4,561
miss you xxl lyrics,4,gb-en in-en in-hi us-en,4,4,561
what miss you after goodbye,5,gb-en in-en in-hi us-en,4,4,561
when you miss her quotes,5,gb-en in-en in-hi us-en,4,4,561
why you miss me,4,gb-en in-en in-hi us-en,4,4,561
miss you lyrics rolling stones,5,gb-en us-en,2,4,561
that i miss you chords,5,in-en us-en,2,4,561
te extraño indirectas frases,4,es-es mx-es,2,4,560
how you miss me,4,gb-en in-en in-hi us-en,4,4,560
miss you papa template,4,gb-en in-en in-hi us-en,4,4,560
miss you uncle ji,4,gb-en in-en in-hi us-en,4,4,560
miss you xoxo,3,gb-en in-en in-hi us-en,4,4,560
what miss you like crazy,5,gb-en in-en in-hi us-en,4,4,560
when you miss me meaning in hindi,7,gb-en in-en in-hi us-en,4,4,560
why you miss me meaning in hindi,7,gb-en in-en in-hi us-en,4,4,560
miss you xxl meaning,4,gb-en in-en in-hi us-en,4,4,560
miss you yrr,3,gb-en in-en in-hi us-en,4,4,560
miss you yaad shayari,4,gb-en in-en in-hi us-en,4,4,560
who you miss meaning in telugu,6,gb-en in-en in-hi us-en,4,4,560
kangen kamu bahasa inggris gaul,5,id-id,1,4,560
that i miss you song,5,in-en us-en,2,4,560
miss you in portuguese,4,gb-en us-en,2,4,559
how you miss me meaning in hindi,7,gb-en in-en in-hi us-en,4,4,559
miss you capcut template trend,5,gb-en in-en in-hi us-en,4,4,559
miss you gif romantic,4,gb-en in-en in-hi us-en,4,4,559
when you miss a friend,5,gb-en in-en in-hi us-en,4,4,559
what you miss about me,5,gb-en in-en in-hi us-en,4,4,559
miss you free fire shayari,5,gb-en in-en in-hi us-en,4,4,559
miss you yrr meaning in hindi,6,gb-en in-en in-hi us-en,4,4,559
who you miss meaning in malayalam,6,gb-en in-en in-hi us-en,4,4,559
miss you baby,3,gb-en in-en in-hi us-en,4,4,559
miss you in tamil meaning,5,in-en in-hi,2,4,559
that i miss you in hindi,6,in-en us-en,2,4,559
how you miss 100 shots,5,gb-en in-en in-hi us-en,4,4,558
miss you dad template,4,gb-en in-en in-hi us-en,4,4,558
miss you freestyle,3,gb-en in-en in-hi us-en,4,4,558
miss you uncle messages,4,gb-en in-en in-hi us-en,4,4,558
miss you xori,3,gb-en in-en in-hi us-en,4,4,558
miss you online wala,4,gb-en in-en in-hi us-en,4,4,558
what you miss meaning in hindi,6,gb-en in-en in-hi us-en,4,4,558
miss you quotes in tamil,5,gb-en in-hi,2,4,558
miss you free fire nickname,5,gb-en in-en in-hi us-en,4,4,558
make them miss you without chasing,6,gb-en in-en in-hi us-en,4,4,558
kangen kamu bahasa madura,4,id-id,1,4,558
that i miss you so much,6,in-en us-en,2,4,558
i miss you in german,5,in-en us-en,2,4,558
miss you in german,4,gb-en us-en,2,4,557
miss you app download,4,gb-en in-en in-hi us-en,4,4,557
miss you bhai template,4,gb-en in-en in-hi us-en,4,4,557
miss you with tears,4,gb-en in-en in-hi us-en,4,4,557
miss you xavier clyde,4,gb-en in-en in-hi us-en,4,4,557
miss you zuchu ft rayvanny,5,gb-en in-en in-hi us-en,4,4,557
when you miss meaning in hindi,6,gb-en in-en in-hi us-en,4,4,557
miss you best friend shayari in hindi,7,gb-en in-en in-hi us-en,4,4,557
miss you online karne wala,5,gb-en in-en in-hi us-en,4,4,557
what you miss me meaning in hindi,7,gb-en in-en in-hi us-en,4,4,557
miss you your voice,4,gb-en in-en in-hi us-en,4,4,557
miss you download,3,gb-en in-en in-hi us-en,4,4,557
kangen kamu banget bahasa inggris,5,id-id,1,4,557
miss you in numbers,4,in-en in-hi,2,4,557
that i miss you in tagalog,6,in-en us-en,2,4,557
miss kita in japanese,4,ph-en,1,4,557
te extraño en coreano,4,es-es mx-es,2,4,556
miss you freestyle skrapz,4,gb-en in-en in-hi us-en,4,4,556
miss you song template capcut,5,gb-en in-en in-hi us-en,4,4,556
miss you with roses,4,gb-en in-en in-hi us-en,4,4,556
miss you xora,3,gb-en in-en in-hi us-en,4,4,556
miss you zhang ruonan,4,gb-en in-en in-hi us-en,4,4,556
when you miss someone what to do,7,gb-en in-en in-hi us-en,4,4,556
miss you yaaro meaning in hindi,6,gb-en in-en in-hi us-en,4,4,556
miss you urdu shayari,4,gb-en in-en in-hi us-en,4,4,556
miss you free fire photo,5,gb-en in-en in-hi us-en,4,4,556
miss you in kannada meaning,5,in-en in-hi,2,4,556
that i miss you meaning in urdu,7,in-en us-en,2,4,556
miss kita in waray,4,ph-en,1,4,556
miss you in chinese,4,gb-en us-en,2,4,555
miss you free clip art,5,gb-en in-en in-hi us-en,4,4,555
miss you poster template,4,gb-en in-en in-hi us-en,4,4,555
miss you x shayari,4,gb-en in-en in-hi us-en,4,4,555
miss you zubeen garg,4,gb-en in-en in-hi us-en,4,4,555
what you miss meaning,4,gb-en in-en in-hi us-en,4,4,555
miss you best friend quotes in english,7,gb-en in-en in-hi us-en,4,4,555
miss you too meaning,4,gb-en in-en in-hi us-en,4,4,555
miss you appa images,4,gb-en in-en in-hi us-en,4,4,555
miss you 2024,3,in-en in-hi,2,4,555
that i miss you meaning,5,in-en us-en,2,4,555
miss you already meaning,4,gb-en in-en us-en,3,4,554
miss you in arabic,4,gb-en us-en,2,4,554
miss you card online,4,gb-en in-en in-hi us-en,4,4,554
miss you papa template capcut,5,gb-en in-en in-hi us-en,4,4,554
miss you with love,4,gb-en in-en in-hi us-en,4,4,554
miss you x better off alone,6,gb-en in-en in-hi us-en,4,4,554
what you miss about a man,6,gb-en in-en in-hi us-en,4,4,554
when you miss bro,4,gb-en in-en in-hi us-en,4,4,554
miss you yara,3,gb-en in-en in-hi us-en,4,4,554
that i miss you in spanish,6,in-en us-en,2,4,554
miss you freestyle lyrics,4,gb-en in-en in-hi us-en,4,4,553
miss you mom template,4,gb-en in-en in-hi us-en,4,4,553
miss you with me,4,gb-en in-en in-hi us-en,4,4,553
miss you xo,3,gb-en in-en in-hi us-en,4,4,553
miss you yaaro in hindi,5,gb-en in-en in-hi us-en,4,4,553
miss you zindagi shayari,4,gb-en in-en in-hi us-en,4,4,553
who is miss you by oliver tree about,8,gb-en in-en in-hi us-en,4,4,553
what is miss you by oliver tree about,8,gb-en in-en in-hi us-en,4,4,553
miss you in other languages,5,in-en in-hi,2,4,553
اشتقت إليك meaning in english,5,sa-ar,1,4,553
miss you card template free,5,gb-en in-en in-hi us-en,4,4,552
miss you urdu mein,4,gb-en in-en in-hi us-en,4,4,552
miss you with numbers,4,gb-en in-en in-hi us-en,4,4,552
miss you x memories,4,gb-en in-en in-hi us-en,4,4,552
miss you year,3,gb-en in-en in-hi us-en,4,4,552
miss you zindagi in hindi,5,gb-en in-en in-hi us-en,4,4,552
when you miss mom,4,gb-en in-en in-hi us-en,4,4,552
miss you in telugu,4,in-en in-hi,2,4,552
miss you quotes for brother,5,in-hi,1,4,552
miss you 3000,3,gb-en in-en in-hi us-en,4,4,551
why we miss you,4,gb-en in-en in-hi us-en,4,4,551
when you miss a man,5,gb-en in-en in-hi us-en,4,4,551
miss you in korean language,5,in-en in-hi,2,4,551
miss you bhai capcut template,5,gb-en in-en in-hi us-en,4,4,550
i miss you appa quotes,5,in-en us-en,2,3,1254
i miss you appa,4,in-en us-en,2,3,1253
ich vermisse dich lied,4,de-de,1,3,1252
i miss you appa quotes kannada short,7,in-en us-en,2,3,1252
mi manchi aka seven,4,it-it,1,3,1252
ik mis je gijs,4,nl-nl,1,3,1252
ik mis je zo,4,nl-nl,1,3,1252
saudades eternas,2,br-pt,1,3,1251
saudades fm,2,br-pt,1,3,1251
sinto sua falta depois do adeus,6,br-pt,1,3,1251
sinto sua falta em inglês,5,br-pt,1,3,1251
sinto sua falta não posso esperar tanto tempo assim,9,br-pt,1,3,1251
sinto sua falta skank,4,br-pt,1,3,1251
ich vermisse dich bilder,4,de-de,1,3,1251
ich vermisse dich harlan coben,5,de-de,1,3,1251
ich vermisse dich netflix,4,de-de,1,3,1251
ich vermisse dich sprüche,4,de-de,1,3,1251
tu me manques harlan coben,5,fr-fr,1,3,1251
tu me manques tellement,4,fr-fr,1,3,1251
miss you husband,3,gb-en in-en in-hi,3,3,1251
aku rindu kamu sayang bahasa inggris,6,id-id,1,3,1251
aku rindu kamu yang dulu bahasa inggris,7,id-id,1,3,1251
i miss you appa quotes from daughter,7,in-en us-en,2,3,1251
i miss you bestie,4,in-en us-en,2,3,1251
i miss you forever meaning in hindi,7,in-en us-en,2,3,1251
mi manchi testo,3,it-it,1,3,1251
会いたい 歌詞,2,jp-ja,1,3,1251
会いたい 沢田知可子,2,jp-ja,1,3,1251
보고싶다 가사,2,kr-ko,1,3,1251
보고싶다 친구야,2,kr-ko,1,3,1251
ik mis je gedicht,4,nl-nl,1,3,1251
ik mis je lieverd,4,nl-nl,1,3,1251
ik mis je npo,4,nl-nl,1,3,1251
ik mis je quotes,4,nl-nl,1,3,1251
ik mis je zo graag,5,nl-nl,1,3,1251
tesknie za toba opinie,4,pl-pl,1,3,1251
tesknie za toba po pozegnaniu,5,pl-pl,1,3,1251
tęsknię za tobą tekst piosenki,5,pl-pl,1,3,1251
tęsknię za tobą żydzie,4,pl-pl,1,3,1251
скучаю по тебе в прозе,5,ru-ru,1,3,1251
скучаю по тебе люблю тебя,5,ru-ru,1,3,1251
скучаю по тебе на английском,5,ru-ru,1,3,1251
скучаю по тебе песня,4,ru-ru,1,3,1251
saudades em ingles,3,br-pt,1,3,1250
saudades ou saudade,3,br-pt,1,3,1250
saudades pai,2,br-pt,1,3,1250
saudades sc,2,br-pt,1,3,1250
saudades te amo filme,4,br-pt,1,3,1250
sinto sua falta cifra,4,br-pt,1,3,1250
sinto sua falta depois do adeus completo,7,br-pt,1,3,1250
sinto sua falta em espanhol,5,br-pt,1,3,1250
sinto sua falta ferrugem,4,br-pt,1,3,1250
sinto sua falta grupo introdução cifra,6,br-pt,1,3,1250
sinto sua falta letra,4,br-pt,1,3,1250
sinto sua falta serie,4,br-pt,1,3,1250
ich vermisse dich besetzung,4,de-de,1,3,1250
ich vermisse dich französisch,4,de-de,1,3,1250
ich vermisse dich harlan coben netflix,6,de-de,1,3,1250
ich vermisse dich serie,4,de-de,1,3,1250
te echo de menos kiko veneno,6,es-es,1,3,1250
te echo de menos o te hecho de menos,9,es-es,1,3,1250
te extraño papa,3,es-es mx-es,2,3,1250
tu me manques beaucoup,4,fr-fr,1,3,1250
tu me manques chanson,4,fr-fr,1,3,1250
tu me manques distribution,4,fr-fr,1,3,1250
tu me manques harlan coben netflix,6,fr-fr,1,3,1250
tu me manques netflix,4,fr-fr,1,3,1250
tu me manques serie,4,fr-fr,1,3,1250
tu me manques tellement j'ai besoin de toi,8,fr-fr,1,3,1250
miss you vs missing you,5,gb-en in-en in-hi,3,3,1250
miss you jaan,3,gb-en in-en in-hi,3,3,1250
miss you husband quotes,4,gb-en in-en in-hi,3,3,1250
miss you for the rest of my life,8,gb-en us-en,2,3,1250
miss you reply,3,gb-en in-en in-hi,3,3,1250
aku rindu kamu bahasa inggrisnya,5,id-id,1,3,1250
aku rindu kamu jadi satu,5,id-id,1,3,1250
aku rindu kamu lirik,4,id-id,1,3,1250
kangen kamu bahasa inggris,4,id-id,1,3,1250
kangen kamu lirik,3,id-id,1,3,1250
kangen kamu yang dulu bahasa inggris,6,id-id,1,3,1250
i miss you appa quotes kannada,6,in-en us-en,2,3,1250
i miss you quotes for husband long distance,8,in-en in-hi us-en,3,3,1250
i miss you too,4,in-en us-en,2,3,1250
i miss you with all my heart,7,in-en us-en,2,3,1250
i miss you quotes for her,6,in-en in-hi us-en,3,3,1250
miss you का मतलब,4,in-hi,1,3,1250
mi manchi accordi,3,it-it,1,3,1250
mi manchi canzone,3,it-it,1,3,1250
mi manchi fausto leali,4,it-it,1,3,1250
mi manchi tanto,3,it-it,1,3,1250
会いたい って聞かれた時の返し方,2,jp-ja,1,3,1250
会いたい 中国語,2,jp-ja,1,3,1250
会いたい 英語,2,jp-ja,1,3,1250
会いたい 韓国語,2,jp-ja,1,3,1250
보고싶다 bts,2,kr-ko,1,3,1250
보고싶다 ost,2,kr-ko,1,3,1250
보고싶다 노래,2,kr-ko,1,3,1250
보고싶다 드라마,2,kr-ko,1,3,1250
보고싶다 보고 싶다,3,kr-ko,1,3,1250
보고싶다 일본어로,2,kr-ko,1,3,1250
보고싶다 중국어로,2,kr-ko,1,3,1250
보고싶다 코드,2,kr-ko,1,3,1250
ik mis je eo,4,nl-nl,1,3,1250
ik mis je gemist vandaag,5,nl-nl,1,3,1250
ik mis je nu al,5,nl-nl,1,3,1250
ik mis je quotes liefde,5,nl-nl,1,3,1250
ik mis je zus gedichten,5,nl-nl,1,3,1250
miss kita chords,3,ph-en,1,3,1250
miss kita in tagalog,4,ph-en,1,3,1250
miss kita karaoke,3,ph-en,1,3,1250
miss kita song,3,ph-en,1,3,1250
tesknie za toba aqua,4,pl-pl,1,3,1250
tęsknię za tobą coben,4,pl-pl,1,3,1250
tęsknie za tobą gif,4,pl-pl,1,3,1250
tęsknię za tobą ile odcinków,5,pl-pl,1,3,1250
tesknie za toba netflix,4,pl-pl,1,3,1250
tęsknię za tobą obsada,4,pl-pl,1,3,1250
tęsknię za tobą piosenka,4,pl-pl,1,3,1250
tęsknię za tobą serial,4,pl-pl,1,3,1250
tesknie za toba vider,4,pl-pl,1,3,1250
скучаю по тебе в ролях,5,ru-ru,1,3,1250
скучаю по тебе картинки,4,ru-ru,1,3,1250
скучаю по тебе любимый,4,ru-ru,1,3,1250
seni özledim şiir,3,tr-tr,1,3,1250
i miss you meme,4,us-en,1,3,1250
i miss you songs,4,us-en,1,3,1250
sinto sua falta significado,4,br-pt,1,3,1201
tu me manques en anglais,5,fr-fr,1,3,1201
sinto sua falta sinto frio e a solidão,8,br-pt,1,3,1200
ich vermisse dich in zahlen,5,de-de,1,3,1200
tu me manques en espagnol,5,fr-fr,1,3,1200
miss you wallpaper,3,in-en in-hi us-en,3,3,1200
mi manchi come l'aria,4,it-it,1,3,1200
mi manchi cornaredo,3,it-it,1,3,1150
miss kita in ilocano,4,ph-en,1,3,1150
sinto sua falta filme,4,br-pt,1,3,1100
보고싶다 영어로,2,kr-ko,1,3,1100
miss kita j brothers chords,5,ph-en,1,3,1051
i miss you for him,5,in-en us-en,2,3,1050
скучаю по тебе текст,4,ru-ru,1,3,1050
kangen kamu bahasa jepang,4,id-id,1,3,1000
miss kita in bicol,4,ph-en,1,3,1000
miss kita platinum number,4,ph-en,1,3,1000
i miss you dad i am very broken song lyrics,10,in-en,1,3,950
miss kita karaoke number,4,ph-en,1,3,950
tesknie za toba po ang,5,pl-pl,1,3,950
te extraño extraño,3,mx-es,1,3,901
aku rindu kamu bahasa korea,5,id-id,1,3,900
miss kita lyrics frank ely,5,ph-en,1,3,851
скучаю по тебе видео,4,ru-ru,1,3,851
miss you film,3,gb-en in-en in-hi,3,3,850
miss you jaan shayari,4,gb-en in-en in-hi,3,3,850
보고싶다 옥타브,2,kr-ko,1,3,850
miss kita in ilonggo,4,ph-en,1,3,850
скучаю по тебе вк,4,ru-ru,1,3,850
скучаю по тебе люблю тебя фильм,6,ru-ru,1,3,850
aku rindu kamu bahasa arab,5,id-id,1,3,801
ich vermisse dich so sehr,5,de-de,1,3,800
tu me manques en italien,5,fr-fr,1,3,800
aku rindu kamu bahasa jepang,5,id-id,1,3,800
miss you very much meaning in hindi,7,gb-en in-en in-hi,3,3,754
miss you very badly,4,gb-en in-en in-hi,3,3,751
saudades em espanhol,3,br-pt,1,3,750
sinto sua falta em francês,5,br-pt,1,3,750
aku rindu kamu doel sumbang,5,id-id,1,3,750
ik mis je gewoon,4,nl-nl,1,3,750
miss you brother quotes,4,gb-en in-en in-hi,3,3,700
miss you or missing you,5,gb-en in-en in-hi,3,3,700
mi manchi frasi in ricordo di una persona cara,9,it-it,1,3,700
i miss you a lot meaning in hindi,8,in-en,1,3,654
te echo de menos es con h o sin h,10,es-es,1,3,652
miss you photo,3,gb-en in-en in-hi,3,3,651
kangen kamu bahasa korea,4,id-id,1,3,651
ich vermisse dich spanisch,4,de-de,1,3,650
te echo de menos en euskera,6,es-es,1,3,650
tu me manques en portugais,5,fr-fr,1,3,650
miss you wife quotes,4,gb-en in-en in-hi,3,3,650
kangen kamu bahasa arab,4,id-id,1,3,650
i miss you forever and ever meaning in hindi,9,in-en us-en,2,3,650
miss kita in kapampangan,4,ph-en,1,3,650
ich vermisse dich auf türkisch,5,de-de,1,3,607
ich vermisse dich auf italienisch,5,de-de,1,3,605
saudades eternas ou saudades eterna,5,br-pt,1,3,602
tu me manques en arabe,5,fr-fr,1,3,602
miss you oliver tree original,5,gb-en in-en us-en,3,3,602
aku rindu kamu dalam bahasa cina,6,id-id,1,3,602
i miss you so much in spanish,7,us-en,1,3,602
saudades da minha terra,4,br-pt,1,3,601
tu me manques in swahili,5,fr-fr,1,3,601
how miss you in spanish,5,gb-en in-en us-en,3,3,601
miss u 2027,3,gb-en in-en us-en,3,3,601
miss you oliver tree original song,6,gb-en in-en us-en,3,3,601
that miss you,3,gb-en in-en us-en,3,3,601
miss you janu,3,gb-en in-en in-hi,3,3,601
miss you very badly meaning,5,gb-en in-en in-hi,3,3,601
miss you forever and ever meaning in hindi,8,gb-en in-en in-hi,3,3,601
kangen kamu bahasa mandarin,4,id-id,1,3,601
kangen kamu evie tamala lirik,5,id-id,1,3,601
i miss you meaning in hindi,6,in-en,1,3,601
i miss you forever in hindi,6,in-en us-en,2,3,601
i miss you forever meaning,5,in-en us-en,2,3,601
会いたい 曲,2,jp-ja,1,3,601
oliver 보고싶다 miss you,4,kr-ko,1,3,601
보고싶다 meaning in english,4,kr-ko,1,3,601
miss kita in arabic,4,ph-en,1,3,601
miss kita with lyrics,4,ph-en,1,3,601
скучаю по тебе в прозе мужчине,6,ru-ru,1,3,601
скучаю по тебе онлайн,4,ru-ru,1,3,601
seni ozledim arapca yazilisi,4,tr-tr,1,3,601
seni özledim diyen erkeğe cevap,5,tr-tr,1,3,601
seni özledim kürtçe ne demek,5,tr-tr,1,3,601
i miss you more than life,6,us-en,1,3,601
saudades de você,3,br-pt,1,3,600
ich vermisse dich auf russisch,5,de-de,1,3,600
te extraño otra forma de decir,6,es-es mx-es,2,3,600
te extraño ingles traductor,4,es-es mx-es,2,3,600
tu me manques in kinyarwanda,5,fr-fr,1,3,600
is it missing you already,5,gb-en in-en us-en,3,3,600
miss you already ending,4,gb-en in-en us-en,3,3,600
miss you not,3,gb-en in-en us-en,3,3,600
miss you sister,3,gb-en in-en in-hi,3,3,600
missing you 2026 tv series,5,gb-en in-en us-en,3,3,600
what's miss you in spanish,5,gb-en in-en us-en,3,3,600
where missing you filmed,4,gb-en in-en us-en,3,3,600
miss you papa quotes,4,gb-en in-en in-hi,3,3,600
miss you village in hindi,5,gb-en in-en in-hi,3,3,600
miss you forever meaning in telugu,6,gb-en in-en in-hi,3,3,600
aku rindu kamu bahasa sunda,5,id-id,1,3,600
kangen kamu bahasa sunda,4,id-id,1,3,600
darling i miss you 2026,5,in-en in-hi us-en,3,3,600
when i miss you quotes,5,in-en in-hi us-en,3,3,600
can i miss you song,5,in-en in-hi us-en,3,3,600
can i miss you artinya,5,in-en in-hi us-en,3,3,600
miss you love quotes,4,in-en in-hi,2,3,600
miss kita in english,4,ph-en,1,3,600
скучаю по тебе великобритания,4,ru-ru,1,3,600
seni ozledim ask sozleri,4,tr-tr,1,3,600
seni özledim kürtçe,3,tr-tr,1,3,600
saudades do que a gente não viveu,7,br-pt,1,3,562
miss you not meaning,4,gb-en in-en us-en,3,3,562
missing you 2026 movie,4,gb-en in-en us-en,3,3,562
who's missing you meaning,4,gb-en in-en us-en,3,3,562
miss you uncle quotes in marathi,6,gb-en in-hi us-en,3,3,562
i miss you meaning in kannada,6,in-en,1,3,562
sinto sua falta como se me faltasse um dente,9,br-pt,1,3,561
sinto sua falta em ingles como escrever,7,br-pt,1,3,561
tu me manques beaucoup in english,6,fr-fr,1,3,561
it is missing you in spanish,6,gb-en in-en us-en,3,3,561
missing you 2026 cast,4,gb-en in-en us-en,3,3,561
who's missing you in tagalog,5,gb-en in-en us-en,3,3,561
miss you uncle quotes in hindi,6,in-en in-hi,2,3,561
miss you maa shayari,4,in-en in-hi,2,3,561
saudades do tempo,3,br-pt,1,3,560
te extraño in english,4,es-es mx-es,2,3,560
tu me manques aussi in english,6,fr-fr,1,3,560
miss you no spelling,4,gb-en in-en us-en,3,3,560
missing you 2026 netflix,4,gb-en in-en us-en,3,3,560
who's missing you in hindi,5,gb-en in-en us-en,3,3,560
aku rindu kamu in tagalog,5,id-id,1,3,560
saudades de casa letra,4,br-pt,1,3,559
te extraño instagram,3,es-es mx-es,2,3,559
tu me manques déjà in english,6,fr-fr,1,3,559
i miss you free,4,gb-en in-en us-en,3,3,559
miss you no,3,gb-en in-en us-en,3,3,559
missing you 2026 imdb,4,gb-en in-en us-en,3,3,559
what's missing you about on netflix,6,gb-en in-en us-en,3,3,559
why you miss me in spanish,6,gb-en in-en us-en,3,3,559
miss you jaan stylish name,5,gb-en in-en in-hi,3,3,559
miss you emoji heart,4,in-en in-hi us-en,3,3,559
miss you emoji gif,4,in-en in-hi us-en,3,3,559
miss you quotes in english for best friend,8,in-hi,1,3,559
miss kita chords key of g,6,ph-en,1,3,559
miss kita karaoke with lyrics,5,ph-en,1,3,559
te extraño indio solari,4,es-es mx-es,2,3,558
miss you in thai,4,gb-en us-en,2,3,558
miss u 2026,3,gb-en in-en us-en,3,3,558
miss you not meaning in hindi,6,gb-en in-en us-en,3,3,558
miss you synonyms,3,gb-en in-en us-en,3,3,558
when you miss jury duty what happens,7,gb-en in-en us-en,3,3,558
who you miss meaning in tamil,6,gb-en in-en us-en,3,3,558
miss you grandma quotes,4,gb-en in-en in-hi,3,3,558
miss you ji,3,gb-en in-en in-hi,3,3,558
aku rindu kamu sayang in english,6,id-id,1,3,558
miss you nani quotes,4,in-en in-hi,2,3,558
miss you quotes in english for girlfriend,7,in-hi,1,3,558
보고싶다 meaning in hindi,4,kr-ko,1,3,558
miss kita frank ely ukulele chords,6,ph-en,1,3,558
miss kita kung christmas original singer,6,ph-en,1,3,558
скучаю по тебе в прозе девушке,6,ru-ru,1,3,558
скучаю по тебе дорама,4,ru-ru,1,3,558
miss u 2026 date,4,gb-en in-en us-en,3,3,557
miss you not song,4,gb-en in-en us-en,3,3,557
miss you urdu me kaise likhe,6,gb-en in-en in-hi,3,3,557
miss you very much in hindi,6,gb-en in-en in-hi,3,3,557
i miss you quotes short,5,in-en in-hi us-en,3,3,557
miss you college quotes,4,in-en in-hi,2,3,557
скучаю по тебе в стихах,5,ru-ru,1,3,557
я скучаю по тебе аккорды,5,ru-ru,1,3,557
sinto sua falta todo instante,5,br-pt,1,3,556
miss you like crazy lyrics,5,gb-en us-en,2,3,556
miss u 2026 venue,4,gb-en in-en us-en,3,3,556
miss you not delivered,4,gb-en in-en us-en,3,3,556
miss you grandpa quotes,4,gb-en in-en in-hi,3,3,556
miss you video download,4,gb-en in-en in-hi,3,3,556
chord kangen kamu tony q,5,id-id,1,3,556
sangat kangen kamu in english,5,id-id,1,3,556
miss you husband quotes in english,6,in-en in-hi,2,3,556
miss you mom,3,in-en in-hi us-en,3,3,556
miss you emoji text,4,in-en in-hi us-en,3,3,556
i miss you in sign language,6,in-en us-en,2,3,556
miss kita in cebuano,4,ph-en,1,3,556
скучаю по тебе википедия,4,ru-ru,1,3,556
sinto sua falta cada vez que nao esta comigo,9,br-pt,1,3,555
miss u 2026 host,4,gb-en in-en us-en,3,3,555
miss you forever meaning in bengali,6,gb-en in-en in-hi,3,3,555
miss you jan,3,gb-en in-en in-hi,3,3,555
miss you no more,4,gb-en in-en us-en,3,3,555
missing you online movie,4,gb-en in-en us-en,3,3,555
that you miss me meaning in hindi,7,gb-en in-en us-en,3,3,555
when you miss in hindi,5,gb-en in-en us-en,3,3,555
who you miss meaning in kannada,6,gb-en in-en us-en,3,3,555
miss you pic,3,gb-en in-en us-en,3,3,555
kangen kamu bahasa jawa halus,5,id-id,1,3,555
radio i miss you 2026,5,in-en in-hi us-en,3,3,555
miss you quotes for boyfriend,5,in-hi us-en,2,3,555
miss kita in korean,4,ph-en,1,3,555
скучаю по тебе всегда,4,ru-ru,1,3,555
miss u 2026 winner,4,gb-en in-en us-en,3,3,554
miss you not meaning in urdu,6,gb-en in-en us-en,3,3,554
miss you zubeen the,4,gb-en in-en us-en,3,3,554
that you miss me,4,gb-en in-en us-en,3,3,554
who's lose you to love me about,7,gb-en in-en us-en,3,3,554
miss you darling,3,gb-en in-en in-hi,3,3,554
miss you unlimited,3,gb-en in-en in-hi,3,3,554
aku rindu kamu bahasa jerman,5,id-id,1,3,554
jawa aku kangen kamu,4,id-id,1,3,554
miss you guys quotes,4,in-en in-hi,2,3,554
miss kita in pangasinan,4,ph-en,1,3,554
скучаю по тебе в прозе любовнику,6,ru-ru,1,3,554
i miss who you are not who you are in hindi,11,gb-en in-en us-en,3,3,553
lose you,2,gb-en in-en us-en,3,3,553
miss u 2026 candidates,4,gb-en in-en us-en,3,3,553
miss you best friend captions,5,gb-en in-en in-hi,3,3,553
that you miss me in spanish,6,gb-en in-en us-en,3,3,553
what you miss in tagalog,5,gb-en in-en us-en,3,3,553
when you miss me in spanish,6,gb-en in-en us-en,3,3,553
miss you quotes in marathi text,6,in-hi,1,3,553
скучаю по тебе в стране чудес дорама,7,ru-ru,1,3,553
miss misses meaning,3,gb-en in-en us-en,3,3,552
miss u 2026 philippines,4,gb-en in-en us-en,3,3,552
miss you freepik,3,gb-en in-en us-en,3,3,552
miss you open online course,5,gb-en in-en us-en,3,3,552
missing what's you lyrics,4,gb-en in-en us-en,3,3,552
where you missing meaning in hindi,6,gb-en in-en us-en,3,3,552
who is miss you man about old dominion,8,gb-en in-en us-en,3,3,552
will i miss you forever,5,gb-en in-en us-en,3,3,552
how i miss you baby,5,gb-en in-en us-en,3,3,552
miss you bestie shayari,4,gb-en in-en in-hi,3,3,552
i miss you not in a slint way,8,in-en us-en,2,3,552
why i miss you song,5,in-en in-hi us-en,3,3,552
miss kita in spanish,4,ph-en,1,3,552
اشتقت اليك كثيرا in english,5,sa-ar,1,3,552
te extraño en inglés abreviado,5,es-es mx-es,2,3,551
is miss you more than life,6,gb-en in-en us-en,3,3,551
miss u 2026 ph,4,gb-en in-en us-en,3,3,551
miss you free fire name style,6,gb-en in-en us-en,3,3,551
missing you 2016 online watch,5,gb-en in-en us-en,3,3,551
missing you with brandy,4,gb-en in-en us-en,3,3,551
what if miss you for the rest of my life lyrics,11,gb-en in-en us-en,3,3,551
do i miss you in tagalog,6,gb-en in-en us-en,3,3,551
how we miss you,4,gb-en in-en us-en,3,3,551
gummy 보고싶다 remake version,4,kr-ko,1,3,551
how can miss someone you never met,7,gb-en in-en us-en,3,3,550
i miss you zindagi,4,gb-en in-en us-en,3,3,550
is miss you in french,5,gb-en in-en us-en,3,3,550
miss misses difference,3,gb-en in-en us-en,3,3,550
miss u xaviersobased,3,gb-en in-en us-en,3,3,550
miss you photo frame online free,6,gb-en in-en us-en,3,3,550
missing you with gladys knight,5,gb-en in-en us-en,3,3,550
who was miss you by aaliyah about,7,gb-en in-en us-en,3,3,550
لقد اشتقت إليك in english,5,sa-ar,1,3,550
miss you papa shayari,4,in-en in-hi,2,2,1253
ik mis je gemist,4,nl-nl,1,2,1253
te extraño demasiado,3,es-es mx-es,2,2,1252
te extraño tanto,3,es-es mx-es,2,2,1252
te extraño junior h letra,5,es-es mx-es,2,2,1252
te extraño valeria,3,es-es mx-es,2,2,1252
miss you here luke combs,5,gb-en us-en,2,2,1252
miss you papa shayari 2 line,6,in-en in-hi,2,2,1252
会いたい i miss you,4,jp-ja,1,2,1252
会いたい radwimps,2,jp-ja,1,2,1252
скучаю по тебе очень,4,ru-ru,1,2,1252
saudades inconveniente,2,br-pt,1,2,1251
sinto sua falta grupo introdução,5,br-pt,1,2,1251
sinto sua falta todos os dias,6,br-pt,1,2,1251
te extraño bachata,3,es-es mx-es,2,2,1251
te extraño demasiado maelo ruiz,5,es-es mx-es,2,2,1251
te extraño hermano,3,es-es mx-es,2,2,1251
te extraño karaoke,3,es-es mx-es,2,2,1251
te extraño un poco,4,es-es mx-es,2,2,1251
te extraño que significa,4,es-es mx-es,2,2,1251
te extraño vallenato,3,es-es mx-es,2,2,1251
te extraño no puedo ya decirte que te extraño,9,es-es mx-es,2,2,1251
te extraño ovi,3,es-es mx-es,2,2,1251
te extraño julieta venegas,4,es-es mx-es,2,2,1251
te extraño pequeños musical,4,es-es mx-es,2,2,1251
miss you here luke combs lyrics,6,gb-en us-en,2,2,1251
miss you kate eberlen,4,gb-en us-en,2,2,1251
miss you chords,3,gb-en us-en,2,2,1251
miss you friend,3,gb-en us-en,2,2,1251
miss you bestie gif,4,gb-en us-en,2,2,1251
miss you dearly,3,gb-en us-en,2,2,1251
miss you netflix,3,gb-en us-en,2,2,1251
aku rindu kamu rindu,4,id-id,1,2,1251
i miss you wallpaper,4,in-en us-en,2,2,1251
i miss you xxl,4,in-en us-en,2,2,1251
miss you friends,3,in-en in-hi,2,2,1251
miss you lot,3,in-en in-hi,2,2,1251
what i miss you for the rest of my life lyrics,11,in-en us-en,2,2,1251
i miss you xxxtentacion,4,in-en us-en,2,2,1251
what i miss you for the rest of my life,10,in-en us-en,2,2,1251
i miss you quotes for him,6,in-en us-en,2,2,1251
is it i miss you too or to,8,in-en us-en,2,2,1251
i miss you zuchu,4,in-en us-en,2,2,1251
i miss you more,4,in-en us-en,2,2,1251
mi manchi amore mio,4,it-it,1,2,1251
会いたい line,2,jp-ja,1,2,1251
会いたい 言い換え,2,jp-ja,1,2,1251
会いたい 逢いたい 違い,3,jp-ja,1,2,1251
보고싶다 là gì,3,kr-ko,1,2,1251
보고싶다 내사랑,2,kr-ko,1,2,1251
ik mis je terugkijken,4,nl-nl,1,2,1251
miss kita aking mahal,4,ph-en,1,2,1251
скучаю по тебе актеры,4,ru-ru,1,2,1251
скучаю по тебе отзывы,4,ru-ru,1,2,1251
saudades ingles,2,br-pt,1,2,1250
sinto sua falta ingles,4,br-pt,1,2,1250
sinto sua falta joao gomes,5,br-pt,1,2,1250
ich vermisse dich inhalt,4,de-de,1,2,1250
ich vermisse dich online ansehen,5,de-de,1,2,1250
ich vermisse dich wie die hölle,6,de-de,1,2,1250
te echo de menos beret,5,es-es,1,2,1250
te echo de menos ingles,5,es-es,1,2,1250
te extraño amor,3,es-es mx-es,2,2,1250
te extraño baladas españolas,4,es-es mx-es,2,2,1250
te extraño de luis miguel,5,es-es mx-es,2,2,1250
te extraño frases de amor a distancia,7,es-es mx-es,2,2,1250
te extraño gif,3,es-es mx-es,2,2,1250
te extraño hermano fallecido,4,es-es mx-es,2,2,1250
te extraño imagenes,3,es-es mx-es,2,2,1250
te extraño jhonny rivera,4,es-es mx-es,2,2,1250
te extraño karina,3,es-es mx-es,2,2,1250
te extraño o te echo de menos,7,es-es mx-es,2,2,1250
te extraño ricky martin letra,5,es-es mx-es,2,2,1250
te extraño un monton,4,es-es mx-es,2,2,1250
te extraño xtreme,3,es-es mx-es,2,2,1250
te extraño zea,3,es-es mx-es,2,2,1250
te extraño frases de amor,5,es-es mx-es,2,2,1250
te extraño hijo,3,es-es mx-es,2,2,1250
te extraño que responder,4,es-es mx-es,2,2,1250
te extraño nadie nos va a extrañar,7,es-es mx-es,2,2,1250
te extraño ovi junior h letra,6,es-es mx-es,2,2,1250
te extraño vida mia,4,es-es mx-es,2,2,1250
te extraño jose jose,4,es-es mx-es,2,2,1250
te extraño de un extraño,5,es-es mx-es,2,2,1250
tu me manques fort,4,fr-fr,1,2,1250
tu me manques infiniment,4,fr-fr,1,2,1250
miss you forever zara drake,5,gb-en,1,2,1250
is it miss you or missed you,7,gb-en us-en,2,2,1250
miss you by oliver tree,5,gb-en us-en,2,2,1250
miss you everything but the girl,6,gb-en us-en,2,2,1250
miss you here,3,gb-en us-en,2,2,1250
miss you julia michaels,4,gb-en us-en,2,2,1250
miss you karaoke,3,gb-en us-en,2,2,1250
miss you when your gone,5,gb-en us-en,2,2,1250
miss you youtube,3,gb-en us-en,2,2,1250
miss you funny,3,gb-en us-en,2,2,1250
miss you so frank ocean,5,gb-en us-en,2,2,1250
miss you ukulele chords,4,gb-en us-en,2,2,1250
aku rindu kamu tulisan arab,5,id-id,1,2,1250
kangen kamu inggris,3,id-id,1,2,1250
i miss you best friend,5,in-en us-en,2,2,1250
i miss you emoji,4,in-en us-en,2,2,1250
i miss you free fire name,6,in-en us-en,2,2,1250
i miss you friend,4,in-en us-en,2,2,1250
i miss you number code,5,in-en us-en,2,2,1250
i miss you or i missed you,7,in-en us-en,2,2,1250
i miss you very much,5,in-en us-en,2,2,1250
i miss you yaar,4,in-en us-en,2,2,1250
is it i miss you or i missed you,9,in-en us-en,2,2,1250
miss you friends quotes,4,in-en in-hi,2,2,1250
can i miss you,4,in-en us-en,2,2,1250
i miss you youtube,4,in-en us-en,2,2,1250
miss you papa after death,5,in-en in-hi,2,2,1250
i miss you zuchu ft rayvanny lyrics,7,in-en us-en,2,2,1250
miss you shayari hindi 2 line,6,in-en in-hi,2,2,1250
when i miss you book,5,in-en us-en,2,2,1250
i miss you oliver tree,5,in-en us-en,2,2,1250
i miss you for the rest of my life,9,in-en us-en,2,2,1250
miss you quotes death,4,in-hi us-en,2,2,1250
会いたい フランス語,2,jp-ja,1,2,1250
会いたい 実話,2,jp-ja,1,2,1250
会いたい 歌,2,jp-ja,1,2,1250
会いたい 隠語,2,jp-ja,1,2,1250
ik mis je in het spaans,6,nl-nl,1,2,1250
miss kita by j brothers,5,ph-en,1,2,1250
tesknie za toba inaczej,4,pl-pl,1,2,1250
скучаю по тебе аккорды,4,ru-ru,1,2,1250
скучаю по тебе открытка,4,ru-ru,1,2,1250
скучаю по тебе харлан кобен,5,ru-ru,1,2,1250
اشتقت اليك en français,4,sa-ar,1,2,1250
اشتقت اليك فعلمني الا اشتاق,5,sa-ar,1,2,1250
seni özledim,2,tr-tr,1,2,1250
te extraño netflix,3,es-es mx-es,2,2,1201
te extraño porque vive en mi tu recuerdo,8,es-es mx-es,2,2,1201
te extraño y no se que hacer,7,es-es mx-es,2,2,1201
miss you wife,3,in-en in-hi,2,2,1201
i miss you upside down,5,in-en us-en,2,2,1201
ich vermisse dich lieder deutsch,5,de-de,1,2,1200
te extraño nsamble,3,es-es mx-es,2,2,1200
te extraño dorama,3,es-es mx-es,2,2,1200
te extraño imagenes tiernas,4,es-es mx-es,2,2,1200
te extraño y lo siento,5,es-es mx-es,2,2,1200
miss you blink 182 lyrics,5,gb-en us-en,2,2,1200
miss you friend quotes,4,gb-en us-en,2,2,1200
i miss you ukulele chords,5,in-en us-en,2,2,1200
i miss you bestie gif,5,in-en us-en,2,2,1200
会いたい ジョンハン,2,jp-ja,1,2,1200
اشتقت اليك فعلمني,3,sa-ar,1,2,1200
i miss you uncle,4,in-en us-en,2,2,1152
i miss you urdu,4,in-en us-en,2,2,1151
i miss you video,4,in-en us-en,2,2,1151
i miss you dad,4,in-en us-en,2,2,1150
i miss you uncle rip,5,in-en us-en,2,2,1150
i miss you with emoji text,6,in-en us-en,2,2,1150
i miss you xxl meaning,5,in-en us-en,2,2,1150
miss you kannada meaning,4,in-en in-hi,2,2,1150
miss you hindi,3,in-en in-hi,2,2,1150
i miss you yeah i miss you,7,in-en us-en,2,2,1150
会いたい line 男から,3,jp-ja,1,2,1150
miss kita by frank ely chords,6,ph-en,1,2,1150
te extraño siempre,3,es-es mx-es,2,2,1101
sinto sua falta o que significa,6,br-pt,1,2,1100
te extraño sticker,3,es-es mx-es,2,2,1100
miss you much,3,gb-en us-en,2,2,1100
i miss you appa quotes kannada short from daughter,9,in-en us-en,2,2,1100
i miss you zhang jingyi,5,in-en us-en,2,2,1100
i miss you google,4,in-en us-en,2,2,1052
tu me manques chanson zouk,5,fr-fr,1,2,1051
miss you nights lyrics,4,gb-en us-en,2,2,1051
i miss you forever infinity lil durk,7,us-en,1,2,1051
sinto sua falta gabriel junior,5,br-pt,1,2,1050
te extraño vallenato letra,4,es-es mx-es,2,2,1050
miss you kiss you,4,gb-en us-en,2,2,1050
miss you captions,3,in-en in-hi,2,2,1050
i miss you with lyrics,5,in-en us-en,2,2,1050
i miss you best friend quotes,6,in-en us-en,2,2,1050
会いたい 熟語,2,jp-ja,1,2,1050
ik mis je in alle kleuren,6,nl-nl,1,2,1050
te extraño armando manzanero,4,es-es mx-es,2,2,1000
te extraño karina letra,4,es-es mx-es,2,2,1000
te extraño grupo firme,4,es-es mx-es,2,2,1000
miss you dad in heaven,5,gb-en us-en,2,2,1000
miss you funny gif,4,gb-en us-en,2,2,1000
i miss you urdu meaning,5,in-en us-en,2,2,1000
miss you kannada,3,in-en in-hi,2,2,1000
miss you papa shayari english,5,in-en in-hi,2,2,1000
mi manchi renato zero,4,it-it,1,2,1000
miss you jokes,3,gb-en us-en,2,2,951
ich vermisse dich wie viele folgen,6,de-de,1,2,950
te extraño frases cortas,4,es-es mx-es,2,2,950
te extraño y te amo,5,es-es mx-es,2,2,950
te extraño sinonimo,3,es-es mx-es,2,2,950
miss you appa kavithai in tamil,6,gb-en us-en,2,2,950
miss you for the rest of my life lyrics,9,gb-en us-en,2,2,950
kangen kamu tony q,4,id-id,1,2,950
i miss you husband,4,in-en us-en,2,2,950
miss you ringtone,3,in-en in-hi,2,2,950
te extraño quien la compuso,5,es-es mx-es,2,2,901
miss you jeans,3,gb-en us-en,2,2,901
ich vermisse dich in französisch,5,de-de,1,2,900
te extraño serie coreana,4,es-es mx-es,2,2,900
te extraño hermano frases,4,es-es mx-es,2,2,900
te extraño quiero verte,4,es-es mx-es,2,2,900
te extraño pequeños musical letra,5,es-es mx-es,2,2,900
miss you vs jerk,4,gb-en us-en,2,2,900
i miss you come here,5,in-en us-en,2,2,900
i miss you kdrama,4,in-en us-en,2,2,900
te extraño y me siento solo si no estas conmigo,10,es-es mx-es,2,2,851
te extraño cada dia mas,5,es-es mx-es,2,2,851
i miss you kannada meaning,5,in-en in-hi,2,2,851
te extraño frases para el cielo,6,es-es mx-es,2,2,850
te extraño un mundo,4,es-es mx-es,2,2,850
te extraño como se extrañan las noches sin estrellas,9,es-es mx-es,2,2,850
te extraño y no se que hacer si tu no estas,11,es-es mx-es,2,2,850
miss you poems for him,5,gb-en us-en,2,2,850
miss you southstar,3,gb-en us-en,2,2,850
miss you would like to take a walk,8,gb-en us-en,2,2,850
i miss you chords,4,in-en us-en,2,2,850
i miss you when i wake up before you,9,in-en us-en,2,2,850
i miss you for the rest of my life lyrics,10,in-en us-en,2,2,850
会いたい 女性心理,2,jp-ja,1,2,850
ik mis je klaas jan,5,nl-nl,1,2,850
ich vermisse dich ganz doll,5,de-de,1,2,803
miss you too or to,5,gb-en us-en,2,2,802
i miss you japanese,4,in-en us-en,2,2,802
te extraño grupo frontera,4,es-es mx-es,2,2,801
miss you the rolling stones,5,gb-en us-en,2,2,801
i miss you until i close my eyes,8,in-en us-en,2,2,801
sinto sua falta todos os dias luto,7,br-pt,1,2,800
te extraño gatito,3,es-es mx-es,2,2,800
te extraño mi amor,4,es-es mx-es,2,2,800
te extraño un buen,4,es-es mx-es,2,2,800
miss you here lyrics,4,gb-en us-en,2,2,800
miss you too gif,4,gb-en us-en,2,2,800
miss you hyunjin lyrics,4,gb-en us-en,2,2,800
miss you funny meme,4,gb-en us-en,2,2,800
i miss you friend quotes,5,in-en us-en,2,2,800
i miss you unconditionally meaning,5,in-en us-en,2,2,800
会いたい って聞いてくる男,2,jp-ja,1,2,800
ik mis je mama quotes,5,nl-nl,1,2,800
te extraño un poquito,4,es-es mx-es,2,2,752
te extraño amiga,3,es-es mx-es,2,2,752
miss you wanna kiss you,5,gb-en us-en,2,2,751
miss you forever chinese drama,5,gb-en us-en,2,2,751
miss you ott,3,in-en in-hi,2,2,751
i miss you everyday,4,in-en us-en,2,2,751
when i miss you everywhere,5,in-en us-en,2,2,751
i miss you french,4,in-en us-en,2,2,751
会いたい line 伝え方,3,jp-ja,1,2,751
miss kita kung christmas,4,ph-en,1,2,751
te extraño amor mio,4,es-es mx-es,2,2,750
te extraño gif animado,4,es-es mx-es,2,2,750
te extraño y no quiero perderte carta,7,es-es mx-es,2,2,750
te extraño un leve,4,es-es mx-es,2,2,750
miss you rolling stones lyrics,5,gb-en us-en,2,2,750
miss you opposite word,4,in-en in-hi,2,2,750
when i miss you song,5,in-en us-en,2,2,750
会いたい lineスタンプ,2,jp-ja,1,2,750
how i miss you in spanish,6,in-en us-en,2,2,703
saudades inclusive,2,br-pt,1,2,701
tęsknię za tobą czy do ciebie,6,pl-pl,1,2,701
saudades inconveniente letra,3,br-pt,1,2,700
te echo de menos netflix opiniones,6,es-es,1,2,700
te echo de menos papá fallecido,6,es-es,1,2,700
te extraño acordes,3,es-es mx-es,2,2,700
te extraño poema,3,es-es mx-es,2,2,700
te extraño romeo santos,4,es-es mx-es,2,2,700
te extraño como,3,es-es mx-es,2,2,700
i miss you xxl lyrics,5,in-en us-en,2,2,700
i miss you zuchu lyrics,5,in-en us-en,2,2,700
how i miss you foo fighters meaning,7,in-en us-en,2,2,700
i miss you appa quotes in tamil,7,in-en us-en,2,2,700
i miss you bestie meme,5,in-en us-en,2,2,700
miss kita frank ely lyrics,5,ph-en,1,2,700
i miss you a lot,5,in-en us-en,2,2,653
ich vermisse dich insigne noire,5,de-de,1,2,652
te extraño te amo,4,es-es mx-es,2,2,652
te extraño grupo firme letra,5,es-es mx-es,2,2,652
miss you poems for her,5,gb-en us-en,2,2,652
ich vermisse dich in spanisch,5,de-de,1,2,651
te extraño kevin c letra,5,es-es mx-es,2,2,651
te extraño luis miguel letra,5,es-es mx-es,2,2,651
te extraño gato,3,es-es mx-es,2,2,651
miss you wishes,3,in-en in-hi,2,2,651
скучаю по тебе очень сильно,5,ru-ru,1,2,651
ich vermisse dich in gebärdensprache,5,de-de,1,2,650
te echo de menos la trampa,6,es-es,1,2,650
te extraño karaoke luis miguel,5,es-es mx-es,2,2,650
te extraño guapo,3,es-es mx-es,2,2,650
te extraño letra pequeños musical,5,es-es mx-es,2,2,650
miss you after goodbye dailymotion,5,gb-en us-en,2,2,650
miss you piano,3,gb-en us-en,2,2,650
miss you code,3,in-en in-hi,2,2,650
what i miss you means,5,in-en us-en,2,2,650
скучаю по тебе аккорды тдд,5,ru-ru,1,2,650
скучаю по тебе о чем сериал,6,ru-ru,1,2,650
اشتقت اليك فعلمني الا اشتاق كلمات,6,sa-ar,1,2,650
te extraño bebe en ingles,5,es-es mx-es,2,2,605
i miss you with all my heart in spanish,9,in-en us-en,2,2,605
saudades amor whatsapp,3,br-pt,1,2,604
te extraño vuelve en ingles,5,es-es mx-es,2,2,604
te extraño banda pequeños,4,es-es mx-es,2,2,604
te extraño valeria shifu,4,es-es mx-es,2,2,603
miss you guys meaning in kannada,6,in-en in-hi,2,2,603
miss you number,3,in-en in-hi,2,2,603
i miss you with me lyrics,6,in-en us-en,2,2,603
ik mis je elke dag,5,nl-nl,1,2,603
te echo de menos te quiero,6,es-es,1,2,602
te extraño hija mia,4,es-es mx-es,2,2,602
te extraño serie netflix,4,es-es mx-es,2,2,602
te extraño viejo,3,es-es mx-es,2,2,602
te extraño no puedo ya decirte que te extraño nadie nos va a extrañar,14,es-es mx-es,2,2,602
te extraño quisiera estar junto a ti,7,es-es mx-es,2,2,602
te extraño bb,3,es-es mx-es,2,2,602
te extraño siempre en ingles,5,es-es mx-es,2,2,602
miss you gif funny,4,gb-en us-en,2,2,602
miss you when you're gone song,6,gb-en us-en,2,2,602
miss you by the rolling stones,6,gb-en us-en,2,2,602
i miss you guys,4,in-en us-en,2,2,602
i miss you love,4,in-en us-en,2,2,602
miss you emoji copy and paste,6,in-en in-hi,2,2,602
miss you number code,4,in-en in-hi,2,2,602
miss you watch,3,in-en in-hi,2,2,602
i miss you daddy,4,in-en us-en,2,2,602
i miss you with me chords,6,in-en us-en,2,2,602
i miss you like crazy,5,in-en us-en,2,2,602
ik mis je eo uitzending gemist,6,nl-nl,1,2,602
saudades infinitas,2,br-pt,1,2,601
saudades te amo 2026,4,br-pt,1,2,601
sinto sua falta baby onde você esta,7,br-pt,1,2,601
sinto sua falta cifra simplificada,5,br-pt,1,2,601
sinto sua falta ingles traducao,5,br-pt,1,2,601
sinto sua falta o que responder,6,br-pt,1,2,601
sinto.sua falta vitor.kley,3,br-pt,1,2,601
what saudade means,3,br-pt,1,2,601
ich vermisse dich lied youtube,5,de-de,1,2,601
te echo de menos in english,6,es-es,1,2,601
te extraño de noche te quiero de dia,8,es-es mx-es,2,2,601
te extraño feid,3,es-es mx-es,2,2,601
te extraño ferxxo apple music,5,es-es mx-es,2,2,601
te extraño formas de decir,5,es-es mx-es,2,2,601
te extraño kapo,3,es-es mx-es,2,2,601
te extraño pelicula 2026,4,es-es mx-es,2,2,601
te extraño un poco letra,5,es-es mx-es,2,2,601
te extraño viento en contra,5,es-es mx-es,2,2,601
te extraño xtreme letra,4,es-es mx-es,2,2,601
te extraño zacarias ferreira letra,5,es-es mx-es,2,2,601
te extraño frases bonitas,4,es-es mx-es,2,2,601
te extraño hermana en ingles,5,es-es mx-es,2,2,601
te extraño salsa,3,es-es mx-es,2,2,601
te extraño xtreme letra español,5,es-es mx-es,2,2,601
te extraño jose jose letra,5,es-es mx-es,2,2,601
te extraño ovi letra,4,es-es mx-es,2,2,601
te extraño nahuatl,3,es-es mx-es,2,2,601
te extraño que tengas un lindo dia,7,es-es mx-es,2,2,601
te extraño cada día más no dejo de pensar en ti,11,es-es mx-es,2,2,601
te extraño kany garcia,4,es-es mx-es,2,2,601
te extraño mucho mi amor,5,es-es mx-es,2,2,601
te extraño versos,3,es-es mx-es,2,2,601
te extraño papá frases,4,es-es mx-es,2,2,601
te extraño graffiti,3,es-es mx-es,2,2,601
te extraño reflexion,3,es-es mx-es,2,2,601
te extraño y te quiero,5,es-es mx-es,2,2,601
te extraño brindis,3,es-es mx-es,2,2,601
te extraño letra ovi,4,es-es mx-es,2,2,601
tu me manques instagram,4,fr-fr,1,2,601
tu me manques ou ka mantché mwen,7,fr-fr,1,2,601
miss you in welsh,4,gb-en,1,2,601
miss you appa kavithai in tamil text,7,gb-en us-en,2,2,601
miss you bracelet,3,gb-en us-en,2,2,601
miss you endlessly,3,gb-en us-en,2,2,601
miss you gifts,3,gb-en us-en,2,2,601
miss you nan quotes,4,gb-en in-hi,2,2,601
miss you when you're gone lyrics,6,gb-en us-en,2,2,601
miss you remix,3,gb-en us-en,2,2,601
miss you everyday or every day,6,gb-en us-en,2,2,601
miss you gif cute,4,gb-en us-en,2,2,601
miss you from oliver tree,5,gb-en us-en,2,2,601
miss you hyunjin lyrics english,5,gb-en us-en,2,2,601
miss you quotes malayalam,4,gb-en in-hi,2,2,601
miss you aaliyah lyrics,4,gb-en us-en,2,2,601
aku kangen kamu in english,5,id-id,1,2,601
aku rindu kamu cinta kita,5,id-id,1,2,601
aku rindu kamu evie tamala,5,id-id,1,2,601
aku rindu kamu in arabic,5,id-id,1,2,601
aku rindu kamu rindu tapi tak bisa bertemu,8,id-id,1,2,601
kangen kamu glenn fredly,4,id-id,1,2,601
kangen kamu glenn fredly lirik,5,id-id,1,2,601
kangen kamu pikiranku ke kamu,5,id-id,1,2,601
kangen kamu sungguh hati bicara chord,6,id-id,1,2,601
kangen kamu yang jauh disana bahasa inggris,7,id-id,1,2,601
rindu aku rindu kamu yang nyanyi doel sumbang,8,id-id,1,2,601
i miss you 2026 song,5,in-en us-en,2,2,601
i miss you appa meaning in tamil,7,in-en us-en,2,2,601
i miss you baby,4,in-en us-en,2,2,601
i miss you bestie in hindi,6,in-en us-en,2,2,601
i miss you make,4,in-en us-en,2,2,601
i miss you nana,4,in-en us-en,2,2,601
i miss you template capcut,5,in-en us-en,2,2,601
i miss you xxl artinya,5,in-en us-en,2,2,601
i miss you you miss me,6,in-en us-en,2,2,601
i miss you zubeen da,5,in-en us-en,2,2,601
miss you bhai,3,in-en in-hi,2,2,601
miss you everyone meaning in hindi,6,in-en in-hi,2,2,601
miss you hindi meaning,4,in-en in-hi,2,2,601
miss you lot meaning in hindi,6,in-en in-hi,2,2,601
miss you nani,3,in-en in-hi,2,2,601
miss you old days meaning in hindi,7,in-en in-hi,2,2,601
miss you ringtone download,4,in-en in-hi,2,2,601
miss you too meaning in hindi,6,in-en in-hi,2,2,601
miss you wife shayari,4,in-en in-hi,2,2,601
that i miss you,4,in-en us-en,2,2,601
what i miss you lyrics,5,in-en us-en,2,2,601
when i miss you i see moon,7,in-en us-en,2,2,601
who i miss you meaning in hindi,7,in-en us-en,2,2,601
why i miss you so much quotes,7,in-en us-en,2,2,601
i miss you best friend message,6,in-en us-en,2,2,601
i miss you free images,5,in-en us-en,2,2,601
is it i miss you to or too,8,in-en us-en,2,2,601
why i miss you quotes,5,in-en us-en,2,2,601
when i miss you lyrics,5,in-en us-en,2,2,601
i miss you zara larsson,5,in-en us-en,2,2,601
miss you quotes best friend,5,in-hi,1,2,601
miss you quotes with images,5,in-hi,1,2,601
miss you quotes without saying it,6,in-hi,1,2,601
mi manchi hong kong,4,it-it,1,2,601
mi manchi in tedesco,4,it-it,1,2,601
mi manchi paky testo,4,it-it,1,2,601
会いたい line 返信,3,jp-ja,1,2,601
会いたい 自分だけ,2,jp-ja,1,2,601
보고싶다 (bogoshipda) i miss you,5,kr-ko,1,2,601
보고싶다 in english,3,kr-ko,1,2,601
보고싶다 nghĩa là gì,4,kr-ko,1,2,601
보고싶다 띄어쓰기,2,kr-ko,1,2,601
ik mis je beste singer songwriter,6,nl-nl,1,2,601
ik mis je elke dag een beetje meer,8,nl-nl,1,2,601
ik mis je freek,4,nl-nl,1,2,601
ik mis je in het duits,6,nl-nl,1,2,601
miss kindergarten freebies,3,ph-en,1,2,601
miss kita frank ely meaning,5,ph-en,1,2,601
miss kita kung christmas lyrics,5,ph-en,1,2,601
miss na kita quotes,4,ph-en,1,2,601
miss you kita,3,ph-en,1,2,601
tęsknię za tobą drama,4,pl-pl,1,2,601
tęsknię za tobą in english,5,pl-pl,1,2,601
tesknie za toba netflix opinie,5,pl-pl,1,2,601
tęsknię za tobą po włosku,5,pl-pl,1,2,601
скучаю по тебе in english,5,ru-ru,1,2,601
скучаю по тебе актеры и роли,6,ru-ru,1,2,601
скучаю по тебе или о тебе,6,ru-ru,1,2,601
скучаю по тебе очень сильно картинки,6,ru-ru,1,2,601
اشتقت اليك in english,4,sa-ar,1,2,601
اشتقت اليك كثيرا,3,sa-ar,1,2,601
seni özledim fransızca,3,tr-tr,1,2,601
seni özledim ingilizce nasıl yazılır,5,tr-tr,1,2,601
seni özledim ne demek,4,tr-tr,1,2,601
seni özledim sözleri,3,tr-tr,1,2,601
seni özledim which language,4,tr-tr,1,2,601
saudades gif whatsapp,3,br-pt,1,2,600
saudades inglês tradução,3,br-pt,1,2,600
sinto sua falta big rush,5,br-pt,1,2,600
sinto sua falta introdução,4,br-pt,1,2,600
sinto sua falta jota quest,5,br-pt,1,2,600
sinto sua falta nx zero,5,br-pt,1,2,600
sinto sua falta pai em ingles,6,br-pt,1,2,600
sinto sua falta todos os dias em inglês,8,br-pt,1,2,600
te echo de menos instagram,5,es-es,1,2,600
te echo de menos te quiero todavía,7,es-es,1,2,600
app te extraño,3,es-es mx-es,2,2,600
te extraño despues del adios online,6,es-es mx-es,2,2,600
te extraño italiano,3,es-es mx-es,2,2,600
te extraño karaoke mujer,4,es-es mx-es,2,2,600
te extraño ricky martin portugues,5,es-es mx-es,2,2,600
te extraño te amo 2026 reparto,6,es-es mx-es,2,2,600
te extraño te olvido te amo letra,7,es-es mx-es,2,2,600
te extraño un monton en ingles,6,es-es mx-es,2,2,600
te extraño zacarías ferreira,4,es-es mx-es,2,2,600
what is te extraño,4,es-es mx-es,2,2,600
te extraño xtreme acordes,4,es-es mx-es,2,2,600
te extraño ricardo montaner,4,es-es mx-es,2,2,600
te extraño imagenes de amor,5,es-es mx-es,2,2,600
te extraño no puedo ya decirte que te extraño cancion,10,es-es mx-es,2,2,600
te extraño ovi ft junior h,6,es-es mx-es,2,2,600
te extraño gif para whatsapp,5,es-es mx-es,2,2,600
te extraño karol g,4,es-es mx-es,2,2,600
te extraño quiero verte abrazarte y besarte,7,es-es mx-es,2,2,600
te extraño un poco mas que ayer,7,es-es mx-es,2,2,600
te extraño ya quiero verte,5,es-es mx-es,2,2,600
te extraño cada dia mas temerarios,6,es-es mx-es,2,2,600
te extraño sin decir te extraño,6,es-es mx-es,2,2,600
te extraño papa en ingles,5,es-es mx-es,2,2,600
te extraño vida mia letra,5,es-es mx-es,2,2,600
tu me manques i miss you,6,fr-fr,1,2,600
tu me manques in english,5,fr-fr,1,2,600
what is tu me manques,5,fr-fr,1,2,600
why is tu me manques i miss you,8,fr-fr,1,2,600
will nebesnyj tu me manques,5,fr-fr,1,2,600
miss you in polish,4,gb-en,1,2,600
miss you already gif,4,gb-en us-en,2,2,600
miss you clean,3,gb-en us-en,2,2,600
miss you harmonica tab,4,gb-en us-en,2,2,600
miss you juan karlos,4,gb-en us-en,2,2,600
miss you kiss gif,4,gb-en us-en,2,2,600
miss you original,3,gb-en us-en,2,2,600
miss you release date,4,gb-en us-en,2,2,600
miss you stones,3,gb-en us-en,2,2,600
miss you by oliver tree lyrics,6,gb-en us-en,2,2,600
miss you guys gif,4,gb-en us-en,2,2,600
miss you rolling stones lyrics meaning,6,gb-en us-en,2,2,600
miss you nanna quotes in english,6,gb-en in-hi,2,2,600
miss you flowers,3,gb-en us-en,2,2,600
aku kangen kamu inggris,4,id-id,1,2,600
aku rindu kamu bahasa vietnam,5,id-id,1,2,600
aku rindu kamu in english,5,id-id,1,2,600
aku rindu kamu setengah mati,5,id-id,1,2,600
kamu kangen gak sama aku,5,id-id,1,2,600
kangen kamu yang jauh disana,5,id-id,1,2,600
rindu aku rindu kamu nada wanita,6,id-id,1,2,600
i miss how you make me feel,7,in-en us-en,2,2,600
i miss you appa in tamil,6,in-en us-en,2,2,600
i miss you card,4,in-en us-en,2,2,600
i miss you card online,5,in-en us-en,2,2,600
i miss you grandma,4,in-en us-en,2,2,600
i miss you photo,4,in-en us-en,2,2,600
i miss you with my whole heart,7,in-en us-en,2,2,600
i miss you xxl makna,5,in-en us-en,2,2,600
miss you appa lines kannada,5,in-en in-hi,2,2,600
miss you code word,4,in-en in-hi,2,2,600
miss you dost,3,in-en in-hi,2,2,600
miss you husband quotes in kannada,6,in-en in-hi,2,2,600
miss you jaan shayari in english,6,in-en in-hi,2,2,600
miss you kannada quotes,4,in-en in-hi,2,2,600
miss you nana,3,in-en in-hi,2,2,600
miss you old version,4,in-en in-hi,2,2,600
miss you rip,3,in-en in-hi,2,2,600
miss you too meaning in kannada,6,in-en in-hi,2,2,600
what i miss you chords,5,in-en us-en,2,2,600
who i miss you meaning in tamil,7,in-en us-en,2,2,600
miss you a lot,4,in-en in-hi,2,2,600
i miss you freestyle,4,in-en us-en,2,2,600
is it i missed your call,6,in-en us-en,2,2,600
miss you bhai shayari,4,in-en in-hi,2,2,600
miss you name style,4,in-en in-hi,2,2,600
i miss you new song,5,in-en us-en,2,2,600
i miss you on the train,6,in-en us-en,2,2,600
i miss you upside down text,6,in-en us-en,2,2,600
i miss you year,4,in-en us-en,2,2,600
miss you quotes best friend girl,6,in-hi,1,2,600
mi manchi in arabo,4,it-it,1,2,600
mi manchi papà,3,it-it,1,2,600
会いたい line 付き合ってない,3,jp-ja,1,2,600
会いたい 女性から,2,jp-ja,1,2,600
会いたい 韓国ドラマ,2,jp-ja,1,2,600
translate 보고싶다 from korean,4,kr-ko,1,2,600
what does 보고 싶다 mean,5,kr-ko,1,2,600
보고싶다 (i miss you),4,kr-ko,1,2,600
보고싶다 bts lyrics,3,kr-ko,1,2,600
보고싶다 guitar chords,3,kr-ko,1,2,600
보고싶다 inst,2,kr-ko,1,2,600
보고싶다 karaoke number,3,kr-ko,1,2,600
보고싶다 kim bumsoo,3,kr-ko,1,2,600
보고싶다 letra en español,4,kr-ko,1,2,600
보고싶다 missing you,3,kr-ko,1,2,600
te extraño extraño temozon,4,mx-es,1,2,600
ik mis je bestie,4,nl-nl,1,2,600
ik mis je in het turks,6,nl-nl,1,2,600
ik mis je online bekijken,5,nl-nl,1,2,600
miss kita by frank ely lyrics,6,ph-en,1,2,600
miss kita kung christmas chords,5,ph-en,1,2,600
miss kita renz verano,4,ph-en,1,2,600
miss kita with chords,4,ph-en,1,2,600
tęsknię za tobą film netflix,5,pl-pl,1,2,600
tęsknie za tobą in english,5,pl-pl,1,2,600
tesknie za toba kto zabil ojca,6,pl-pl,1,2,600
tęsknię za tobą missing you,5,pl-pl,1,2,600
tesknie za toba netflix obsada,5,pl-pl,1,2,600
tęsknię za tobą o czym jest,6,pl-pl,1,2,600
tesknie za toba po egipsku,5,pl-pl,1,2,600
tesknie za toba serial opinie,5,pl-pl,1,2,600
скучаю по тебе английский,4,ru-ru,1,2,600
скучаю по тебе илсе санд,5,ru-ru,1,2,600
скучаю по тебе отзывы сериал,5,ru-ru,1,2,600
я очень скучаю по тебе in english,7,ru-ru,1,2,600
اشتقت اليك بالتركي,3,sa-ar,1,2,600
özledim seni mary jane sözleri,5,tr-tr,1,2,600
seni çok özledim ingilizce,4,tr-tr,1,2,600
seni özledim bebeğim ingilizce,4,tr-tr,1,2,600
seni özledim diyen sevgiliye cevap,5,tr-tr,1,2,600
sinto sua falta henrique e juliano,6,br-pt,1,2,562
aku rindu kamu in chinese,5,id-id,1,2,562
aku rindu kamu ratih purwasih,5,id-id,1,2,562
kangen kamu meski jauh,4,id-id,1,2,562
i miss you meme template,5,in-en us-en,2,2,562
that i miss you meaning in hindi,7,in-en us-en,2,2,562
who i miss you meaning in telugu,7,in-en us-en,2,2,562
miss you bhai rip,4,in-en in-hi,2,2,562
miss you quotes bestie,4,in-hi,1,2,562
miss kita rob deniel,4,ph-en,1,2,562
seni özledim almanca,3,tr-tr,1,2,562
te extraño o te estraño,5,es-es mx-es,2,2,561
te extraño zhamira y jay wheeler letra,7,es-es mx-es,2,2,561
te extraño ximena sariñana letra,5,es-es mx-es,2,2,561
aku kangen kamu in korea,5,id-id,1,2,561
aku rindu kamu bahasa prancis,5,id-id,1,2,561
aku rindu kamu in korea,5,id-id,1,2,561
kangen kamu glenn chord,4,id-id,1,2,561
kangen kamu meski hati bicara,5,id-id,1,2,561
how i miss you my love,6,in-en us-en,2,2,561
i miss you card template,5,in-en us-en,2,2,561
i miss you elijah woods,5,in-en us-en,2,2,561
i miss you not,4,in-en us-en,2,2,561
miss you thoughts,3,in-en in-hi,2,2,561
why i miss you messages,5,in-en us-en,2,2,561
miss you ka reply kya de english me,8,in-en in-hi,2,2,561
miss you bhai shayari 😭 in hindi,7,in-en in-hi,2,2,561
보고싶다 (bogoshipda) i miss you เนื้อเพลง,6,kr-ko,1,2,561
보고싶다 짤,2,kr-ko,1,2,561
ik mis je anky de frangh,6,nl-nl,1,2,561
tęsknię za tobą kochanie wiersze,5,pl-pl,1,2,561
tesknie za toba nie klamie jak zly,7,pl-pl,1,2,561
скучаю по тебе или без тебя,6,ru-ru,1,2,561
seni özledim anne,3,tr-tr,1,2,561
seni özledim demenin farklı yolları,5,tr-tr,1,2,561
seni özledim eski türkçe,4,tr-tr,1,2,561
sinto sua falta felicia rock,5,br-pt,1,2,560
ich vermisse dich auf englisch,5,de-de,1,2,560
te echo de menos in spanish,6,es-es,1,2,560
te extraño n'samble letra,4,es-es mx-es,2,2,560
te extraño o te extrañó,5,es-es mx-es,2,2,560
te extraño que es,4,es-es mx-es,2,2,560
te extraño ricky martin acordes,5,es-es mx-es,2,2,560
te extraño xq vive en mi tu recuerdo,8,es-es mx-es,2,2,560
te extraño zamira,3,es-es mx-es,2,2,560
te extraño xtreme bachata,4,es-es mx-es,2,2,560
te extraño ovi junior h,5,es-es mx-es,2,2,560
miss you chords blink 182,5,gb-en us-en,2,2,560
miss you robin schulz,4,gb-en us-en,2,2,560
miss you everyday quotes,4,gb-en in-hi,2,2,560
miss you oliver tree meaning,5,gb-en us-en,2,2,560
kangen kamu bahasa cina,4,id-id,1,2,560
kangen kamu selalu bahasa inggris,5,id-id,1,2,560
kangen kamu yang dulu kata kata,6,id-id,1,2,560
i miss you not delivered,5,in-en us-en,2,2,560
i will miss you template,5,in-en us-en,2,2,560
is it bad i miss you,6,in-en us-en,2,2,560
miss you caption for love,5,in-en in-hi,2,2,560
miss you dad status,4,in-en in-hi,2,2,560
miss you english,3,in-en in-hi,2,2,560
miss you hubby,3,in-en in-hi,2,2,560
miss you jaan ka matlab,5,in-en in-hi,2,2,560
miss you ka reply kya de,6,in-en in-hi,2,2,560
miss you so much meaning in hindi,7,in-en in-hi,2,2,560
miss you too much meaning in hindi,7,in-en in-hi,2,2,560
why i miss you meaning in hindi,7,in-en us-en,2,2,560
i miss my freedom,4,in-en us-en,2,2,560
miss you maa,3,in-en in-hi,2,2,560
miss you ka hindi,4,in-en in-hi,2,2,560
miss you janu stylish name,5,in-en in-hi,2,2,560
miss you dadi,3,in-en in-hi,2,2,560
miss you chacha ji,4,in-en in-hi,2,2,560
i miss you come here lyrics,6,in-en us-en,2,2,560
mi manchi pooh testo,4,it-it,1,2,560
会いたい 歌詞 radwimps,3,jp-ja,1,2,560
miss kita by nyt lumenda,5,ph-en,1,2,560
miss na kita with lyrics,5,ph-en,1,2,560
tęsknie za tobą bardzo po angielsku,6,pl-pl,1,2,560
tęsknię za tobą dj robi,5,pl-pl,1,2,560
tęsknię za tobą julka grabowska tekst,6,pl-pl,1,2,560
tęsknię za tobą kochanie gify,5,pl-pl,1,2,560
tęsknię za tobą netflix ile odcinków,6,pl-pl,1,2,560
tęsknię za tobą po hiszpańsku,5,pl-pl,1,2,560
скучаю по тебе или за тебя,6,ru-ru,1,2,560
seni özledim ya resulallah,4,tr-tr,1,2,560
eu sinto sua falta ingles,5,br-pt,1,2,559
sinto sua falta as vezes eu acordo assim,8,br-pt,1,2,559
te echo de menos in tagalog,6,es-es,1,2,559
te extrano zumba,3,es-es mx-es,2,2,559
te extraño ximena,3,es-es mx-es,2,2,559
te extraño hija mía frases,5,es-es mx-es,2,2,559
te extraño no importa cuando leas esto,7,es-es mx-es,2,2,559
te extraño juan gabriel,4,es-es mx-es,2,2,559
te extraño respuesta,3,es-es mx-es,2,2,559
te extraño de la manera mas callada que pueda existir,10,es-es mx-es,2,2,559
tu me manques in french,5,fr-fr,1,2,559
tu me manques vraiment in english,6,fr-fr,1,2,559
miss you like the desert miss the rain,8,gb-en,1,2,559
miss you chords oliver tree,5,gb-en us-en,2,2,559
miss you kiss you lyrics,5,gb-en us-en,2,2,559
miss you oliver tree chords,5,gb-en us-en,2,2,559
miss you quotes funny,4,gb-en us-en,2,2,559
miss you rolling stones chords,5,gb-en us-en,2,2,559
miss you urdu poetry,4,gb-en us-en,2,2,559
miss you wasp,3,gb-en us-en,2,2,559
miss you much janet jackson,5,gb-en us-en,2,2,559
miss you terribly,3,gb-en us-en,2,2,559
aku kangen kamu in mandarin,5,id-id,1,2,559
aku rindu kamu bahasa cina,5,id-id,1,2,559
aku rindu kamu in mandarin,5,id-id,1,2,559
kangen kamu suami ku bahasa inggrisnya,6,id-id,1,2,559
rindu aku rindu kamu maman fvndy,6,id-id,1,2,559
i miss you bestie quotes,5,in-en us-en,2,2,559
i miss you forever like the stars,7,in-en us-en,2,2,559
i miss you no reason,5,in-en us-en,2,2,559
i miss you pic,4,in-en us-en,2,2,559
is because i miss you,5,in-en us-en,2,2,559
miss you chacha,3,in-en in-hi,2,2,559
miss you dada ji,4,in-en in-hi,2,2,559
miss you everything,3,in-en in-hi,2,2,559
miss you father,3,in-en in-hi,2,2,559
miss you guys meaning in hindi,6,in-en in-hi,2,2,559
miss you kavana kannada,4,in-en in-hi,2,2,559
miss you lines,3,in-en in-hi,2,2,559
miss you nana ji,4,in-en in-hi,2,2,559
miss you ringtone download mp3,5,in-en in-hi,2,2,559
miss you telugu movie,4,in-en in-hi,2,2,559
sorry i missed you template,5,in-en us-en,2,2,559
what's i miss you in spanish,6,in-en us-en,2,2,559
when i miss you janine berdin lyrics,7,in-en us-en,2,2,559
miss you a lot meaning in kannada,7,in-en in-hi,2,2,559
miss you card for teacher,5,in-en in-hi,2,2,559
i miss you free gif,5,in-en us-en,2,2,559
mi manchi in napoletano,4,it-it,1,2,559
mi manchi poesia,3,it-it,1,2,559
会いたい コード,2,jp-ja,1,2,559
ik mis je in alle kleuren gedicht,7,nl-nl,1,2,559
ik mis je lied uitvaart friso,6,nl-nl,1,2,559
youtube ik mis je eo uitzending gemist,7,nl-nl,1,2,559
miss kita by norhana,4,ph-en,1,2,559
miss kita frank ely lyrics meaning,6,ph-en,1,2,559
bardzo tesknie za toba rano jeszcze pol biedy,8,pl-pl,1,2,559
tęsknię za tobą julka grabowska,5,pl-pl,1,2,559
tęsknię za tobą kochanie po angielsku,6,pl-pl,1,2,559
скучаю по тебе аудиокнига,4,ru-ru,1,2,559
скучаю по тебе или за тобой как правильно,8,ru-ru,1,2,559
скучаю по тебе стихи,4,ru-ru,1,2,559
я скучаю по тебе дорама,5,ru-ru,1,2,559
seni ozledim sarkisi,3,tr-tr,1,2,559
i miss you in chinese,5,us-en,1,2,559
miss you in sign language,5,us-en,1,2,559
eu sinto sua falta in english,6,br-pt,1,2,558
te echo de menos translation to english,7,es-es,1,2,558
te extraño en portugues,4,es-es,1,2,558
te extraño camilo,3,es-es mx-es,2,2,558
te extraño demasiado maelo ruiz letra,6,es-es mx-es,2,2,558
te extraño gif con movimiento,5,es-es mx-es,2,2,558
te extraño jhonny rivera letra,5,es-es mx-es,2,2,558
te extraño quien la canta,5,es-es mx-es,2,2,558
te extraño ramon orlando,4,es-es mx-es,2,2,558
te extraño una y mil veces,6,es-es mx-es,2,2,558
te extraño viento en contra acordes,6,es-es mx-es,2,2,558
te extraño zoe,3,es-es mx-es,2,2,558
te extraño luis miguel acordes,5,es-es mx-es,2,2,558
te extraño ximena sariñana,4,es-es mx-es,2,2,558
te extraño imagenes con frases,5,es-es mx-es,2,2,558
tu me manques in spanish,5,fr-fr,1,2,558
miss you after goodbye full episode,6,gb-en us-en,2,2,558
miss you more,3,gb-en us-en,2,2,558
miss you oliver tree release date,6,gb-en us-en,2,2,558
miss you rolling stones meaning,5,gb-en us-en,2,2,558
miss you oliver tree lyrics meaning,6,gb-en us-en,2,2,558
aku kangen kamu in tagalog,5,id-id,1,2,558
aku rindu kamu in spanish,5,id-id,1,2,558
kamu kangen aku ya bahasa inggrisnya,6,id-id,1,2,558
kangen kamu bahasa jerman,4,id-id,1,2,558
kangen kamu setiap hari bahasa inggris,6,id-id,1,2,558
lagu kangen kamu glenn fredly,5,id-id,1,2,558
rindu aku rindu kamu ajeng febria,6,id-id,1,2,558
i miss you best reply,5,in-en us-en,2,2,558
i miss you daddy song,5,in-en us-en,2,2,558
i miss you mom,4,in-en us-en,2,2,558
i miss you no,4,in-en us-en,2,2,558
i miss you too meaning,5,in-en us-en,2,2,558
i miss you xxl lany,5,in-en us-en,2,2,558
miss you didi,3,in-en in-hi,2,2,558
miss you for best friend,5,in-en in-hi,2,2,558
miss you friends quotes short,5,in-en in-hi,2,2,558
miss you hubby images,4,in-en in-hi,2,2,558
miss you lot meaning,4,in-en in-hi,2,2,558
miss you my love ringtone download,6,in-en in-hi,2,2,558
miss you note,3,in-en us-en,2,2,558
miss you papa in english,5,in-en in-hi,2,2,558
miss you re,3,in-en in-hi,2,2,558
miss you short form,4,in-en in-hi,2,2,558
miss you to all meaning in hindi,7,in-en in-hi,2,2,558
what's i miss you in japanese,6,in-en us-en,2,2,558
when i miss you janine,5,in-en us-en,2,2,558
i miss you zuchu ft rayvanny,6,in-en us-en,2,2,558
miss you everyday meaning in hindi,6,in-en in-hi,2,2,558
miss you love shayari,4,in-en in-hi,2,2,558
we miss you free images,5,in-en us-en,2,2,558
how i miss you tonight,5,in-en us-en,2,2,558
when someone miss you quotes,5,in-hi,1,2,558
i miss you quotes for her long distance,8,in-hi us-en,2,2,558
mi manchi in albanese,4,it-it,1,2,558
mi manchi papà in cielo,5,it-it,1,2,558
会いたい 加藤ミリヤ,2,jp-ja,1,2,558
ik mis je in het arabisch,6,nl-nl,1,2,558
miss kita a silent voice,5,ph-en,1,2,558
miss kita by j brothers lyrics,6,ph-en,1,2,558
miss na kita with chords,5,ph-en,1,2,558
tęsknię za tobą aqua kto gra,6,pl-pl,1,2,558
tęsknię za tobą co to znaczy,6,pl-pl,1,2,558
tesknie za toba dzis juz setny raz,7,pl-pl,1,2,558
tęsknię za tobą film harlan coben,6,pl-pl,1,2,558
tesknie za toba julia grabowska tekst,6,pl-pl,1,2,558
скучаю по тебе или за тобой стихи,7,ru-ru,1,2,558
скучаю по тебе сериал отзывы,5,ru-ru,1,2,558
اشتقت اليك كثيرا بالانجليزي,4,sa-ar,1,2,558
bende seni ozledim in english,5,tr-tr,1,2,558
sinto sua falta mas o ceu tem sorte,8,br-pt,1,2,557
sinto sua falta namoro escondido 12 horas,7,br-pt,1,2,557
sinto sua falta também em inglês,6,br-pt,1,2,557
ich vermisse dich sprüche verstorbene,5,de-de,1,2,557
te echo de menos lyrics english,6,es-es,1,2,557
te extraño en aleman,4,es-es,1,2,557
te extraño ñengo,3,es-es,1,2,557
te extraño carta,3,es-es mx-es,2,2,557
te extraño hijo fallecido,4,es-es mx-es,2,2,557
te extraño imagenes bonitas,4,es-es mx-es,2,2,557
te extraño indirectas,3,es-es mx-es,2,2,557
te extraño jay wheeler letra,5,es-es mx-es,2,2,557
te extraño mama,3,es-es mx-es,2,2,557
te extraño quiero abrazarte,4,es-es mx-es,2,2,557
te extraño ricky,3,es-es mx-es,2,2,557
te extraño una banda,4,es-es mx-es,2,2,557
te extraño vuelve,3,es-es mx-es,2,2,557
te extraño zafiro rap letra,5,es-es mx-es,2,2,557
te extraño frases largas,4,es-es mx-es,2,2,557
te extraño ovi ft junior h letra,7,es-es mx-es,2,2,557
te extraño como los arboles extrañan el otoño,8,es-es mx-es,2,2,557
te extraño y te necesito,5,es-es mx-es,2,2,557
tu me manques arabe,4,fr-fr,1,2,557
tu me manques beaucoup en wolof,6,fr-fr,1,2,557
how's you miss in hindi,5,gb-en in-hi,2,2,557
miss you dad quotes from daughter,6,gb-en in-hi,2,2,557
miss you etta james,4,gb-en us-en,2,2,557
miss you original song,4,gb-en us-en,2,2,557
miss you release date oliver tree,6,gb-en us-en,2,2,557
miss you tamil movie,4,gb-en in-en,2,2,557
miss you aaliyah,3,gb-en us-en,2,2,557
miss you hug gif,4,gb-en us-en,2,2,557
miss you the rolling stones lyrics,6,gb-en us-en,2,2,557
miss you love you trailer,5,gb-en us-en,2,2,557
aku rindu kamu sayang bahasa arab,6,id-id,1,2,557
ayang aku rindu kamu ingin mencium,6,id-id,1,2,557
kamu kangen aku ga,4,id-id,1,2,557
kangen kamu bahasa india,4,id-id,1,2,557
i miss you in numbers,5,in-en,1,2,557
i miss you best friend shayari,6,in-en us-en,2,2,557
i miss you not delivered tattoo,6,in-en us-en,2,2,557
i miss you voice message,5,in-en us-en,2,2,557
i miss you xxl chords,5,in-en us-en,2,2,557
miss you forever ka matlab,5,in-en in-hi,2,2,557
miss you greeting card,4,in-en in-hi,2,2,557
miss you heart emoji,4,in-en in-hi,2,2,557
miss you jiju,3,in-en in-hi,2,2,557
miss you kannada kavanagalu,4,in-en in-hi,2,2,557
miss you more meaning in hindi,6,in-en in-hi,2,2,557
miss you other words,4,in-en in-hi,2,2,557
miss you reply to friend,5,in-en in-hi,2,2,557
miss you too in hindi,5,in-en in-hi,2,2,557
miss you wala emoji,4,in-en in-hi,2,2,557
we miss you email template,5,in-en us-en,2,2,557
what's i miss you in french,6,in-en us-en,2,2,557
why i miss you in hindi,6,in-en us-en,2,2,557
i miss you zulu,4,in-en us-en,2,2,557
miss you everything in hindi,5,in-en in-hi,2,2,557
we missed you free printable,5,in-en us-en,2,2,557
i miss you note,4,in-en us-en,2,2,557
miss you online,3,in-en in-hi,2,2,557
miss you ka emoji,4,in-en in-hi,2,2,557
miss you name style for instagram,6,in-en in-hi,2,2,557
i miss you bestie funny,5,in-en us-en,2,2,557
i miss you papa song,5,in-en us-en,2,2,557
miss you quotes in urdu,5,in-hi,1,2,557
when i miss you quotes for her,7,in-hi,1,2,557
mi manchi in rumeno,4,it-it,1,2,557
mi manchi paola turci,4,it-it,1,2,557
보고싶다 lyrics romanization,3,kr-ko,1,2,557
ik mis je elke dag tekst,6,nl-nl,1,2,557
ik mis je papa quotes,5,nl-nl,1,2,557
miss kita by frank ely,5,ph-en,1,2,557
miss kita frank ely guitar chords,6,ph-en,1,2,557
miss kita j brothers guitar chords and lyrics,8,ph-en,1,2,557
miss kita kung christmas original singer wikipedia,7,ph-en,1,2,557
miss kita sa gabi,4,ph-en,1,2,557
tęsknię za tobą bardzo mocno youtube,6,pl-pl,1,2,557
tęsknię za tobą coben netflix,5,pl-pl,1,2,557
скучаю по тебе и люблю,5,ru-ru,1,2,557
скучаю по тебе своими словами девушке,6,ru-ru,1,2,557
اشتقت اليك شعر,3,sa-ar,1,2,557
seni çok özledim ingilizce çeviri,5,tr-tr,1,2,557
i miss you incubus lyrics,5,us-en,1,2,557
miss you in asl,4,us-en,1,2,557
sinto sua falta para o adeus,6,br-pt,1,2,556
sinto sua falta prime video,5,br-pt,1,2,556
te echo de menos andy y lucas,7,es-es,1,2,556
te echo de menos en ingles traduccion,7,es-es,1,2,556
te extraño hans ortega,4,es-es mx-es,2,2,556
te extraño kevin c,4,es-es mx-es,2,2,556
te extraño reggaeton,3,es-es mx-es,2,2,556
te extraño zion y lennox,5,es-es mx-es,2,2,556
te extraño frases de amor a distancia cortas,8,es-es mx-es,2,2,556
te extraño los fantasticos letra,5,es-es mx-es,2,2,556
te extraño ojitos bonitos,4,es-es mx-es,2,2,556
te extraño meme,3,es-es mx-es,2,2,556
te extraño y lo siento acordes,6,es-es mx-es,2,2,556
te extraño idiota,3,es-es mx-es,2,2,556
tu me manques aussi en wolof,6,fr-fr,1,2,556
youtube tu me manques zouk,5,fr-fr,1,2,556
miss you appa in tamil,5,gb-en us-en,2,2,556
miss you balloons,3,gb-en us-en,2,2,556
miss you so much quotes,5,gb-en in-hi,2,2,556
miss you when i'm gone song,6,gb-en us-en,2,2,556
miss you eric clapton,4,gb-en us-en,2,2,556
miss you tons,3,gb-en us-en,2,2,556
miss you sister quotes,4,gb-en in-en,2,2,556
miss you chords rolling stones,5,gb-en us-en,2,2,556
miss you japanese,3,gb-en us-en,2,2,556
aku rindu kamu bahasa batak,5,id-id,1,2,556
how i miss you so much,6,in-en us-en,2,2,556
i miss you appa images,5,in-en us-en,2,2,556
i miss you to make her cry,7,in-en us-en,2,2,556
i miss you xxl lany meaning,6,in-en us-en,2,2,556
miss you amma,3,in-en in-hi,2,2,556
miss you appa kannada meaning,5,in-en in-hi,2,2,556
miss you babu,3,in-en in-hi,2,2,556
miss you card for teacher message,6,in-en in-hi,2,2,556
miss you friends quotes kannada,5,in-en in-hi,2,2,556
miss you kannada mining,4,in-en in-hi,2,2,556
miss you lines for love,5,in-en in-hi,2,2,556
miss you nickname,3,in-en in-hi,2,2,556
miss you or missing you which is correct,8,in-en in-hi,2,2,556
miss you ronaldo,3,in-en in-hi,2,2,556
miss you to the moon and back,7,in-en in-hi,2,2,556
miss you watch for couple,5,in-en in-hi,2,2,556
we miss you card template,5,in-en us-en,2,2,556
what's i miss you in korean,6,in-en us-en,2,2,556
i miss you zouk version,5,in-en us-en,2,2,556
miss you papa after death status,6,in-en in-hi,2,2,556
i miss you old free fire,6,in-en us-en,2,2,556
miss you name,3,in-en in-hi,2,2,556
miss you always meaning in hindi,6,in-en in-hi,2,2,556
miss you papa quotes in hindi,6,in-en in-hi,2,2,556
miss you quotes in hindi text,6,in-hi,1,2,556
when you miss him quotes short,6,in-hi,1,2,556
mi manchi in portoghese,4,it-it,1,2,556
mi manchi poesia neruda,4,it-it,1,2,556
mi manchi vecchioni karaoke,4,it-it,1,2,556
te extraño eddy letra,4,mx-es,1,2,556
ik mis je in het papiaments,6,nl-nl,1,2,556
tesknie za toba dlaczego josh odszedl,6,pl-pl,1,2,556
tęsknię za tobą mamo wiersze,5,pl-pl,1,2,556
tęsknię za tobą po francusku,5,pl-pl,1,2,556
tęsknię za tobą serial netflix,5,pl-pl,1,2,556
скучаю по тебе 2025,4,ru-ru,1,2,556
скучаю по тебе о чем,5,ru-ru,1,2,556
скучаю по тебе смотреть вк,5,ru-ru,1,2,556
اشتقت اليك يا ابي,4,sa-ar,1,2,556
ben seni özledim ingilizcesi,4,tr-tr,1,2,556
özledim seni mary jane,4,tr-tr,1,2,556
seni özledim bilekliği trendyol,4,tr-tr,1,2,556
sinto sua falta filme gay,5,br-pt,1,2,555
sinto sua falta grupo introdução partitura,6,br-pt,1,2,555
te echo de menos en inglés abreviado,7,es-es,1,2,555
te extraño en arabe,4,es-es,1,2,555
te extraño abuela frases,4,es-es mx-es,2,2,555
te extraño alex zurdo,4,es-es mx-es,2,2,555
te extraño hermano en el cielo,6,es-es mx-es,2,2,555
te extraño quitale las dos primeras letras,7,es-es mx-es,2,2,555
te extraño ricardo arjona,4,es-es mx-es,2,2,555
te extraño un poco en ingles,6,es-es mx-es,2,2,555
te extraño xtreme año,4,es-es mx-es,2,2,555
te extraño oliver tree,4,es-es mx-es,2,2,555
te extraño ferxxo,3,es-es mx-es,2,2,555
te extraño hijo mio,4,es-es mx-es,2,2,555
te extraño gato meme,4,es-es mx-es,2,2,555
te extraño novio mio,4,es-es mx-es,2,2,555
te extraño sin las dos primeras letras,7,es-es mx-es,2,2,555
tu me manques ou ka manké mwen,7,fr-fr,1,2,555
miss you in turkish,4,gb-en,1,2,555
miss you drawing,3,gb-en us-en,2,2,555
miss you oliver,3,gb-en us-en,2,2,555
miss you here luke combs meaning,6,gb-en us-en,2,2,555
aku kangen kamu in japanese,5,id-id,1,2,555
aku rindu kamu bahasa india,5,id-id,1,2,555
kangen kamu sungguh hati,4,id-id,1,2,555
how i miss you my love song,7,in-en us-en,2,2,555
i miss the old you template,6,in-en us-en,2,2,555
i miss you ai generator,5,in-en us-en,2,2,555
i miss you no other way to say it,9,in-en us-en,2,2,555
i miss you with all my soul,7,in-en us-en,2,2,555
i miss you xhosa,4,in-en us-en,2,2,555
miss you copy and paste,5,in-en in-hi,2,2,555
miss you font style,4,in-en in-hi,2,2,555
miss you for love,4,in-en in-hi,2,2,555
miss you gift,3,in-en in-hi,2,2,555
miss you how to reply,5,in-en in-hi,2,2,555
miss you more meaning in kannada,6,in-en in-hi,2,2,555
miss you nanaji status in hindi,6,in-en in-hi,2,2,555
miss you romantic gif,4,in-en in-hi,2,2,555
miss you so much meaning in kannada,7,in-en in-hi,2,2,555
miss you village,3,in-en in-hi,2,2,555
miss you whatsapp status,4,in-en in-hi,2,2,555
what's i miss you in yoruba,6,in-en us-en,2,2,555
miss you all meaning in kannada,6,in-en in-hi,2,2,555
miss you every time,4,in-en in-hi,2,2,555
i miss you text,4,in-en us-en,2,2,555
i miss you stickers free,5,in-en us-en,2,2,555
miss you dost shayari,4,in-en in-hi,2,2,555
when im missing you quotes,5,in-hi,1,2,555
mi manchi in carne ed ossa,6,it-it,1,2,555
mi manchi poesia bukowski,4,it-it,1,2,555
te extraño en nahuatl,4,mx-es,1,2,555
ik mis je elke dag een beetje meer origineel,9,nl-nl,1,2,555
ik mis je in het surinaams,6,nl-nl,1,2,555
miss kita by j brothers chords,6,ph-en,1,2,555
piosenka tesknie za toba daria zawiałow,6,pl-pl,1,2,555
tęsknię za tobą każdego dnia,5,pl-pl,1,2,555
tesknie za toba musical records,5,pl-pl,1,2,555
tesknie za toba netflix filmweb,5,pl-pl,1,2,555
скучаю по тебе отзовик,4,ru-ru,1,2,555
скучаю по тебе сериал сюжет,5,ru-ru,1,2,555
уже скучаю по тебе актеры,5,ru-ru,1,2,555
اشتقت اليك يا امي,4,sa-ar,1,2,555
seni özledim demenin farklı yolları ingilizce,6,tr-tr,1,2,555
i miss you in arabic,5,us-en,1,2,555
eu sinto sua falta vejo na tv um filme repetido,10,br-pt,1,2,554
kevi jonny sinto sua falta,5,br-pt,1,2,554
saudades te amo 2026 elenco,5,br-pt,1,2,554
sinto sua falta ao vivo,5,br-pt,1,2,554
ich vermisse dich komm zurück,5,de-de,1,2,554
si te echo de menos in english,7,es-es,1,2,554
te echo de menos binomio de oro,7,es-es,1,2,554
te extraño en darija,4,es-es,1,2,554
te extraño alex zurdo letra,5,es-es mx-es,2,2,554
te extraño de armando manzanero,5,es-es mx-es,2,2,554
te extraño in italiano,4,es-es mx-es,2,2,554
te extraño romeo santos letra,5,es-es mx-es,2,2,554
te extraño verano,3,es-es mx-es,2,2,554
te extraño xtreme año de lanzamiento,6,es-es mx-es,2,2,554
te extraño frases de amor a distancia tristes,8,es-es mx-es,2,2,554
te extraño mucho amor,4,es-es mx-es,2,2,554
te extraño no sabes cuanto,5,es-es mx-es,2,2,554
te extraño sobrino fallecido,4,es-es mx-es,2,2,554
te extraño hasta el cielo,5,es-es mx-es,2,2,554
te extraño orquesta calibre,4,es-es mx-es,2,2,554
tu me manques vs i miss you,7,fr-fr,1,2,554
miss you appa meaning in tamil,6,gb-en us-en,2,2,554
miss you dad songs,4,gb-en us-en,2,2,554
miss you everyday by alex bangor,6,gb-en us-en,2,2,554
miss you already cast,4,gb-en us-en,2,2,554
miss you rolling stones album,5,gb-en us-en,2,2,554
miss you hug,3,gb-en us-en,2,2,554
miss you pookie,3,gb-en us-en,2,2,554
miss you quotes in telugu,5,gb-en in-hi,2,2,554
aku rindu kamu bahasa thailand,5,id-id,1,2,554
ayang aku rindu kamu ingin mencium chord,7,id-id,1,2,554
kamu kangen aku gak bahasa jawa,6,id-id,1,2,554
i miss you in bengali,5,in-en,1,2,554
how i miss you raselhits,5,in-en us-en,2,2,554
i miss the old you template capcut,7,in-en us-en,2,2,554
i miss you appa kannada images,6,in-en us-en,2,2,554
i miss you chinese movie 2026,6,in-en us-en,2,2,554
i miss you images,4,in-en us-en,2,2,554
i miss you meme generator,5,in-en us-en,2,2,554
i miss you no reason chinese drama,7,in-en us-en,2,2,554
i miss you sign language,5,in-en us-en,2,2,554
i miss you xoxo meaning,5,in-en us-en,2,2,554
i miss you zainab,4,in-en us-en,2,2,554
miss you appa tattoo,4,in-en in-hi,2,2,554
miss you bestie meaning in hindi,6,in-en in-hi,2,2,554
miss you bhaiya,3,in-en in-hi,2,2,554
miss you family,3,in-en in-hi,2,2,554
miss you for girlfriend,4,in-en in-hi,2,2,554
miss you husband shayari in english text,7,in-en in-hi,2,2,554
miss you jija ji,4,in-en in-hi,2,2,554
miss you ka reply,4,in-en in-hi,2,2,554
miss you lines kannada,4,in-en in-hi,2,2,554
miss you movie ott,4,in-en in-hi,2,2,554
miss you old memories in hindi,6,in-en in-hi,2,2,554
miss you papa status,4,in-en in-hi,2,2,554
miss you rotavator,3,in-en in-hi,2,2,554
miss you spelling,3,in-en in-hi,2,2,554
miss you teacher,3,in-en in-hi,2,2,554
miss you vn code,4,in-en in-hi,2,2,554
miss you whatsapp dp,4,in-en in-hi,2,2,554
what's i miss you in sign language,7,in-en us-en,2,2,554
when i miss you for the rest of my life lyrics,11,in-en us-en,2,2,554
miss you all meaning in hindi,6,in-en in-hi,2,2,554
miss you everything meaning in hindi,6,in-en in-hi,2,2,554
miss you papa tattoo,4,in-en in-hi,2,2,554
i miss you with my whole being,7,in-en us-en,2,2,554
i miss you clipart free,5,in-en us-en,2,2,554
i miss you too in french,6,in-en us-en,2,2,554
i miss you quotes for wife,6,in-en us-en,2,2,554
miss you nana ji quotes in hindi,7,in-hi,1,2,554
miss you papa quotes in english,6,in-hi,1,2,554
miss you quotes for girlfriend,5,in-hi,1,2,554
miss you quotes in bengali,5,in-hi,1,2,554
mi manchi in cinese,4,it-it,1,2,554
mi manchi pooh significato,4,it-it,1,2,554
mi manchi sticker whatsapp,4,it-it,1,2,554
보고싶다 karaoke code,3,kr-ko,1,2,554
ik mis je in het portugees,6,nl-nl,1,2,554
tesknie za toba czy bedzie 2 sezon,7,pl-pl,1,2,554
tesknie za toba nostalgia to blysk,6,pl-pl,1,2,554
tęsknię za tobą s01e01 vider,5,pl-pl,1,2,554
tesknie za toba tak bardzo,5,pl-pl,1,2,554
скучаю по тебе очень сильно перевод на английский,8,ru-ru,1,2,554
скучаю по тебе своими словами мужчине,6,ru-ru,1,2,554
я скучаю по тебе актеры,5,ru-ru,1,2,554
إشتقت إليك حبيبتي,3,sa-ar,1,2,554
اشتقت اليك فعلمني كلمات,4,sa-ar,1,2,554
seni özledim demem mi gerekiyor yoksa sen hisseder misin,9,tr-tr,1,2,554
i miss you in tagalog,5,us-en,1,2,554
miss you in tagalog,4,us-en,1,2,554
saudades avô,2,br-pt,1,2,553
te echo mucho de menos ingles,6,es-es,1,2,553
te extraño en valenciano,4,es-es,1,2,553
te extraño en zapoteco,4,es-es mx-es,2,2,553
te extraño in portugues,4,es-es mx-es,2,2,553
te extraño ke personajes,4,es-es mx-es,2,2,553
te extraño osito,3,es-es mx-es,2,2,553
te extraño quiero estar contigo,5,es-es mx-es,2,2,553
te extraño vals peruano,4,es-es mx-es,2,2,553
te extraño ximena meme,4,es-es mx-es,2,2,553
te extraño tanto letra,4,es-es mx-es,2,2,553
dire tu me manques indirectement,5,fr-fr,1,2,553
miss you music video,4,gb-en us-en,2,2,553
miss you oliver tree remix,5,gb-en us-en,2,2,553
miss you terribly meaning,4,gb-en us-en,2,2,553
miss you sticker,3,gb-en us-en,2,2,553
aku rindu kamu bahasa taiwan,5,id-id,1,2,553
kangen band - cuma kamu lirik,6,id-id,1,2,553
i miss you appa quotes kannada short pdf,8,in-en us-en,2,2,553
i miss you not in some cheesy in hindi,9,in-en us-en,2,2,553
i miss you so much 2026,6,in-en us-en,2,2,553
i miss you watch online,5,in-en us-en,2,2,553
i miss you with love,5,in-en us-en,2,2,553
i miss you x100,4,in-en us-en,2,2,553
i miss you zora winslet,5,in-en us-en,2,2,553
miss you appa lines,4,in-en in-hi,2,2,553
miss you college life,4,in-en in-hi,2,2,553
miss you dear,3,in-en in-hi,2,2,553
miss you father quotes,4,in-en in-hi,2,2,553
miss you google,3,in-en in-hi,2,2,553
miss you home meaning in hindi,6,in-en in-hi,2,2,553
miss you mom quotes,4,in-en in-hi,2,2,553
miss you rip quotes,4,in-en in-hi,2,2,553
miss you those days meaning in hindi,7,in-en in-hi,2,2,553
miss you traductor,3,in-en us-en,2,2,553
miss you veere,3,in-en in-hi,2,2,553
miss you wishes for love,5,in-en in-hi,2,2,553
say that i miss you,5,in-en us-en,2,2,553
we will miss you template card,6,in-en us-en,2,2,553
what's i miss you in tagalog,6,in-en us-en,2,2,553
when i miss you chinese drama,6,in-en us-en,2,2,553
i miss you everyday song,5,in-en us-en,2,2,553
miss you english meaning,4,in-en in-hi,2,2,553
jadakiss i miss you freestyle,5,in-en us-en,2,2,553
miss you grandfather quotes in english,6,in-hi,1,2,553
miss you quotes for love short,6,in-hi,1,2,553
mi manchi in coreano,4,it-it,1,2,553
mi manchi posso far finta di star bene ma mi manchi,11,it-it,1,2,553
letras 보고싶다 kim bumsoo,4,kr-ko,1,2,553
te extraño en ingles traductor,5,mx-es,1,2,553
ik mis je in het pools,6,nl-nl,1,2,553
miss kita by,3,ph-en,1,2,553
jak inaczej napisać tęsknię za tobą,6,pl-pl,1,2,553
tęsknie za tobą po niemiecku,5,pl-pl,1,2,553
скучаю по тебе описание серий,5,ru-ru,1,2,553
скучаю по тебе стихи девушке,5,ru-ru,1,2,553
я скучаю по тебе автор,5,ru-ru,1,2,553
اشتقت اليك بالاسباني,3,sa-ar,1,2,553
i miss you in portuguese,5,us-en,1,2,553
vou zuar sinto sua falta insegurança eu nunca amei assim,10,br-pt,1,2,552
te extraño en euskera,4,es-es,1,2,552
te extraño alex zurdo acordes,5,es-es mx-es,2,2,552
te extraño en ingles como se escribe,7,es-es mx-es,2,2,552
te extraño karaoke tono bajo,5,es-es mx-es,2,2,552
te extraño quiero verte pronto,5,es-es mx-es,2,2,552
te extraño ulpiano vergara letra,5,es-es mx-es,2,2,552
te extraño xtreme significado,4,es-es mx-es,2,2,552
te extraño cada día más letra,6,es-es mx-es,2,2,552
te extraño frases graciosas,4,es-es mx-es,2,2,552
tu me manques okay kaya,5,fr-fr,1,2,552
miss you in greek,4,gb-en,1,2,552
miss you my love song,5,gb-en us-en,2,2,552
miss you piano chords,4,gb-en us-en,2,2,552
ayang aku rindu kamu ingin memeluk,6,id-id,1,2,552
om himawan rindu aku rindu kamu,6,id-id,1,2,552
rindu aku rindu kamu chord ukulele,6,id-id,1,2,552
i miss you in marathi,5,in-en,1,2,552
baby that i miss you,5,in-en us-en,2,2,552
how i miss you every single day,7,in-en us-en,2,2,552
i am going to miss you 2026,7,in-en us-en,2,2,552
i miss you appa quotes kannada short in english,9,in-en us-en,2,2,552
i miss you ragnarok online,5,in-en us-en,2,2,552
i miss you xoxo,4,in-en us-en,2,2,552
i miss you you know it's true,7,in-en us-en,2,2,552
i miss you zouk,4,in-en us-en,2,2,552
miss you appa photo,4,in-en in-hi,2,2,552
miss you for husband,4,in-en in-hi,2,2,552
miss you friends quotes in english,6,in-en in-hi,2,2,552
miss you husband shayari,4,in-en in-hi,2,2,552
miss you legend meaning in kannada,6,in-en in-hi,2,2,552
miss you raksha bandhan,4,in-en in-hi,2,2,552
miss you this moment meaning in hindi,7,in-en in-hi,2,2,552
miss you until next time,5,in-en in-hi,2,2,552
miss you very badly quotes,5,in-en in-hi,2,2,552
miss you wali shayari,4,in-en in-hi,2,2,552
missed you atau miss you,5,in-en us-en,2,2,552
sorry we missed you template,5,in-en us-en,2,2,552
what's i miss you in chinese,6,in-en us-en,2,2,552
when i miss you dawn beyer lyrics,7,in-en us-en,2,2,552
who is i miss you im sorry about,8,in-en us-en,2,2,552
miss you everyone,3,in-en in-hi,2,2,552
miss you quotes in one line,6,in-hi,1,2,552
mi manchi in ogni piccola cosa,6,it-it,1,2,552
mi manchi più del sole,5,it-it,1,2,552
보고싶다 sheet music,3,kr-ko,1,2,552
te extraño en silencio flow firme letra,7,mx-es,1,2,552
ik mis je indonesisch,4,nl-nl,1,2,552
miss you kita jawab apa,5,ph-en,1,2,552
harlan coben tęsknię za tobą audiobook,6,pl-pl,1,2,552
skin za toba meaning in english,6,pl-pl,1,2,552
скучаю по тебе ольханский,4,ru-ru,1,2,552
скучаю по тебе сюжет,4,ru-ru,1,2,552
я тоже скучаю по тебе in english,7,ru-ru,1,2,552
اشتقت اليك فعلمني الا اشتاق حالات واتس,7,sa-ar,1,2,552
miss you in a heartbeat,5,us-en,1,2,552
sinto sua falta meu amor in english,7,br-pt,1,2,551
te extraño en silencio anuel letra,6,es-es,1,2,551
te extraño fotos,3,es-es mx-es,2,2,551
te extraño keyvin c,4,es-es mx-es,2,2,551
te extraño quechua,3,es-es mx-es,2,2,551
te extraño tarjetas zea,4,es-es mx-es,2,2,551
te extraño te amo 2026,5,es-es mx-es,2,2,551
te extraño un poco acordes,5,es-es mx-es,2,2,551
te extraño xtreme bachata letra,5,es-es mx-es,2,2,551
miss you in romanian,4,gb-en,1,2,551
will i miss you for the rest of my life,10,gb-en in-en,2,2,551
lirik kangen kamu tony q,5,id-id,1,2,551
do you miss me like i miss you quotes,9,in-en us-en,2,2,551
how i miss your mother,5,in-en us-en,2,2,551
i miss you 2019 watch online,6,in-en us-en,2,2,551
i miss you not meaning,5,in-en us-en,2,2,551
i miss you physically meaning,5,in-en us-en,2,2,551
i miss you xxl lany sweatshirt,6,in-en us-en,2,2,551
i miss you zambian song,5,in-en us-en,2,2,551
miss you for friend,4,in-en in-hi,2,2,551
miss you friends caption,4,in-en in-hi,2,2,551
miss you grandfather,3,in-en in-hi,2,2,551
miss you lot quotes,4,in-en in-hi,2,2,551
miss you mummy,3,in-en in-hi,2,2,551
miss you rest in peace quotes,6,in-en in-hi,2,2,551
miss you to meaning in hindi,6,in-en in-hi,2,2,551
miss you uncle shayari,4,in-en in-hi,2,2,551
miss you vijay,3,in-en in-hi,2,2,551
miss you wife shayari in hindi,6,in-en in-hi,2,2,551
miss you yaar shayari in hindi,6,in-en in-hi,2,2,551
poem that i miss you,5,in-en us-en,2,2,551
sorry we missed you template free,6,in-en us-en,2,2,551
what i miss you meaning in hindi,7,in-en us-en,2,2,551
who is i miss you man about,7,in-en us-en,2,2,551
why i miss you poem,5,in-en us-en,2,2,551
i miss you appa tamil kavithai,6,in-en us-en,2,2,551
i miss you ugandan song,5,in-en us-en,2,2,551
miss you amma quotes in kannada,6,in-en in-hi,2,2,551
miss you quotes for father,5,in-hi,1,2,551
miss you quotes in hindi 2 line,7,in-hi,1,2,551
mi manchi in giapponese,4,it-it,1,2,551
mi manchi pooh accordi,4,it-it,1,2,551
会いたい line 女から,3,jp-ja,1,2,551
lavender blue 보고싶다,3,kr-ko,1,2,551
te extraño en japones,4,mx-es,1,2,551
miss you kita harus jawab apa,6,ph-en,1,2,551
скучаю по тебе ответ,4,ru-ru,1,2,551
скучаю по тебе синоним,4,ru-ru,1,2,551
miss you in russian,4,us-en,1,2,551
te extraño en chino,4,es-es,1,2,550
te extraño en zapoteco del istmo,6,es-es mx-es,2,2,550
te extraño kneza,3,es-es mx-es,2,2,550
te extraño quiero verte en inglés,6,es-es mx-es,2,2,550
te extraño también in english,5,es-es mx-es,2,2,550
te extraño te amo imdb 2026,6,es-es mx-es,2,2,550
te extraño unplugged,3,es-es mx-es,2,2,550
te extraño x100,3,es-es mx-es,2,2,550
miss you application,3,gb-en us-en,2,2,550
miss you gifs for her,5,gb-en us-en,2,2,550
can you miss someone forever,5,in-en us-en,2,2,550
how i miss you raselhits lyrics,6,in-en us-en,2,2,550
how we miss you meaning,5,in-en us-en,2,2,550
i miss you bestie copy paste,6,in-en us-en,2,2,550
i miss you chinese movie watch online,7,in-en us-en,2,2,550
i miss you no 3 meters,6,in-en us-en,2,2,550
i miss you xxl lany lyrics,6,in-en us-en,2,2,550
i miss you zouk version mp3 download,7,in-en us-en,2,2,550
make them miss you quotes,5,in-en us-en,2,2,550
miss you bestie in english,5,in-en in-hi,2,2,550
miss you forever and ever,5,in-en in-hi,2,2,550
miss you in tulu,4,in-en in-hi,2,2,550
miss you letter,3,in-en in-hi,2,2,550
miss you reels,3,in-en in-hi,2,2,550
miss you wife status,4,in-en in-hi,2,2,550
miss you yaar ka reply kya de,7,in-en in-hi,2,2,550
sorry we missed you template word,6,in-en us-en,2,2,550
what's i miss you in arabic,6,in-en us-en,2,2,550
where do i miss you,5,in-en us-en,2,2,550
who is i miss you man by old dominion about,10,in-en us-en,2,2,550
why i miss you all the time,7,in-en us-en,2,2,550
miss you quotes in one word,6,in-hi,1,2,550
miss kita in bisaya meaning,5,ph-en,1,2,550
tęsknię za tobą film,4,pl-pl,1,2,550
скучаю по тебе слова,4,ru-ru,1,2,550
я скучаю по тебе translate in english,7,ru-ru,1,2,550
ich vermisse dich englisch,4,de-de,1,1,1253
sinto sua falta pai,4,br-pt,1,1,1252
ich vermisse dich chinesisch,4,de-de,1,1,1252
ich vermisse dich ende,4,de-de,1,1,1252
te echo de menos amor,5,es-es,1,1,1252
te echo de menos donde se rodo,7,es-es,1,1,1252
miss you quotes hindi,4,in-hi,1,1,1252
mi manchi già,3,it-it,1,1,1252
mi manchi levante,3,it-it,1,1,1252
会いたい 山崎朋子,2,jp-ja,1,1,1252
보고싶다 lyrics,2,kr-ko,1,1,1252
اشتقت اليك ابي,3,sa-ar,1,1,1252
i miss you harold melvin,5,us-en,1,1,1252
saudades amor,2,br-pt,1,1,1251
saudades bar,2,br-pt,1,1,1251
saudades cifra,2,br-pt,1,1,1251
saudades henrique e juliano,4,br-pt,1,1,1251
saudades irmão,2,br-pt,1,1,1251
saudades konai,2,br-pt,1,1,1251
saudades letra,2,br-pt,1,1,1251
saudades vó que faleceu,4,br-pt,1,1,1251
saudades whatsapp,2,br-pt,1,1,1251
sinto sua falta partitura,4,br-pt,1,1,1251
ich vermisse dich cast,4,de-de,1,1,1251
ich vermisse dich drehort,4,de-de,1,1,1251
ich vermisse dich emoji,4,de-de,1,1,1251
ich vermisse dich italienisch,4,de-de,1,1,1251
ich vermisse dich jetzt schon,5,de-de,1,1,1251
ich vermisse dich koreanisch,4,de-de,1,1,1251
ich vermisse dich lune,4,de-de,1,1,1251
ich vermisse dich oder du fehlst mir,7,de-de,1,1,1251
ich vermisse dich russisch,4,de-de,1,1,1251
ich vermisse dich türkisch,4,de-de,1,1,1251
te echo de menos ana mena,6,es-es,1,1,1251
te echo de menos de kiko veneno,7,es-es,1,1,1251
te echo de menos harlan coben,6,es-es,1,1,1251
te echo de menos papa,5,es-es,1,1,1251
tu me manques aussi,4,fr-fr,1,1,1251
tu me manques film,4,fr-fr,1,1,1251
tu me manques je t'aime,5,fr-fr,1,1,1251
tu me manques mon amour,5,fr-fr,1,1,1251
tu me manques ou manque,5,fr-fr,1,1,1251
tu me manques quand même,5,fr-fr,1,1,1251
tu me manques roussel,4,fr-fr,1,1,1251
tu me manques un peu,5,fr-fr,1,1,1251
tu me manques zouk,4,fr-fr,1,1,1251
kangen kamu dalam bahasa inggris,5,id-id,1,1,1251
i miss you number,4,in-en,1,1,1251
i miss you reply,4,in-en,1,1,1251
i miss you very much meaning in hindi,8,in-en,1,1,1251
miss you quotes husband,4,in-hi,1,1,1251
mi manchi bocelli,3,it-it,1,1,1251
mi manchi di fausto leali,5,it-it,1,1,1251
mi manchi già stadio,4,it-it,1,1,1251
mi manchi loredana bertè,4,it-it,1,1,1251
mi manchi significato,3,it-it,1,1,1251
会いたい ゆず,2,jp-ja,1,1,1251
会いたい ラッドウィンプス,2,jp-ja,1,1,1251
会いたい 林部智史,2,jp-ja,1,1,1251
보고싶다 피아노,2,kr-ko,1,1,1251
ik mis je boek,4,nl-nl,1,1,1251
ik mis je harlan coben,5,nl-nl,1,1,1251
ik mis je mama,4,nl-nl,1,1,1251
ik mis je rosa,4,nl-nl,1,1,1251
ik mis je vandaag,4,nl-nl,1,1,1251
miss kita meaning,3,ph-en,1,1,1251
скучаю по тебе родная,4,ru-ru,1,1,1251
اشتقت اليك ابي رحمك الله,5,sa-ar,1,1,1251
i miss you funny,4,us-en,1,1,1251
i miss you harold melvin & the bluenotes,8,us-en,1,1,1251
saudades a mil,3,br-pt,1,1,1250
saudades bandida,2,br-pt,1,1,1250
saudades chrystian e ralf,4,br-pt,1,1,1250
saudades frases,2,br-pt,1,1,1250
saudades gif,2,br-pt,1,1,1250
saudades hariel,2,br-pt,1,1,1250
saudades ja nao sei se é a palavra certa,9,br-pt,1,1,1250
saudades kevin,2,br-pt,1,1,1250
saudades luiz lins,3,br-pt,1,1,1250
saudades roberto carlos,3,br-pt,1,1,1250
saudades vó,2,br-pt,1,1,1250
saudades wagner roberto,3,br-pt,1,1,1250
saudades zezé di camargo e luciano,6,br-pt,1,1,1250
sinto sua falta amor,4,br-pt,1,1,1250
sinto sua falta bad luv,5,br-pt,1,1,1250
sinto sua falta karaoke,4,br-pt,1,1,1250
sinto sua falta nao posso esperar tanto tempo,8,br-pt,1,1,1250
sinto sua falta ou sinto a sua falta,8,br-pt,1,1,1250
sinto sua falta pai falecido,5,br-pt,1,1,1250
sinto sua falta tayrone,4,br-pt,1,1,1250
sinto sua falta vó,4,br-pt,1,1,1250
ich vermisse dich beste freundin,5,de-de,1,1,1250
ich vermisse dich coben,4,de-de,1,1,1250
ich vermisse dich darsteller,4,de-de,1,1,1250
ich vermisse dich ende erklärt,5,de-de,1,1,1250
ich vermisse dich gif,4,de-de,1,1,1250
ich vermisse dich imdb,4,de-de,1,1,1250
ich vermisse dich jeden tag,5,de-de,1,1,1250
ich vermisse dich kroatisch,4,de-de,1,1,1250
ich vermisse dich lied trauer,5,de-de,1,1,1250
ich vermisse dich netflix besetzung,5,de-de,1,1,1250
ich vermisse dich oma,4,de-de,1,1,1250
ich vermisse dich papa,4,de-de,1,1,1250
ich vermisse dich rumänisch,4,de-de,1,1,1250
ich vermisse dich text lang,5,de-de,1,1,1250
ich vermisse dich unendlich,4,de-de,1,1,1250
ich vermisse dich youtube,4,de-de,1,1,1250
ich vermisse dich zitate,4,de-de,1,1,1250
te echo de menos acordes,5,es-es,1,1,1250
te echo de menos de beret,6,es-es,1,1,1250
te echo de menos gif,5,es-es,1,1,1250
te echo de menos harlan coben serie,7,es-es,1,1,1250
te echo de menos letra kiko veneno,7,es-es,1,1,1250
te echo de menos mama,5,es-es,1,1,1250
te echo de menos pablo alboran,6,es-es,1,1,1250
te echo de menos saez,5,es-es,1,1,1250
te echo de menos todo este tiempo,7,es-es,1,1,1250
te echo de menos va con h o sin h,10,es-es,1,1,1250
te echo de menos y te extraño es lo mismo,10,es-es,1,1,1250
te extraño cancion,3,es-es,1,1,1250
tu me manques avis,4,fr-fr,1,1,1250
tu me manques fin,4,fr-fr,1,1,1250
tu me manques image,4,fr-fr,1,1,1250
tu me manques jean jacques goldman,6,fr-fr,1,1,1250
tu me manques kiruua,4,fr-fr,1,1,1250
tu me manques livre,4,fr-fr,1,1,1250
tu me manques maman,4,fr-fr,1,1,1250
tu me manques oli,4,fr-fr,1,1,1250
tu me manques pourtant tu es là,7,fr-fr,1,1,1250
tu me manques que repondre,5,fr-fr,1,1,1250
tu me manques resume,4,fr-fr,1,1,1250
tu me manques un peu beaucoup passionnément,7,fr-fr,1,1,1250
tu me manques vraiment,4,fr-fr,1,1,1250
tu me manques youtube,4,fr-fr,1,1,1250
tu me manques zouk paroles,5,fr-fr,1,1,1250
miss you mum,3,gb-en,1,1,1250
miss you poem,3,gb-en,1,1,1250
aku rindu kamu arab,4,id-id,1,1,1250
aku rindu kamu chord,4,id-id,1,1,1250
aku rindu kamu google,4,id-id,1,1,1250
aku rindu kamu rindu lirik,5,id-id,1,1,1250
aku rindu kamu sayang,4,id-id,1,1,1250
aku rindu kamu yang dulu,5,id-id,1,1,1250
kangen kamu dalam bahasa jepang,5,id-id,1,1,1250
kangen kamu glenn,3,id-id,1,1,1250
kangen kamu nak bahasa inggris,5,id-id,1,1,1250
i miss you code,4,in-en,1,1,1250
i miss you hindi,4,in-en,1,1,1250
i miss you jaan,4,in-en,1,1,1250
i miss you lot,4,in-en,1,1,1250
i miss you ringtone,4,in-en,1,1,1250
i miss you website,4,in-en,1,1,1250
i miss you with emoji,5,in-en,1,1,1250
miss you quotes after death,5,in-hi,1,1,1250
miss you quotes brother,4,in-hi,1,1,1250
miss you quotes heart touching,5,in-hi,1,1,1250
miss you quotes kannada,4,in-hi,1,1,1250
miss you quotes love,4,in-hi,1,1,1250
miss you quotes romantic,4,in-hi,1,1,1250
miss you quotes wife,4,in-hi,1,1,1250
mi manchi bertè,3,it-it,1,1,1250
mi manchi da morire,4,it-it,1,1,1250
mi manchi e vorrei,4,it-it,1,1,1250
mi manchi gif,3,it-it,1,1,1250
mi manchi jovanotti,3,it-it,1,1,1250
mi manchi karaoke,3,it-it,1,1,1250
mi manchi leali,3,it-it,1,1,1250
mi manchi mamma,3,it-it,1,1,1250
mi manchi nonna,3,it-it,1,1,1250
mi manchi ogni giorno,4,it-it,1,1,1250
mi manchi quando non ci sei,6,it-it,1,1,1250
mi manchi ristorante pizzeria specialità di pesce,7,it-it,1,1,1250
mi manchi sinonimo,3,it-it,1,1,1250
mi manchi una balena,4,it-it,1,1,1250
mi manchi vecchioni,3,it-it,1,1,1250
mi manchi youtube,3,it-it,1,1,1250
mi manchi zia,3,it-it,1,1,1250
会いたい gumi,2,jp-ja,1,1,1250
会いたい i miss you ドラマ,5,jp-ja,1,1,1250
会いたい radwimps 歌詞,3,jp-ja,1,1,1250
会いたい アイミスユー,2,jp-ja,1,1,1250
会いたい ドラマ,2,jp-ja,1,1,1250
会いたい なんの主題歌,2,jp-ja,1,1,1250
会いたい ボカロ,2,jp-ja,1,1,1250
会いたい ポケベル,2,jp-ja,1,1,1250
会いたい 和歌,2,jp-ja,1,1,1250
会いたい 洋楽,2,jp-ja,1,1,1250
会いたい 花言葉,2,jp-ja,1,1,1250
会いたい 財津和夫,2,jp-ja,1,1,1250
보고싶다 helloping lyrics,3,kr-ko,1,1,1250
보고싶다 lyrics english,3,kr-ko,1,1,1250
보고싶다 meaning,2,kr-ko,1,1,1250
보고싶다 pronunciation,2,kr-ko,1,1,1250
보고싶다 김범수,2,kr-ko,1,1,1250
보고싶다 최고음,2,kr-ko,1,1,1250
보고싶다 태국어,2,kr-ko,1,1,1250
보고싶다 피아노 악보,3,kr-ko,1,1,1250
보고싶다 한자,2,kr-ko,1,1,1250
te extraño whatsapp,3,mx-es,1,1,1250
ik mis je broer gedichten,5,nl-nl,1,1,1250
ik mis je cho,4,nl-nl,1,1,1250
ik mis je duits,4,nl-nl,1,1,1250
ik mis je frans,4,nl-nl,1,1,1250
ik mis je herman van veen,6,nl-nl,1,1,1250
ik mis je jeroen,4,nl-nl,1,1,1250
ik mis je kali,4,nl-nl,1,1,1250
ik mis je liedje,4,nl-nl,1,1,1250
ik mis je maaike ouboter,5,nl-nl,1,1,1250
ik mis je papa,4,nl-nl,1,1,1250
ik mis je roef,4,nl-nl,1,1,1250
ik mis je spaans,4,nl-nl,1,1,1250
ik mis je tekst,4,nl-nl,1,1,1250
ik mis je voor altijd,5,nl-nl,1,1,1250
ik mis je wanneer op tv,6,nl-nl,1,1,1250
ik mis je youtube,4,nl-nl,1,1,1250
miss kita agad in english,5,ph-en,1,1,1250
miss kita guitar chords,4,ph-en,1,1,1250
miss kita meme,3,ph-en,1,1,1250
miss kita quotes,3,ph-en,1,1,1250
miss kita tagalog,3,ph-en,1,1,1250
tesknie za toba braciszku,4,pl-pl,1,1,1250
tesknie za toba emotka,4,pl-pl,1,1,1250
tęsknię za tobą filmweb,4,pl-pl,1,1,1250
tęsknię za tobą harlan coben,5,pl-pl,1,1,1250
tęsknię za tobą kochanie,4,pl-pl,1,1,1250
tesknie za toba memy,4,pl-pl,1,1,1250
tesknie za toba tato,4,pl-pl,1,1,1250
tesknie za toba zwiastun,4,pl-pl,1,1,1250
скучаю по тебе gif,4,ru-ru,1,1,1250
скучаю по тебе милый,4,ru-ru,1,1,1250
скучаю по тебе нетфликс,4,ru-ru,1,1,1250
скучаю по тебе после расставания,5,ru-ru,1,1,1250
скучаю по тебе рейтинг,4,ru-ru,1,1,1250
скучаю по тебе три дня дождя,6,ru-ru,1,1,1250
скучаю по тебе українською,4,ru-ru,1,1,1250
скучаю по тебе это,4,ru-ru,1,1,1250
اشتقت اليك امي,3,sa-ar,1,1,1250
i miss you hannah montana,5,us-en,1,1,1250
i miss you klymaxx,4,us-en,1,1,1250
i miss you like,4,us-en,1,1,1250
i miss you poem,4,us-en,1,1,1250
i miss you rolling stones,5,us-en,1,1,1250
i miss you ukulele,4,us-en,1,1,1250
miss you charlie,3,us-en,1,1,1250
miss you nails,3,us-en,1,1,1250
miss you poems,3,us-en,1,1,1250
miss you vs i miss you,6,us-en,1,1,1250
sinto sua falta musica,4,br-pt,1,1,1202
sinto sua falta mensagem,4,br-pt,1,1,1201
te echo de menos harlan coben netflix,7,es-es,1,1,1201
tu me manques gaetan roussel,5,fr-fr,1,1,1201
miss you quotes one line,5,in-hi,1,1,1201
mi manchi ristorante pizzeria specialità di pesce menu,8,it-it,1,1,1201
saudades burra,2,br-pt,1,1,1200
saudades felipe rodrigues,3,br-pt,1,1,1200
saudades pai frases curtas,4,br-pt,1,1,1200
sinto sua falta irmão no céu você está,8,br-pt,1,1,1200
sinto sua falta letra skank,5,br-pt,1,1,1200
sinto sua falta meu amor,5,br-pt,1,1,1200
ich vermisse dich polnisch,4,de-de,1,1,1200
te echo de menos hermano,5,es-es,1,1,1200
te extraño abuela,3,es-es,1,1,1200
tu me manques felix radu,5,fr-fr,1,1,1200
tu me manques gif,4,fr-fr,1,1,1200
miss you quotes english,4,in-hi,1,1,1200
miss you quotes one word,5,in-hi,1,1,1200
mi manchi roberto vecchioni,4,it-it,1,1,1200
보고싶다 텍대,2,kr-ko,1,1,1200
ik mis je wel hoor,5,nl-nl,1,1,1200
i miss you when i blink,6,us-en,1,1,1200
i miss you very much in spanish,7,us-en,1,1,1152
saudades hinário adventista,3,br-pt,1,1,1150
ich vermisse dich mein schatz,5,de-de,1,1,1150
ich vermisse dich texte,4,de-de,1,1,1150
kangen kamu chord,3,id-id,1,1,1150
kangen kamu dalam bahasa arab,5,id-id,1,1,1150
i miss you code number,5,in-en,1,1,1150
mi manchi negli occhi,4,it-it,1,1,1150
会いたい インドネシア語,2,jp-ja,1,1,1150
会いたい ピアノ,2,jp-ja,1,1,1150
보고싶다 보고싶다 이런 내가 미워질만큼,5,kr-ko,1,1,1150
ik mis je afleveringen,4,nl-nl,1,1,1150
ik mis je rene froger lyrics,6,nl-nl,1,1,1150
i miss you vs i missed you,7,us-en,1,1,1150
tu me manques louane,4,fr-fr,1,1,1101
saudades não tem idade,4,br-pt,1,1,1100
ich vermisse dich kritik,4,de-de,1,1,1100
te echo de menos joaquin sabina,6,es-es,1,1,1100
tu me manques lsf,4,fr-fr,1,1,1100
i miss you lot meaning in kannada,7,in-en,1,1,1100
i miss you or i am missing you,8,in-en,1,1,1100
miss you quotes love short,5,in-hi,1,1,1100
mi manchi dei pooh,4,it-it,1,1,1100
会いたい 大森,2,jp-ja,1,1,1100
보고싶다 숫자,2,kr-ko,1,1,1100
보고싶다 하이스쿨,2,kr-ko,1,1,1100
ik mis je betekenis,4,nl-nl,1,1,1100
ik mis je dochter,4,nl-nl,1,1,1100
ik mis je voor altijd sabina m,7,nl-nl,1,1,1100
tęsknie za tobą czechu,4,pl-pl,1,1,1100
i miss you funny meme,5,us-en,1,1,1100
i miss you webbie,4,us-en,1,1,1100
sinto sua falta gusttavo lima,5,br-pt,1,1,1051
i miss you greeting card,5,in-en,1,1,1051
saudades né minha filha,4,br-pt,1,1,1050
sinto sua falta amiga,4,br-pt,1,1,1050
te echo de menos kiko veneno letra,7,es-es,1,1,1050
tu me manques citation,4,fr-fr,1,1,1050
miss you nights cliff richard,5,gb-en,1,1,1050
i miss you very badly,5,in-en,1,1,1050
会いたい ポルトガル語,2,jp-ja,1,1,1050
会いたい 逢いたい,2,jp-ja,1,1,1050
ik mis je chords,4,nl-nl,1,1,1050
ik mis je npo start,5,nl-nl,1,1,1050
ik mis je tv,4,nl-nl,1,1,1050
miss kita j brothers,4,ph-en,1,1,1050
miss kita quotes tagalog,4,ph-en,1,1,1050
tęsknię za tobą jak,4,pl-pl,1,1,1050
miss you harold melvin & the bluenotes,7,us-en,1,1,1050
miss you pictures,3,us-en,1,1,1050
ik mis je wel,4,nl-nl,1,1,1002
saudades que doi,3,br-pt,1,1,1001
ik mis je wilma,4,nl-nl,1,1,1001
saudades na bíblia,3,br-pt,1,1,1000
saudades que nao se desfaz,5,br-pt,1,1,1000
saudades vó textos,3,br-pt,1,1,1000
ich vermisse dich portugiesisch,4,de-de,1,1,1000
te echo de menos mi amor,6,es-es,1,1,1000
te echo de menos youtube,5,es-es,1,1,1000
tu me manques harry diboula,5,fr-fr,1,1,1000
mi manchi mamma frasi,4,it-it,1,1,1000
会いたい 絵文字,2,jp-ja,1,1,1000
ik mis je schat,4,nl-nl,1,1,1000
ik mis je william,4,nl-nl,1,1,1000
i miss you already,4,us-en,1,1,1000
i miss you r&b songs,5,us-en,1,1,1000
i miss you hindi meaning,5,in-en,1,1,951
i miss you dearly,4,us-en,1,1,951
i miss you now,4,us-en,1,1,951
miss you forgot something,4,us-en,1,1,951
saudades luto,2,br-pt,1,1,950
ich vermisse dich calligan,4,de-de,1,1,950
ich vermisse dich mama,4,de-de,1,1,950
ich vermisse dich rezension,4,de-de,1,1,950
ich vermisse dich und liebe dich,6,de-de,1,1,950
te echo de menos miniserie,5,es-es,1,1,950
kangen kamu dalam bahasa jawa,5,id-id,1,1,950
kangen kamu yang dulu,4,id-id,1,1,950
mi manchi sai,3,it-it,1,1,950
会いたい 別の言い方,2,jp-ja,1,1,950
会いたい 音域,2,jp-ja,1,1,950
ik mis je frank van etten lyrics,7,nl-nl,1,1,950
ik mis je ossip,4,nl-nl,1,1,950
ik mis je plaatjes,4,nl-nl,1,1,950
i miss you aaron hall,5,us-en,1,1,950
i miss you for her,5,us-en,1,1,950
i miss you netflix,4,us-en,1,1,950
보고싶다 맞춤법,2,kr-ko,1,1,902
saudades suas,2,br-pt,1,1,901
te echo de menos lo mismo que antes te echaba de mas,12,es-es,1,1,901
miss you vocals,3,gb-en,1,1,901
보고싶다 매튜렁,2,kr-ko,1,1,901
i miss you klymaxx lyrics,5,us-en,1,1,901
saudades grande,2,br-pt,1,1,900
saudades reprimida,2,br-pt,1,1,900
saudades significado,2,br-pt,1,1,900
sinto sua falta mãe,4,br-pt,1,1,900
sinto sua falta não posso esperar tanto tempo assim cifra,10,br-pt,1,1,900
ich vermisse dich trauer,4,de-de,1,1,900
te echo de menos luis miguel del amargue,8,es-es,1,1,900
te echo de menos noan,5,es-es,1,1,900
tu me manques nesly,4,fr-fr,1,1,900
tu me manques série netflix,5,fr-fr,1,1,900
miss you verses,3,gb-en,1,1,900
mi manchi nino d'angelo,4,it-it,1,1,900
mi manchi un sacco,4,it-it,1,1,900
会いたい 重い,2,jp-ja,1,1,900
보고싶다 밈,2,kr-ko,1,1,900
ik mis je mh17,4,nl-nl,1,1,900
скучаю по тебе муж,4,ru-ru,1,1,900
скучаю по тебе на армянском,5,ru-ru,1,1,900
i miss you poems for her,6,us-en,1,1,900
miss you bestie meme,4,us-en,1,1,900
te echo de menos italiano,5,es-es,1,1,852
tu me manques orthographe,4,fr-fr,1,1,852
te echo de menos imagenes,5,es-es,1,1,851
tu me manques italien,4,fr-fr,1,1,851
tu me manques oli pour qui,6,fr-fr,1,1,851
miss you picture,3,gb-en,1,1,851
会いたい gumi 歌詞,3,jp-ja,1,1,851
会いたい 四字熟語,2,jp-ja,1,1,851
ik mis je kaart,4,nl-nl,1,1,851
i miss you when you're gone,6,us-en,1,1,851
saudades barbara dias,3,br-pt,1,1,850
saudades henrique e juliano letra,5,br-pt,1,1,850
saudades quero arrancar essa página da minha vida,8,br-pt,1,1,850
saudades young no beatz lyrics,5,br-pt,1,1,850
ich vermisse dich handlung,4,de-de,1,1,850
ich vermisse dich wie,4,de-de,1,1,850
te echo de menos imdb,5,es-es,1,1,850
te echo de menos mama frases,6,es-es,1,1,850
te echo de menos taburete,5,es-es,1,1,850
te extraño y te olvido,5,es-es,1,1,850
tu me manques déjà,4,fr-fr,1,1,850
tu me manques imdb,4,fr-fr,1,1,850
tu me manques oli signification,5,fr-fr,1,1,850
i miss you copy and paste,6,in-en,1,1,850
i miss you ka matlab,5,in-en,1,1,850
i miss you yaar in hindi,6,in-en,1,1,850
mi manchi tantissimo,3,it-it,1,1,850
会いたい youtube,2,jp-ja,1,1,850
会いたい ワンピース,2,jp-ja,1,1,850
会いたい 画像,2,jp-ja,1,1,850
보고싶다 다시보기,2,kr-ko,1,1,850
ik mis je podcast,4,nl-nl,1,1,850
miss kita lyrics and chords,5,ph-en,1,1,850
i miss you you,4,us-en,1,1,850
miss you janet jackson,4,us-en,1,1,850
miss you upside down,4,us-en,1,1,850
보고싶다 노래방,2,kr-ko,1,1,803
i miss you juice wrld,5,us-en,1,1,803
ich vermisse dich griechisch,4,de-de,1,1,802
보고싶다 난이도,2,kr-ko,1,1,802
sinto sua falta irmã,4,br-pt,1,1,801
sinto sua falta tradução,4,br-pt,1,1,801
ich vermisse dich gif lustig,5,de-de,1,1,801
te echo de menos beret letra,6,es-es,1,1,801
i miss you lot meaning in hindi,7,in-en,1,1,801
mi manchi vecchioni testo,4,it-it,1,1,801
보고싶다 내사랑 가사,3,kr-ko,1,1,801
보고싶다 말하는 여자,3,kr-ko,1,1,801
보고싶다 보고 싶다 띄어쓰기,4,kr-ko,1,1,801
i miss you jokes,4,us-en,1,1,801
saudades gusttavo lima,3,br-pt,1,1,800
saudades ja,2,br-pt,1,1,800
saudades letra felipe rodrigues,4,br-pt,1,1,800
saudades pai falecido,3,br-pt,1,1,800
sinto sua falta imagens,4,br-pt,1,1,800
ich vermisse dich gedicht,4,de-de,1,1,800
ich vermisse dich trailer,4,de-de,1,1,800
te echo de menos amiga,5,es-es,1,1,800
te echo de menos bryant myers,6,es-es,1,1,800
te echo de menos de harlan coben,7,es-es,1,1,800
tu me manques oli paroles,5,fr-fr,1,1,800
miss you quotes long distance,5,in-hi,1,1,800
mi manchi come,3,it-it,1,1,800
mi manchi vecchioni significato,4,it-it,1,1,800
会いたい 山崎朋子 歌詞,3,jp-ja,1,1,800
보고싶다 내사랑 노래방,3,kr-ko,1,1,800
보고싶다 다란아,2,kr-ko,1,1,800
보고싶다 마굿간소들,2,kr-ko,1,1,800
보고싶다 박유천,2,kr-ko,1,1,800
ik mis je heel erg,5,nl-nl,1,1,800
ik mis je jeroen kasper,5,nl-nl,1,1,800
ik mis je pap,4,nl-nl,1,1,800
скучаю по тебе как,4,ru-ru,1,1,800
скучаю по тебе мама,4,ru-ru,1,1,800
i miss you joyce chu,5,us-en,1,1,800
i miss you lyrics blink 182,6,us-en,1,1,800
i miss you nickelback,4,us-en,1,1,800
i miss you pictures,4,us-en,1,1,800
i miss you vintage,4,us-en,1,1,800
miss you yesterday,3,us-en,1,1,800
보고싶다 tj,2,kr-ko,1,1,753
aku rindu kamu dalam bahasa inggris,6,id-id,1,1,752
보고싶다 숫자로,2,kr-ko,1,1,752
te extraño a cada minuto,5,es-es,1,1,751
aku rindu kamu dalam bahasa jepang,6,id-id,1,1,751
会いたい タイ語,2,jp-ja,1,1,751
会いたい 大江千里,2,jp-ja,1,1,751
보고싶다 시,2,kr-ko,1,1,751
te extraño abuelita,3,mx-es,1,1,751
miss kita j brothers karaoke number,6,ph-en,1,1,751
saudades joel e izael letra,5,br-pt,1,1,750
ich vermisse dich darija,4,de-de,1,1,750
ich vermisse dich film,4,de-de,1,1,750
ich vermisse dich unendlich sprüche,5,de-de,1,1,750
te echo de menos abuela,5,es-es,1,1,750
te echo de menos bachata,5,es-es,1,1,750
te echo de menos kiko veneno acordes,7,es-es,1,1,750
te echo de menos que quiere decir,7,es-es,1,1,750
te extraño balada,3,es-es,1,1,750
tu me manques gregoire,4,fr-fr,1,1,750
tu me manques romantique,4,fr-fr,1,1,750
tu me manques synonyme,4,fr-fr,1,1,750
miss you nan,3,gb-en,1,1,750
i miss you opposite word,5,in-en,1,1,750
mi manchi concato,3,it-it,1,1,750
mi manchi ristorante pizzeria specialità di pesce recensioni,8,it-it,1,1,750
会いたい ost,2,jp-ja,1,1,750
会いたい タロット,2,jp-ja,1,1,750
会いたい 占い,2,jp-ja,1,1,750
会いたい 財津和夫 沢田知可子,3,jp-ja,1,1,750
보고싶다 수어,2,kr-ko,1,1,750
보고싶다 주식회사,2,kr-ko,1,1,750
te extraño amor frases,4,mx-es,1,1,750
ik mis je van dichtbij het meest,7,nl-nl,1,1,750
miss kita j brothers lyrics and chords,7,ph-en,1,1,750
miss kita karaoke song,4,ph-en,1,1,750
i miss you aaliyah,4,us-en,1,1,750
i miss you elvis,4,us-en,1,1,750
i miss you funny gif,5,us-en,1,1,750
i miss you korean,4,us-en,1,1,750
miss you forgot something audio,5,us-en,1,1,750
miss you ultra slowed,4,us-en,1,1,750
sinto sua falta pagode,4,br-pt,1,1,702
tu me manques beaucoup en anglais,6,fr-fr,1,1,702
sinto sua falta pericles,4,br-pt,1,1,701
te echo de menos pelicula,5,es-es,1,1,701
te extraño cancion original,4,es-es,1,1,701
te extraño pelicula,3,es-es,1,1,701
tu me manques beaucoup en espagnol,6,fr-fr,1,1,701
mi manchi un po,4,it-it,1,1,701
会いたい 西野カナ,2,jp-ja,1,1,701
会いたい 誰の歌,2,jp-ja,1,1,701
te extraño canciones,3,mx-es,1,1,701
ik mis je seizoenen,4,nl-nl,1,1,701
скучаю по тебе мой любимый,5,ru-ru,1,1,701
saudades hino,2,br-pt,1,1,700
saudades não tem tradução,4,br-pt,1,1,700
sinto sua falta poema,4,br-pt,1,1,700
ich vermisse dich harlan coben besetzung,6,de-de,1,1,700
te echo de menos traductor,5,es-es,1,1,700
te extraño bolero,3,es-es,1,1,700
te extraño canción de luis miguel,6,es-es,1,1,700
tu me manques aussi en anglais,6,fr-fr,1,1,700
tu me manques bigflo et oli,6,fr-fr,1,1,700
tu me manques harlan coben série,6,fr-fr,1,1,700
tu me manques trop,4,fr-fr,1,1,700
kangen kamu dalam bahasa mandarin,5,id-id,1,1,700
i miss you or i missing you which is correct,10,in-en,1,1,700
mi manchi e ti penso,5,it-it,1,1,700
mi manchi non te lo dico mai,7,it-it,1,1,700
mi manchi un casino,4,it-it,1,1,700
会いたい ギターコード,2,jp-ja,1,1,700
会いたい ネタ画像,2,jp-ja,1,1,700
会いたい ボカロ 歌詞,3,jp-ja,1,1,700
会いたい 男性心理,2,jp-ja,1,1,700
会いたい 藤田麻衣子,2,jp-ja,1,1,700
보고싶다 스페인어,2,kr-ko,1,1,700
ik mis je foto,4,nl-nl,1,1,700
ik mis je seizoen 10,5,nl-nl,1,1,700
tęsknię za tobą cytaty,4,pl-pl,1,1,700
tesknie za toba streszczenie,4,pl-pl,1,1,700
скучаю по тебе моя девочка,5,ru-ru,1,1,700
скучаю по тебе на испанском,5,ru-ru,1,1,700
i miss you julia michaels,5,us-en,1,1,700
اشتقت اليك انجليزي,3,sa-ar,1,1,652
ich vermisse dich ein bisschen,5,de-de,1,1,651
te echo de menos de saez,6,es-es,1,1,651
aku rindu kamu dalam bahasa mandarin,6,id-id,1,1,651
i miss you all,4,in-en,1,1,651
i miss you your voice,5,in-en,1,1,651
miss you quotes sad,4,in-hi,1,1,651
mi manchi mi manchi,4,it-it,1,1,651
会いたい ポゴシプタ,2,jp-ja,1,1,651
보고싶다 친구야 노래,3,kr-ko,1,1,651
ik mis je kor hoebe,5,nl-nl,1,1,651
اشتقت اليك اخي,3,sa-ar,1,1,651
saudades frases curtas,3,br-pt,1,1,650
saudades jorge e mateus,4,br-pt,1,1,650
saudades nivel hard,3,br-pt,1,1,650
saudades ze badalhoco,3,br-pt,1,1,650
sinto sua falta netflix,4,br-pt,1,1,650
sinto sua falta serie netflix,5,br-pt,1,1,650
ich vermisse dich emoji whatsapp,5,de-de,1,1,650
ich vermisse dich katze,4,de-de,1,1,650
te echo de menos de donde viene,7,es-es,1,1,650
te echo de menos echo,5,es-es,1,1,650
te echo de menos trailer,5,es-es,1,1,650
te extraño de ricky martin,5,es-es,1,1,650
tu me manques casting,4,fr-fr,1,1,650
aku rindu kamu dalam bahasa arab,6,id-id,1,1,650
kangen kamu dalam berbagai bahasa,5,id-id,1,1,650
i miss you wallpaper 4k,5,in-en,1,1,650
i miss you yaar shayari,5,in-en,1,1,650
miss you quotes bengali,4,in-hi,1,1,650
miss you quotes hindi love,5,in-hi,1,1,650
miss you quotes sister,4,in-hi,1,1,650
mi manchi mina,3,it-it,1,1,650
mi manchi vecchioni accordi,4,it-it,1,1,650
会いたい なぜ,2,jp-ja,1,1,650
会いたい ポエム,2,jp-ja,1,1,650
会いたい 伝え方,2,jp-ja,1,1,650
会いたい 合唱,2,jp-ja,1,1,650
会いたい 返信,2,jp-ja,1,1,650
보고싶다 기타,2,kr-ko,1,1,650
보고싶다 중국어 암호,3,kr-ko,1,1,650
보고싶다 친구야 가사,3,kr-ko,1,1,650
ik mis je collega,4,nl-nl,1,1,650
ik mis je kasper,4,nl-nl,1,1,650
ik mis je meer en meer,6,nl-nl,1,1,650
скучаю по тебе на арабском,5,ru-ru,1,1,650
اشتقت اليك اختي,3,sa-ar,1,1,650
i miss you earthbound,4,us-en,1,1,650
miss you friend gif,4,us-en,1,1,650
miss you jerk,3,us-en,1,1,650
miss you nu aspect,4,us-en,1,1,650
ich vermisse dich auch auf englisch,6,de-de,1,1,608
saudades rio de janeiro,4,br-pt,1,1,606
ich vermisse dich auf spanisch,5,de-de,1,1,606
saudades abreviação,2,br-pt,1,1,605
saudades cidade,2,br-pt,1,1,605
saudades reflexão,2,br-pt,1,1,605
会いたい もさを 歌詞,3,jp-ja,1,1,605
скучаю по тебе три дня дождя текст,7,ru-ru,1,1,605
saudades colatina,2,br-pt,1,1,604
saudades que eu estava,4,br-pt,1,1,604
saudades rubel,2,br-pt,1,1,604
ich vermisse dich auch,4,de-de,1,1,604
会いたい miss you,3,jp-ja,1,1,604
скучаю по тебе трейлер,4,ru-ru,1,1,604
saudades amiga,2,br-pt,1,1,603
saudades clarice lispector,3,br-pt,1,1,603
saudades que não passa,4,br-pt,1,1,603
saudades roddie,2,br-pt,1,1,603
ich vermisse dich auf französisch,5,de-de,1,1,603
tu me manques paroles,4,fr-fr,1,1,603
aku rindu kamu dalam bahasa korea,6,id-id,1,1,603
会いたい もさを,2,jp-ja,1,1,603
ik mis je mam,4,nl-nl,1,1,603
ik mis je nu wel hier,6,nl-nl,1,1,603
скучаю по тебе трофим,4,ru-ru,1,1,603
i miss you dearly meaning,5,us-en,1,1,603
saudades a mil letra,4,br-pt,1,1,602
saudades chrystian e ralf cifra,5,br-pt,1,1,602
saudades felipe rodrigues letra,4,br-pt,1,1,602
saudades quando não cabe no coração escorre pelos olhos,9,br-pt,1,1,602
saudades rima,2,br-pt,1,1,602
sinto sua falta depois do adeus dailymotion,7,br-pt,1,1,602
sinto sua falta mago de tarso,6,br-pt,1,1,602
ich vermisse dich auf arabisch,5,de-de,1,1,602
ich vermisse dich gebärdensprache,4,de-de,1,1,602
ich vermisse dich mein schatz text,6,de-de,1,1,602
te echo de menos bebe,5,es-es,1,1,602
te echo de menos con h o sin h,9,es-es,1,1,602
te echo de menos de pablo alborán,7,es-es,1,1,602
te echo de menos meme,5,es-es,1,1,602
tu me manques papa,4,fr-fr,1,1,602
i miss you so much meaning in kannada,8,in-en,1,1,602
mi manchi karaoke con cori,5,it-it,1,1,602
mi manchi recalcati,3,it-it,1,1,602
会いたい misia,2,jp-ja,1,1,602
会いたい ドラマ キャスト,3,jp-ja,1,1,602
会いたい ベトナム語,2,jp-ja,1,1,602
会いたい 郷ひろみ,2,jp-ja,1,1,602
보고싶다 내사랑아,2,kr-ko,1,1,602
보고싶다 드라마 다시보기,3,kr-ko,1,1,602
보고싶다 모스부호,2,kr-ko,1,1,602
보고싶다 이렇게 말하니까 더 보고싶다,5,kr-ko,1,1,602
ik mis je italiaans,4,nl-nl,1,1,602
ik mis je maaike ouboter lyrics,6,nl-nl,1,1,602
ik mis je nog steeds,5,nl-nl,1,1,602
ik mis je ook,4,nl-nl,1,1,602
ik mis je sven,4,nl-nl,1,1,602
ik mis je urk,4,nl-nl,1,1,602
ik mis je wel een beetje,6,nl-nl,1,1,602
miss kita chords frank ely,5,ph-en,1,1,602
скучаю по тебе на турецком,5,ru-ru,1,1,602
скучаю по тебе тестостерон,4,ru-ru,1,1,602
miss you friend meme,4,us-en,1,1,602
how to explain saudades,4,br-pt,1,1,601
saudades as desvantagens de amar alguém que mora longe,9,br-pt,1,1,601
saudades boa,2,br-pt,1,1,601
saudades cabelos brancos,3,br-pt,1,1,601
saudades da minha best,4,br-pt,1,1,601
saudades eternas pai,3,br-pt,1,1,601
saudades filho falecido,3,br-pt,1,1,601
saudades fm online,3,br-pt,1,1,601
saudades forte,2,br-pt,1,1,601
saudades grande ou grandes,4,br-pt,1,1,601
saudades hariel letra,3,br-pt,1,1,601
saudades jrp,2,br-pt,1,1,601
saudades karaoke,2,br-pt,1,1,601
saudades louvor,2,br-pt,1,1,601
saudades mil letra,3,br-pt,1,1,601
saudades no plural,3,br-pt,1,1,601
saudades ou saldades,3,br-pt,1,1,601
saudades palavra triste,3,br-pt,1,1,601
saudades que não tem fim,5,br-pt,1,1,601
saudades rio negro e solimões,5,br-pt,1,1,601
saudades suas ou sua,4,br-pt,1,1,601
saudades te amo,3,br-pt,1,1,601
saudades um44k,2,br-pt,1,1,601
saudades vovó,2,br-pt,1,1,601
saudades wagner roberto letra,4,br-pt,1,1,601
saudades xand avião,3,br-pt,1,1,601
saudades youtube,2,br-pt,1,1,601
saudades zoar de bike,4,br-pt,1,1,601
sinto sua falta a todo instante,6,br-pt,1,1,601
sinto sua falta depois do adeus elenco,7,br-pt,1,1,601
sinto sua falta depois do adeus wikipedia,7,br-pt,1,1,601
sinto sua falta ferrugem letra,5,br-pt,1,1,601
sinto sua falta gif,4,br-pt,1,1,601
sinto sua falta harlan coben,5,br-pt,1,1,601
sinto sua falta japones,4,br-pt,1,1,601
sinto sua falta lexa,4,br-pt,1,1,601
sinto sua falta mas,4,br-pt,1,1,601
sinto sua falta nao posso esperar tanto tempo assim letra,10,br-pt,1,1,601
sinto sua falta pensador,4,br-pt,1,1,601
sinto sua falta quando me chamava de pai,8,br-pt,1,1,601
sinto sua falta resposta,4,br-pt,1,1,601
sinto sua falta skank letra,5,br-pt,1,1,601
sinto sua falta todo dia,5,br-pt,1,1,601
sinto sua falta ukulele,4,br-pt,1,1,601
sinto sua falta vovô,4,br-pt,1,1,601
sinto sua falta youtube,4,br-pt,1,1,601
sinto sua falta zeze di camargo e luciano,8,br-pt,1,1,601
ich vermisse dich anders formulieren,5,de-de,1,1,601
ich vermisse dich auf polnisch,5,de-de,1,1,601
ich vermisse dich bedeutung mann,5,de-de,1,1,601
ich vermisse dich bester freund,5,de-de,1,1,601
ich vermisse dich chords,4,de-de,1,1,601
ich vermisse dich dänisch,4,de-de,1,1,601
ich vermisse dich einfach,4,de-de,1,1,601
ich vermisse dich folgen,4,de-de,1,1,601
ich vermisse dich ganz arg,5,de-de,1,1,601
ich vermisse dich hund,4,de-de,1,1,601
ich vermisse dich immer noch,5,de-de,1,1,601
ich vermisse dich in english,5,de-de,1,1,601
ich vermisse dich jetzt schon englisch,6,de-de,1,1,601
ich vermisse dich kurdisch,4,de-de,1,1,601
ich vermisse dich lune lyrics,5,de-de,1,1,601
ich vermisse dich mein freund,5,de-de,1,1,601
ich vermisse dich netflix bewertung,5,de-de,1,1,601
ich vermisse dich persisch,4,de-de,1,1,601
ich vermisse dich quotes,4,de-de,1,1,601
ich vermisse dich rotten tomatoes,5,de-de,1,1,601
ich vermisse dich sehr,4,de-de,1,1,601
ich vermisse dich türkische übersetzung,5,de-de,1,1,601
ich vermisse dich ungarisch,4,de-de,1,1,601
ich vermisse dich vietnamesisch,4,de-de,1,1,601
ich vermisse dich wahnsinnig,4,de-de,1,1,601
ich vermisse dich zlatko,4,de-de,1,1,601
formas de decir te echo de menos,7,es-es,1,1,601
te echo de menos amor cancion,6,es-es,1,1,601
te echo de menos bachata letra,6,es-es,1,1,601
te echo de menos capitulos,5,es-es,1,1,601
te echo de menos donde ver,6,es-es,1,1,601
te echo de menos en valenciano,6,es-es,1,1,601
te echo de menos frases bonitas,6,es-es,1,1,601
te echo de menos gif animado,6,es-es,1,1,601
te echo de menos hombres g,6,es-es,1,1,601
te echo de menos juan pardo,6,es-es,1,1,601
te echo de menos kiko veneno significado,7,es-es,1,1,601
te echo de menos libro,5,es-es,1,1,601
te echo de menos mami,5,es-es,1,1,601
te echo de menos no se ni donde estas,9,es-es,1,1,601
te echo de menos opiniones,5,es-es,1,1,601
te echo de menos poema,5,es-es,1,1,601
te echo de menos que significa en español,8,es-es,1,1,601
te echo de menos reseñas,5,es-es,1,1,601
te echo de menos temporada 2,6,es-es,1,1,601
te echo de menos un monton,6,es-es,1,1,601
te echo de menos velito el bufon,7,es-es,1,1,601
te echo de menos wikipedia serie,6,es-es,1,1,601
te echo de menos ya,5,es-es,1,1,601
te extraño ataca y la alemana,6,es-es,1,1,601
te extraño bachata version,4,es-es,1,1,601
te extraño junior h,4,es-es,1,1,601
te extraño mi vida juan luis guerra,7,es-es,1,1,601
te extraño papa cancion,4,es-es,1,1,601
te extraño te olvido y te amo de nuevo,9,es-es,1,1,601
te extraño y sin ti no puedo estar,8,es-es,1,1,601
what is te echo de menos,6,es-es,1,1,601
bisous tu me manques 2026,5,fr-fr,1,1,601
quand tu me manques je mets la main sur mon coeur,11,fr-fr,1,1,601
tu me manques anglais,4,fr-fr,1,1,601
tu me manques beaucoup en italien,6,fr-fr,1,1,601
tu me manques coben,4,fr-fr,1,1,601
tu me manques déjà en anglais,6,fr-fr,1,1,601
tu me manques en allemand,5,fr-fr,1,1,601
tu me manques goldman,4,fr-fr,1,1,601
tu me manques harry diboula paroles,6,fr-fr,1,1,601
tu me manques je pense à toi,7,fr-fr,1,1,601
tu me manques kaky,4,fr-fr,1,1,601
tu me manques lara fabian,5,fr-fr,1,1,601
tu me manques mary malone,5,fr-fr,1,1,601
tu me manques netflix avis,5,fr-fr,1,1,601
tu me manques poeme,4,fr-fr,1,1,601
tu me manques quotes,4,fr-fr,1,1,601
tu me manques réponse,4,fr-fr,1,1,601
tu me manques saison 2,5,fr-fr,1,1,601
tu me manques sans cesse,5,fr-fr,1,1,601
tu me manques terriblement,4,fr-fr,1,1,601
tu me manques un peu en anglais,7,fr-fr,1,1,601
tu me manques vanessa paradis,5,fr-fr,1,1,601
tu me manques wikipédia,4,fr-fr,1,1,601
tu me manques youza,4,fr-fr,1,1,601
tu me manques zouk love,5,fr-fr,1,1,601
why is it tu me manques,6,fr-fr,1,1,601
miss you come here,4,gb-en,1,1,601
miss you forever josephine cox,5,gb-en,1,1,601
miss you franky rizardo,4,gb-en,1,1,601
miss you jokes one liners,5,gb-en,1,1,601
miss you presents,3,gb-en,1,1,601
miss you teddy,3,gb-en,1,1,601
aku kangen kamu orang asing,5,id-id,1,1,601
aku kangen kamu reggae,4,id-id,1,1,601
aku rindu kamu ayah bahasa inggris,6,id-id,1,1,601
aku rindu kamu bahasa urdu,5,id-id,1,1,601
aku rindu kamu dalam berbagai bahasa,6,id-id,1,1,601
aku rindu kamu jadi satu lirik,6,id-id,1,1,601
aku rindu kamu karaoke,4,id-id,1,1,601
aku rindu kamu lagu,4,id-id,1,1,601
aku rindu kamu nak bahasa inggris,6,id-id,1,1,601
aku rindu kamu pake tulisan arab,6,id-id,1,1,601
aku rindu kamu sayang bahasa batak,6,id-id,1,1,601
aku rindu kamu translate,4,id-id,1,1,601
chord aku rindu kamu harmonia,5,id-id,1,1,601
kangen kamu artinya,3,id-id,1,1,601
kangen kamu cafe,3,id-id,1,1,601
kangen kamu dalam bahasa sunda,5,id-id,1,1,601
kangen kamu juga,3,id-id,1,1,601
kangen kamu kahitna,3,id-id,1,1,601
kangen kamu meaning,3,id-id,1,1,601
kangen kamu nak,3,id-id,1,1,601
kangen kamu quotes,3,id-id,1,1,601
kangen kamu terus bahasa inggris,5,id-id,1,1,601
kangen kamu vanessa,3,id-id,1,1,601
karaoke rindu aku rindu kamu wanita,6,id-id,1,1,601
lirik glenn kangen kamu,4,id-id,1,1,601
rindu aku rindu kamu full lirik,6,id-id,1,1,601
rindu aku rindu kamu genre apa,6,id-id,1,1,601
rindu aku rindu kamu original,5,id-id,1,1,601
rindu aku rindu kamu versi sholawat,6,id-id,1,1,601
zumba rindu aku rindu kamu,5,id-id,1,1,601
how i miss you foo fighters,6,in-en,1,1,601
i miss you all meaning in hindi,7,in-en,1,1,601
i miss you free fire,5,in-en,1,1,601
i miss you guys meaning in hindi,7,in-en,1,1,601
i miss you him meaning in hindi,7,in-en,1,1,601
i miss you jaan meaning in hindi,7,in-en,1,1,601
i miss you ka hindi,5,in-en,1,1,601
i miss you letter to my love,7,in-en,1,1,601
i miss you odia meaning,5,in-en,1,1,601
i miss you papa in hindi,6,in-en,1,1,601
i miss you really,4,in-en,1,1,601
i miss you so much meaning in hindi,8,in-en,1,1,601
i miss you too meaning in kannada,7,in-en,1,1,601
i miss you uncle quotes,5,in-en,1,1,601
i miss you very much in hindi,7,in-en,1,1,601
i miss you wife,4,in-en,1,1,601
miss you ka matlab,4,in-en,1,1,601
do i miss you quotes,5,in-hi,1,1,601
miss you jiju quotes,4,in-hi,1,1,601
miss you quotes after break up,6,in-hi,1,1,601
miss you quotes colleagues,4,in-hi,1,1,601
miss you quotes death anniversary,5,in-hi,1,1,601
miss you quotes emotional,4,in-hi,1,1,601
miss you quotes for your best friend,7,in-hi,1,1,601
miss you quotes gujarati text,5,in-hi,1,1,601
miss you quotes hindi english,5,in-hi,1,1,601
miss you quotes kannada short,5,in-hi,1,1,601
miss you quotes long distance relationship,6,in-hi,1,1,601
miss you quotes nepali,4,in-hi,1,1,601
miss you quotes odia,4,in-hi,1,1,601
miss you quotes pinterest,4,in-hi,1,1,601
miss you quotes rip,4,in-hi,1,1,601
miss you quotes simple,4,in-hi,1,1,601
miss you quotes telugu,4,in-hi,1,1,601
miss you quotes urdu,4,in-hi,1,1,601
miss you veere quotes in punjabi,6,in-hi,1,1,601
miss you माँ याद शायरी,5,in-hi,1,1,601
when you miss quotes,4,in-hi,1,1,601
will miss you quotes,4,in-hi,1,1,601
mi manchi anche tu in inglese,6,it-it,1,1,601
mi manchi berte testo,4,it-it,1,1,601
mi manchi come frasi,4,it-it,1,1,601
mi manchi da morire frasi,5,it-it,1,1,601
mi manchi e non lo sai,6,it-it,1,1,601
mi manchi fausto leali testo,5,it-it,1,1,601
mi manchi già in inglese,5,it-it,1,1,601
mi manchi jelentése,3,it-it,1,1,601
mi manchi karaoke pooh,4,it-it,1,1,601
mi manchi loredana bertè testo,5,it-it,1,1,601
mi manchi molto in spagnolo,5,it-it,1,1,601
mi manchi nella lista delle cose che non ho,9,it-it,1,1,601
mi manchi quando il sole da la mano all orizzonte,10,it-it,1,1,601
mi manchi roberto vecchioni testo,5,it-it,1,1,601
mi manchi sanremo 2026,4,it-it,1,1,601
mi manchi spagnolo,3,it-it,1,1,601
mi manchi testo paky,4,it-it,1,1,601
mi manchi umberto tozzi,4,it-it,1,1,601
mi manchi veramente troppo troppo ancora,6,it-it,1,1,601
mi manchi which language,4,it-it,1,1,601
mi manchi youtube fausto leali,5,it-it,1,1,601
mi manchi zio,3,it-it,1,1,601
tu mi manchi forte,4,it-it,1,1,601
what does mi manchi mean,5,it-it,1,1,601
ジョンハン 会いたい アップルミュージック,3,jp-ja,1,1,601
会いたい feat.gumi,2,jp-ja,1,1,601
会いたい vocaloid,2,jp-ja,1,1,601
会いたい おもしろ画像,2,jp-ja,1,1,601
会いたい タガログ語,2,jp-ja,1,1,601
会いたい ドイツ語,2,jp-ja,1,1,601
会いたい ビジネス,2,jp-ja,1,1,601
会いたい ポゴシプタ 歌詞,3,jp-ja,1,1,601
会いたい ミリヤ,2,jp-ja,1,1,601
会いたい わがまま 彼女,3,jp-ja,1,1,601
会いたい 会いたい 歌詞,3,jp-ja,1,1,601
会いたい 何話まで,2,jp-ja,1,1,601
会いたい 合唱曲,2,jp-ja,1,1,601
会いたい 恋愛ソング,2,jp-ja,1,1,601
会いたい 意味,2,jp-ja,1,1,601
会いたい 歌 男性,3,jp-ja,1,1,601
会いたい 沢田知可子 歌詞,3,jp-ja,1,1,601
会いたい 知恵袋,2,jp-ja,1,1,601
会いたい 英語 スラング,3,jp-ja,1,1,601
会いたい 韻,2,jp-ja,1,1,601
会い度い 読み方,2,jp-ja,1,1,601
보고싶다 gif,2,kr-ko,1,1,601
보고싶다 kim bumsoo song lyrics,5,kr-ko,1,1,601
보고싶다 letra,2,kr-ko,1,1,601
보고싶다 ost 드라마,3,kr-ko,1,1,601
보고싶다 piano,2,kr-ko,1,1,601
보고싶다 vs 보고싶어,3,kr-ko,1,1,601
보고싶다 그렉,2,kr-ko,1,1,601
보고싶다 난이도 디시,3,kr-ko,1,1,601
보고싶다 드라마 ost,3,kr-ko,1,1,601
보고싶다 말하는 남자,3,kr-ko,1,1,601
보고싶다 보고싶다 bts,3,kr-ko,1,1,601
보고싶다 사투리,2,kr-ko,1,1,601
보고싶다 이모티콘,2,kr-ko,1,1,601
보고싶다 중국암호,2,kr-ko,1,1,601
보고싶다 춘자야,2,kr-ko,1,1,601
te extraño abuelo,3,mx-es,1,1,601
te extraño de un extraño letra,6,mx-es,1,1,601
ik mis je 4 april 2026,6,nl-nl,1,1,601
ik mis je als kiespijn,5,nl-nl,1,1,601
ik mis je blijf bij me hou van me,9,nl-nl,1,1,601
ik mis je carmen en jeroen,6,nl-nl,1,1,601
ik mis je darija,4,nl-nl,1,1,601
ik mis je franse taal,5,nl-nl,1,1,601
ik mis je gedichten liefde,5,nl-nl,1,1,601
ik mis je heel erg veel,6,nl-nl,1,1,601
ik mis je jeroen van veen,6,nl-nl,1,1,601
ik mis je kempi,4,nl-nl,1,1,601
ik mis je lyrics,4,nl-nl,1,1,601
ik mis je mijn liefste,5,nl-nl,1,1,601
ik mis je nog matthijn buwalda tekst,7,nl-nl,1,1,601
ik mis je ontzettend veel,5,nl-nl,1,1,601
ik mis je programma,4,nl-nl,1,1,601
ik mis je quotes overlijden,5,nl-nl,1,1,601
ik mis je rick en judith,6,nl-nl,1,1,601
ik mis je songtekst,4,nl-nl,1,1,601
ik mis je tv programma,5,nl-nl,1,1,601
ik mis je uitzendingen,4,nl-nl,1,1,601
ik mis je vandaag een beetje meer,7,nl-nl,1,1,601
ik mis je waylon,4,nl-nl,1,1,601
ik mis je yoran krol,5,nl-nl,1,1,601
ik mis je zo boek,5,nl-nl,1,1,601
miss applegate kindergarten,3,ph-en,1,1,601
miss kita aking mahal j brothers lyrics,7,ph-en,1,1,601
miss kita bit me,4,ph-en,1,1,601
miss kita chords and lyrics,5,ph-en,1,1,601
miss kita din,3,ph-en,1,1,601
miss kita english,3,ph-en,1,1,601
miss kita gif,3,ph-en,1,1,601
miss kita hugot lines,4,ph-en,1,1,601
miss kita j brothers platinum number,6,ph-en,1,1,601
miss kita lyrics khel pangilinan,5,ph-en,1,1,601
miss kita mahal,3,ph-en,1,1,601
miss kita nyt lumenda karaoke,5,ph-en,1,1,601
miss kita pagkatapos ng paalam,5,ph-en,1,1,601
miss kita remix,3,ph-en,1,1,601
miss kita songbook number,4,ph-en,1,1,601
miss kita tuwing christmas,4,ph-en,1,1,601
miss kita ukulele chords,4,ph-en,1,1,601
miss kita videoke,3,ph-en,1,1,601
miss kita.kung xmas,3,ph-en,1,1,601
miss na kita original singer,5,ph-en,1,1,601
miss na miss na kita zild,6,ph-en,1,1,601
what does miss kita mean,5,ph-en,1,1,601
who sang miss na miss kita,6,ph-en,1,1,601
tesknie za toba aqua aktorka,5,pl-pl,1,1,601
tęsknię za tobą bardzo mocno piosenka,6,pl-pl,1,1,601
tęsknię za tobą coben film,5,pl-pl,1,1,601
tęsknię za tobą english,4,pl-pl,1,1,601
tęsknię za tobą filmy,4,pl-pl,1,1,601
tesknie za toba gdzie krecono,5,pl-pl,1,1,601
tęsknię za tobą harlan coben serial,6,pl-pl,1,1,601
tesknie za toba imdb,4,pl-pl,1,1,601
tesknie za toba jak sie konczy,6,pl-pl,1,1,601
tesknie za toba ksiazka,4,pl-pl,1,1,601
tęsknię za tobą lubimyczytać,4,pl-pl,1,1,601
tesknie za toba musicairecords tekst,5,pl-pl,1,1,601
tęsknię za tobą obrazki,4,pl-pl,1,1,601
tesknie za toba po pozegnaniu online,6,pl-pl,1,1,601
tęsknię za tobą po ukraińsku,5,pl-pl,1,1,601
tęsknię za tobą robi,4,pl-pl,1,1,601
tesknie za toba s01e01,4,pl-pl,1,1,601
tęsknię za tobą tekst,4,pl-pl,1,1,601
tęsknię za tobą verba,4,pl-pl,1,1,601
tęsknię za tobą wiersz,4,pl-pl,1,1,601
tęsknię za tobą youtube,4,pl-pl,1,1,601
tesknie za toba zakończenie,4,pl-pl,1,1,601
скучаю по тебе дорама 2026,5,ru-ru,1,1,601
скучаю по тебе корейский фильм,5,ru-ru,1,1,601
скучаю по тебе любимая своими словами,6,ru-ru,1,1,601
скучаю по тебе любимый gif,5,ru-ru,1,1,601
скучаю по тебе мужчине,4,ru-ru,1,1,601
скучаю по тебе на татарском,5,ru-ru,1,1,601
скучаю по тебе перевод на английский,6,ru-ru,1,1,601
скучаю по тебе текст трофимов,5,ru-ru,1,1,601
я скучаю по тебе я люблю тебя,7,ru-ru,1,1,601
اشتقت إليك ishtaqtu ilayk,4,sa-ar,1,1,601
اشتقت إليك meaning,3,sa-ar,1,1,601
اشتقت اليك en anglais,4,sa-ar,1,1,601
اشتقت اليك traduction en francais,5,sa-ar,1,1,601
ozledim seni lyrics,3,tr-tr,1,1,601
özledim seni videolari,3,tr-tr,1,1,601
seni oyle ozledim ki,4,tr-tr,1,1,601
seni özledim bilekliği,3,tr-tr,1,1,601
seni özledim canım ingilizce,4,tr-tr,1,1,601
seni özledim emojisi,3,tr-tr,1,1,601
seni özledim gif,3,tr-tr,1,1,601
seni özledim halit bilgiç,4,tr-tr,1,1,601
seni özledim ispanyolca,3,tr-tr,1,1,601
seni özledim japonca,3,tr-tr,1,1,601
seni özledim portekizce,3,tr-tr,1,1,601
seni özledim rusça,3,tr-tr,1,1,601
seni özledim translate in english,5,tr-tr,1,1,601
seni özledim unuttum bütün kırgınlıkları,5,tr-tr,1,1,601
seni özledim yerine ne denir,5,tr-tr,1,1,601
seni özledim zazaca,3,tr-tr,1,1,601
i miss you beyonce lyrics,5,us-en,1,1,601
i miss you can i see you bae,8,us-en,1,1,601
i miss you drake,4,us-en,1,1,601
i miss you everywhere,4,us-en,1,1,601
i miss you harold melvin lyrics,6,us-en,1,1,601
i miss you juice wrld meme,6,us-en,1,1,601
i miss you kim bum soo,6,us-en,1,1,601
i miss you like quotes,5,us-en,1,1,601
i miss you now lyrics,5,us-en,1,1,601
i miss you oliver tree lyrics,6,us-en,1,1,601
i miss you release date,5,us-en,1,1,601
i miss you spanish,4,us-en,1,1,601
i miss you too or to,6,us-en,1,1,601
i miss you vs miss you too,7,us-en,1,1,601
i miss you webbie lyrics,5,us-en,1,1,601
i miss you yes i do,6,us-en,1,1,601
miss you bestie gif funny,5,us-en,1,1,601
miss you corpse lyrics,4,us-en,1,1,601
miss you definition,3,us-en,1,1,601
miss you forgot something audio original,6,us-en,1,1,601
miss you john waite,4,us-en,1,1,601
miss you much lyrics,4,us-en,1,1,601
miss you nu aspect lyrics,5,us-en,1,1,601
miss you so frank ocean lyrics,6,us-en,1,1,601
miss you video oliver tree,5,us-en,1,1,601
miss you when you're gone cranberries,6,us-en,1,1,601
ferrugem sinto sua falta karaoke,5,br-pt,1,1,600
figurinha whatsapp sinto sua falta,5,br-pt,1,1,600
how to pronounce saudades,4,br-pt,1,1,600
is it saudade or saudades,5,br-pt,1,1,600
radio online saudade,3,br-pt,1,1,600
saudade zeze,2,br-pt,1,1,600
saudades amor frases,3,br-pt,1,1,600
saudades bar floripa,3,br-pt,1,1,600
saudades cabelinho,2,br-pt,1,1,600
saudades das minhas bests,4,br-pt,1,1,600
saudades eternas frases curtas,4,br-pt,1,1,600
saudades eternas template,3,br-pt,1,1,600
saudades fm santos,3,br-pt,1,1,600
saudades forro,2,br-pt,1,1,600
saudades hinário,2,br-pt,1,1,600
saudades já tem nome de mulher,6,br-pt,1,1,600
saudades klessinha,2,br-pt,1,1,600
saudades luiz lins letra,4,br-pt,1,1,600
saudades mãe,2,br-pt,1,1,600
saudades nelsinho correa,3,br-pt,1,1,600
saudades ou saudade de você,5,br-pt,1,1,600
saudades pai e mãe falecidos,5,br-pt,1,1,600
saudades que fica,3,br-pt,1,1,600
saudades restaurant,2,br-pt,1,1,600
saudades santa catarina,3,br-pt,1,1,600
saudades ursinho pooh,3,br-pt,1,1,600
saudades vó que faleceu tumblr,5,br-pt,1,1,600
saudades wallpaper,2,br-pt,1,1,600
saudades x saudade,3,br-pt,1,1,600
saudades yacht,2,br-pt,1,1,600
serie sinto sua falta depois do adeus online,8,br-pt,1,1,600
sinto sua falta amiga texto,5,br-pt,1,1,600
sinto sua falta cifra ukulele,5,br-pt,1,1,600
sinto sua falta compositor,4,br-pt,1,1,600
sinto sua falta depois do adeus youtube,7,br-pt,1,1,600
sinto sua falta drama,4,br-pt,1,1,600
sinto sua falta em coreano,5,br-pt,1,1,600
sinto sua falta frases,4,br-pt,1,1,600
sinto sua falta gato,4,br-pt,1,1,600
sinto sua falta hoje,4,br-pt,1,1,600
sinto sua falta letra desejo de menina,7,br-pt,1,1,600
sinto sua falta mae falecida,5,br-pt,1,1,600
sinto sua falta nao posso esperar tanto assim,8,br-pt,1,1,600
sinto sua falta o tempo todo,6,br-pt,1,1,600
sinto sua falta quando acordo antes de você,8,br-pt,1,1,600
sinto sua falta saudades,4,br-pt,1,1,600
sinto sua falta victor e leo,6,br-pt,1,1,600
sinto sua falta xiao,4,br-pt,1,1,600
taça dass saudades 2026,4,br-pt,1,1,600
what does saudades mean in portuguese,6,br-pt,1,1,600
ich vermisse dich bedeutung,4,de-de,1,1,600
ich vermisse dich brief vorlage,5,de-de,1,1,600
ich vermisse dich coben serie,5,de-de,1,1,600
ich vermisse dich das lied,5,de-de,1,1,600
ich vermisse dich english,4,de-de,1,1,600
ich vermisse dich freundin,4,de-de,1,1,600
ich vermisse dich gute nacht,5,de-de,1,1,600
ich vermisse dich himmel,4,de-de,1,1,600
ich vermisse dich in englisch,5,de-de,1,1,600
ich vermisse dich ireen sheer,5,de-de,1,1,600
ich vermisse dich jede sekunde,5,de-de,1,1,600
ich vermisse dich kerstin f,5,de-de,1,1,600
ich vermisse dich lied text,5,de-de,1,1,600
ich vermisse dich mein freund böhse onkelz,7,de-de,1,1,600
ich vermisse dich missing you,5,de-de,1,1,600
ich vermisse dich netflix serie,5,de-de,1,1,600
ich vermisse dich opa,4,de-de,1,1,600
ich vermisse dich parker,4,de-de,1,1,600
ich vermisse dich que significa,5,de-de,1,1,600
ich vermisse dich rishi,4,de-de,1,1,600
ich vermisse dich sprüche beste freundin,6,de-de,1,1,600
ich vermisse dich sprüche liebe,5,de-de,1,1,600
ich vermisse dich trailer deutsch,5,de-de,1,1,600
ich vermisse dich und denke an dich,7,de-de,1,1,600
ich vermisse dich von ireen sheer,6,de-de,1,1,600
ich vermisse dich wie verrückt,5,de-de,1,1,600
ich vermisse dich zahlencode,4,de-de,1,1,600
what is ich vermisse dich,5,de-de,1,1,600
xavier naidoo ich vermisse dich,5,de-de,1,1,600
forma correcta de escribir te echo de menos,8,es-es,1,1,600
te echo de menos amor la trampa,7,es-es,1,1,600
te echo de menos beret acordes,6,es-es,1,1,600
te echo de menos cancion letra,6,es-es,1,1,600
te echo de menos castlevania,5,es-es,1,1,600
te echo de menos co to znaczy,7,es-es,1,1,600
te echo de menos de chayanne,6,es-es,1,1,600
te echo de menos en portugues,6,es-es,1,1,600
te echo de menos frances,5,es-es,1,1,600
te echo de menos guía de episodios,7,es-es,1,1,600
te echo de menos hoy significado,6,es-es,1,1,600
te echo de menos jokin de irala,7,es-es,1,1,600
te echo de menos lleva h,6,es-es,1,1,600
te echo de menos maria artes,6,es-es,1,1,600
te echo de menos nacionalidad,5,es-es,1,1,600
te echo de menos o te extraño,7,es-es,1,1,600
te echo de menos portugues,5,es-es,1,1,600
te echo de menos que responder,6,es-es,1,1,600
te echo de menos ramudo letra,6,es-es,1,1,600
te echo de menos se escribe con h o sin h,11,es-es,1,1,600
te echo de menos un poquito,6,es-es,1,1,600
te echo de menos velito,5,es-es,1,1,600
te echo de menos wikipedia,5,es-es,1,1,600
te echo de menos yo tambien,6,es-es,1,1,600
te extraño amor mio como el sol a la mañana,10,es-es,1,1,600
te extraño big dario,4,es-es,1,1,600
te extraño chayanne,3,es-es,1,1,600
te extraño de mas,4,es-es,1,1,600
te extraño letra ñengo,4,es-es,1,1,600
te extraño poema neruda,4,es-es,1,1,600
te extraño y te recuerdo al amanecer,7,es-es,1,1,600
xavibo yo te echo de menos cuando estoy.con todos,9,es-es,1,1,600
distribution de bisous tu me manques 2026,7,fr-fr,1,1,600
quand tu me manques,4,fr-fr,1,1,600
tu me manques acteur,4,fr-fr,1,1,600
tu me manques appelle moi,5,fr-fr,1,1,600
tu me manques après l adieu free,7,fr-fr,1,1,600
tu me manques beaucoup mon amour,6,fr-fr,1,1,600
tu me manques chérie,4,fr-fr,1,1,600
tu me manques depuis longtemps,5,fr-fr,1,1,600
tu me manques en marocain,5,fr-fr,1,1,600
tu me manques en yoruba,5,fr-fr,1,1,600
tu me manques film netflix,5,fr-fr,1,1,600
tu me manques grave,4,fr-fr,1,1,600
tu me manques harlan coben résumé,6,fr-fr,1,1,600
tu me manques jok'air,4,fr-fr,1,1,600
tu me manques keen v,5,fr-fr,1,1,600
tu me manques lieu de tournage,6,fr-fr,1,1,600
tu me manques mon amour texte,6,fr-fr,1,1,600
tu me manques nesly paroles,5,fr-fr,1,1,600
tu me manques oli de qui il parle,8,fr-fr,1,1,600
tu me manques patrick fiori,5,fr-fr,1,1,600
tu me manques quoi,4,fr-fr,1,1,600
tu me manques replay,4,fr-fr,1,1,600
tu me manques riche distro,5,fr-fr,1,1,600
tu me manques sans le dire,6,fr-fr,1,1,600
tu me manques short form,5,fr-fr,1,1,600
tu me manques signification,4,fr-fr,1,1,600
tu me manques traduction,4,fr-fr,1,1,600
tu me manques un peu plus chaque jour,8,fr-fr,1,1,600
tu me manques victor hugo,5,fr-fr,1,1,600
tu me manques watch online,5,fr-fr,1,1,600
tu me manques wolof,4,fr-fr,1,1,600
tu me manques zarel,4,fr-fr,1,1,600
why is it tu me manques for i miss you in french,12,fr-fr,1,1,600
miss you elvis,3,gb-en,1,1,600
miss you podcast,3,gb-en,1,1,600
miss you to,3,gb-en,1,1,600
miss you vintage,3,gb-en,1,1,600
aku kangen kamu bahasa urdu,5,id-id,1,1,600
aku kangen kamu orang asing bahasa inggris,7,id-id,1,1,600
aku rindu kamu artinya,4,id-id,1,1,600
aku rindu kamu bahasa hongkong,5,id-id,1,1,600
aku rindu kamu cinta,4,id-id,1,1,600
aku rindu kamu dalam bahasa jerman,6,id-id,1,1,600
aku rindu kamu english,4,id-id,1,1,600
aku rindu kamu juga bahasa inggris,6,id-id,1,1,600
aku rindu kamu korea,4,id-id,1,1,600
aku rindu kamu mandarin,4,id-id,1,1,600
aku rindu kamu pake bahasa inggris,6,id-id,1,1,600
aku rindu kamu quotes,4,id-id,1,1,600
aku rindu kamu rindu jadi satu,6,id-id,1,1,600
aku rindu kamu translate to english,6,id-id,1,1,600
azmy z rindu aku rindu kamu,6,id-id,1,1,600
bahasa arabnya aku rindu kamu untuk laki laki,8,id-id,1,1,600
chord rindu aku rindu kamu original,6,id-id,1,1,600
kangen band kamu pacar terbaikku,5,id-id,1,1,600
kangen kamu artinya bahasa inggris,5,id-id,1,1,600
kangen kamu coffee,3,id-id,1,1,600
kangen kamu dalam bahasa batak,5,id-id,1,1,600
kangen kamu english,3,id-id,1,1,600
kangen kamu juga bahasa korea,5,id-id,1,1,600
kangen kamu korea,3,id-id,1,1,600
kangen kamu lagu,3,id-id,1,1,600
kangen kamu mandarin,3,id-id,1,1,600
kangen kamu sayang,3,id-id,1,1,600
kangen kamu translate,3,id-id,1,1,600
lirik rindu aku rindu kamu,5,id-id,1,1,600
rindu aku rindu kamu - feat safira inema lyrics,9,id-id,1,1,600
rindu aku rindu kamu gitar,5,id-id,1,1,600
rindu aku rindu kamu nini carlina,6,id-id,1,1,600
rindu aku rindu kamu youtube,5,id-id,1,1,600
robocop benci kangen kamu,4,id-id,1,1,600
yg kamu kangen viral,4,id-id,1,1,600
i miss you a lot meaning in kannada,8,in-en,1,1,600
i miss you bhai,4,in-en,1,1,600
i miss you dadi maa in hindi,7,in-en,1,1,600
i miss you every time,5,in-en,1,1,600
i miss you full form,5,in-en,1,1,600
i miss you her meaning in hindi,7,in-en,1,1,600
i miss you jaan photo,5,in-en,1,1,600
i miss you ka reply kya de,7,in-en,1,1,600
i miss you logo,4,in-en,1,1,600
i miss you nani,4,in-en,1,1,600
i miss you other words,5,in-en,1,1,600
i miss you ringtone download,5,in-en,1,1,600
i miss you song,4,in-en,1,1,600
i miss you too meaning in hindi,7,in-en,1,1,600
i miss you uncle rip in hindi,7,in-en,1,1,600
i miss you voice,4,in-en,1,1,600
i miss you wallpaper phone,5,in-en,1,1,600
how i miss you quotes for her,7,in-hi,1,1,600
i miss you quotes for your boyfriend,7,in-hi,1,1,600
i will miss you quotes,5,in-hi,1,1,600
miss you jaan quotes,4,in-hi,1,1,600
miss you quotes assamese,4,in-hi,1,1,600
miss you quotes boyfriend,4,in-hi,1,1,600
miss you quotes copy paste,5,in-hi,1,1,600
miss you quotes dad,4,in-hi,1,1,600
miss you quotes english short,5,in-hi,1,1,600
miss you quotes gujarati,4,in-hi,1,1,600
miss you quotes heaven,4,in-hi,1,1,600
miss you quotes kids,4,in-hi,1,1,600
miss you quotes marathi,4,in-hi,1,1,600
miss you quotes on death,5,in-hi,1,1,600
miss you quotes passed away,5,in-hi,1,1,600
miss you quotes quotes,4,in-hi,1,1,600
miss you quotes short line,5,in-hi,1,1,600
miss you quotes tamil,4,in-hi,1,1,600
miss you roommate quotes,4,in-hi,1,1,600
miss you vahini quotes in marathi,6,in-hi,1,1,600
miss you which,3,in-hi,1,1,600
miss you without i,4,in-hi,1,1,600
miss you zubeen garg quotes,5,in-hi,1,1,600
miss you माँ,3,in-hi,1,1,600
miss you वडिलांचे पुण्यस्मरण मराठी संदेश,6,in-hi,1,1,600
missing you at xmas quotes,5,in-hi,1,1,600
missing you images with quotes free,6,in-hi,1,1,600
what do you miss quotes,5,in-hi,1,1,600
zantiis miss you 2026,4,in-hi,1,1,600
mi manchi aka seven testo,5,it-it,1,1,600
mi manchi appena vai via,5,it-it,1,1,600
mi manchi buonanotte,3,it-it,1,1,600
mi manchi canzone youtube,4,it-it,1,1,600
mi manchi come l'aria che respiro,6,it-it,1,1,600
mi manchi di concato,4,it-it,1,1,600
mi manchi e tutto intorno parla di te testo,9,it-it,1,1,600
mi manchi frasi per lei,5,it-it,1,1,600
mi manchi geolier,3,it-it,1,1,600
mi manchi ha vinto sanremo,5,it-it,1,1,600
mi manchi immagini,3,it-it,1,1,600
mi manchi jewelry,3,it-it,1,1,600
mi manchi karaoke fausto leali,5,it-it,1,1,600
mi manchi libro,3,it-it,1,1,600
mi manchi mamma poesia,4,it-it,1,1,600
mi manchi negli occhi accordi,5,it-it,1,1,600
mi manchi quotes,3,it-it,1,1,600
mi manchi ritornello,3,it-it,1,1,600
mi manchi sempre,3,it-it,1,1,600
mi manchi tanto amico caro davvero,6,it-it,1,1,600
mi manchi un po in spagnolo,6,it-it,1,1,600
mi manchi vita mia,4,it-it,1,1,600
mi manchi wikipedia,3,it-it,1,1,600
mi manchi zia frasi,4,it-it,1,1,600
perso nella notte mi manchi forte,6,it-it,1,1,600
tu mi manchi film 2026,5,it-it,1,1,600
what is mi manchi in english,6,it-it,1,1,600
why is it mi manchi and not ti manco,9,it-it,1,1,600
mrs. green apple 会いたい,4,jp-ja,1,1,600
translate 会いたい from japanese,4,jp-ja,1,1,600
フォロワー 会いたい,2,jp-ja,1,1,600
会いたい in english,3,jp-ja,1,1,600
会いたい meaning,2,jp-ja,1,1,600
会いたい vs 逢いたい,3,jp-ja,1,1,600
会いたい うざい,2,jp-ja,1,1,600
会いたい おまじない,2,jp-ja,1,1,600
会いたい ドラマ 韓国,3,jp-ja,1,1,600
会いたい ネット,2,jp-ja,1,1,600
会いたい プレッシャー,2,jp-ja,1,1,600
会いたい ゆず 歌詞,3,jp-ja,1,1,600
会いたい ライン,2,jp-ja,1,1,600
会いたい を英語で,2,jp-ja,1,1,600
会いたい 主題歌,2,jp-ja,1,1,600
会いたい 会えない 歌詞,3,jp-ja,1,1,600
会いたい 僕も会いたい,2,jp-ja,1,1,600
会いたい 映画,2,jp-ja,1,1,600
会いたい 林部智史 歌詞,3,jp-ja,1,1,600
会いたい 楽譜,2,jp-ja,1,1,600
会いたい 駐車場,2,jp-ja,1,1,600
会いたいよ,1,jp-ja,1,1,600
jjune 보고싶다,2,kr-ko,1,1,600
보고싶다 - helloping,3,kr-ko,1,1,600
보고싶다 artinya,2,kr-ko,1,1,600
보고싶다 chords,2,kr-ko,1,1,600
보고싶다 mr,2,kr-ko,1,1,600
보고싶다 or 보고싶어,3,kr-ko,1,1,600
보고싶다 piano sheet,3,kr-ko,1,1,600
보고싶다 vs 보고싶어요,3,kr-ko,1,1,600
보고싶다 기타 코드,3,kr-ko,1,1,600
보고싶다 나무위키,2,kr-ko,1,1,600
보고싶다 디시,2,kr-ko,1,1,600
보고싶다 보고싶어 差別,3,kr-ko,1,1,600
보고싶다 숫자암호,2,kr-ko,1,1,600
보고싶다 유승호,2,kr-ko,1,1,600
보고싶다 제주도 방언,3,kr-ko,1,1,600
te extraño abreviado,3,mx-es,1,1,600
te extraño baby,3,mx-es,1,1,600
te extraño demasiado en ingles,5,mx-es,1,1,600
te extraño junior h lyrics,5,mx-es,1,1,600
te extraño letra eddy,4,mx-es,1,1,600
te extraño mijares,3,mx-es,1,1,600
te extraño tanto que no puedo respirar,7,mx-es,1,1,600
http://ikmisje.nl,1,nl-nl,1,1,600
ik mis je 23 mei 2026,6,nl-nl,1,1,600
ik mis je aline,4,nl-nl,1,1,600
ik mis je appjes,4,nl-nl,1,1,600
ik mis je boek harlan coben,6,nl-nl,1,1,600
ik mis je cartoon,4,nl-nl,1,1,600
ik mis je dag en nacht,6,nl-nl,1,1,600
ik mis je engels,4,nl-nl,1,1,600
ik mis je facebook,4,nl-nl,1,1,600
ik mis je gif,4,nl-nl,1,1,600
ik mis je harlan coben samenvatting,6,nl-nl,1,1,600
ik mis je jos,4,nl-nl,1,1,600
ik mis je kleurplaat,4,nl-nl,1,1,600
ik mis je lieve zus,5,nl-nl,1,1,600
ik mis je marleen stelling,5,nl-nl,1,1,600
ik mis je oma,4,nl-nl,1,1,600
ik mis je papiaments,4,nl-nl,1,1,600
ik mis je route van rouw,6,nl-nl,1,1,600
ik mis je stem,4,nl-nl,1,1,600
ik mis je suzan en freek,6,nl-nl,1,1,600
ik mis je turks,4,nl-nl,1,1,600
ik mis je urbanus,4,nl-nl,1,1,600
ik mis je voor altijd sabina m tekst,8,nl-nl,1,1,600
ik mis je will tura,5,nl-nl,1,1,600
ik mis je yoran,4,nl-nl,1,1,600
ik mis je zo tekst,5,nl-nl,1,1,600
what does ik mis je mean,6,nl-nl,1,1,600
miss applegate kindergarten 3,4,ph-en,1,1,600
miss din kita in english,5,ph-en,1,1,600
miss kindergarten grad,3,ph-en,1,1,600
miss kita araw araw in english,6,ph-en,1,1,600
miss kita chords j brothers,5,ph-en,1,1,600
miss kita ely,3,ph-en,1,1,600
miss kita frank ely lyrics chords,6,ph-en,1,1,600
miss kita hugot,3,ph-en,1,1,600
miss kita joke,3,ph-en,1,1,600
miss kita lyrics karaoke,4,ph-en,1,1,600
miss kita meaning in english,5,ph-en,1,1,600
miss kita number karaoke,4,ph-en,1,1,600
miss kita pag tuesday release date,6,ph-en,1,1,600
miss kita pick up lines,5,ph-en,1,1,600
miss kita sobra,3,ph-en,1,1,600
miss kita translate,3,ph-en,1,1,600
miss kita video,3,ph-en,1,1,600
miss na kita original,4,ph-en,1,1,600
miss na kita quotes tagalog short,6,ph-en,1,1,600
miss na kita youtube,4,ph-en,1,1,600
what does miss na kita mean,6,ph-en,1,1,600
już za tobą tęsknię online,5,pl-pl,1,1,600
tęsknię za tobą angielski,4,pl-pl,1,1,600
tęsknię za tobą bardzo mocno,5,pl-pl,1,1,600
tęsknię za tobą coben streszczenie,5,pl-pl,1,1,600
tęsknię za tobą dziewczyno tekst,5,pl-pl,1,1,600
tęsknię za tobą freedisc,4,pl-pl,1,1,600
tesknie za toba grafika,4,pl-pl,1,1,600
tesknie za toba harlana cobena,5,pl-pl,1,1,600
tęsknie za tobą jak sie pisze,6,pl-pl,1,1,600
tesknie za toba lyrics,4,pl-pl,1,1,600
tęsknię za tobą miniserial,4,pl-pl,1,1,600
tęsknię za tobą po arabsku,5,pl-pl,1,1,600
tesknie za toba quebo,4,pl-pl,1,1,600
tesknie za toba reelshort,4,pl-pl,1,1,600
tęsknię za tobą translation,4,pl-pl,1,1,600
tęsknię za tobą verba tekst,5,pl-pl,1,1,600
tesknie za toba wierszyk,4,pl-pl,1,1,600
tesknie za toba za twoim dotykiem,6,pl-pl,1,1,600
utwór tęsknię za tobą,4,pl-pl,1,1,600
а я скучаю по тебе guru ai,7,ru-ru,1,1,600
давно скучаю по тебе дорама 2026,6,ru-ru,1,1,600
скучаю по тебе картинки для мужчины,6,ru-ru,1,1,600
скучаю по тебе любимый картинки,5,ru-ru,1,1,600
скучаю по тебе мой родной,5,ru-ru,1,1,600
скучаю по тебе на азербайджанском,5,ru-ru,1,1,600
скучаю по тебе песня слушать,5,ru-ru,1,1,600
скучаю по тебе рутуб,4,ru-ru,1,1,600
скучаю по тебе тдд текст,5,ru-ru,1,1,600
я скучаю по тебе in english,6,ru-ru,1,1,600
я скучаю по тебе que significa,6,ru-ru,1,1,600
я скучаю по тебе я скучаю по тебе,8,ru-ru,1,1,600
اشتقت اليك english,3,sa-ar,1,1,600
اشتقت اليك gif,3,sa-ar,1,1,600
اشتقت اليك traduction,3,sa-ar,1,1,600
arapça seni özledim okunuşu,4,tr-tr,1,1,600
seni özledim canım,3,tr-tr,1,1,600
seni özledim endonezce,3,tr-tr,1,1,600
seni özledim filmi,3,tr-tr,1,1,600
seni özledim gökhan özen,4,tr-tr,1,1,600
seni özledim hangi sayı,4,tr-tr,1,1,600
seni özledim lazca ne demek,5,tr-tr,1,1,600
seni özledim mesajı,3,tr-tr,1,1,600
seni özledim ne demek ingilizce,5,tr-tr,1,1,600
seni özledim pinterest,3,tr-tr,1,1,600
seni özledim que significa,4,tr-tr,1,1,600
seni özledim rusça nasıl söylenir,5,tr-tr,1,1,600
seni özledim sticker,3,tr-tr,1,1,600
seni ozledim translate,3,tr-tr,1,1,600
seni özledim uzun mesaj,4,tr-tr,1,1,600
seni özledim yunanca,3,tr-tr,1,1,600
seni özledim zazaca ne demek,5,tr-tr,1,1,600
wattpad seni özledim,3,tr-tr,1,1,600
i miss you all of the time,7,us-en,1,1,600
i miss you best friend gif,6,us-en,1,1,600
i miss you cat,4,us-en,1,1,600
i miss you dad songs,5,us-en,1,1,600
i miss you earthbound 2012,5,us-en,1,1,600
i miss you flowers,4,us-en,1,1,600
i miss you forever infinity,5,us-en,1,1,600
i miss you guys in spanish,6,us-en,1,1,600
i miss you handsome,4,us-en,1,1,600
i miss you joyce chu lyrics,6,us-en,1,1,600
i miss you kim mccoy,5,us-en,1,1,600
i miss you like the desert miss the rain,9,us-en,1,1,600
i miss you more alex warren,6,us-en,1,1,600
i miss you papi in spanish,6,us-en,1,1,600
i miss you quotes for him long distance,8,us-en,1,1,600
i miss you r&b,4,us-en,1,1,600
i miss you song female singer,6,us-en,1,1,600
i miss you this much,5,us-en,1,1,600
i miss you vietnamese,4,us-en,1,1,600
i miss you when you're gone lyrics,7,us-en,1,1,600
i miss you with emojis,5,us-en,1,1,600
miss you best friend gif,5,us-en,1,1,600
miss you deeply,3,us-en,1,1,600
miss you en español,4,us-en,1,1,600
miss you justin bieber,4,us-en,1,1,600
miss you nickelback,3,us-en,1,1,600
miss you puns,3,us-en,1,1,600
miss you vs jerk oliver tree,6,us-en,1,1,600
miss you when i'm gone,5,us-en,1,1,600
saudades forro de favela,4,br-pt,1,1,562
saudades um44k letra,3,br-pt,1,1,562
saudades xuxu,2,br-pt,1,1,562
sinto sua falta querida,4,br-pt,1,1,562
ich vermisse dich von ganzem herzen,6,de-de,1,1,562
te echo de menos un beso adios cuidate,8,es-es,1,1,562
te echo de menos whatsapp,5,es-es,1,1,562
tu me manque in english,5,fr-fr,1,1,562
tu me manques wikipedia serie,5,fr-fr,1,1,562
aku kangen kamu pake bahasa inggris,6,id-id,1,1,562
aku rindu kamu bahasa filipina,5,id-id,1,1,562
aku rindu kamu bahasa hindi,5,id-id,1,1,562
aku rindu kamu mama bahasa inggris,6,id-id,1,1,562
chord aku rindu kamu evie tamala,6,id-id,1,1,562
kangen kamu anakku bahasa inggris,5,id-id,1,1,562
kangen kamu kata kata,4,id-id,1,1,562
rindu aku rindu kamu karaoke duet,6,id-id,1,1,562
rindu aku rindu kamu not angka,6,id-id,1,1,562
rindu aku rindu kamu versi rock,6,id-id,1,1,562
when i miss you i see your photo,8,in-en,1,1,562
i miss you quotes for your girlfriend,7,in-hi,1,1,562
i will miss you quotes for friends,7,in-hi,1,1,562
is it i miss you or missed,7,in-hi,1,1,562
miss you jaan in hindi,5,in-hi,1,1,562
miss you jiju quotes in hindi,6,in-hi,1,1,562
miss you nanna quotes in telugu,6,in-hi,1,1,562
miss you quotes caption,4,in-hi,1,1,562
miss you quotes grief,4,in-hi,1,1,562
miss you quotes marathi text,5,in-hi,1,1,562
miss you quotes punjabi,4,in-hi,1,1,562
miss you quotes tamil for husband,6,in-hi,1,1,562
miss you voice quotes,4,in-hi,1,1,562
miss you without goodbye,4,in-hi,1,1,562
mi manchi ho voglia di te,6,it-it,1,1,562
miss din kita meaning,4,ph-en,1,1,562
miss kindergarten embroidery font,4,ph-en,1,1,562
miss kindergarten worksheets,3,ph-en,1,1,562
miss kita nyt lumenda lyrics,5,ph-en,1,1,562
miss na kita original song,5,ph-en,1,1,562
miss na kita videoke,4,ph-en,1,1,562
tesknie za toba disco polo,5,pl-pl,1,1,562
tęsknię za tobą recenzja,4,pl-pl,1,1,562
tęsknię za tobą wiersze,4,pl-pl,1,1,562
сергей трофимов я скучаю по тебе текст,7,ru-ru,1,1,562
gökhan özen seni özledim sözleri,5,tr-tr,1,1,562
özledim seni pepe,3,tr-tr,1,1,562
seni çok özledim lyrics,4,tr-tr,1,1,562
seni özledim bulgarca ne demek,5,tr-tr,1,1,562
seni ozledim canim benim in english,6,tr-tr,1,1,562
seni özledim diyen erkek,4,tr-tr,1,1,562
seni özledim ellerin nerde,4,tr-tr,1,1,562
seni özledim farsça,3,tr-tr,1,1,562
seni özledim hayatım,3,tr-tr,1,1,562
seni özledim korece,3,tr-tr,1,1,562
seni özledim müslüm gürses,4,tr-tr,1,1,562
seni özledim ne demek kürtçe,5,tr-tr,1,1,562
seni ozledim rusca ne demek,5,tr-tr,1,1,562
seni özledim türküsü,3,tr-tr,1,1,562
seni özledim yazan birine ne denir,6,tr-tr,1,1,562
audaces fortuna juvat,3,br-pt,1,1,561
saudades de casa,3,br-pt,1,1,561
saudades musica,2,br-pt,1,1,561
saudades o que significa,4,br-pt,1,1,561
saudades tio frases,3,br-pt,1,1,561
saudades uma ova,3,br-pt,1,1,561
saudades x chapeco,3,br-pt,1,1,561
sinto sua falta baby,4,br-pt,1,1,561
sinto sua falta em russo,5,br-pt,1,1,561
sinto sua falta hino avulso,5,br-pt,1,1,561
sinto sua falta quando você some,6,br-pt,1,1,561
sinto sua falta violao,4,br-pt,1,1,561
yr saudades sc,3,br-pt,1,1,561
ich vermisse dich vater,4,de-de,1,1,561
ich vermisse dich zu sehr,5,de-de,1,1,561
como te echo de menos unplugged letra,7,es-es,1,1,561
te echo de menos galvan real,6,es-es,1,1,561
te echo de menos in italiano,6,es-es,1,1,561
te echo de menos jose luis perales,7,es-es,1,1,561
te echo de menos ricardo montaner,6,es-es,1,1,561
te echo de menos velito el bufon letra,8,es-es,1,1,561
te echo de menos what does it mean,8,es-es,1,1,561
tu me manques karaoke,4,fr-fr,1,1,561
tu me manques vraiment en anglais,6,fr-fr,1,1,561
tu me manques wallah,4,fr-fr,1,1,561
tu vas me manquer youtube,5,fr-fr,1,1,561
aku kangen kamu chord,4,id-id,1,1,561
aku kangen kamu ibu bahasa inggris,6,id-id,1,1,561
aku kangen kamu lirik,4,id-id,1,1,561
aku rindu kamu anakku bahasa inggris,6,id-id,1,1,561
aku rindu kamu bahasa hokkien,5,id-id,1,1,561
aku rindu kamu ibu bahasa inggris,6,id-id,1,1,561
aku rindu kamu jadi satu chord,6,id-id,1,1,561
aku rindu kamu means,4,id-id,1,1,561
aku rindu kamu terjemahan bahasa inggris,6,id-id,1,1,561
aku rindu sayang kamu chord,5,id-id,1,1,561
dj rindu aku rindu kamu full album,7,id-id,1,1,561
kamu kangen gak sama aku bahasa inggrisnya,7,id-id,1,1,561
kangen band kamu kok selingkuh,5,id-id,1,1,561
kangen kamu apa bahasa inggrisnya,5,id-id,1,1,561
kangen kamu bahasa prancis,4,id-id,1,1,561
kangen kamu jepang,3,id-id,1,1,561
kangen kamu teman bahasa inggris,5,id-id,1,1,561
lirik aku rindu kamu evie tamala,6,id-id,1,1,561
rindu aku rindu kamu genre,5,id-id,1,1,561
rindu aku rindu kamu koplo,5,id-id,1,1,561
rindu aku rindu kamu lirik chord,6,id-id,1,1,561
rindu aku rindu kamu ndx,5,id-id,1,1,561
rindu aku rindu kamu versi koplo,6,id-id,1,1,561
i miss you brother,4,in-en,1,1,561
i miss you janu,4,in-en,1,1,561
i miss you more meaning in hindi,7,in-en,1,1,561
i miss you papa shayari,5,in-en,1,1,561
i miss you too in korean,6,in-en,1,1,561
when i miss you meaning in hindi,7,in-en,1,1,561
can i say miss you too,6,in-hi,1,1,561
how miss you перевод,4,in-hi,1,1,561
i will always miss you quotes,6,in-hi,1,1,561
is miss you en español,5,in-hi,1,1,561
love you miss you quotes,5,in-hi,1,1,561
miss you bestie quotes short,5,in-hi,1,1,561
miss you creator club,4,in-hi,1,1,561
miss you dadaji shayari,4,in-hi,1,1,561
miss you jiju quotes in marathi,6,in-hi,1,1,561
miss you kaka quotes in marathi,6,in-hi,1,1,561
miss you love 2026,4,in-hi,1,1,561
miss you meaning in tamil,5,in-hi,1,1,561
miss you nanna quotes in telugu in english,8,in-hi,1,1,561
miss you online shop,4,in-hi,1,1,561
miss you quotes and images,5,in-hi,1,1,561
miss you quotes cute,4,in-hi,1,1,561
miss you quotes daughter,4,in-hi,1,1,561
miss you quotes emoji,4,in-hi,1,1,561
miss you quotes girlfriend,4,in-hi,1,1,561
miss you quotes malayalam for instagram,6,in-hi,1,1,561
miss you quotes paragraph,4,in-hi,1,1,561
miss you quotes tagalog,4,in-hi,1,1,561
miss you quotes who passed away,6,in-hi,1,1,561
miss you ramadan quotes,4,in-hi,1,1,561
miss you valentine quotes,4,in-hi,1,1,561
miss you without words,4,in-hi,1,1,561
mi manchi ho bisogno di te,6,it-it,1,1,561
mi manchi pooh youtube,4,it-it,1,1,561
mi manchi qui,3,it-it,1,1,561
mi manchi winx testo,4,it-it,1,1,561
会いたい 手話,2,jp-ja,1,1,561
ik mis je zo udo,5,nl-nl,1,1,561
ik mis je zo youtube,5,nl-nl,1,1,561
miss din kita,3,ph-en,1,1,561
miss din kita in bisaya,5,ph-en,1,1,561
miss kindergarten grad svg,4,ph-en,1,1,561
miss kindergarten worksheets free printable,5,ph-en,1,1,561
miss kita nyt lumenda,4,ph-en,1,1,561
miss kita song lyrics,4,ph-en,1,1,561
miss kita talaga,3,ph-en,1,1,561
miss na kita hanap hanap ang iyong mga ngiti lyrics,10,ph-en,1,1,561
miss na kita other term,5,ph-en,1,1,561
miss na kita videoke song,5,ph-en,1,1,561
tęsknię za tobą bardzo,4,pl-pl,1,1,561
tęsknię za tobą dziewczyno,4,pl-pl,1,1,561
tesknie za toba harlan,4,pl-pl,1,1,561
tęsknię za tobą jak napisać,5,pl-pl,1,1,561
tęsknię za tobą musicairecords,4,pl-pl,1,1,561
tesknie za toba rotten tomatoes,5,pl-pl,1,1,561
tęsknię za tobą wakacyjny sen,5,pl-pl,1,1,561
я скучаю по тебе текст,5,ru-ru,1,1,561
özledim seni harbiden,3,tr-tr,1,1,561
özledim seni pepe sözleri,4,tr-tr,1,1,561
özledim seni teninin kokusunu,4,tr-tr,1,1,561
seni cok ozledim lutfen geri gel,6,tr-tr,1,1,561
seni özledim babam,3,tr-tr,1,1,561
seni özledim caps,3,tr-tr,1,1,561
seni özledim fransızca çeviri,4,tr-tr,1,1,561
seni özledim greek,3,tr-tr,1,1,561
seni özledim italyanca,3,tr-tr,1,1,561
seni özledim kürtçe yazılışı,4,tr-tr,1,1,561
seni özledim mektubu,3,tr-tr,1,1,561
seni özledim neşe karaböcek,4,tr-tr,1,1,561
seni özledim resimli mesajlar,4,tr-tr,1,1,561
seni özledim sensiz gecelerde,4,tr-tr,1,1,561
seni özledim yazısı,3,tr-tr,1,1,561
i miss you gif funny,5,us-en,1,1,561
saudades de zuah de bike,5,br-pt,1,1,560
saudades fortaleza,2,br-pt,1,1,560
saudades kevin letra,3,br-pt,1,1,560
saudades mãe falecida,3,br-pt,1,1,560
saudades ou nada a ver,5,br-pt,1,1,560
saudades tem acento,3,br-pt,1,1,560
saudades ugovhb,2,br-pt,1,1,560
saudades wiktionary,2,br-pt,1,1,560
saudades xutos e pontapes,4,br-pt,1,1,560
sinto sua falta amor texto,5,br-pt,1,1,560
sinto sua falta bl,4,br-pt,1,1,560
sinto sua falta cifra skank,5,br-pt,1,1,560
sinto sua falta ferrugem historia,5,br-pt,1,1,560
sinto sua falta letra ferrugem,5,br-pt,1,1,560
sinto sua falta onde assistir,5,br-pt,1,1,560
sinto sua falta quando ta dificil,6,br-pt,1,1,560
sinto sua falta vozinha,4,br-pt,1,1,560
yeshua saudades,2,br-pt,1,1,560
ich vermisse dich buch,4,de-de,1,1,560
ich vermisse dich film netflix,5,de-de,1,1,560
ich vermisse dich immer,4,de-de,1,1,560
ich vermisse dich japanisch,4,de-de,1,1,560
ich vermisse dich niederländisch,4,de-de,1,1,560
ich vermisse dich onkelz,4,de-de,1,1,560
ich vermisse dich von lune,5,de-de,1,1,560
ich vermisse dich zeichen,4,de-de,1,1,560
te echo de menos alex ubago,6,es-es,1,1,560
te echo de menos final explicado,6,es-es,1,1,560
te echo de menos gino mella,6,es-es,1,1,560
te echo de menos jose el ciego letra,8,es-es,1,1,560
te echo de menos origen,5,es-es,1,1,560
te echo de menos quien mato a su padre,9,es-es,1,1,560
te echo de menos rojuu,5,es-es,1,1,560
te echo de menos saez letra,6,es-es,1,1,560
te echo de menos vs te extraño,7,es-es,1,1,560
te echo de menos which language,6,es-es,1,1,560
te echo de menos ya en ingles,7,es-es,1,1,560
te extraño grupo bananas,4,es-es,1,1,560
te extraño los fantásticos del vallenato,6,es-es,1,1,560
comme tu me manques wow,5,fr-fr,1,1,560
tu me manques definition,4,fr-fr,1,1,560
tu me manques johnny hallyday,5,fr-fr,1,1,560
tu me manques kikine,4,fr-fr,1,1,560
tu me manques meme,4,fr-fr,1,1,560
tu me manques ninho,4,fr-fr,1,1,560
tu me manques quand meme en anglais,7,fr-fr,1,1,560
tu me manques un peu en espagnol,7,fr-fr,1,1,560
tu me manques veut dire quoi,6,fr-fr,1,1,560
tu me manques zubi,4,fr-fr,1,1,560
miss you grandad,3,gb-en,1,1,560
aku kangen kamu korea,4,id-id,1,1,560
aku kangen kamu meaning,4,id-id,1,1,560
aku rindu kamu artinya bahasa inggris,6,id-id,1,1,560
aku rindu kamu bahasa gorontalo,5,id-id,1,1,560
aku rindu kamu jadi,4,id-id,1,1,560
aku rindu kamu mandarinnya,4,id-id,1,1,560
aku rindu kamu setiap hari bahasa inggris,7,id-id,1,1,560
aku rindu kamu suamiku bahasa inggrisnya,6,id-id,1,1,560
aku rindu sayang kamu easy chord,6,id-id,1,1,560
aku rindu sayang kamu lirik,5,id-id,1,1,560
ayang aku rindu kamu chord,5,id-id,1,1,560
benci kangen kamu lirik,4,id-id,1,1,560
chord aku rindu kamu yang dulu,6,id-id,1,1,560
dj rindu aku rindu kamu full bass,7,id-id,1,1,560
kamu kangen aku bahasa inggris,5,id-id,1,1,560
kamu kangen gak sama aku bahasa inggris,7,id-id,1,1,560
kangen kamu bahasa padang,4,id-id,1,1,560
kangen kamu inggris nya,4,id-id,1,1,560
kangen kamu translated in english,5,id-id,1,1,560
rindu aku rindu kamu kalau bulan bisa ngomong,8,id-id,1,1,560
rindu aku rindu kamu penyanyi asli,6,id-id,1,1,560
rindu aku rindu kamu tahun berapa,6,id-id,1,1,560
rindu aku rindu kamu viral,5,id-id,1,1,560
i miss you brother status,5,in-en,1,1,560
i miss you dad i am very broken,8,in-en,1,1,560
i miss you emoji text copy,6,in-en,1,1,560
i miss you free fire nickname,6,in-en,1,1,560
i miss you jaan in hindi,6,in-en,1,1,560
i miss you kannada,4,in-en,1,1,560
i miss you maa,4,in-en,1,1,560
i miss you name style,5,in-en,1,1,560
i miss you papa quotes,5,in-en,1,1,560
i miss you quotes in hindi,6,in-en,1,1,560
i miss you ringtone message,5,in-en,1,1,560
i miss you sister,4,in-en,1,1,560
i miss you tamil meaning,5,in-en,1,1,560
i will miss you forever quotes,6,in-hi,1,1,560
love you miss you quotes for her,7,in-hi,1,1,560
miss you aaji quotes in marathi,6,in-hi,1,1,560
miss you appa quotes in tamil short,7,in-hi,1,1,560
miss you best quotes,4,in-hi,1,1,560
miss you juniors quotes,4,in-hi,1,1,560
miss you kaka quotes in marathi text,7,in-hi,1,1,560
miss you movie 2026,4,in-hi,1,1,560
miss you nani quotes in hindi,6,in-hi,1,1,560
miss you quotes coworker,4,in-hi,1,1,560
miss you quotes death brother,5,in-hi,1,1,560
miss you quotes goodreads,4,in-hi,1,1,560
miss you quotes malayalam for husband,6,in-hi,1,1,560
miss you quotes one line hindi,6,in-hi,1,1,560
miss you quotes papa,4,in-hi,1,1,560
miss you quotes text message,5,in-hi,1,1,560
miss you quotes with moon,5,in-hi,1,1,560
miss you ra quotes,4,in-hi,1,1,560
miss you shayari 2 line english,6,in-hi,1,1,560
miss you village quotes,4,in-hi,1,1,560
miss you without i meaning,5,in-hi,1,1,560
you can't miss,3,in-hi,1,1,560
mi manchi babbo,3,it-it,1,1,560
mi manchi emoji,3,it-it,1,1,560
mi manchi fabio concato,4,it-it,1,1,560
mi manchi frasi,3,it-it,1,1,560
mi manchi h7,3,it-it,1,1,560
mi manchi karaoke bocelli,4,it-it,1,1,560
mi manchi quanto,3,it-it,1,1,560
mi manchi vecchioni youtube,4,it-it,1,1,560
mi manchi whatsapp,3,it-it,1,1,560
mi manchi zucchero,3,it-it,1,1,560
会いたい シグナルp,2,jp-ja,1,1,560
会いたい わがまま,2,jp-ja,1,1,560
会いたいと思う回数が,1,jp-ja,1,1,560
보고 싶다 (bogoshipda),3,kr-ko,1,1,560
dat ik je mis youtube,5,nl-nl,1,1,560
ik mis je armen om me heen,7,nl-nl,1,1,560
ik mis je dichterbij,4,nl-nl,1,1,560
ik mis je julie van geel,6,nl-nl,1,1,560
ik mis je overleden,4,nl-nl,1,1,560
miss din kita sobra in english,6,ph-en,1,1,560
miss kita alam mo ba,5,ph-en,1,1,560
miss kita anong oras na ba lyrics,7,ph-en,1,1,560
miss kita chords ukulele,4,ph-en,1,1,560
miss kita meaning tagalog,4,ph-en,1,1,560
miss kita norhana,3,ph-en,1,1,560
miss kita sobra in english,5,ph-en,1,1,560
miss kita tagalog translation,4,ph-en,1,1,560
miss na kita guitar chords,5,ph-en,1,1,560
miss na kita hindi ko na kaya lyrics,8,ph-en,1,1,560
miss na kita remix,4,ph-en,1,1,560
tęsknię za tobą filmweb 2025,5,pl-pl,1,1,560
tęsknię za tobą gdzie obejrzeć,5,pl-pl,1,1,560
tęsknię za tobą mamo,4,pl-pl,1,1,560
tesknie za toba ocena,4,pl-pl,1,1,560
tesknie za toba rezyser,4,pl-pl,1,1,560
tęsknię za tobą serial ile odcinków,6,pl-pl,1,1,560
tesknie za toba tlumacz,4,pl-pl,1,1,560
tęsknię za tobą wyznania,4,pl-pl,1,1,560
tęsknię za tobą zdjęcia,4,pl-pl,1,1,560
скучаю по тебе как правильно,5,ru-ru,1,1,560
скучаю по тебе пинтерест,4,ru-ru,1,1,560
я скучаю по тебе лиза трофимова,6,ru-ru,1,1,560
110 ozledim seni lyrics,4,tr-tr,1,1,560
özledim seni halit bilgiç sözleri,5,tr-tr,1,1,560
özledim seni pepe şarkısı,4,tr-tr,1,1,560
özledim seni tab,3,tr-tr,1,1,560
rusça seni özledim okunuşu,4,tr-tr,1,1,560
seni özledim arapça,3,tr-tr,1,1,560
seni özledim bebeğim,3,tr-tr,1,1,560
seni özledim ceviri,3,tr-tr,1,1,560
seni özledim diyene ne denir,5,tr-tr,1,1,560
seni özledim ekşi,3,tr-tr,1,1,560
seni özledim farklı dillerde,4,tr-tr,1,1,560
seni özledim güzel sözler,4,tr-tr,1,1,560
seni özledim işaret dili,4,tr-tr,1,1,560
seni özledim kardeşim,3,tr-tr,1,1,560
seni özledim mesajına ne yazılır,5,tr-tr,1,1,560
seni özledim nasıl denir,4,tr-tr,1,1,560
seni özledim reelshort,3,tr-tr,1,1,560
seni özledim sayı kodu,4,tr-tr,1,1,560
i miss you blink 182 meaning,6,us-en,1,1,560
i miss you gif for him,6,us-en,1,1,560
i miss you over here,5,us-en,1,1,560
i miss you reaction meme,5,us-en,1,1,560
i miss you teddy pendergrass,5,us-en,1,1,560
miss you emoji face,4,us-en,1,1,560
miss you too in spanish,5,us-en,1,1,560
saudades forever,2,br-pt,1,1,559
saudades gatinho,2,br-pt,1,1,559
saudades irmã frases,3,br-pt,1,1,559
saudades karol conka,3,br-pt,1,1,559
saudades meu amor,3,br-pt,1,1,559
saudades mil xadrez,3,br-pt,1,1,559
saudades ou saudade eterna,4,br-pt,1,1,559
saudades palavras tristes quando se perde um grande amor,9,br-pt,1,1,559
saudades sinonimo,2,br-pt,1,1,559
saudades tio,2,br-pt,1,1,559
saudades um do outro,4,br-pt,1,1,559
saudades vozinha,2,br-pt,1,1,559
saudades wikipedia,2,br-pt,1,1,559
saudades ze neto.e.cristiano,3,br-pt,1,1,559
sinto sua falta baby melody,5,br-pt,1,1,559
sinto sua falta cifra cavaco,5,br-pt,1,1,559
sinto sua falta como responder,5,br-pt,1,1,559
sinto sua falta depois do adeus onde assistir,8,br-pt,1,1,559
sinto sua falta deus hino avulso,6,br-pt,1,1,559
sinto sua falta em japones,5,br-pt,1,1,559
sinto sua falta ferrugem cifra,5,br-pt,1,1,559
sinto sua falta lyrics,4,br-pt,1,1,559
sinto sua falta ou saudade,5,br-pt,1,1,559
yeshua saudades cifra,3,br-pt,1,1,559
gebärdensprache ich vermisse dich,4,de-de,1,1,559
ich vermisse dich bewertung,4,de-de,1,1,559
ich vermisse dich du fehlst mir unterschied,7,de-de,1,1,559
ich vermisse dich fotos,4,de-de,1,1,559
ich vermisse dich im himmel,5,de-de,1,1,559
ich vermisse dich jetzt schon sprüche,6,de-de,1,1,559
ich vermisse dich miniserie,4,de-de,1,1,559
ich vermisse dich nicht,4,de-de,1,1,559
ich vermisse dich oma sprüche,5,de-de,1,1,559
ich vermisse dich pietro,4,de-de,1,1,559
ich vermisse dich romantisch,4,de-de,1,1,559
ich vermisse dich unendlich bilder,5,de-de,1,1,559
ich vermisse dich vanessa mai,5,de-de,1,1,559
flaca te echo de menos y me estoy fundiendo,9,es-es,1,1,559
te echo de menos chayanne,5,es-es,1,1,559
te echo de menos en ucraniano,6,es-es,1,1,559
te echo de menos en wolof,6,es-es,1,1,559
te echo de menos fotos,5,es-es,1,1,559
te echo de menos galvan real letra,7,es-es,1,1,559
te echo de menos javier miñano letra,7,es-es,1,1,559
te echo de menos karaoke,5,es-es,1,1,559
te echo de menos netflix reparto,6,es-es,1,1,559
te echo de menos ortografia,5,es-es,1,1,559
te echo de menos quevedo,5,es-es,1,1,559
te echo de menos ricardo montaner acordes,7,es-es,1,1,559
te echo de menos serie reparto,6,es-es,1,1,559
te echo de menos va con h,7,es-es,1,1,559
te extraño letra ricky martin,5,es-es,1,1,559
te extraño mas que nunca mana,6,es-es,1,1,559
te extraño sin ti no puedo estar,7,es-es,1,1,559
comme tu me manques wow classic,6,fr-fr,1,1,559
felix radu tu me manques youtube,6,fr-fr,1,1,559
tu me manques aussi en italien,6,fr-fr,1,1,559
tu me manques de harlan coben,6,fr-fr,1,1,559
tu me manques fin explication,5,fr-fr,1,1,559
tu me manques image gif,5,fr-fr,1,1,559
tu me manques j'ai besoin de toi,7,fr-fr,1,1,559
tu me manques kaky paroles,5,fr-fr,1,1,559
tu me manques lara fabian paroles,6,fr-fr,1,1,559
tu me manques mon amour je t'aime,7,fr-fr,1,1,559
tu me manques netflix nombre d' épisodes,7,fr-fr,1,1,559
tu me manques portugais,4,fr-fr,1,1,559
tu me manques qui a tue le pere,8,fr-fr,1,1,559
tu me manques rotten tomatoes,5,fr-fr,1,1,559
tu me manques série wikipédia,5,fr-fr,1,1,559
tu me manques tant,4,fr-fr,1,1,559
tu me manques un petit peu,6,fr-fr,1,1,559
miss you dad poem,4,gb-en,1,1,559
miss you mum quotes,4,gb-en,1,1,559
aku kangen kamu juga bahasa inggris,6,id-id,1,1,559
aku kangen kamu lagu,4,id-id,1,1,559
aku kangen kamu mandarin,4,id-id,1,1,559
aku pun rindu kamu ku akan pulang,7,id-id,1,1,559
aku rindu kamu ayah,4,id-id,1,1,559
aku rindu kamu bahasa jawa halus,6,id-id,1,1,559
aku rindu kamu bahasa nias,5,id-id,1,1,559
aku rindu kamu bahasa pakistan,5,id-id,1,1,559
aku rindu kamu jepang,4,id-id,1,1,559
aku rindu kamu sayang bahasa korea,6,id-id,1,1,559
aku rindu meskipun kamu belum tahu namaku,7,id-id,1,1,559
ayang aku rindu kamu lirik,5,id-id,1,1,559
bahasa sunda aku kangen kamu pengen ketemu,7,id-id,1,1,559
kamu gak kangen aku,4,id-id,1,1,559
kamu kangen aku gak bahasa inggris,6,id-id,1,1,559
kamu kangen ya bahasa inggris,5,id-id,1,1,559
kangen kamu semua bahasa inggris,5,id-id,1,1,559
kangen kamu terus,3,id-id,1,1,559
lagu aku rindu kamu yang dulu,6,id-id,1,1,559
lyrics rindu aku rindu kamu gerry mahesa,7,id-id,1,1,559
rindu aku rindu kamu rilis tahun berapa,7,id-id,1,1,559
rindu aku rindu kamu teks,5,id-id,1,1,559
rindu aku rindu kamu versi dj,6,id-id,1,1,559
i miss you badly meaning in hindi,7,in-en,1,1,559
i miss you caption,4,in-en,1,1,559
i miss you didi,4,in-en,1,1,559
i miss you english,4,in-en,1,1,559
i miss you hubby,4,in-en,1,1,559
i miss you jaan stylish name,6,in-en,1,1,559
i miss you meaning in tamil,6,in-en,1,1,559
i miss you nana ji in hindi,7,in-en,1,1,559
i miss you quotes in english,6,in-en,1,1,559
i miss you really meaning in hindi,7,in-en,1,1,559
i miss you so much in hindi,7,in-en,1,1,559
i miss you too much meaning in hindi,8,in-en,1,1,559
i miss you very badly meaning,6,in-en,1,1,559
i miss you words,4,in-en,1,1,559
can i not miss you,5,in-hi,1,1,559
i will miss you all quotes,6,in-hi,1,1,559
is miss you letra,4,in-hi,1,1,559
miss you ajoba quotes in marathi,6,in-hi,1,1,559
miss you appa quotes in kannada pdf,7,in-hi,1,1,559
miss you bestie quotes in marathi,6,in-hi,1,1,559
miss you bhai rip in hindi,6,in-hi,1,1,559
miss you ex quotes,4,in-hi,1,1,559
miss you friend shayari in hindi,6,in-hi,1,1,559
miss you juniors quotes short,5,in-hi,1,1,559
miss you kaka quotes in gujarati,6,in-hi,1,1,559
miss you nana quotes,4,in-hi,1,1,559
miss you office quotes,4,in-hi,1,1,559
miss you quotes bangla,4,in-hi,1,1,559
miss you quotes cartoon,4,in-hi,1,1,559
miss you quotes death uncle,5,in-hi,1,1,559
miss you quotes grandpa,4,in-hi,1,1,559
miss you quotes my love,5,in-hi,1,1,559
miss you quotes pics,4,in-hi,1,1,559
miss you quotes simple short,5,in-hi,1,1,559
miss you quotes to husband,5,in-hi,1,1,559
miss you quotes with flowers,5,in-hi,1,1,559
miss you related quotes,4,in-hi,1,1,559
miss you umma quotes,4,in-hi,1,1,559
miss you veere quotes in punjabi text,7,in-hi,1,1,559
missing you quotes ldr,4,in-hi,1,1,559
say miss you without saying,5,in-hi,1,1,559
you baby miss you quotes,5,in-hi,1,1,559
मिस यू माँ शायरी,4,in-hi,1,1,559
mi manchi aka,3,it-it,1,1,559
mi manchi benito,3,it-it,1,1,559
mi manchi di paky,4,it-it,1,1,559
mi manchi e ti penso sempre,6,it-it,1,1,559
mi manchi frasi per lui,5,it-it,1,1,559
mi manchi già libro,4,it-it,1,1,559
mi manchi ho voglia di vederti,6,it-it,1,1,559
mi manchi karaoke aka7even,4,it-it,1,1,559
mi manchi laura pausini,4,it-it,1,1,559
mi manchi new york in inglese,6,it-it,1,1,559
mi manchi quando,3,it-it,1,1,559
mi manchi sfera,3,it-it,1,1,559
mi manchi tanto alunni del sole,6,it-it,1,1,559
mi manchi wechat,3,it-it,1,1,559
mi manchi zio frasi,4,it-it,1,1,559
会いたい water,2,jp-ja,1,1,559
会いたい イラスト,2,jp-ja,1,1,559
会いたい ハングル,2,jp-ja,1,1,559
会いたい 会いたい 会えない,3,jp-ja,1,1,559
会いたい 恋愛記号,2,jp-ja,1,1,559
会いたい 数字,2,jp-ja,1,1,559
会いたいんだ今すぐその角から,1,jp-ja,1,1,559
보고싶다 bpm,2,kr-ko,1,1,559
te extraño te olvido te amo los bybys,8,mx-es,1,1,559
ik mis je arabisch,4,nl-nl,1,1,559
ik mis je boek anky,5,nl-nl,1,1,559
ik mis je cho lyrics,5,nl-nl,1,1,559
ik mis je deens,4,nl-nl,1,1,559
ik mis je emoji,4,nl-nl,1,1,559
ik mis je frank van etten,6,nl-nl,1,1,559
ik mis je herman van veen tekst,7,nl-nl,1,1,559
ik mis je jonathan,4,nl-nl,1,1,559
ik mis je of ik mis jou,7,nl-nl,1,1,559
ik mis je rick en judith scheppink,7,nl-nl,1,1,559
ik mis je terwijl je bij me bent,8,nl-nl,1,1,559
ik mis je zo erg,5,nl-nl,1,1,559
miss din kita sobra,4,ph-en,1,1,559
miss kita alam mo ba lyrics,6,ph-en,1,1,559
miss kita lee,3,ph-en,1,1,559
miss kita music,3,ph-en,1,1,559
miss kita norhana lyrics,4,ph-en,1,1,559
miss kita song by j brothers,6,ph-en,1,1,559
miss kita talaga translate in english,6,ph-en,1,1,559
miss na kita gif,4,ph-en,1,1,559
miss na kita hanap hanap,5,ph-en,1,1,559
miss na kita okay lang ba,6,ph-en,1,1,559
miss na kita reply,4,ph-en,1,1,559
miss na kita video,4,ph-en,1,1,559
miss na miss kita ukulele chords,6,ph-en,1,1,559
tesknie za toba aktorzy,4,pl-pl,1,1,559
tęsknię za tobą bardzo po włosku,6,pl-pl,1,1,559
tesknie za toba dailymotion,4,pl-pl,1,1,559
tęsknię za tobą filmweb opinie,5,pl-pl,1,1,559
tęsknię za tobą ile ma odcinków,6,pl-pl,1,1,559
tesknie za toba muzyka,4,pl-pl,1,1,559
tesknie za toba netflix o czym jest,7,pl-pl,1,1,559
tesknie za toba o czym,5,pl-pl,1,1,559
tęsknię za tobą panie,4,pl-pl,1,1,559
tęsknię za tobą po holendersku,5,pl-pl,1,1,559
tęsknię za tobą serial koreański,5,pl-pl,1,1,559
tęsknię za tobą tato tekst,5,pl-pl,1,1,559
tesknie za toba witek,4,pl-pl,1,1,559
tesknie za toba zdjecie,4,pl-pl,1,1,559
скучаю по тебе конфеты,4,ru-ru,1,1,559
скучаю по тебе люблю тебя фильм отзывы,7,ru-ru,1,1,559
скучаю по тебе по армянски,5,ru-ru,1,1,559
gökhan özen seni özledim lyrics,5,tr-tr,1,1,559
özledim seni harbiden aklıma düşüverir aniden,6,tr-tr,1,1,559
özledim seni murat boz,4,tr-tr,1,1,559
özledim seni programı,3,tr-tr,1,1,559
özledim seni resul ilahisi,4,tr-tr,1,1,559
özledim seni türkü sözleri,4,tr-tr,1,1,559
özledim seni unutamadım,3,tr-tr,1,1,559
seni çok özledim oğlum,4,tr-tr,1,1,559
seni özledim aşkım,3,tr-tr,1,1,559
seni özledim baba,3,tr-tr,1,1,559
seni özledim cevabı,3,tr-tr,1,1,559
seni özledim dizi,3,tr-tr,1,1,559
seni özledim e ne cevap verilir,6,tr-tr,1,1,559
seni özledim fotosu,3,tr-tr,1,1,559
seni özledim galiba,3,tr-tr,1,1,559
seni özledim ilahisi,3,tr-tr,1,1,559
seni özledim kadar beni özlüyor musun,6,tr-tr,1,1,559
seni özledim netflix,3,tr-tr,1,1,559
seni özledim ya,3,tr-tr,1,1,559
i miss you adele lyrics,5,us-en,1,1,559
i miss you blink 182 chords,6,us-en,1,1,559
i miss you gif for her,6,us-en,1,1,559
i miss you hannah montana lyrics,6,us-en,1,1,559
i miss you more in spanish,6,us-en,1,1,559
i miss you on the train i miss you in the morning,12,us-en,1,1,559
i miss you paragraph for her,6,us-en,1,1,559
i miss you quite terribly song,6,us-en,1,1,559
i miss you response,4,us-en,1,1,559
i miss you so much song,6,us-en,1,1,559
i miss you too gif,5,us-en,1,1,559
miss you key,3,us-en,1,1,559
miss you phish,3,us-en,1,1,559
miss you quotes for coworker,5,us-en,1,1,559
when i miss you daniel tiger,6,us-en,1,1,559
ainda sinto sua falta quando vejo cair a chuva,9,br-pt,1,1,558
formiga saudades do sertão / flora fulô,7,br-pt,1,1,558
ja sinto sua falta filme,5,br-pt,1,1,558
saudade in portuguese,3,br-pt,1,1,558
saudades bandida letra,3,br-pt,1,1,558
saudades chico xavier,3,br-pt,1,1,558
saudades do meu amor,4,br-pt,1,1,558
saudades eternas luto,3,br-pt,1,1,558
saudades gato,2,br-pt,1,1,558
saudades inconveniente menos é mais,5,br-pt,1,1,558
saudades jeferson pillar,3,br-pt,1,1,558
saudades km,2,br-pt,1,1,558
saudades luto frases,3,br-pt,1,1,558
saudades mil significado,3,br-pt,1,1,558
saudades o que é,4,br-pt,1,1,558
saudades pai falecido frases,4,br-pt,1,1,558
saudades sim tristeza não,4,br-pt,1,1,558
saudades também,2,br-pt,1,1,558
saudades uma palavra,3,br-pt,1,1,558
saudades vó pensador,3,br-pt,1,1,558
sinto sua falta antes do adeus,6,br-pt,1,1,558
sinto sua falta boa noite,5,br-pt,1,1,558
sinto sua falta cifra ferrugem,5,br-pt,1,1,558
sinto sua falta deus ccb,5,br-pt,1,1,558
sinto sua falta em alemão,5,br-pt,1,1,558
sinto sua falta em hebraico,5,br-pt,1,1,558
sinto sua falta frases luto,5,br-pt,1,1,558
sinto sua falta imdb,4,br-pt,1,1,558
sinto sua falta limao com mel,6,br-pt,1,1,558
sinto sua falta novela,4,br-pt,1,1,558
sinto sua falta o deus,5,br-pt,1,1,558
sinto sua falta samuel rosa,5,br-pt,1,1,558
sinto sua falta traduzir para o inglês,7,br-pt,1,1,558
sinto sua falta vida,4,br-pt,1,1,558
www saudades sc gov br,5,br-pt,1,1,558
yeshua saudades morada,3,br-pt,1,1,558
zeca pagodinho saudade,3,br-pt,1,1,558
ich vermisse dich bilder liebe,5,de-de,1,1,558
ich vermisse dich chords lune,5,de-de,1,1,558
ich vermisse dich durch die blume sagen,7,de-de,1,1,558
ich vermisse dich für immer,5,de-de,1,1,558
ich vermisse dich harlan coben buch,6,de-de,1,1,558
ich vermisse dich jeden tag mehr,6,de-de,1,1,558
ich vermisse dich karte,4,de-de,1,1,558
ich vermisse dich lustig,4,de-de,1,1,558
ich vermisse dich mama bilder,5,de-de,1,1,558
ich vermisse dich netflix ende,5,de-de,1,1,558
ich vermisse dich obwohl du da bist,7,de-de,1,1,558
ich vermisse dich pinterest,4,de-de,1,1,558
ich vermisse dich rechtschreibung,4,de-de,1,1,558
ich vermisse dich serie handlung,5,de-de,1,1,558
ich vermisse dich umschreiben,4,de-de,1,1,558
ich vermisse dich videos,4,de-de,1,1,558
ich vermisse dich wirklich,4,de-de,1,1,558
ich vermisse dich zusammenfassung,4,de-de,1,1,558
como te echo de menos unplugged acordes,7,es-es,1,1,558
serie te echo de menos opiniones,6,es-es,1,1,558
te echo de menos catalan,5,es-es,1,1,558
te echo de menos frases graciosas,6,es-es,1,1,558
te echo de menos gracioso,5,es-es,1,1,558
te echo de menos hombres g acordes,7,es-es,1,1,558
te echo de menos javier miñano,6,es-es,1,1,558
te echo de menos kidd keo,6,es-es,1,1,558
te echo de menos nena,5,es-es,1,1,558
te echo de menos que significado,6,es-es,1,1,558
te echo de menos rauw alejandro,6,es-es,1,1,558
te echo de menos serie opiniones,6,es-es,1,1,558
te echo de menos valenciano,5,es-es,1,1,558
te echo de menos y te quiero,7,es-es,1,1,558
te extraño hermanito,3,es-es,1,1,558
te extraño lo hago mas que ayer,7,es-es,1,1,558
te extraño sin ti no puedo estar como le hago,10,es-es,1,1,558
te extraño te olvido te amo acordes,7,es-es,1,1,558
why te echo de menos,5,es-es,1,1,558
oh tu me manques zouk,5,fr-fr,1,1,558
tu me manques anais mva,5,fr-fr,1,1,558
tu me manques beaucoup shay,5,fr-fr,1,1,558
tu me manques chaque jour,5,fr-fr,1,1,558
tu me manques déjà en espagnol,6,fr-fr,1,1,558
tu me manques felix radu paroles,6,fr-fr,1,1,558
tu me manques gaetan roussel paroles,6,fr-fr,1,1,558
tu me manques harlan coben acteurs,6,fr-fr,1,1,558
tu me manques image animée,5,fr-fr,1,1,558
tu me manques jerry marcoss paroles,6,fr-fr,1,1,558
tu me manques kabyle,4,fr-fr,1,1,558
tu me manques livre harlan coben,6,fr-fr,1,1,558
tu me manques mon cœur,5,fr-fr,1,1,558
tu me manques netflix wiki,5,fr-fr,1,1,558
tu me manques nombre d épisodes,6,fr-fr,1,1,558
tu me manques photo,4,fr-fr,1,1,558
tu me manques quel pays,5,fr-fr,1,1,558
tu me manques response,4,fr-fr,1,1,558
tu me manques sadiya,4,fr-fr,1,1,558
tu me manques traduction anglais,5,fr-fr,1,1,558
tu me manques trop in english,6,fr-fr,1,1,558
tu me manques un tout petit peu,7,fr-fr,1,1,558
tu me manques vraiment beaucoup,5,fr-fr,1,1,558
you tu me manques maman,5,fr-fr,1,1,558
miss you coldplay,3,gb-en,1,1,558
miss you nights chords,4,gb-en,1,1,558
miss you rolling stones year,5,gb-en,1,1,558
miss you tab,3,gb-en,1,1,558
aku kangen kamu kode angka,5,id-id,1,1,558
aku kangen kamu translate,4,id-id,1,1,558
aku rindu kamu bahasa sunda halus,6,id-id,1,1,558
aku rindu kamu juga,4,id-id,1,1,558
aku rindu kamu suamiku bahasa mandarin,6,id-id,1,1,558
chord kangen band kamu pacar terbaikku,6,id-id,1,1,558
google kamu kangen gak sama aku,6,id-id,1,1,558
kamu kangen ya,3,id-id,1,1,558
kangen kamu bahasa lampung,4,id-id,1,1,558
kangen kamu kahitna chord,4,id-id,1,1,558
kangen kamu selamanya bahasa inggris,5,id-id,1,1,558
lagu rindu aku rindu kamu genre apa,7,id-id,1,1,558
lirik aku rindu kamu yang dulu,6,id-id,1,1,558
rindu aku rindu kamu adella,5,id-id,1,1,558
rindu aku rindu kamu chords,5,id-id,1,1,558
rindu aku rindu kamu karaoke nada wanita,7,id-id,1,1,558
rindu aku rindu kamu lirik lagu,6,id-id,1,1,558
rindu aku rindu kamu nini carlina doel sumbang,8,id-id,1,1,558
rindu aku rindu kamu piano,5,id-id,1,1,558
rindu aku rindu kamu remix,5,id-id,1,1,558
rindu aku rindu kamu terasa saja kau masih ada di dekatku,11,id-id,1,1,558
rindu aku rindu kamu velocity,5,id-id,1,1,558
i miss you c drama,5,in-en,1,1,558
i miss you every moment meaning in hindi,8,in-en,1,1,558
i miss you forever code,5,in-en,1,1,558
i miss you free fire name style,7,in-en,1,1,558
i miss you grandpa quotes,5,in-en,1,1,558
i miss you how to say in tamil,8,in-en,1,1,558
i miss you jaan 100 times,6,in-en,1,1,558
i miss you ka reply,5,in-en,1,1,558
i miss you papa meaning in hindi,7,in-en,1,1,558
i miss you quotation,4,in-en,1,1,558
i miss you reply kya de,6,in-en,1,1,558
i miss you shayari,4,in-en,1,1,558
i miss you unique way,5,in-en,1,1,558
i miss you watch,4,in-en,1,1,558
i miss you yaar meaning in hindi,7,in-en,1,1,558
can t i miss you meaning in hindi,8,in-hi,1,1,558
i will miss you guys quotes,6,in-hi,1,1,558
miss you appa quotes in kannada from daughter,8,in-hi,1,1,558
miss you bestie quotes in hindi,6,in-hi,1,1,558
miss you cousin quotes,4,in-hi,1,1,558
miss you everyone quotes,4,in-hi,1,1,558
miss you hubby shayari in hindi,6,in-hi,1,1,558
miss you jaan name,4,in-hi,1,1,558
miss you jaan quotes in english,6,in-hi,1,1,558
miss you kaka quotes,4,in-hi,1,1,558
miss you love quotes in english,6,in-hi,1,1,558
miss you love you 2026 movie,6,in-hi,1,1,558
miss you nani maa shayari,5,in-hi,1,1,558
miss you quotes deep,4,in-hi,1,1,558
miss you quotes grandma,4,in-hi,1,1,558
miss you quotes hindi text,5,in-hi,1,1,558
miss you quotes mom,4,in-hi,1,1,558
miss you quotes photo,4,in-hi,1,1,558
miss you quotes sister short,5,in-hi,1,1,558
miss you quotes to girlfriend,5,in-hi,1,1,558
miss you roommate quotes short,5,in-hi,1,1,558
miss you too ka matlab,5,in-hi,1,1,558
miss you unique quotes,4,in-hi,1,1,558
miss you vahini quotes in marathi text,7,in-hi,1,1,558
missing him quotes one line,5,in-hi,1,1,558
missing you quotes winnie the pooh,6,in-hi,1,1,558
quotes when you miss your husband,6,in-hi,1,1,558
मिस यू माँ स्टेटस इन हिंदी,6,in-hi,1,1,558
mi manchi amore mio laura pausini,6,it-it,1,1,558
mi manchi buongiorno,3,it-it,1,1,558
mi manchi da morire in inglese,6,it-it,1,1,558
mi manchi e te lo sto dicendo con tutto il silenzio di cui sono capace,15,it-it,1,1,558
mi manchi fausto leali karaoke,5,it-it,1,1,558
mi manchi già pellai,4,it-it,1,1,558
mi manchi h seven,4,it-it,1,1,558
mi manchi levante accordi,4,it-it,1,1,558
mi manchi ma non posso dirtelo,6,it-it,1,1,558
mi manchi non puoi capire cos'è che ho davanti,9,it-it,1,1,558
mi manchi quando non riesco a dormire,7,it-it,1,1,558
mi manchi scritta,3,it-it,1,1,558
mi manchi tanto in inglese,5,it-it,1,1,558
mi manchi un casino significato,5,it-it,1,1,558
mi manchi vittorio romano,4,it-it,1,1,558
mi manchi what does it mean,6,it-it,1,1,558
scemo mi manchi youtube,4,it-it,1,1,558
会いたい misia 歌詞,3,jp-ja,1,1,558
会いたい でも会えない 歌詞,3,jp-ja,1,1,558
会いたい ライン 付き合ってない,3,jp-ja,1,1,558
会いたい 作詞作曲,2,jp-ja,1,1,558
会いたい 徳永英明,2,jp-ja,1,1,558
会いたい 暗号,2,jp-ja,1,1,558
会いたい 私を見つけて,2,jp-ja,1,1,558
会いたい 言えない,2,jp-ja,1,1,558
会いたい 返信の仕方,2,jp-ja,1,1,558
会いたいな 歌詞,2,jp-ja,1,1,558
보고싶다 bts song,3,kr-ko,1,1,558
보고싶다 답장,2,kr-ko,1,1,558
보고싶다 안경원,2,kr-ko,1,1,558
te extraño como se extrañan,5,mx-es,1,1,558
te extraño hermanita,3,mx-es,1,1,558
te extraño joaquin sabina,4,mx-es,1,1,558
te extraño no puedo ya decirte que te extraño letra,10,mx-es,1,1,558
te extraño rayito colombiano,4,mx-es,1,1,558
ik mis je anouk,4,nl-nl,1,1,558
ik mis je broer,4,nl-nl,1,1,558
ik mis je cadeau,4,nl-nl,1,1,558
ik mis je documentaire,4,nl-nl,1,1,558
ik mis je een beetje,5,nl-nl,1,1,558
ik mis je familie bal,5,nl-nl,1,1,558
ik mis je hier beneden,5,nl-nl,1,1,558
ik mis je jonathan scheppink,5,nl-nl,1,1,558
ik mis je liefde,4,nl-nl,1,1,558
ik mis je presentator,4,nl-nl,1,1,558
ik mis je rik peters,5,nl-nl,1,1,558
ik mis je thom,4,nl-nl,1,1,558
ik mis je voor altijd tekst,6,nl-nl,1,1,558
ik mis je zo gerard joling,6,nl-nl,1,1,558
ik mis je zo udo tekst,6,nl-nl,1,1,558
ik mis je zo will tura youtube,7,nl-nl,1,1,558
miss din kita in tagalog,5,ph-en,1,1,558
miss kita chords no capo,5,ph-en,1,1,558
miss kita in hiligaynon,4,ph-en,1,1,558
miss kita karaoke number platinum,5,ph-en,1,1,558
miss kita karaoke youtube,4,ph-en,1,1,558
miss kita live,3,ph-en,1,1,558
miss kita mahal ko,4,ph-en,1,1,558
miss kita na,3,ph-en,1,1,558
miss kita pag tuesday meaning,5,ph-en,1,1,558
miss kita sa bisaya,4,ph-en,1,1,558
miss kita translate english,4,ph-en,1,1,558
miss na kita english,4,ph-en,1,1,558
miss na kita google translate,5,ph-en,1,1,558
miss na kita reggae,4,ph-en,1,1,558
miss na kita vxon lyrics,5,ph-en,1,1,558
tesknie za toba babciu,4,pl-pl,1,1,558
tesknie za toba film opinie,5,pl-pl,1,1,558
tęsknię za tobą każdą nocą,5,pl-pl,1,1,558
tęsknię za tobą mocno,4,pl-pl,1,1,558
tesknie za toba nie moge tak,6,pl-pl,1,1,558
tesknie za toba opis,4,pl-pl,1,1,558
tesknie za toba pj robi,5,pl-pl,1,1,558
tesknie za toba po grecku,5,pl-pl,1,1,558
tesknie za toba po pozegnaniu caly film pl,8,pl-pl,1,1,558
tesknie za toba po pozegnaniu youtube,6,pl-pl,1,1,558
tesknie za toba serial obsada,5,pl-pl,1,1,558
tęsknię za tobą to english,5,pl-pl,1,1,558
tesknie za toba w kazdy dzien,6,pl-pl,1,1,558
ai 306 скучаю по тебе remix,6,ru-ru,1,1,558
сергей трофимов я скучаю по тебе,6,ru-ru,1,1,558
скучаю по тебе как апостол по святым мукам,8,ru-ru,1,1,558
скучаю по тебе люблю тебя смотреть онлайн,7,ru-ru,1,1,558
скучаю по тебе после расставания фильм,6,ru-ru,1,1,558
я скучаю по тебе en français,6,ru-ru,1,1,558
neşe karaböcek seni özledim lyrics,5,tr-tr,1,1,558
özledim seni ebru gündeş,4,tr-tr,1,1,558
özledim seni fadıl aydın sözleri,5,tr-tr,1,1,558
özledim seni harbiden akor,4,tr-tr,1,1,558
özledim seni ibrahim tatlıses,4,tr-tr,1,1,558
özledim seni resul,3,tr-tr,1,1,558
özledim seni sözleri halit bilgiç,5,tr-tr,1,1,558
seni cok ozledim,3,tr-tr,1,1,558
seni çok özledim portekizce,4,tr-tr,1,1,558
seni çok özledim tamam,4,tr-tr,1,1,558
seni çok özledim unuttum bütün kırgınlıkları,6,tr-tr,1,1,558
seni özledim anne ahmet kaya,5,tr-tr,1,1,558
seni ozledim askim,3,tr-tr,1,1,558
seni özledim baba sözleri,4,tr-tr,1,1,558
seni özledim diyen eski sevgiliye cevap,6,tr-tr,1,1,558
seni özledim gözlerindeki huzuru,4,tr-tr,1,1,558
seni özledim kürtçe nasıl yazılır,5,tr-tr,1,1,558
seni özledim neşe karaböcek sözleri,5,tr-tr,1,1,558
seni özledim yabancı şarkı,4,tr-tr,1,1,558
vedadan sonra seni özledim oyuncuları,5,tr-tr,1,1,558
i miss you already in spanish,6,us-en,1,1,558
i miss you beyonce,4,us-en,1,1,558
i miss you cast,4,us-en,1,1,558
i miss you david ruffin,5,us-en,1,1,558
i miss you en español,5,us-en,1,1,558
i miss you gracie binion lyrics,6,us-en,1,1,558
i miss you hugs and kisses,6,us-en,1,1,558
i miss you im talking to you baby,8,us-en,1,1,558
i miss you kim bum soo lyrics,7,us-en,1,1,558
i miss you like crazy lyrics,6,us-en,1,1,558
i miss you more than,5,us-en,1,1,558
i miss you now song,5,us-en,1,1,558
i miss you over here song,6,us-en,1,1,558
i miss you poems for him,6,us-en,1,1,558
i miss you rolling stones lyrics,6,us-en,1,1,558
i miss you song 90s,5,us-en,1,1,558
i miss you tabs,4,us-en,1,1,558
i miss you when i can't sleep or right after coffee lyrics,12,us-en,1,1,558
i miss you you know,5,us-en,1,1,558
miss you clipart,3,us-en,1,1,558
miss you everywhere,3,us-en,1,1,558
miss you guys in spanish,5,us-en,1,1,558
miss you jerk oliver tree,5,us-en,1,1,558
miss you knock knock jokes,5,us-en,1,1,558
miss you man,3,us-en,1,1,558
miss you polly scattergood,4,us-en,1,1,558
miss you so,3,us-en,1,1,558
miss you tabs,3,us-en,1,1,558
miss you video rolling stones,5,us-en,1,1,558
when i miss you everywhere song,6,us-en,1,1,558
ja sinto sua falta,4,br-pt,1,1,557
karaoke saudades da minha terra,5,br-pt,1,1,557
saudades a xanxere,3,br-pt,1,1,557
saudades bateu forte,3,br-pt,1,1,557
saudades burra letra,3,br-pt,1,1,557
saudades da gente,3,br-pt,1,1,557
saudades eternas texto,3,br-pt,1,1,557
saudades fm matão,3,br-pt,1,1,557
saudades gonet,2,br-pt,1,1,557
saudades helder,2,br-pt,1,1,557
saudades imagem,2,br-pt,1,1,557
saudades inflamada,2,br-pt,1,1,557
saudades jorge e mateus letra,5,br-pt,1,1,557
saudades letra mc hariel,4,br-pt,1,1,557
saudades mil dexter,3,br-pt,1,1,557
saudades no diminutivo,3,br-pt,1,1,557
saudades ou saudade quando usar,5,br-pt,1,1,557
saudades proibida,2,br-pt,1,1,557
saudades saudade,2,br-pt,1,1,557
saudades te amo imdb,4,br-pt,1,1,557
saudades vai chamar meu nome,5,br-pt,1,1,557
saudades zap,2,br-pt,1,1,557
sinto sua falta amor frases,5,br-pt,1,1,557
sinto sua falta banana cifra,5,br-pt,1,1,557
sinto sua falta cifra ccb,5,br-pt,1,1,557
sinto sua falta depois de um adeus,7,br-pt,1,1,557
sinto sua falta depois do adeus completo dailymotion,8,br-pt,1,1,557
sinto sua falta dorama resenha,5,br-pt,1,1,557
sinto sua falta em inglês como se escreve,8,br-pt,1,1,557
sinto sua falta em libras,5,br-pt,1,1,557
sinto sua falta ferrugem partitura,5,br-pt,1,1,557
sinto sua falta luto,4,br-pt,1,1,557
sinto sua falta ok,4,br-pt,1,1,557
sinto sua falta skank cifra,5,br-pt,1,1,557
sinto sua falta vó em inglês,6,br-pt,1,1,557
sinto tanto sua falta que chega a doer,8,br-pt,1,1,557
ultima saudades,2,br-pt,1,1,557
what is saudades in english,5,br-pt,1,1,557
youtube saudades da minha terra,5,br-pt,1,1,557
ich vermisse dich bilder trauer,5,de-de,1,1,557
ich vermisse dich cartoon,4,de-de,1,1,557
ich vermisse dich deine liebe deine art,7,de-de,1,1,557
ich vermisse dich freundschaft,4,de-de,1,1,557
ich vermisse dich herz,4,de-de,1,1,557
ich vermisse dich jeden tag lied,6,de-de,1,1,557
ich vermisse dich karaoke,4,de-de,1,1,557
ich vermisse dich latein,4,de-de,1,1,557
ich vermisse dich mama lied deutsch,6,de-de,1,1,557
ich vermisse dich norwegisch,4,de-de,1,1,557
ich vermisse dich oma lied text,6,de-de,1,1,557
ich vermisse dich poetisch,4,de-de,1,1,557
ich vermisse dich richtig doll,5,de-de,1,1,557
ich vermisse dich trauerlied,4,de-de,1,1,557
ich vermisse dich und deine nähe,6,de-de,1,1,557
ich vermisse dich verschlüsselt,4,de-de,1,1,557
ich vermisse dich wer ist parker,6,de-de,1,1,557
ich vermisse dich zu küssen,5,de-de,1,1,557
como te echo de menos unplugged,6,es-es,1,1,557
sticker whatsapp te echo de menos,6,es-es,1,1,557
te echo de menos alejandro sanz letra,7,es-es,1,1,557
te echo de menos brock,5,es-es,1,1,557
te echo de menos cariño,5,es-es,1,1,557
te echo de menos con o sin h,8,es-es,1,1,557
te echo de menos frases cortas,6,es-es,1,1,557
te echo de menos giovanny ayala letra,7,es-es,1,1,557
te echo de menos hoy,5,es-es,1,1,557
te echo de menos juanito makande,6,es-es,1,1,557
te echo de menos letra kiko,6,es-es,1,1,557
te echo de menos letra pablo alboran,7,es-es,1,1,557
te echo de menos letra y acordes,7,es-es,1,1,557
te echo de menos musica,5,es-es,1,1,557
te echo de menos netflix filmaffinity,6,es-es,1,1,557
te echo de menos quien la canta,7,es-es,1,1,557
te echo de menos serie final,6,es-es,1,1,557
te echo de menos trailer español,6,es-es,1,1,557
te echo de menos va con h o sin,9,es-es,1,1,557
te echo de menos.ricardo montaner letra,6,es-es,1,1,557
te extraño drama,3,es-es,1,1,557
te extraño flema,3,es-es,1,1,557
te extraño pelicula coreana,4,es-es,1,1,557
te extraño significado español,4,es-es,1,1,557
te extraño te olvido te amo ricky martin,8,es-es,1,1,557
tu me manques aussi en espagnol,6,fr-fr,1,1,557
tu me manques bébé,4,fr-fr,1,1,557
tu me manques combien d épisodes,6,fr-fr,1,1,557
tu me manques drama,4,fr-fr,1,1,557
tu me manques en coréen,5,fr-fr,1,1,557
tu me manques en zarma,5,fr-fr,1,1,557
tu me manques énormément in english,6,fr-fr,1,1,557
tu me manques faycel sghir paroles,6,fr-fr,1,1,557
tu me manques gims,4,fr-fr,1,1,557
tu me manques harlan coben distribution,6,fr-fr,1,1,557
tu me manques joe dwet file,6,fr-fr,1,1,557
tu me manques kizomba,4,fr-fr,1,1,557
tu me manques louane chords,5,fr-fr,1,1,557
tu me manques musique,4,fr-fr,1,1,557
tu me manques netflix saison 2,6,fr-fr,1,1,557
tu me manques pourtant tu es là accords,8,fr-fr,1,1,557
tu me manques qui est calligan,6,fr-fr,1,1,557
tu me manques roman,4,fr-fr,1,1,557
tu me manques serie avis,5,fr-fr,1,1,557
tu me manques tellement en anglais,6,fr-fr,1,1,557
tu me manques un peu beaucoup,6,fr-fr,1,1,557
tu me manques vachement,4,fr-fr,1,1,557
you tu me manques,4,fr-fr,1,1,557
miss you again,3,gb-en,1,1,557
miss you card for friend,5,gb-en,1,1,557
miss you juan karlos meaning,5,gb-en,1,1,557
miss you message,3,gb-en,1,1,557
miss you nights cliff,4,gb-en,1,1,557
aku hanya rindu kamu bahasa inggris,6,id-id,1,1,557
aku kangen kamu jepang,4,id-id,1,1,557
aku kangen kamu kode,4,id-id,1,1,557
aku kangen kamu mas bahasa jawa,6,id-id,1,1,557
aku rindu kamu bahasa padang,5,id-id,1,1,557
aku rindu kamu juga bahasa korea,6,id-id,1,1,557
chord kangen kamu harmonia,4,id-id,1,1,557
dara ayu rindu aku rindu kamu feat bajol ndanu lyrics,10,id-id,1,1,557
dj rindu aku rindu kamu viral tiktok,7,id-id,1,1,557
gambar aku rindu kamu,4,id-id,1,1,557
kamu kangen ya sama aku,5,id-id,1,1,557
kangen band kamu gila,4,id-id,1,1,557
kangen kamu bahasa arab nya,5,id-id,1,1,557
kangen kamu bahasa italia,4,id-id,1,1,557
kangen kamu semarang,3,id-id,1,1,557
kangen sama kamu chord,4,id-id,1,1,557
kangen sama kamu lirik,4,id-id,1,1,557
lirik lagu aku rindu padamu evie tamala,7,id-id,1,1,557
pantun kangen kamu,3,id-id,1,1,557
rindu aku rindu kamu cover,5,id-id,1,1,557
rindu aku rindu kamu kunci gitar,6,id-id,1,1,557
rindu aku rindu kamu lirik duet,6,id-id,1,1,557
rindu aku rindu kamu not pianika,6,id-id,1,1,557
rindu aku rindu kamu reggae,5,id-id,1,1,557
rindu aku rindu kamu tiktok,5,id-id,1,1,557
rindu aku rindu kamu yeni inka,6,id-id,1,1,557
free fire name change i miss you,7,in-en,1,1,557
i miss you baba,4,in-en,1,1,557
i miss you code word,5,in-en,1,1,557
i miss you dost,4,in-en,1,1,557
i miss you every day meaning in hindi,8,in-en,1,1,557
i miss you father,4,in-en,1,1,557
i miss you forever in numbers,6,in-en,1,1,557
i miss you gift,4,in-en,1,1,557
i miss you hindi translation,5,in-en,1,1,557
i miss you ji,4,in-en,1,1,557
i miss you kannada quotes,5,in-en,1,1,557
i miss you like the deserts miss the rain,9,in-en,1,1,557
i miss you maa in hindi,6,in-en,1,1,557
i miss you nickname,4,in-en,1,1,557
i miss you old memories in hindi,7,in-en,1,1,557
i miss you picture,4,in-en,1,1,557
i miss you reply back,5,in-en,1,1,557
i miss you spelling,4,in-en,1,1,557
i miss you translate in hindi,6,in-en,1,1,557
i miss you underwear,4,in-en,1,1,557
i miss you wishes,4,in-en,1,1,557
i miss you yrr meaning in hindi,7,in-en,1,1,557
can i see you miss in hindi,7,in-hi,1,1,557
free fire name style miss you,6,in-hi,1,1,557
how badly i miss you quotes,6,in-hi,1,1,557
how to say miss you without sounding desperate,8,in-hi,1,1,557
i will miss you brother quotes,6,in-hi,1,1,557
miss you aai quotes in marathi,6,in-hi,1,1,557
miss you appa quotes in english short,7,in-hi,1,1,557
miss you apps,3,in-hi,1,1,557
miss you bestie quotes in tamil,6,in-hi,1,1,557
miss you both of you quotes,6,in-hi,1,1,557
miss you cat quotes,4,in-hi,1,1,557
miss you friends quotes one line,6,in-hi,1,1,557
miss you jiju quotes in english,6,in-hi,1,1,557
miss you kaka quotes in english,6,in-hi,1,1,557
miss you lots quotes,4,in-hi,1,1,557
miss you love you 2026 trailer,6,in-hi,1,1,557
miss you maa quotes,4,in-hi,1,1,557
miss you nanna quotes in telugu text,7,in-hi,1,1,557
miss you papa quotes in marathi,6,in-hi,1,1,557
miss you quotes baby,4,in-hi,1,1,557
miss you quotes death mom,5,in-hi,1,1,557
miss you quotes gif,4,in-hi,1,1,557
miss you quotes husband short,5,in-hi,1,1,557
miss you quotes small,4,in-hi,1,1,557
miss you quotes telugu images,5,in-hi,1,1,557
miss you relationship quotes,4,in-hi,1,1,557
miss you uncle quotes in gujarati,6,in-hi,1,1,557
miss you vadina quotes,4,in-hi,1,1,557
miss you wife quotes in marathi,6,in-hi,1,1,557
missing you extra quotes,4,in-hi,1,1,557
who you miss meaning,4,in-hi,1,1,557
will always miss you quotes,5,in-hi,1,1,557
मिस यू माँ शायरी इन हिंदी,6,in-hi,1,1,557
amore mi manchi karaoke,4,it-it,1,1,557
cosi mi manchi zucchero,4,it-it,1,1,557
immagini mi manchi whatsapp,4,it-it,1,1,557
mi manchi ancora,3,it-it,1,1,557
mi manchi bugo,3,it-it,1,1,557
mi manchi canzone fausto leali,5,it-it,1,1,557
mi manchi di loredana bertè,5,it-it,1,1,557
mi manchi e sai perché perché non miri bene,9,it-it,1,1,557
mi manchi fabio concato youtube,5,it-it,1,1,557
mi manchi frasi ricordo,4,it-it,1,1,557
mi manchi gianni morandi,4,it-it,1,1,557
mi manchi homer simpson,4,it-it,1,1,557
mi manchi leali testo,4,it-it,1,1,557
mi manchi meme,3,it-it,1,1,557
mi manchi nonna frasi,4,it-it,1,1,557
mi manchi quando sei con me,6,it-it,1,1,557
mi manchi significato canzone,4,it-it,1,1,557
mi manchi tanto in spagnolo,5,it-it,1,1,557
mi manchi un sacco in english,6,it-it,1,1,557
mi manchi video,3,it-it,1,1,557
会いたい hy,2,jp-ja,1,1,557
会いたい radwimps 意味,3,jp-ja,1,1,557
会いたい オリジナル,2,jp-ja,1,1,557
会いたい テヒョン,2,jp-ja,1,1,557
会いたい わがままな僕さ,2,jp-ja,1,1,557
会いたい 会えない,2,jp-ja,1,1,557
会いたい 歌詞 加藤ミリヤ,3,jp-ja,1,1,557
会いたい 沢田,2,jp-ja,1,1,557
会いたい 男性,2,jp-ja,1,1,557
会いたい 脈あり,2,jp-ja,1,1,557
会いたい 英語 ネイティブ,3,jp-ja,1,1,557
会いたい 言い換え 恋愛,3,jp-ja,1,1,557
会いたいと思う気持ちが,1,jp-ja,1,1,557
보고싶다 가사 bts,3,kr-ko,1,1,557
보고싶다 다른 표현,3,kr-ko,1,1,557
보고싶다 이미지,2,kr-ko,1,1,557
보고싶다내사랑,1,kr-ko,1,1,557
te extraño banda maguey,4,mx-es,1,1,557
te extraño de un extraño acordes,6,mx-es,1,1,557
te extraño hasta la alcoba me parece oscura,8,mx-es,1,1,557
te extraño jose jose acordes,5,mx-es,1,1,557
te extraño letra pequeños,4,mx-es,1,1,557
te extraño poquito,3,mx-es,1,1,557
te extraño rolling stones,4,mx-es,1,1,557
te extraño snoopy,3,mx-es,1,1,557
te extraño tanto rayito colombiano,5,mx-es,1,1,557
ik mis je aanraking,4,nl-nl,1,1,557
ik mis je blijf bij me,6,nl-nl,1,1,557
ik mis je carmen,4,nl-nl,1,1,557
ik mis je dochter gedichten,5,nl-nl,1,1,557
ik mis je farsi,4,nl-nl,1,1,557
ik mis je gemist 2026,5,nl-nl,1,1,557
ik mis je heel hard,5,nl-nl,1,1,557
ik mis je in italiaans,5,nl-nl,1,1,557
ik mis je joyce,4,nl-nl,1,1,557
ik mis je knuffel,4,nl-nl,1,1,557
ik mis je lydia rosa,5,nl-nl,1,1,557
ik mis je nu al gif,6,nl-nl,1,1,557
ik mis je ouboter,4,nl-nl,1,1,557
ik mis je portugees,4,nl-nl,1,1,557
ik mis je russisch,4,nl-nl,1,1,557
ik mis je seizoen 10 aflevering 37,7,nl-nl,1,1,557
ik mis je tattoo,4,nl-nl,1,1,557
ik mis je vera,4,nl-nl,1,1,557
ik mis je zo milo,5,nl-nl,1,1,557
ik mis je zo uit milo,6,nl-nl,1,1,557
youtube ik mis je elke dag een beetje meer,9,nl-nl,1,1,557
milkita candy,2,ph-en,1,1,557
miss applegate kindergarten 2,4,ph-en,1,1,557
miss din kita in bicol,5,ph-en,1,1,557
miss kita aking sinta j brothers lyrics,7,ph-en,1,1,557
miss kita lagi in english,5,ph-en,1,1,557
miss kita mosquito,3,ph-en,1,1,557
miss kita nonstop,3,ph-en,1,1,557
miss kita pag tuesday karaoke,5,ph-en,1,1,557
miss kita pag tuesday ukulele chords,6,ph-en,1,1,557
miss kita sa tagalog,4,ph-en,1,1,557
miss kita tuesday,3,ph-en,1,1,557
miss miss kita hambog lyrics,5,ph-en,1,1,557
miss na kita videoke karaoke,5,ph-en,1,1,557
miss na kita wednesday,4,ph-en,1,1,557
miss na kita yakapin in english,6,ph-en,1,1,557
miss rachel kindergarten,3,ph-en,1,1,557
film tęsknię za tobą ile odcinków,6,pl-pl,1,1,557
tesknie za toba ang,4,pl-pl,1,1,557
tęsknię za tobą drama korea,5,pl-pl,1,1,557
tęsknię za tobą fabuła,4,pl-pl,1,1,557
tęsknię za tobą kiedy na netflix,6,pl-pl,1,1,557
tesknie za toba na podstawie ksiazki,6,pl-pl,1,1,557
tesknie za toba odcinki,4,pl-pl,1,1,557
tesknie za toba po hiszp,5,pl-pl,1,1,557
tesknie za toba po japońsku,5,pl-pl,1,1,557
tęsknię za tobą po rosyjsku,5,pl-pl,1,1,557
tęsknię za tobą po turecku,5,pl-pl,1,1,557
tęsknię za tobą serial gdzie obejrzeć,6,pl-pl,1,1,557
tęsknie za tobą synonim,4,pl-pl,1,1,557
tesknie za toba teksty,4,pl-pl,1,1,557
tęsknię za tobą wiadomość,4,pl-pl,1,1,557
скучаю по тебе книга,4,ru-ru,1,1,557
скучаю по тебе люблю тебя трейлер,6,ru-ru,1,1,557
скучаю по тебе парню,4,ru-ru,1,1,557
трофим я скучаю по тебе,5,ru-ru,1,1,557
я скучаю по тебе artinya,5,ru-ru,1,1,557
اشتقت اليكم بالانجليزي,3,sa-ar,1,1,557
lyrics özledim seni halit bilgiç,5,tr-tr,1,1,557
özledim seni can yücel,4,tr-tr,1,1,557
özledim seni efendim senle islamı öğrendim,6,tr-tr,1,1,557
özledim seni fadıl aydın,4,tr-tr,1,1,557
özledim seni hasret türküsü,4,tr-tr,1,1,557
özledim seni ismail yk,4,tr-tr,1,1,557
özledim seni murat evgin,4,tr-tr,1,1,557
özledim seni resimleri,3,tr-tr,1,1,557
özledim seni sözleri atilla kaya,5,tr-tr,1,1,557
seni çok özledim paşam,4,tr-tr,1,1,557
seni çok özledim türküsü,4,tr-tr,1,1,557
seni çok özledim uzun mesajlar,5,tr-tr,1,1,557
seni özledim akor,3,tr-tr,1,1,557
seni ozledim almanca ne demek,5,tr-tr,1,1,557
seni özledim ben,3,tr-tr,1,1,557
seni özledim drama izle,4,tr-tr,1,1,557
seni özledim gazapizm,3,tr-tr,1,1,557
seni özledim karikatür,3,tr-tr,1,1,557
seni özledim ne demek almanca,5,tr-tr,1,1,557
seni özledim yabancı dizi,4,tr-tr,1,1,557
vedadan sonra seni özledim oyuncuları isimleri,6,tr-tr,1,1,557
i miss you a lot in spanish,7,us-en,1,1,557
i miss you blink 182 lyrics meaning,7,us-en,1,1,557
i miss you come here song,6,us-en,1,1,557
i miss you everywhere song,5,us-en,1,1,557
i miss you guitar tab,5,us-en,1,1,557
i miss you habibi,4,us-en,1,1,557
i miss you jodeci,4,us-en,1,1,557
i miss you karaoke,4,us-en,1,1,557
i miss you more by diane butler,7,us-en,1,1,557
i miss you old school song,6,us-en,1,1,557
i miss you quotes in spanish,6,us-en,1,1,557
i miss you rock songs,5,us-en,1,1,557
i miss you so much and i need you to know,11,us-en,1,1,557
i miss you tonight,4,us-en,1,1,557
i miss you ultimate guitar,5,us-en,1,1,557
i miss you yuuko,4,us-en,1,1,557
miss you cat meme,4,us-en,1,1,557
miss you john summit remix,5,us-en,1,1,557
miss you kiss you song,5,us-en,1,1,557
miss you miss you miss you,6,us-en,1,1,557
miss you phonk,3,us-en,1,1,557
miss you queen,3,us-en,1,1,557
miss you vs worth nothing,5,us-en,1,1,557
miss you wanna kiss you gif,6,us-en,1,1,557
when i miss you i put those records on,9,us-en,1,1,557
ja sinto sua falta em ingles,6,br-pt,1,1,556
karaoke saudades eduardo costa,4,br-pt,1,1,556
saudades a xangô,3,br-pt,1,1,556
saudades amiga texto,3,br-pt,1,1,556
saudades biblia,2,br-pt,1,1,556
saudades cifra simplificada,3,br-pt,1,1,556
saudades da minha terra letra,5,br-pt,1,1,556
saudades em libras,3,br-pt,1,1,556
saudades fez morada aqui dentro,5,br-pt,1,1,556
saudades gerson rufino,3,br-pt,1,1,556
saudades hino letra,3,br-pt,1,1,556
saudades in english,3,br-pt,1,1,556
saudades irmã que morreu,4,br-pt,1,1,556
saudades joel e izael,4,br-pt,1,1,556
saudades libras,2,br-pt,1,1,556
saudades mc hariel,3,br-pt,1,1,556
saudades né minha filha meme,5,br-pt,1,1,556
saudades ou saudade qual a forma correta,7,br-pt,1,1,556
saudades ponto de exclamação,4,br-pt,1,1,556
saudades que eu tava,4,br-pt,1,1,556
saudades sem fim,3,br-pt,1,1,556
saudades sua forro de favela,5,br-pt,1,1,556
saudades tradução,2,br-pt,1,1,556
saudades vem,2,br-pt,1,1,556
saudades zero,2,br-pt,1,1,556
sinto sua falta amigo terno rei,6,br-pt,1,1,556
sinto sua falta baby vem logo me amar,8,br-pt,1,1,556
sinto sua falta cavaquinho,4,br-pt,1,1,556
sinto sua falta depois de um adeus completo,8,br-pt,1,1,556
sinto sua falta depois do adeus hotmart,7,br-pt,1,1,556
sinto sua falta depois do adeus letra,7,br-pt,1,1,556
sinto sua falta desejo de menina,6,br-pt,1,1,556
sinto sua falta em arabe,5,br-pt,1,1,556
sinto sua falta frases amor,5,br-pt,1,1,556
sinto sua falta lucas morato,5,br-pt,1,1,556
sinto sua falta minissérie,4,br-pt,1,1,556
sinto sua falta sinonimo,4,br-pt,1,1,556
sinto sua falta tumblr,4,br-pt,1,1,556
sinto sua falta volta pra mim,6,br-pt,1,1,556
uninter saudades,2,br-pt,1,1,556
what does saudades mean in english,6,br-pt,1,1,556
wolverine com saudades,3,br-pt,1,1,556
yeshua saudades letra,3,br-pt,1,1,556
ich vermisse dich bosnisch,4,de-de,1,1,556
ich vermisse dich code,4,de-de,1,1,556
ich vermisse dich du fehlst mir,6,de-de,1,1,556
ich vermisse dich episodenguide,4,de-de,1,1,556
ich vermisse dich französisch sprüche,5,de-de,1,1,556
ich vermisse dich gerade sehr,5,de-de,1,1,556
ich vermisse dich hund tot,5,de-de,1,1,556
ich vermisse dich i love you,6,de-de,1,1,556
ich vermisse dich ich liebe dich,6,de-de,1,1,556
ich vermisse dich in german,5,de-de,1,1,556
ich vermisse dich jetzt schon bilder,6,de-de,1,1,556
ich vermisse dich kurdo,4,de-de,1,1,556
ich vermisse dich lune chords,5,de-de,1,1,556
ich vermisse dich mein schatz bilder,6,de-de,1,1,556
ich vermisse dich netflix handlung,5,de-de,1,1,556
ich vermisse dich original,4,de-de,1,1,556
ich vermisse dich poesie,4,de-de,1,1,556
ich vermisse dich rätoromanisch,4,de-de,1,1,556
ich vermisse dich serie besetzung,5,de-de,1,1,556
ich vermisse dich thai,4,de-de,1,1,556
ich vermisse dich und freue mich auf dich,8,de-de,1,1,556
ich vermisse dich von harlan coben,6,de-de,1,1,556
ich vermisse dich wenn die lichter ausgehen,7,de-de,1,1,556
ich vermisse dich zu sehen,5,de-de,1,1,556
como se dice te echo de menos en wolof,9,es-es,1,1,556
te echo de menos acordes kiko veneno,7,es-es,1,1,556
te echo de menos beatriz luengo,6,es-es,1,1,556
te echo de menos cancion pablo alboran,7,es-es,1,1,556
te echo de menos como un niño,7,es-es,1,1,556
te echo de menos en gallego,6,es-es,1,1,556
te echo de menos frank reyes,6,es-es,1,1,556
te echo de menos gino mella letra,7,es-es,1,1,556
te echo de menos hijo,5,es-es,1,1,556
te echo de menos jose el ciego,7,es-es,1,1,556
te echo de menos ke personajes,6,es-es,1,1,556
te echo de menos letra bryant myers,7,es-es,1,1,556
te echo de menos mama cancion,6,es-es,1,1,556
te echo de menos novela,5,es-es,1,1,556
te echo de menos quiero verte,6,es-es,1,1,556
te echo de menos respuesta,5,es-es,1,1,556
te echo de menos serie capitulos,6,es-es,1,1,556
te echo de menos todo este tiempo letra,8,es-es,1,1,556
te echo de menos vanesa martin,6,es-es,1,1,556
te extraño bananas,3,es-es,1,1,556
te extraño como un pato en el manzanares,8,es-es,1,1,556
te extraño diego el cigala,5,es-es,1,1,556
te extraño letra tony rosado,5,es-es,1,1,556
te extraño mucho en ingles,5,es-es,1,1,556
te extraño papa imagen,4,es-es,1,1,556
te extraño te echo de menos,6,es-es,1,1,556
te extraño todos los dias de mi vida,8,es-es,1,1,556
tu me manques amour,4,fr-fr,1,1,556
tu me manques beaucoup en arabe,6,fr-fr,1,1,556
tu me manques comme,4,fr-fr,1,1,556
tu me manques deja en italien,6,fr-fr,1,1,556
tu me manques en japonais,5,fr-fr,1,1,556
tu me manques film 2025,5,fr-fr,1,1,556
tu me manques goldman paroles,5,fr-fr,1,1,556
tu me manques harlan coben film,6,fr-fr,1,1,556
tu me manques in english meaning,6,fr-fr,1,1,556
tu me manques j ai envie de te voir,9,fr-fr,1,1,556
tu me manques kaky chords,5,fr-fr,1,1,556
tu me manques la chicane,5,fr-fr,1,1,556
tu me manques mini serie,5,fr-fr,1,1,556
tu me manques netflix acteurs,5,fr-fr,1,1,556
tu me manques ou je te manque,7,fr-fr,1,1,556
tu me manques pourquoi josh est parti,7,fr-fr,1,1,556
tu me manques quand,4,fr-fr,1,1,556
tu me manques rodrigo bellott,5,fr-fr,1,1,556
tu me manques saison 1,5,fr-fr,1,1,556
tu me manques tellement j'ai besoin de toi sms,9,fr-fr,1,1,556
tu me manques un peu trop,6,fr-fr,1,1,556
tu me manques video,4,fr-fr,1,1,556
youtube tu me manques harry diboula,6,fr-fr,1,1,556
miss you come here song,5,gb-en,1,1,556
miss you dad on your birthday,6,gb-en,1,1,556
miss you endlessly meaning,4,gb-en,1,1,556
miss you henry moodie,4,gb-en,1,1,556
miss you nan quotes from granddaughter,6,gb-en,1,1,556
aku kangen kamu bahasa prancis,5,id-id,1,1,556
aku kangen kamu google,4,id-id,1,1,556
aku kangen kamu juga,4,id-id,1,1,556
aku kangen kamu loh,4,id-id,1,1,556
aku kangen kamu mama bahasa inggris,6,id-id,1,1,556
aku kangen kamu yang dulu,5,id-id,1,1,556
aku rindu kamu bahasa aceh,5,id-id,1,1,556
aku rindu kamu bahasa turki,5,id-id,1,1,556
aku rindu kamu ibu,4,id-id,1,1,556
aku rindu kamu jawa,4,id-id,1,1,556
aku rindu kamu selamanya bahasa inggris,6,id-id,1,1,556
aku rindu kamu yang dulu in english,7,id-id,1,1,556
bahasa arab aku rindu kamu yang jauh disana,8,id-id,1,1,556
bahasa gayo aku rindu kamu,5,id-id,1,1,556
bahasa portugis aku rindu kamu,5,id-id,1,1,556
chord rindu aku rindu kamu versi reggae,7,id-id,1,1,556
dangdut koplo rindu aku rindu kamu full album,8,id-id,1,1,556
harmonia aku rindu kamu,4,id-id,1,1,556
kamu kangen aku,3,id-id,1,1,556
kangen kamu bahasa jawa nya,5,id-id,1,1,556
kangen kamu dalam bahasa korea,5,id-id,1,1,556
kangen kamu setiap saat bahasa inggris,6,id-id,1,1,556
karaoke rindu aku rindu kamu nada wanita,7,id-id,1,1,556
rindu aku rindu kamu chordtela,5,id-id,1,1,556
rindu aku rindu kamu karaoke nada cowok,7,id-id,1,1,556
rindu aku rindu kamu lagu tahun berapa,7,id-id,1,1,556
rindu aku rindu kamu remix karaoke,6,id-id,1,1,556
sesungguhnya aku kangen kamu chord,5,id-id,1,1,556
sesungguhnya aku kangen kamu kahitna,5,id-id,1,1,556
i miss you always meaning in hindi,7,in-en,1,1,556
i miss you babu,4,in-en,1,1,556
i miss you best quotes,5,in-en,1,1,556
i miss you dad song,5,in-en,1,1,556
i miss you everyone meaning in hindi,7,in-en,1,1,556
i miss you family,4,in-en,1,1,556
i miss you for girlfriend,5,in-en,1,1,556
i miss you good morning message,6,in-en,1,1,556
i miss you husband ji,5,in-en,1,1,556
i miss you jaan text,5,in-en,1,1,556
i miss you korean language,5,in-en,1,1,556
i miss you legend meaning in hindi,7,in-en,1,1,556
i miss you name,4,in-en,1,1,556
i miss you other language,5,in-en,1,1,556
i miss you papa shayari in hindi,7,in-en,1,1,556
i miss you quotes for husband,6,in-en,1,1,556
i miss you reply in english,6,in-en,1,1,556
i miss you stylish name,5,in-en,1,1,556
i miss you translate in kannada,6,in-en,1,1,556
i miss you urdu mein,5,in-en,1,1,556
i miss you very badly meaning in hindi,8,in-en,1,1,556
i miss you wallpaper black,5,in-en,1,1,556
i miss you yaar ka matlab,6,in-en,1,1,556
can i see you miss,5,in-hi,1,1,556
how i will miss you quotes,6,in-hi,1,1,556
i miss you ne demek,5,in-hi,1,1,556
i will miss you mom quotes,6,in-hi,1,1,556
miss you appa quotes from daughter,6,in-hi,1,1,556
miss you bestie quotes for instagram,6,in-hi,1,1,556
miss you bhai in hindi,5,in-hi,1,1,556
miss you jaan quotes in hindi,6,in-hi,1,1,556
miss you khala quotes,4,in-hi,1,1,556
miss you love quotes in tamil,6,in-hi,1,1,556
miss you love you 2026 imdb,6,in-hi,1,1,556
miss you maa quotes in hindi,6,in-hi,1,1,556
miss you maa shayari 2 line,6,in-hi,1,1,556
miss you nanna quotes,4,in-hi,1,1,556
miss you quotes brother short,5,in-hi,1,1,556
miss you quotes death grandmother,5,in-hi,1,1,556
miss you quotes for office colleagues,6,in-hi,1,1,556
miss you quotes girl,4,in-hi,1,1,556
miss you quotes hindi sad,5,in-hi,1,1,556
miss you quotes someone passed away,6,in-hi,1,1,556
miss you quotes to best friend,6,in-hi,1,1,556
miss you reply quotes,4,in-hi,1,1,556
miss you uncle quotes short,5,in-hi,1,1,556
miss you vacation quotes,4,in-hi,1,1,556
miss you wife quotes in hindi,6,in-hi,1,1,556
missing you everyday quotes for her,6,in-hi,1,1,556
quotes when you miss your family,6,in-hi,1,1,556
when you miss a friend quotes,6,in-hi,1,1,556
who you miss in hindi,5,in-hi,1,1,556
मिस यू ऑनलाइन,3,in-hi,1,1,556
मिस यू माँ इमेजेज,4,in-hi,1,1,556
mi manchi amore,3,it-it,1,1,556
mi manchi andrea bocelli youtube,5,it-it,1,1,556
mi manchi bukowski,3,it-it,1,1,556
mi manchi cristicchi,3,it-it,1,1,556
mi manchi dopo l'addio,4,it-it,1,1,556
mi manchi e mi manca tutto di te,8,it-it,1,1,556
mi manchi fausto leali anno,5,it-it,1,1,556
mi manchi già in spagnolo,5,it-it,1,1,556
mi manchi hk,3,it-it,1,1,556
mi manchi in wolof,4,it-it,1,1,556
mi manchi lettera,3,it-it,1,1,556
mi manchi mr block,4,it-it,1,1,556
mi manchi negli occhi significato,5,it-it,1,1,556
mi manchi quando ci separiamo in una porta girevole,9,it-it,1,1,556
mi manchi roberto vecchioni significato,5,it-it,1,1,556
mi manchi snoopy,3,it-it,1,1,556
mi manchi tanto zio,4,it-it,1,1,556
mi manchi traduzione inglese,4,it-it,1,1,556
mi manchi un botto,4,it-it,1,1,556
会いたい i miss you テレ玉,5,jp-ja,1,1,556
会いたい スタンプ,2,jp-ja,1,1,556
会いたい とは,2,jp-ja,1,1,556
会いたい なんて返す,2,jp-ja,1,1,556
会いたい を中国語で,2,jp-ja,1,1,556
会いたい 会いたい,2,jp-ja,1,1,556
会いたい 動画,2,jp-ja,1,1,556
会いたい 合唱 歌詞,3,jp-ja,1,1,556
会いたい 歌ってる人,2,jp-ja,1,1,556
会いたい 歌詞 もさを,3,jp-ja,1,1,556
会いたい 絵文字 組み合わせ,3,jp-ja,1,1,556
会いたい 花言葉 花,3,jp-ja,1,1,556
会いたい 見たい 韓国語,3,jp-ja,1,1,556
会いたい 重くない伝え方,2,jp-ja,1,1,556
会いたい 類語,2,jp-ja,1,1,556
会いたい会いたい会いたい会えない,1,jp-ja,1,1,556
보고싶다 mbc,2,kr-ko,1,1,556
보고싶다 translate,2,kr-ko,1,1,556
보고싶다 vs 보고싶다,3,kr-ko,1,1,556
보고싶다 김소현,2,kr-ko,1,1,556
보고싶다 돌려말하기,2,kr-ko,1,1,556
보고싶다 원곡,2,kr-ko,1,1,556
te extraño abuelita que estás en el cielo,8,mx-es,1,1,556
te extraño banda pequeños letra,5,mx-es,1,1,556
te extraño con luis miguel,5,mx-es,1,1,556
te extraño dibujo,3,mx-es,1,1,556
te extraño junior h significado,5,mx-es,1,1,556
te extraño noteit,3,mx-es,1,1,556
te extraño pero sin las dos primeras letras,8,mx-es,1,1,556
te extraño traductor,3,mx-es,1,1,556
dat ik je mis ukulele,5,nl-nl,1,1,556
ik mis je aanmelden,4,nl-nl,1,1,556
ik mis je berichtjes,4,nl-nl,1,1,556
ik mis je carmen puck,5,nl-nl,1,1,556
ik mis je eo.nl,4,nl-nl,1,1,556
ik mis je fleur,4,nl-nl,1,1,556
ik mis je gedichten vriendschap,5,nl-nl,1,1,556
ik mis je heel erg in english,7,nl-nl,1,1,556
ik mis je jonne,4,nl-nl,1,1,556
ik mis je klaas bisschop,5,nl-nl,1,1,556
ik mis je lyrics maaike,5,nl-nl,1,1,556
ik mis je nummer,4,nl-nl,1,1,556
ik mis je officieel zoe tauran,6,nl-nl,1,1,556
ik mis je paul,4,nl-nl,1,1,556
ik mis je rouwkaartjes,4,nl-nl,1,1,556
ik mis je schat quotes,5,nl-nl,1,1,556
ik mis je sticker,4,nl-nl,1,1,556
ik mis je tvblik,4,nl-nl,1,1,556
ik mis je vriendin,4,nl-nl,1,1,556
ik mis je warmte,4,nl-nl,1,1,556
ik mis je zo liedje,5,nl-nl,1,1,556
youtube ik mis je zo graag,6,nl-nl,1,1,556
kindergarten miss apple,3,ph-en,1,1,556
miss gellar kindergarten teacher,4,ph-en,1,1,556
miss kindergarten calendar,3,ph-en,1,1,556
miss kindergarten tpt,3,ph-en,1,1,556
miss kita april boy,4,ph-en,1,1,556
miss kita bisaya,3,ph-en,1,1,556
miss kita by j brothers karaoke,6,ph-en,1,1,556
miss kita frank,3,ph-en,1,1,556
miss kita j brothers lyrics karaoke,6,ph-en,1,1,556
miss kita karaoke j brothers,5,ph-en,1,1,556
miss kita karaoke version,4,ph-en,1,1,556
miss kita kung christmas original,5,ph-en,1,1,556
miss kita love song,4,ph-en,1,1,556
miss kita ng sobra in english,6,ph-en,1,1,556
miss kita palagi in english,5,ph-en,1,1,556
miss kita song karaoke,4,ph-en,1,1,556
miss na kita di ko na kaya lyrics,8,ph-en,1,1,556
miss na kita eh,4,ph-en,1,1,556
miss na kita hindi kona kaya,6,ph-en,1,1,556
miss na kita meaning,4,ph-en,1,1,556
miss na miss kita ukulele,5,ph-en,1,1,556
miss na miss kita year released,6,ph-en,1,1,556
miss rachel kindergarten videos,4,ph-en,1,1,556
harlan coben tęsknię za tobą netflix,6,pl-pl,1,1,556
i tęsknię za tobą,4,pl-pl,1,1,556
piosenka tęsknię za tobą jak dalej żyć,7,pl-pl,1,1,556
tesknie dzisiaj tak za toba zycie szybko cie zabralo,9,pl-pl,1,1,556
tęsknię za tobą bardzo mocno tekst,6,pl-pl,1,1,556
tęsknię za tobą co odpowiedzieć,5,pl-pl,1,1,556
tęsknię za tobą kartki,4,pl-pl,1,1,556
tęsknię za tobą netflix kiedy,5,pl-pl,1,1,556
tesknie za toba obsada serial,5,pl-pl,1,1,556
tesknie za toba po arabsku,5,pl-pl,1,1,556
tesknie za toba po pozegnaniu yt,6,pl-pl,1,1,556
tesknie za toba po rozstaniu,5,pl-pl,1,1,556
tęsknię za tobą tatusiu,4,pl-pl,1,1,556
tesknie za toba wikipedia,4,pl-pl,1,1,556
скучаю по тебе или соскучилась,5,ru-ru,1,1,556
скучаю по тебе как ответить,5,ru-ru,1,1,556
скучаю по тебе люблю тебя отзывы,6,ru-ru,1,1,556
скучаю по тебе номер рашед,5,ru-ru,1,1,556
скучаю по тебе после расставания полная версия,7,ru-ru,1,1,556
трофим я скучаю по тебе аккорды,6,ru-ru,1,1,556
özledim lan seni,3,tr-tr,1,1,556
özledim seni atilla kaya,4,tr-tr,1,1,556
özledim seni ey resul sözleri,5,tr-tr,1,1,556
özledim seni ferdi tayfur,4,tr-tr,1,1,556
özledim seni hergün yolunu gözledim,5,tr-tr,1,1,556
özledim seni ilahi sözleri,4,tr-tr,1,1,556
özledim seni rize,3,tr-tr,1,1,556
özledim seni sözleri sevgiliye,4,tr-tr,1,1,556
seni cok ozledim gece gozlum,5,tr-tr,1,1,556
seni çok özledim tuğkan,4,tr-tr,1,1,556
seni özledim diyorum napim diyor,5,tr-tr,1,1,556
seni ozledim fransizca ne demek,5,tr-tr,1,1,556
seni özledim gece gözlüm,4,tr-tr,1,1,556
seni özledim komik,3,tr-tr,1,1,556
seni özledim nasıl yazılır,4,tr-tr,1,1,556
seni özledim yağmur,3,tr-tr,1,1,556
vedadan sonra seni özledim oyuncuları keira,6,tr-tr,1,1,556
vedadan sonra seni özledim part 4,6,tr-tr,1,1,556
vedadan sonra seni özledim ucretsiz izle,6,tr-tr,1,1,556
i miss you asl,4,us-en,1,1,556
i miss you baby in spanish,6,us-en,1,1,556
i miss you best friend in spanish,7,us-en,1,1,556
i miss you clean bandit lyrics,6,us-en,1,1,556
i miss you daddy in spanish,6,us-en,1,1,556
i miss you every brand new day,7,us-en,1,1,556
i miss you for him quotes,6,us-en,1,1,556
i miss you friend in spanish,6,us-en,1,1,556
i miss you guitar chords,5,us-en,1,1,556
i miss you honey,4,us-en,1,1,556
i miss you juice wrld meme song,7,us-en,1,1,556
i miss you like the deserts miss the rain lyrics,10,us-en,1,1,556
i miss you numbers,4,us-en,1,1,556
i miss you old song,5,us-en,1,1,556
i miss you part 1 david ruffin,7,us-en,1,1,556
i miss you queen,4,us-en,1,1,556
i miss you rocket league song,6,us-en,1,1,556
i miss you songs for him,6,us-en,1,1,556
i miss you this much gif,6,us-en,1,1,556
i miss you urban dictionary,5,us-en,1,1,556
i miss you very much in french,7,us-en,1,1,556
i miss you when you're gone cranberries,7,us-en,1,1,556
miss you daddy song,4,us-en,1,1,556
miss you forever song,4,us-en,1,1,556
miss you guys meme,4,us-en,1,1,556
miss you kiddo the office gif,6,us-en,1,1,556
miss you nourished by time lyrics,6,us-en,1,1,556
miss you southstar lyrics,4,us-en,1,1,556
miss you very much in italian,6,us-en,1,1,556
when i miss you i just close my eyes lyrics,10,us-en,1,1,556
ja sinto sua falta em espanhol,6,br-pt,1,1,555
saudades a xaxim,3,br-pt,1,1,555
saudades ana castela,3,br-pt,1,1,555
saudades bateu,2,br-pt,1,1,555
saudades bateu forte deu vontade de chorar,7,br-pt,1,1,555
saudades clarice lispector poema completo,5,br-pt,1,1,555
saudades de ti,3,br-pt,1,1,555
saudades depois do adeus letra,5,br-pt,1,1,555
saudades eternas mãe,3,br-pt,1,1,555
saudades fm ao vivo,4,br-pt,1,1,555
saudades gifs animados,3,br-pt,1,1,555
saudades hija buena,3,br-pt,1,1,555
saudades imensa,2,br-pt,1,1,555
saudades instagram,2,br-pt,1,1,555
saudades jamais te esquecerei,4,br-pt,1,1,555
saudades louvor letra,3,br-pt,1,1,555
saudades meme,2,br-pt,1,1,555
saudades na bíblia versículo,4,br-pt,1,1,555
saudades o surto,3,br-pt,1,1,555
saudades primo distante,3,br-pt,1,1,555
saudades que não vai embora,5,br-pt,1,1,555
saudades rs,2,br-pt,1,1,555
saudades sentir,2,br-pt,1,1,555
saudades tem nome,3,br-pt,1,1,555
saudades vovô luto,3,br-pt,1,1,555
saudades ze vaqueiro,3,br-pt,1,1,555
sinto sua falta amor em ingles,6,br-pt,1,1,555
sinto sua falta bebê,4,br-pt,1,1,555
sinto sua falta depois do adeus história,7,br-pt,1,1,555
sinto sua falta depois do adeus keira atriz,8,br-pt,1,1,555
sinto sua falta depois do adeus reddit,7,br-pt,1,1,555
sinto sua falta depois do ultimo adeus,7,br-pt,1,1,555
sinto sua falta depois que partiu,6,br-pt,1,1,555
sinto sua falta deus,4,br-pt,1,1,555
sinto sua falta em codigo morse,6,br-pt,1,1,555
sinto sua falta lil chainz,5,br-pt,1,1,555
sinto sua falta minha amiga,5,br-pt,1,1,555
sinto sua falta namoro escondido,5,br-pt,1,1,555
sinto sua falta prime,4,br-pt,1,1,555
sinto sua falta também,4,br-pt,1,1,555
sinto sua falta volta pra mim tumblr,7,br-pt,1,1,555
umbro saudades sc,3,br-pt,1,1,555
what does saudades mean in brazilian portuguese,7,br-pt,1,1,555
wolverine saudades meme,3,br-pt,1,1,555
youtube saudades do tempo,4,br-pt,1,1,555
ich vermisse dich auf griechisch,5,de-de,1,1,555
ich vermisse dich bedeutung frau,5,de-de,1,1,555
ich vermisse dich callaghan,4,de-de,1,1,555
ich vermisse dich dj mick,5,de-de,1,1,555
ich vermisse dich ein bisschen englisch,6,de-de,1,1,555
ich vermisse dich farsi,4,de-de,1,1,555
ich vermisse dich gif bilder,5,de-de,1,1,555
ich vermisse dich hebräisch,4,de-de,1,1,555
ich vermisse dich ich brauche dich,6,de-de,1,1,555
ich vermisse dich in italiano,5,de-de,1,1,555
ich vermisse dich jeden tag trauer,6,de-de,1,1,555
ich vermisse dich kosovo albanisch,5,de-de,1,1,555
ich vermisse dich lustige bilder,5,de-de,1,1,555
ich vermisse dich mama sprüche,5,de-de,1,1,555
ich vermisse dich nach trennung,5,de-de,1,1,555
ich vermisse dich opa sprüche,5,de-de,1,1,555
ich vermisse dich paldauer,4,de-de,1,1,555
ich vermisse dich roman,4,de-de,1,1,555
ich vermisse dich so sehr auf englisch,7,de-de,1,1,555
ich vermisse dich tod,4,de-de,1,1,555
ich vermisse dich und liebe dich sehr,7,de-de,1,1,555
ich vermisse dich vs du fehlst mir,7,de-de,1,1,555
ich vermisse dich whatsapp,4,de-de,1,1,555
ich vermisse dich ziemlich,4,de-de,1,1,555
youtube ich vermisse dich so sehr,6,de-de,1,1,555
te echo de menos aitana,5,es-es,1,1,555
te echo de menos beret significado,6,es-es,1,1,555
te echo de menos cancion saez,6,es-es,1,1,555
te echo de menos de luis miguel del amargue,9,es-es,1,1,555
te echo de menos donde se usa,7,es-es,1,1,555
te echo de menos en aleman,6,es-es,1,1,555
te echo de menos final,5,es-es,1,1,555
te echo de menos guapa,5,es-es,1,1,555
te echo de menos hombres g letra,7,es-es,1,1,555
te echo de menos japones,5,es-es,1,1,555
te echo de menos k significa,6,es-es,1,1,555
te echo de menos letra maria artes,7,es-es,1,1,555
te echo de menos mary malone,6,es-es,1,1,555
te echo de menos missing you,6,es-es,1,1,555
te echo de menos noan letra,6,es-es,1,1,555
te echo de menos que sig,6,es-es,1,1,555
te echo de menos rae,5,es-es,1,1,555
te echo de menos sinopsis,5,es-es,1,1,555
te echo de menos translation,5,es-es,1,1,555
te extraño big dario letra,5,es-es,1,1,555
te extraño darell,3,es-es,1,1,555
te extraño noche de brujas,5,es-es,1,1,555
te extraño pero no te busco,6,es-es,1,1,555
te extraño tanto mi amor,5,es-es,1,1,555
te extraño y me siento solo,6,es-es,1,1,555
vallenato te echo de menos,5,es-es,1,1,555
what does te echo de menos mean in english,9,es-es,1,1,555
tu me manques beaucoup en portugais,6,fr-fr,1,1,555
tu me manques bébé in. english,6,fr-fr,1,1,555
tu me manques citation amour,5,fr-fr,1,1,555
tu me manques darija,4,fr-fr,1,1,555
tu me manques en tunisien,5,fr-fr,1,1,555
tu me manques en zoulou,5,fr-fr,1,1,555
tu me manques film harlan coben,6,fr-fr,1,1,555
tu me manques goulam,4,fr-fr,1,1,555
tu me manques humour,4,fr-fr,1,1,555
tu me manques in movie,5,fr-fr,1,1,555
tu me manques je veux te voir,7,fr-fr,1,1,555
tu me manques lyrics,4,fr-fr,1,1,555
tu me manques ma chérie,5,fr-fr,1,1,555
tu me manques netflix combien d épisodes,7,fr-fr,1,1,555
tu me manques pourtant tu es là gaëtan roussel vanessa paradis,11,fr-fr,1,1,555
tu me manques quebec,4,fr-fr,1,1,555
tu me manques reviens,4,fr-fr,1,1,555
tu me manques sms,4,fr-fr,1,1,555
tu me manques traduction espagnol,5,fr-fr,1,1,555
tu me manques trop en wolof,6,fr-fr,1,1,555
tu me manques un peu en italien,7,fr-fr,1,1,555
tu me manques vanessa paradis lyrics,6,fr-fr,1,1,555
youza tu me manques maman paroles,6,fr-fr,1,1,555
miss you always,3,gb-en,1,1,555
miss you babe,3,gb-en,1,1,555
miss you clean bandit,4,gb-en,1,1,555
miss you mum in heaven,5,gb-en,1,1,555
miss you nights art garfunkel,5,gb-en,1,1,555
miss you photo frame,4,gb-en,1,1,555
miss you song oliver tree,5,gb-en,1,1,555
miss you teddy bear,4,gb-en,1,1,555
miss you vai,3,gb-en,1,1,555
aku kangen kamu bahasa nias,5,id-id,1,1,555
aku kangen kamu bahasa padang,5,id-id,1,1,555
aku kangen kamu lagi,4,id-id,1,1,555
aku kangen kamu mantan bahasa inggris,6,id-id,1,1,555
aku rindu jumpa kamu kekasih,5,id-id,1,1,555
aku rindu kamu bahasa ambon,5,id-id,1,1,555
aku rindu kamu bahasa inggris nya,6,id-id,1,1,555
aku rindu kamu bahasa palembang,5,id-id,1,1,555
aku rindu kamu dalam bahasa jawa,6,id-id,1,1,555
aku rindu kamu selalu bahasa inggris,6,id-id,1,1,555
aku rindu sama kamu in english,6,id-id,1,1,555
bahasa cina aku rindu kamu setiap hari,7,id-id,1,1,555
chord aku kangen kamu kahitna,5,id-id,1,1,555
gerakan rindu aku rindu kamu,5,id-id,1,1,555
kamu kangen aku ya,4,id-id,1,1,555
kamu kangen nggak,3,id-id,1,1,555
kangen band cuma kamu,4,id-id,1,1,555
kangen kamu bahasa thailand,4,id-id,1,1,555
kangen kamu dalam bahasa spanyol,5,id-id,1,1,555
kata kata aku rindu kamu yang dulu,7,id-id,1,1,555
lagu kangen kamu yang dulu,5,id-id,1,1,555
lirik rindu aku rindu kamu maman fvndy,7,id-id,1,1,555
lyrics rindu aku rindu kamu vita alvia,7,id-id,1,1,555
rindu aku rindu kamu ciptaan siapa,6,id-id,1,1,555
rindu aku rindu kamu karaoke koplo,6,id-id,1,1,555
rindu aku rindu kamu lirik doel sumbang,7,id-id,1,1,555
rindu aku rindu kamu makna,5,id-id,1,1,555
rindu aku rindu kamu rock,5,id-id,1,1,555
i miss you a lot in hindi,7,in-en,1,1,555
i miss you bestie shayari,5,in-en,1,1,555
i miss you bhai in hindi,6,in-en,1,1,555
i miss you chinese drama,5,in-en,1,1,555
i miss you dp,4,in-en,1,1,555
i miss you every time in hindi,7,in-en,1,1,555
i miss you font style,5,in-en,1,1,555
i miss you grandfather,4,in-en,1,1,555
i miss you hindi mein,5,in-en,1,1,555
i miss you jaan ka matlab,6,in-en,1,1,555
i miss you ka reply kya de in english,9,in-en,1,1,555
i miss you love shayari,5,in-en,1,1,555
i miss you meaning in malayalam,6,in-en,1,1,555
i miss you nani in hindi,6,in-en,1,1,555
i miss you papa tattoo,5,in-en,1,1,555
i miss you quotes for love,6,in-en,1,1,555
i miss you ra,4,in-en,1,1,555
i miss you short form,5,in-en,1,1,555
i miss you to all meaning in hindi,8,in-en,1,1,555
i miss you voice message download,6,in-en,1,1,555
i miss you what should i reply,7,in-en,1,1,555
i miss you your voice quotes,6,in-en,1,1,555
miss you both meaning in hindi,6,in-en,1,1,555
can i call you miss your voice,7,in-hi,1,1,555
how much you miss him quotes,6,in-hi,1,1,555
i will gonna miss you quotes,6,in-hi,1,1,555
miss you amma quotes in telugu,6,in-hi,1,1,555
miss you appa quotes in english from daughter,8,in-hi,1,1,555
miss you bestie quotes in urdu,6,in-hi,1,1,555
miss you bhai rip in hindi whatsapp,7,in-hi,1,1,555
miss you chinese movie 2026,5,in-hi,1,1,555
miss you classmates quotes,4,in-hi,1,1,555
miss you created club,4,in-hi,1,1,555
miss you dad quotes one line,6,in-hi,1,1,555
miss you husband status,4,in-hi,1,1,555
miss you jiju quotes in marathi text,7,in-hi,1,1,555
miss you kids quotes short,5,in-hi,1,1,555
miss you love quotes in marathi,6,in-hi,1,1,555
miss you mama quotes in marathi,6,in-hi,1,1,555
miss you nana ji shayari in hindi,7,in-hi,1,1,555
miss you papa in hindi,5,in-hi,1,1,555
miss you papa quotes in gujarati,6,in-hi,1,1,555
miss you quotes bhai,4,in-hi,1,1,555
miss you quotes death loved one,6,in-hi,1,1,555
miss you quotes grandfather,4,in-hi,1,1,555
miss you quotes her,4,in-hi,1,1,555
miss you quotes in english one line,7,in-hi,1,1,555
miss you quotes shayari,4,in-hi,1,1,555
miss you quotes tamil short,5,in-hi,1,1,555
miss you retirement quotes,4,in-hi,1,1,555
miss you shayari in hindi,5,in-hi,1,1,555
miss you uncle quotes in tamil,6,in-hi,1,1,555
miss you veere quotes,4,in-hi,1,1,555
miss you wife quotes in english,6,in-hi,1,1,555
thank you and miss you quotes,6,in-hi,1,1,555
who you miss en español,5,in-hi,1,1,555
will forever miss you quotes,5,in-hi,1,1,555
मिस यू ऑनलाइन शॉपिंग,4,in-hi,1,1,555
मिस यू माँ स्टेटस,4,in-hi,1,1,555
amore mi manchi quando è tardi,6,it-it,1,1,555
mi manchi amore mio frasi,5,it-it,1,1,555
mi manchi bocelli karaoke,4,it-it,1,1,555
mi manchi cornaredo menu,4,it-it,1,1,555
mi manchi da impazzire,4,it-it,1,1,555
mi manchi e te lo sto dicendo,7,it-it,1,1,555
mi manchi fausto leali accordi,5,it-it,1,1,555
mi manchi gif animate,4,it-it,1,1,555
mi manchi in hindi,4,it-it,1,1,555
mi manchi levante significato,4,it-it,1,1,555
mi manchi messaggio whatsapp,4,it-it,1,1,555
mi manchi molto in inglese,5,it-it,1,1,555
mi manchi negli occhi testo,5,it-it,1,1,555
mi manchi pooh karaoke con cori,6,it-it,1,1,555
mi manchi ristorante pizzeria specialità di pesce foto,8,it-it,1,1,555
mi manchi sempre di più,5,it-it,1,1,555
mi manchi tantissimo amore mio,5,it-it,1,1,555
mi manchi tanto zia,4,it-it,1,1,555
mi manchi un po in inglese,6,it-it,1,1,555
mi manchi vasco rossi,4,it-it,1,1,555
roberto vecchioni mi manchi youtube,5,it-it,1,1,555
会いたい backnumber,2,jp-ja,1,1,555
会いたい rad,2,jp-ja,1,1,555
会いたい vietsub,2,jp-ja,1,1,555
会いたい グミ,2,jp-ja,1,1,555
会いたい ドラマ あらすじ,3,jp-ja,1,1,555
会いたい ネパール語,2,jp-ja,1,1,555
会いたい もさお,2,jp-ja,1,1,555
会いたい 丁寧語,2,jp-ja,1,1,555
会いたい 会いたい 今あなたに会いたい,3,jp-ja,1,1,555
会いたい 博多弁,2,jp-ja,1,1,555
会いたい 歌心りえ,2,jp-ja,1,1,555
会いたい 清水翔太,2,jp-ja,1,1,555
会いたい 男から,2,jp-ja,1,1,555
会いたい 私を見つけて 刃牙,3,jp-ja,1,1,555
会いたい 言い方,2,jp-ja,1,1,555
会いたい 謙譲語,2,jp-ja,1,1,555
会いたい 遠距離,2,jp-ja,1,1,555
会いたい人がいる,1,jp-ja,1,1,555
보고싶다 en español,3,kr-ko,1,1,555
보고싶다 karaoke,2,kr-ko,1,1,555
보고싶다 kim bum soo lyrics,5,kr-ko,1,1,555
보고싶다 midi,2,kr-ko,1,1,555
보고싶다 traduccion,2,kr-ko,1,1,555
보고싶다 vs 그리워하다,3,kr-ko,1,1,555
보고싶다 그렇게 말하니까 더 보고싶다,5,kr-ko,1,1,555
보고싶다 나태주,2,kr-ko,1,1,555
보고싶다 영화,2,kr-ko,1,1,555
te extraño amor en ingles,5,mx-es,1,1,555
te extraño bebe,3,mx-es,1,1,555
te extraño como no tienes idea,6,mx-es,1,1,555
te extraño de mijares,4,mx-es,1,1,555
te extraño jaime sabines,4,mx-es,1,1,555
te extraño letra junior h,5,mx-es,1,1,555
te extraño mi amor en inglés,6,mx-es,1,1,555
te extraño pequeños letra,4,mx-es,1,1,555
te extraño tanto en ingles,5,mx-es,1,1,555
te extraño verte,3,mx-es,1,1,555
te extraño y te amo frases,6,mx-es,1,1,555
dat ik je mis ukulele chords,6,nl-nl,1,1,555
ik mis je afbeeldingen,4,nl-nl,1,1,555
ik mis je cho tekst,5,nl-nl,1,1,555
ik mis je gideon,4,nl-nl,1,1,555
ik mis je humor,4,nl-nl,1,1,555
ik mis je jan jaap,5,nl-nl,1,1,555
ik mis je kirsten pansier,5,nl-nl,1,1,555
ik mis je lieve vriendin,5,nl-nl,1,1,555
ik mis je maaike ouboter chords,6,nl-nl,1,1,555
ik mis je nout,4,nl-nl,1,1,555
ik mis je ook in english,6,nl-nl,1,1,555
ik mis je papa gedicht,5,nl-nl,1,1,555
ik mis je roemeens,4,nl-nl,1,1,555
ik mis je sjoukje thirza,5,nl-nl,1,1,555
ik mis je teksten liefde,5,nl-nl,1,1,555
ik mis je verschrikkelijk,4,nl-nl,1,1,555
ik mis je waylon lyrics,5,nl-nl,1,1,555
ik mis je zo mama,5,nl-nl,1,1,555
ik mis je zo quotes,5,nl-nl,1,1,555
ik.mis.je.familie.blom,1,nl-nl,1,1,555
youtube ik mis je zo udo,6,nl-nl,1,1,555
miss helen's kindergarten party,4,ph-en,1,1,555
miss kindergarten com,3,ph-en,1,1,555
miss kindergarten teachers pay teachers,5,ph-en,1,1,555
miss kita araw araw,4,ph-en,1,1,555
miss kita freddie aguilar,4,ph-en,1,1,555
miss kita j brothers song,5,ph-en,1,1,555
miss kita lagi,3,ph-en,1,1,555
miss kita ng sobra,4,ph-en,1,1,555
miss kita pag christmas,4,ph-en,1,1,555
miss kita singer,3,ph-en,1,1,555
miss na kita download,4,ph-en,1,1,555
miss na kita meme,4,ph-en,1,1,555
miss na kita pick up lines,6,ph-en,1,1,555
miss na kita video ok,5,ph-en,1,1,555
miss na kita with lyrics and chords,7,ph-en,1,1,555
miss na miss kita release date,6,ph-en,1,1,555
miss na miss kita year,5,ph-en,1,1,555
ms applebottom kindergarten,3,ph-en,1,1,555
what is miss na kita in bisaya,7,ph-en,1,1,555
harlan coben tęsknię za tobą streszczenie,6,pl-pl,1,1,555
impress tesknie za toba,4,pl-pl,1,1,555
piosenka tęsknię za tobą bardzo,5,pl-pl,1,1,555
piosenka tęsknię za tobą robi,5,pl-pl,1,1,555
serial tesknie za toba aqua,5,pl-pl,1,1,555
tesknie z tobą,3,pl-pl,1,1,555
tęsknię za tobą coben serial,5,pl-pl,1,1,555
tesknie za toba film 2025,5,pl-pl,1,1,555
tesknie za toba o co chodzi,6,pl-pl,1,1,555
tesknie za toba serial jak sie konczy,7,pl-pl,1,1,555
tęsknię za tobą skarbie,4,pl-pl,1,1,555
tesknie za toba thriller,4,pl-pl,1,1,555
youtube tesknie za toba skarbie,5,pl-pl,1,1,555
скучаю по тебе и ищу тебя везде,7,ru-ru,1,1,555
скучаю по тебе как написать,5,ru-ru,1,1,555
скучаю по тебе люблю тебя сюжет,6,ru-ru,1,1,555
скучаю по тебе мини сериал 2025 смотреть,7,ru-ru,1,1,555
скучаю по тебе на чеченском,5,ru-ru,1,1,555
скучаю по тебе прикольные картинки,5,ru-ru,1,1,555
я скучаю по тебе на английском,6,ru-ru,1,1,555
hiraizerdüş çok özledim seni lyrics,5,tr-tr,1,1,555
özledim seni atilla,3,tr-tr,1,1,555
ozledim seni cok bekledim yollarini,5,tr-tr,1,1,555
özledim seni ey resul,4,tr-tr,1,1,555
özledim seni fon müziği,4,tr-tr,1,1,555
özledim seni harbiden sözleri,4,tr-tr,1,1,555
özledim seni ilkay akkaya,4,tr-tr,1,1,555
özledim seni melodika notaları,4,tr-tr,1,1,555
ozledim seni ozledim hergun yolunu gozledim sarki sozu,8,tr-tr,1,1,555
özledim seni ramiz dayı,4,tr-tr,1,1,555
özledim seni semicenk,3,tr-tr,1,1,555
seni çok özledim sözleri uzun,5,tr-tr,1,1,555
seni özledim 1000 tane,4,tr-tr,1,1,555
seni özledim bir tanem,4,tr-tr,1,1,555
seni özledim gel,3,tr-tr,1,1,555
seni özledim kısa film,4,tr-tr,1,1,555
seni özledim ne kadar,4,tr-tr,1,1,555
seni ozledim sozleri,3,tr-tr,1,1,555
seni özledim yazan erkek,4,tr-tr,1,1,555
seni son kez özledim ve bu şarkıyı yazdım,8,tr-tr,1,1,555
vedadan sonra seni özledim part 2,6,tr-tr,1,1,555
i miss you and i love you,7,us-en,1,1,555
i miss you bestie images,5,us-en,1,1,555
i miss you bracelet,4,us-en,1,1,555
i miss you cat meme,5,us-en,1,1,555
i miss you dad in heaven,6,us-en,1,1,555
i miss you earthbound 2012 album,6,us-en,1,1,555
i miss you for him long distance,7,us-en,1,1,555
i miss you frank ocean,5,us-en,1,1,555
i miss you harold melvin sample,6,us-en,1,1,555
i miss you justin bieber,5,us-en,1,1,555
i miss you korean song,5,us-en,1,1,555
i miss you lyrics incubus,5,us-en,1,1,555
i miss you more alex warren lyrics,7,us-en,1,1,555
i miss you old friend,5,us-en,1,1,555
i miss you poems for her long distance,8,us-en,1,1,555
i miss you quotes funny,5,us-en,1,1,555
i miss you remix,4,us-en,1,1,555
i miss you so much messages from the heart,9,us-en,1,1,555
i miss you ukulele chords blink 182,7,us-en,1,1,555
i miss you vintage toronto,5,us-en,1,1,555
i miss you when the lights go out,8,us-en,1,1,555
i miss you yoruba,4,us-en,1,1,555
miss you daddy country cousin music lyrics,7,us-en,1,1,555
miss you forgot something original,5,us-en,1,1,555
miss you girl,3,us-en,1,1,555
miss you jay z,4,us-en,1,1,555
miss you korean drama,4,us-en,1,1,555
miss you love you hbo,5,us-en,1,1,555
miss you meme funny,4,us-en,1,1,555
miss you nyc,3,us-en,1,1,555
miss you roblox id oliver tree,6,us-en,1,1,555
miss you texts for him,5,us-en,1,1,555
miss you video aaliyah,4,us-en,1,1,555
amor sinto sua falta nando reis,6,br-pt,1,1,554
distancia xaxim saudades,3,br-pt,1,1,554
karaoke saudades chrystian e ralf,5,br-pt,1,1,554
saudades amor que saudade que me vira pelo avesso,9,br-pt,1,1,554
saudades boa noite,3,br-pt,1,1,554
saudades cristian,2,br-pt,1,1,554
saudades do iguaçu,3,br-pt,1,1,554
saudades em italiano,3,br-pt,1,1,554
saudades eterna,2,br-pt,1,1,554
saudades filho,2,br-pt,1,1,554
saudades gian e giovani,4,br-pt,1,1,554
saudades hoje,2,br-pt,1,1,554
saudades jesus,2,br-pt,1,1,554
saudades luiz lins cifra,4,br-pt,1,1,554
saudades mata,2,br-pt,1,1,554
saudades namorado,2,br-pt,1,1,554
saudades ou falta,3,br-pt,1,1,554
saudades proibida letra,3,br-pt,1,1,554
saudades quando minha pergunta tinha uma resposta,7,br-pt,1,1,554
saudades rayssa e ravel,4,br-pt,1,1,554
saudades sc mapa,3,br-pt,1,1,554
saudades sua forro de favela letra,6,br-pt,1,1,554
saudades você está maravilhosa,4,br-pt,1,1,554
sinto sua falta bad luv letra,6,br-pt,1,1,554
sinto sua falta completo,4,br-pt,1,1,554
sinto sua falta depois do adeus kira,7,br-pt,1,1,554
sinto sua falta depois do adeus ultimo episódio,8,br-pt,1,1,554
sinto sua falta depois que foi embora,7,br-pt,1,1,554
sinto sua falta drama sinopse,5,br-pt,1,1,554
sinto sua falta em silêncio,5,br-pt,1,1,554
sinto sua falta ferrugem significado,5,br-pt,1,1,554
sinto sua falta gospel,4,br-pt,1,1,554
sinto sua falta legendado,4,br-pt,1,1,554
sinto sua falta mensagem amor,5,br-pt,1,1,554
sinto sua falta na beira da estrada,7,br-pt,1,1,554
sinto sua falta não te vejo há algum tempo,9,br-pt,1,1,554
sinto sua falta pode sair,5,br-pt,1,1,554
umbro saudades,2,br-pt,1,1,554
what does saudades,3,br-pt,1,1,554
youtube saudades da gente,4,br-pt,1,1,554
zero saudades de você,4,br-pt,1,1,554
ich vermisse dich auf rumänisch,5,de-de,1,1,554
ich vermisse dich böhse onkelz,5,de-de,1,1,554
ich vermisse dich calligan schauspieler,5,de-de,1,1,554
ich vermisse dich ein wenig,5,de-de,1,1,554
ich vermisse dich finnisch,4,de-de,1,1,554
ich vermisse dich geschenk,4,de-de,1,1,554
ich vermisse dich harlan coben inhalt,6,de-de,1,1,554
ich vermisse dich immer mehr,5,de-de,1,1,554
ich vermisse dich indonesisch,4,de-de,1,1,554
ich vermisse dich jeden einzelnen tag,6,de-de,1,1,554
ich vermisse dich liebe sprüche,5,de-de,1,1,554
ich vermisse dich mein sohn,5,de-de,1,1,554
ich vermisse dich noch immer,5,de-de,1,1,554
ich vermisse dich oder dir,5,de-de,1,1,554
ich vermisse dich papa text,5,de-de,1,1,554
ich vermisse dich richtig,4,de-de,1,1,554
ich vermisse dich serie netflix,5,de-de,1,1,554
ich vermisse dich text lang zum kopieren,7,de-de,1,1,554
ich vermisse dich ukrainisch,4,de-de,1,1,554
ich vermisse dich video,4,de-de,1,1,554
ich vermisse dich wo spielt die serie,7,de-de,1,1,554
ich vermisse dich zu,4,de-de,1,1,554
ich vermisse.dich deutsch,3,de-de,1,1,554
youtube paldauer ich vermisse dich,5,de-de,1,1,554
hoy te echo de menos alex ubago,7,es-es,1,1,554
te echo de menos actores,5,es-es,1,1,554
te echo de menos critica,5,es-es,1,1,554
te echo de menos dante letra,6,es-es,1,1,554
te echo de menos edgar oceransky,6,es-es,1,1,554
te echo de menos esta bien escrito,7,es-es,1,1,554
te echo de menos flamenco,5,es-es,1,1,554
te echo de menos gallego,5,es-es,1,1,554
te echo de menos hija mia,6,es-es,1,1,554
te echo de menos jose jose,6,es-es,1,1,554
te echo de menos kany garcia,6,es-es,1,1,554
te echo de menos los piratas,6,es-es,1,1,554
te echo de menos me duele porque no estas,9,es-es,1,1,554
te echo de menos netflix trailer,6,es-es,1,1,554
te echo de menos papi,5,es-es,1,1,554
te echo de menos que es con ho sin h,10,es-es,1,1,554
te echo de menos reparto parker,6,es-es,1,1,554
te echo de menos sticker,5,es-es,1,1,554
te echo de menos te echo de menos,8,es-es,1,1,554
te echo de menos video,5,es-es,1,1,554
te echo de menos y te extraño,7,es-es,1,1,554
te extraño akriila,3,es-es,1,1,554
te extraño bryartz letra,4,es-es,1,1,554
te extraño flema acordes,4,es-es,1,1,554
te extraño grupo bananas letra,5,es-es,1,1,554
te extraño horrores,3,es-es,1,1,554
te extraño junior h ovi,5,es-es,1,1,554
te extraño los domingos los lunes mucho mas,8,es-es,1,1,554
te extraño muchísimo,3,es-es,1,1,554
te extraño novio,3,es-es,1,1,554
te extraño te olvido te amo los rebujitos,8,es-es,1,1,554
what does te echo de menos mean in spanish,9,es-es,1,1,554
mais tu me manques in english,6,fr-fr,1,1,554
tu me manques avec ou sans s,7,fr-fr,1,1,554
tu me manques bande annonce,5,fr-fr,1,1,554
tu me manques claudio capeo,5,fr-fr,1,1,554
tu me manques depuis longtemps paroles,6,fr-fr,1,1,554
tu me manques en kinyarwanda,5,fr-fr,1,1,554
tu me manques en wolof,5,fr-fr,1,1,554
tu me manques faycel sghir,5,fr-fr,1,1,554
tu me manques gif animé,5,fr-fr,1,1,554
tu me manques harlan coben wikipedia,6,fr-fr,1,1,554
tu me manques histoire,4,fr-fr,1,1,554
tu me manques joyce jonathan,5,fr-fr,1,1,554
tu me manques lingala,4,fr-fr,1,1,554
tu me manques meaning french,5,fr-fr,1,1,554
tu me manques meme quand t es la,8,fr-fr,1,1,554
tu me manques mon amour en anglais,7,fr-fr,1,1,554
tu me manques netflix distribution,5,fr-fr,1,1,554
tu me manques on a plein de choses à se dire,11,fr-fr,1,1,554
tu me manques parker,4,fr-fr,1,1,554
tu me manques reddit,4,fr-fr,1,1,554
tu me manques serie distribution,5,fr-fr,1,1,554
tu me manques tellement chanson,5,fr-fr,1,1,554
tu me manques un. peu signification,6,fr-fr,1,1,554
tu me manques vraiment en arabe,6,fr-fr,1,1,554
tu vas me.manquer zouk,4,fr-fr,1,1,554
miss you card ideas,4,gb-en,1,1,554
miss you forever meaning in tamil,6,gb-en,1,1,554
miss you guitar chords,4,gb-en,1,1,554
miss you like a hole in the head meaning,9,gb-en,1,1,554
miss you nan in heaven,5,gb-en,1,1,554
miss you oliver tree clean,5,gb-en,1,1,554
miss you roblox id,4,gb-en,1,1,554
miss you so much song,5,gb-en,1,1,554
miss you words for him,5,gb-en,1,1,554
aku kangen kamu bahasa palembang,5,id-id,1,1,554
aku kangen kamu inggris nya,5,id-id,1,1,554
aku rindu kamu bahasa madura,5,id-id,1,1,554
aku rindu kamu bahasa papua,5,id-id,1,1,554
aku rindu kamu dalam bahasa thailand,6,id-id,1,1,554
aku rindu kamu selalu,4,id-id,1,1,554
bahasa gaul aku rindu kamu,5,id-id,1,1,554
bahasa jawa aku rindu kamu yang dulu,7,id-id,1,1,554
bahasa ogan aku rindu kamu,5,id-id,1,1,554
cafe kangen kamu tangerang,4,id-id,1,1,554
emoji aku rindu kamu,4,id-id,1,1,554
kangen band cuma kamu chord,5,id-id,1,1,554
kangen band tapi kamu kok selingkuh chord,7,id-id,1,1,554
kangen kamu bahasa manado,4,id-id,1,1,554
kangen kamu dalam bahasa jerman,5,id-id,1,1,554
kangen sikap kamu yang dulu,5,id-id,1,1,554
karaoke kangen kamu evie tamala,5,id-id,1,1,554
karaoke rindu aku rindu kamu nada pria,7,id-id,1,1,554
rindu aku rindu kamu cinta kita lirik,7,id-id,1,1,554
rindu aku rindu kamu dj remix full bass,8,id-id,1,1,554
rindu aku rindu kamu jadi satu koplo,7,id-id,1,1,554
rindu aku rindu kamu karaoke doel sumbang,7,id-id,1,1,554
rindu aku rindu kamu lagu siapa,6,id-id,1,1,554
rindu aku rindu kamu roblox id,6,id-id,1,1,554
sesungguhnya aku kangen kamu lirik,5,id-id,1,1,554
tulisan hangul aku rindu kamu,5,id-id,1,1,554
video aku rindu kamu jadi satu,6,id-id,1,1,554
i miss you bestie 100 times,6,in-en,1,1,554
i miss you copy and paste 100 times,8,in-en,1,1,554
i miss you dadi maa in english,7,in-en,1,1,554
i miss you english meaning,5,in-en,1,1,554
i miss you for husband,5,in-en,1,1,554
i miss you gif couple,5,in-en,1,1,554
i miss you how to tell in tamil,8,in-en,1,1,554
i miss you jaan shayari,5,in-en,1,1,554
i miss you ka matlab hindi mein,7,in-en,1,1,554
i miss you lines,4,in-en,1,1,554
i miss you my love,5,in-en,1,1,554
i miss you nana ji,5,in-en,1,1,554
i miss you or i'm missing you,7,in-en,1,1,554
i miss you papa status,5,in-en,1,1,554
i miss you quotes for friends,6,in-en,1,1,554
i miss you ringtone download mp3,6,in-en,1,1,554
i miss you too ka matlab,6,in-en,1,1,554
i miss you very much in korean,7,in-en,1,1,554
i miss you whatsapp sticker,5,in-en,1,1,554
i miss you your presence,5,in-en,1,1,554
miss you nishu bhai,4,in-en,1,1,554
can you tell i miss you,6,in-hi,1,1,554
how do i miss you quotes,6,in-hi,1,1,554
miss u janu quotes,4,in-hi,1,1,554
miss you amma quotes in english,6,in-hi,1,1,554
miss you appa quotes in marathi,6,in-hi,1,1,554
miss you bestie quotes funny,5,in-hi,1,1,554
miss you children quotes,4,in-hi,1,1,554
miss you free tempo mix,5,in-hi,1,1,554
miss you jiju shayari,4,in-hi,1,1,554
miss you kolkata quotes,4,in-hi,1,1,554
miss you like quotes,4,in-hi,1,1,554
miss you love quotes one line,6,in-hi,1,1,554
miss you love you 2026 review,6,in-hi,1,1,554
miss you mumma quotes,4,in-hi,1,1,554
miss you my village quotes,5,in-hi,1,1,554
miss you nanna quotes in english short,7,in-hi,1,1,554
miss you photo frame online,5,in-hi,1,1,554
miss you quotes dog,4,in-hi,1,1,554
miss you quotes son,4,in-hi,1,1,554
miss you quotes to wife,5,in-hi,1,1,554
miss you rip quotes marathi,5,in-hi,1,1,554
miss you uncle quotes in english short,7,in-hi,1,1,554
miss you wife quotes short,5,in-hi,1,1,554
miss you zubeen,3,in-hi,1,1,554
miss your face,3,in-hi,1,1,554
quotes when you miss your mom,6,in-hi,1,1,554
when you miss me quotes,5,in-hi,1,1,554
who is miss you man about,6,in-hi,1,1,554
मिस यू माँ शायरी gujarati,5,in-hi,1,1,554
mi manchi amore mio youtube,5,it-it,1,1,554
mi manchi anche quando ci sei,6,it-it,1,1,554
mi manchi anche tu o te,6,it-it,1,1,554
mi manchi brano dei pooh,5,it-it,1,1,554
mi manchi checco zalone,4,it-it,1,1,554
mi manchi come hamsik lavezzi e cavani,7,it-it,1,1,554
mi manchi come l'aria frasi,5,it-it,1,1,554
mi manchi de sica,4,it-it,1,1,554
mi manchi e ti amo,5,it-it,1,1,554
mi manchi fratello mio frasi,5,it-it,1,1,554
mi manchi geolier testo,4,it-it,1,1,554
mi manchi lyrics,3,it-it,1,1,554
mi manchi mi manchi posso far finta di star bene ma mi manchi,13,it-it,1,1,554
mi manchi negli occhi tricarico,5,it-it,1,1,554
mi manchi riccardo cocciante,4,it-it,1,1,554
mi manchi sorellina mia,4,it-it,1,1,554
mi manchi tanto frasi,4,it-it,1,1,554
mi manchi tanto karaoke,4,it-it,1,1,554
mi manchi un pochino,4,it-it,1,1,554
mi.manchi veramente,2,it-it,1,1,554
会いたい / もさを。【music video】 歌詞,5,jp-ja,1,1,554
会いたい abc,2,jp-ja,1,1,554
会いたい water 歌詞,3,jp-ja,1,1,554
会いたい いきものがかり,2,jp-ja,1,1,554
会いたい エピソード,2,jp-ja,1,1,554
会いたい と逢いたいの違い,2,jp-ja,1,1,554
会いたい ラブソング,2,jp-ja,1,1,554
会いたい 二字熟語,2,jp-ja,1,1,554
会いたい 嬉しい,2,jp-ja,1,1,554
会いたい 尊敬語,2,jp-ja,1,1,554
会いたい 歌手,2,jp-ja,1,1,554
会いたい 沖縄方言,2,jp-ja,1,1,554
会いたい 漫画 セリフ,3,jp-ja,1,1,554
会いたい 男性歌手,2,jp-ja,1,1,554
会いたい 画像 おもしろ,3,jp-ja,1,1,554
会いたい 番組,2,jp-ja,1,1,554
会いたい 話したい 無性に,3,jp-ja,1,1,554
会いたいンゴ今すぐその角から飛び出してきてクレメンス,1,jp-ja,1,1,554
김범수 - 보고싶다 lyrics,4,kr-ko,1,1,554
김범수 보고싶다 bpm,3,kr-ko,1,1,554
보고싶다 english,2,kr-ko,1,1,554
보고싶다 translate to english,4,kr-ko,1,1,554
보고싶다 vietsub,2,kr-ko,1,1,554
보고싶다 김범수 가사,3,kr-ko,1,1,554
보고싶다 내사랑아 설운도,3,kr-ko,1,1,554
보고싶다 음역대,2,kr-ko,1,1,554
보고싶다 탄이 meaning in urdu,5,kr-ko,1,1,554
te extraño bob esponja,4,mx-es,1,1,554
te extraño gotti music letra,5,mx-es,1,1,554
te extraño jose jose y armando manzanero,7,mx-es,1,1,554
te extraño los temerarios,4,mx-es,1,1,554
te extraño poemas benedetti,4,mx-es,1,1,554
te extraño te olvido te amo los bybys letra,9,mx-es,1,1,554
te extraño y te quiero y por tus recuerdos,9,mx-es,1,1,554
ik mis je als kiespijn betekenis,6,nl-nl,1,1,554
ik mis je beertje,4,nl-nl,1,1,554
ik mis je cindy sven,5,nl-nl,1,1,554
ik mis je eo presentator,5,nl-nl,1,1,554
ik mis je frans duijts,5,nl-nl,1,1,554
ik mis je grappig,4,nl-nl,1,1,554
ik mis je heel erg spaans,6,nl-nl,1,1,554
ik mis je kinderboek,4,nl-nl,1,1,554
ik mis je lisa,4,nl-nl,1,1,554
ik mis je muziek,4,nl-nl,1,1,554
ik mis je nu al claudia de breij,8,nl-nl,1,1,554
ik mis je oma quotes,5,nl-nl,1,1,554
ik mis je opa,4,nl-nl,1,1,554
ik mis je roos,4,nl-nl,1,1,554
ik mis je stef bos,5,nl-nl,1,1,554
ik mis je toon hermans,5,nl-nl,1,1,554
ik mis je vaderdag,4,nl-nl,1,1,554
ik mis je welke zender,5,nl-nl,1,1,554
ik mis je zo papa,5,nl-nl,1,1,554
yasmine ik mis je,4,nl-nl,1,1,554
miss applegate kindergarten 1,4,ph-en,1,1,554
miss kita aking mahal lyrics,5,ph-en,1,1,554
miss kita baby,3,ph-en,1,1,554
miss kita frank ely release date,6,ph-en,1,1,554
miss kita j brothers karaoke song,6,ph-en,1,1,554
miss kita kung christmas karaoke,5,ph-en,1,1,554
miss kita number platinum,4,ph-en,1,1,554
miss kita platinum number philippines,5,ph-en,1,1,554
miss lang kita in english,5,ph-en,1,1,554
miss miss na kita hambog lyrics,6,ph-en,1,1,554
miss na kita chords,4,ph-en,1,1,554
miss na kita karaoke youtube,5,ph-en,1,1,554
miss na kita mahal,4,ph-en,1,1,554
miss na kita wallpaper,4,ph-en,1,1,554
miss na miss kita opm,5,ph-en,1,1,554
miss na rin kita,4,ph-en,1,1,554
umami miss kita,3,ph-en,1,1,554
what is miss na kita in ilocano,7,ph-en,1,1,554
bardzo tesknie za toba wislawa szymborska,6,pl-pl,1,1,554
emotikon tęsknię za tobą,4,pl-pl,1,1,554
już za tobą tęsknię youtube,5,pl-pl,1,1,554
mysle i tesknie za toba,5,pl-pl,1,1,554
taco hemingway tęsknię za tobą,5,pl-pl,1,1,554
tesknie z toba filmweb,4,pl-pl,1,1,554
tesknie za toba cobena,4,pl-pl,1,1,554
tesknie za toba film 2025 obsada,6,pl-pl,1,1,554
tęsknię za tobą kocham cię,5,pl-pl,1,1,554
tesknie za toba misiu,4,pl-pl,1,1,554
tesknie za toba oceny,4,pl-pl,1,1,554
tesknie za toba po pozegnaniu dubbing pl,7,pl-pl,1,1,554
tesknie za toba po robi,5,pl-pl,1,1,554
скучаю по тебе истинная красота,5,ru-ru,1,1,554
скучаю по тебе корейский фильм 2016,6,ru-ru,1,1,554
скучаю по тебе любимая стихи,5,ru-ru,1,1,554
скучаю по тебе музыка,4,ru-ru,1,1,554
скучаю по тебе на итальянском,5,ru-ru,1,1,554
скучаю по тебе перевод,4,ru-ru,1,1,554
я скучаю по тебе дочь трофима,6,ru-ru,1,1,554
я так скучаю по тебе актеры,6,ru-ru,1,1,554
latince seni özledim,3,tr-tr,1,1,554
özledim seni atilla kaya sözleri,5,tr-tr,1,1,554
özledim seni ayrılık yüreğimi uyuşturuyor,5,tr-tr,1,1,554
özledim seni bir nefes gibi sözleri,6,tr-tr,1,1,554
özledim seni ekmeği tuza banıp sözleri,6,tr-tr,1,1,554
özledim seni henüz senden kopmadım ki,6,tr-tr,1,1,554
özledim seni müzik,3,tr-tr,1,1,554
ozledim seni ozledim,3,tr-tr,1,1,554
özledim seni ramiz dayı sözleri,5,tr-tr,1,1,554
özledim seni selami şahin,4,tr-tr,1,1,554
özledim seni ya resulallah ilahisi,5,tr-tr,1,1,554
seni cok özledim gece gözlüm benim nahide babashli sözleri,9,tr-tr,1,1,554
seni çok özledim tülay,4,tr-tr,1,1,554
seni özledim gittiğin her yerde özlemin var,7,tr-tr,1,1,554
seni özledim kocam,3,tr-tr,1,1,554
seni özledim ne demek arapça,5,tr-tr,1,1,554
seni özledim ve özledim seni arasındaki fark,7,tr-tr,1,1,554
seni şimdiden özledim ingilizcesi,4,tr-tr,1,1,554
vedadan sonra seni özledim part 6,6,tr-tr,1,1,554
i miss you aaliyah lyrics,5,us-en,1,1,554
i miss you apple music,5,us-en,1,1,554
i miss you blink,4,us-en,1,1,554
i miss you chords blink 182,6,us-en,1,1,554
i miss you drake sample,5,us-en,1,1,554
i miss you friend gif,5,us-en,1,1,554
i miss you handsome in spanish,6,us-en,1,1,554
i miss you jelly roll,5,us-en,1,1,554
i miss you klymaxx release date,6,us-en,1,1,554
i miss you like the sun misses the moon,9,us-en,1,1,554
i miss you memes for him,6,us-en,1,1,554
i miss you new edition,5,us-en,1,1,554
i miss you on your side of the bed,9,us-en,1,1,554
i miss you randy newman lyrics,6,us-en,1,1,554
i miss you synonym,4,us-en,1,1,554
i miss you very much meaning,6,us-en,1,1,554
i miss you white chicks,5,us-en,1,1,554
miss you bunches,3,us-en,1,1,554
miss you can do it,5,us-en,1,1,554
miss you for 1 hour,5,us-en,1,1,554
miss you friend images,4,us-en,1,1,554
miss you guitar tab,4,us-en,1,1,554
miss you kid,3,us-en,1,1,554
miss you love you rotten tomatoes,6,us-en,1,1,554
miss you spanish,3,us-en,1,1,554
miss you too meme,4,us-en,1,1,554
miss you vs i miss you meaning,7,us-en,1,1,554
ainda sinto sua falta mc ryan,6,br-pt,1,1,553
ainda sinto sua falta serie,5,br-pt,1,1,553
eu também sinto sua falta in english,7,br-pt,1,1,553
hino avulso sinto sua falta deus letra,7,br-pt,1,1,553
ja disse que sinto sua falta,6,br-pt,1,1,553
k ximbinho saudades de um clarinete,6,br-pt,1,1,553
karaoke saudades de rosa,4,br-pt,1,1,553
keira sinto sua falta,4,br-pt,1,1,553
patosonline saudades,2,br-pt,1,1,553
saudades biguaçu,2,br-pt,1,1,553
saudades casimiro de abreu,4,br-pt,1,1,553
saudades de um forrozinho,4,br-pt,1,1,553
saudades do meu pai,4,br-pt,1,1,553
saudades em frances,3,br-pt,1,1,553
saudades felipe rodrigues cifra,4,br-pt,1,1,553
saudades figurinha whatsapp,3,br-pt,1,1,553
saudades gospel,2,br-pt,1,1,553
saudades hoje apertou,3,br-pt,1,1,553
saudades imensas ou saudades imensa,5,br-pt,1,1,553
saudades inclusive ou inclusive saudades,5,br-pt,1,1,553
saudades joão,2,br-pt,1,1,553
saudades letra eduardo costa,4,br-pt,1,1,553
saudades louca zeca pagodinho,4,br-pt,1,1,553
saudades mil 509-e,3,br-pt,1,1,553
saudades não tem idade internacional,5,br-pt,1,1,553
saudades o que responder,4,br-pt,1,1,553
saudades palavra triste quando se perde um grande amor letra,10,br-pt,1,1,553
saudades quatro por um,4,br-pt,1,1,553
saudades rio grande do sul,5,br-pt,1,1,553
saudades separação silábica,3,br-pt,1,1,553
saudades te amo filme imdb,5,br-pt,1,1,553
saudades vai vai vai,4,br-pt,1,1,553
sinto sua falta aqui,4,br-pt,1,1,553
sinto sua falta bts,4,br-pt,1,1,553
sinto sua falta cifra club,5,br-pt,1,1,553
sinto sua falta deus cifra,5,br-pt,1,1,553
sinto sua falta em chines,5,br-pt,1,1,553
sinto sua falta livro,4,br-pt,1,1,553
sinto sua falta mas não vou atrás,7,br-pt,1,1,553
sinto sua falta na minha cama,6,br-pt,1,1,553
sinto sua falta pablo,4,br-pt,1,1,553
sinto sua falta tradução em inglês,6,br-pt,1,1,553
uma saudades,2,br-pt,1,1,553
what does saudades mean in spanish,6,br-pt,1,1,553
youtube saudades mil,3,br-pt,1,1,553
ich vermisse dich auf kroatisch,5,de-de,1,1,553
ich vermisse dich bilder kostenlos,5,de-de,1,1,553
ich vermisse dich clipart,4,de-de,1,1,553
ich vermisse dich die paldauer,5,de-de,1,1,553
ich vermisse dich en francais,5,de-de,1,1,553
ich vermisse dich freundin bilder,5,de-de,1,1,553
ich vermisse dich ganz doll bedeutung,6,de-de,1,1,553
ich vermisse dich holländisch,4,de-de,1,1,553
ich vermisse dich in italienisch,5,de-de,1,1,553
ich vermisse dich jeden verdammten tag,6,de-de,1,1,553
ich vermisse dich kette,4,de-de,1,1,553
ich vermisse dich lune text,5,de-de,1,1,553
ich vermisse dich mein engel,5,de-de,1,1,553
ich vermisse dich netflix folgen,5,de-de,1,1,553
ich vermisse dich obwohl du bei mir bist,8,de-de,1,1,553
ich vermisse dich papa bilder,5,de-de,1,1,553
ich vermisse dich regisseur,4,de-de,1,1,553
ich vermisse dich sehr auf englisch,6,de-de,1,1,553
ich vermisse dich thailändisch,4,de-de,1,1,553
ich vermisse dich unheimlich,4,de-de,1,1,553
ich vermisse dich vati,4,de-de,1,1,553
ich vermisse dich warum ist josh gegangen,7,de-de,1,1,553
que significa ich vermisse dich en español,7,de-de,1,1,553
youtube mein tirol ich vermisse dich,6,de-de,1,1,553
hoy te echo de menos alex ubago acordes,8,es-es,1,1,553
te echo de menos alejandro sanz,6,es-es,1,1,553
te echo de menos brock letra,6,es-es,1,1,553
te echo de menos cuantos capitulos tiene,7,es-es,1,1,553
te echo de menos dani martin,6,es-es,1,1,553
te echo de menos el kanka,6,es-es,1,1,553
te echo de menos en darija,6,es-es,1,1,553
te echo de menos film,5,es-es,1,1,553
te echo de menos galvan,5,es-es,1,1,553
te echo de menos hijo mio,6,es-es,1,1,553
te echo de menos juan magan,6,es-es,1,1,553
te echo de menos letra saez,6,es-es,1,1,553
te echo de menos miniserie netflix,6,es-es,1,1,553
te echo de menos novela turca,6,es-es,1,1,553
te echo de menos papá frases,6,es-es,1,1,553
te echo de menos quotes,5,es-es,1,1,553
te echo de menos reggaeton,5,es-es,1,1,553
te echo de menos serie wikipedia,6,es-es,1,1,553
te echo de menos tambien,5,es-es,1,1,553
te echo de menos valoracion,5,es-es,1,1,553
te echo de menos y te amo,7,es-es,1,1,553
te extraño andrea bocelli letra español,6,es-es,1,1,553
te extraño de la manera mas silenciosa que pueda existir,10,es-es,1,1,553
te extraño hija en ingles,5,es-es,1,1,553
te extraño igual en ingles,5,es-es,1,1,553
te extraño juan luis guerra,5,es-es,1,1,553
te extraño los fantásticos,4,es-es,1,1,553
te extraño niña,3,es-es,1,1,553
te extraño pero no te quiero de regreso,8,es-es,1,1,553
te extraño si no te veo pasar,7,es-es,1,1,553
te extraño te olvido te amo karaoke,7,es-es,1,1,553
what does te echo de menos mean literally,8,es-es,1,1,553
tu me manques actrice,4,fr-fr,1,1,553
tu me manques beaucoup trop,5,fr-fr,1,1,553
tu me manques chanson paroles,5,fr-fr,1,1,553
tu me manques dessin,4,fr-fr,1,1,553
tu me manques en kirundi,5,fr-fr,1,1,553
tu me manques en russe,5,fr-fr,1,1,553
tu me manques full,4,fr-fr,1,1,553
tu me manques gaëtan roussel explication,6,fr-fr,1,1,553
tu me manques harry diboula karaoke,6,fr-fr,1,1,553
tu me manques japonais,4,fr-fr,1,1,553
tu me manques lettre,4,fr-fr,1,1,553
tu me manques maman deuil,5,fr-fr,1,1,553
tu me manques manques,4,fr-fr,1,1,553
tu me manques neerlandais,4,fr-fr,1,1,553
tu me manques on peut se capter,7,fr-fr,1,1,553
tu me manques phrase,4,fr-fr,1,1,553
tu me manques plus que tout,6,fr-fr,1,1,553
tu me manques realisateur,4,fr-fr,1,1,553
tu me manques synonyme francais,5,fr-fr,1,1,553
tu me manques tellement en wolof,6,fr-fr,1,1,553
tu me manques toujours autant,5,fr-fr,1,1,553
tu va me manquer in english,6,fr-fr,1,1,553
tu.me.manques un peu quand meme,5,fr-fr,1,1,553
youtube tu me manques gaetan roussel,6,fr-fr,1,1,553
zouk tu me manques nesly,5,fr-fr,1,1,553
miss you cover,3,gb-en,1,1,553
miss you dad in heaven quotes,6,gb-en,1,1,553
miss you everything but the girl lyrics,7,gb-en,1,1,553
miss you juan karlos chords,5,gb-en,1,1,553
miss you poster,3,gb-en,1,1,553
miss you rolling stones cover,5,gb-en,1,1,553
miss you voice,3,gb-en,1,1,553
miss you westlife lyrics,4,gb-en,1,1,553
aku kangen kamu bahasa hongkong,5,id-id,1,1,553
aku kangen kamu english,4,id-id,1,1,553
aku kangen kamu yank,4,id-id,1,1,553
aku rindu kamu bahasa arab nya,6,id-id,1,1,553
aku rindu kamu bahasa rusia,5,id-id,1,1,553
aku rindu kamu dalam bahasa prancis,6,id-id,1,1,553
aku rindu kamu sunda,4,id-id,1,1,553
aku rindu kamu yang dimana kamu sekarang,7,id-id,1,1,553
aku rindu sayang kamu chord easy,6,id-id,1,1,553
aku sangat rindu kamu in english,6,id-id,1,1,553
bahasa korea aku rindu kamu untuk teman,7,id-id,1,1,553
funkot rindu aku rindu kamu,5,id-id,1,1,553
horeg rindu aku rindu kamu,5,id-id,1,1,553
kamu kangen aku bahasa jawa,5,id-id,1,1,553
kangen kamu bahasa minang,4,id-id,1,1,553
kangen kamu bahasa rusia,4,id-id,1,1,553
kangen kamu dalam bahasa prancis,5,id-id,1,1,553
kangen kamu selalu,3,id-id,1,1,553
mala agatha kangen kamu lyrics,5,id-id,1,1,553
novel kangen kamu,3,id-id,1,1,553
puisi kangen kamu,3,id-id,1,1,553
rindu aku rindu kamu album,5,id-id,1,1,553
rindu aku rindu kamu jadi satu dj,7,id-id,1,1,553
rindu aku rindu kamu jadi satu genre,7,id-id,1,1,553
rindu aku rindu kamu jadi satu original,7,id-id,1,1,553
rindu aku rindu kamu lirik karaoke,6,id-id,1,1,553
rindu aku rindu kamu makna lagu,6,id-id,1,1,553
rindu aku rindu kamu pencipta,5,id-id,1,1,553
rindu aku rindu kamu terasa,5,id-id,1,1,553
valen rindu aku rindu kamu,5,id-id,1,1,553
i miss you amma quotes,5,in-en,1,1,553
i miss you baby meaning in hindi,7,in-en,1,1,553
i miss you dada ji in hindi,7,in-en,1,1,553
i miss you even more meaning in hindi,8,in-en,1,1,553
i miss you forever meaning in bengali,7,in-en,1,1,553
i miss you good night,5,in-en,1,1,553
i miss you hubby quotes,5,in-en,1,1,553
i miss you jan,4,in-en,1,1,553
i miss you ka code,5,in-en,1,1,553
i miss you letter,4,in-en,1,1,553
i miss you mom song,5,in-en,1,1,553
i miss you other ways to say,7,in-en,1,1,553
i miss you papa in english,6,in-en,1,1,553
i miss you qr code,5,in-en,1,1,553
i miss you really in hindi,6,in-en,1,1,553
i miss you so much in telugu,7,in-en,1,1,553
i miss you vs i am missing you,8,in-en,1,1,553
miss you bro,3,in-en,1,1,553
miss you jaan meaning in hindi,6,in-en,1,1,553
miss you ka hindi meaning,5,in-en,1,1,553
miss you symbol,3,in-en,1,1,553
can you miss me meaning in hindi,7,in-hi,1,1,553
how to say miss you quotes,6,in-hi,1,1,553
i miss you without saying it messages,7,in-hi,1,1,553
if someone miss you quotes,5,in-hi,1,1,553
is miss you come back,5,in-hi,1,1,553
miss u jeje quotes,4,in-hi,1,1,553
miss you amma quotes in tamil,6,in-hi,1,1,553
miss you appa quotes in tamil in english,8,in-hi,1,1,553
miss you bestie quotes short in english,7,in-hi,1,1,553
miss you brother quotes in marathi,6,in-hi,1,1,553
miss you brother quotes one line,6,in-hi,1,1,553
miss you chacha shayari in hindi text,7,in-hi,1,1,553
miss you chachu quotes,4,in-hi,1,1,553
miss you ganpati bappa visarjan quotes,6,in-hi,1,1,553
miss you husband quotes in marathi,6,in-hi,1,1,553
miss you ka matlab hindi mein,6,in-hi,1,1,553
miss you kashmir quotes,4,in-hi,1,1,553
miss you love quotes in hindi,6,in-hi,1,1,553
miss you love you 2026 cast,6,in-hi,1,1,553
miss you mam quotes in english,6,in-hi,1,1,553
miss you nephew quotes,4,in-hi,1,1,553
miss you one line quotes,5,in-hi,1,1,553
miss you papa quotes in marathi from son,8,in-hi,1,1,553
miss you quotes in urdu text,6,in-hi,1,1,553
miss you quotes sinhala,4,in-hi,1,1,553
miss you quotes to boyfriend,5,in-hi,1,1,553
miss you rain quotes,4,in-hi,1,1,553
miss you roupa online,4,in-hi,1,1,553
miss you sister shayari in hindi,6,in-hi,1,1,553
miss you wife quotes in tamil,6,in-hi,1,1,553
missing you quotes death sister,5,in-hi,1,1,553
quotes when you miss your daughter,6,in-hi,1,1,553
when you miss home quotes,5,in-hi,1,1,553
मिस यू माँ शायरी 2 लाइन,6,in-hi,1,1,553
amore mi manchi wikipedia,4,it-it,1,1,553
mi manchi amica mia,4,it-it,1,1,553
mi manchi bella,3,it-it,1,1,553
mi manchi canzone testo,4,it-it,1,1,553
mi manchi come quando il ventilatore,6,it-it,1,1,553
mi manchi concato karaoke,4,it-it,1,1,553
mi manchi da morire canzone,5,it-it,1,1,553
mi manchi e ho voglia di te,7,it-it,1,1,553
mi manchi e non posso dirtelo,6,it-it,1,1,553
mi manchi fausto leali significato,5,it-it,1,1,553
mi manchi gli alunni del sole,6,it-it,1,1,553
mi manchi i miss you,5,it-it,1,1,553
mi manchi josh groban,4,it-it,1,1,553
mi manchi lettera per lui,5,it-it,1,1,553
mi manchi mi manchi canzone,5,it-it,1,1,553
mi manchi negli occhi canzone,5,it-it,1,1,553
mi manchi reply,3,it-it,1,1,553
mi manchi scemo,3,it-it,1,1,553
mi manchi testo aka,4,it-it,1,1,553
mi manchi un mondo,4,it-it,1,1,553
mi manchi vignette,3,it-it,1,1,553
zucchero mi manchi e tu non passi mai,8,it-it,1,1,553
vtuber 会いたい,2,jp-ja,1,1,553
会いたい i miss you あらすじ,5,jp-ja,1,1,553
会いたい zele 歌詞,3,jp-ja,1,1,553
会いたい インターナショナルバージョン,2,jp-ja,1,1,553
会いたい が入ってる曲,2,jp-ja,1,1,553
会いたい と聞いてくる男,2,jp-ja,1,1,553
会いたい ビジネスメール,2,jp-ja,1,1,553
会いたい ミリヤ 歌詞,3,jp-ja,1,1,553
会いたい ロシア語,2,jp-ja,1,1,553
会いたい 亡くなった人,2,jp-ja,1,1,553
会いたい 会いたい 会いたいな,3,jp-ja,1,1,553
会いたい 山崎朋子 作者の思い,3,jp-ja,1,1,553
会いたい 歌 実話,3,jp-ja,1,1,553
会いたい 沢田知可子 コード,3,jp-ja,1,1,553
会いたい 男性キー,2,jp-ja,1,1,553
会いたい 私も,2,jp-ja,1,1,553
会いたい 英語 おしゃれ,3,jp-ja,1,1,553
会いたい 配信,2,jp-ja,1,1,553
会いたい 重いと思われたくない,2,jp-ja,1,1,553
会いたい 韓国ドラマ キャスト,3,jp-ja,1,1,553
会いたい時にあなたはいない,1,jp-ja,1,1,553
helloping 보고싶다 lyrics,3,kr-ko,1,1,553
그립다 vs 보고싶다,3,kr-ko,1,1,553
보고싶다 english lyrics,3,kr-ko,1,1,553
보고싶다 google translate,3,kr-ko,1,1,553
보고싶다 kdrama,2,kr-ko,1,1,553
보고싶다 song,2,kr-ko,1,1,553
보고싶다 tj번호,2,kr-ko,1,1,553
보고싶다 김범수 드라마,3,kr-ko,1,1,553
보고싶다 유의어,2,kr-ko,1,1,553
te extraño amiga en ingles,5,mx-es,1,1,553
te extraño bonita,3,mx-es,1,1,553
te extraño como se extrañan las noches sin estrellas letra,10,mx-es,1,1,553
te extraño frances,3,mx-es,1,1,553
te extraño imágenes de amor a distancia,7,mx-es,1,1,553
te extraño los domingos pero bueno nada mas,8,mx-es,1,1,553
te extraño mijares letra,4,mx-es,1,1,553
te extraño no puedo estar sin ti,7,mx-es,1,1,553
te extraño y te necesito en ingles,7,mx-es,1,1,553
eo ik mis je jonathan,5,nl-nl,1,1,553
ik mis je altijd maar vandaag een beetje meer,9,nl-nl,1,1,553
ik mis je ballon,4,nl-nl,1,1,553
ik mis je beste zangers,5,nl-nl,1,1,553
ik mis je cali,4,nl-nl,1,1,553
ik mis je elke dag een beetje meer luc steeno,10,nl-nl,1,1,553
ik mis je en hou van jou,7,nl-nl,1,1,553
ik mis je frank,4,nl-nl,1,1,553
ik mis je graag,4,nl-nl,1,1,553
ik mis je hier,4,nl-nl,1,1,553
ik mis je itamar,4,nl-nl,1,1,553
ik mis je kaartjes,4,nl-nl,1,1,553
ik mis je lois en lisa,6,nl-nl,1,1,553
ik mis je maxine,4,nl-nl,1,1,553
ik mis je nu wel hier diggy dex,8,nl-nl,1,1,553
ik mis je ontzettend,4,nl-nl,1,1,553
ik mis je pa,4,nl-nl,1,1,553
ik mis je ricardo,4,nl-nl,1,1,553
ik mis je stilgeboorte,4,nl-nl,1,1,553
ik mis je vertaling frans,5,nl-nl,1,1,553
ik mis je wesly bronkhorst,5,nl-nl,1,1,553
ik mis je zo erg quotes,6,nl-nl,1,1,553
ik mis je zo map,5,nl-nl,1,1,553
translate ik mis je,4,nl-nl,1,1,553
ursula ik mis je,4,nl-nl,1,1,553
youtube ik mis je eo,5,nl-nl,1,1,553
miss australia kita alexander,4,ph-en,1,1,553
miss kita filipino,3,ph-en,1,1,553
miss kita j brothers karaoke number platinum,7,ph-en,1,1,553
miss kita kung christmas lyrics susan fuentes,7,ph-en,1,1,553
miss kita lyrics with chords,5,ph-en,1,1,553
miss kita pag christmas lyrics,5,ph-en,1,1,553
miss kita song number,4,ph-en,1,1,553
miss lang kita,3,ph-en,1,1,553
miss na kita deep tagalog,5,ph-en,1,1,553
miss na kita emoji,4,ph-en,1,1,553
miss na kita female version,5,ph-en,1,1,553
miss na kita flow g,5,ph-en,1,1,553
miss na kita in other language,6,ph-en,1,1,553
miss na kita karaoke,4,ph-en,1,1,553
miss na kita mahal meaning,5,ph-en,1,1,553
miss na miss kita hambog ng sagpro krew lyrics,9,ph-en,1,1,553
miss na miss kita robin padilla,6,ph-en,1,1,553
miss u kita jawab apa,5,ph-en,1,1,553
what is miss na kita in bicol,7,ph-en,1,1,553
youtube miss.kita,2,ph-en,1,1,553
harlan coben tęsknię za tobą książka,6,pl-pl,1,1,553
kocham i tęsknię za tobą,5,pl-pl,1,1,553
pawel e tęsknię za tobą każdą nocą,7,pl-pl,1,1,553
piosenka tęsknię za tobą dziewczyno,5,pl-pl,1,1,553
tesknie z toba po pozegnaniu,5,pl-pl,1,1,553
tesknie za toba filmweb serial,5,pl-pl,1,1,553
tesknie za toba ile odcinkow,5,pl-pl,1,1,553
tesknie za toba ksiazka opinie,5,pl-pl,1,1,553
tęsknię za tobą missing you 2025,6,pl-pl,1,1,553
tęsknie za tobą po angielsku,5,pl-pl,1,1,553
tęsknię za tobą po pożegnaniu gdzie obejrzeć,7,pl-pl,1,1,553
tęsknię za tobą po pożegnaniu vider,6,pl-pl,1,1,553
tęsknię za tobą serial filmweb,5,pl-pl,1,1,553
tęsknię za tobą świecącym jak neon,6,pl-pl,1,1,553
tęsknię za toba to najtrudniejsza,5,pl-pl,1,1,553
youtube kochanie tęsknię za tobą,5,pl-pl,1,1,553
а я скучаю по тебе,5,ru-ru,1,1,553
скучаю по тебе и за тобой,6,ru-ru,1,1,553
скучаю по тебе красивые слова,5,ru-ru,1,1,553
скучаю по тебе любимый муж своими словами,7,ru-ru,1,1,553
скучаю по тебе мэри маллон,5,ru-ru,1,1,553
скучаю по тебе николай малыхин,5,ru-ru,1,1,553
скучаю по тебе после расставания смотреть,6,ru-ru,1,1,553
я скучаю по тебе аккорды простые,6,ru-ru,1,1,553
güzel seni çok özledim lyrics,5,tr-tr,1,1,553
kedi seni özledim,3,tr-tr,1,1,553
özledim seni atilla kaya akor,5,tr-tr,1,1,553
özledim seni bir nefes gibi,5,tr-tr,1,1,553
ozledim seni cok bekledim,4,tr-tr,1,1,553
özledim seni efendim ilahisi,4,tr-tr,1,1,553
özledim seni halit bilgiç akor,5,tr-tr,1,1,553
özledim seni mini dizi,4,tr-tr,1,1,553
özledim seni sevdam,3,tr-tr,1,1,553
özledim seni yurtseven kardeşler,4,tr-tr,1,1,553
özledim seni zeki müren,4,tr-tr,1,1,553
seni çok özledim ingilizce nasıl yazılır,6,tr-tr,1,1,553
seni çok özledim rusça,4,tr-tr,1,1,553
seni çok özledim yeminler olsun,5,tr-tr,1,1,553
seni görmeyi özledim,3,tr-tr,1,1,553
seni özledim dedim napim diyor,5,tr-tr,1,1,553
seni ozledim galiba,3,tr-tr,1,1,553
seni özledim neil,3,tr-tr,1,1,553
sonra seni özledim full izle,5,tr-tr,1,1,553
sonra seni özledim izle,4,tr-tr,1,1,553
ukraynaca seni özledim,3,tr-tr,1,1,553
vedadan seni özledim,3,tr-tr,1,1,553
vedadan sonra seni özledim part 5,6,tr-tr,1,1,553
i miss you already gif,5,us-en,1,1,553
i miss you bjork,4,us-en,1,1,553
i miss you country songs,5,us-en,1,1,553
i miss you definition,4,us-en,1,1,553
i miss you for revenge,5,us-en,1,1,553
i miss you guys gif,5,us-en,1,1,553
i miss you joyce chu lyrics english,7,us-en,1,1,553
i miss you kacey musgraves,5,us-en,1,1,553
i miss you like the sun misses the flower,9,us-en,1,1,553
i miss you my love in spanish,7,us-en,1,1,553
i miss you now lady antebellum,6,us-en,1,1,553
i miss you portuguese,4,us-en,1,1,553
i miss you quietly today,5,us-en,1,1,553
i miss you rap songs,5,us-en,1,1,553
i miss you so much lyrics,6,us-en,1,1,553
i miss you terribly,4,us-en,1,1,553
i miss you very much in italian,7,us-en,1,1,553
i miss you yes i do song,7,us-en,1,1,553
miss you all the time lyrics,6,us-en,1,1,553
miss you bass tab,4,us-en,1,1,553
miss you cute gif,4,us-en,1,1,553
miss you edm song,4,us-en,1,1,553
miss you for him,4,us-en,1,1,553
miss you gif for him,5,us-en,1,1,553
miss you honey,3,us-en,1,1,553
miss you jerry,3,us-en,1,1,553
miss you kim bum soo,5,us-en,1,1,553
miss you now,3,us-en,1,1,553
miss you pookie bear oh lord,6,us-en,1,1,553
miss you rolling stones bass tab,6,us-en,1,1,553
miss you vs thinking of you,6,us-en,1,1,553
miss you wikipedia,3,us-en,1,1,553
afro x saudades mil,4,br-pt,1,1,552
estudante online saudades sc,4,br-pt,1,1,552
eu gostaria de dizer que sinto sua falta james arthur,10,br-pt,1,1,552
eu realmente sinto sua falta,5,br-pt,1,1,552
hoje também sinto sua falta,5,br-pt,1,1,552
kanji saudades,2,br-pt,1,1,552
saudades atende net,3,br-pt,1,1,552
saudades bandida zezé di camargo,5,br-pt,1,1,552
saudades bom dia,3,br-pt,1,1,552
saudades cifra felipe rodrigues,4,br-pt,1,1,552
saudades de ypacarai,3,br-pt,1,1,552
saudades do que a gente não viveu neymar,8,br-pt,1,1,552
saudades dos que foram,4,br-pt,1,1,552
saudades eternas camisa homenagem falecido,5,br-pt,1,1,552
saudades figurinha,2,br-pt,1,1,552
saudades giria,2,br-pt,1,1,552
saudades houilles,2,br-pt,1,1,552
saudades imagens,2,br-pt,1,1,552
saudades infinitas ou saudade infinita,5,br-pt,1,1,552
saudades ja faz tempo eu queria te falar,8,br-pt,1,1,552
saudades letra me liga mais tarde,6,br-pt,1,1,552
saudades mensagem,2,br-pt,1,1,552
saudades no luto,3,br-pt,1,1,552
saudades os arrais,3,br-pt,1,1,552
saudades poema,2,br-pt,1,1,552
saudades que eu estava disso,5,br-pt,1,1,552
saudades radio,2,br-pt,1,1,552
saudades sigla,2,br-pt,1,1,552
saudades tia,2,br-pt,1,1,552
sinto sua falta agora entendo,5,br-pt,1,1,552
sinto sua falta bpm,4,br-pt,1,1,552
sinto sua falta coreano,4,br-pt,1,1,552
sinto sua falta depois do adeus é um filme,9,br-pt,1,1,552
sinto sua falta depois do adeus filme,7,br-pt,1,1,552
sinto sua falta depois do adeus kwai,7,br-pt,1,1,552
sinto sua falta em grego,5,br-pt,1,1,552
sinto sua falta ferrugem história,5,br-pt,1,1,552
sinto sua falta ludmilla,4,br-pt,1,1,552
sinto sua falta musica em ingles,6,br-pt,1,1,552
sinto sua falta netflix final,5,br-pt,1,1,552
sinto sua falta pagode letra,5,br-pt,1,1,552
sinto sua falta sua musica,5,br-pt,1,1,552
sinto sua falta tayrone ao vivo,6,br-pt,1,1,552
unochapecó saudades,2,br-pt,1,1,552
what does saudades de voce mean,6,br-pt,1,1,552
youtube ferrugem sinto sua falta,5,br-pt,1,1,552
ich vermisse dich auf koreanisch,5,de-de,1,1,552
ich vermisse dich bis zum mond und zurück,8,de-de,1,1,552
ich vermisse dich brasilianisches portugiesisch,5,de-de,1,1,552
ich vermisse dich comic,4,de-de,1,1,552
ich vermisse dich es tut mir leid,7,de-de,1,1,552
ich vermisse dich film besetzung,5,de-de,1,1,552
ich vermisse dich ganz schrecklich,5,de-de,1,1,552
ich vermisse dich heute besonders,5,de-de,1,1,552
ich vermisse dich in emojis,5,de-de,1,1,552
ich vermisse dich jede sekunde sprüche,6,de-de,1,1,552
ich vermisse dich kollegin,4,de-de,1,1,552
ich vermisse dich mein schatz sprüche,6,de-de,1,1,552
ich vermisse dich netflix wie viele folgen,7,de-de,1,1,552
ich vermisse dich ohne ende,5,de-de,1,1,552
ich vermisse dich peter schilling,5,de-de,1,1,552
ich vermisse dich rammstein,4,de-de,1,1,552
ich vermisse dich so sehr sprüche,6,de-de,1,1,552
ich vermisse dich trauer sprüche,5,de-de,1,1,552
ich vermisse dich unendlich englisch,5,de-de,1,1,552
ich vermisse dich verdammt,4,de-de,1,1,552
ich vermisse dich wer hat den vater getötet,8,de-de,1,1,552
o'que significa ich vermisse dich,5,de-de,1,1,552
youtube ireen sheer ich vermisse dich,6,de-de,1,1,552
alejandro sanz cómo te echo de menos unplugged lyrics,9,es-es,1,1,552
letra te echo de menos ke personajes,7,es-es,1,1,552
te echo de menos amor vuelve otra vez a mi,10,es-es,1,1,552
te echo de menos aunque yo fui quien te eche,10,es-es,1,1,552
te echo de menos bryant myers letra,7,es-es,1,1,552
te echo de menos canción de kiko veneno,8,es-es,1,1,552
te echo de menos cancion en ingles,7,es-es,1,1,552
te echo de menos drama,5,es-es,1,1,552
te echo de menos en arabe,6,es-es,1,1,552
te echo de menos filtro,5,es-es,1,1,552
te echo de menos guitarra,5,es-es,1,1,552
te echo de menos hermanita,5,es-es,1,1,552
te echo de menos juan,5,es-es,1,1,552
te echo de menos letra gino mella,7,es-es,1,1,552
te echo de menos mi amor frases,7,es-es,1,1,552
te echo de menos netflix donde se rodo,8,es-es,1,1,552
te echo de menos pedro guerra,6,es-es,1,1,552
te echo de menos resumen,5,es-es,1,1,552
te echo de menos sinonimos,5,es-es,1,1,552
te echo de menos veneno,5,es-es,1,1,552
te echo de menos y te quiero mucho,8,es-es,1,1,552
te echo mucho de menos que significa,7,es-es,1,1,552
te extraño a cada minuto te pienso,7,es-es,1,1,552
te extraño de mas aitana,5,es-es,1,1,552
te extraño japones,3,es-es,1,1,552
te extraño muchisimo cancion,4,es-es,1,1,552
te extraño ojala te separes pronto,6,es-es,1,1,552
te extraño tanto papa,4,es-es,1,1,552
te extraño vida,3,es-es,1,1,552
te extraño y me siento solo si no estás conmigo letra,11,es-es,1,1,552
todos los dias te echo de menos,7,es-es,1,1,552
why does te echo de menos mean i miss you,10,es-es,1,1,552
tu me manque tellement in english,6,fr-fr,1,1,552
tu me manques à quel point,6,fr-fr,1,1,552
tu me manques après l'adieu wikipédia,6,fr-fr,1,1,552
tu me manques aqua,4,fr-fr,1,1,552
tu me manques beaucoup signification,5,fr-fr,1,1,552
tu me manques chords,4,fr-fr,1,1,552
tu me manques dj oulare,5,fr-fr,1,1,552
tu me manques en turc,5,fr-fr,1,1,552
tu me manques en ukrainien,5,fr-fr,1,1,552
tu me manques fort en anglais,6,fr-fr,1,1,552
tu me manques gally,4,fr-fr,1,1,552
tu me manques harlan coben fin explication,7,fr-fr,1,1,552
tu me manques juste in english,6,fr-fr,1,1,552
tu me manques lyrics harry diboula,6,fr-fr,1,1,552
tu me manques mon amour en italien,7,fr-fr,1,1,552
tu me manques netflix spoiler,5,fr-fr,1,1,552
tu me manques plus que les mots,7,fr-fr,1,1,552
tu me manques reviens vite,5,fr-fr,1,1,552
tu me manques serie acteur,5,fr-fr,1,1,552
tu me manques texte,4,fr-fr,1,1,552
tu me manques vraiment beaucoup en anglais,7,fr-fr,1,1,552
vidéos sur bisous tu me manques 2026,7,fr-fr,1,1,552
why is it tu me manques and not je te manque,11,fr-fr,1,1,552
zaho tu me manques,4,fr-fr,1,1,552
miss you again song,4,gb-en,1,1,552
miss you best friend quotes in marathi,7,gb-en,1,1,552
miss you blink 182 chords,5,gb-en,1,1,552
miss you cast,3,gb-en,1,1,552
miss you everything but the girl original,7,gb-en,1,1,552
miss you greatly,3,gb-en,1,1,552
miss you husband in heaven,5,gb-en,1,1,552
miss you jaan ka hindi,5,gb-en,1,1,552
miss you love you where to watch,7,gb-en,1,1,552
miss you nights original,4,gb-en,1,1,552
miss you rolling stones tab,5,gb-en,1,1,552
miss you songs for him,5,gb-en,1,1,552
miss you words for her,5,gb-en,1,1,552
aku kangen kamu bahasa filipina,5,id-id,1,1,552
aku kangen kamu mas,4,id-id,1,1,552
aku rindu kamu bahasa korea nya,6,id-id,1,1,552
aku rindu kamu bahasa minang,5,id-id,1,1,552
aku rindu kamu dalam angka,5,id-id,1,1,552
aku rindu kamu dalam bahasa spanyol,6,id-id,1,1,552
aku rindu kamu sayangku bahasa inggris,6,id-id,1,1,552
bahasa arabnya aku rindu kamu untuk perempuan,7,id-id,1,1,552
bahasa hakka aku rindu kamu,5,id-id,1,1,552
bahasa inggris aku kangen kamu pengen ketemu,7,id-id,1,1,552
bahasa inggrisnya aku kangen kamu nenek,6,id-id,1,1,552
chord aku kangen kamu reggae,5,id-id,1,1,552
chord kangen cuma kamu,4,id-id,1,1,552
emoji kangen kamu,3,id-id,1,1,552
kamu kangen aku bahasa sunda,5,id-id,1,1,552
kamu kangen aku ga bahasa jepang,6,id-id,1,1,552
kangen kamu bahasa taiwan,4,id-id,1,1,552
kangen kamu dalam bahasa thailand,5,id-id,1,1,552
kangen kamu sungguh,3,id-id,1,1,552
kangen sama kamu yang,4,id-id,1,1,552
kita kangen kamu bahasa inggris,5,id-id,1,1,552
lirik kangen kamu sungguh hati bicara,6,id-id,1,1,552
rindu aku rindu kamu jadi satu full album,8,id-id,1,1,552
rindu aku rindu kamu jadi satu genre apa,8,id-id,1,1,552
rindu aku rindu kamu jadi satu karaoke,7,id-id,1,1,552
rindu aku rindu kamu kapan rilis,6,id-id,1,1,552
rindu aku rindu kamu lirik mahalini,6,id-id,1,1,552
rindu aku rindu kamu pianika,5,id-id,1,1,552
rindu aku rindu kamu roblox,5,id-id,1,1,552
susanto edi rindu aku rindu kamu,6,id-id,1,1,552
video rindu aku rindu kamu,5,id-id,1,1,552
youtube rindu aku rindu kamu jadi satu,7,id-id,1,1,552
i miss you bhaiya,4,in-en,1,1,552
i miss you chacha,4,in-en,1,1,552
i miss you dad ringtone,5,in-en,1,1,552
i miss you friend shayari,5,in-en,1,1,552
i miss you goblin lyrics,5,in-en,1,1,552
i miss you hubby in hindi,6,in-en,1,1,552
i miss you jaan shayari in hindi,7,in-en,1,1,552
i miss you ka jawab kya de,7,in-en,1,1,552
i miss you meaning in number,6,in-en,1,1,552
i miss you notification tone mp3 download,7,in-en,1,1,552
i miss you often meaning,5,in-en,1,1,552
i miss you photo download,5,in-en,1,1,552
i miss you quotes for boyfriend,6,in-en,1,1,552
i miss you reply to boyfriend,6,in-en,1,1,552
i miss you song lyrics,5,in-en,1,1,552
i miss you vs i'm missing you,7,in-en,1,1,552
i miss you wallpaper hd 4k,6,in-en,1,1,552
miss you caption for instagram,5,in-en,1,1,552
miss you jaan style name,5,in-en,1,1,552
miss you old version download,5,in-en,1,1,552
miss you status,3,in-en,1,1,552
adex miss you online,4,in-hi,1,1,552
how much i miss you quotes short,7,in-hi,1,1,552
i can miss you from the stars,7,in-hi,1,1,552
if you miss,3,in-hi,1,1,552
miss him quotes with images,5,in-hi,1,1,552
miss you appa quotes in tamil for daughter,8,in-hi,1,1,552
miss you baba quotes,4,in-hi,1,1,552
miss you car quotes,4,in-hi,1,1,552
miss you ganpati bappa visarjan quotes in english,8,in-hi,1,1,552
miss you grandfather quotes in marathi,6,in-hi,1,1,552
miss you husband quotes in tamil,6,in-hi,1,1,552
miss you kaka quotes in hindi,6,in-hi,1,1,552
miss you love quotes for her,6,in-hi,1,1,552
miss you love you 2026 release date,7,in-hi,1,1,552
miss you mama ji quotes in hindi,7,in-hi,1,1,552
miss you mom quotes in english,6,in-hi,1,1,552
miss you mum quotes uk,5,in-hi,1,1,552
miss you nani quotes in english,6,in-hi,1,1,552
miss you one word caption,5,in-hi,1,1,552
miss you papa quotes in marathi from daughter,8,in-hi,1,1,552
miss you papa quotes on father's day,7,in-hi,1,1,552
miss you quotes for best friend in english,8,in-hi,1,1,552
miss you quotes in english for husband,7,in-hi,1,1,552
miss you quotes short for her,6,in-hi,1,1,552
miss you quotes teacher,4,in-hi,1,1,552
miss you rumi quotes,4,in-hi,1,1,552
miss.you nights without shane,4,in-hi,1,1,552
quotes when you miss your sister,6,in-hi,1,1,552
who gonna miss you,4,in-hi,1,1,552
मिस यू डैड कोट्स,4,in-hi,1,1,552
मिस यू माँ हिंदी,4,in-hi,1,1,552
emerald mi manchi karaoke version,5,it-it,1,1,552
jovanotti mi manchi anche quando ci sei,7,it-it,1,1,552
mi manchi accordi fausto leali,5,it-it,1,1,552
mi manchi bocelli lyrics,4,it-it,1,1,552
mi manchi chi l ha scritta,6,it-it,1,1,552
mi manchi cosa significa,4,it-it,1,1,552
mi manchi di aka seven,5,it-it,1,1,552
mi manchi e tu non passi mai zucchero,8,it-it,1,1,552
mi manchi film,3,it-it,1,1,552
mi manchi gatto,3,it-it,1,1,552
mi manchi la canzone,4,it-it,1,1,552
mi manchi means what in english,6,it-it,1,1,552
mi manchi mina testo,4,it-it,1,1,552
mi manchi negli occhi valentina,5,it-it,1,1,552
mi manchi restaurant,3,it-it,1,1,552
mi manchi solo quando respiro,5,it-it,1,1,552
mi manchi sticker,3,it-it,1,1,552
mi manchi tu,3,it-it,1,1,552
mi manchi un po significato,5,it-it,1,1,552
mi manchi video fausto leali,5,it-it,1,1,552
what is mi manchi,4,it-it,1,1,552
youtube mi manchi fausto leali con testo,7,it-it,1,1,552
zucchero mi manchi addosso,4,it-it,1,1,552
vaundy 会いたい,2,jp-ja,1,1,552
会いたい dios,2,jp-ja,1,1,552
会いたい radwimps コード,3,jp-ja,1,1,552
会いたい zele,2,jp-ja,1,1,552
会いたい インスタ,2,jp-ja,1,1,552
会いたい エイチワイ,2,jp-ja,1,1,552
会いたい ギター,2,jp-ja,1,1,552
会いたい 会いたくない,2,jp-ja,1,1,552
会いたい 女の子から,2,jp-ja,1,1,552
会いたい 敬語,2,jp-ja,1,1,552
会いたい 方言,2,jp-ja,1,1,552
会いたい 日程決めない,2,jp-ja,1,1,552
会いたい 歌 ドラマ,3,jp-ja,1,1,552
会いたい 沢田知可子 カバー,3,jp-ja,1,1,552
会いたい 私だけ,2,jp-ja,1,1,552
会いたい 美的,2,jp-ja,1,1,552
会いたい 言う,2,jp-ja,1,1,552
会いたい 言われた,2,jp-ja,1,1,552
会いたい 迷惑,2,jp-ja,1,1,552
会いたい 高橋真梨子,2,jp-ja,1,1,552
会いたい韓国ドラマ,1,jp-ja,1,1,552
difference between 보고싶다 and 그립다,5,kr-ko,1,1,552
letras 보고싶다 live version,4,kr-ko,1,1,552
lyrics 보고싶다 kim bumsoo,4,kr-ko,1,1,552
보고싶다 or 보고 싶다,4,kr-ko,1,1,552
보고싶다 romanized,2,kr-ko,1,1,552
보고싶다 significado,2,kr-ko,1,1,552
보고싶다 traduccion español,3,kr-ko,1,1,552
보고싶다 이모티콘으로,2,kr-ko,1,1,552
te extraño bubu,3,mx-es,1,1,552
te extraño hermosa,3,mx-es,1,1,552
te extraño lyrics,3,mx-es,1,1,552
te extraño mucho mi amor en inglés,7,mx-es,1,1,552
te extraño natanael cano,4,mx-es,1,1,552
te extraño pequeños musical letra y acordes,7,mx-es,1,1,552
te extraño sabes,3,mx-es,1,1,552
te extraño traducir al ingles,5,mx-es,1,1,552
ik mis je als een boer met kiespijn,8,nl-nl,1,1,552
ik mis je baby,4,nl-nl,1,1,552
ik mis je best wel,5,nl-nl,1,1,552
ik mis je cho la rouge,6,nl-nl,1,1,552
ik mis je elke dag maar vandaag een beetje meer,10,nl-nl,1,1,552
ik mis je frank boeijen,5,nl-nl,1,1,552
ik mis je gif animatie,5,nl-nl,1,1,552
ik mis je hond,4,nl-nl,1,1,552
ik mis je kistje,4,nl-nl,1,1,552
ik mis je mama gedicht,5,nl-nl,1,1,552
ik mis je nog steeds elke dag gedicht,8,nl-nl,1,1,552
ik mis je nu al quotes,6,nl-nl,1,1,552
ik mis je op tv,5,nl-nl,1,1,552
ik mis je peter en paul,6,nl-nl,1,1,552
ik mis je rouw,4,nl-nl,1,1,552
ik mis je samuel,4,nl-nl,1,1,552
ik mis je tv nl,5,nl-nl,1,1,552
ik mis je vreselijk,4,nl-nl,1,1,552
ik mis je wiki,4,nl-nl,1,1,552
ik mis je zo jasper steverlinck,6,nl-nl,1,1,552
ik mis je zo rob van daal,7,nl-nl,1,1,552
liam ik mis je zo uit milo,7,nl-nl,1,1,552
yvonne ik mis je,4,nl-nl,1,1,552
miss a kita,3,ph-en,1,1,552
miss kindergarten font,3,ph-en,1,1,552
miss kindergarten student information sheet,5,ph-en,1,1,552
miss kita banat,3,ph-en,1,1,552
miss kita karaoke by nyt lumenda,6,ph-en,1,1,552
miss kita pero konti lang,5,ph-en,1,1,552
miss lang kita kuya,4,ph-en,1,1,552
miss na kita exb,4,ph-en,1,1,552
miss na kita lyrics,4,ph-en,1,1,552
miss na kita the vowels they orbit lyrics,8,ph-en,1,1,552
miss na miss kita,4,ph-en,1,1,552
miss na miss kita hamier sendad,6,ph-en,1,1,552
miss na rin kita in english,6,ph-en,1,1,552
miss u kita harus jawab apa,6,ph-en,1,1,552
mrs wills kindergarten,3,ph-en,1,1,552
oh miss kita,3,ph-en,1,1,552
sobrang miss na kita quotes,5,ph-en,1,1,552
what is miss na kita in tagalog,7,ph-en,1,1,552
jak inaczej powiedzieć tęsknię za tobą,6,pl-pl,1,1,552
tesknie z toba serial,4,pl-pl,1,1,552
tęsknię za tobą cytat,4,pl-pl,1,1,552
tęsknię za tobą moja miłości,5,pl-pl,1,1,552
tęsknię za tobą panie wiem że przyjdziesz niebawem,8,pl-pl,1,1,552
tesknie za toba po pozegnaniu aktorzy,6,pl-pl,1,1,552
tesknie za toba po pozegnaniu full video,7,pl-pl,1,1,552
tęsknię za tobą po rumunsku,5,pl-pl,1,1,552
tęsknię za tobą sms,4,pl-pl,1,1,552
tesknie za toba trailer,4,pl-pl,1,1,552
tesknie za toba translation english,5,pl-pl,1,1,552
young policja bardzo tesknie za toba tekst,7,pl-pl,1,1,552
widgetable скучаю по тебе,4,ru-ru,1,1,552
скучаю по тебе имдб,4,ru-ru,1,1,552
скучаю по тебе картинки девушке,5,ru-ru,1,1,552
скучаю по тебе любимый муж,5,ru-ru,1,1,552
скучаю по тебе манга,4,ru-ru,1,1,552
скучаю по тебе на французском,5,ru-ru,1,1,552
скучаю по тебе после расставания 21 40,7,ru-ru,1,1,552
скучаю по тебе смотреть онлайн сериал,6,ru-ru,1,1,552
скучаю по тебе три дня дождя аккорды,7,ru-ru,1,1,552
я очень скучаю по тебе,5,ru-ru,1,1,552
я скучаю по тебе holina verse,6,ru-ru,1,1,552
я скучаю по тебе алексей,5,ru-ru,1,1,552
اشتقت اليك فعلمني mp3,4,sa-ar,1,1,552
ben de seni özledim ingilizce,5,tr-tr,1,1,552
ben seni özledim kaç vakittir görmedim,6,tr-tr,1,1,552
nilüfer seni şimdiden özledim lyrics,5,tr-tr,1,1,552
osmanlıca seni özledim,3,tr-tr,1,1,552
özledim seni ahmet telli,4,tr-tr,1,1,552
özledim seni ben izel çelik ercan,6,tr-tr,1,1,552
özledim seni erzurum,3,tr-tr,1,1,552
özledim seni görmeyince,3,tr-tr,1,1,552
özledim seni halit,3,tr-tr,1,1,552
özledim seni sözleri pepe,4,tr-tr,1,1,552
özledim seni yakar bu anılar,5,tr-tr,1,1,552
seni çok özledim fransızca,4,tr-tr,1,1,552
seni cok ozledim kayahan,4,tr-tr,1,1,552
seni çok özledim rusça çeviri,5,tr-tr,1,1,552
seni çok özledim tersten,4,tr-tr,1,1,552
seni çok özledim zazaca,4,tr-tr,1,1,552
seni özledim diye mesaj atan erkek,6,tr-tr,1,1,552
seni özledim kür,3,tr-tr,1,1,552
seni özledim ne demek ispanyolca,5,tr-tr,1,1,552
sevgiliye seni özledim mesajı,4,tr-tr,1,1,552
sevgiliye seni özledim mesajı uzun,5,tr-tr,1,1,552
vedadan sonra seni özledim part 1,6,tr-tr,1,1,552
i miss you all free fire,6,us-en,1,1,552
i miss you all in spanish,6,us-en,1,1,552
i miss you babe,4,us-en,1,1,552
i miss you coloring page,5,us-en,1,1,552
i miss you drawing,4,us-en,1,1,552
i miss you everyday in spanish,6,us-en,1,1,552
i miss you friend meme,5,us-en,1,1,552
i miss you gifts,4,us-en,1,1,552
i miss you habibi meme,5,us-en,1,1,552
i miss you in russian,5,us-en,1,1,552
i miss you joe,4,us-en,1,1,552
i miss you key,4,us-en,1,1,552
i miss you like crazy song,6,us-en,1,1,552
i miss you movie,4,us-en,1,1,552
i miss you oh i miss you,7,us-en,1,1,552
i miss you paragraph for him,6,us-en,1,1,552
i miss you quotes to my boyfriend,7,us-en,1,1,552
i miss you russian,4,us-en,1,1,552
i miss you so,4,us-en,1,1,552
i miss you tonight by sam sagewood,7,us-en,1,1,552
i miss you voicemail,4,us-en,1,1,552
i miss you when i can't sleep lyrics,8,us-en,1,1,552
i miss you with all my heart meaning,8,us-en,1,1,552
i miss you yeah i miss you song,8,us-en,1,1,552
miss you after goodbye all episodes,6,us-en,1,1,552
miss you by aaliyah,4,us-en,1,1,552
miss you country songs,4,us-en,1,1,552
miss you daughter,3,us-en,1,1,552
miss you for her,4,us-en,1,1,552
miss you foster the people,5,us-en,1,1,552
miss you hyunjin,3,us-en,1,1,552
miss you joe,3,us-en,1,1,552
miss you korean,3,us-en,1,1,552
miss you love you plot,5,us-en,1,1,552
miss you netflix cast,4,us-en,1,1,552
miss you oliver tree bpm,5,us-en,1,1,552
miss you rolling stones live,5,us-en,1,1,552
miss you so badly lyrics,5,us-en,1,1,552
miss you this much gif,5,us-en,1,1,552
miss you verse,3,us-en,1,1,552
assistir sinto sua falta depois do adeus rede canais,9,br-pt,1,1,551
hino avulso ccb sinto sua falta deus,7,br-pt,1,1,551
how to use saudades,4,br-pt,1,1,551
i miss you sinto sua falta,6,br-pt,1,1,551
jorge e mateus sinto sua falta,6,br-pt,1,1,551
kappa saudades sc,3,br-pt,1,1,551
quando sinto sua falta,4,br-pt,1,1,551
radio online saudade santos,4,br-pt,1,1,551
saudades amiga frases,3,br-pt,1,1,551
saudades bandida zeze di camargo e luciano,7,br-pt,1,1,551
saudades bb,2,br-pt,1,1,551
saudades chitãozinho e xororó,4,br-pt,1,1,551
saudades corinthians,2,br-pt,1,1,551
saudades de você em inglês,5,br-pt,1,1,551
saudades dos que foram musica,5,br-pt,1,1,551
saudades em yoruba,3,br-pt,1,1,551
saudades eternas mensagem de filha para pai falecido,8,br-pt,1,1,551
saudades fotos,2,br-pt,1,1,551
saudades gilberto e gilmar,4,br-pt,1,1,551
saudades habitantes,2,br-pt,1,1,551
saudades inclusive significado,3,br-pt,1,1,551
saudades italiano,2,br-pt,1,1,551
saudades japones,2,br-pt,1,1,551
saudades luto mae,3,br-pt,1,1,551
saudades meu pai,3,br-pt,1,1,551
saudades narcisa amalia,3,br-pt,1,1,551
saudades o pensador,3,br-pt,1,1,551
saudades para whatsapp,3,br-pt,1,1,551
saudades pra curar,3,br-pt,1,1,551
saudades que doem,3,br-pt,1,1,551
saudades reciprocas,2,br-pt,1,1,551
saudades sc habitantes,3,br-pt,1,1,551
saudades tur,2,br-pt,1,1,551
saudades vida,2,br-pt,1,1,551
sinto sua falta até depois do adeus,7,br-pt,1,1,551
sinto sua falta baby onde voce esta melody,8,br-pt,1,1,551
sinto sua falta ccb,4,br-pt,1,1,551
sinto sua falta depois do adeus e uma serie,9,br-pt,1,1,551
sinto sua falta depois do adeus elenco keira,8,br-pt,1,1,551
sinto sua falta depois do adeus final,7,br-pt,1,1,551
sinto sua falta e ninguém pode ver,7,br-pt,1,1,551
sinto sua falta em guarani,5,br-pt,1,1,551
sinto sua falta frases curtas,5,br-pt,1,1,551
sinto sua falta inglês,4,br-pt,1,1,551
sinto sua falta louvor,4,br-pt,1,1,551
sinto sua falta meme,4,br-pt,1,1,551
sinto sua falta meu irmão,5,br-pt,1,1,551
sinto sua falta não posso ficar tanto tempo assim,9,br-pt,1,1,551
sinto sua falta podemos conversar,5,br-pt,1,1,551
sinto sua falta sinto,4,br-pt,1,1,551
sinto sua falta tradutor,4,br-pt,1,1,551
ultima saudades letra,3,br-pt,1,1,551
what does tenho saudades tuas mean,6,br-pt,1,1,551
ich vermisse dich auf albanisch,5,de-de,1,1,551
ich vermisse dich baby,4,de-de,1,1,551
ich vermisse dich chris roberts,5,de-de,1,1,551
ich vermisse dich engel,4,de-de,1,1,551
ich vermisse dich freundin sprüche,5,de-de,1,1,551
ich vermisse dich gedichte kurz,5,de-de,1,1,551
ich vermisse dich heute,4,de-de,1,1,551
ich vermisse dich in thai,5,de-de,1,1,551
ich vermisse dich jetzt schon auf spanisch,7,de-de,1,1,551
ich vermisse dich kerze,4,de-de,1,1,551
ich vermisse dich lied schlager,5,de-de,1,1,551
ich vermisse dich mein kind,5,de-de,1,1,551
ich vermisse dich nachricht,4,de-de,1,1,551
ich vermisse dich ohne es zu sagen,7,de-de,1,1,551
ich vermisse dich papa sprüche,5,de-de,1,1,551
ich vermisse dich review,4,de-de,1,1,551
ich vermisse dich serie ende erklärung,6,de-de,1,1,551
ich vermisse dich text an freund,6,de-de,1,1,551
ich vermisse dich unglaublich,4,de-de,1,1,551
ich vermisse dich wikipedia,4,de-de,1,1,551
que significa ich vermisse dich sehr,6,de-de,1,1,551
yeah ich vermisse dich auch,5,de-de,1,1,551
alejandro sanz como te echo de menos unplugged,8,es-es,1,1,551
como tocar te echo de menos kiko veneno,8,es-es,1,1,551
que significa te echo de menos yahoo,7,es-es,1,1,551
sera que te echo de menos o estoy volviendome loco,10,es-es,1,1,551
te echo de menos abreviado,5,es-es,1,1,551
te echo de menos beatriz luengo letra,7,es-es,1,1,551
te echo de menos cancion ricardo montaner,7,es-es,1,1,551
te echo de menos corazón jean carlos centeno,8,es-es,1,1,551
te echo de menos dante,5,es-es,1,1,551
te echo de menos en rumano,6,es-es,1,1,551
te echo de menos gato,5,es-es,1,1,551
te echo de menos hoy jose luis perales,8,es-es,1,1,551
te echo de menos luis fonsi,6,es-es,1,1,551
te echo de menos meaning,5,es-es,1,1,551
te echo de menos noan acordes,6,es-es,1,1,551
te echo de menos pablo alboran acordes,7,es-es,1,1,551
te echo de menos porque no lo intentamos y volvemos,10,es-es,1,1,551
te echo de menos ramudo,5,es-es,1,1,551
te echo de menos saenz,5,es-es,1,1,551
te echo de menos tanto,5,es-es,1,1,551
te echo de menos viejo,5,es-es,1,1,551
te echo tanto de menos ivan ferreiro,7,es-es,1,1,551
te extraño amiga frases,4,es-es,1,1,551
te extraño bananas letra,4,es-es,1,1,551
te extraño hermana en el cielo,6,es-es,1,1,551
te extraño jhonny rivera letra y acordes,7,es-es,1,1,551
te extraño los del templo letra,6,es-es,1,1,551
te extraño necesito verte,4,es-es,1,1,551
te extraño ozuna,3,es-es,1,1,551
te extraño roberto carlos,4,es-es,1,1,551
te extraño tanto los gigantes,5,es-es,1,1,551
what is te echo de menos mean,7,es-es,1,1,551
bande annonce bisous tu me manques 2026,7,fr-fr,1,1,551
tu me manques conjugaison,4,fr-fr,1,1,551
tu me manques d une autre maniere,7,fr-fr,1,1,551
tu me manques de ouf,5,fr-fr,1,1,551
tu me manques en kabyle,5,fr-fr,1,1,551
tu me manques frerot,4,fr-fr,1,1,551
tu me manques gally paroles,5,fr-fr,1,1,551
tu me manques harlan coben serie distribution,7,fr-fr,1,1,551
tu me manques juste,4,fr-fr,1,1,551
tu me manques la chanson,5,fr-fr,1,1,551
tu me manques maman chanson,5,fr-fr,1,1,551
tu me manques netflix fin,5,fr-fr,1,1,551
tu me manques origine,4,fr-fr,1,1,551
tu me manques pourtant tu es là paroles,8,fr-fr,1,1,551
tu me manques rap,4,fr-fr,1,1,551
tu me manques signifie quoi,5,fr-fr,1,1,551
tu me manques spoiler,4,fr-fr,1,1,551
tu me manques tous les jours,6,fr-fr,1,1,551
tu me manques vraiment mon amour,6,fr-fr,1,1,551
why is it tu me manques in french,8,fr-fr,1,1,551
youza tu me manques lyrics,5,fr-fr,1,1,551
zouk retro tu me manques,5,fr-fr,1,1,551
miss you banner,3,gb-en,1,1,551
miss you darren styles,4,gb-en,1,1,551
miss you even after goodbye,5,gb-en,1,1,551
miss you font,3,gb-en,1,1,551
miss you harmonica,3,gb-en,1,1,551
miss you message for him,5,gb-en,1,1,551
miss you nights perfume,4,gb-en,1,1,551
miss you son,3,gb-en,1,1,551
miss you when you're gone lyrics cranberries,7,gb-en,1,1,551
aku kangen kamu bahasa hokkien,5,id-id,1,1,551
aku kangen kamu juga bahasa mandarin,6,id-id,1,1,551
aku kangen kamu mantan,4,id-id,1,1,551
aku kangen kamu yang,4,id-id,1,1,551
aku rindu kamu bahasa jawa nya,6,id-id,1,1,551
aku rindu kamu bahasa karo,5,id-id,1,1,551
aku rindu kamu bahasa manado,5,id-id,1,1,551
aku rindu kamu bahasa spanyol,5,id-id,1,1,551
aku rindu kamu dalam bahasa sunda,6,id-id,1,1,551
aku rindu kamu suamiku bahasa arabnya,6,id-id,1,1,551
bahasa inggrisnya aku kangen kamu nak,6,id-id,1,1,551
bahasa jawa aku kangen kamu pengen ketemu,7,id-id,1,1,551
bahasa yunani aku rindu kamu,5,id-id,1,1,551
chord gitar ayang aku rindu kamu,6,id-id,1,1,551
esa risty rindu aku rindu kamu,6,id-id,1,1,551
foto kangen kamu,3,id-id,1,1,551
kamu kangen aku bahasa korea,5,id-id,1,1,551
kamu kangen aku gak bahasa mandarin,6,id-id,1,1,551
kangen kamu bahasa batak,4,id-id,1,1,551
kangen kamu dalam bahasa italia,5,id-id,1,1,551
kangen kamu sekali bahasa inggris,5,id-id,1,1,551
lirik lagu aku kangen kamu reggae,6,id-id,1,1,551
ochi alvira rindu aku rindu kamu,6,id-id,1,1,551
rindu aku rindu kamu apakah lagu dangdut,7,id-id,1,1,551
rindu aku rindu kamu chord doel sumbang,7,id-id,1,1,551
rindu aku rindu kamu doel sumbang feat nini carlina,9,id-id,1,1,551
rindu aku rindu kamu karaoke tanpa vokal cowok,8,id-id,1,1,551
rindu aku rindu kamu lagu dari mana,7,id-id,1,1,551
rindu aku rindu kamu paduan suara,6,id-id,1,1,551
rindu aku rindu kamu rilis kapan,6,id-id,1,1,551
sayang aku rindu kamu ingin.memeluk,5,id-id,1,1,551
sesungguhnya aku kangen kamu vanessa,5,id-id,1,1,551
i miss you all meaning in kannada,7,in-en,1,1,551
i miss you appa quotes in english,7,in-en,1,1,551
i miss you bangla meaning,5,in-en,1,1,551
i miss you chinese movie,5,in-en,1,1,551
i miss you dear friend,5,in-en,1,1,551
i miss you everything meaning in hindi,7,in-en,1,1,551
i miss you friend images,5,in-en,1,1,551
i miss you grandma quotes,5,in-en,1,1,551
i miss you home,4,in-en,1,1,551
i miss you ji in hindi,6,in-en,1,1,551
i miss you ko code number,6,in-en,1,1,551
i miss you lot meaning in tamil,7,in-en,1,1,551
i miss you meaning in telugu,6,in-en,1,1,551
i miss you nanna ringtone download,6,in-en,1,1,551
i miss you onv kurup,5,in-en,1,1,551
i miss you please teleport meaning,6,in-en,1,1,551
i miss you quotes for long distance relationship,8,in-en,1,1,551
i miss you reels,4,in-en,1,1,551
i miss you synonyms,4,in-en,1,1,551
i miss you voice note,5,in-en,1,1,551
i miss you whatsapp status,5,in-en,1,1,551
miss you baba,3,in-en,1,1,551
miss you caption for friend,5,in-en,1,1,551
miss you dad song,4,in-en,1,1,551
miss you her meaning in hindi,6,in-en,1,1,551
miss you jaanu,3,in-en,1,1,551
miss you ka short form,5,in-en,1,1,551
miss you nani maa quotes in english,7,in-en,1,1,551
miss you papa after death in hindi text,8,in-en,1,1,551
when i miss you chords,5,in-en,1,1,551
can i say miss you,5,in-hi,1,1,551
how i miss him quotes,5,in-hi,1,1,551
i miss you i'm sorry lyrics,6,in-hi,1,1,551
i miss you without reason,5,in-hi,1,1,551
love is missing you quotes,5,in-hi,1,1,551
miss u bestie quotes short,5,in-hi,1,1,551
miss u quotes wife,4,in-hi,1,1,551
miss with you meaning,4,in-hi,1,1,551
miss you ajoba quotes in marathi text,7,in-hi,1,1,551
miss you all of you quotes,6,in-hi,1,1,551
miss you already online,4,in-hi,1,1,551
miss you appa quotes in kannada in english,8,in-hi,1,1,551
miss you brother quotes after death from sister,8,in-hi,1,1,551
miss you chithappa quotes in tamil,6,in-hi,1,1,551
miss you dad quotes in english,6,in-hi,1,1,551
miss you grandma quotes in tamil,6,in-hi,1,1,551
miss you husband quotes malayalam,5,in-hi,1,1,551
miss you husband quotes urdu,5,in-hi,1,1,551
miss you ka,3,in-hi,1,1,551
miss you kanna quotes,4,in-hi,1,1,551
miss you legend quotes,4,in-hi,1,1,551
miss you mama quotes in marathi for instagram,8,in-hi,1,1,551
miss you nana quotes in hindi,6,in-hi,1,1,551
miss you old days,4,in-hi,1,1,551
miss you parents quotes,4,in-hi,1,1,551
miss you quotes for ex girlfriend,6,in-hi,1,1,551
miss you quotes short for boyfriend,6,in-hi,1,1,551
miss you quotes to daughter,5,in-hi,1,1,551
miss you roomie quotes,4,in-hi,1,1,551
miss you sasur ji quotes in hindi,7,in-hi,1,1,551
miss you shayari hindi 2 line for girl,8,in-hi,1,1,551
miss you sister quotes one line,6,in-hi,1,1,551
miss you zindagi ka matlab,5,in-hi,1,1,551
vadil miss you quotes in marathi,6,in-hi,1,1,551
what is miss you by blink 182 about,8,in-hi,1,1,551
when i miss him quotes,5,in-hi,1,1,551
who will miss you,4,in-hi,1,1,551
why you miss me quotes,5,in-hi,1,1,551
मिस यू,2,in-hi,1,1,551
मिस यू माँ कोट्स इन हिंदी,6,in-hi,1,1,551
jovanotti mi manchi testo,4,it-it,1,1,551
mi manchi aforismi,3,it-it,1,1,551
mi manchi bello figo,4,it-it,1,1,551
mi manchi co znaczy,4,it-it,1,1,551
mi manchi concato testo,4,it-it,1,1,551
mi manchi di vecchioni,4,it-it,1,1,551
mi manchi emoji whatsapp,4,it-it,1,1,551
mi manchi english,3,it-it,1,1,551
mi manchi fausto leali ha vinto sanremo,7,it-it,1,1,551
mi manchi foto,3,it-it,1,1,551
mi manchi gravina in puglia,5,it-it,1,1,551
mi manchi link,3,it-it,1,1,551
mi manchi ma non ti cerco,6,it-it,1,1,551
mi manchi negli occhi chi la canta,7,it-it,1,1,551
mi manchi roma,3,it-it,1,1,551
mi manchi simone cristicchi,4,it-it,1,1,551
mi manchi solo quando te ne vai,7,it-it,1,1,551
mi manchi tanto amico caro davvero testo,7,it-it,1,1,551
mi manchi tu karaoke,4,it-it,1,1,551
mi manchi un sacco traduzione spagnolo,6,it-it,1,1,551
mi manchi veramente troppo troppo troppo ancora canzone,8,it-it,1,1,551
what is mi manchi in italian,6,it-it,1,1,551
youtube mi manchi loredana bertè,5,it-it,1,1,551
会いたい イタリア語,2,jp-ja,1,1,551
会いたい インド語,2,jp-ja,1,1,551
会いたい オシャレな言い方,2,jp-ja,1,1,551
会いたい カラオケ,2,jp-ja,1,1,551
会いたい が入ってる歌詞,2,jp-ja,1,1,551
会いたい ドラマ 主題歌,3,jp-ja,1,1,551
会いたい 会いたい 会いたい 歌詞,4,jp-ja,1,1,551
会いたい 占い 無料,3,jp-ja,1,1,551
会いたい 台湾語,2,jp-ja,1,1,551
会いたい 和訳,2,jp-ja,1,1,551
会いたい 山崎朋子 調号,3,jp-ja,1,1,551
会いたい 漫画,2,jp-ja,1,1,551
会いたい 爆サイ,2,jp-ja,1,1,551
会いたい 百人一首,2,jp-ja,1,1,551
会いたい 相関図,2,jp-ja,1,1,551
会いたい 絵文字言葉,2,jp-ja,1,1,551
会いたい 連絡,2,jp-ja,1,1,551
会いたい 違う言い方,2,jp-ja,1,1,551
会いたい 野田洋次郎,2,jp-ja,1,1,551
恋しい vs 会いたい,3,jp-ja,1,1,551
greg 보고싶다,2,kr-ko,1,1,551
lirik lagu 보고싶다,3,kr-ko,1,1,551
김범수 보고싶다 ost,3,kr-ko,1,1,551
너무 보고싶다 in English,4,kr-ko,1,1,551
보고싶다 piano sheet music,4,kr-ko,1,1,551
보고싶다 tradução,2,kr-ko,1,1,551
보고싶다 윤은혜,2,kr-ko,1,1,551
te extraño amiga fallecida,4,mx-es,1,1,551
te extraño bastante,3,mx-es,1,1,551
te extraño dannylux,3,mx-es,1,1,551
te extraño gary,3,mx-es,1,1,551
te extraño lucifer manga,4,mx-es,1,1,551
te extraño mi amor frases,5,mx-es,1,1,551
te extraño obvio junior h,5,mx-es,1,1,551
te extraño papi,3,mx-es,1,1,551
te extraño stitch,3,mx-es,1,1,551
te extraño tambien en ingles,5,mx-es,1,1,551
te extraño y te echo de menos es lo mismo,10,mx-es,1,1,551
ik mis je anky,4,nl-nl,1,1,551
ik mis je chinees,4,nl-nl,1,1,551
ik mis je elke dag maksim,6,nl-nl,1,1,551
ik mis je en hou van je,7,nl-nl,1,1,551
ik mis je federico van lunter,6,nl-nl,1,1,551
ik mis je gedichten overlijden,5,nl-nl,1,1,551
ik mis je hart,4,nl-nl,1,1,551
ik mis je ingrid,4,nl-nl,1,1,551
ik mis je kerst,4,nl-nl,1,1,551
ik mis je liefde en warmte,6,nl-nl,1,1,551
ik mis je ma,4,nl-nl,1,1,551
ik mis je nederlandse zangeres,5,nl-nl,1,1,551
ik mis je opgeven,4,nl-nl,1,1,551
ik mis je papa teksten,5,nl-nl,1,1,551
ik mis je rene froger,5,nl-nl,1,1,551
ik mis je synoniem,4,nl-nl,1,1,551
ik mis je terschelling,4,nl-nl,1,1,551
ik mis je vriend,4,nl-nl,1,1,551
ik mis je wandeling bredevoort,5,nl-nl,1,1,551
ik mis je zo gedicht,5,nl-nl,1,1,551
ik mis je zo graag beste zangers,7,nl-nl,1,1,551
ik mis je zo jeffrey heesen songtekst,7,nl-nl,1,1,551
liam ik mis je zo uit milo songteksten,8,nl-nl,1,1,551
maaike ouboter dat ik je mis youtube,7,nl-nl,1,1,551
quincy ik mis je nu al,6,nl-nl,1,1,551
does miss a have an app,6,ph-en,1,1,551
mahal miss na miss kita videoke,6,ph-en,1,1,551
miss atau missed,3,ph-en,1,1,551
miss daisy kindergarten,3,ph-en,1,1,551
miss kindergarten america,3,ph-en,1,1,551
miss kindergarten font download,4,ph-en,1,1,551
miss kindergarten love,3,ph-en,1,1,551
miss kindergarten shop,3,ph-en,1,1,551
miss kita palagi,3,ph-en,1,1,551
miss na kita,3,ph-en,1,1,551
miss na kita baby hindi ko na kaya lyrics,9,ph-en,1,1,551
miss na kita english translation,5,ph-en,1,1,551
miss na kita in german,5,ph-en,1,1,551
miss na kita in hiligaynon,5,ph-en,1,1,551
miss na kita jejemon typings,5,ph-en,1,1,551
miss na kita meaning in english,6,ph-en,1,1,551
miss na kita minus one,5,ph-en,1,1,551
miss na kita tagalog,4,ph-en,1,1,551
miss na miss kita father and son lyrics,8,ph-en,1,1,551
miss na miss kita rob deniel,6,ph-en,1,1,551
miss world kindergarten,3,ph-en,1,1,551
bardzo za tobą tęsknię po hiszpańsku,6,pl-pl,1,1,551
ja też za tobą tęsknię in english,7,pl-pl,1,1,551
już za tobą tęsknię gdzie obejrzeć,6,pl-pl,1,1,551
już za tobą tęsknię vider,5,pl-pl,1,1,551
musicairecords tęsknię za tobą tekst,5,pl-pl,1,1,551
tesknie z toba netflix,4,pl-pl,1,1,551
tesknie za toba coben ksiazka,5,pl-pl,1,1,551
tęsknię za tobą każdą nocą piosenka,6,pl-pl,1,1,551
tesknie za toba list,4,pl-pl,1,1,551
tesknie za toba miniserial netflix,5,pl-pl,1,1,551
tesknie za toba pj robi tekst,6,pl-pl,1,1,551
tesknie za toba po pozegnaniu dailymotion,6,pl-pl,1,1,551
tęsknię za tobą sanah,4,pl-pl,1,1,551
witek muzyk ulicy tęsknię za tobą,6,pl-pl,1,1,551
young policja bardzo tesknie za toba,6,pl-pl,1,1,551
holina verse я скучаю по тебе текст,7,ru-ru,1,1,551
what does я скучаю по тебе mean,7,ru-ru,1,1,551
скучаю по тебе deutsch,4,ru-ru,1,1,551
скучаю по тебе илсе санд читать,6,ru-ru,1,1,551
скучаю по тебе кино,4,ru-ru,1,1,551
скучаю по тебе любимый смс,5,ru-ru,1,1,551
скучаю по тебе моя любовь,5,ru-ru,1,1,551
скучаю по тебе на японском,5,ru-ru,1,1,551
скучаю по тебе папа,4,ru-ru,1,1,551
скучаю по тебе триллер,4,ru-ru,1,1,551
скучаю по тебе читать онлайн,5,ru-ru,1,1,551
текст песни я скучаю по тебе,6,ru-ru,1,1,551
я скучаю по тебе meaning in english,7,ru-ru,1,1,551
я скучаю по тебе автор песни,6,ru-ru,1,1,551
я скучаю по тебе алферова,5,ru-ru,1,1,551
اشتقت إليك جدًا meaning,4,sa-ar,1,1,551
اشتقت اليك translate,3,sa-ar,1,1,551
atilla kaya özledim seni lyrics,5,tr-tr,1,1,551
özledim seni efendim,3,tr-tr,1,1,551
özledim seni git desemde gitmesen,5,tr-tr,1,1,551
özledim seni hani ya gelecektin,5,tr-tr,1,1,551
özledim seni ne cevap verilir,5,tr-tr,1,1,551
ozledim seni ozledim sozleri,4,tr-tr,1,1,551
özledim seni sabancı kardeşler,4,tr-tr,1,1,551
özledim seni ya resul,4,tr-tr,1,1,551
özledim seni yapay zeka,4,tr-tr,1,1,551
seni biraz özledim,3,tr-tr,1,1,551
seni çok özledim annem sözleri,5,tr-tr,1,1,551
seni çok özledim aşkım ingilizce,5,tr-tr,1,1,551
seni cok ozledim kurtce nasil denir,6,tr-tr,1,1,551
seni çok özledim resimleri,4,tr-tr,1,1,551
seni çok özledim tuğkan akor,5,tr-tr,1,1,551
seni nasıl özledim müslüm,4,tr-tr,1,1,551
seni özledim demek yerine,4,tr-tr,1,1,551
seni ozledim in urdu,4,tr-tr,1,1,551
seni özledim kolyesi,3,tr-tr,1,1,551
seni özledim ne demek ingilizcede,5,tr-tr,1,1,551
vedadan sonra seni özledim part 12,6,tr-tr,1,1,551
i miss you all of the time song,8,us-en,1,1,551
i miss you by aaron hall,6,us-en,1,1,551
i miss you climax,4,us-en,1,1,551
i miss you dad jelly roll,6,us-en,1,1,551
i miss you ed sheeran,5,us-en,1,1,551
i miss you gifts for her,6,us-en,1,1,551
i miss you hug,4,us-en,1,1,551
i miss you images free download,6,us-en,1,1,551
i miss you in asl,5,us-en,1,1,551
i miss you jenny,4,us-en,1,1,551
i miss you kodak lyrics,5,us-en,1,1,551
i miss you love songs,5,us-en,1,1,551
i miss you more than quotes,6,us-en,1,1,551
i miss you n ii u,6,us-en,1,1,551
i miss you oldies song,5,us-en,1,1,551
i miss you puns,4,us-en,1,1,551
i miss you romantic gif,5,us-en,1,1,551
i miss you song 80s,5,us-en,1,1,551
i miss you text for him,6,us-en,1,1,551
i miss you vanessa carlton,5,us-en,1,1,551
miss you after goodbye full story,6,us-en,1,1,551
miss you beyonce,3,us-en,1,1,551
miss you corpse,3,us-en,1,1,551
miss you deeply meaning,4,us-en,1,1,551
miss you forro,3,us-en,1,1,551
miss you frank ocean,4,us-en,1,1,551
miss you heart,3,us-en,1,1,551
miss you kodak black,4,us-en,1,1,551
miss you man old dominion,5,us-en,1,1,551
miss you niece quotes,4,us-en,1,1,551
miss you oliver tree music video,6,us-en,1,1,551
miss you polly scattergood meaning,5,us-en,1,1,551
miss you quotes for friends short,6,us-en,1,1,551
miss you reaction meme,4,us-en,1,1,551
miss you so badly,4,us-en,1,1,551
miss you vs miss ya,5,us-en,1,1,551
assistir online saudades depois do adeus,6,br-pt,1,1,550
clube xv saudades,3,br-pt,1,1,550
forró rasta chinela sinto sua falta,6,br-pt,1,1,550
hino avulso ccb sinto sua falta,6,br-pt,1,1,550
how to say saudades,4,br-pt,1,1,550
ja disse que sinto sua falta livro,7,br-pt,1,1,550
kit saudades,2,br-pt,1,1,550
letra de yan sinto sua falta namoro escondido 12 horas,10,br-pt,1,1,550
oi saudades ze vaqueiro,4,br-pt,1,1,550
saudade boa matheus e kauan,5,br-pt,1,1,550
saudades amigo dexter,3,br-pt,1,1,550
saudades cabelos brancos gusttavo lima,5,br-pt,1,1,550
saudades de nova york,4,br-pt,1,1,550
saudades do meu pai falecido,5,br-pt,1,1,550
saudades em japones,3,br-pt,1,1,550
saudades felipe rodrigues letra completa,5,br-pt,1,1,550
saudades gente,2,br-pt,1,1,550
saudades heringer e juliano,4,br-pt,1,1,550
saudades iasd,2,br-pt,1,1,550
saudades infinitas significado,3,br-pt,1,1,550
saudades josafa,2,br-pt,1,1,550
saudades letra mc cabelinho,4,br-pt,1,1,550
saudades mil whosampled,3,br-pt,1,1,550
saudades minha irmã faleceu,4,br-pt,1,1,550
saudades origem da palavra,4,br-pt,1,1,550
saudades pompom,2,br-pt,1,1,550
saudades quem partiu,3,br-pt,1,1,550
saudades rosa,2,br-pt,1,1,550
saudades sim tristeza nunca,4,br-pt,1,1,550
saudades te amo 2026 imdb,5,br-pt,1,1,550
saudades tuas ou tua,4,br-pt,1,1,550
saudades vó frases,3,br-pt,1,1,550
serie sinto sua falta depois do adeus,7,br-pt,1,1,550
sinto sua falta ao vivo ferrugem,6,br-pt,1,1,550
sinto sua falta baco,4,br-pt,1,1,550
sinto sua falta com ferrugem,5,br-pt,1,1,550
sinto sua falta depois do adeus atores,7,br-pt,1,1,550
sinto sua falta depois do adeus quantos episódios,8,br-pt,1,1,550
sinto sua falta e natural pra voce acreditar,8,br-pt,1,1,550
sinto sua falta ferrugem compositor,5,br-pt,1,1,550
sinto sua falta luiz lins,5,br-pt,1,1,550
sinto sua falta na igreja,5,br-pt,1,1,550
sinto sua falta playback,4,br-pt,1,1,550
sinto sua falta sinto o frio e a solidao,9,br-pt,1,1,550
sinto sua falta tia,4,br-pt,1,1,550
soldados da fortuna,3,br-pt,1,1,550
uninter saudades sc,3,br-pt,1,1,550
what does sinto sua falta mean,6,br-pt,1,1,550
what language is saudades,4,br-pt,1,1,550
beste antwort auf ich vermisse dich,6,de-de,1,1,550
ich vermisse dich auf portugiesisch,5,de-de,1,1,550
ich vermisse dich bärchen,4,de-de,1,1,550
ich vermisse dich charlie,4,de-de,1,1,550
ich vermisse dich erklärung,4,de-de,1,1,550
ich vermisse dich fürchterlich,4,de-de,1,1,550
ich vermisse dich grabschmuck,4,de-de,1,1,550
ich vermisse dich hier,4,de-de,1,1,550
ich vermisse dich in persisch,5,de-de,1,1,550
ich vermisse dich jeden tag englisch,6,de-de,1,1,550
ich vermisse dich kissen,4,de-de,1,1,550
ich vermisse dich langer text,5,de-de,1,1,550
ich vermisse dich meine tochter,5,de-de,1,1,550
ich vermisse dich netflix ende erklärung,6,de-de,1,1,550
ich vermisse dich onkel,4,de-de,1,1,550
ich vermisse dich papa im himmel,6,de-de,1,1,550
ich vermisse dich papa zitate,5,de-de,1,1,550
ich vermisse dich riesig,4,de-de,1,1,550
ich vermisse dich so,4,de-de,1,1,550
ich vermisse dich tschechisch,4,de-de,1,1,550
ich vermisse dich und du fehlst mir,7,de-de,1,1,550
ich vermisse dich whatsapp bilder,5,de-de,1,1,550
que veut dire ich vermisse dich,6,de-de,1,1,550
yeah ich vermisse dich auch là gì,7,de-de,1,1,550
aun te echo de menos jose jose,7,es-es,1,1,550
bruno king te echo de menos,6,es-es,1,1,550
hoy te echo de menos alex ubago letra,8,es-es,1,1,550
te echo de menos abraham mateo y ana mena,9,es-es,1,1,550
te echo de menos buenas noches,6,es-es,1,1,550
te echo de menos cancion saez letra,7,es-es,1,1,550
te echo de menos drama chino,6,es-es,1,1,550
te echo de menos en coreano,6,es-es,1,1,550
te echo de menos giovanny ayala,6,es-es,1,1,550
te echo de menos hermosa,5,es-es,1,1,550
te echo de menos letra brock,6,es-es,1,1,550
te echo de menos mucho,5,es-es,1,1,550
te echo de menos netflix sinopsis,6,es-es,1,1,550
te echo de menos o te hecho de menso,9,es-es,1,1,550
te echo de menos perales,5,es-es,1,1,550
te echo de menos rotten tomatoes,6,es-es,1,1,550
te echo de menos spoiler,5,es-es,1,1,550
te echo de menos verano,5,es-es,1,1,550
te echo tanto de menos en ingles,7,es-es,1,1,550
te echo tanto de menos frases,6,es-es,1,1,550
te extraño amor de mi vida,6,es-es,1,1,550
te extraño bryartz,3,es-es,1,1,550
te extraño cuando la aurora comienza a dar colores,9,es-es,1,1,550
te extraño guayacan,3,es-es,1,1,550
te extraño jefa,3,es-es,1,1,550
te extraño mucho en italiano,5,es-es,1,1,550
te extraño rock,3,es-es,1,1,550
where does te echo de menos come from,8,es-es,1,1,550
paroles tu me manques jok'air,5,fr-fr,1,1,550
quand même tu me manques,5,fr-fr,1,1,550
tu me manques allo zane,5,fr-fr,1,1,550
tu me manques aussi mon amour,6,fr-fr,1,1,550
tu me manques avec un s,6,fr-fr,1,1,550
tu me manques bb,4,fr-fr,1,1,550
tu me manques cruellement,4,fr-fr,1,1,550
tu me manques déjà mon amour,6,fr-fr,1,1,550
tu me manques en créole réunionnais,6,fr-fr,1,1,550
tu me manques en kikongo,5,fr-fr,1,1,550
tu me manques frère en anglais,6,fr-fr,1,1,550
tu me manques grave mon amour,6,fr-fr,1,1,550
tu me manques harlan coben casting,6,fr-fr,1,1,550
tu me manques lettre d amour,6,fr-fr,1,1,550
tu me manques maman paroles,5,fr-fr,1,1,550
tu me manques non,4,fr-fr,1,1,550
tu me manques on repond quoi,6,fr-fr,1,1,550
tu me manques parents guide,5,fr-fr,1,1,550
tu me manques plus que jamais,6,fr-fr,1,1,550
tu me manques pourtant tu es là signification,8,fr-fr,1,1,550
tu me manques russe,4,fr-fr,1,1,550
tu me manques sms pour elle,6,fr-fr,1,1,550
tu me manques tout le temps,6,fr-fr,1,1,550
tu me manques viscéralement,4,fr-fr,1,1,550
what does it mean tu me manques,7,fr-fr,1,1,550
youtube gregoire tu me manques,5,fr-fr,1,1,550
هنرپیشههای bisous tu me manques 2026,6,fr-fr,1,1,550
miss you baby aerosmith,4,gb-en,1,1,550
miss you conan gray,4,gb-en,1,1,550
miss you emoji whatsapp,4,gb-en,1,1,550
miss you forever meaning in urdu,6,gb-en,1,1,550
miss you funny quotes,4,gb-en,1,1,550
miss you lyrics blink-182 meaning,5,gb-en,1,1,550
miss you mum poem,4,gb-en,1,1,550
miss you nights cliff richard lyrics,6,gb-en,1,1,550
miss you oliver tree roblox id,6,gb-en,1,1,550
miss you too in french,5,gb-en,1,1,550
miss you westlife,3,gb-en,1,1,550
miss you y'all,3,gb-en,1,1,550
aku juga rindu kamu in english,6,id-id,1,1,550
aku kangen kamu bahasa cina,5,id-id,1,1,550
aku kangen kamu bahasa makassar,5,id-id,1,1,550
aku kangen kamu bahasa pakistan,5,id-id,1,1,550
aku kangen kamu bahasa rusia,5,id-id,1,1,550
aku kangen kamu bahasa vietnam,5,id-id,1,1,550
aku kangen kamu dalam bahasa inggris,6,id-id,1,1,550
aku kangen kamu setiap hari,5,id-id,1,1,550
aku kangen kamu tony q chord,6,id-id,1,1,550
aku rindu kamu bahasa kantonis,5,id-id,1,1,550
aku rindu kamu bahasa mandarinnya,5,id-id,1,1,550
aku rindu kamu dalam bahasa india,6,id-id,1,1,550
aku rindu kamu suamiku,4,id-id,1,1,550
ayang aku rindu kamu ingin,5,id-id,1,1,550
bahasa inggris ya aku rindu kamu,6,id-id,1,1,550
chord kangen kamu glenn fredly,5,id-id,1,1,550
chord rindu aku rindu kamu reggae,6,id-id,1,1,550
dj rindu aku rindu kamu jadi satu zein fvnky,9,id-id,1,1,550
genre lagu rindu aku rindu kamu,6,id-id,1,1,550
kami kangen kamu bahasa inggris,5,id-id,1,1,550
kamu gak kangen,3,id-id,1,1,550
kamu kangen aku bahasa jepang,5,id-id,1,1,550
kamu kangen aku ga bahasa inggrisnya,6,id-id,1,1,550
kangen kamu bahasa spanyol,4,id-id,1,1,550
kangen kamu bahasa turki,4,id-id,1,1,550
kangen kamu meaning in english,5,id-id,1,1,550
om himawan rindu aku rindu kamu lirik,7,id-id,1,1,550
rindu aku hanya rindu kamu,5,id-id,1,1,550
rindu aku rindu kamu cinta kita chord,7,id-id,1,1,550
rindu aku rindu kamu jadi satu full lirik,8,id-id,1,1,550
rindu aku rindu kamu jadi satu lirik chord,8,id-id,1,1,550
rindu aku rindu kamu liriknya,5,id-id,1,1,550
rindu aku rindu kamu penyanyi,5,id-id,1,1,550
sesungguhnya aku kangen kamu lagu,5,id-id,1,1,550
ungkapan aku rindu kamu dalam bahasa inggris,7,id-id,1,1,550
velocity rindu aku rindu kamu jadi satu,7,id-id,1,1,550
i miss you a lot meaning,6,in-en,1,1,550
i miss you both of you meaning in hindi,9,in-en,1,1,550
i miss you copy,4,in-en,1,1,550
i miss you dad quotes,5,in-en,1,1,550
i miss you every single day,6,in-en,1,1,550
i miss you flower,4,in-en,1,1,550
i miss you for the rest of my life chords,10,in-en,1,1,550
i miss you grandma rest in peace,7,in-en,1,1,550
i miss you hindi songs,5,in-en,1,1,550
i miss you in malayalam meaning,6,in-en,1,1,550
i miss you ka short form,6,in-en,1,1,550
i miss you like hell,5,in-en,1,1,550
i miss you mummy,4,in-en,1,1,550
i miss you notification tone download,6,in-en,1,1,550
i miss you other term,5,in-en,1,1,550
i miss you ronaldo,4,in-en,1,1,550
i miss you so much meaning,6,in-en,1,1,550
i miss you teacher,4,in-en,1,1,550
i miss you very much meaning in bengali,8,in-en,1,1,550
i miss you whatsapp dp,5,in-en,1,1,550
i miss you yesterday,4,in-en,1,1,550
miss you beta,3,in-en,1,1,550
miss you code number,4,in-en,1,1,550
miss you dada,3,in-en,1,1,550
miss you friendship quotes,4,in-en,1,1,550
miss you guys in hindi,5,in-en,1,1,550
miss you husband shayari in hindi,6,in-en,1,1,550
miss you jaan nickname,4,in-en,1,1,550
miss you ka reply kaise de,6,in-en,1,1,550
miss you mama,3,in-en,1,1,550
miss you note for instagram,5,in-en,1,1,550
miss you sister quotes in kannada,6,in-en,1,1,550
miss you vip name,4,in-en,1,1,550
when i miss you meme,5,in-en,1,1,550
how much im missing you quotes,6,in-hi,1,1,550
i can't lie i miss you much,7,in-hi,1,1,550
i miss you without m e,6,in-hi,1,1,550
i miss you you quotes,5,in-hi,1,1,550
is miss you traducir,4,in-hi,1,1,550
miss u quotes whatsapp status,5,in-hi,1,1,550
miss with you meaning in hindi,6,in-hi,1,1,550
miss you ajoba quotes in marathi for instagram,8,in-hi,1,1,550
miss you appaji quotes,4,in-hi,1,1,550
miss you both quotes,4,in-hi,1,1,550
miss you card maker,4,in-hi,1,1,550
miss you cricket quotes,4,in-hi,1,1,550
miss you dadaji quotes,4,in-hi,1,1,550
miss you free tempo,4,in-hi,1,1,550
miss you ganpati bappa visarjan quotes marathi,7,in-hi,1,1,550
miss you grandmother quotes in english,6,in-hi,1,1,550
miss you husband quotes in hindi,6,in-hi,1,1,550
miss you ke liye emoji,5,in-hi,1,1,550
miss you kiddos quotes,4,in-hi,1,1,550
miss you lot quotes in english,6,in-hi,1,1,550
miss you love you 2026 where to watch,8,in-hi,1,1,550
miss you mavshi quotes in marathi text,7,in-hi,1,1,550
miss you nana quotes in english,6,in-hi,1,1,550
miss you nanu quotes,4,in-hi,1,1,550
miss you order,3,in-hi,1,1,550
miss you partner quotes,4,in-hi,1,1,550
miss you quotes for best friend in marathi,8,in-hi,1,1,550
miss you quotes for long distance relationship,7,in-hi,1,1,550
miss you quotes for love long distance relationship,8,in-hi,1,1,550
miss you quotes for one sided love,7,in-hi,1,1,550
miss you quotes in english for boyfriend,7,in-hi,1,1,550
miss you quotes in urdu text in english,8,in-hi,1,1,550
miss you quotes to sister,5,in-hi,1,1,550
miss you rip quotes for loved ones,7,in-hi,1,1,550
miss you sister quotes in marathi,6,in-hi,1,1,550
miss you xxl artinya,4,in-hi,1,1,550
miss you znacenje,3,in-hi,1,1,550
what is miss you in telugu,6,in-hi,1,1,550
when i miss u quotes,5,in-hi,1,1,550
when you miss meaning in urdu,6,in-hi,1,1,550
who song miss you,4,in-hi,1,1,550
why i am missing you quotes,6,in-hi,1,1,550
मिस यू कोट्स,3,in-hi,1,1,550
मिस यू जान,3,in-hi,1,1,550
मिस यू पापा,3,in-hi,1,1,550
मिस यू भाई,3,in-hi,1,1,550
मिस यू शायरी,3,in-hi,1,1,550
mi manchi anche quando sei con me jovanotti,8,it-it,1,1,550
mi manchi anche tu,4,it-it,1,1,550
mi manchi brano,3,it-it,1,1,550
mi manchi come l'aria canzone,5,it-it,1,1,550
mi manchi detto da un uomo,6,it-it,1,1,550
mi manchi e potrei cercare un altro ma m ingannerei,10,it-it,1,1,550
mi manchi frase,3,it-it,1,1,550
mi manchi gif divertenti,4,it-it,1,1,550
mi manchi in russo,4,it-it,1,1,550
mi manchi jelentése magyarul,4,it-it,1,1,550
mi manchi leali autori,4,it-it,1,1,550
mi manchi mi manca tutto di te,7,it-it,1,1,550
mi manchi napoletano,3,it-it,1,1,550
mi manchi ora l ho detto lo sapevi gia,9,it-it,1,1,550
mi manchi paky karaoke,4,it-it,1,1,550
mi manchi paky significato,4,it-it,1,1,550
mi manchi risposta,3,it-it,1,1,550
mi manchi tanto co to znaczy,6,it-it,1,1,550
mi manchi troppo,3,it-it,1,1,550
mi manchi una balena libro,5,it-it,1,1,550
mi manchi vecchioni live,4,it-it,1,1,550
what means mi manchi,4,it-it,1,1,550
www mi manchi tu,4,it-it,1,1,550
youtube mi manchi tanto alunni del sole,7,it-it,1,1,550
red velvet 会いたい,3,jp-ja,1,1,550
会いたい ciel 歌詞,3,jp-ja,1,1,550
会いたい deep 歌詞,3,jp-ja,1,1,550
会いたい in tagalog,3,jp-ja,1,1,550
会いたい là gì,3,jp-ja,1,1,550
会いたい nghĩa là gì,4,jp-ja,1,1,550
会いたい カバー,2,jp-ja,1,1,550
会いたい スラング,2,jp-ja,1,1,550
会いたい ミーム,2,jp-ja,1,1,550
会いたい 伝える,2,jp-ja,1,1,550
会いたい 刃牙,2,jp-ja,1,1,550
会いたい 原曲,2,jp-ja,1,1,550
会いたい 山崎朋子 曲ができた背景,3,jp-ja,1,1,550
会いたい 歌 沢田知可子,3,jp-ja,1,1,550
会いたい 私ばかり,2,jp-ja,1,1,550
会いたい 翻訳,2,jp-ja,1,1,550
会いたい 英語 略語,3,jp-ja,1,1,550
会いたい 言われる,2,jp-ja,1,1,550
会いたい 連絡したい,2,jp-ja,1,1,550
会いたい 音楽,2,jp-ja,1,1,550
会いたいな,1,jp-ja,1,1,550
逢いたい 会いたい 意味,3,jp-ja,1,1,550
bts 보고싶다 歌詞,3,kr-ko,1,1,550
que significa 보고싶다,3,kr-ko,1,1,550
tei 보고싶다 (죠스가 나타났다),4,kr-ko,1,1,550
various artists 보고싶다 (김범수),4,kr-ko,1,1,550
나도 보고싶다 meaning,3,kr-ko,1,1,550
니부모 얼굴이 보고싶다 pdf,4,kr-ko,1,1,550
보고 싶다 spring day,4,kr-ko,1,1,550
보고싶다 예쁜그대 돌아오라,3,kr-ko,1,1,550
빨리 보고싶다 in english,4,kr-ko,1,1,550
te extraño a ti,4,mx-es,1,1,550
te extraño buenas noches,4,mx-es,1,1,550
te extraño cada dia mas los temerarios letra,8,mx-es,1,1,550
te extraño de la manera mas callada,7,mx-es,1,1,550
te extraño feid letra,4,mx-es,1,1,550
te extraño gaspi,3,mx-es,1,1,550
te extraño harto,3,mx-es,1,1,550
te extraño lleva acento,4,mx-es,1,1,550
te extraño mas en ingles,5,mx-es,1,1,550
te extraño pero prefiero no molestarte,6,mx-es,1,1,550
te extraño sofia,3,mx-es,1,1,550
te extraño tanto y ya no estas,7,mx-es,1,1,550
te extraño y te amo en ingles,7,mx-es,1,1,550
ik mis je al,4,nl-nl,1,1,550
ik mis je berbers,4,nl-nl,1,1,550
ik mis je cho songtekst,5,nl-nl,1,1,550
ik mis je enorm,4,nl-nl,1,1,550
ik mis je gillian king,5,nl-nl,1,1,550
ik mis je heel erg turks,6,nl-nl,1,1,550
ik mis je ik gris je,6,nl-nl,1,1,550
ik mis je in darija,5,nl-nl,1,1,550
ik mis je koreaans,4,nl-nl,1,1,550
ik mis je lieverd gif,5,nl-nl,1,1,550
ik mis je marielle,4,nl-nl,1,1,550
ik mis je meer en meer udo,7,nl-nl,1,1,550
ik mis je niet,4,nl-nl,1,1,550
ik mis je of jou,5,nl-nl,1,1,550
ik mis je ook spaans,5,nl-nl,1,1,550
ik mis je papa afbeeldingen,5,nl-nl,1,1,550
ik mis je rick en judith welke aflevering,8,nl-nl,1,1,550
ik mis je seizoen 8,5,nl-nl,1,1,550
ik mis je tekening,4,nl-nl,1,1,550
ik mis je vertaling engels,5,nl-nl,1,1,550
ik mis je warmte gedicht,5,nl-nl,1,1,550
ik mis je zo erg dat het pijn doet,9,nl-nl,1,1,550
maaike ouboter dat ik je mis beste singer songwriter,9,nl-nl,1,1,550
que significa ik mis je,5,nl-nl,1,1,550
suzan en freek ik mis je elke dag nog,9,nl-nl,1,1,550
youtube muziek ik mis je,5,nl-nl,1,1,550
miss kindergarten book,3,ph-en,1,1,550
miss kindergarten love tpt,4,ph-en,1,1,550
miss kindergarten shapes,3,ph-en,1,1,550
miss kita kung christmas sarah geronimo,6,ph-en,1,1,550
miss kita kung christmas susan fuentes,6,ph-en,1,1,550
miss kita platinum number karaoke,5,ph-en,1,1,550
miss na din kita in english,6,ph-en,1,1,550
miss na kita agad in english,6,ph-en,1,1,550
miss na kita baby hindi,5,ph-en,1,1,550
miss na kita exb lyrics,5,ph-en,1,1,550
miss na kita in english,5,ph-en,1,1,550
miss na kita in waray,5,ph-en,1,1,550
miss na kita j brothers,5,ph-en,1,1,550
miss na kita mahal ko,5,ph-en,1,1,550
miss na kita male version,5,ph-en,1,1,550
miss na kita still one,5,ph-en,1,1,550
miss na kita translate in english,6,ph-en,1,1,550
miss na rin kita in bisaya,6,ph-en,1,1,550
miss you kita balas apa,5,ph-en,1,1,550
bardzo tęsknię gify tesknie za toba,6,pl-pl,1,1,550
bardzo tęsknię za tobą szymborska,5,pl-pl,1,1,550
harlan coben książki tesknie za toba,6,pl-pl,1,1,550
jak bardzo za tobą tęsknię lisowski,6,pl-pl,1,1,550
kocham cię i tęsknię za tobą wiersze,7,pl-pl,1,1,550
piosenka tęsknię za tobą wakacyjny sen,6,pl-pl,1,1,550
tak bardzo za tobą tęsknię in english,7,pl-pl,1,1,550
tesknie a toba,3,pl-pl,1,1,550
tesknie za toba caly film,5,pl-pl,1,1,550
tesknie za toba co odpisac,5,pl-pl,1,1,550
tesknie za toba kochanie sms,5,pl-pl,1,1,550
tęsknię za tobą miniserial opinie,5,pl-pl,1,1,550
tesknie za toba po pozegnaniu dubbing,6,pl-pl,1,1,550
tesknie za toba po pozegnaniu reelshort,6,pl-pl,1,1,550
tęsknię za tobą skarbie tekst,5,pl-pl,1,1,550
verba tęsknię za tobą tekst,5,pl-pl,1,1,550
virtual music kochanie tęsknię za tobą,6,pl-pl,1,1,550
witek muzyk ulicy tęsknię za tobą tekst,7,pl-pl,1,1,550
young policja tesknie za toba tekst,6,pl-pl,1,1,550
valeriy realist я скучаю по тебе,6,ru-ru,1,1,550
what does я скучаю по тебе mean in english,9,ru-ru,1,1,550
митяев я скучаю по тебе текст,6,ru-ru,1,1,550
скучаю по тебе или по вас,6,ru-ru,1,1,550
скучаю по тебе корейский сериал,5,ru-ru,1,1,550
скучаю по тебе люцифер,4,ru-ru,1,1,550
скучаю по тебе мое солнышко,5,ru-ru,1,1,550
скучаю по тебе на украинском,5,ru-ru,1,1,550
скучаю по тебе подруга,4,ru-ru,1,1,550
скучаю по тебе тестостерон слушать,5,ru-ru,1,1,550
уже скучаю по тебе онлайн,5,ru-ru,1,1,550
я скучаю по тебе là gì,6,ru-ru,1,1,550
я скучаю по тебе англ,5,ru-ru,1,1,550
я так скучаю по тебе ost,6,ru-ru,1,1,550
اشتقت إليك يا حبيبي meaning,5,sa-ar,1,1,550
اشتقت اليك translate in english,5,sa-ar,1,1,550
اشتقت اليك فعلمني الا اشتاق نزار,6,sa-ar,1,1,550
japonca seni özledim nasıl yazılır,5,tr-tr,1,1,550
özledim seni bugün sebep yokken,5,tr-tr,1,1,550
özledim seni emre sertkaya sözleri,5,tr-tr,1,1,550
özledim seni geldim görmeye,4,tr-tr,1,1,550
özledim seni harbiden duman,4,tr-tr,1,1,550
özledim seni yar,3,tr-tr,1,1,550
seni çok özledim aşkım,4,tr-tr,1,1,550
seni cok ozledim demek istiyorum,5,tr-tr,1,1,550
seni çok özledim sözleri,4,tr-tr,1,1,550
seni nasil ozledim muslum indir,5,tr-tr,1,1,550
seni nasıl özledim,3,tr-tr,1,1,550
seni özledim diyene ne cevap verilir,6,tr-tr,1,1,550
seni özledim diyorsam bil diye değil gel diye,8,tr-tr,1,1,550
seni özledim kadar,3,tr-tr,1,1,550
seni özledim meaning in urdu,5,tr-tr,1,1,550
seni özledim sel oldu bu gözlerim,6,tr-tr,1,1,550
sonra seni özledim filmi,4,tr-tr,1,1,550
vedadan sonra seni özledim part 7,6,tr-tr,1,1,550
zazaca seni özledim nasıl yazılır,5,tr-tr,1,1,550
i miss you aaron hall lyrics,6,us-en,1,1,550
i miss you by klymaxx,5,us-en,1,1,550
i miss you cute gif,5,us-en,1,1,550
i miss you dmx,4,us-en,1,1,550
i miss you endlessly,4,us-en,1,1,550
i miss you funny quotes,5,us-en,1,1,550
i miss you going back to the west coast,9,us-en,1,1,550
i miss you haitian creole,5,us-en,1,1,550
i miss you in spanish translation,6,us-en,1,1,550
i miss you jesus,4,us-en,1,1,550
i miss you kodak,4,us-en,1,1,550
i miss you like quotes funny,6,us-en,1,1,550
i miss you mom jelly roll,6,us-en,1,1,550
i miss you on netflix,5,us-en,1,1,550
i miss you printable free,5,us-en,1,1,550
i miss you quite terribly,5,us-en,1,1,550
i miss you right now,5,us-en,1,1,550
i miss you unud,4,us-en,1,1,550
i miss you very much in chinese,7,us-en,1,1,550
i miss you when i see you,7,us-en,1,1,550
miss you already meme,4,us-en,1,1,550
miss you bonus track,4,us-en,1,1,550
miss you cat,3,us-en,1,1,550
miss you ford chupik,4,us-en,1,1,550
miss you friend in spanish,5,us-en,1,1,550
miss you here chords,4,us-en,1,1,550
miss you john summit,4,us-en,1,1,550
miss you live you,4,us-en,1,1,550
miss you more alex warren,5,us-en,1,1,550
miss you nightcore,3,us-en,1,1,550
miss you or missed you,5,us-en,1,1,550
miss you penguin gif,4,us-en,1,1,550
miss you quotes for daughter from mother,7,us-en,1,1,550
miss you rhymes,3,us-en,1,1,550
miss you stones lyrics,4,us-en,1,1,550
miss you to pieces,4,us-en,1,1,550
miss you very much in spanish,6,us-en,1,1,550
miss you work meme,4,us-en,1,1,550
say i miss you without sounding needy,7,us-en,1,1,550
will i miss you meaning,5,us-en,1,1,550
