suggestion,words,prefix_hits,relevance,seed_runs
wishes for raksha bandhan to brother,6,9,600,raksha-bandhan-wishes-en
raksha bandhan wishes for brother,5,8,1254,raksha-bandhan-en | raksha-bandhan-wishes-en | rb-hi
raksha bandhan kab hai,4,8,1250,raksha-bandhan-en | rb-hi
raksha bandhan wishes in hindi,5,7,1252,raksha-bandhan-en | raksha-bandhan-wishes-en | rb-hi
raksha bandhan wishes for sister,5,7,1251,raksha-bandhan-en | raksha-bandhan-wishes-en | rb-hi
raksha bandhan 2026 date,4,7,652,raksha-bandhan-en | raksha-bandhan-wishes-en | rb-hi
raksha bandhan date,3,6,1255,raksha-bandhan-en | rb-hi
raksha bandhan drawing,3,6,1254,raksha-bandhan-en | rb-hi
raksha bandhan movie,3,6,1253,raksha-bandhan-en | rb-hi
raksha bandhan in 2026,4,6,1251,raksha-bandhan-en | rb-hi
raksha bandhan in hindi,4,6,1250,raksha-bandhan-en | rb-hi
rakhi for brother with chocolate,5,6,1150,rakhi-for-brother-en
raksha bandhan kab hai 2026,5,6,1150,raksha-bandhan-en | rb-hi
rakhi for brother simple,4,6,1000,rakhi-for-brother-en
raksha bandhan in english,4,6,950,raksha-bandhan-en | rb-hi
raksha bandhan 2026 muhurat,4,6,650,raksha-bandhan-en | rb-hi
raksha bandhan 2026 date and time,6,6,601,raksha-bandhan-en | rb-hi
rakhi ideas for brother,4,6,600,rakhi-for-brother-en
raksha bandhan in 2025,4,6,558,raksha-bandhan-en | rb-hi
rakhi gift ideas for brother,5,6,556,rakhi-for-brother-en
raksha bandhan gift,3,5,1255,raksha-bandhan-en | rb-hi
raksha bandhan gift for sister,5,5,1254,raksha-bandhan-en | rb-hi
rakhi for brother and bhabhi,5,5,1251,rakhi-for-brother-en
raksha bandhan wishes in marathi,5,5,1251,raksha-bandhan-wishes-en
rakhi for brother with gifts,5,5,1250,rakhi-for-brother-en
raksha bandhan 2026,3,5,1250,raksha-bandhan-en | raksha-bandhan-wishes-en | rb-hi
rakhi for brother and sister,5,5,950,rakhi-for-brother-en
raksha bandhan in 2027,4,5,601,raksha-bandhan-en | rb-hi
why sister tie rakhi to brother,6,5,600,rakhi-for-brother-en
rakhi words for brother,4,5,557,rakhi-for-brother-en
raksha bandhan in august 2026,5,5,556,raksha-bandhan-en | rb-hi
raksha bandhan 2027,3,5,555,raksha-bandhan-en | raksha-bandhan-wishes-en | rb-hi
raksha bandhan par nibandh,4,4,1258,raksha-bandhan-en | rb-hi
raksha bandhan free bus service 2026,6,4,1254,raksha-bandhan-en | rb-hi
raksha bandhan drawing easy,4,4,1253,raksha-bandhan-en | rb-hi
raksha bandhan free bus service 2026 in up,8,4,1253,raksha-bandhan-en | rb-hi
raksha bandhan for kids,4,4,1252,raksha-bandhan-en | rb-hi
raksha bandhan free bus seva,5,4,1252,raksha-bandhan-en | rb-hi
rakhi kab hai,3,4,1251,rakhi-en
raksha bandhan best gift for sister,6,4,1251,raksha-bandhan-en | rb-hi
rakhi for brother bracelet,4,4,1250,rakhi-for-brother-en
raksha bandhan wishes for sister in hindi,7,4,1100,raksha-bandhan-wishes-en
raksha bandhan wishes for brother in hindi,7,4,1050,raksha-bandhan-wishes-en
raksha bandhan ke tarikh ka hai,6,4,951,raksha-bandhan-en | rb-hi
raksha bandhan in 2026 date,5,4,900,raksha-bandhan-en | rb-hi
raksha bandhan wishes for long distance brother,7,4,852,raksha-bandhan-wishes-en
raksha bandhan wishes for brother in gujarati,7,4,851,raksha-bandhan-wishes-en
raksha bandhan 2026 school holiday dates,6,4,651,raksha-bandhan-en | rb-hi
raksha bandhan wishes for brother in kannada,7,4,650,raksha-bandhan-wishes-en
rakhi for brother and bhabhi with gift,7,4,601,rakhi-for-brother-en
rakhi for brother with name,5,4,601,rakhi-for-brother-en
raksha bandhan wishes for brother in english,7,4,601,raksha-bandhan-wishes-en
raksha bandhan wishes with name,5,4,600,raksha-bandhan-wishes-en
which raksha bandhan day,4,4,562,raksha-bandhan-en | rb-hi
which raksha bandhan in 2026,5,4,561,raksha-bandhan-en | rb-hi
raksha bandhan 2025,3,4,560,raksha-bandhan-en | rb-hi
rakhi for brother with gift hamper,6,4,559,rakhi-for-brother-en
raksha bandhan wishes for soldiers,5,4,559,raksha-bandhan-wishes-en
rakhi for brother with mug,5,4,557,rakhi-for-brother-en
raksha bandhan wishes maker,4,4,557,raksha-bandhan-en | raksha-bandhan-wishes-en | rb-hi
rakhi for brother with photo,5,4,556,rakhi-for-brother-en
rakhi making,2,3,1259,rakhi-en
rakhi making ideas,3,3,1258,rakhi-en
rakhi making competition,3,3,1257,rakhi-en
rakhi date,2,3,1255,rakhi-en
rakhi drawing,2,3,1254,rakhi-en
rakhi gifts,2,3,1253,rakhi-en
rakhi gift for sister,4,3,1252,rakhi-en
raksha bandhan images,3,3,1252,raksha-bandhan-en | rb-hi
rakhi for brother under 100,5,3,1251,rakhi-for-brother-en
rakhi online,2,3,1251,rakhi-en
rakhi purnima 2026,3,3,1251,rakhi-en
raksha bandhan 2027 date,4,3,1251,raksha-bandhan-en | raksha-bandhan-wishes-en | rb-hi
rakhi for brother amazon,4,3,1250,rakhi-for-brother-en
rakhi for brother combo,4,3,1250,rakhi-for-brother-en
rakhi for brother flipkart,4,3,1250,rakhi-for-brother-en
rakhi for brother kids,4,3,1250,rakhi-for-brother-en
rakhi for brother unique,4,3,1250,rakhi-for-brother-en
rakhi sawant,2,3,1250,rakhi-en
raksha bandhan wishes images,4,3,1250,raksha-bandhan-wishes-en
which rakhi is best for brother,6,3,1250,rakhi-en | rakhi-for-brother-en
rakhi for brother myntra,4,3,1201,rakhi-for-brother-en
raksha bandhan wishes in gujarati,5,3,1100,raksha-bandhan-wishes-en
rakhi for brother silver,4,3,1001,rakhi-for-brother-en
raksha bandhan kis tarikh ko hai,6,3,950,raksha-bandhan-en | rb-hi
raksha bandhan wishes in english,5,3,900,raksha-bandhan-wishes-en
raksha bandhan wishes for bhaiya and bhabhi in english,9,3,850,raksha-bandhan-wishes-en
rakhi 2026 date,3,3,800,rakhi-en
rakhi for brother set of 12,6,3,650,rakhi-for-brother-en
rakhi for brother with sweets,5,3,650,rakhi-for-brother-en
rakhi raksha bandhan,3,3,603,rakhi-en | rb-hi
rakhi for brother fast delivery,5,3,601,rakhi-for-brother-en
rakhi for brother on raksha bandhan,6,3,601,rakhi-for-brother-en
rakhi for brother photo,4,3,601,rakhi-for-brother-en
rakhi without brother quotes,4,3,601,rakhi-en | rakhi-for-brother-en
raksha bandhan greetings online free,5,3,601,raksha-bandhan-wishes-en
raksha bandhan wishes for cousin brother,6,3,601,raksha-bandhan-wishes-en
what raksha bandhan meaning,4,3,601,raksha-bandhan-en | rb-hi
which raksha bandhan date,4,3,601,raksha-bandhan-en | rb-hi
rakhi for brother and sister in law,7,3,600,rakhi-for-brother-en
rakhi for brother in law,5,3,600,rakhi-for-brother-en
rakhi for brother with gift set,6,3,600,rakhi-for-brother-en
raksha bandhan best wishes for brother,6,3,600,raksha-bandhan-en | raksha-bandhan-wishes-en | rb-hi
what raksha bandhan 2025,4,3,600,raksha-bandhan-en | rb-hi
which raksha bandhan in 2025,5,3,600,raksha-bandhan-en | rb-hi
raksha bandhan wishes link,4,3,559,raksha-bandhan-wishes-en
rakhi for brother abroad,4,3,558,rakhi-for-brother-en
rakhi for brother and bhabhi with chocolate,7,3,558,rakhi-for-brother-en
rakhi for brother with hamper,5,3,558,rakhi-for-brother-en
raksha bandhan 2026 mein kab hai,6,3,558,raksha-bandhan-en | rb-hi
rakhi for brother and bhabhi with sweets,7,3,557,rakhi-for-brother-en
raksha bandhan in india,4,3,557,raksha-bandhan-en | rb-hi
rakhi for brother name,4,3,556,rakhi-for-brother-en
raksha bandhan online greetings,4,3,556,raksha-bandhan-en | raksha-bandhan-wishes-en | rb-hi
what is raksha bandhan in hindi,6,3,556,raksha-bandhan-en | raksha-bandhan-wishes-en | rb-hi
rakhi for brother big,4,3,555,rakhi-for-brother-en
rakhi messages for brother who is far away,8,3,555,rakhi-for-brother-en
raksha bandhan 2026 date in india,6,3,554,raksha-bandhan-en | raksha-bandhan-wishes-en | rb-hi
raksha bandhan wishes for brother and bhabhi,7,3,554,raksha-bandhan-wishes-en
rakhi for brother from amazon,5,3,553,rakhi-for-brother-en
raksha bandhan 2027 date and time,6,3,553,raksha-bandhan-en | raksha-bandhan-wishes-en | rb-hi
raksha bandhan par,3,2,1257,raksha-bandhan-en | rb-hi
raksha bandhan poster,3,2,1256,raksha-bandhan-en | rb-hi
raksha bandhan song,3,2,1256,raksha-bandhan-en | rb-hi
raksha bandhan card,3,2,1255,raksha-bandhan-en | rb-hi
raksha bandhan holiday,3,2,1255,raksha-bandhan-en | rb-hi
raksha bandhan photo,3,2,1255,raksha-bandhan-en | rb-hi
raksha bandhan special,3,2,1255,raksha-bandhan-en | rb-hi
raksha bandhan timing,3,2,1255,raksha-bandhan-en | rb-hi
raksha bandhan wishes,3,2,1255,raksha-bandhan-en | rb-hi
raksha bandhan board decoration,4,2,1254,raksha-bandhan-en | rb-hi
raksha bandhan celebration,3,2,1254,raksha-bandhan-en | rb-hi
raksha bandhan hamper,3,2,1254,raksha-bandhan-en | rb-hi
raksha bandhan shayari,3,2,1254,raksha-bandhan-en | rb-hi
raksha bandhan timing 2026,4,2,1254,raksha-bandhan-en | rb-hi
raksha bandhan background,3,2,1253,raksha-bandhan-en | rb-hi
raksha bandhan chart,3,2,1253,raksha-bandhan-en | rb-hi
raksha bandhan essay,3,2,1253,raksha-bandhan-en | rb-hi
raksha bandhan geet,3,2,1253,raksha-bandhan-en | rb-hi
raksha bandhan holiday 2026,4,2,1253,raksha-bandhan-en | rb-hi
raksha bandhan janmashtami,3,2,1253,raksha-bandhan-en | rb-hi
raksha bandhan png,3,2,1253,raksha-bandhan-en | rb-hi
raksha bandhan rakhi,3,2,1253,raksha-bandhan-en | rb-hi
raksha bandhan story,3,2,1253,raksha-bandhan-en | rb-hi
raksha bandhan thali,3,2,1253,raksha-bandhan-en | rb-hi
raksha bandhan when,3,2,1253,raksha-bandhan-en | rb-hi
rakhi for brother,3,2,1252,rakhi-en
rakhi in 2026,3,2,1252,rakhi-en
rakhi with gift,3,2,1252,rakhi-en
raksha bandhan board decoration ideas for school,7,2,1252,raksha-bandhan-en | rb-hi
raksha bandhan card making,4,2,1252,raksha-bandhan-en | rb-hi
raksha bandhan date 2026,4,2,1252,raksha-bandhan-en | rb-hi
raksha bandhan easy drawing,4,2,1252,raksha-bandhan-en | rb-hi
raksha bandhan gift for brother,5,2,1252,raksha-bandhan-en | rb-hi
raksha bandhan hindi,3,2,1252,raksha-bandhan-en | rb-hi
raksha bandhan muhurat,3,2,1252,raksha-bandhan-en | rb-hi
raksha bandhan par drawing,4,2,1252,raksha-bandhan-en | rb-hi
raksha bandhan raksha bandhan,4,2,1252,raksha-bandhan-en | rb-hi
raksha bandhan shubh muhurat,4,2,1252,raksha-bandhan-en | rb-hi
raksha bandhan thought,3,2,1252,raksha-bandhan-en | rb-hi
raksha bandhan which date,4,2,1252,raksha-bandhan-en | rb-hi
rakhi for kids,3,2,1251,rakhi-en
rakhi with sweets,3,2,1251,rakhi-en
raksha bandhan bank holiday,4,2,1251,raksha-bandhan-en | rb-hi
raksha bandhan card handmade,4,2,1251,raksha-bandhan-en | rb-hi
raksha bandhan drawing easy and beautiful,6,2,1251,raksha-bandhan-en | rb-hi
raksha bandhan essay in hindi,5,2,1251,raksha-bandhan-en | rb-hi
raksha bandhan festival,3,2,1251,raksha-bandhan-en | rb-hi
raksha bandhan for 2026,4,2,1251,raksha-bandhan-en | rb-hi
raksha bandhan free bus service 2025,6,2,1251,raksha-bandhan-en | rb-hi
raksha bandhan gift ideas,4,2,1251,raksha-bandhan-en | rb-hi
raksha bandhan history,3,2,1251,raksha-bandhan-en | rb-hi
raksha bandhan janmashtami kab hai,5,2,1251,raksha-bandhan-en | rb-hi
raksha bandhan look,3,2,1251,raksha-bandhan-en | rb-hi
raksha bandhan mehndi design,4,2,1251,raksha-bandhan-en | rb-hi
raksha bandhan nibandh,3,2,1251,raksha-bandhan-en | rb-hi
raksha bandhan offer,3,2,1251,raksha-bandhan-en | rb-hi
raksha bandhan poster drawing,4,2,1251,raksha-bandhan-en | rb-hi
raksha bandhan quotes,3,2,1251,raksha-bandhan-en | rb-hi
raksha bandhan rangoli,3,2,1251,raksha-bandhan-en | rb-hi
raksha bandhan special mehndi,4,2,1251,raksha-bandhan-en | rb-hi
raksha bandhan this year,4,2,1251,raksha-bandhan-en | rb-hi
raksha bandhan wishes to brother,5,2,1251,raksha-bandhan-wishes-en
how raksha bandhan started,4,2,1250,raksha-bandhan-en | rb-hi
is it raksha bandhan today,5,2,1250,raksha-bandhan-en | rb-hi
rakhi 2026,2,2,1250,rakhi-en
rakhi for brother online shopping,5,2,1250,rakhi-for-brother-en
rakhi for sister,3,2,1250,rakhi-en
rakhi kaise banaen,3,2,1250,rakhi-en
rakhi purnima 2026 date and time,6,2,1250,rakhi-en
rakhi with gift for brother,5,2,1250,rakhi-en
raksha bandhan 2027 date in india,6,2,1250,raksha-bandhan-en | rb-hi
raksha bandhan activity,3,2,1250,raksha-bandhan-en | rb-hi
raksha bandhan best gift,4,2,1250,raksha-bandhan-en | rb-hi
raksha bandhan bus free 2026,5,2,1250,raksha-bandhan-en | rb-hi
raksha bandhan craft,3,2,1250,raksha-bandhan-en | rb-hi
raksha bandhan drawing for kids,5,2,1250,raksha-bandhan-en | rb-hi
raksha bandhan essay in english,5,2,1250,raksha-bandhan-en | rb-hi
raksha bandhan film,3,2,1250,raksha-bandhan-en | rb-hi
raksha bandhan for brother,4,2,1250,raksha-bandhan-en | rb-hi
raksha bandhan freepik,3,2,1250,raksha-bandhan-en | rb-hi
raksha bandhan gana,3,2,1250,raksha-bandhan-en | rb-hi
raksha bandhan hai,3,2,1250,raksha-bandhan-en | rb-hi
raksha bandhan janmashtami 2026,4,2,1250,raksha-bandhan-en | rb-hi
raksha bandhan letter,3,2,1250,raksha-bandhan-en | rb-hi
raksha bandhan mehndi,3,2,1250,raksha-bandhan-en | rb-hi
raksha bandhan nibandh in hindi,5,2,1250,raksha-bandhan-en | rb-hi
raksha bandhan online shopping,4,2,1250,raksha-bandhan-en | rb-hi
raksha bandhan outfit,3,2,1250,raksha-bandhan-en | rb-hi
raksha bandhan par 10 lines,5,2,1250,raksha-bandhan-en | rb-hi
raksha bandhan quotes in marathi,5,2,1250,raksha-bandhan-en | rb-hi
raksha bandhan rakhi drawing,4,2,1250,raksha-bandhan-en | rb-hi
raksha bandhan shayari 2 line,5,2,1250,raksha-bandhan-en | rb-hi
raksha bandhan template free download,5,2,1250,raksha-bandhan-en | rb-hi
raksha bandhan tithi,3,2,1250,raksha-bandhan-en | rb-hi
raksha bandhan video,3,2,1250,raksha-bandhan-en | rb-hi
raksha bandhan wala gana,4,2,1250,raksha-bandhan-en | rb-hi
raksha bandhan wishes card,4,2,1250,raksha-bandhan-wishes-en
raksha bandhan yojana,3,2,1250,raksha-bandhan-en | rb-hi
when raksha bandhan 2026,4,2,1250,raksha-bandhan-en | rb-hi
why raksha bandhan is celebrated,5,2,1250,raksha-bandhan-en | rb-hi
raksha bandhan of 2026,4,2,1200,raksha-bandhan-en | rb-hi
raksha bandhan unique gift for sister,6,2,1200,raksha-bandhan-en | rb-hi
raksha bandhan ad kriti sanon,5,2,1151,raksha-bandhan-en | rb-hi
rakhi for bhabhi,3,2,1150,rakhi-en
raksha bandhan art,3,2,1150,raksha-bandhan-en | rb-hi
raksha bandhan pic,3,2,1150,raksha-bandhan-en | rb-hi
raksha bandhan reels,3,2,1150,raksha-bandhan-en | rb-hi
raksha bandhan leave,3,2,1101,raksha-bandhan-en | rb-hi
raksha bandhan drawing hard,4,2,1100,raksha-bandhan-en | rb-hi
raksha bandhan letter for brother,5,2,1100,raksha-bandhan-en | rb-hi
raksha bandhan outfit for women,5,2,1100,raksha-bandhan-en | rb-hi
raksha bandhan par shayari,4,2,1051,raksha-bandhan-en | rb-hi
how raksha bandhan is celebrated,5,2,1050,raksha-bandhan-en | rb-hi
raksha bandhan for sister,4,2,1050,raksha-bandhan-en | rb-hi
raksha bandhan free bus,4,2,1050,raksha-bandhan-en | rb-hi
raksha bandhan lines,3,2,1050,raksha-bandhan-en | rb-hi
raksha bandhan prompt,3,2,1050,raksha-bandhan-en | rb-hi
raksha bandhan august 2026,4,2,1001,raksha-bandhan-en | rb-hi
raksha bandhan mehndi design back hand,6,2,1001,raksha-bandhan-en | rb-hi
raksha bandhan activity for kids,5,2,1000,raksha-bandhan-en | rb-hi
raksha bandhan best time,4,2,1000,raksha-bandhan-en | rb-hi
raksha bandhan muhurat 2026,4,2,1000,raksha-bandhan-en | rb-hi
what raksha bandhan date,4,2,1000,raksha-bandhan-en | rb-hi
raksha bandhan appudu,3,2,901,raksha-bandhan-en | rb-hi
raksha bandhan application,3,2,900,raksha-bandhan-en | rb-hi
rakhi for brother on amazon,5,2,852,rakhi-for-brother-en
rakhi for brother in usa,5,2,851,rakhi-for-brother-en
rakhi for brother on meesho,5,2,851,rakhi-for-brother-en
rakhi for brother in flipkart,5,2,850,rakhi-for-brother-en
rakhi for brother on flipkart,5,2,850,rakhi-for-brother-en
raksha bandhan utsav,3,2,850,raksha-bandhan-en | rb-hi
which rakhi is best,4,2,850,rakhi-en | rakhi-for-brother-en
raksha bandhan spelling,3,2,807,raksha-bandhan-en | rb-hi
raksha bandhan speech,3,2,806,raksha-bandhan-en | rb-hi
raksha bandhan special mehndi design,5,2,805,raksha-bandhan-en | rb-hi
raksha bandhan special song,4,2,804,raksha-bandhan-en | rb-hi
raksha bandhan shayari in hindi,5,2,803,raksha-bandhan-en | rb-hi
raksha bandhan status,3,2,802,raksha-bandhan-en | rb-hi
raksha bandhan tarikh,3,2,802,raksha-bandhan-en | rb-hi
raksha bandhan easy,3,2,801,raksha-bandhan-en | rb-hi
raksha bandhan on which date,5,2,801,raksha-bandhan-en | rb-hi
raksha bandhan sale,3,2,801,raksha-bandhan-en | rb-hi
raksha bandhan tyohar,3,2,801,raksha-bandhan-en | rb-hi
raksha bandhan essay in hindi 150 words,7,2,800,raksha-bandhan-en | rb-hi
raksha bandhan july 2026,4,2,800,raksha-bandhan-en | rb-hi
raksha bandhan outfit ideas,4,2,800,raksha-bandhan-en | rb-hi
raksha bandhan post,3,2,800,raksha-bandhan-en | rb-hi
raksha bandhan tithi 2026,4,2,800,raksha-bandhan-en | rb-hi
rakhi in 2025,3,2,751,rakhi-en
rakhi online amazon,3,2,751,rakhi-en
rakhi in hindi,3,2,750,rakhi-en
rakhi online flipkart,3,2,750,rakhi-en
raksha bandhan decoration,3,2,750,raksha-bandhan-en | rb-hi
raksha bandhan gift ideas for sister,6,2,750,raksha-bandhan-en | rb-hi
raksha bandhan ott,3,2,750,raksha-bandhan-en | rb-hi
rakhi in 2026 date,4,2,702,rakhi-en
raksha bandhan form,3,2,702,raksha-bandhan-en | rb-hi
raksha bandhan hamper for brother,5,2,702,raksha-bandhan-en | rb-hi
rakhi for brother bracelet type,5,2,701,rakhi-for-brother-en
rakhi for brother in silver,5,2,701,rakhi-for-brother-en
rakhi in 2027,3,2,701,rakhi-en
raksha bandhan for gift sister,5,2,701,raksha-bandhan-en | rb-hi
raksha bandhan history in hindi,5,2,701,raksha-bandhan-en | rb-hi
raksha bandhan news,3,2,701,raksha-bandhan-en | rb-hi
raksha bandhan poster for school,5,2,701,raksha-bandhan-en | rb-hi
raksha bandhan useful gift for sister,6,2,701,raksha-bandhan-en | rb-hi
rakhi for bhaiya bhabhi,4,2,700,rakhi-en
rakhi for brother in meesho,5,2,700,rakhi-for-brother-en
rakhi in india,3,2,700,rakhi-en
rakhi with chocolate,3,2,700,rakhi-en
raksha bandhan for gift,4,2,700,raksha-bandhan-en | rb-hi
raksha bandhan hamper for sister,5,2,700,raksha-bandhan-en | rb-hi
raksha bandhan is holiday or not,6,2,700,raksha-bandhan-en | rb-hi
raksha bandhan nibandh in gujarati,5,2,700,raksha-bandhan-en | rb-hi
raksha bandhan unique drawing,4,2,700,raksha-bandhan-en | rb-hi
raksha bandhan live,3,2,652,raksha-bandhan-en | rb-hi
raksha bandhan letter for brother in marathi,7,2,651,raksha-bandhan-en | rb-hi
raksha bandhan video prompt,4,2,651,raksha-bandhan-en | rb-hi
rakhi for brother in canada,5,2,650,rakhi-for-brother-en
rakhi in august 2026,4,2,650,rakhi-en
raksha bandhan lines in english,5,2,650,raksha-bandhan-en | rb-hi
raksha bandhan vn code,4,2,650,raksha-bandhan-en | rb-hi
raksha bandhan august,3,2,605,raksha-bandhan-en | rb-hi
raksha bandhan ads,3,2,604,raksha-bandhan-en | rb-hi
raksha bandhan and janmashtami 2026,5,2,603,raksha-bandhan-en | rb-hi
raksha bandhan akshay kumar movie,5,2,602,raksha-bandhan-en | rb-hi
raksha bandhan jewellery,3,2,602,raksha-bandhan-en | rb-hi
raksha bandhan kitni tarikh ki hai,6,2,602,raksha-bandhan-en | rb-hi
raksha bandhan logo,3,2,602,raksha-bandhan-en | rb-hi
raksha bandhan online gift,4,2,602,raksha-bandhan-en | rb-hi
raksha bandhan unique rakhi,4,2,602,raksha-bandhan-en | rb-hi
how raksha bandhan date,4,2,601,raksha-bandhan-en | rb-hi
rakhi card for brother online free,6,2,601,rakhi-for-brother-en
rakhi for bhai,3,2,601,rakhi-en
rakhi for brother india,4,2,601,rakhi-for-brother-en
rakhi for brother online,4,2,601,rakhi-for-brother-en
rakhi for brother online india,5,2,601,rakhi-for-brother-en
rakhi for brother set of 4,6,2,601,rakhi-for-brother-en
rakhi online shopping,3,2,601,rakhi-en
raksha bandhan 2027 kab hai,5,2,601,raksha-bandhan-en | rb-hi
raksha bandhan application in english,5,2,601,raksha-bandhan-en | rb-hi
raksha bandhan best gift for brother,6,2,601,raksha-bandhan-en | rb-hi
raksha bandhan blackboard decoration,4,2,601,raksha-bandhan-en | rb-hi
raksha bandhan card ideas,4,2,601,raksha-bandhan-en | rb-hi
raksha bandhan english,3,2,601,raksha-bandhan-en | rb-hi
raksha bandhan festival 2026,4,2,601,raksha-bandhan-en | rb-hi
raksha bandhan for brother gift,5,2,601,raksha-bandhan-en | rb-hi
raksha bandhan free images,4,2,601,raksha-bandhan-en | rb-hi
raksha bandhan gift for sister handbags,6,2,601,raksha-bandhan-en | rb-hi
raksha bandhan holiday in stock market,6,2,601,raksha-bandhan-en | rb-hi
raksha bandhan is on which date,6,2,601,raksha-bandhan-en | rb-hi
raksha bandhan janmashtami date,4,2,601,raksha-bandhan-en | rb-hi
raksha bandhan kitni tarikh ko hai,6,2,601,raksha-bandhan-en | rb-hi
raksha bandhan letter for soldiers in english,7,2,601,raksha-bandhan-en | rb-hi
raksha bandhan message,3,2,601,raksha-bandhan-en | rb-hi
raksha bandhan new song,4,2,601,raksha-bandhan-en | rb-hi
raksha bandhan of 2026 date,5,2,601,raksha-bandhan-en | rb-hi
raksha bandhan online shopping offers,5,2,601,raksha-bandhan-en | rb-hi
raksha bandhan quiz,3,2,601,raksha-bandhan-en | rb-hi
raksha bandhan quotes in english,5,2,601,raksha-bandhan-en | rb-hi
raksha bandhan quotes without sister,5,2,601,raksha-bandhan-wishes-en
raksha bandhan rhymes,3,2,601,raksha-bandhan-en | rb-hi
raksha bandhan template photo,4,2,601,raksha-bandhan-en | rb-hi
raksha bandhan time and date,5,2,601,raksha-bandhan-en | rb-hi
raksha bandhan varalakshmi vratham 2026,5,2,601,raksha-bandhan-en | rb-hi
raksha bandhan video maker,4,2,601,raksha-bandhan-en | rb-hi
raksha bandhan wale,3,2,601,raksha-bandhan-en | rb-hi
raksha bandhan wishes for younger brother,6,2,601,raksha-bandhan-wishes-en
raksha bandhan wishes in kannada,5,2,601,raksha-bandhan-wishes-en
raksha bandhan wishes marathi,4,2,601,raksha-bandhan-wishes-en
raksha bandhan wishes with images,5,2,601,raksha-bandhan-wishes-en
raksha bandhan with sister,4,2,601,raksha-bandhan-en | rb-hi
raksha bandhan yavaga,3,2,601,raksha-bandhan-en | rb-hi
raksha bandhan zee5,3,2,601,raksha-bandhan-en | rb-hi
silver rakhi for brother kalyan jewellers,6,2,601,rakhi-for-brother-en
what is raksha bandhan wishes,5,2,601,raksha-bandhan-wishes-en
when is it raksha bandhan 2026,6,2,601,raksha-bandhan-en | rb-hi
when is raksha bandhan wishes,5,2,601,raksha-bandhan-wishes-en
when raksha bandhan is celebrated,5,2,601,raksha-bandhan-en | rb-hi
who started raksha bandhan,4,2,601,raksha-bandhan-en | rb-hi
why raksha bandhan movie flop,5,2,601,raksha-bandhan-en | rb-hi
rakhi for brother at home,5,2,600,rakhi-for-brother-en
rakhi for brother customized,4,2,600,rakhi-for-brother-en
rakhi for brother date,4,2,600,rakhi-for-brother-en
rakhi for brother new design,5,2,600,rakhi-for-brother-en
rakhi for brother on myntra,5,2,600,rakhi-for-brother-en
rakhi for brother set of 2,6,2,600,rakhi-for-brother-en
rakhi for girls,3,2,600,rakhi-en
rakhi gift for brother online,5,2,600,rakhi-for-brother-en
rakhi in 2026 in india,5,2,600,rakhi-en
rakhi online india,3,2,600,rakhi-en
rakhi which hand for brother,5,2,600,rakhi-en | rakhi-for-brother-en
raksha bandhan 2026 muhurat time,5,2,600,raksha-bandhan-en | rb-hi
raksha bandhan 2027 me kab hai,6,2,600,raksha-bandhan-en | rb-hi
raksha bandhan application in hindi,5,2,600,raksha-bandhan-en | rb-hi
raksha bandhan aur janmashtami kab hai,6,2,600,raksha-bandhan-en | rb-hi
raksha bandhan best drawing,4,2,600,raksha-bandhan-en | rb-hi
raksha bandhan bus free 2026 in hindi,7,2,600,raksha-bandhan-en | rb-hi
raksha bandhan cast,3,2,600,raksha-bandhan-en | rb-hi
raksha bandhan day,3,2,600,raksha-bandhan-en | rb-hi
raksha bandhan eppudu,3,2,600,raksha-bandhan-en | rb-hi
raksha bandhan festival date,4,2,600,raksha-bandhan-en | rb-hi
raksha bandhan for bhabhi,4,2,600,raksha-bandhan-en | rb-hi
raksha bandhan free download,4,2,600,raksha-bandhan-en | rb-hi
raksha bandhan grahan,3,2,600,raksha-bandhan-en | rb-hi
raksha bandhan holiday in west bengal,6,2,600,raksha-bandhan-en | rb-hi
raksha bandhan in 2026 date and day,7,2,600,raksha-bandhan-en
raksha bandhan jewellery gift for sister,6,2,600,raksha-bandhan-en | rb-hi
raksha bandhan letter for brother in gujarati,7,2,600,raksha-bandhan-en | rb-hi
raksha bandhan movie ott,4,2,600,raksha-bandhan-en | rb-hi
raksha bandhan nse holiday,4,2,600,raksha-bandhan-en | rb-hi
raksha bandhan on netflix,4,2,600,raksha-bandhan-en | rb-hi
raksha bandhan online photo editor,5,2,600,raksha-bandhan-en | rb-hi
raksha bandhan q manaya jata hai,6,2,600,raksha-bandhan-en | rb-hi
raksha bandhan r=h www.filmyzilla57.com,4,2,600,raksha-bandhan-en | rb-hi
raksha bandhan template vn,4,2,600,raksha-bandhan-en | rb-hi
raksha bandhan this year date,5,2,600,raksha-bandhan-en | rb-hi
raksha bandhan vector,3,2,600,raksha-bandhan-en | rb-hi
raksha bandhan video maker online free,6,2,600,raksha-bandhan-en | rb-hi
raksha bandhan wale din,4,2,600,raksha-bandhan-en | rb-hi
raksha bandhan wishes in telugu,5,2,600,raksha-bandhan-wishes-en
raksha bandhan wishes long distance,5,2,600,raksha-bandhan-wishes-en
raksha bandhan wishes shayari,4,2,600,raksha-bandhan-wishes-en
raksha bandhan with quotes,4,2,600,raksha-bandhan-en | rb-hi
raksha bandhan year 2026,4,2,600,raksha-bandhan-en | rb-hi
raksha bandhan zepto,3,2,600,raksha-bandhan-en | rb-hi
silver rakhi for brother grt jewellers,6,2,600,rakhi-for-brother-en
what to write in raksha bandhan card,7,2,600,raksha-bandhan-wishes-en
when is it raksha bandhan 2025,6,2,600,raksha-bandhan-en | rb-hi
when raksha bandhan comes,4,2,600,raksha-bandhan-en | rb-hi
who celebrate raksha bandhan,4,2,600,raksha-bandhan-en | rb-hi
why raksha bandhan is celebrated according to hindu mythology,9,2,600,raksha-bandhan-en | rb-hi
rakhi for brother near me,5,2,562,rakhi-for-brother-en
raksha bandhan poster maker,4,2,562,raksha-bandhan-en | rb-hi
raksha bandhan wishes with photo,5,2,562,raksha-bandhan-wishes-en
raksha bandhan with photo,4,2,562,raksha-bandhan-en | rb-hi
raksha bandhan zomato,3,2,562,raksha-bandhan-en | rb-hi
gold rakhi for brother kalyan jewellers,6,2,561,rakhi-for-brother-en
how to raksha bandhan 2026,5,2,561,raksha-bandhan-en | rb-hi
raksha bandhan poster maker with photo,6,2,561,raksha-bandhan-en | rb-hi
raksha bandhan template edit,4,2,561,raksha-bandhan-en | rb-hi
raksha bandhan wishes general,4,2,561,raksha-bandhan-wishes-en
raksha bandhan wishes long distance brother,6,2,561,raksha-bandhan-wishes-en
raksha bandhan wishes with emoji,5,2,561,raksha-bandhan-wishes-en
raksha bandhan with date,4,2,561,raksha-bandhan-en | rb-hi
raksha bandhan without sister,4,2,561,raksha-bandhan-en | raksha-bandhan-wishes-en
raksha bandhan yavaga in kannada,5,2,561,raksha-bandhan-en | rb-hi
raksha bandhan zee tv,4,2,561,raksha-bandhan-en | rb-hi
what is raksha bandhan and why is it celebrated,9,2,561,raksha-bandhan-en | rb-hi
when is it raksha bandhan this year,7,2,561,raksha-bandhan-en | rb-hi
when raksha bandhan date,4,2,561,raksha-bandhan-en | rb-hi
when raksha bandhan will be celebrated in 2026,8,2,561,raksha-bandhan-en | rb-hi
is raksha bandhan national holiday,5,2,560,raksha-bandhan-en | rb-hi
rakhi online buy,3,2,560,rakhi-en
raksha bandhan 2026 time,4,2,560,raksha-bandhan-en | rb-hi
raksha bandhan 2027 date in india calendar,7,2,560,raksha-bandhan-en | rb-hi
raksha bandhan app download,4,2,560,raksha-bandhan-en | rb-hi
raksha bandhan collage maker,4,2,560,raksha-bandhan-en | rb-hi
raksha bandhan online wishes,4,2,560,raksha-bandhan-en | rb-hi
raksha bandhan quotes for kids,5,2,560,raksha-bandhan-en | rb-hi
raksha bandhan quotes in english for brother,7,2,560,raksha-bandhan-en | rb-hi
raksha bandhan template rajan editz,5,2,560,raksha-bandhan-en | rb-hi
raksha bandhan wishes create name,5,2,560,raksha-bandhan-wishes-en
raksha bandhan wishes online,4,2,560,raksha-bandhan-wishes-en
raksha bandhan wishes with photo edit,6,2,560,raksha-bandhan-wishes-en
raksha bandhan with sister wishes,5,2,560,raksha-bandhan-en | rb-hi
raksha bandhan yojana online apply,5,2,560,raksha-bandhan-en | rb-hi
raksha bandhan zepto card,4,2,560,raksha-bandhan-en | rb-hi
what is raksha bandhan spelling,5,2,560,raksha-bandhan-en | rb-hi
when raksha bandhan held in 2026,6,2,560,raksha-bandhan-en | rb-hi
when raksha bandhan in 2025,5,2,560,raksha-bandhan-en | rb-hi
which date raksha bandhan in 2026,6,2,560,raksha-bandhan-en | rb-hi
why raksha bandhan is celebrated in india,7,2,560,raksha-bandhan-en | rb-hi
how to reply raksha bandhan wishes to sister,8,2,559,raksha-bandhan-en | raksha-bandhan-wishes-en
rakhi for brother and bhabhi online,6,2,559,rakhi-for-brother-en
rakhi online delivery,3,2,559,rakhi-en
raksha bandhan 2027 in english,5,2,559,raksha-bandhan-en | rb-hi
raksha bandhan app video,4,2,559,raksha-bandhan-en | rb-hi
raksha bandhan bandhne ka shubh muhurt,6,2,559,raksha-bandhan-en | rb-hi
raksha bandhan banner maker,4,2,559,raksha-bandhan-en | rb-hi
raksha bandhan best outfit,4,2,559,raksha-bandhan-en | rb-hi
raksha bandhan in august,4,2,559,raksha-bandhan-en | rb-hi
raksha bandhan natak,3,2,559,raksha-bandhan-en | rb-hi
raksha bandhan online card maker,5,2,559,raksha-bandhan-en | rb-hi
raksha bandhan photo maker,4,2,559,raksha-bandhan-en | rb-hi
raksha bandhan quotes in hindi,5,2,559,raksha-bandhan-en | rb-hi
raksha bandhan template video download,5,2,559,raksha-bandhan-en | rb-hi
raksha bandhan vishay nibandh,4,2,559,raksha-bandhan-en | rb-hi
raksha bandhan wishes with good morning,6,2,559,raksha-bandhan-wishes-en
raksha bandhan with song,4,2,559,raksha-bandhan-en | rb-hi
raksha bandhan year,3,2,559,raksha-bandhan-en | rb-hi
when raksha bandhan is celebrated in india,7,2,559,raksha-bandhan-en | rb-hi
when raksha bandhan is celebrated on 2026,7,2,559,raksha-bandhan-en | rb-hi
which date raksha bandhan in 2025,6,2,559,raksha-bandhan-en | rb-hi
who wishes raksha bandhan,4,2,559,raksha-bandhan-en | rb-hi
why raksha bandhan is not a national holiday,8,2,559,raksha-bandhan-en | rb-hi
best rakhi for brother online,5,2,558,rakhi-for-brother-en
how day raksha bandhan,4,2,558,raksha-bandhan-en | rb-hi
is raksha bandhan a holiday,5,2,558,raksha-bandhan-en | rb-hi
rakhi for brother one day delivery,6,2,558,rakhi-for-brother-en
raksha bandhan 2026 kab hai,5,2,558,raksha-bandhan-en | rb-hi
raksha bandhan 2027 26,4,2,558,raksha-bandhan-en | rb-hi
raksha bandhan best dress for girls,6,2,558,raksha-bandhan-en | rb-hi
raksha bandhan images brother and sister,6,2,558,raksha-bandhan-en | rb-hi
raksha bandhan ka shubh muhurt,5,2,558,raksha-bandhan-en | rb-hi
raksha bandhan movie ringtones zedge,5,2,558,raksha-bandhan-en | rb-hi
raksha bandhan new zealand,4,2,558,raksha-bandhan-en | rb-hi
raksha bandhan on,3,2,558,raksha-bandhan-en | rb-hi
raksha bandhan online card,4,2,558,raksha-bandhan-en | rb-hi
raksha bandhan online order,4,2,558,raksha-bandhan-en | rb-hi
raksha bandhan poster maker online,5,2,558,raksha-bandhan-en | rb-hi
raksha bandhan template for business,5,2,558,raksha-bandhan-en | rb-hi
raksha bandhan video maker app,5,2,558,raksha-bandhan-en | rb-hi
raksha bandhan vs bhai dooj,5,2,558,raksha-bandhan-en | rb-hi
raksha bandhan wishes in sanskrit,5,2,558,raksha-bandhan-wishes-en
raksha bandhan wishes paragraph,4,2,558,raksha-bandhan-wishes-en
raksha bandhan wishes with krishna,5,2,558,raksha-bandhan-wishes-en
raksha bandhan with images,4,2,558,raksha-bandhan-en | rb-hi
raksha bandhan yavaga date,4,2,558,raksha-bandhan-en | rb-hi
what is raksha bandhan festival,5,2,558,raksha-bandhan-en | rb-hi
when raksha bandhan in 2027,5,2,558,raksha-bandhan-en | rb-hi
which day raksha bandhan in 2025,6,2,558,raksha-bandhan-en | rb-hi
why raksha bandhan date,4,2,558,raksha-bandhan-en | rb-hi
how date raksha bandhan 2025,5,2,557,raksha-bandhan-en | rb-hi
is raksha bandhan a festival,5,2,557,raksha-bandhan-en | rb-hi
rakhi for brother chain,4,2,557,rakhi-for-brother-en
rakhi for brother in amazon,5,2,557,rakhi-for-brother-en
rakhi for men,3,2,557,rakhi-en
raksha bandhan 2025 zodiac remedies,5,2,557,raksha-bandhan-en | rb-hi
raksha bandhan 2027 mein,4,2,557,raksha-bandhan-en | rb-hi
raksha bandhan and varalakshmi vratham 2026,6,2,557,raksha-bandhan-en | rb-hi
raksha bandhan best gift for sister under 200,8,2,557,raksha-bandhan-en | rb-hi
raksha bandhan festival 2026 date,5,2,557,raksha-bandhan-en | rb-hi
raksha bandhan free video download,5,2,557,raksha-bandhan-en | rb-hi
raksha bandhan ke gana,4,2,557,raksha-bandhan-en | rb-hi
raksha bandhan kyon manaya jata hai,6,2,557,raksha-bandhan-en | rb-hi
raksha bandhan leave application for office,6,2,557,raksha-bandhan-en | rb-hi
raksha bandhan nibandh marathi,4,2,557,raksha-bandhan-en | rb-hi
raksha bandhan online delivery,4,2,557,raksha-bandhan-en | rb-hi
raksha bandhan quotes for brother,5,2,557,raksha-bandhan-en | rb-hi
raksha bandhan quotes with images,5,2,557,raksha-bandhan-wishes-en
raksha bandhan rangoli easy,4,2,557,raksha-bandhan-en | rb-hi
raksha bandhan template video,4,2,557,raksha-bandhan-en | rb-hi
raksha bandhan very easy drawing,5,2,557,raksha-bandhan-en | rb-hi
raksha bandhan wishes in nepali,5,2,557,raksha-bandhan-wishes-en
raksha bandhan wishes photo editing online,6,2,557,raksha-bandhan-wishes-en
raksha bandhan with drawing,4,2,557,raksha-bandhan-en | rb-hi
raksha bandhan yojana form,4,2,557,raksha-bandhan-en | rb-hi
what is raksha bandhan date in 2026,7,2,557,raksha-bandhan-en | rb-hi
when raksha bandhan in this year,6,2,557,raksha-bandhan-en | rb-hi
which day raksha bandhan in 2026,6,2,557,raksha-bandhan-en | rb-hi
who celebrated raksha bandhan,4,2,557,raksha-bandhan-en | rb-hi
why raksha bandhan 2025,4,2,557,raksha-bandhan-en | rb-hi
zomato raksha bandhan offer,4,2,557,raksha-bandhan-en | rb-hi
how date raksha bandhan 2026,5,2,556,raksha-bandhan-en | rb-hi
is raksha bandhan on netflix,5,2,556,raksha-bandhan-en | rb-hi
rakhi for brother in myntra,5,2,556,rakhi-for-brother-en
rakhi without brother,3,2,556,rakhi-en | rakhi-for-brother-en
raksha bandhan 2026 shubh muhurat in hindi,7,2,556,raksha-bandhan-en | rb-hi
raksha bandhan 2027 holiday,4,2,556,raksha-bandhan-en | rb-hi
raksha bandhan august mein kab hai,6,2,556,raksha-bandhan-en | rb-hi
raksha bandhan best gift for sister under 500,8,2,556,raksha-bandhan-en | rb-hi
raksha bandhan bus,3,2,556,raksha-bandhan-en | rb-hi
raksha bandhan chart for school,5,2,556,raksha-bandhan-en | rb-hi
raksha bandhan free recharge,4,2,556,raksha-bandhan-en | rb-hi
raksha bandhan is holiday,4,2,556,raksha-bandhan-en | rb-hi
raksha bandhan july,3,2,556,raksha-bandhan-en | rb-hi
raksha bandhan leave application,4,2,556,raksha-bandhan-en | rb-hi
raksha bandhan meaning,3,2,556,raksha-bandhan-en | rb-hi
raksha bandhan nibandh in english,5,2,556,raksha-bandhan-en | rb-hi
raksha bandhan quotes for sister,5,2,556,raksha-bandhan-en | rb-hi
raksha bandhan recipe,3,2,556,raksha-bandhan-en | rb-hi
raksha bandhan ringtone zedge,4,2,556,raksha-bandhan-en | rb-hi
raksha bandhan template download,4,2,556,raksha-bandhan-en | rb-hi
raksha bandhan video gana,4,2,556,raksha-bandhan-en | rb-hi
raksha bandhan video maker online,5,2,556,raksha-bandhan-en | rb-hi
raksha bandhan wala,3,2,556,raksha-bandhan-en | rb-hi
raksha bandhan wishes for bhaiya and bhabhi,7,2,556,raksha-bandhan-wishes-en
raksha bandhan wishes in tamil,5,2,556,raksha-bandhan-wishes-en
raksha bandhan yojana 2026 registration,5,2,556,raksha-bandhan-en | rb-hi
which date raksha bandhan in 2024,6,2,556,raksha-bandhan-en | rb-hi
why is raksha bandhan special,5,2,556,raksha-bandhan-en | rb-hi
best rakhi for brother handmade,5,2,555,rakhi-for-brother-en
how to raksha bandhan 2024,5,2,555,raksha-bandhan-en | rb-hi
is raksha bandhan celebrated,4,2,555,raksha-bandhan-en | rb-hi
kalesh card raksha bandhan zepto,5,2,555,raksha-bandhan-en | rb-hi
rakhi 2025,2,2,555,rakhi-en
rakhi for brother and gift,5,2,555,rakhi-for-brother-en
rakhi for brother in uk,5,2,555,rakhi-for-brother-en
rakhi for brother same day delivery,6,2,555,rakhi-for-brother-en
rakhi for brother with kaju katli,6,2,555,rakhi-for-brother-en
rakhi for raksha bandhan,4,2,555,rakhi-en
rakhi instamart,2,2,555,rakhi-en
rakhi wishes for brother,4,2,555,rakhi-en | rakhi-for-brother-en
raksha bandhan 2026 in hindi,5,2,555,raksha-bandhan-en | rb-hi
raksha bandhan 2027 mein kab hai,6,2,555,raksha-bandhan-en | rb-hi
raksha bandhan badhai,3,2,555,raksha-bandhan-en | rb-hi
raksha bandhan best rakhi,4,2,555,raksha-bandhan-en | rb-hi
raksha bandhan card design,4,2,555,raksha-bandhan-en | rb-hi
raksha bandhan card maker online,5,2,555,raksha-bandhan-en | rb-hi
raksha bandhan essay in hindi 10 lines,7,2,555,raksha-bandhan-en | rb-hi
raksha bandhan food,3,2,555,raksha-bandhan-en | rb-hi
raksha bandhan for soldiers,4,2,555,raksha-bandhan-en | rb-hi
raksha bandhan gift for sister watches,6,2,555,raksha-bandhan-en | rb-hi
raksha bandhan ideas for brother,5,2,555,rakhi-for-brother-en
raksha bandhan in odisha,4,2,555,raksha-bandhan-en | rb-hi
raksha bandhan jute basket,4,2,555,raksha-bandhan-en | rb-hi
raksha bandhan kb h,4,2,555,raksha-bandhan-en | rb-hi
raksha bandhan movie hit or flop,6,2,555,raksha-bandhan-en | rb-hi
raksha bandhan note,3,2,555,raksha-bandhan-en | rb-hi
raksha bandhan online streaming,4,2,555,raksha-bandhan-en | rb-hi
raksha bandhan outfit for girls,5,2,555,raksha-bandhan-en | rb-hi
raksha bandhan rakhi time,4,2,555,raksha-bandhan-en | rb-hi
raksha bandhan template hd,4,2,555,raksha-bandhan-en | rb-hi
raksha bandhan video status,4,2,555,raksha-bandhan-en | rb-hi
raksha bandhan wali mehandi,4,2,555,raksha-bandhan-en | rb-hi
raksha bandhan wishes in hindi images,6,2,555,raksha-bandhan-wishes-en
raksha bandhan wishes website,4,2,555,raksha-bandhan-wishes-en
raksha bandhan with card,4,2,555,raksha-bandhan-en | rb-hi
raksha bandhan yojana punjab,4,2,555,raksha-bandhan-en | rb-hi
what is raksha bandhan in english,6,2,555,raksha-bandhan-en | rb-hi
when raksha bandhan started,4,2,555,raksha-bandhan-en | rb-hi
which year raksha bandhan,4,2,555,raksha-bandhan-en | rb-hi
why we celebrate raksha bandhan history,6,2,555,raksha-bandhan-en | rb-hi
how is raksha bandhan movie,5,2,554,raksha-bandhan-en | rb-hi
is raksha bandhan kab hai,5,2,554,raksha-bandhan-en | rb-hi
kalesh card raksha bandhan zepto use,6,2,554,raksha-bandhan-en | rb-hi
rakhi for brother in gold,5,2,554,rakhi-for-brother-en
rakhi for brother wishes,4,2,554,rakhi-for-brother-en
rakhi without brother quotes in english,6,2,554,rakhi-en | rakhi-for-brother-en
raksha bandhan best wishes,4,2,554,raksha-bandhan-en | rb-hi
raksha bandhan blackboard,3,2,554,raksha-bandhan-en | rb-hi
raksha bandhan cartoon,3,2,554,raksha-bandhan-en | rb-hi
raksha bandhan drawing easy with colour,6,2,554,raksha-bandhan-en | rb-hi
raksha bandhan essay in english 150 words,7,2,554,raksha-bandhan-en | rb-hi
raksha bandhan for drawing,4,2,554,raksha-bandhan-en | rb-hi
raksha bandhan free bus service,5,2,554,raksha-bandhan-en | rb-hi
raksha bandhan full movie youtube,5,2,554,raksha-bandhan-en | rb-hi
raksha bandhan gift hamper,4,2,554,raksha-bandhan-en | rb-hi
raksha bandhan greeting card,4,2,554,raksha-bandhan-en | raksha-bandhan-wishes-en
raksha bandhan in 2027 date,5,2,554,raksha-bandhan-en | rb-hi
raksha bandhan is on,4,2,554,raksha-bandhan-en | rb-hi
raksha bandhan jokes,3,2,554,raksha-bandhan-en | rb-hi
raksha bandhan kahiya hai,4,2,554,raksha-bandhan-en | rb-hi
raksha bandhan leave application in hindi,6,2,554,raksha-bandhan-en | rb-hi
raksha bandhan muhurat time,4,2,554,raksha-bandhan-en | rb-hi
raksha bandhan national holiday,4,2,554,raksha-bandhan-en | rb-hi
raksha bandhan quotation,3,2,554,raksha-bandhan-en | rb-hi
raksha bandhan release date,4,2,554,raksha-bandhan-en | rb-hi
raksha bandhan template background,4,2,554,raksha-bandhan-en | rb-hi
raksha bandhan video mein,4,2,554,raksha-bandhan-en | rb-hi
raksha bandhan wishes with name and photo,7,2,554,raksha-bandhan-wishes-en
raksha bandhan with sister quotes,5,2,554,raksha-bandhan-en | rb-hi
raksha bandhan yojana 2026 punjab,5,2,554,raksha-bandhan-en | rb-hi
which date raksha bandhan in 2023,6,2,554,raksha-bandhan-en | rb-hi
who is raksha bandhan date 2025,6,2,554,raksha-bandhan-en | rb-hi
how to make rakhi at home for brother,8,2,553,rakhi-for-brother-en
how to wish raksha bandhan to sister,7,2,553,raksha-bandhan-en | rb-hi
is raksha bandhan muhurat,4,2,553,raksha-bandhan-en | rb-hi
rakhi for brother and kids,5,2,553,rakhi-for-brother-en
rakhi for brother india online,5,2,553,rakhi-for-brother-en
rakhi for brother pics,4,2,553,rakhi-for-brother-en
raksha bandhan 2026 muhurat time in hindi,7,2,553,raksha-bandhan-en | rb-hi
raksha bandhan best gift for sister under 100,8,2,553,raksha-bandhan-en | rb-hi
raksha bandhan bracelet,3,2,553,raksha-bandhan-en | rb-hi
raksha bandhan coming soon,4,2,553,raksha-bandhan-en | rb-hi
raksha bandhan drawing with colour,5,2,553,raksha-bandhan-en | rb-hi
raksha bandhan envelope,3,2,553,raksha-bandhan-en | rb-hi
raksha bandhan festival images,4,2,553,raksha-bandhan-en | rb-hi
raksha bandhan for boys,4,2,553,raksha-bandhan-en | rb-hi
raksha bandhan free images download,5,2,553,raksha-bandhan-en | rb-hi
raksha bandhan gift for sister under 500,7,2,553,raksha-bandhan-en | rb-hi
raksha bandhan hindi song,4,2,553,raksha-bandhan-en | rb-hi
raksha bandhan in india 2026,5,2,553,raksha-bandhan-en | rb-hi
raksha bandhan jewellery poster,4,2,553,raksha-bandhan-en | rb-hi
raksha bandhan ke geet,4,2,553,raksha-bandhan-en | rb-hi
raksha bandhan last year,4,2,553,raksha-bandhan-en | rb-hi
raksha bandhan leave application for school,6,2,553,raksha-bandhan-en | rb-hi
raksha bandhan movie akshay kumar,5,2,553,raksha-bandhan-en | rb-hi
raksha bandhan nepali date 2083,5,2,553,raksha-bandhan-en | rb-hi
raksha bandhan on which day,5,2,553,raksha-bandhan-en | rb-hi
raksha bandhan outfit for men,5,2,553,raksha-bandhan-en | rb-hi
raksha bandhan quotes in gujarati,5,2,553,raksha-bandhan-en | rb-hi
raksha bandhan rakhi 2026,4,2,553,raksha-bandhan-en | rb-hi
raksha bandhan tune,3,2,553,raksha-bandhan-en | rb-hi
raksha bandhan vishay mahiti,4,2,553,raksha-bandhan-en | rb-hi
raksha bandhan when in 2026,5,2,553,raksha-bandhan-en | rb-hi
raksha bandhan wishes for little brother,6,2,553,raksha-bandhan-wishes-en
raksha bandhan yojana eligibility,4,2,553,raksha-bandhan-en | rb-hi
what date raksha bandhan 2025,5,2,553,raksha-bandhan-en | rb-hi
which time raksha bandhan,4,2,553,raksha-bandhan-en | rb-hi
how to wish raksha bandhan,5,2,552,raksha-bandhan-en | rb-hi
raksha bandhan 2026 holiday,4,2,552,raksha-bandhan-en | rb-hi
raksha bandhan 2026 new zealand,5,2,552,raksha-bandhan-en | rb-hi
raksha bandhan 2027 muhurat time,5,2,552,raksha-bandhan-en | rb-hi
raksha bandhan bento cake,4,2,552,raksha-bandhan-en | rb-hi
raksha bandhan best dress for women,6,2,552,raksha-bandhan-en | rb-hi
raksha bandhan competition,3,2,552,raksha-bandhan-en | rb-hi
raksha bandhan dress for women,5,2,552,raksha-bandhan-en | rb-hi
raksha bandhan form kaise bhare,5,2,552,raksha-bandhan-en | rb-hi
raksha bandhan gift hampers for sister,6,2,552,raksha-bandhan-en | rb-hi
raksha bandhan holiday in ap,5,2,552,raksha-bandhan-en | rb-hi
raksha bandhan in 2024,4,2,552,raksha-bandhan-en | rb-hi
raksha bandhan janmashtami ke tarikh ki hai,7,2,552,raksha-bandhan-en | rb-hi
raksha bandhan ki drawing,4,2,552,raksha-bandhan-en | rb-hi
raksha bandhan lines in hindi,5,2,552,raksha-bandhan-en | rb-hi
raksha bandhan nag panchami kab hai,6,2,552,raksha-bandhan-en | rb-hi
raksha bandhan timing 2026 hindi,5,2,552,raksha-bandhan-en | rb-hi
raksha bandhan vishe gujarati ma,5,2,552,raksha-bandhan-en | rb-hi
raksha bandhan wala app,4,2,552,raksha-bandhan-en | rb-hi
raksha bandhan which day,4,2,552,raksha-bandhan-en | rb-hi
raksha bandhan yojana 2026 form,5,2,552,raksha-bandhan-en | rb-hi
what is raksha bandhan muhurat 2025,6,2,552,raksha-bandhan-en | rb-hi
which date raksha bandhan this year,6,2,552,raksha-bandhan-en | rb-hi
which rakhi is good for brother,6,2,552,rakhi-for-brother-en
who gifts in raksha bandhan,5,2,552,raksha-bandhan-en | rb-hi
how to watch raksha bandhan movie,6,2,551,raksha-bandhan-en | rb-hi
rakhi for brother and bhabhi silver,6,2,551,rakhi-for-brother-en
rakhi quotes for little brother,5,2,551,rakhi-en | rakhi-for-brother-en
raksha bandhan 2026 shubh muhurat,5,2,551,raksha-bandhan-en | rb-hi
raksha bandhan bus seva free,5,2,551,raksha-bandhan-en | rb-hi
raksha bandhan eppudu 2026,4,2,551,raksha-bandhan-en | rb-hi
raksha bandhan film ott,4,2,551,raksha-bandhan-en | rb-hi
raksha bandhan for dress,4,2,551,raksha-bandhan-en | rb-hi
raksha bandhan holiday in up,5,2,551,raksha-bandhan-en | rb-hi
raksha bandhan jain story,4,2,551,raksha-bandhan-en | rb-hi
raksha bandhan letter for soldiers in hindi,7,2,551,raksha-bandhan-en | rb-hi
raksha bandhan thali decoration,4,2,551,raksha-bandhan-en | rb-hi
raksha bandhan thali online,4,2,551,raksha-bandhan-en | rb-hi
raksha bandhan video geet,4,2,551,raksha-bandhan-en | rb-hi
raksha bandhan wale din grahan padega,6,2,551,raksha-bandhan-en | rb-hi
which date raksha bandhan in 2027,6,2,551,raksha-bandhan-en | rb-hi
who wishes happy raksha bandhan,5,2,551,raksha-bandhan-en | rb-hi
raksha bandhan 2027 india,4,2,550,raksha-bandhan-en | rb-hi
raksha bandhan best dress,4,2,550,raksha-bandhan-en | rb-hi
raksha bandhan buy online,4,2,550,raksha-bandhan-en | rb-hi
raksha bandhan film songs,4,2,550,raksha-bandhan-en | rb-hi
raksha bandhan for maheshwari,4,2,550,raksha-bandhan-en | rb-hi
raksha bandhan holiday in maharashtra,5,2,550,raksha-bandhan-en | rb-hi
raksha bandhan leave application in english,6,2,550,raksha-bandhan-en | rb-hi
raksha bandhan look for women,5,2,550,raksha-bandhan-en | rb-hi
what time raksha bandhan 2025,5,2,550,raksha-bandhan-en | rb-hi
zepto raksha bandhan gift,4,2,550,raksha-bandhan-en | rb-hi
rakhi making material,3,1,1256,rakhi-en
rakhi muhurat,2,1,1255,rakhi-en
rakhi bandhan,2,1,1254,rakhi-en
rakhi making ideas for school competition,6,1,1254,rakhi-en
raksha bandhan pictures,3,1,1254,raksha-bandhan-en
rakhi bandhan 2026,3,1,1253,rakhi-en
rakhi best gift for sister,5,1,1253,rakhi-en
rakhi competition,2,1,1253,rakhi-en
rakhi date 2026,3,1,1253,rakhi-en
rakhi free bus service 2026,5,1,1253,rakhi-en
rakhi images,2,1,1253,rakhi-en
rakhi making competition in school,5,1,1253,rakhi-en
rakhi timing 2026,3,1,1253,rakhi-en
rakhi bandhne ka shubh muhurat kya hai,7,1,1252,rakhi-en
rakhi best time 2026,4,1,1252,rakhi-en
rakhi card,2,1,1252,rakhi-en
rakhi design,2,1,1252,rakhi-en
rakhi emoji,2,1,1252,rakhi-en
rakhi free bus 2026,4,1,1252,rakhi-en
rakhi making ideas for kids,5,1,1252,rakhi-en
rakhi new design,3,1,1252,rakhi-en
rakhi time,2,1,1252,rakhi-en
raksha bandhan jewellery ad,4,1,1252,raksha-bandhan-en
how rakhi started,3,1,1251,rakhi-en
rakhi activity,2,1,1251,rakhi-en
rakhi app download,3,1,1251,rakhi-en
rakhi bandhne ka shubh muhurat 2026,6,1,1251,rakhi-en
rakhi best design,3,1,1251,rakhi-en
rakhi craft,2,1,1251,rakhi-en
rakhi drawing easy,3,1,1251,rakhi-en
rakhi easy drawing,3,1,1251,rakhi-en
rakhi festival,2,1,1251,rakhi-en
rakhi for brother gold,4,1,1251,rakhi-for-brother-en
rakhi for brother hamper,4,1,1251,rakhi-for-brother-en
rakhi free fire name,4,1,1251,rakhi-en
rakhi gift for brother,4,1,1251,rakhi-en
rakhi images hd,3,1,1251,rakhi-en
rakhi mehndi design,3,1,1251,rakhi-en
rakhi near me,3,1,1251,rakhi-en
rakhi quotes,2,1,1251,rakhi-en
rakhi thali,2,1,1251,rakhi-en
rakhi under 50 meesho,4,1,1251,rakhi-en
rakhi video,2,1,1251,rakhi-en
what rakhi sawant do,4,1,1251,rakhi-en
why rakhi is celebrated,4,1,1251,rakhi-en
how rakhi festival started,4,1,1250,rakhi-en
is it rakhi today,4,1,1250,rakhi-en
rakhi 2027 date,3,1,1250,rakhi-en
rakhi actress,2,1,1250,rakhi-en
rakhi appudu,2,1,1250,rakhi-en
rakhi banana,2,1,1250,rakhi-en
rakhi best gift,3,1,1250,rakhi-en
rakhi celebration,2,1,1250,rakhi-en
rakhi drawing for kids,4,1,1250,rakhi-en
rakhi exhibition,2,1,1250,rakhi-en
rakhi for brother gift,4,1,1250,rakhi-for-brother-en
rakhi for brother handmade,4,1,1250,rakhi-for-brother-en
rakhi for brother pure silver,5,1,1250,rakhi-for-brother-en
rakhi for brother quotes,4,1,1250,rakhi-for-brother-en
rakhi for brother rudraksha,4,1,1250,rakhi-for-brother-en
rakhi for brother trending,4,1,1250,rakhi-for-brother-en
rakhi for brother zepto,4,1,1250,rakhi-for-brother-en
rakhi freepik,2,1,1250,rakhi-en
rakhi gift hampers,3,1,1250,rakhi-en
rakhi hampers,2,1,1250,rakhi-en
rakhi ideas,2,1,1250,rakhi-en
rakhi lohchab,2,1,1250,rakhi-en
rakhi maker near me,4,1,1250,rakhi-en
rakhi muhurat 2026,3,1,1250,rakhi-en
rakhi new design 2026,4,1,1250,rakhi-en
rakhi outfit,2,1,1250,rakhi-en
rakhi quotes for brother,4,1,1250,rakhi-en
rakhi rakhi,2,1,1250,rakhi-en
rakhi thali decoration,3,1,1250,rakhi-en
rakhi usa,2,1,1250,rakhi-en
rakhi vijan,2,1,1250,rakhi-en
rakhi youtuber,2,1,1250,rakhi-en
rakhi zepto,2,1,1250,rakhi-en
raksha bandhan up bus free 2026,6,1,1250,raksha-bandhan-en
raksha bandhan wishes to soldiers,5,1,1250,raksha-bandhan-wishes-en
what rakhi sawant do in dubai,6,1,1250,rakhi-en
when rakhi in 2026,4,1,1250,rakhi-en
who rakhi sawant,3,1,1250,rakhi-en
why rakhi sawant was in jail,6,1,1250,rakhi-en
rakhi without thread,3,1,1201,rakhi-en
rakhi for brother meesho,4,1,1200,rakhi-for-brother-en
rakhi when,2,1,1200,rakhi-en
rakhi without surgery,3,1,1200,rakhi-en
why rakhi sawant is famous,5,1,1200,rakhi-en
rakhi to usa,3,1,1101,rakhi-en
how rakhi sawant got famous,5,1,1100,rakhi-en
rakhi time 2026 shubh muhurat,5,1,1100,rakhi-en
rakhi best gift for brother,5,1,1050,rakhi-en
rakhi for brother set,4,1,1002,rakhi-for-brother-en
rakhi on,2,1,1000,rakhi-en
rakhi vlogs,2,1,1000,rakhi-en
rakhi without metal,3,1,1000,rakhi-en
rakhi holiday,2,1,953,rakhi-en
rakhi hamper for brother,4,1,952,rakhi-en
rakhi hsn code,3,1,951,rakhi-en
rakhi outfits for women,4,1,951,rakhi-en
rakhi homemade,2,1,950,rakhi-en
rakhi kab hai 2026,4,1,950,rakhi-en
rakhi on blinkit,3,1,950,rakhi-en
rakhi quotes for long distance brother,6,1,950,rakhi-en
rakhi template free download,4,1,950,rakhi-en
rakhi birla,2,1,901,rakhi-en
rakhi under 100,3,1,901,rakhi-en
rakhi apparels,2,1,900,rakhi-en
rakhi bandhne ka samay,4,1,900,rakhi-en
rakhi utsav 2026,3,1,900,rakhi-en
rakhi making kit,3,1,854,rakhi-en
rakhi making competition ideas,4,1,853,rakhi-en
rakhi movie,2,1,852,rakhi-en
rakhi making activity,3,1,851,rakhi-en
rakhi festival 2026,3,1,850,rakhi-en
rakhi for brother cartoon,4,1,850,rakhi-for-brother-en
rakhi gift ideas,3,1,850,rakhi-en
rakhi mehndi design simple and beautiful,6,1,850,rakhi-en
rakhi offer,2,1,850,rakhi-en
rakhi unique,2,1,850,rakhi-en
rakhi wishes,2,1,850,rakhi-en
rakhi holiday 2026,3,1,801,rakhi-en
rakhi without beads,3,1,801,rakhi-en
rakhi handmade,2,1,800,rakhi-en
rakhi without background,3,1,800,rakhi-en
raksha bandhan akshay kumar,4,1,800,raksha-bandhan-en
raksha bandhan shubh muhurat 2026,5,1,800,raksha-bandhan-en
when rakhi festival in 2026,5,1,800,rakhi-en
rakhi combo,2,1,755,rakhi-en
rakhi cake,2,1,754,rakhi-en
rakhi cinema,2,1,753,rakhi-en
rakhi craft ideas,3,1,752,rakhi-en
rakhi competition in school,4,1,751,rakhi-en
rakhi this year,3,1,751,rakhi-en
rakhi card design,3,1,750,rakhi-en
rakhi kb h,3,1,750,rakhi-en
rakhi thread,2,1,750,rakhi-en
rakhi under 50,3,1,750,rakhi-en
rakhi for brother bhabhi,4,1,702,rakhi-for-brother-en
rakhi for brother blinkit,4,1,700,rakhi-for-brother-en
rakhi quotes for brother in hindi,6,1,700,rakhi-en
raksha bandhan essay in english 500 words,7,1,700,raksha-bandhan-en
raksha bandhan par nibandh 10 line,6,1,700,raksha-bandhan-en
rakhi for brother chandi,4,1,652,rakhi-for-brother-en
rakhi bandhan kab hai,4,1,651,rakhi-en
rakhi for brother car,4,1,651,rakhi-for-brother-en
rakhi for brother under 500,5,1,651,rakhi-for-brother-en
rakhi janmashtami 2026,3,1,651,rakhi-en
rakhi purnima,2,1,651,rakhi-en
rakhi bandhan kobe,3,1,650,rakhi-en
rakhi competition ideas,3,1,650,rakhi-en
rakhi for brother cute,4,1,650,rakhi-for-brother-en
rakhi for brother under 50,5,1,650,rakhi-for-brother-en
rakhi is on,3,1,650,rakhi-en
rakhi jadhav,2,1,650,rakhi-en
rakhi nariani shirke,3,1,650,rakhi-en
rakhi purnima 2026 date and time bengali,7,1,650,rakhi-en
rakhi thali set,3,1,650,rakhi-en
why rakhi is tied to bhabhi,6,1,650,rakhi-en
rakhi purnima 2026 date,4,1,604,rakhi-en
rakhi png,2,1,603,rakhi-en
rakhi thali decoration ideas,4,1,603,rakhi-en
rakhi yadav,2,1,603,rakhi-en
rakhi 2026 muhurat,3,1,602,rakhi-en
rakhi card making,3,1,602,rakhi-en
rakhi for brother giva,4,1,602,rakhi-for-brother-en
rakhi photo,2,1,602,rakhi-en
rakhi quotes in hindi,4,1,602,rakhi-en
rakhi rathore,2,1,602,rakhi-en
rakhi timing 2026 muhurat,4,1,602,rakhi-en
rakhi unique design,3,1,602,rakhi-en
rakhi yojana,2,1,602,rakhi-en
best rakhi for brother 2026,5,1,601,rakhi-for-brother-en
can i tie rakhi for my brother in law,9,1,601,rakhi-for-brother-en
can i tie rakhi to my boyfriend,7,1,601,rakhi-en
can i wish raksha bandhan to sister,7,1,601,raksha-bandhan-en
happy raksha bandhan wishes template,5,1,601,raksha-bandhan-wishes-en
how rakhi sawant earn money,5,1,601,rakhi-en
how to make rakhi for brother,6,1,601,rakhi-for-brother-en
how to reply raksha bandhan wishes,6,1,601,raksha-bandhan-wishes-en
is it rakhi or raksha bandhan,6,1,601,rakhi-en
is rakhi for brothers,4,1,601,rakhi-for-brother-en
rakhi 2026 date in india,5,1,601,rakhi-en
rakhi 2027 date in india,5,1,601,rakhi-en
rakhi amazon,2,1,601,rakhi-en
rakhi application,2,1,601,rakhi-en
rakhi best wishes,3,1,601,rakhi-en
rakhi bracelet,2,1,601,rakhi-en
rakhi brother video,3,1,601,rakhi-for-brother-en
rakhi celebration 2026,3,1,601,rakhi-en
rakhi day,2,1,601,rakhi-en
rakhi eppudu,2,1,601,rakhi-en
rakhi for brother best,4,1,601,rakhi-for-brother-en
rakhi for brother canada,4,1,601,rakhi-for-brother-en
rakhi for brother drawing,4,1,601,rakhi-for-brother-en
rakhi for brother gift set,5,1,601,rakhi-for-brother-en
rakhi for brother home made,5,1,601,rakhi-for-brother-en
rakhi for brother krishna,4,1,601,rakhi-for-brother-en
rakhi for brother light,4,1,601,rakhi-for-brother-en
rakhi for brother making at home,6,1,601,rakhi-for-brother-en
rakhi for brother usa,4,1,601,rakhi-for-brother-en
rakhi for my brother,4,1,601,rakhi-for-brother-en
rakhi for teenage brother,4,1,601,rakhi-for-brother-en
rakhi for younger brother,4,1,601,rakhi-for-brother-en
rakhi free bus service 2025,5,1,601,rakhi-en
rakhi gift hamper for sister,5,1,601,rakhi-en
rakhi hamper for brother zepto,5,1,601,rakhi-for-brother-en
rakhi hamper for sister,4,1,601,rakhi-en
rakhi happy raksha bandhan wishes z,6,1,601,raksha-bandhan-wishes-en
rakhi in odisha,3,1,601,rakhi-en
rakhi jewellers,2,1,601,rakhi-en
rakhi kitne tarikh ko hai,5,1,601,rakhi-en
rakhi lumba set,3,1,601,rakhi-en
rakhi maker online,3,1,601,rakhi-en
rakhi naam ki rashi,4,1,601,rakhi-en
rakhi purnima kab hai,4,1,601,rakhi-en
rakhi quotes for brother for instagram,6,1,601,rakhi-for-brother-en
rakhi quotes in punjabi,4,1,601,rakhi-en
rakhi raw material,3,1,601,rakhi-en
rakhi set,2,1,601,rakhi-en
rakhi template ntr,3,1,601,rakhi-en
rakhi to canada,3,1,601,rakhi-en
rakhi under 20,3,1,601,rakhi-en
rakhi vijan movies,3,1,601,rakhi-en
rakhi wishes for best brother,5,1,601,rakhi-for-brother-en
rakhi wishes for brother quotes,5,1,601,rakhi-for-brother-en
rakhi with name,3,1,601,rakhi-en
rakhi x ray purulia,4,1,601,rakhi-en
rakhi youtuber age,3,1,601,rakhi-en
rakhi zodiac sign,3,1,601,rakhi-en
raksha bandhan 2026 quotes,4,1,601,raksha-bandhan-wishes-en
raksha bandhan 2027 wishes,4,1,601,raksha-bandhan-wishes-en
raksha bandhan ad by giva,5,1,601,raksha-bandhan-en
raksha bandhan best wishes for sister,6,1,601,raksha-bandhan-wishes-en
raksha bandhan creator,3,1,601,raksha-bandhan-en
raksha bandhan dress,3,1,601,raksha-bandhan-en
raksha bandhan greeting card maker,5,1,601,raksha-bandhan-wishes-en
raksha bandhan jewellery wishes,4,1,601,raksha-bandhan-wishes-en
raksha bandhan wishes assamese,4,1,601,raksha-bandhan-wishes-en
raksha bandhan wishes brother,4,1,601,raksha-bandhan-wishes-en
raksha bandhan wishes caption,4,1,601,raksha-bandhan-wishes-en
raksha bandhan wishes download,4,1,601,raksha-bandhan-wishes-en
raksha bandhan wishes english,4,1,601,raksha-bandhan-wishes-en
raksha bandhan wishes freepik,4,1,601,raksha-bandhan-wishes-en
raksha bandhan wishes gujarati,4,1,601,raksha-bandhan-wishes-en
raksha bandhan wishes hindi,4,1,601,raksha-bandhan-wishes-en
raksha bandhan wishes kannada,4,1,601,raksha-bandhan-wishes-en
raksha bandhan wishes lines,4,1,601,raksha-bandhan-wishes-en
raksha bandhan wishes nepali,4,1,601,raksha-bandhan-wishes-en
raksha bandhan wishes odia,4,1,601,raksha-bandhan-wishes-en
raksha bandhan wishes photo,4,1,601,raksha-bandhan-wishes-en
raksha bandhan wishes quotes,4,1,601,raksha-bandhan-wishes-en
raksha bandhan wishes reply to sister,6,1,601,raksha-bandhan-wishes-en
raksha bandhan wishes sister,4,1,601,raksha-bandhan-wishes-en
raksha bandhan wishes to sister,5,1,601,raksha-bandhan-wishes-en
raksha bandhan wishes unique,4,1,601,raksha-bandhan-wishes-en
raksha bandhan wishes video,4,1,601,raksha-bandhan-wishes-en
raksha bandhan without brother quotes,5,1,601,raksha-bandhan-en
what rakhi gift for sister,5,1,601,rakhi-en
what to gift for rakhi for brother,7,1,601,rakhi-for-brother-en
when is rakhi for brother,5,1,601,rakhi-for-brother-en
when rakhi pournami in 2026,5,1,601,rakhi-en
which rakhi is best to tie,6,1,601,rakhi-en
who's rakhi birla,3,1,601,rakhi-en
why rakhi astrologer,3,1,601,rakhi-en
wishes for brother on raksha bandhan,6,1,601,raksha-bandhan-wishes-en
best rakhi for brother silver,5,1,600,rakhi-for-brother-en
can i tie rakhi to my crush,7,1,600,rakhi-en
can i wish raksha bandhan to my husband,8,1,600,raksha-bandhan-en
free raksha bandhan card,4,1,600,raksha-bandhan-wishes-en
how rakhi started in india,5,1,600,rakhi-en
how to say raksha bandhan wishes,6,1,600,raksha-bandhan-wishes-en
how to tie rakhi for brother,6,1,600,rakhi-for-brother-en
is rakhi only for brother,5,1,600,rakhi-for-brother-en
rakhi 2026 timing,3,1,600,rakhi-en
rakhi 2027 date in india time,6,1,600,rakhi-en
rakhi appointment,2,1,600,rakhi-en
rakhi august 2026,3,1,600,rakhi-en
rakhi best quality,3,1,600,rakhi-en
rakhi blessings for brother quotes,5,1,600,rakhi-for-brother-en
rakhi brother vicky,3,1,600,rakhi-for-brother-en
rakhi bumper 2026 date in punjab,6,1,600,rakhi-en
rakhi card for brother handmade,5,1,600,rakhi-for-brother-en
rakhi craft for kids,4,1,600,rakhi-en
rakhi design 2026 for brother,5,1,600,rakhi-for-brother-en
rakhi drawing for school,4,1,600,rakhi-en
rakhi envelope,2,1,600,rakhi-en
rakhi festival 2026 date,4,1,600,rakhi-en
rakhi for brother beautiful,4,1,600,rakhi-for-brother-en
rakhi for brother fnp,4,1,600,rakhi-for-brother-en
rakhi for brother kundan,4,1,600,rakhi-for-brother-en
rakhi for brother making,4,1,600,rakhi-for-brother-en
rakhi for brother pack of 4,6,1,600,rakhi-for-brother-en
rakhi for brother uk,4,1,600,rakhi-for-brother-en
rakhi for gym brother,4,1,600,rakhi-for-brother-en
rakhi for little brother,4,1,600,rakhi-for-brother-en
rakhi for muslim brother,4,1,600,rakhi-for-brother-en
rakhi for rakhi,3,1,600,rakhi-en
rakhi for toddler brother,4,1,600,rakhi-for-brother-en
rakhi for your brother,4,1,600,rakhi-for-brother-en
rakhi free delivery,3,1,600,rakhi-en
rakhi gift ideas for sister,5,1,600,rakhi-en
rakhi hindi,2,1,600,rakhi-en
rakhi ji,2,1,600,rakhi-en
rakhi ka shubh muhurt,4,1,600,rakhi-en
rakhi look,2,1,600,rakhi-en
rakhi maker machine,3,1,600,rakhi-en
rakhi new song,3,1,600,rakhi-en
rakhi on 2026,3,1,600,rakhi-en
rakhi pic,2,1,600,rakhi-en
rakhi quotes for sister,4,1,600,rakhi-en
rakhi rai,2,1,600,rakhi-en
rakhi sawant brother rakesh sawant,5,1,600,rakhi-for-brother-en
rakhi song,2,1,600,rakhi-en
rakhi template for instagram story,5,1,600,rakhi-en
rakhi to australia,3,1,600,rakhi-en
rakhi under 100 set of 3,6,1,600,rakhi-en
rakhi verma,2,1,600,rakhi-en
rakhi wholesale,2,1,600,rakhi-en
rakhi with name for brother online free,7,1,600,rakhi-for-brother-en
rakhi with photo,3,1,600,rakhi-en
rakhi without makeup,3,1,600,rakhi-en
rakhi xerox,2,1,600,rakhi-en
rakhi youtube channel,3,1,600,rakhi-en
rakhi ziva,2,1,600,rakhi-en
raksha bandhan 2026 messages,4,1,600,raksha-bandhan-wishes-en
raksha bandhan aa raha hai,5,1,600,raksha-bandhan-en
raksha bandhan essay 10 lines,5,1,600,rb-hi
raksha bandhan greeting card template,5,1,600,raksha-bandhan-wishes-en
raksha bandhan is a bank holiday,6,1,600,raksha-bandhan-en
raksha bandhan ka shubh muhurat kab hai,7,1,600,raksha-bandhan-en
raksha bandhan up roadways news,5,1,600,raksha-bandhan-en
raksha bandhan wishes and images,5,1,600,raksha-bandhan-wishes-en
raksha bandhan wishes bhai,4,1,600,raksha-bandhan-wishes-en
raksha bandhan wishes corporate,4,1,600,raksha-bandhan-wishes-en
raksha bandhan wishes didi,4,1,600,raksha-bandhan-wishes-en
raksha bandhan wishes emoji,4,1,600,raksha-bandhan-wishes-en
raksha bandhan wishes for jiju,5,1,600,raksha-bandhan-wishes-en
raksha bandhan wishes for online brother,6,1,600,raksha-bandhan-wishes-en
raksha bandhan wishes for younger sister,6,1,600,raksha-bandhan-wishes-en
raksha bandhan wishes gif,4,1,600,raksha-bandhan-wishes-en
raksha bandhan wishes hindi mein,5,1,600,raksha-bandhan-wishes-en
raksha bandhan wishes images 2025,5,1,600,raksha-bandhan-wishes-en
raksha bandhan wishes in urdu,5,1,600,raksha-bandhan-wishes-en
raksha bandhan wishes kannada text,5,1,600,raksha-bandhan-wishes-en
raksha bandhan wishes message,4,1,600,raksha-bandhan-wishes-en
raksha bandhan wishes n images,5,1,600,raksha-bandhan-wishes-en
raksha bandhan wishes one line,5,1,600,raksha-bandhan-wishes-en
raksha bandhan wishes poster,4,1,600,raksha-bandhan-wishes-en
raksha bandhan wishes quotes in english,6,1,600,raksha-bandhan-wishes-en
raksha bandhan wishes reply,4,1,600,raksha-bandhan-wishes-en
raksha bandhan wishes telugu,4,1,600,raksha-bandhan-wishes-en
raksha bandhan wishes twitter,4,1,600,raksha-bandhan-wishes-en
raksha bandhan wishes video status,5,1,600,raksha-bandhan-wishes-en
raksha bandhan without sister quotes,5,1,600,raksha-bandhan-en
raksha bandhan youtube,3,1,600,rb-hi
what is raksha bandhan quotes,5,1,600,raksha-bandhan-wishes-en
what rakhi in india,4,1,600,rakhi-en
when is raksha bandhan quotes,5,1,600,raksha-bandhan-wishes-en
when rakhi is celebrated,4,1,600,rakhi-en
which rakhi is good,4,1,600,rakhi-en
who's rakhi sawant husband,4,1,600,rakhi-en
why rakhi sawant is like this,6,1,600,rakhi-en
best rakhi for brother under 100,6,1,562,rakhi-for-brother-en
can i tie rakhi to my husband,7,1,562,rakhi-en
can i wish raksha bandhan to my best friend,9,1,562,raksha-bandhan-en
rakhi for brother delivery,4,1,562,rakhi-for-brother-en
rakhi for lawyer brother,4,1,562,rakhi-for-brother-en
rakhi jokes for brother,4,1,562,rakhi-for-brother-en
rakhi message for younger brother,5,1,562,rakhi-for-brother-en
rakhi vijan brother,3,1,562,rakhi-for-brother-en
raksha bandhan best wishes in hindi,6,1,562,raksha-bandhan-wishes-en
raksha bandhan wishes aesthetic,4,1,562,raksha-bandhan-wishes-en
raksha bandhan wishes brother to sister,6,1,562,raksha-bandhan-wishes-en
raksha bandhan wishes drawing,4,1,562,raksha-bandhan-wishes-en
raksha bandhan wishes editing,4,1,562,raksha-bandhan-wishes-en
raksha bandhan wishes for younger brother in english,8,1,562,raksha-bandhan-wishes-en
raksha bandhan wishes gujarati text,5,1,562,raksha-bandhan-wishes-en
raksha bandhan wishes hd images,5,1,562,raksha-bandhan-wishes-en
raksha bandhan wishes krishna,4,1,562,raksha-bandhan-wishes-en
raksha bandhan wishes little brother,5,1,562,raksha-bandhan-wishes-en
raksha bandhan wishes marathi text,5,1,562,raksha-bandhan-wishes-en
raksha bandhan wishes nibandh,4,1,562,raksha-bandhan-wishes-en
raksha bandhan wishes on whatsapp,5,1,562,raksha-bandhan-wishes-en
raksha bandhan wishes pic,4,1,562,raksha-bandhan-wishes-en
raksha bandhan wishes quotes in hindi,6,1,562,raksha-bandhan-wishes-en
raksha bandhan wishes reply to sister in english,8,1,562,raksha-bandhan-wishes-en
raksha bandhan wishes sanskrit,4,1,562,raksha-bandhan-wishes-en
raksha bandhan wishes wallpaper,4,1,562,raksha-bandhan-wishes-en
raksha bandhan without brother,4,1,562,raksha-bandhan-en
best rakhi for brother and bhabhi,6,1,561,rakhi-for-brother-en
can i tie rakhi today,5,1,561,rakhi-en
can i wish raksha bandhan to my girlfriend,8,1,561,raksha-bandhan-en
is it rakhi today in india,6,1,561,rakhi-en
rakhi 2027 date and time,5,1,561,rakhi-en
rakhi for brother designer,4,1,561,rakhi-for-brother-en
rakhi for brother flipkart under 100,6,1,561,rakhi-for-brother-en
rakhi for brother pack of 2,6,1,561,rakhi-for-brother-en
rakhi for little brother with gift,6,1,561,rakhi-for-brother-en
rakhi for twins brother,4,1,561,rakhi-for-brother-en
rakhi hamper for brother kids,5,1,561,rakhi-for-brother-en
rakhi lohchab husband,3,1,561,rakhi-en
rakhi sawant age,3,1,561,rakhi-en
rakhi sawant brother ravi kishan,5,1,561,rakhi-for-brother-en
rakhi sawant brother vicky,4,1,561,rakhi-for-brother-en
rakhi template free,3,1,561,rakhi-en
rakhi who can tie,4,1,561,rakhi-en
rakhi wishes for brother quotes in english,7,1,561,rakhi-for-brother-en
rakhi wishes for younger brother,5,1,561,rakhi-for-brother-en
rakhi zepto online,3,1,561,rakhi-en
raksha bandhan best wishes in marathi,6,1,561,raksha-bandhan-wishes-en
raksha bandhan quotes nepali,4,1,561,raksha-bandhan-wishes-en
raksha bandhan wishes all,4,1,561,raksha-bandhan-wishes-en
raksha bandhan wishes brother in english,6,1,561,raksha-bandhan-wishes-en
raksha bandhan wishes copy paste,5,1,561,raksha-bandhan-wishes-en
raksha bandhan wishes date,4,1,561,raksha-bandhan-wishes-en
raksha bandhan wishes english for brother,6,1,561,raksha-bandhan-wishes-en
raksha bandhan wishes how to reply,6,1,561,raksha-bandhan-wishes-en
raksha bandhan wishes ka reply kaise de,7,1,561,raksha-bandhan-wishes-en
raksha bandhan wishes msg,4,1,561,raksha-bandhan-wishes-en
raksha bandhan wishes on pinterest,5,1,561,raksha-bandhan-wishes-en
raksha bandhan wishes pinterest,4,1,561,raksha-bandhan-wishes-en
raksha bandhan wishes quotes for brother,6,1,561,raksha-bandhan-wishes-en
raksha bandhan wishes reply to brother,6,1,561,raksha-bandhan-wishes-en
raksha bandhan wishes sister in hindi,6,1,561,raksha-bandhan-wishes-en
raksha bandhan wishes to your brother,6,1,561,raksha-bandhan-wishes-en
raksha bandhan wishes video download,5,1,561,raksha-bandhan-wishes-en
raksha bandhan wishes whatsapp status,5,1,561,raksha-bandhan-wishes-en
raksha bandhan zenekar,3,1,561,rb-hi
best rakhi for brother in india,6,1,560,rakhi-for-brother-en
can i tie rakhi on 10 august 2025,8,1,560,rakhi-en
can i wish raksha bandhan to friend,7,1,560,raksha-bandhan-en
how to raksha bandhan 2025,5,1,560,rb-hi
is it rakhi or rakhee,5,1,560,rakhi-en
jagannath rakhi for brother,4,1,560,rakhi-for-brother-en
online raksha bandhan rakhi,4,1,560,rb-hi
rakhi 2026 muhurat time in hindi,6,1,560,rakhi-en
rakhi 2027 mein kab hai,5,1,560,rakhi-en
rakhi activity for kids,4,1,560,rakhi-en
rakhi collage maker,3,1,560,rakhi-en
rakhi for brother funny,4,1,560,rakhi-for-brother-en
rakhi for brother phool,4,1,560,rakhi-for-brother-en
rakhi for doctor brother,4,1,560,rakhi-for-brother-en
rakhi for two brothers,4,1,560,rakhi-for-brother-en
rakhi gift for brother hamper,5,1,560,rakhi-for-brother-en
rakhi gift for brother kids,5,1,560,rakhi-for-brother-en
rakhi gift for brother quotes,5,1,560,rakhi-for-brother-en
rakhi gift for younger brother,5,1,560,rakhi-for-brother-en
rakhi hamper for brother online,5,1,560,rakhi-for-brother-en
rakhi jewellery,2,1,560,rakhi-en
rakhi lumba,2,1,560,rakhi-en
rakhi meaning,2,1,560,rakhi-en
rakhi sawant husband,3,1,560,rakhi-en
rakhi template vn,3,1,560,rakhi-en
rakhi which hand,3,1,560,rakhi-en
rakhi who started,3,1,560,rakhi-en
rakhi wishes for brother long distance,6,1,560,rakhi-for-brother-en
rakhi wishes for brother marathi,5,1,560,rakhi-for-brother-en
rakhi zapatos,2,1,560,rakhi-en
raksha bandhan apps,3,1,560,rb-hi
raksha bandhan best wishes for brother in english,8,1,560,raksha-bandhan-wishes-en
raksha bandhan picture,3,1,560,rb-hi
raksha bandhan quotes free download,5,1,560,raksha-bandhan-wishes-en
raksha bandhan return wishes,4,1,560,raksha-bandhan-wishes-en
raksha bandhan wishes all brothers,5,1,560,raksha-bandhan-wishes-en
raksha bandhan wishes banner,4,1,560,raksha-bandhan-wishes-en
raksha bandhan wishes design,4,1,560,raksha-bandhan-wishes-en
raksha bandhan wishes english images,5,1,560,raksha-bandhan-wishes-en
raksha bandhan wishes for non blood brother,7,1,560,raksha-bandhan-wishes-en
raksha bandhan wishes for younger brother in kannada,8,1,560,raksha-bandhan-wishes-en
raksha bandhan wishes from jewellers,5,1,560,raksha-bandhan-wishes-en
raksha bandhan wishes greetings,4,1,560,raksha-bandhan-wishes-en
raksha bandhan wishes hd,4,1,560,raksha-bandhan-wishes-en
raksha bandhan wishes kids,4,1,560,raksha-bandhan-wishes-en
raksha bandhan wishes letter,4,1,560,raksha-bandhan-wishes-en
raksha bandhan wishes marathi for sister,6,1,560,raksha-bandhan-wishes-en
raksha bandhan wishes photos download,5,1,560,raksha-bandhan-wishes-en
raksha bandhan wishes quotes for sister,6,1,560,raksha-bandhan-wishes-en
raksha bandhan wishes sticker,4,1,560,raksha-bandhan-wishes-en
raksha bandhan wishes to sister in hindi,7,1,560,raksha-bandhan-wishes-en
raksha bandhan wishes video status download,6,1,560,raksha-bandhan-wishes-en
raksha bandhan without sister quotes in hindi,7,1,560,raksha-bandhan-en
resham rakhi for brother,4,1,560,rakhi-for-brother-en
vendi rakhi for brother,4,1,560,rakhi-for-brother-en
when rakhi festival,3,1,560,rakhi-en
where raksha bandhan is celebrated,5,1,560,raksha-bandhan-en
best rakhi for brother under 500,6,1,559,rakhi-for-brother-en
can i tie rakhi to my brother in law,9,1,559,rakhi-en
can i wish raksha bandhan to my boyfriend,8,1,559,raksha-bandhan-en
happy raksha bandhan jiju wishes,5,1,559,raksha-bandhan-wishes-en
happy raksha bandhan wishes free download,6,1,559,raksha-bandhan-wishes-en
how celebrate raksha bandhan,4,1,559,rb-hi
how rakhi is celebrated,4,1,559,rakhi-en
is it rakhi or rakhdi,5,1,559,rakhi-en
is raksha bandhan a bank holiday,6,1,559,raksha-bandhan-en
rakhi 2026 design,3,1,559,rakhi-en
rakhi 2027 date in india calendar,6,1,559,rakhi-en
rakhi abba date,3,1,559,rakhi-en
rakhi art,2,1,559,rakhi-en
rakhi bandhan zee bangla,4,1,559,raksha-bandhan-en
rakhi exhibition near me,4,1,559,rakhi-en
rakhi for brother aesthetic,4,1,559,rakhi-for-brother-en
rakhi for brother pack of 10,6,1,559,rakhi-for-brother-en
rakhi for dog brother,4,1,559,rakhi-for-brother-en
rakhi for gamer brother,4,1,559,rakhi-for-brother-en
rakhi for three brothers,4,1,559,rakhi-for-brother-en
rakhi gift for brother flipkart,5,1,559,rakhi-for-brother-en
rakhi gift for brother myntra,5,1,559,rakhi-for-brother-en
rakhi jain,2,1,559,rakhi-en
rakhi latest design,3,1,559,rakhi-en
rakhi message for brother hindi,5,1,559,rakhi-for-brother-en
rakhi message for brother quotes,5,1,559,rakhi-for-brother-en
rakhi quotes for younger brother,5,1,559,rakhi-for-brother-en
rakhi rakhi song lyrics,4,1,559,rakhi-en
rakhi shubh muhurat time 2026,5,1,559,rakhi-en
rakhi template canva,3,1,559,rakhi-en
rakhi video maker app,4,1,559,rakhi-en
rakhi vijan husband,3,1,559,rakhi-en
rakhi wala,2,1,559,rakhi-en
rakhi which date,3,1,559,rakhi-en
rakhi youtuber kahan rahti hai,5,1,559,rakhi-en
rakhi zomato,2,1,559,rakhi-en
rakhi.jewellery for.brother,2,1,559,rakhi-for-brother-en
rakhigarhi who discovered,3,1,559,rakhi-en
raksha bandhan best wishes for sister in hindi,8,1,559,raksha-bandhan-wishes-en
raksha bandhan day wishes,4,1,559,raksha-bandhan-wishes-en
raksha bandhan kitne tarikh ko hai,6,1,559,rb-hi
raksha bandhan quotes and images,5,1,559,raksha-bandhan-wishes-en
raksha bandhan quotes video,4,1,559,raksha-bandhan-wishes-en
raksha bandhan return wishes to sister,6,1,559,raksha-bandhan-wishes-en
raksha bandhan wishes bhai hindi,5,1,559,raksha-bandhan-wishes-en
raksha bandhan wishes card with name,6,1,559,raksha-bandhan-wishes-en
raksha bandhan wishes english mein,5,1,559,raksha-bandhan-wishes-en
raksha bandhan wishes for younger brother in hindi,8,1,559,raksha-bandhan-wishes-en
raksha bandhan wishes good morning,5,1,559,raksha-bandhan-wishes-en
raksha bandhan wishes hindi images,5,1,559,raksha-bandhan-wishes-en
raksha bandhan wishes kaise kare,5,1,559,raksha-bandhan-wishes-en
raksha bandhan wishes message for brother,6,1,559,raksha-bandhan-wishes-en
raksha bandhan wishes odia text,5,1,559,raksha-bandhan-wishes-en
raksha bandhan wishes png,4,1,559,raksha-bandhan-wishes-en
raksha bandhan wishes quotes in marathi,6,1,559,raksha-bandhan-wishes-en
raksha bandhan wishes sister in marathi,6,1,559,raksha-bandhan-wishes-en
raksha bandhan wishes to brother in english,7,1,559,raksha-bandhan-wishes-en
raksha bandhan without background,4,1,559,raksha-bandhan-en
resin rakhi for brother,4,1,559,rakhi-for-brother-en
silver rakhi for brother online,5,1,559,rakhi-for-brother-en
veera rakhi for brother,4,1,559,rakhi-for-brother-en
what day raksha bandhan,4,1,559,rb-hi
what rakhi called in english,5,1,559,rakhi-en
when rakhi purnima,3,1,559,rakhi-en
best rakhi for brother bracelet,5,1,558,rakhi-for-brother-en
can i send rakhi from amazon to us,8,1,558,rakhi-en
can i wish raksha bandhan to brother,7,1,558,raksha-bandhan-en
free rakhi cards for brother,5,1,558,rakhi-for-brother-en
happy raksha bandhan wishes nepali,5,1,558,raksha-bandhan-wishes-en
happy raksha bandhan wishes reply to sister,7,1,558,raksha-bandhan-wishes-en
happy raksha bandhan wishes video,5,1,558,raksha-bandhan-wishes-en
how rakhi is made,4,1,558,rakhi-en
how to say raksha bandhan wishes to sister,8,1,558,raksha-bandhan-wishes-en
is it raksha bandhan,4,1,558,rakhi-en
kalyan jewellers rakhi for brother,5,1,558,rakhi-for-brother-en
rakhi 2026 kab hai,4,1,558,rakhi-en
rakhi 2027 india,3,1,558,rakhi-en
rakhi ad kriti sanon,4,1,558,rakhi-en
rakhi apple,2,1,558,rakhi-en
rakhi bandhan apps,3,1,558,raksha-bandhan-en
rakhi blessings for brother quotes in english,7,1,558,rakhi-for-brother-en
rakhi eppudu kattali 2026 time,5,1,558,rakhi-en
rakhi for brother and bhabhi amazon,6,1,558,rakhi-for-brother-en
rakhi for brother baby,4,1,558,rakhi-for-brother-en
rakhi for brother pack,4,1,558,rakhi-for-brother-en
rakhi for brother set of 3,6,1,558,rakhi-for-brother-en
rakhi for brother under ₹ 100,6,1,558,rakhi-for-brother-en
rakhi for dead brother,4,1,558,rakhi-for-brother-en
rakhi free fire,3,1,558,rakhi-en
rakhi gift for brother handmade,5,1,558,rakhi-for-brother-en
rakhi hamper for younger brother,5,1,558,rakhi-for-brother-en
rakhi jindal,2,1,558,rakhi-en
rakhi kobe,2,1,558,rakhi-en
rakhi lottery punjab,3,1,558,rakhi-en
rakhi message for brother long distance,6,1,558,rakhi-for-brother-en
rakhi name,2,1,558,rakhi-en
rakhi online meesho,3,1,558,rakhi-en
rakhi quotes for brother marathi,5,1,558,rakhi-for-brother-en
rakhi raw material wholesale,4,1,558,rakhi-en
rakhi special,2,1,558,rakhi-en
rakhi template for shop,4,1,558,rakhi-en
rakhi vector,2,1,558,rakhi-en
rakhi video maker,3,1,558,rakhi-en
rakhi what date,3,1,558,rakhi-en
rakhi who goes to whose house,6,1,558,rakhi-en
rakhi wishes for brother from another mother,7,1,558,rakhi-for-brother-en
rakhi with clay,3,1,558,rakhi-en
rakhi yojana online apply punjab,5,1,558,rakhi-en
rakhi zee tv serial,4,1,558,rakhi-en
rakhigarhi which state,3,1,558,rakhi-en
raksha bandhan advance wishes,4,1,558,raksha-bandhan-wishes-en
raksha bandhan best wishes images,5,1,558,raksha-bandhan-wishes-en
raksha bandhan creative wishes,4,1,558,raksha-bandhan-wishes-en
raksha bandhan greeting design,4,1,558,raksha-bandhan-wishes-en
raksha bandhan invitation card free,5,1,558,raksha-bandhan-wishes-en
raksha bandhan muhurt,3,1,558,rb-hi
raksha bandhan no nibandh,4,1,558,raksha-bandhan-en
raksha bandhan wishes bengali,4,1,558,raksha-bandhan-wishes-en
raksha bandhan wishes emotional,4,1,558,raksha-bandhan-wishes-en
raksha bandhan wishes for kanha ji,6,1,558,raksha-bandhan-wishes-en
raksha bandhan wishes for your sister,6,1,558,raksha-bandhan-wishes-en
raksha bandhan wishes gujarati text for brother,7,1,558,raksha-bandhan-wishes-en
raksha bandhan wishes hindi shayari,5,1,558,raksha-bandhan-wishes-en
raksha bandhan wishes kannada images,5,1,558,raksha-bandhan-wishes-en
raksha bandhan wishes lines in hindi,6,1,558,raksha-bandhan-wishes-en
raksha bandhan wishes message in hindi,6,1,558,raksha-bandhan-wishes-en
raksha bandhan wishes on status,5,1,558,raksha-bandhan-wishes-en
raksha bandhan wishes quotes in kannada,6,1,558,raksha-bandhan-wishes-en
raksha bandhan wishes song,4,1,558,raksha-bandhan-wishes-en
raksha bandhan wishes to friends,5,1,558,raksha-bandhan-wishes-en
real silver rakhi for brother,5,1,558,rakhi-for-brother-en
silver rakhi for brother giva,5,1,558,rakhi-for-brother-en
silver rakhi for brother kids,5,1,558,rakhi-for-brother-en
silver rakhi for brother tanishq,5,1,558,rakhi-for-brother-en
virat kohli rakhi for brother,5,1,558,rakhi-for-brother-en
when rakhi comes,3,1,558,rakhi-en
who is raksha bandhan date,5,1,558,rb-hi
why rakhi sawant divorce,4,1,558,rakhi-en
can i tie rakhi to hanuman ji,7,1,557,rakhi-en
can raksha bandhan,3,1,557,raksha-bandhan-en
gold rakhi for brother tanishq,5,1,557,rakhi-for-brother-en
happy raksha bandhan kanha ji wishes,6,1,557,raksha-bandhan-wishes-en
happy raksha bandhan wishes download,5,1,557,raksha-bandhan-wishes-en
happy raksha bandhan wishes return reply,6,1,557,raksha-bandhan-wishes-en
how rakhi sawant,3,1,557,rakhi-en
how to reply raksha bandhan wishes as a brother,9,1,557,raksha-bandhan-wishes-en
rakhi 2026 date and time,5,1,557,rakhi-en
rakhi 2027 in india calendar,5,1,557,rakhi-en
rakhi app india,3,1,557,rakhi-en
rakhi at home,3,1,557,rakhi-en
rakhi best outfit,3,1,557,rakhi-en
rakhi caption for younger brother,5,1,557,rakhi-for-brother-en
rakhi card for brother online,5,1,557,rakhi-for-brother-en
rakhi eco friendly,3,1,557,rakhi-en
rakhi for brother and bhabhi under 100,7,1,557,rakhi-for-brother-en
rakhi for brother bhabhi and kids,6,1,557,rakhi-for-brother-en
rakhi for brother igp,4,1,557,rakhi-for-brother-en
rakhi for brother pack of 3,6,1,557,rakhi-for-brother-en
rakhi for brother set of 6,6,1,557,rakhi-for-brother-en
rakhi for brother under ₹ 200,6,1,557,rakhi-for-brother-en
rakhi free images,3,1,557,rakhi-en
rakhi gift for sister under 500,6,1,557,rakhi-en
rakhi july 2026,3,1,557,rakhi-en
rakhi ka photo,3,1,557,rakhi-en
rakhi letter to brother,4,1,557,rakhi-en
rakhi messages for brother living distance long,7,1,557,rakhi-for-brother-en
rakhi news,2,1,557,rakhi-en
rakhi online for brother,4,1,557,rakhi-en
rakhi poster maker,3,1,557,rakhi-en
rakhi quotes for brother from another mother,7,1,557,rakhi-for-brother-en
rakhi quotes for brother in punjabi,6,1,557,rakhi-en
rakhi rathore bjp,3,1,557,rakhi-en
rakhi return gift for brother,5,1,557,rakhi-for-brother-en
rakhi sawant net worth,4,1,557,rakhi-en
rakhi short video for brother,5,1,557,rakhi-for-brother-en
rakhi template design,3,1,557,rakhi-en
rakhi village,2,1,557,rakhi-en
rakhi what day,3,1,557,rakhi-en
rakhi who gives gifts,4,1,557,rakhi-en
rakhi wholesale market,3,1,557,rakhi-en
rakhi wishes for brother hindi,5,1,557,rakhi-for-brother-en
rakhi wishes for brother quotes in punjabi,7,1,557,rakhi-for-brother-en
rakhi with roli chawal,4,1,557,rakhi-en
rakhi without sister quotes,4,1,557,rakhi-en
rakhi yojana kya hai,4,1,557,rakhi-en
rakhigarhi which river,3,1,557,rakhi-en
rakhiz,1,1,557,rakhi-en
raksha bandhan best wishes in english,6,1,557,raksha-bandhan-wishes-en
raksha bandhan card maker,4,1,557,raksha-bandhan-en
raksha bandhan card online free,5,1,557,raksha-bandhan-wishes-en
raksha bandhan drawing for class 6,6,1,557,rb-hi
raksha bandhan easy drawing with colour,6,1,557,rb-hi
raksha bandhan is bank holiday,5,1,557,rb-hi
raksha bandhan no copyright song,5,1,557,raksha-bandhan-en
raksha bandhan quotes assamese,4,1,557,raksha-bandhan-wishes-en
raksha bandhan quotes english,4,1,557,raksha-bandhan-wishes-en
raksha bandhan quotes one line,5,1,557,raksha-bandhan-wishes-en
raksha bandhan rakhi bandhne ka muhurat,6,1,557,rb-hi
raksha bandhan template design,4,1,557,raksha-bandhan-en
raksha bandhan vibes quotes,4,1,557,raksha-bandhan-wishes-en
raksha bandhan wishes cartoon,4,1,557,raksha-bandhan-wishes-en
raksha bandhan wishes for non blood sister,7,1,557,raksha-bandhan-wishes-en
raksha bandhan wishes for younger brother in marathi,8,1,557,raksha-bandhan-wishes-en
raksha bandhan wishes gift,4,1,557,raksha-bandhan-wishes-en
raksha bandhan wishes hd wallpaper,5,1,557,raksha-bandhan-wishes-en
raksha bandhan wishes ka reply kya de,7,1,557,raksha-bandhan-wishes-en
raksha bandhan wishes long,4,1,557,raksha-bandhan-wishes-en
raksha bandhan wishes my brother,5,1,557,raksha-bandhan-wishes-en
raksha bandhan wishes quotes for brother in english,8,1,557,raksha-bandhan-wishes-en
raksha bandhan wishes shayari in hindi,6,1,557,raksha-bandhan-wishes-en
raksha bandhan wishes to sister in marathi,7,1,557,raksha-bandhan-wishes-en
raksha bandhan wishes whatsapp,4,1,557,raksha-bandhan-wishes-en
raksha bandhan निबंध मराठी,4,1,557,rb-hi
silver rakhi for brother design,5,1,557,rakhi-for-brother-en
when is it rakhi 2025,5,1,557,rakhi-en
when rakhi bandhan,3,1,557,rakhi-en
why rakhigarhi is famous,4,1,557,rakhi-en
apple rakhi rajkot photos,4,1,556,rakhi-en
best rakhi for brother kids,5,1,556,rakhi-for-brother-en
best rakhi for brother under ₹ 100,7,1,556,rakhi-for-brother-en
can i say happy raksha bandhan,6,1,556,raksha-bandhan-en
can i tie rakhi during periods,6,1,556,rakhi-en
gift for raksha bandhan,4,1,556,rb-hi
happy raksha bandhan wishes for krishna ji,7,1,556,raksha-bandhan-wishes-en
how rakhi bandhan started,4,1,556,rakhi-en
how to pack rakhi for brother,6,1,556,rakhi-for-brother-en
how to respond raksha bandhan wishes,6,1,556,raksha-bandhan-wishes-en
rakhi 2026 date in india time,6,1,556,rakhi-en
rakhi 2026 gift for brother,5,1,556,rakhi-for-brother-en
rakhi 2027 calendar,3,1,556,rakhi-en
rakhi ads,2,1,556,rakhi-en
rakhi best wishes for brother,5,1,556,rakhi-en
rakhi blessings for younger brother,5,1,556,rakhi-for-brother-en
rakhi bracelet for brother gold,5,1,556,rakhi-for-brother-en
rakhi card maker,3,1,556,rakhi-en
rakhi drawing easy and beautiful,5,1,556,rakhi-en
rakhi exhibition 2026,3,1,556,rakhi-en
rakhi festival date,3,1,556,rakhi-en
rakhi for brother birthday,4,1,556,rakhi-for-brother-en
rakhi for brother images,4,1,556,rakhi-for-brother-en
rakhi for brother om,4,1,556,rakhi-for-brother-en
rakhi for brother pack of 6,6,1,556,rakhi-for-brother-en
rakhi for brother set of 5,6,1,556,rakhi-for-brother-en
rakhi for brother under 200,5,1,556,rakhi-for-brother-en
rakhi for christian brother,4,1,556,rakhi-for-brother-en
rakhi for kids boy,4,1,556,rakhi-en
rakhi free fire name style,5,1,556,rakhi-en
rakhi geet,2,1,556,rakhi-en
rakhi gift for brother meesho,5,1,556,rakhi-for-brother-en
rakhi gifts for brother online india,6,1,556,rakhi-for-brother-en
rakhi hamper for brother flipkart,5,1,556,rakhi-for-brother-en
rakhi jaiswal,2,1,556,rakhi-en
rakhi ka tarika,3,1,556,rakhi-en
rakhi kitni tarikh ki hai,5,1,556,rakhi-en
rakhi leave,2,1,556,rakhi-en
rakhi message for brother living abroad,6,1,556,rakhi-for-brother-en
rakhi naam ka arth,4,1,556,rakhi-en
rakhi online set of 2,5,1,556,rakhi-en
rakhi quotes for brother hindi,5,1,556,rakhi-for-brother-en
rakhi rangoli,2,1,556,rakhi-en
rakhi sawant movies and tv shows,6,1,556,rakhi-en
rakhi template with photo,4,1,556,rakhi-en
rakhi video songs,3,1,556,rakhi-en
rakhi web series,3,1,556,rakhi-en
rakhi what to do,4,1,556,rakhi-en
rakhi which day,3,1,556,rakhi-en
rakhi who ties,3,1,556,rakhi-en
rakhi wishes for brother quotes in hindi,7,1,556,rakhi-for-brother-en
rakhi wishes for brother telugu,5,1,556,rakhi-for-brother-en
rakhi with lumba set,4,1,556,rakhi-en
rakhi youtuber photo,3,1,556,rakhi-en
rakhi zone,2,1,556,rakhi-en
raksha bandhan best wishes for brother in hindi,8,1,556,raksha-bandhan-wishes-en
raksha bandhan date 2026 in india calendar,7,1,556,rb-hi
raksha bandhan invitation card free template,6,1,556,raksha-bandhan-wishes-en
raksha bandhan messages and images,5,1,556,raksha-bandhan-wishes-en
raksha bandhan no spelling,4,1,556,raksha-bandhan-en
raksha bandhan quotes emotional,4,1,556,raksha-bandhan-wishes-en
raksha bandhan quotes hindi,4,1,556,raksha-bandhan-wishes-en
raksha bandhan quotes kannada,4,1,556,raksha-bandhan-wishes-en
raksha bandhan quotes odia,4,1,556,raksha-bandhan-wishes-en
raksha bandhan quotes with pictures,5,1,556,raksha-bandhan-wishes-en
raksha bandhan rakhi bandhne ka time,6,1,556,rb-hi
raksha bandhan related quotes,4,1,556,raksha-bandhan-wishes-en
raksha bandhan update,3,1,556,raksha-bandhan-en
raksha bandhan wishes big brother,5,1,556,raksha-bandhan-wishes-en
raksha bandhan wishes cute,4,1,556,raksha-bandhan-wishes-en
raksha bandhan wishes for dead brother,6,1,556,raksha-bandhan-wishes-en
raksha bandhan wishes for nanad,5,1,556,raksha-bandhan-wishes-en
raksha bandhan wishes for younger sister in english,8,1,556,raksha-bandhan-wishes-en
raksha bandhan wishes gif download,5,1,556,raksha-bandhan-wishes-en
raksha bandhan wishes in unique way,6,1,556,raksha-bandhan-wishes-en
raksha bandhan wishes line in english,6,1,556,raksha-bandhan-wishes-en
raksha bandhan wishes post,4,1,556,raksha-bandhan-wishes-en
raksha bandhan wishes quotes images,5,1,556,raksha-bandhan-wishes-en
raksha bandhan wishes short video,5,1,556,raksha-bandhan-wishes-en
raksha bandhan wishes speech,4,1,556,raksha-bandhan-wishes-en
raksha bandhan wishes to my brother,6,1,556,raksha-bandhan-wishes-en
raksha bandhan with gift,4,1,556,raksha-bandhan-en
silver rudraksha rakhi for brother,5,1,556,rakhi-for-brother-en
virtual rakhi wishes for brother,5,1,556,rakhi-for-brother-en
when is it rakhi 2026,5,1,556,rakhi-en
when rakhi pandaga,3,1,556,rakhi-en
who is raksha bandhan 2025,5,1,556,rb-hi
why rakhi sawant shifted to dubai,6,1,556,rakhi-en
apple rakhi photos,3,1,555,rakhi-en
application raksha bandhan par,4,1,555,rb-hi
best rakhi for brother under 25,6,1,555,rakhi-for-brother-en
can i eat before raksha bandhan,6,1,555,raksha-bandhan-en
can i tie rakhi to my sister,7,1,555,rakhi-en
gold rakhi for brother online,5,1,555,rakhi-for-brother-en
happy raksha bandhan kanha ji wishes in hindi,8,1,555,raksha-bandhan-wishes-en
happy raksha bandhan messages reply,5,1,555,raksha-bandhan-wishes-en
happy raksha bandhan unique wishes,5,1,555,raksha-bandhan-wishes-en
how rakhi making,3,1,555,rakhi-en
how to reply raksha bandhan wishes to sister in english,10,1,555,raksha-bandhan-wishes-en
is raksha bandhan hit or flop,6,1,555,raksha-bandhan-en
photo rakhi maker,3,1,555,rakhi-en
rakhi 2026 mein kab hai,5,1,555,rakhi-en
rakhi 2027 date in india holiday,6,1,555,rakhi-en
rakhi age,2,1,555,rakhi-en
rakhi best time 2025,4,1,555,rakhi-en
rakhi captions for brother from another mother,7,1,555,rakhi-for-brother-en
rakhi design photo,3,1,555,rakhi-en
rakhi evil eye,3,1,555,rakhi-en
rakhi flipkart,2,1,555,rakhi-en
rakhi for brother amazon india,5,1,555,rakhi-for-brother-en
rakhi for brother nearby,4,1,555,rakhi-for-brother-en
rakhi for brother only,4,1,555,rakhi-for-brother-en
rakhi for brother single,4,1,555,rakhi-for-brother-en
rakhi for brother under ₹ 500,6,1,555,rakhi-for-brother-en
rakhi for brother with roli chawal,6,1,555,rakhi-for-brother-en
rakhi for ca brother,4,1,555,rakhi-for-brother-en
rakhi for pilot brother,4,1,555,rakhi-for-brother-en
rakhi free video,3,1,555,rakhi-en
rakhi gift set,3,1,555,rakhi-en
rakhi hamper for brother myntra,5,1,555,rakhi-for-brother-en
rakhi hsn code and gst rate,6,1,555,rakhi-en
rakhi junior ntr,3,1,555,rakhi-en
rakhi ki drawing,3,1,555,rakhi-en
rakhi line art,3,1,555,rakhi-en
rakhi naam ki rashi kya hai,6,1,555,rakhi-en
rakhi online silver,3,1,555,rakhi-en
rakhi outline,2,1,555,rakhi-en
rakhi pandaga eppudu,3,1,555,rakhi-en
rakhi quick delivery,3,1,555,rakhi-en
rakhi quotes for brother telugu,5,1,555,rakhi-for-brother-en
rakhi quotes for younger brother in english,7,1,555,rakhi-for-brother-en
rakhi reels,2,1,555,rakhi-en
rakhi special mehndi design,4,1,555,rakhi-en
rakhi template png,3,1,555,rakhi-en
rakhi under 200,3,1,555,rakhi-en
rakhi vijan children,3,1,555,rakhi-en
rakhi what hand,3,1,555,rakhi-en
rakhi which hand tie,4,1,555,rakhi-en
rakhi who celebrates,3,1,555,rakhi-en
rakhi wishes for brother gujarati,5,1,555,rakhi-for-brother-en
rakhi wishes for brother living abroad,6,1,555,rakhi-for-brother-en
rakhi wishes for brother quotes funny,6,1,555,rakhi-for-brother-en
rakhi with photo and name,5,1,555,rakhi-en
rakhi without colour,3,1,555,rakhi-en
rakhi yarn,2,1,555,rakhi-en
rakhi zee tv,3,1,555,rakhi-en
raksha bandhan aur teej kab ki hai,7,1,555,rb-hi
raksha bandhan best wishes for sister in marathi,8,1,555,raksha-bandhan-wishes-en
raksha bandhan emotional wishes for brother,6,1,555,raksha-bandhan-wishes-en
raksha bandhan free bus service 2022,6,1,555,raksha-bandhan-en
raksha bandhan greetings quotes,4,1,555,raksha-bandhan-wishes-en
raksha bandhan kaun si tarikh ko hai,7,1,555,raksha-bandhan-en
raksha bandhan ki wishes,4,1,555,raksha-bandhan-wishes-en
raksha bandhan no copyright music,5,1,555,raksha-bandhan-en
raksha bandhan par application,4,1,555,raksha-bandhan-en
raksha bandhan quotes aesthetic,4,1,555,raksha-bandhan-wishes-en
raksha bandhan quotes for younger brother,6,1,555,raksha-bandhan-wishes-en
raksha bandhan quotes heart touching,5,1,555,raksha-bandhan-wishes-en
raksha bandhan quotes on sister,5,1,555,raksha-bandhan-wishes-en
raksha bandhan template for instagram story,6,1,555,raksha-bandhan-en
raksha bandhan upcoming date,4,1,555,raksha-bandhan-en
raksha bandhan wishes bhai in english,6,1,555,raksha-bandhan-wishes-en
raksha bandhan wishes canva,4,1,555,raksha-bandhan-wishes-en
raksha bandhan wishes for brother video,6,1,555,raksha-bandhan-wishes-en
raksha bandhan wishes for nephew,5,1,555,raksha-bandhan-wishes-en
raksha bandhan wishes for sister wishes,6,1,555,raksha-bandhan-wishes-en
raksha bandhan wishes gujarati ma nibandh,6,1,555,raksha-bandhan-wishes-en
raksha bandhan wishes images download,5,1,555,raksha-bandhan-wishes-en
raksha bandhan wishes images download free,6,1,555,raksha-bandhan-wishes-en
raksha bandhan wishes in marathi for brother,7,1,555,raksha-bandhan-wishes-en
raksha bandhan wishes my sister,5,1,555,raksha-bandhan-wishes-en
raksha bandhan wishes photo in hindi,6,1,555,raksha-bandhan-wishes-en
raksha bandhan wishes sms,4,1,555,raksha-bandhan-wishes-en
raksha bandhan wishes to brother from another mother,8,1,555,raksha-bandhan-wishes-en
silver rakhi for brother with name,6,1,555,rakhi-for-brother-en
tied ribbons rakhi for brother,5,1,555,rakhi-for-brother-en
when is it rakhi this year,6,1,555,rakhi-en
when rakhi come in 2026,5,1,555,rakhi-en
who is raksha bandhan day,5,1,555,rb-hi
why rakhi sawant left india,5,1,555,rakhi-en
why raksha bandhan celebrate,4,1,555,rb-hi
xvision rakhi,2,1,555,rakhi-en
apple rakhi rajkot,3,1,554,rakhi-en
best rakhi for brother under ₹ 200,7,1,554,rakhi-for-brother-en
best rakhi for younger brother,5,1,554,rakhi-for-brother-en
can a raksha bandhan became boyfriend,6,1,554,raksha-bandhan-en
can i tie rakhi on 8 august 2025,8,1,554,rakhi-en
giva rakhi for brother online shopping,6,1,554,rakhi-for-brother-en
gujarati ma raksha bandhan no nibandh,6,1,554,raksha-bandhan-en
happy raksha bandhan return wishes,5,1,554,raksha-bandhan-wishes-en
happy raksha bandhan wishes didi,5,1,554,raksha-bandhan-wishes-en
is raksha bandhan movie on netflix,6,1,554,raksha-bandhan-en
local rakhi makers in india,5,1,554,rakhi-en
rakhi 2026 shubh muhurat,4,1,554,rakhi-en
rakhi 20276,2,1,554,rakhi-en
rakhi astrologer,2,1,554,rakhi-en
rakhi best muhurat 2025,4,1,554,rakhi-en
rakhi brother quotes in english,5,1,554,rakhi-for-brother-en
rakhi combo for brother kids,5,1,554,rakhi-for-brother-en
rakhi decoration,2,1,554,rakhi-en
rakhi exhibition in kolkata,4,1,554,rakhi-en
rakhi for brother big size,5,1,554,rakhi-for-brother-en
rakhi for brother set of 10,6,1,554,rakhi-for-brother-en
rakhi for brother under ₹ 300,6,1,554,rakhi-for-brother-en
rakhi for photographer brother,4,1,554,rakhi-for-brother-en
rakhi for school competition,4,1,554,rakhi-en
rakhi free download,3,1,554,rakhi-en
rakhi gift for brother luxury,5,1,554,rakhi-for-brother-en
rakhi gift for brother meaning in hindi,7,1,554,rakhi-for-brother-en
rakhi gift for brother under 200,6,1,554,rakhi-for-brother-en
rakhi gift hampers for brother,5,1,554,rakhi-en
rakhi habba 2026,3,1,554,rakhi-en
rakhi hamper for brother nearby,5,1,554,rakhi-for-brother-en
rakhi hamper for brother with sweets,6,1,554,rakhi-for-brother-en
rakhi how many days,4,1,554,rakhi-en
rakhi ideas for brother handmade,5,1,554,rakhi-for-brother-en
rakhi in usa,3,1,554,rakhi-en
rakhi kb h 2026,4,1,554,rakhi-en
rakhi logo,2,1,554,rakhi-en
rakhi meme templates,3,1,554,rakhi-en
rakhi message for brother from another mother,7,1,554,rakhi-for-brother-en
rakhi name style,3,1,554,rakhi-en
rakhi online for kids,4,1,554,rakhi-en
rakhi purnima 2026 bengali,4,1,554,rakhi-en
rakhi q manaya jata hai,5,1,554,rakhi-en
rakhi return gift for sister,5,1,554,rakhi-en
rakhi sawant xxl blazer,4,1,554,rakhi-en
rakhi silver,2,1,554,rakhi-en
rakhi under 50 flipkart,4,1,554,rakhi-en
rakhi verma sdm,3,1,554,rakhi-en
rakhi wala gana,3,1,554,rakhi-en
rakhi with name for brother,5,1,554,rakhi-en
rakhi year 2026,3,1,554,rakhi-en
rakhi zaroorat song,3,1,554,rakhi-en
rakhigarhi which district,3,1,554,rakhi-en
rakhimova what country,3,1,554,rakhi-en
raksha bandhan and janai purnima wishes,6,1,554,raksha-bandhan-wishes-en
raksha bandhan aur janmashtami kab hai 2026,7,1,554,rb-hi
raksha bandhan best wishes for brother in marathi,8,1,554,raksha-bandhan-wishes-en
raksha bandhan gift ideas for brother,6,1,554,rakhi-for-brother-en
raksha bandhan greeting card online free,6,1,554,raksha-bandhan-wishes-en
raksha bandhan greetings hindi,4,1,554,raksha-bandhan-wishes-en
raksha bandhan kannada wishes for brother,6,1,554,raksha-bandhan-wishes-en
raksha bandhan messages english,4,1,554,raksha-bandhan-wishes-en
raksha bandhan messages quotes,4,1,554,raksha-bandhan-wishes-en
raksha bandhan messages with images,5,1,554,raksha-bandhan-wishes-en
raksha bandhan official wishes,4,1,554,raksha-bandhan-wishes-en
raksha bandhan on 27 or 28,6,1,554,raksha-bandhan-en
raksha bandhan quotes about brother,5,1,554,raksha-bandhan-wishes-en
raksha bandhan quotes for younger brother in english,8,1,554,raksha-bandhan-wishes-en
raksha bandhan status maker,4,1,554,rb-hi
raksha bandhan template canva,4,1,554,raksha-bandhan-en
raksha bandhan upanyas kiska hai,5,1,554,raksha-bandhan-en
raksha bandhan wishes brother quotes,5,1,554,raksha-bandhan-wishes-en
raksha bandhan wishes for brother miss u,7,1,554,raksha-bandhan-wishes-en
raksha bandhan wishes for brother video download,7,1,554,raksha-bandhan-wishes-en
raksha bandhan wishes for non blood brother in english,9,1,554,raksha-bandhan-wishes-en
raksha bandhan wishes gujarati images,5,1,554,raksha-bandhan-wishes-en
raksha bandhan wishes in gujarati text,6,1,554,raksha-bandhan-wishes-en
raksha bandhan wishes in marathi for sister,7,1,554,raksha-bandhan-wishes-en
raksha bandhan wishes letter for brother,6,1,554,raksha-bandhan-wishes-en
raksha bandhan wishes meaning,4,1,554,raksha-bandhan-wishes-en
raksha bandhan wishes punjabi,4,1,554,raksha-bandhan-wishes-en
raksha bandhan wishes short for brother,6,1,554,raksha-bandhan-wishes-en
raksha bandhan wishes to brother in hindi,7,1,554,raksha-bandhan-wishes-en
real gold rakhi for brother,5,1,554,rakhi-for-brother-en
what is raksha bandhan 2026,5,1,554,rb-hi
what is the story behind raksha bandhan,7,1,554,raksha-bandhan-en
when is it rakhi day,5,1,554,rakhi-en
when rakhi in 2025,4,1,554,rakhi-en
when raksha bandhan is celebrated in india 2026,8,1,554,raksha-bandhan-en
who started rakhi bandhan,4,1,554,rakhi-en
why rakhi went to dubai,5,1,554,rakhi-en
why raksha bandhan started,4,1,554,rb-hi
रक्षा बंधन 2027 डेट इन इंडिया,6,1,554,rb-hi
apple rakhi offer,3,1,553,rakhi-en
best rakhi for brother homemade,5,1,553,rakhi-for-brother-en
can i tie rakhi now,5,1,553,rakhi-en
can rakhi be tie to father,6,1,553,rakhi-for-brother-en
customized rakhi for brother with name,6,1,553,rakhi-for-brother-en
digital rakhi maker,3,1,553,rakhi-en
happy raksha bandhan wishes ka reply,6,1,553,raksha-bandhan-wishes-en
happy raksha bandhan wishes quotes,5,1,553,raksha-bandhan-wishes-en
how to wish raksha bandhan in hindi,7,1,553,raksha-bandhan-wishes-en
is it raksha bandhan or raksha bandhan,7,1,553,raksha-bandhan-wishes-en
janai purnima and raksha bandhan wishes in nepali,8,1,553,raksha-bandhan-wishes-en
purpose of raksha bandhan,4,1,553,raksha-bandhan-en
rakhi 2026 amazon,3,1,553,rakhi-en
rakhi 2027 mauritius,3,1,553,rakhi-en
rakhi august,2,1,553,rakhi-en
rakhi banana bataiye,3,1,553,rakhi-en
rakhi best time,3,1,553,rakhi-en
rakhi brother letter,3,1,553,rakhi-for-brother-en
rakhi date 2026 in india calendar,6,1,553,rakhi-en
rakhi design for brother online,5,1,553,rakhi-for-brother-en
rakhi essay,2,1,553,rakhi-en
rakhi for baby brother with gift,6,1,553,rakhi-for-brother-en
rakhi for brother and bhabhi indian,6,1,553,rakhi-for-brother-en
rakhi for brother special,4,1,553,rakhi-for-brother-en
rakhi for brother under 150,5,1,553,rakhi-for-brother-en
rakhi for competition,3,1,553,rakhi-en
rakhi for elder brother,4,1,553,rakhi-for-brother-en
rakhi free fire nickname,4,1,553,rakhi-en
rakhi gift for brother customized,5,1,553,rakhi-for-brother-en
rakhi gift for brother under 500,6,1,553,rakhi-en
rakhi hamper box,3,1,553,rakhi-en
rakhi hamper for brother meesho,5,1,553,rakhi-for-brother-en
rakhi hamper for brother near me,6,1,553,rakhi-for-brother-en
rakhi how to celebrate,4,1,553,rakhi-en
rakhi images for kids drawing,5,1,553,rakhi-en
rakhi in odisha 2026,4,1,553,rakhi-en
rakhi jha,2,1,553,rakhi-en
rakhi ka gana,3,1,553,rakhi-en
rakhi last year,3,1,553,rakhi-en
rakhi message for brother kids,5,1,553,rakhi-for-brother-en
rakhi movie templates,3,1,553,rakhi-en
rakhi ntr,2,1,553,rakhi-en
rakhi online to usa,4,1,553,rakhi-en
rakhi purnima date,3,1,553,rakhi-en
rakhi quirky,2,1,553,rakhi-en
rakhi resin,2,1,553,rakhi-en
rakhi sale,2,1,553,rakhi-en
rakhi sawant x account,4,1,553,rakhi-en
rakhi special wishes for brother quotes,6,1,553,rakhi-for-brother-en
rakhi usa delivery,3,1,553,rakhi-en
rakhi vijan age,3,1,553,rakhi-en
rakhi watch,2,1,553,rakhi-en
rakhi what religion,3,1,553,rakhi-en
rakhi which date 2026,4,1,553,rakhi-en
rakhi wishes for brother funny,5,1,553,rakhi-for-brother-en
rakhi wishes for brother gif,5,1,553,rakhi-for-brother-en
rakhi wishes for younger brother in hindi,7,1,553,rakhi-for-brother-en
rakhi with pipe cleaner,4,1,553,rakhi-en
rakhi without plastic,3,1,553,rakhi-en
rakhi yadav sasu teri chakiya se khayi layi re,9,1,553,rakhi-en
rakhi zohran,2,1,553,rakhi-en
raksha bandhan best wishes for bhai,6,1,553,raksha-bandhan-wishes-en
raksha bandhan cover,3,1,553,rb-hi
raksha bandhan emotional wishes for sister,6,1,553,raksha-bandhan-wishes-en
raksha bandhan free video,4,1,553,raksha-bandhan-en
raksha bandhan gift for sister under 100,7,1,553,rb-hi
raksha bandhan good wishes,4,1,553,raksha-bandhan-wishes-en
raksha bandhan greeting card for brother,6,1,553,raksha-bandhan-wishes-en
raksha bandhan greeting card free,5,1,553,raksha-bandhan-wishes-en
raksha bandhan greeting card online,5,1,553,raksha-bandhan-wishes-en
raksha bandhan greeting card video,5,1,553,raksha-bandhan-wishes-en
raksha bandhan ki wishes in hindi,6,1,553,raksha-bandhan-wishes-en
raksha bandhan leave application for rakhi festival,7,1,553,rb-hi
raksha bandhan messages hindi,4,1,553,raksha-bandhan-wishes-en
raksha bandhan no,3,1,553,raksha-bandhan-en
raksha bandhan photo video maker,5,1,553,rb-hi
raksha bandhan quotes about sister,5,1,553,raksha-bandhan-wishes-en
raksha bandhan quotes for younger sister,6,1,553,raksha-bandhan-wishes-en
raksha bandhan quotes on brother,5,1,553,raksha-bandhan-wishes-en
raksha bandhan rakhi online,4,1,553,raksha-bandhan-en
raksha bandhan template for school,5,1,553,rb-hi
raksha bandhan upsanhar,3,1,553,raksha-bandhan-en
raksha bandhan wishes by company,5,1,553,raksha-bandhan-wishes-en
raksha bandhan wishes for nanad in hindi,7,1,553,raksha-bandhan-wishes-en
raksha bandhan wishes in bengali,5,1,553,raksha-bandhan-wishes-en
raksha bandhan wishes logo,4,1,553,raksha-bandhan-wishes-en
raksha bandhan wishes malayalam,4,1,553,raksha-bandhan-wishes-en
raksha bandhan wishes poster in hindi,6,1,553,raksha-bandhan-wishes-en
raksha bandhan wishes status download,5,1,553,raksha-bandhan-wishes-en
raksha bandhan wishes to sister in english,7,1,553,raksha-bandhan-wishes-en
raksha bandhan wishes with krishna images,6,1,553,raksha-bandhan-wishes-en
raksha bandhan wishes with quotes,5,1,553,raksha-bandhan-wishes-en
raksha bandhan wishing shayari,4,1,553,raksha-bandhan-wishes-en
rose gold rakhi for brother,5,1,553,rakhi-for-brother-en
silver rakhi for brother price,5,1,553,rakhi-for-brother-en
silver rakhi for brother tanishq with price,7,1,553,rakhi-for-brother-en
when is it rakhi 2024,5,1,553,rakhi-en
when rakhi should be removed,5,1,553,rakhi-for-brother-en
when rakhi this year,4,1,553,rakhi-en
when raksha bandhan day,4,1,553,rb-hi
where can i watch raksha bandhan movie,7,1,553,raksha-bandhan-en
which rakhi is good for a brother,7,1,553,rakhi-for-brother-en
who excavated rakhigarhi,3,1,553,rakhi-en
who is raksha bandhan in 2026,6,1,553,rb-hi
why rakhi is tied,4,1,553,rakhi-en
रक्षा बंधन फेस्टिवल,3,1,553,rb-hi
best rakhi for brother 2025,5,1,552,rakhi-for-brother-en
bracelet rakhi for brother giva,5,1,552,rakhi-for-brother-en
can i tie rakhi in evening,6,1,552,rakhi-en
can rakhi be tied to only brother,7,1,552,rakhi-for-brother-en
happy raksha bandhan card maker,5,1,552,rb-hi
happy raksha bandhan wishes thanks reply,6,1,552,raksha-bandhan-wishes-en
how raksha bandhan started in hindi,6,1,552,raksha-bandhan-wishes-en
how to make rakhi for brother at home,8,1,552,rakhi-for-brother-en
is it raksha bandhan or rakhi,6,1,552,raksha-bandhan-wishes-en
is rakhi for younger brother,5,1,552,rakhi-for-brother-en
radha krishna rakhi for brother,5,1,552,rakhi-for-brother-en
rakhi 2026 in hindi,4,1,552,rakhi-en
rakhi 2027 date in india time calendar,7,1,552,rakhi-en
rakhi and lumba set,4,1,552,rakhi-en
rakhi bandhan date,3,1,552,rakhi-en
rakhi best song,3,1,552,rakhi-en
rakhi bracelet for brother online,5,1,552,rakhi-for-brother-en
rakhi combo for brother myntra,5,1,552,rakhi-for-brother-en
rakhi delivery,2,1,552,rakhi-en
rakhi design for brother handmade,5,1,552,rakhi-for-brother-en
rakhi exhibition mumbai,3,1,552,rakhi-en
rakhi for baby boy,4,1,552,rakhi-en
rakhi for brother 2024,4,1,552,rakhi-for-brother-en
rakhi for brother anime,4,1,552,rakhi-for-brother-en
rakhi for brother infinity,4,1,552,rakhi-for-brother-en
rakhi for brother silver price,5,1,552,rakhi-for-brother-en
rakhi for brother under ₹ 400,6,1,552,rakhi-for-brother-en
rakhi for brother with cup,5,1,552,rakhi-for-brother-en
rakhi free gift,3,1,552,rakhi-en
rakhi gift for brother personalised,5,1,552,rakhi-for-brother-en
rakhi gift for brother to india,6,1,552,rakhi-for-brother-en
rakhi gift for sister under 200,6,1,552,rakhi-en
rakhi hamper for brother delhi,5,1,552,rakhi-for-brother-en
rakhi hamper for brother with chocolate,6,1,552,rakhi-for-brother-en
rakhi heroine,2,1,552,rakhi-en
rakhi how to pronounce,4,1,552,rakhi-en
rakhi in 2025 date,4,1,552,rakhi-en
rakhi is on which date,5,1,552,rakhi-en
rakhi jaipur,2,1,552,rakhi-en
rakhi kis din hai,4,1,552,rakhi-en
rakhi light wali,3,1,552,rakhi-en
rakhi message for brother from sister,6,1,552,rakhi-for-brother-en
rakhi naam ki ladki kaisi hoti hai,7,1,552,rakhi-en
rakhi on which date,4,1,552,rakhi-en
rakhi online blinkit,3,1,552,rakhi-en
rakhi photo collage maker,4,1,552,rakhi-en
rakhi picture,2,1,552,rakhi-en
rakhi poster template,3,1,552,rakhi-en
rakhi queen,2,1,552,rakhi-en
rakhi rudraksh,2,1,552,rakhi-en
rakhi sawant ex husband,4,1,552,rakhi-en
rakhi sending app,3,1,552,rakhi-en
rakhi songs new,3,1,552,rakhi-en
rakhi under 500,3,1,552,rakhi-en
rakhi vlog video,3,1,552,rakhi-en
rakhi what happens,3,1,552,rakhi-en
rakhi wishes for brother kannada,5,1,552,rakhi-for-brother-en
rakhi wishes for little brother,5,1,552,rakhi-for-brother-en
rakhi wishes for younger brother quotes,6,1,552,rakhi-for-brother-en
rakhi with dry fruits,4,1,552,rakhi-en
rakhi without sister,3,1,552,rakhi-en
rakhi yadav instagram,3,1,552,rakhi-en
rakhi zohran mamdani,3,1,552,rakhi-en
raksha bandhan 2025 wishes quotes,5,1,552,raksha-bandhan-wishes-en
raksha bandhan 2026 day,4,1,552,raksha-bandhan-wishes-en
raksha bandhan best wishes for sister in english,8,1,552,raksha-bandhan-wishes-en
raksha bandhan essay in english 300 words,7,1,552,raksha-bandhan-en
raksha bandhan free train,4,1,552,rb-hi
raksha bandhan full hd images free download,7,1,552,raksha-bandhan-en
raksha bandhan good wishes for brother,6,1,552,raksha-bandhan-wishes-en
raksha bandhan greeting card for sister,6,1,552,raksha-bandhan-wishes-en
raksha bandhan in 2026 kab hai,6,1,552,raksha-bandhan-en
raksha bandhan invitation card free online,6,1,552,raksha-bandhan-wishes-en
raksha bandhan ki wishes in english,6,1,552,raksha-bandhan-wishes-en
raksha bandhan movie online dailymotion,5,1,552,rb-hi
raksha bandhan muhurat time 2026,5,1,552,raksha-bandhan-en
raksha bandhan no brother,4,1,552,raksha-bandhan-en
raksha bandhan of 2025,4,1,552,rb-hi
raksha bandhan offers on mobile phones,6,1,552,raksha-bandhan-en
raksha bandhan quotes annaya,4,1,552,raksha-bandhan-wishes-en
raksha bandhan quotes english for brother,6,1,552,raksha-bandhan-wishes-en
raksha bandhan quotes for brother in gujarati,7,1,552,rb-hi
raksha bandhan quotes for brother in hindi,7,1,552,raksha-bandhan-en
raksha bandhan quotes hindi for sister,6,1,552,raksha-bandhan-wishes-en
raksha bandhan quotes one word,5,1,552,raksha-bandhan-wishes-en
raksha bandhan rakhi design,4,1,552,raksha-bandhan-en
raksha bandhan template 2025,4,1,552,rb-hi
raksha bandhan thank you wishes,5,1,552,raksha-bandhan-wishes-en
raksha bandhan up roadways free,5,1,552,raksha-bandhan-en
raksha bandhan watch online dailymotion,5,1,552,raksha-bandhan-en
raksha bandhan wishes bahan,4,1,552,raksha-bandhan-wishes-en
raksha bandhan wishes bhabhi,4,1,552,raksha-bandhan-wishes-en
raksha bandhan wishes create,4,1,552,raksha-bandhan-wishes-en
raksha bandhan wishes for sister video,6,1,552,raksha-bandhan-wishes-en
raksha bandhan wishes in hindi 2025,6,1,552,raksha-bandhan-wishes-en
raksha bandhan wishes in nepali for brother,7,1,552,raksha-bandhan-wishes-en
raksha bandhan wishes lines for brother,6,1,552,raksha-bandhan-wishes-en
raksha bandhan wishes marathi for brother,6,1,552,raksha-bandhan-wishes-en
raksha bandhan wishes psd,4,1,552,raksha-bandhan-wishes-en
raksha bandhan wishes sharechat,4,1,552,raksha-bandhan-wishes-en
raksha bandhan wishes to brother in marathi,7,1,552,raksha-bandhan-wishes-en
raksha bandhan wishes with song,5,1,552,raksha-bandhan-wishes-en
silver rakhi for brother caratlane,5,1,552,rakhi-for-brother-en
silver rakhi for brother near me,6,1,552,rakhi-for-brother-en
what is raksha bandhan in one line,7,1,552,raksha-bandhan-wishes-en
when is it rakhi bandhan,5,1,552,rakhi-en
when rakhi is removed,4,1,552,rakhi-for-brother-en
when rakhi is there,4,1,552,rakhi-en
when raksha bandhan 2026 date,5,1,552,raksha-bandhan-en
when raksha bandhan festival,4,1,552,rb-hi
when raksha bandhan will end,5,1,552,raksha-bandhan-wishes-en
where can i watch raksha bandhan,6,1,552,raksha-bandhan-en
who sent rakhi to humayun,5,1,552,rakhi-en
why rakhi is celebrated history,5,1,552,rakhi-en
why raksha bandhan celebrated in hindi,6,1,552,raksha-bandhan-en
रक्षा बंधन की हार्दिक शुभकामनाएं,5,1,552,rb-hi
best rakhi for brother amazon,5,1,551,rakhi-for-brother-en
best rakhi for brother gold,5,1,551,rakhi-for-brother-en
can brother eat before rakhi,5,1,551,rakhi-for-brother-en
can i tie rakhi before raksha bandhan,7,1,551,raksha-bandhan-en
can i tie rakhi tomorrow,5,1,551,rakhi-en
chandi rakhi for brother price,5,1,551,rakhi-for-brother-en
customized rakhi for brother online,5,1,551,rakhi-for-brother-en
cute rakhi for brother kids,5,1,551,rakhi-for-brother-en
for brother rakhi happy raksha bandhan wishes,7,1,551,rakhi-for-brother-en
gold rakhi for brother with price,6,1,551,rakhi-for-brother-en
happy rakhi template,3,1,551,rakhi-en
happy raksha bandhan app,4,1,551,raksha-bandhan-en
happy raksha bandhan wishes sharechat video,6,1,551,raksha-bandhan-wishes-en
how rakhi should be,4,1,551,rakhi-for-brother-en
how to wish raksha bandhan in marathi,7,1,551,raksha-bandhan-wishes-en
how we celebrate raksha bandhan,5,1,551,rb-hi
is it happy rakhi,4,1,551,rakhi-en
is it raksha bandhan tomorrow,5,1,551,raksha-bandhan-wishes-en
is rakhi only for siblings,5,1,551,rakhi-for-brother-en
is raksha bandhan date,4,1,551,rb-hi
rakhi 2026 holiday,3,1,551,rakhi-en
rakhi and janmashtami 2026,4,1,551,rakhi-en
rakhi banane ka tarika,4,1,551,rakhi-en
rakhi best muhurat,3,1,551,rakhi-en
rakhi date 2027,3,1,551,rakhi-en
rakhi delivery app,3,1,551,rakhi-en
rakhi design drawing,3,1,551,rakhi-en
rakhi embroidery designs,3,1,551,rakhi-en
rakhi flower,2,1,551,rakhi-en
rakhi for bro,3,1,551,rakhi-en
rakhi for brother and nephew,5,1,551,rakhi-for-brother-en
rakhi for brother ideas,4,1,551,rakhi-for-brother-en
rakhi for brother in bracelet,5,1,551,rakhi-for-brother-en
rakhi for brother price,4,1,551,rakhi-for-brother-en
rakhi for brother under 40,5,1,551,rakhi-for-brother-en
rakhi for brother with chocolate box,6,1,551,rakhi-for-brother-en
rakhi free bus service 2024,5,1,551,rakhi-en
rakhi gift for brother blinkit,5,1,551,rakhi-for-brother-en
rakhi gift for brother chocolate,5,1,551,rakhi-for-brother-en
rakhi gift for sister under 1000,6,1,551,rakhi-en
rakhi gift for your brother,5,1,551,rakhi-for-brother-en
rakhi hamper ideas,3,1,551,rakhi-en
rakhi happy raksha bandhan wishes,5,1,551,raksha-bandhan-wishes-en
rakhi how to make at home,6,1,551,rakhi-en
rakhi ideas for brother diy,5,1,551,rakhi-for-brother-en
rakhi in august,3,1,551,rakhi-en
rakhi invitation card maker,4,1,551,rakhi-en
rakhi joshi,2,1,551,rakhi-en
rakhi kaise banti hai,4,1,551,rakhi-en
rakhi letter,2,1,551,rakhi-en
rakhi nails,2,1,551,rakhi-en
rakhi online amazon india,4,1,551,rakhi-en
rakhi pournami,2,1,551,rakhi-en
rakhi quilling designs,3,1,551,rakhi-en
rakhi quotes brother and sister,5,1,551,rakhi-for-brother-en
rakhi quotes for brother funny,5,1,551,rakhi-for-brother-en
rakhi resin mold,3,1,551,rakhi-en
rakhi sawant old photos,4,1,551,rakhi-en
rakhi tandon,2,1,551,rakhi-en
rakhi utsav,2,1,551,rakhi-en
rakhi vishwani,2,1,551,rakhi-en
rakhi wala video,3,1,551,rakhi-en
rakhi which date 2025,4,1,551,rakhi-en
rakhi with crochet,3,1,551,rakhi-en
rakhi without stone,3,1,551,rakhi-en
rakhi yadav video,3,1,551,rakhi-en
rakhi young,2,1,551,rakhi-en
rakhi zaman,2,1,551,rakhi-en
raksha bandhan 2025 wishes quotes for brother,7,1,551,raksha-bandhan-wishes-en
raksha bandhan 2026 calendar,4,1,551,raksha-bandhan-wishes-en
raksha bandhan chalk board decoration,5,1,551,raksha-bandhan-en
raksha bandhan decoration ideas,4,1,551,raksha-bandhan-en
raksha bandhan drawing easy and beautiful girl,7,1,551,rb-hi
raksha bandhan free bus service 2025 date,7,1,551,raksha-bandhan-en
raksha bandhan free bus up,5,1,551,rb-hi
raksha bandhan gift wishes for sister,6,1,551,raksha-bandhan-wishes-en
raksha bandhan gifting 2026,4,1,551,raksha-bandhan-en
raksha bandhan greeting card making,5,1,551,raksha-bandhan-wishes-en
raksha bandhan images for kids,5,1,551,rb-hi
raksha bandhan in which date,5,1,551,rb-hi
raksha bandhan invitation card free download,6,1,551,raksha-bandhan-wishes-en
raksha bandhan invitation maker,4,1,551,raksha-bandhan-en
raksha bandhan long wishes for brother,6,1,551,raksha-bandhan-wishes-en
raksha bandhan mehndi design simple,5,1,551,raksha-bandhan-en
raksha bandhan no copyright video,5,1,551,raksha-bandhan-en
raksha bandhan notice board decoration,5,1,551,raksha-bandhan-en
raksha bandhan outfit ideas for women,6,1,551,rb-hi
raksha bandhan par wishes,4,1,551,raksha-bandhan-wishes-en
raksha bandhan question answer in english,6,1,551,rb-hi
raksha bandhan quotes and images in hindi,7,1,551,raksha-bandhan-wishes-en
raksha bandhan quotes best,4,1,551,raksha-bandhan-wishes-en
raksha bandhan quotes english short,5,1,551,raksha-bandhan-wishes-en
raksha bandhan quotes for soldiers,5,1,551,raksha-bandhan-en
raksha bandhan quotes for younger brother in marathi,8,1,551,raksha-bandhan-wishes-en
raksha bandhan quotes hindi for brother,6,1,551,raksha-bandhan-wishes-en
raksha bandhan quotes kannada for sister,6,1,551,raksha-bandhan-wishes-en
raksha bandhan quotes one line for sister,7,1,551,raksha-bandhan-wishes-en
raksha bandhan rakhi making,4,1,551,raksha-bandhan-en
raksha bandhan telugu,3,1,551,rb-hi
raksha bandhan template free,4,1,551,rb-hi
raksha bandhan template pinterest,4,1,551,raksha-bandhan-en
raksha bandhan template word,4,1,551,raksha-bandhan-wishes-en
raksha bandhan uk,3,1,551,raksha-bandhan-en
raksha bandhan wishes bhaiya,4,1,551,raksha-bandhan-wishes-en
raksha bandhan wishes for daughter,5,1,551,raksha-bandhan-wishes-en
raksha bandhan wishes for soldier brother,6,1,551,raksha-bandhan-wishes-en
raksha bandhan wishes for unblood brother,6,1,551,raksha-bandhan-wishes-en
raksha bandhan wishes generic,4,1,551,raksha-bandhan-wishes-en
raksha bandhan wishes in kannada text,6,1,551,raksha-bandhan-wishes-en
raksha bandhan wishes message in marathi,6,1,551,raksha-bandhan-wishes-en
raksha bandhan wishes sister kannada,5,1,551,raksha-bandhan-wishes-en
raksha bandhan wishes to long distance brother,7,1,551,raksha-bandhan-wishes-en
raksha bandhan yojana kya hai,5,1,551,raksha-bandhan-en
silver rakhi for brother nearby,5,1,551,rakhi-for-brother-en
silver rakhi for brother tanishq online,6,1,551,rakhi-for-brother-en
what is rakhi brother meaning,5,1,551,rakhi-for-brother-en
what is rakhi festival,4,1,551,rakhi-en
what is raksha bandhan in telugu,6,1,551,raksha-bandhan-en
when rakhi panduga in 2026,5,1,551,rakhi-en
which type of rakhi is best for brother,8,1,551,rakhi-for-brother-en
who is rakhi birla in parliament,6,1,551,rakhi-en
why rakhi purnima is celebrated,5,1,551,rakhi-en
why raksha bandhan is important,5,1,551,raksha-bandhan-en
wishes on raksha bandhan in hindi,6,1,551,raksha-bandhan-wishes-en
रक्षा बंधन,2,1,551,rb-hi
रक्षा बंधन 2027 date,4,1,551,rb-hi
रक्षा बंधन की तारीख 2026,5,1,551,rb-hi
रक्षा बंधन टाइमिंग,3,1,551,rb-hi
रक्षा बंधन मूवी,3,1,551,rb-hi
रक्षा बंधन विडियो,3,1,551,rb-hi
रछा बंधन कब है,4,1,551,rb-hi
व्हेन रक्षा बंधन,3,1,551,rb-hi
best rakhi for brother under 50,6,1,550,rakhi-for-brother-en
can i tie rakhi to my father,7,1,550,rakhi-en
can i tie rakhi to my husband's brother,8,1,550,rakhi-for-brother-en
can i wear black on raksha bandhan,7,1,550,raksha-bandhan-en
free images of raksha bandhan wishes,6,1,550,raksha-bandhan-wishes-en
happy raksha bandhan wishes quotes in english,7,1,550,raksha-bandhan-wishes-en
happy raksha bandhan wishes short video,6,1,550,raksha-bandhan-wishes-en
how rakhi is tied,4,1,550,rakhi-for-brother-en
how to wish raksha bandhan in english,7,1,550,raksha-bandhan-wishes-en
is it holiday on rakhi,5,1,550,rakhi-en
is rakhi only meant for brother,6,1,550,rakhi-for-brother-en
is raksha bandhan for sister,5,1,550,rb-hi
is raksha bandhan in india,5,1,550,raksha-bandhan-en
is raksha bandhan one word,5,1,550,raksha-bandhan-wishes-en
online rakhi app,3,1,550,rakhi-en
rakhi 2026 bhadra time,4,1,550,rakhi-en
rakhi 2027 muhurat,3,1,550,rakhi-en
rakhi 24 for brother,4,1,550,rakhi-for-brother-en
rakhi activity for nursery class,5,1,550,rakhi-en
rakhi available poster maker,4,1,550,rakhi-en
rakhi banana sikhaiye,3,1,550,rakhi-en
rakhi best quotes,3,1,550,rakhi-en
rakhi bracelet for brother with name,6,1,550,rakhi-for-brother-en
rakhi brother hand,3,1,550,rakhi-for-brother-en
rakhi brother kharar,3,1,550,rakhi-for-brother-en
rakhi combo for brother,4,1,550,rakhi-en
rakhi diy,2,1,550,rakhi-en
rakhi enterprises,2,1,550,rakhi-en
rakhi for army brother,4,1,550,rakhi-for-brother-en
rakhi for bhai bhabhi,4,1,550,rakhi-en
rakhi for brother instant delivery,5,1,550,rakhi-for-brother-en
rakhi for brother small,4,1,550,rakhi-for-brother-en
rakhi for brother under 30,5,1,550,rakhi-for-brother-en
rakhi for brother with card,5,1,550,rakhi-for-brother-en
rakhi for brothers wife,4,1,550,rakhi-for-brother-en
rakhi free bus,3,1,550,rakhi-en
rakhi ghar per kaise banaen,5,1,550,rakhi-en
rakhi gift for brother combo,5,1,550,rakhi-for-brother-en
rakhi gift for brother nearby,5,1,550,rakhi-for-brother-en
rakhi hamper for brother blinkit,5,1,550,rakhi-for-brother-en
rakhi hamper for brother mumbai,5,1,550,rakhi-for-brother-en
rakhi hamper for little brother,5,1,550,rakhi-for-brother-en
rakhi happy raksha bandhan wishes for brother,7,1,550,raksha-bandhan-wishes-en
rakhi how many days left,5,1,550,rakhi-en
rakhi how to make,4,1,550,rakhi-en
rakhi in 2024,3,1,550,rakhi-en
rakhi jagannath,2,1,550,rakhi-en
rakhi ka drawing,3,1,550,rakhi-en
rakhi line drawing,3,1,550,rakhi-en
rakhi message for younger brother in english,7,1,550,rakhi-for-brother-en
rakhi nariani shirke date of birth,6,1,550,rakhi-en
rakhi online shopping for brother,5,1,550,rakhi-en
rakhi plate,2,1,550,rakhi-en
rakhi quotes for brother gujarati,5,1,550,rakhi-for-brother-en
rakhi rakhi song,3,1,550,rakhi-en
rakhi sawant religion,3,1,550,rakhi-en
rakhi sawant video,3,1,550,rakhi-en
rakhi song for brother from sister,6,1,550,rakhi-for-brother-en
rakhi tying,2,1,550,rakhi-en
rakhi under 100 rupees,4,1,550,rakhi-en
rakhi video template,3,1,550,rakhi-en
rakhi vijan second husband,4,1,550,rakhi-en
rakhi which month,3,1,550,rakhi-en
rakhi wholesale market in delhi,5,1,550,rakhi-en
rakhi wishes for brother in hindi,6,1,550,rakhi-for-brother-en
rakhi with gift hamper,4,1,550,rakhi-en
rakhi without red. colour,4,1,550,rakhi-en
rakhi yadav daiya raat thand main mar gayi re,9,1,550,rakhi-en
rakhi zwende,2,1,550,rakhi-en
raksha bandhan 2026 bank holiday,5,1,550,raksha-bandhan-en
raksha bandhan and bhai dooj 2026,6,1,550,rb-hi
raksha bandhan best wishes in kannada,6,1,550,raksha-bandhan-wishes-en
raksha bandhan cute drawing,4,1,550,raksha-bandhan-en
raksha bandhan day 2026,4,1,550,raksha-bandhan-en
raksha bandhan essay in hindi class 5,7,1,550,raksha-bandhan-en
raksha bandhan free bus service 2024,6,1,550,rb-hi
raksha bandhan god wishes,4,1,550,raksha-bandhan-wishes-en
raksha bandhan greeting card ideas,5,1,550,raksha-bandhan-wishes-en
raksha bandhan images drawing,4,1,550,rb-hi
raksha bandhan in 2023,4,1,550,rb-hi
raksha bandhan janmashtami 2026 date,5,1,550,rb-hi
raksha bandhan ke gane,4,1,550,rb-hi
raksha bandhan long wishes for sister,6,1,550,raksha-bandhan-wishes-en
raksha bandhan me bahan ko kya gift dena chahiye,9,1,550,rb-hi
raksha bandhan movie cast,4,1,550,raksha-bandhan-en
raksha bandhan nail art,4,1,550,raksha-bandhan-en
raksha bandhan not,3,1,550,raksha-bandhan-en
raksha bandhan professional wishes,4,1,550,raksha-bandhan-wishes-en
raksha bandhan quotes english for sister,6,1,550,raksha-bandhan-wishes-en
raksha bandhan quotes for younger brother in hindi,8,1,550,raksha-bandhan-wishes-en
raksha bandhan quotes hd images,5,1,550,raksha-bandhan-wishes-en
raksha bandhan quotes in gujarati for brother,7,1,550,raksha-bandhan-en
raksha bandhan quotes kannada for brother,6,1,550,raksha-bandhan-wishes-en
raksha bandhan ringtone,3,1,550,raksha-bandhan-en
raksha bandhan template psd,4,1,550,rb-hi
raksha bandhan template with photo,5,1,550,raksha-bandhan-wishes-en
raksha bandhan time table 2026,5,1,550,raksha-bandhan-en
raksha bandhan uk 2026,4,1,550,raksha-bandhan-en
raksha bandhan vector images,4,1,550,raksha-bandhan-en
raksha bandhan wishes best,4,1,550,raksha-bandhan-wishes-en
raksha bandhan wishes for dad,5,1,550,raksha-bandhan-wishes-en
raksha bandhan wishes for naughty brother,6,1,550,raksha-bandhan-wishes-en
raksha bandhan wishes in english for brother,7,1,550,raksha-bandhan-wishes-en
raksha bandhan wishes in marathi images,6,1,550,raksha-bandhan-wishes-en
raksha bandhan wishes marathi images,5,1,550,raksha-bandhan-wishes-en
raksha bandhan wishes story,4,1,550,raksha-bandhan-wishes-en
raksha bandhan wishes suvichar,4,1,550,raksha-bandhan-wishes-en
raksha bandhan wishes to younger brother,6,1,550,raksha-bandhan-wishes-en
raksha bandhan wishes wish,4,1,550,raksha-bandhan-wishes-en
raksha bandhan wishes with blessings,5,1,550,raksha-bandhan-wishes-en
raksha bandhan worksheet,3,1,550,raksha-bandhan-en
raksha bandhan yojana 2026,4,1,550,raksha-bandhan-en
raksha बंधन 2026,3,1,550,rb-hi
resin rakhi design for brother,5,1,550,rakhi-for-brother-en
silver rakhi for brother price in india,7,1,550,rakhi-for-brother-en
silver rakhi for brother tanishq india,6,1,550,rakhi-for-brother-en
what does rakhi brother mean,5,1,550,rakhi-for-brother-en
what is rakhi bandhan,4,1,550,rakhi-en
what raksha bandhan means,4,1,550,raksha-bandhan-wishes-en
when rakhi can be removed,5,1,550,rakhi-for-brother-en
when rakhi falls,3,1,550,rakhi-en
when raksha bandhan in 2026 in india,7,1,550,raksha-bandhan-en
when raksha bandhan will celebrate,5,1,550,raksha-bandhan-wishes-en
which date raksha bandhan in 2022,6,1,550,rb-hi
who invented rakhi festival,4,1,550,rakhi-en
who to wish raksha bandhan,5,1,550,rb-hi
why rakhi festival is celebrated,5,1,550,rakhi-en
why raksha bandhan is started,5,1,550,raksha-bandhan-en
रक्षा बंधन इमेजेज,3,1,550,rb-hi
रक्षा बंधन एस्से,3,1,550,rb-hi
रक्षा बंधन कार्ड,3,1,550,rb-hi
रक्षा बंधन की तारीख 2025,5,1,550,rb-hi
रक्षा बंधन कोट्स,3,1,550,rb-hi
रक्षा बंधन गिफ्ट,3,1,550,rb-hi
रक्षा बंधन निबंध,3,1,550,rb-hi
रक्षा बंधन योजना,3,1,550,rb-hi
रक्षा बंधन राखी,3,1,550,rb-hi
रक्षा बंधन विशेष,3,1,550,rb-hi
रक्षा बंधन सांग,3,1,550,rb-hi
रछा बंधन पर निबंध,4,1,550,rb-hi
