suggestion,words,prefix_hits,relevance,best_rank,source_prefixes
flowers to wife,3,17,600,2,flower for wife e | flower for wife f | flower for wife h | flower for wife i | flower for wife j | flower for wife l | flower for wife p | flower for wife q | flower for wife v | flower for wife w | flower for wife best | flower for wife for | flower for wife in | how flower for wife | what flower for wife | which flower for wife | who flower for wife
what does a white orchid flower symbolize,7,15,600,2,orchid flower meaning c | orchid flower meaning e | orchid flower meaning f | orchid flower meaning h | orchid flower meaning j | orchid flower meaning k | orchid flower meaning o | orchid flower meaning r | orchid flower meaning t | orchid flower meaning u | orchid flower meaning v | orchid flower meaning y | how orchid flower meaning | what orchid flower meaning | is it orchid flower meaning
what do orchids symbolize,4,15,554,6,orchid flower meaning c | orchid flower meaning e | orchid flower meaning f | orchid flower meaning h | orchid flower meaning j | orchid flower meaning k | orchid flower meaning o | orchid flower meaning r | orchid flower meaning t | orchid flower meaning u | orchid flower meaning v | orchid flower meaning y | how orchid flower meaning | what orchid flower meaning | is it orchid flower meaning
promotion gift ideas,3,12,1251,1,promotion gift | promotion gift  | promotion gift d | promotion gift i | promotion gift n | promotion gift p | promotion gift q | promotion gift x | promotion gift best | promotion gift online | promotion gift app | what promotion gift
what does the flower hibiscus mean,6,12,600,2,hibiscus flower meaning c | hibiscus flower meaning f | hibiscus flower meaning g | hibiscus flower meaning j | hibiscus flower meaning k | hibiscus flower meaning l | hibiscus flower meaning u | hibiscus flower meaning v | hibiscus flower meaning y | how hibiscus flower meaning | what hibiscus flower meaning | is it hibiscus flower meaning
orchid flower represents,3,12,554,6,orchid flower meaning c | orchid flower meaning e | orchid flower meaning f | orchid flower meaning h | orchid flower meaning j | orchid flower meaning k | orchid flower meaning o | orchid flower meaning r | orchid flower meaning t | orchid flower meaning u | orchid flower meaning v | orchid flower meaning y
how to make a bouquet with paper,7,10,1250,2,how to make a bouquet | how to make a bouquet  | how to make a bouquet w | how to make a bouquet with | how how to make a bouquet | what how to make a bouquet | when how to make a bouquet | why how to make a bouquet | which how to make a bouquet | who how to make a bouquet
promotion gift ideas for friend,5,10,800,2,promotion gift | promotion gift  | promotion gift g | promotion gift i | promotion gift n | promotion gift p | promotion gift x | promotion gift y | promotion gift online | what promotion gift
how to make a bouquet wrap,6,9,1251,1,how to make a bouquet | how to make a bouquet  | how to make a bouquet w | how how to make a bouquet | what how to make a bouquet | when how to make a bouquet | why how to make a bouquet | which how to make a bouquet | who how to make a bouquet
how to make a bouquet at home,7,9,1250,1,how to make a bouquet | how to make a bouquet  | how to make a bouquet a | how how to make a bouquet | what how to make a bouquet | when how to make a bouquet | why how to make a bouquet | which how to make a bouquet | who how to make a bouquet
how to make a bouquet wrap with paper,8,9,650,3,how to make a bouquet | how to make a bouquet  | how to make a bouquet w | how how to make a bouquet | what how to make a bouquet | when how to make a bouquet | why how to make a bouquet | which how to make a bouquet | who how to make a bouquet
orchid flower meaning in hindi and english,7,9,601,2,orchid flower meaning | orchid flower meaning  | orchid flower meaning a | orchid flower meaning e | orchid flower meaning h | orchid flower meaning i | orchid flower meaning n | orchid flower meaning for | orchid flower meaning in
what is a promotional gift,5,9,600,2,promotion gift d | promotion gift g | promotion gift q | promotion gift x | promotion gift online | promotion gift app | promotion gift 2026 | who promotion gift | can i promotion gift
what is the meaning of orchid flowers,7,9,554,8,orchid flower meaning c | orchid flower meaning e | orchid flower meaning h | orchid flower meaning j | orchid flower meaning k | orchid flower meaning r | orchid flower meaning u | orchid flower meaning v | orchid flower meaning y
hibiscus flower meaning in hindi and english,7,8,1251,2,hibiscus flower meaning | hibiscus flower meaning  | hibiscus flower meaning a | hibiscus flower meaning e | hibiscus flower meaning h | hibiscus flower meaning i | hibiscus flower meaning for | hibiscus flower meaning in
how to make a bouquet of chocolates,7,8,650,4,how to make a bouquet | how to make a bouquet  | how to make a bouquet o | how how to make a bouquet | when how to make a bouquet | why how to make a bouquet | which how to make a bouquet | who how to make a bouquet
orchid flower meaning chinese,4,8,601,1,orchid flower meaning c | orchid flower meaning f | orchid flower meaning h | orchid flower meaning j | orchid flower meaning k | orchid flower meaning o | orchid flower meaning r | orchid flower meaning y
orchid flower meaning in urdu,5,8,601,1,orchid flower meaning | orchid flower meaning  | orchid flower meaning i | orchid flower meaning n | orchid flower meaning u | orchid flower meaning with | orchid flower meaning for | orchid flower meaning in
how to make a bouquet for prom,7,8,561,4,how to make a bouquet f | how to make a bouquet for | how how to make a bouquet | what how to make a bouquet | when how to make a bouquet | why how to make a bouquet | which how to make a bouquet | who how to make a bouquet
hibiscus flower meaning in marathi,5,8,560,5,hibiscus flower meaning | hibiscus flower meaning  | hibiscus flower meaning c | hibiscus flower meaning i | hibiscus flower meaning n | hibiscus flower meaning with | hibiscus flower meaning for | hibiscus flower meaning in
how to make a simple bouquet,6,8,554,6,how to make a bouquet z | how to make a bouquet best | how to make a bouquet free | how to make a bouquet online | how to make a bouquet app | how to make a bouquet maker | how to make a bouquet template | how to make a bouquet 2026
hibiscus flower meaning in hindi,5,7,1252,1,hibiscus flower meaning | hibiscus flower meaning  | hibiscus flower meaning i | hibiscus flower meaning n | hibiscus flower meaning with | hibiscus flower meaning for | hibiscus flower meaning in
orchid flower meaning in hindi,5,7,1251,1,orchid flower meaning | orchid flower meaning  | orchid flower meaning i | orchid flower meaning n | orchid flower meaning with | orchid flower meaning for | orchid flower meaning in
orchid flower meaning in kannada,5,7,1251,1,orchid flower meaning | orchid flower meaning  | orchid flower meaning i | orchid flower meaning n | orchid flower meaning with | orchid flower meaning for | orchid flower meaning in
hibiscus flower meaning in kannada,5,7,1250,2,hibiscus flower meaning | hibiscus flower meaning  | hibiscus flower meaning i | hibiscus flower meaning n | hibiscus flower meaning with | hibiscus flower meaning for | hibiscus flower meaning in
how to make a bouquet garni,6,7,1250,1,how to make a bouquet g | how how to make a bouquet | what how to make a bouquet | when how to make a bouquet | why how to make a bouquet | which how to make a bouquet | who how to make a bouquet
how to make a bouquet last longer,7,7,1250,1,how to make a bouquet l | how how to make a bouquet | what how to make a bouquet | when how to make a bouquet | why how to make a bouquet | which how to make a bouquet | who how to make a bouquet
lotus flower meaning in hindi,5,7,1250,2,lotus flower meaning | lotus flower meaning  | lotus flower meaning i | lotus flower meaning n | lotus flower meaning with | lotus flower meaning for | lotus flower meaning in
promotion gift for men,4,7,1250,2,promotion gift | promotion gift  | promotion gift f | promotion gift n | promotion gift with | promotion gift for | promotion gift in
promotion gift for women,4,7,950,2,promotion gift | promotion gift  | promotion gift f | promotion gift n | promotion gift with | promotion gift for | promotion gift in
hibiscus flower meaning bible,4,7,700,1,hibiscus flower meaning | hibiscus flower meaning  | hibiscus flower meaning b | hibiscus flower meaning f | hibiscus flower meaning g | hibiscus flower meaning l | hibiscus flower meaning w
promotion gift for husband,4,7,700,3,promotion gift | promotion gift  | promotion gift f | promotion gift n | promotion gift with | promotion gift for | promotion gift in
hibiscus flower meaning in love,5,7,601,4,hibiscus flower meaning | hibiscus flower meaning  | hibiscus flower meaning i | hibiscus flower meaning n | hibiscus flower meaning with | hibiscus flower meaning for | hibiscus flower meaning in
lotus flower meaning in life,5,7,601,4,lotus flower meaning | lotus flower meaning  | lotus flower meaning i | lotus flower meaning n | lotus flower meaning with | lotus flower meaning for | lotus flower meaning in
orchid flower meaning in love,5,7,601,3,orchid flower meaning | orchid flower meaning  | orchid flower meaning i | orchid flower meaning n | orchid flower meaning with | orchid flower meaning for | orchid flower meaning in
promotion gift for friend,4,7,601,4,promotion gift | promotion gift  | promotion gift f | promotion gift n | promotion gift with | promotion gift for | promotion gift in
promotion gift ideas for her,5,7,601,3,promotion gift | promotion gift  | promotion gift g | promotion gift i | promotion gift n | promotion gift y | promotion gift 2026
hibiscus flower meaning in telugu,5,7,600,5,hibiscus flower meaning | hibiscus flower meaning  | hibiscus flower meaning i | hibiscus flower meaning n | hibiscus flower meaning with | hibiscus flower meaning for | hibiscus flower meaning in
hibiscus flower meaning in urdu,5,7,600,2,hibiscus flower meaning | hibiscus flower meaning  | hibiscus flower meaning i | hibiscus flower meaning n | hibiscus flower meaning with | hibiscus flower meaning for | hibiscus flower meaning in
lotus flower meaning in buddhism,5,7,600,5,lotus flower meaning | lotus flower meaning  | lotus flower meaning i | lotus flower meaning n | lotus flower meaning with | lotus flower meaning for | lotus flower meaning in
orchid flower meaning in bengali,5,7,600,2,orchid flower meaning | orchid flower meaning  | orchid flower meaning i | orchid flower meaning n | orchid flower meaning with | orchid flower meaning for | orchid flower meaning in
orchid flower meaning in relationship,5,7,600,2,orchid flower meaning | orchid flower meaning  | orchid flower meaning i | orchid flower meaning n | orchid flower meaning r | orchid flower meaning with | orchid flower meaning in
promotion gift for her,4,7,600,5,promotion gift  | promotion gift f | promotion gift h | promotion gift n | promotion gift with | promotion gift for | promotion gift in
lotus flower meaning in hinduism,5,7,562,3,lotus flower meaning | lotus flower meaning  | lotus flower meaning i | lotus flower meaning n | lotus flower meaning with | lotus flower meaning for | lotus flower meaning in
hibiscus flower meaning in bengali,5,7,561,4,hibiscus flower meaning | hibiscus flower meaning  | hibiscus flower meaning i | hibiscus flower meaning n | hibiscus flower meaning with | hibiscus flower meaning for | hibiscus flower meaning in
orchid flower meaning in marathi,5,7,561,4,orchid flower meaning | orchid flower meaning  | orchid flower meaning i | orchid flower meaning n | orchid flower meaning with | orchid flower meaning for | orchid flower meaning in
orchid flower meaning in tamil,5,7,560,5,orchid flower meaning | orchid flower meaning  | orchid flower meaning i | orchid flower meaning n | orchid flower meaning with | orchid flower meaning for | orchid flower meaning in
hibiscus flower meaning in tamil,5,7,559,6,hibiscus flower meaning | hibiscus flower meaning  | hibiscus flower meaning i | hibiscus flower meaning n | hibiscus flower meaning with | hibiscus flower meaning for | hibiscus flower meaning in
how to make a bouquet of roses,7,7,559,6,how to make a bouquet o | how how to make a bouquet | what how to make a bouquet | when how to make a bouquet | why how to make a bouquet | which how to make a bouquet | who how to make a bouquet
lotus flower meaning in urdu,5,7,559,6,lotus flower meaning | lotus flower meaning  | lotus flower meaning i | lotus flower meaning n | lotus flower meaning with | lotus flower meaning for | lotus flower meaning in
orchid flower meaning in telugu,5,7,559,6,orchid flower meaning | orchid flower meaning  | orchid flower meaning i | orchid flower meaning n | orchid flower meaning with | orchid flower meaning for | orchid flower meaning in
promotion gift for him,4,7,559,6,promotion gift  | promotion gift f | promotion gift h | promotion gift n | promotion gift with | promotion gift for | promotion gift in
hibiscus flower meaning in gujarati,5,7,558,7,hibiscus flower meaning | hibiscus flower meaning  | hibiscus flower meaning i | hibiscus flower meaning n | hibiscus flower meaning with | hibiscus flower meaning for | hibiscus flower meaning in
orchid flower meaning in odia,5,7,558,7,orchid flower meaning | orchid flower meaning  | orchid flower meaning i | orchid flower meaning n | orchid flower meaning with | orchid flower meaning for | orchid flower meaning in
promotion gift for boss,4,7,558,7,promotion gift | promotion gift  | promotion gift f | promotion gift n | promotion gift with | promotion gift for | promotion gift in
hibiscus flower meaning in malayalam,5,7,556,9,hibiscus flower meaning | hibiscus flower meaning  | hibiscus flower meaning i | hibiscus flower meaning n | hibiscus flower meaning with | hibiscus flower meaning for | hibiscus flower meaning in
how to make a bouquet of money,7,7,556,9,how to make a bouquet o | how how to make a bouquet | what how to make a bouquet | when how to make a bouquet | why how to make a bouquet | which how to make a bouquet | who how to make a bouquet
orchid flower meaning in gujarati,5,7,556,9,orchid flower meaning | orchid flower meaning  | orchid flower meaning i | orchid flower meaning n | orchid flower meaning with | orchid flower meaning for | orchid flower meaning in
orchid flower meaning in malayalam,5,7,555,10,orchid flower meaning | orchid flower meaning  | orchid flower meaning i | orchid flower meaning n | orchid flower meaning with | orchid flower meaning for | orchid flower meaning in
what does the hibiscus flower symbolize in hawaii,8,7,552,12,hibiscus flower meaning f | hibiscus flower meaning g | hibiscus flower meaning k | hibiscus flower meaning l | how hibiscus flower meaning | what hibiscus flower meaning | is it hibiscus flower meaning
what is the main function of hibiscus flower,8,7,552,9,hibiscus flower meaning c | hibiscus flower meaning f | hibiscus flower meaning g | hibiscus flower meaning u | hibiscus flower meaning v | how hibiscus flower meaning | what hibiscus flower meaning
lotus flower meaning in love,5,6,1200,3,lotus flower meaning | lotus flower meaning  | lotus flower meaning i | lotus flower meaning n | lotus flower meaning with | lotus flower meaning in
flowers for wife on wedding day,6,6,601,1,flower for wife | flower for wife  | flower for wife d | flower for wife o | flower for wife w | flower for wife with
what does the lotus flower symbolize,6,6,600,2,lotus flower meaning q | lotus flower meaning y | lotus flower meaning z | how lotus flower meaning | can i lotus flower meaning | is it lotus flower meaning
what is the lotus flower symbolize,6,6,600,2,lotus flower meaning q | lotus flower meaning y | lotus flower meaning z | how lotus flower meaning | can i lotus flower meaning | is it lotus flower meaning
flowers for wife after giving birth,6,6,562,3,flower for wife | flower for wife  | flower for wife a | flower for wife g | flower for wife with | how flower for wife
how to make a bouquet for wedding,7,6,562,3,how to make a bouquet f | how to make a bouquet for | how how to make a bouquet | why how to make a bouquet | which how to make a bouquet | who how to make a bouquet
orchid flower meaning in punjabi,5,6,561,4,orchid flower meaning | orchid flower meaning  | orchid flower meaning i | orchid flower meaning n | orchid flower meaning p | orchid flower meaning in
hibiscus flower meaning in sindhi,5,6,558,7,hibiscus flower meaning | hibiscus flower meaning  | hibiscus flower meaning i | hibiscus flower meaning s | hibiscus flower meaning with | hibiscus flower meaning in
orchid flower meaning in assamese,5,6,558,3,orchid flower meaning | orchid flower meaning  | orchid flower meaning a | orchid flower meaning i | orchid flower meaning n | orchid flower meaning in
promotion gift for coworker,4,6,557,8,promotion gift | promotion gift  | promotion gift f | promotion gift with | promotion gift for | promotion gift in
how to make your own artificial bouquet,7,6,554,11,how to make a bouquet z | how to make a bouquet free | how to make a bouquet app | how to make a bouquet maker | can i how to make a bouquet | is it how to make a bouquet
how to make your own bouquet,6,6,553,7,how to make a bouquet free | how to make a bouquet online | how to make a bouquet app | how to make a bouquet maker | how to make a bouquet template | can i how to make a bouquet
flower for wife after giving birth to baby,8,5,601,1,flower for wife a | flower for wife b | flower for wife g | flower for wife t | flower for wife with
flowers for wife valentine's day,5,5,601,1,flower for wife | flower for wife  | flower for wife d | flower for wife v | flower for wife with
flowers for wife and daughter,5,5,561,4,flower for wife | flower for wife  | flower for wife a | flower for wife d | flower for wife with
how to make a bouquet in stardew valley,8,5,558,7,how to make a bouquet i | how to make a bouquet in | how how to make a bouquet | why how to make a bouquet | who how to make a bouquet
lotus flower meaning in bengali,5,5,558,7,lotus flower meaning | lotus flower meaning  | lotus flower meaning i | lotus flower meaning with | lotus flower meaning in
lotus flower meaning in english,5,5,557,8,lotus flower meaning | lotus flower meaning  | lotus flower meaning e | lotus flower meaning i | lotus flower meaning in
lotus flower meaning in gujarati,5,5,557,8,lotus flower meaning | lotus flower meaning  | lotus flower meaning g | lotus flower meaning i | lotus flower meaning in
what does a lotus symbolize,5,5,553,3,lotus flower meaning y | lotus flower meaning z | how lotus flower meaning | can i lotus flower meaning | is it lotus flower meaning
how to make a bouquet blanket,6,4,1252,1,how to make a bouquet b | how how to make a bouquet | why how to make a bouquet | who how to make a bouquet
lotus flower meaning in kannada,5,4,1251,1,lotus flower meaning | lotus flower meaning  | lotus flower meaning i | lotus flower meaning in
flower for wife birthday,4,4,1250,1,flower for wife | flower for wife  | flower for wife b | flower for wife with
flower for wife gif,4,4,1250,1,flower for wife | flower for wife  | flower for wife g | flower for wife with
flower for wife images,4,4,1250,1,flower for wife | flower for wife  | flower for wife i | flower for wife with
promotion gift card,3,4,1250,1,promotion gift  | promotion gift c | promotion gift d | promotion gift n
how to make a bouquet with fake flowers,8,4,602,2,how to make a bouquet | how to make a bouquet  | how to make a bouquet w | how to make a bouquet with
flowers for wife delivery,4,4,601,1,flower for wife | flower for wife  | flower for wife d | flower for wife with
flowers for wife near me,5,4,601,1,flower for wife | flower for wife  | flower for wife n | flower for wife with
flowers for wife on mother's day,6,4,601,1,flower for wife | flower for wife  | flower for wife o | flower for wife with
flowers for wife quotes,4,4,601,1,flower for wife | flower for wife  | flower for wife q | flower for wife with
how to make a bouquet,5,4,601,1,how how to make a bouquet | why how to make a bouquet | can i how to make a bouquet | is it how to make a bouquet
how to make a bouquet with ribbon,7,4,601,3,how to make a bouquet | how to make a bouquet  | how to make a bouquet w | how to make a bouquet with
difference between orchid and flower,5,4,600,2,orchid flower meaning v | how orchid flower meaning | what orchid flower meaning | is it orchid flower meaning
flowers for wife anniversary,4,4,600,4,flower for wife | flower for wife  | flower for wife a | flower for wife with
hibiscus flower emoji meaning from a girl,7,4,600,2,hibiscus flower meaning a | hibiscus flower meaning e | hibiscus flower meaning f | hibiscus flower meaning g
how to make a bouquet with pipe cleaners,8,4,600,4,how to make a bouquet | how to make a bouquet  | how to make a bouquet w | how to make a bouquet with
promotion gift ideas for him,5,4,600,4,promotion gift | promotion gift  | promotion gift i | promotion gift n
hibiscus flower tattoo meaning on a woman,7,4,562,3,hibiscus flower meaning a | hibiscus flower meaning o | hibiscus flower meaning t | hibiscus flower meaning w
orchid flower meaning in the bible,6,4,560,4,orchid flower meaning a | orchid flower meaning t | orchid flower meaning with | orchid flower meaning for
hibiscus flower meaning in punjabi,5,4,558,7,hibiscus flower meaning n | hibiscus flower meaning p | hibiscus flower meaning with | hibiscus flower meaning for
hibiscus flower meaning in the bible,6,4,558,7,hibiscus flower meaning a | hibiscus flower meaning i | hibiscus flower meaning t | hibiscus flower meaning in
how to make a bouquet with real flowers,8,4,558,7,how to make a bouquet | how to make a bouquet  | how to make a bouquet w | how to make a bouquet with
hibiscus flower emoji meaning from a guy,7,4,557,5,hibiscus flower meaning a | hibiscus flower meaning e | hibiscus flower meaning f | hibiscus flower meaning g
flowers for wife's 50th birthday,5,4,556,9,flower for wife | flower for wife  | flower for wife b | flower for wife with
lotus flower meaning in relationship,5,4,555,10,lotus flower meaning | lotus flower meaning  | lotus flower meaning i | lotus flower meaning in
how to make a bouquet out of money,8,4,552,13,how how to make a bouquet | why how to make a bouquet | which how to make a bouquet | who how to make a bouquet
lotus flower meaning in friendship,5,4,552,13,lotus flower meaning | lotus flower meaning  | lotus flower meaning i | lotus flower meaning in
what is the spiritual meaning of hibiscus,7,4,551,4,hibiscus flower meaning j | hibiscus flower meaning v | hibiscus flower meaning y | is it hibiscus flower meaning
lotus flower meaning tattoo,4,3,1251,1,lotus flower meaning | lotus flower meaning  | lotus flower meaning t
hibiscus flower meaning hawaii,4,3,1250,1,hibiscus flower meaning | hibiscus flower meaning  | hibiscus flower meaning h
hibiscus flower meaning tattoo,4,3,1250,1,hibiscus flower meaning | hibiscus flower meaning  | hibiscus flower meaning t
how to make a bouquet drawing,6,3,1250,1,how to make a bouquet | how to make a bouquet  | how to make a bouquet d
how to make a bouquet of flowers,7,3,1250,1,how to make a bouquet | how to make a bouquet  | how to make a bouquet o
how to make a bouquet step by step,8,3,1250,1,how to make a bouquet | how to make a bouquet  | how to make a bouquet s
lotus flower meaning spiritual,4,3,1250,1,lotus flower meaning | lotus flower meaning  | lotus flower meaning s
promotion gift basket,3,3,1250,1,promotion gift | promotion gift  | promotion gift b
promotion gift pwc,3,3,1250,1,promotion gift | promotion gift  | promotion gift p
flowers for wife funeral,4,3,601,1,flower for wife | flower for wife  | flower for wife f
flowers for wife just because,5,3,601,1,flower for wife | flower for wife b | flower for wife j
hibiscus flower meaning for men,5,3,601,1,hibiscus flower meaning f | hibiscus flower meaning m | hibiscus flower meaning for
how to make a bouquet in a vase,8,3,601,2,how to make a bouquet a | how to make a bouquet i | how to make a bouquet in
how to make a bouquet wrap with a4 paper,9,3,601,4,how to make a bouquet | how to make a bouquet  | how to make a bouquet w
promotion gift for best friend,5,3,601,1,promotion gift f | promotion gift best | promotion gift for
promotion gift with purchase,4,3,601,1,promotion gift p | promotion gift w | promotion gift with
promotion on gift cards,4,3,601,1,promotion gift o | promotion gift with | promotion gift in
what flower for wife birthday,5,3,601,1,flower for wife w | how flower for wife | what flower for wife
orchid flower meaning in english,5,3,600,2,orchid flower meaning e | orchid flower meaning with | orchid flower meaning for
orchid flower symbol of,4,3,600,2,orchid flower meaning a | orchid flower meaning f | orchid flower meaning o
pink hibiscus flower meaning dying young,6,3,600,2,hibiscus flower meaning d | hibiscus flower meaning p | hibiscus flower meaning y
lotus flower meaning for kids,5,3,562,3,lotus flower meaning f | lotus flower meaning k | lotus flower meaning for
hibiscus flower tattoo meaning on a man,7,3,561,4,hibiscus flower meaning a | hibiscus flower meaning o | hibiscus flower meaning t
lotus flower meaning men,4,3,561,4,lotus flower meaning f | lotus flower meaning m | lotus flower meaning for
special flower for wife perhaps crossword,6,3,559,3,flower for wife c | flower for wife p | flower for wife s
clinique promotion gift with purchase,5,3,558,7,promotion gift p | promotion gift w | promotion gift with
lotus tattoo meaning for girl,5,3,558,7,lotus flower meaning f | lotus flower meaning g | lotus flower meaning for
hibiscus flower emoji meaning urban dictionary,6,3,557,8,hibiscus flower meaning d | hibiscus flower meaning e | hibiscus flower meaning u
lotus flower definition for kids,5,3,557,8,lotus flower meaning f | lotus flower meaning k | lotus flower meaning for
lotus flower meaning in christianity,5,3,557,8,lotus flower meaning n | lotus flower meaning with | lotus flower meaning for
hibiscus flower meaning in english,5,3,555,7,hibiscus flower meaning e | hibiscus flower meaning with | hibiscus flower meaning for
lotus flower meaning in islam,5,3,555,10,lotus flower meaning i | lotus flower meaning with | lotus flower meaning in
lotus flower meaning in telugu,5,3,555,10,lotus flower meaning | lotus flower meaning  | lotus flower meaning with
what does a lotus flower mean,6,3,553,3,lotus flower meaning y | can i lotus flower meaning | is it lotus flower meaning
how to make artificial bouquet,5,3,551,14,how to make a bouquet z | can i how to make a bouquet | is it how to make a bouquet
what does the lotus flower represent,6,3,551,11,lotus flower meaning q | lotus flower meaning y | lotus flower meaning z
lotus flower meaning in the odyssey,6,3,550,15,lotus flower meaning i | lotus flower meaning with | lotus flower meaning in
lotus flower meaning percy jackson,5,2,1251,1,lotus flower meaning j | lotus flower meaning p
how to make a bouquet in paper,7,2,1250,1,how to make a bouquet i | how to make a bouquet in
how to make a bouquet look better,7,2,1200,2,how to make a bouquet l | how to make a bouquet best
lotus flower meaning domestic violence,5,2,1150,2,lotus flower meaning d | lotus flower meaning v
how to make a bouquet of pipe cleaner flowers,9,2,602,5,how to make a bouquet  | how to make a bouquet o
flower for wife,3,2,601,1,flower for wife  | flower for wife with
flowers for wife birthday near me,6,2,601,2,flower for wife b | flower for wife n
flowers for wife for birthday,5,2,601,1,flower for wife f | flower for wife for
flowers for wife mothers day,5,2,601,1,flower for wife d | flower for wife m
hibiscus flower meaning puerto rico,5,2,601,2,hibiscus flower meaning p | hibiscus flower meaning r
how to make a bouquet easy for kids,8,2,601,2,how to make a bouquet e | how to make a bouquet k
how to make a bouquet for birthday,7,2,601,4,how to make a bouquet f | how to make a bouquet for
how to make a bouquet stardew valley,7,2,601,2,how to make a bouquet s | how to make a bouquet v
how to make a bouquet trader joe's,7,2,601,1,how to make a bouquet j | how to make a bouquet t
lotus flower meaning eternal love,5,2,601,2,lotus flower meaning e | lotus flower meaning l
lotus flower meaning for women,5,2,601,2,lotus flower meaning f | lotus flower meaning for
lotus flower with meaning,4,2,601,1,lotus flower meaning w | lotus flower meaning with
promo gift code grabfood,4,2,601,1,promotion gift c | promotion gift g
promotion apple gift card,4,2,601,1,promotion gift a | promotion gift app
promotion gift certificate code iracing,5,2,601,2,promotion gift c | promotion gift n
promotion gift to self,4,2,601,1,promotion gift s | promotion gift t
special flower for wife crossword,5,2,601,1,flower for wife c | flower for wife s
what does blue orchid flower meaning,6,2,601,1,orchid flower meaning d | what orchid flower meaning
what hibiscus flower mean,4,2,601,1,how hibiscus flower meaning | what hibiscus flower meaning
what is hibiscus flower meaning,5,2,601,1,hibiscus flower meaning w | is it hibiscus flower meaning
what lotus tattoo meaning,4,2,601,1,how lotus flower meaning | what lotus flower meaning
what orchid flower meaning,4,2,601,1,orchid flower meaning w | how orchid flower meaning
which flowers for wife birthday,5,2,601,1,which flower for wife | who flower for wife
how to make a bouquet for father's day,8,2,600,5,how to make a bouquet f | how to make a bouquet for
how to make a bouquet garni without cheesecloth,8,2,600,3,how to make a bouquet g | how to make a bouquet without
how to make a bouquet in moonlight peaks,8,2,600,3,how to make a bouquet i | how to make a bouquet in
how to make a bouquet of paper flowers,8,2,600,5,how to make a bouquet | how to make a bouquet 
how to make a good bouquet,6,2,600,2,how to make a bouquet g | how to make a bouquet best
lotus flower meaning ancient egypt,5,2,600,2,lotus flower meaning a | lotus flower meaning e
lotus flower meaning for love,5,2,600,2,lotus flower meaning f | lotus flower meaning for
lotus flower meaning greek mythology,5,2,600,2,lotus flower meaning g | lotus flower meaning m
lotus flower meaning the odyssey,5,2,600,4,lotus flower meaning a | lotus flower meaning t
promotion gift card amazon,4,2,600,3,promotion gift c | promotion gift d
promotional gift platinum life,4,2,600,3,promotion gift l | promotion gift p
promotional gift supplier in dubai,5,2,600,2,promotion gift s | promotion gift in
special flower for wife perhaps,5,2,600,2,flower for wife p | flower for wife s
what do hibiscus meaning flower language,6,2,600,2,hibiscus flower meaning w | what hibiscus flower meaning
what lotus flower represents,4,2,600,2,how lotus flower meaning | what lotus flower meaning
white orchid flower meaning in urdu,6,2,600,2,orchid flower meaning u | orchid flower meaning w
white orchid flower meaning in hindi,6,2,562,3,orchid flower meaning h | orchid flower meaning w
how to make a bouquet in toca boca,8,2,561,4,how to make a bouquet i | how to make a bouquet in
red hibiscus flower meaning in urdu,6,2,561,4,hibiscus flower meaning r | hibiscus flower meaning u
how to make a bouquet for graduation,7,2,560,5,how to make a bouquet f | how to make a bouquet for
how to make a bouquet in sims 4,8,2,560,5,how to make a bouquet i | how to make a bouquet in
how to make a bouquet with paper flowers,8,2,560,5,how to make a bouquet w | how to make a bouquet with
lotus flower meaning urban dictionary,5,2,560,5,lotus flower meaning d | lotus flower meaning u
lotus tattoo meaning for women,5,2,560,5,lotus flower meaning f | lotus flower meaning for
orchid flower symbol copy and paste,6,2,560,4,orchid flower meaning a | orchid flower meaning c
red hibiscus flower meaning in hindi,6,2,560,5,hibiscus flower meaning h | hibiscus flower meaning r
blue orchid flower meaning love,5,2,559,3,orchid flower meaning b | orchid flower meaning l
flower decoration for wife birthday,5,2,559,6,flower for wife b | flower for wife d
flowers for my wife gif,5,2,559,6,flower for wife g | flower for wife m
how to make a bouquet for bride,7,2,559,6,how to make a bouquet f | how to make a bouquet for
how to make a bouquet in bloxburg,7,2,559,6,how to make a bouquet i | how to make a bouquet in
how to make a bouquet with flowers,7,2,559,6,how to make a bouquet w | how to make a bouquet with
how to make a money bouquet easy,7,2,559,6,how to make a bouquet e | how to make a bouquet m
lotus tattoo meaning for men,5,2,559,6,lotus flower meaning f | lotus flower meaning for
orange hibiscus flower meaning spiritual,5,2,559,6,hibiscus flower meaning o | hibiscus flower meaning s
purple orchid flower meaning spiritual,5,2,559,4,orchid flower meaning p | orchid flower meaning s
red hibiscus flower meaning bible,5,2,559,6,hibiscus flower meaning b | hibiscus flower meaning r
red hibiscus flower meaning in bengali,6,2,559,6,hibiscus flower meaning b | hibiscus flower meaning r
red hibiscus flower meaning love,5,2,559,4,hibiscus flower meaning l | hibiscus flower meaning r
white orchid flower meaning love,5,2,559,6,orchid flower meaning l | orchid flower meaning w
black orchid flower meaning spiritual,5,2,558,5,orchid flower meaning b | orchid flower meaning s
dry hibiscus flower meaning in urdu,6,2,558,7,hibiscus flower meaning d | hibiscus flower meaning u
flower color for wife birthday,5,2,558,7,flower for wife b | flower for wife c
how to make a bouquet for men,7,2,558,7,how to make a bouquet f | how to make a bouquet for
how to make a bouquet garni without string,8,2,558,7,how to make a bouquet g | how to make a bouquet without
pink hibiscus flower meaning love,5,2,558,5,hibiscus flower meaning l | hibiscus flower meaning p
promo gift the real real,5,2,558,7,promotion gift r | promotion gift t
red hibiscus flower meaning in gujarati,6,2,558,7,hibiscus flower meaning g | hibiscus flower meaning r
white hibiscus flower meaning in love,6,2,558,3,hibiscus flower meaning l | hibiscus flower meaning w
blue orchid flower meaning in hindi,6,2,557,6,orchid flower meaning b | orchid flower meaning h
blue orchid flower meaning in relationship,6,2,557,8,orchid flower meaning b | orchid flower meaning r
how to make a bouquet for teachers day,8,2,557,8,how to make a bouquet t | how to make a bouquet for
how to make a bouquet in 99 nights,8,2,557,8,how to make a bouquet i | how to make a bouquet in
how to make a bouquet with chart paper,8,2,557,8,how to make a bouquet w | how to make a bouquet with
job promotion gift ideas,4,2,557,5,promotion gift i | promotion gift j
lotus flower meaning spiritual love,5,2,557,8,lotus flower meaning l | lotus flower meaning s
ls of hibiscus flower meaning,5,2,557,8,hibiscus flower meaning l | hibiscus flower meaning o
pink orchid flower meaning love,5,2,557,5,orchid flower meaning l | orchid flower meaning p
promotion gift for wife,4,2,557,8,promotion gift f | promotion gift w
promotion gift ideas for husband,5,2,557,8,promotion gift i | promotion gift n
promotion party gift ideas,4,2,557,4,promotion gift i | promotion gift p
purple orchid flower meaning in relationship,6,2,557,8,orchid flower meaning p | orchid flower meaning r
dry hibiscus flower meaning in hindi,6,2,556,9,hibiscus flower meaning d | hibiscus flower meaning h
how to make a bouquet for quinceanera,7,2,556,9,how to make a bouquet f | how to make a bouquet for
how to make a bouquet in 99 nights in the forest,11,2,556,9,how to make a bouquet i | how to make a bouquet in
how to make a bouquet in minecraft,7,2,556,9,how to make a bouquet i | how to make a bouquet in
how to make a bouquet with paper easy,8,2,556,9,how to make a bouquet w | how to make a bouquet with
lancome promotion gift with purchase,5,2,556,9,promotion gift l | promotion gift w
orchid meaning victorian flower language,5,2,556,6,orchid flower meaning l | orchid flower meaning v
promo gift club us,4,2,556,9,promotion gift c | promotion gift u
promotion gift for boyfriend,4,2,556,9,promotion gift f | promotion gift for
purple orchid flower meaning in hindi,6,2,556,7,orchid flower meaning h | orchid flower meaning p
rose flower for my wife,5,2,556,5,flower for wife m | flower for wife r
what color lotus flower meaning strength,6,2,556,4,how lotus flower meaning | what lotus flower meaning
white orchid flower meaning death,5,2,556,6,orchid flower meaning d | orchid flower meaning w
white orchid flower meaning in marathi,6,2,556,9,orchid flower meaning m | orchid flower meaning w
white orchid flower meaning spiritual,5,2,556,7,orchid flower meaning s | orchid flower meaning w
white orchid meaning flower language,5,2,556,6,orchid flower meaning l | orchid flower meaning w
blue hibiscus flower meaning in love,6,2,555,8,hibiscus flower meaning b | hibiscus flower meaning l
how to make a bouquet for dance recital,8,2,555,10,how to make a bouquet f | how to make a bouquet for
how to make a bouquet with crochet,7,2,555,10,how to make a bouquet w | how to make a bouquet with
how to make a money bouquet without tape,8,2,555,10,how to make a bouquet m | how to make a bouquet without
lotus flower emoji meaning urban dictionary,6,2,555,10,lotus flower meaning e | lotus flower meaning u
pink hibiscus flower meaning spiritual,5,2,555,10,hibiscus flower meaning p | hibiscus flower meaning s
pink orchid flower meaning in hindi,6,2,555,8,orchid flower meaning h | orchid flower meaning p
red hibiscus flower meaning in punjabi,6,2,555,10,hibiscus flower meaning p | hibiscus flower meaning r
romantic flower for my wife,5,2,555,6,flower for wife m | flower for wife r
rose flower for your wife,5,2,555,4,flower for wife r | flower for wife y
what does lotus flower meaning woman,6,2,555,5,how lotus flower meaning | what lotus flower meaning
white egret orchid flower meaning,5,2,555,4,orchid flower meaning e | orchid flower meaning w
how to make a bouquet in a box,8,2,554,11,how to make a bouquet i | how to make a bouquet in
how to make a bouquet with clay,7,2,554,11,how to make a bouquet w | how to make a bouquet with
how to make a bouquet wrap for one flower,9,2,554,11,how to make a bouquet | how to make a bouquet w
lotus flower meaning in the bible,6,2,554,11,lotus flower meaning t | lotus flower meaning with
lotus flower meaning sri lanka,5,2,554,11,lotus flower meaning l | lotus flower meaning s
promotion gifts for employees,4,2,554,11,promotion gift | promotion gift for
purple orchid meaning flower language,5,2,554,8,orchid flower meaning l | orchid flower meaning p
pwc promotion gift hamper 2026,5,2,554,5,promotion gift h | promotion gift 2026
red hibiscus flower meaning spiritual,5,2,554,11,hibiscus flower meaning r | hibiscus flower meaning s
army promotion gift ideas,4,2,553,9,promotion gift a | promotion gift i
estee lauder promotion gift with purchase,6,2,553,12,promotion gift w | promotion gift with
hibiscus flower behind ear meaning,5,2,553,12,hibiscus flower meaning b | hibiscus flower meaning e
how to make a bouquet for a man,8,2,553,12,how to make a bouquet a | how to make a bouquet f
how to make a bouquet in drawing,7,2,553,12,how to make a bouquet i | how to make a bouquet in
lotus flower meaning in spirituality,5,2,553,12,lotus flower meaning i | lotus flower meaning in
meaning of hibiscus flower in yoruba,6,2,553,3,hibiscus flower meaning o | hibiscus flower meaning y
promotion gift for myself,4,2,553,12,promotion gift f | promotion gift m
red hibiscus flower emoji meaning,5,2,553,9,hibiscus flower meaning e | hibiscus flower meaning r
red hibiscus flower tattoo meaning,5,2,553,12,hibiscus flower meaning r | hibiscus flower meaning t
good night flower for wife,5,2,552,10,flower for wife g | flower for wife n
hibiscus flower and butterfly tattoo meaning,6,2,552,13,hibiscus flower meaning a | hibiscus flower meaning b
hibiscus flower meaning in odia,5,2,552,13,hibiscus flower meaning with | hibiscus flower meaning for
how to make a bouquet in home,7,2,552,13,how to make a bouquet i | how to make a bouquet in
how to make handmade bouquet,5,2,552,3,how to make a bouquet maker | how to make a bouquet 2026
promo gift bundle spiderman,4,2,552,13,promotion gift b | promotion gift s
hibiscus flower meaning in japan,5,2,551,14,hibiscus flower meaning i | hibiscus flower meaning in
how to get a bouquet in stardew valley,8,2,551,14,how to make a bouquet i | how to make a bouquet in
how to make a cheap bouquet,6,2,551,12,how to make a bouquet best | how to make a bouquet free
how to make a homemade flower bouquet,7,2,551,8,how to make a bouquet online | how to make a bouquet template
orchid flower meaning in nepali,5,2,551,14,orchid flower meaning with | orchid flower meaning for
purple hibiscus flower meaning spiritual,5,2,551,14,hibiscus flower meaning p | hibiscus flower meaning s
white and pink hibiscus flower meaning,6,2,551,14,hibiscus flower meaning a | hibiscus flower meaning w
white and purple orchid flower meaning,6,2,551,10,orchid flower meaning a | orchid flower meaning w
flower card messages for wife,5,2,550,13,flower for wife c | flower for wife q
hibiscus flower meaning in hawaii,5,2,550,15,hibiscus flower meaning i | hibiscus flower meaning in
single purple orchid flower meaning,5,2,550,15,orchid flower meaning p | orchid flower meaning s
white and pink orchid flower meaning,6,2,550,11,orchid flower meaning a | orchid flower meaning w
how to make a bouquet bow with ribbon,8,1,1251,2,how to make a bouquet b
how to make a bouquet cover,6,1,1251,1,how to make a bouquet c
how to make a bouquet without flowers,7,1,1251,1,how to make a bouquet without
lotus flower meaning buddhism,4,1,1251,1,lotus flower meaning b
lotus flower meaning christianity,4,1,1251,1,lotus flower meaning c
lotus flower meaning japanese,4,1,1251,1,lotus flower meaning j
hibiscus flower meaning negative,4,1,1250,1,hibiscus flower meaning n
hibiscus flower meaning pink,4,1,1250,1,hibiscus flower meaning p
how to make a bouquet blanket crochet,7,1,1250,3,how to make a bouquet b
how to make a bouquet card,6,1,1250,2,how to make a bouquet c
how to make a bouquet easy,6,1,1250,1,how to make a bouquet e
how to make a bouquet handmade,6,1,1250,1,how to make a bouquet h
how to make a bouquet moonlight peaks,7,1,1250,1,how to make a bouquet m
how to make a bouquet paper,6,1,1250,1,how to make a bouquet p
how to make a bouquet ribbon,6,1,1250,1,how to make a bouquet r
how to make a bouquet using paper,7,1,1250,1,how to make a bouquet u
how to make a bouquet video,6,1,1250,1,how to make a bouquet v
how to make a bouquet without foam,7,1,1250,2,how to make a bouquet without
lotus flower meaning bible,4,1,1250,2,lotus flower meaning b
lotus flower meaning chinese,4,1,1250,2,lotus flower meaning c
lotus flower meaning drawing,4,1,1250,1,lotus flower meaning d
lotus flower meaning egypt,4,1,1250,1,lotus flower meaning e
lotus flower meaning friendship,4,1,1250,1,lotus flower meaning f
lotus flower meaning hinduism,4,1,1250,1,lotus flower meaning h
lotus flower meaning july,4,1,1250,2,lotus flower meaning j
lotus flower meaning love,4,1,1250,1,lotus flower meaning l
lotus flower meaning nana,4,1,1250,1,lotus flower meaning n
lotus flower meaning odyssey,4,1,1250,1,lotus flower meaning o
lotus flower meaning purple,4,1,1250,2,lotus flower meaning p
lotus flower meaning quotes,4,1,1250,1,lotus flower meaning q
lotus flower meaning radiohead,4,1,1250,1,lotus flower meaning r
lotus flower meaning telugu,4,1,1250,2,lotus flower meaning t
lotus flower meaning vietnam,4,1,1250,1,lotus flower meaning v
lotus flower meaning yoga,4,1,1250,1,lotus flower meaning y
orchid flower meaning hindi,4,1,1250,1,orchid flower meaning h
orchid flower meaning tattoo,4,1,1250,1,orchid flower meaning t
how to make a bouquet flower,6,1,1151,1,how to make a bouquet f
how to make a bouquet of flowers with paper,9,1,1151,2,how to make a bouquet o
how to make a bouquet from paper,7,1,1150,2,how to make a bouquet f
how to make a bouquet of paper,7,1,1150,3,how to make a bouquet o
lotus flower meaning odysseus,4,1,1150,2,lotus flower meaning o
lotus flower meaning pink,4,1,1150,3,lotus flower meaning p
lotus flower meaning rebirth,4,1,1150,2,lotus flower meaning r
how to make a bouquet cover with paper,8,1,1101,3,how to make a bouquet c
how to make a bouquet chocolate,6,1,1100,4,how to make a bouquet c
how to make a bouquet last,6,1,1050,3,how to make a bouquet l
how to make a bouquet from a leaf,8,1,1000,3,how to make a bouquet f
how to make a bouquet bow,6,1,850,4,how to make a bouquet b
how to make a bouquet bag,6,1,751,5,how to make a bouquet b
how to make a bouquet box,6,1,750,6,how to make a bouquet b
lotus flower meaning china,4,1,700,3,lotus flower meaning c
how to make a bouquet bar,6,1,602,7,how to make a bouquet b
how to make a bouquet last overnight,7,1,602,4,how to make a bouquet l
promotion job gift,3,1,602,1,promotion gift j
best flowers for wife,4,1,601,1,flower for wife best
can i gift promo dias,5,1,601,1,can i promotion gift
can i make a bouquet 2 days before,8,1,601,1,can i how to make a bouquet
does the lotus flower meaning eternal love,7,1,601,1,can i lotus flower meaning
flower for independent woman,4,1,601,1,flower for wife in
flower for libra woman,4,1,601,1,flower for wife l
flower for pregnant wife,4,1,601,1,flower for wife p
flower for your wife,4,1,601,1,flower for wife y
flower husband wife,3,1,601,1,flower for wife h
flower ideas for wife,4,1,601,2,flower for wife i
flowers for ex wife,4,1,601,1,flower for wife e
flowers for sick wife,4,1,601,1,flower for wife s
flowers for the wife,4,1,601,1,flower for wife t
flowers for wife graduation,4,1,601,2,flower for wife g
hibiscus flower and meaning,4,1,601,1,hibiscus flower meaning a
hibiscus flower meaning blue,4,1,601,2,hibiscus flower meaning b
hibiscus flower meaning chinese,4,1,601,1,hibiscus flower meaning c
hibiscus flower meaning death,4,1,601,1,hibiscus flower meaning d
hibiscus flower meaning emoji,4,1,601,1,hibiscus flower meaning e
hibiscus flower meaning friendship,4,1,601,1,hibiscus flower meaning f
hibiscus flower meaning gujarati,4,1,601,1,hibiscus flower meaning g
hibiscus flower meaning hindi,4,1,601,2,hibiscus flower meaning h
hibiscus flower meaning japan,4,1,601,1,hibiscus flower meaning j
hibiscus flower meaning korean,4,1,601,1,hibiscus flower meaning k
hibiscus flower meaning love,4,1,601,1,hibiscus flower meaning l
hibiscus flower meaning malayalam,4,1,601,1,hibiscus flower meaning m
hibiscus flower meaning orange,4,1,601,1,hibiscus flower meaning o
hibiscus flower meaning red,4,1,601,1,hibiscus flower meaning r
hibiscus flower meaning spiritual,4,1,601,1,hibiscus flower meaning s
hibiscus flower meaning telugu,4,1,601,2,hibiscus flower meaning t
hibiscus flower meaning urdu,4,1,601,1,hibiscus flower meaning u
hibiscus flower meaning victorian,4,1,601,1,hibiscus flower meaning v
hibiscus flower meaning witchcraft,4,1,601,1,hibiscus flower meaning w
hibiscus flower name meaning,4,1,601,2,hibiscus flower meaning n
how to get bouquet online,5,1,601,1,how to make a bouquet online
how to make a bouquet at trader joe's,8,1,601,2,how to make a bouquet a
how to make a bouquet better,6,1,601,1,how to make a bouquet best
how to make a bouquet birthday card,7,1,601,8,how to make a bouquet b
how to make a bouquet crochet,6,1,601,5,how to make a bouquet c
how to make a bouquet diy,6,1,601,2,how to make a bouquet d
how to make a bouquet greeting card,7,1,601,2,how to make a bouquet g
how to make a bouquet handle,6,1,601,2,how to make a bouquet h
how to make a bouquet keychain,6,1,601,1,how to make a bouquet k
how to make a bouquet look good in a vase,10,1,601,5,how to make a bouquet l
how to make a bouquet money,6,1,601,2,how to make a bouquet m
how to make a bouquet nice,6,1,601,1,how to make a bouquet n
how to make a bouquet of flowers last longer,9,1,601,6,how to make a bouquet o
how to make a bouquet paper wrap,7,1,601,2,how to make a bouquet p
how to make a bouquet quickly,6,1,601,1,how to make a bouquet q
how to make a bouquet roses,6,1,601,2,how to make a bouquet r
how to make a bouquet using the egg,8,1,601,2,how to make a bouquet u
how to make a bouquet vase,6,1,601,2,how to make a bouquet v
how to make a bouquet without glue,7,1,601,3,how to make a bouquet without
how to make a bouquet youtube,6,1,601,1,how to make a bouquet y
how to make a flower template,6,1,601,1,how to make a bouquet template
how to make a jerky bouquet,6,1,601,1,how to make a bouquet j
how to make a prom bouquet 2026,7,1,601,1,how to make a bouquet 2026
how to make a zinnia bouquet,6,1,601,1,how to make a bouquet z
how to make bouquet app,5,1,601,1,how to make a bouquet app
how to make bouquet design,5,1,601,1,how to make a bouquet maker
how to make crochet flower bouquet free pattern,8,1,601,1,how to make a bouquet free
is it easy to make a bouquet,7,1,601,1,is it how to make a bouquet
lotus flower meaning and symbolism,5,1,601,1,lotus flower meaning a
lotus flower meaning bengali,4,1,601,3,lotus flower meaning b
lotus flower meaning chinese culture,5,1,601,4,lotus flower meaning c
lotus flower meaning death,4,1,601,3,lotus flower meaning d
lotus flower meaning greek,4,1,601,1,lotus flower meaning g
lotus flower meaning hindi,4,1,601,2,lotus flower meaning h
lotus flower meaning jewellery,4,1,601,3,lotus flower meaning j
lotus flower meaning korean,4,1,601,1,lotus flower meaning k
lotus flower meaning life of pi,6,1,601,2,lotus flower meaning l
lotus flower meaning mental health,5,1,601,1,lotus flower meaning m
lotus flower meaning new beginnings,5,1,601,2,lotus flower meaning n
lotus flower meaning overcoming difficulties,5,1,601,3,lotus flower meaning o
lotus flower meaning personality,4,1,601,4,lotus flower meaning p
lotus flower meaning resilience,4,1,601,3,lotus flower meaning r
lotus flower meaning symbol,4,1,601,2,lotus flower meaning s
lotus flower meaning tattoo female,5,1,601,3,lotus flower meaning t
lotus flower meaning urdu,4,1,601,1,lotus flower meaning u
lotus flower meaning vietnamese,4,1,601,2,lotus flower meaning v
lotus flower meaning wedding,4,1,601,1,lotus flower meaning w
lotus flower qigong meaning,4,1,601,2,lotus flower meaning q
lotus flower symbolism zodiac,4,1,601,1,lotus flower meaning z
lotus flower yellow meaning,4,1,601,2,lotus flower meaning y
orchid flower essence meaning,4,1,601,1,orchid flower meaning e
orchid flower meaning and symbolism,5,1,601,1,orchid flower meaning a
orchid flower meaning bible,4,1,601,1,orchid flower meaning b
orchid flower meaning death,4,1,601,1,orchid flower meaning d
orchid flower meaning funeral,4,1,601,1,orchid flower meaning f
orchid flower meaning gift,4,1,601,1,orchid flower meaning g
orchid flower meaning japan,4,1,601,1,orchid flower meaning j
orchid flower meaning korean,4,1,601,1,orchid flower meaning k
orchid flower meaning love,4,1,601,1,orchid flower meaning l
orchid flower meaning malayalam,4,1,601,1,orchid flower meaning m
orchid flower meaning personality,4,1,601,1,orchid flower meaning p
orchid flower meaning red,4,1,601,1,orchid flower meaning r
orchid flower meaning spiritual,4,1,601,1,orchid flower meaning s
orchid flower meaning tamil,4,1,601,2,orchid flower meaning t
orchid flower meaning victorian,4,1,601,1,orchid flower meaning v
orchid flower meaning white,4,1,601,1,orchid flower meaning w
orchid flower meaning yellow,4,1,601,1,orchid flower meaning y
orchid flower odia meaning,4,1,601,1,orchid flower meaning o
promo gift card xbox,4,1,601,1,promotion gift x
promo gifts llc,3,1,601,1,promotion gift l
promo gifts online,3,1,601,1,promotion gift online
promotion free gift,3,1,601,1,promotion gift free
promotion gift,2,1,601,1,promotion gift n
promotion gift army,3,1,601,1,promotion gift a
promotion gift box,3,1,601,2,promotion gift b
promotion gift etsy,3,1,601,1,promotion gift e
promotion gift hamper,3,1,601,1,promotion gift h
promotion gift men,3,1,601,1,promotion gift m
promotion gift package 2 honor,5,1,601,2,promotion gift p
promotion gift quotes,3,1,601,1,promotion gift q
promotion gift reddit,3,1,601,1,promotion gift r
promotion gift set,3,1,601,1,promotion gift s
promotion gift usa,3,1,601,1,promotion gift u
promotion gift voucher,3,1,601,1,promotion gift v
promotion gift women,3,1,601,1,promotion gift w
promotion gifts for yourself,4,1,601,1,promotion gift y
promotional gifts 2026,3,1,601,1,promotion gift 2026
promotional gifts dubai,3,1,601,1,promotion gift d
promotional gifts in dubai,4,1,601,1,promotion gift in
promotional gifts johannesburg,3,1,601,2,promotion gift j
promotional gifts kuwait,3,1,601,1,promotion gift k
rose flower for wife,4,1,601,1,flower for wife r
what flowers to make a bouquet,6,1,601,1,what how to make a bouquet
what is lotus flower meaning,5,1,601,1,is it lotus flower meaning
what is orchid flower meaning,5,1,601,1,is it orchid flower meaning
what is promotional gift,4,1,601,1,what promotion gift
what lotus flower meaning,4,1,601,1,how lotus flower meaning
when to make a bouquet,5,1,601,1,when how to make a bouquet
where to make a bouquet,5,1,601,1,which how to make a bouquet
who offers gift wrapping services,5,1,601,1,who promotion gift
who to make a bouquet,5,1,601,1,who how to make a bouquet
yellow hibiscus flower meaning,4,1,601,1,hibiscus flower meaning y
best flower for wife birthday,5,1,600,2,flower for wife best
best flower for your wife,5,1,600,2,flower for wife y
can i make a bouquet,5,1,600,2,can i how to make a bouquet
can promotional gift cards expire,5,1,600,2,can i promotion gift
flower bouquet ideas for wife,5,1,600,3,flower for wife i
flower for capricorn woman,4,1,600,2,flower for wife c
flower for leo woman,4,1,600,2,flower for wife l
flower for my wife,4,1,600,2,flower for wife m
flower for sagittarius woman,4,1,600,2,flower for wife s
flower for taurus woman,4,1,600,2,flower for wife t
flower for virgo woman,4,1,600,2,flower for wife v
flower woman quotes,3,1,600,2,flower for wife q
flowers for grieving wife,4,1,600,3,flower for wife g
flowers for wife nearby,4,1,600,2,flower for wife n
flowers for wife's bday,4,1,600,3,flower for wife b
happy birthday flower for wife,5,1,600,2,flower for wife h
hibiscus flower dream meaning,4,1,600,2,hibiscus flower meaning d
hibiscus flower gift meaning,4,1,600,2,hibiscus flower meaning g
hibiscus flower meaning bengali,4,1,600,3,hibiscus flower meaning b
hibiscus flower meaning colors,4,1,600,2,hibiscus flower meaning c
hibiscus flower meaning haiti,4,1,600,3,hibiscus flower meaning h
hibiscus flower meaning in assamese,5,1,600,2,hibiscus flower meaning a
hibiscus flower meaning jamaica,4,1,600,2,hibiscus flower meaning j
hibiscus flower meaning kannada,4,1,600,2,hibiscus flower meaning k
hibiscus flower meaning marathi,4,1,600,2,hibiscus flower meaning m
hibiscus flower meaning philippines,4,1,600,3,hibiscus flower meaning p
hibiscus flower meaning tamil,4,1,600,3,hibiscus flower meaning t
hibiscus flower meaning white,4,1,600,2,hibiscus flower meaning w
hibiscus flower nepali meaning,4,1,600,3,hibiscus flower meaning n
hibiscus flower odia meaning,4,1,600,2,hibiscus flower meaning o
hibiscus flower symbol meaning,4,1,600,2,hibiscus flower meaning s
hibiscus meaning flower language,4,1,600,2,hibiscus flower meaning l
hibiscus tea urdu meaning,4,1,600,2,hibiscus flower meaning u
how much is it to make a bouquet,8,1,600,2,is it how to make a bouquet
how to get free bouquet from trader joe's,8,1,600,2,how to make a bouquet free
how to make a artificial bouquet,6,1,600,3,how to make a bouquet a
how to make a bouquet balloon,6,1,600,9,how to make a bouquet b
how to make a bouquet cake,6,1,600,6,how to make a bouquet c
how to make a bouquet dress,6,1,600,3,how to make a bouquet d
how to make a bouquet holder,6,1,600,3,how to make a bouquet h
how to make a bouquet look fuller,7,1,600,6,how to make a bouquet l
how to make a bouquet money flower,7,1,600,3,how to make a bouquet m
how to make a bouquet of flowers drawing,8,1,600,7,how to make a bouquet o
how to make a bouquet purse,6,1,600,3,how to make a bouquet p
how to make a bouquet round,6,1,600,3,how to make a bouquet r
how to make a bouquet stand,6,1,600,3,how to make a bouquet s
how to make a bouquet trader joe's bag,8,1,600,2,how to make a bouquet t
how to make a bouquet using artificial flowers,8,1,600,3,how to make a bouquet u
how to make a bouquet without paper,7,1,600,4,how to make a bouquet without
how to make a bouquet yourself,6,1,600,2,how to make a bouquet y
how to make a bunch of money online,8,1,600,2,how to make a bouquet online
how to make a easy bouquet with paper,8,1,600,3,how to make a bouquet e
how to make a flower template step by step,9,1,600,2,how to make a bouquet template
how to make a joint bouquet,6,1,600,2,how to make a bouquet j
how to make a kitkat bouquet,6,1,600,2,how to make a bouquet k
how to make a long bouquet,6,1,600,2,how to make a bouquet 2026
how to make a nosegay bouquet,6,1,600,2,how to make a bouquet n
how to make a quinceanera bouquet,6,1,600,2,how to make a bouquet q
how to make a vegetable bouquet,6,1,600,3,how to make a bouquet v
how to make a zyn bouquet,6,1,600,2,how to make a bouquet z
how to make an apple bouquet,6,1,600,2,how to make a bouquet app
how to make flower bouquet design,6,1,600,2,how to make a bouquet maker
http://animal.jam.promo.gift,1,1,600,3,promotion gift j
lotus flower grows in mud quote meaning,7,1,600,3,lotus flower meaning q
lotus flower hindi meaning,4,1,600,3,lotus flower meaning h
lotus flower meaning buddha,4,1,600,4,lotus flower meaning b
lotus flower meaning colors,4,1,600,5,lotus flower meaning c
lotus flower meaning depression,4,1,600,4,lotus flower meaning d
lotus flower meaning emoji,4,1,600,3,lotus flower meaning e
lotus flower meaning frieren,4,1,600,3,lotus flower meaning f
lotus flower meaning karma,4,1,600,2,lotus flower meaning k
lotus flower meaning life,4,1,600,3,lotus flower meaning l
lotus flower meaning malayalam,4,1,600,2,lotus flower meaning m
lotus flower meaning negative,4,1,600,3,lotus flower meaning n
lotus flower meaning odia,4,1,600,4,lotus flower meaning o
lotus flower meaning peace,4,1,600,5,lotus flower meaning p
lotus flower meaning red,4,1,600,4,lotus flower meaning r
lotus flower meaning spanish,4,1,600,3,lotus flower meaning s
lotus flower meaning victorian,4,1,600,3,lotus flower meaning v
lotus flower meaning witchcraft,4,1,600,2,lotus flower meaning w
lotus flower symbolism japan,4,1,600,4,lotus flower meaning j
lotus flower symbolism yoga,4,1,600,3,lotus flower meaning y
lotus flower unalome meaning,4,1,600,2,lotus flower meaning u
maybank promo gift online,4,1,600,2,promotion gift online
orchid flower and meaning,4,1,600,2,orchid flower meaning a
orchid flower dream meaning,4,1,600,2,orchid flower meaning d
orchid flower kannada meaning,4,1,600,2,orchid flower meaning k
orchid flower meaning blue,4,1,600,2,orchid flower meaning b
orchid flower meaning colors,4,1,600,2,orchid flower meaning c
orchid flower meaning fertility,4,1,600,2,orchid flower meaning f
orchid flower meaning gujarati,4,1,600,2,orchid flower meaning g
orchid flower meaning in hindi name,6,1,600,3,orchid flower meaning h
orchid flower meaning japanese,4,1,600,2,orchid flower meaning j
orchid flower meaning marathi,4,1,600,2,orchid flower meaning m
orchid flower meaning purple,4,1,600,2,orchid flower meaning p
orchid flower meaning vietnamese,4,1,600,2,orchid flower meaning v
orchid flower meaning wedding,4,1,600,2,orchid flower meaning w
orchid flower sad meaning,4,1,600,2,orchid flower meaning s
orchid flower telugu meaning,4,1,600,3,orchid flower meaning t
orchid meaning flower language,4,1,600,2,orchid flower meaning l
promo free gift,3,1,600,2,promotion gift free
promo gift code grab,4,1,600,2,promotion gift g
promo gift get your guide,5,1,600,2,promotion gift y
promo gift voucher,3,1,600,2,promotion gift v
promo gifts ltd,3,1,600,2,promotion gift l
promotion gift basket ideas,4,1,600,3,promotion gift b
promotion gift for kids,4,1,600,2,promotion gift k
promotion gift husband,3,1,600,2,promotion gift h
promotion gift military,3,1,600,2,promotion gift m
promotion gift to colleague,4,1,600,2,promotion gift t
promotion gift uk,3,1,600,2,promotion gift u
promotion gifts rosehill,3,1,600,2,promotion gift r
promotional email gift card target,5,1,600,2,promotion gift e
promotional gift card best buy,5,1,600,2,promotion gift best
promotional gifts in usa,4,1,600,2,promotion gift in
promotional gifts oman,3,1,600,2,promotion gift o
promotional gifts qatar,3,1,600,2,promotion gift q
pwc promotion gift 2026,4,1,600,2,promotion gift 2026
red flower for wife,4,1,600,2,flower for wife r
this is lotus flower meaning in hindi,7,1,600,2,is it lotus flower meaning
welcome flower for wife,4,1,600,2,flower for wife w
what color flowers for wife birthday,6,1,600,2,what flower for wife
what do orchid flowers mean,5,1,600,2,what orchid flower meaning
what is promotional gift card,5,1,600,2,what promotion gift
what to make bouquet,4,1,600,2,what how to make a bouquet
when to make a wedding bouquet,6,1,600,2,when how to make a bouquet
where to make a bouquet near me,7,1,600,2,which how to make a bouquet
which flower should give to wife for birthday,8,1,600,2,which flower for wife
who offers gift cards,4,1,600,2,who promotion gift
women's day flower,3,1,600,2,flower for wife d
xfinity promotion gift card,4,1,600,2,promotion gift x
flower for my wife birthday,5,1,562,3,flower for wife m
hibiscus flower deep meaning,4,1,562,3,hibiscus flower meaning d
hibiscus flower meaning in arabic,5,1,562,3,hibiscus flower meaning a
hibiscus flower meaning in relationship,5,1,562,3,hibiscus flower meaning r
hibiscus flower side meaning,4,1,562,3,hibiscus flower meaning s
how to make a bouquet tissue paper,7,1,562,3,how to make a bouquet t
how to make a jellycat bouquet,6,1,562,3,how to make a bouquet j
how to make a korean bouquet,6,1,562,3,how to make a bouquet k
how to make a nappy bouquet,6,1,562,3,how to make a bouquet n
how to make a yarn bouquet,6,1,562,3,how to make a bouquet y
lotus flower kannada meaning,4,1,562,3,lotus flower meaning k
lotus flower meaning addiction,4,1,562,3,lotus flower meaning a
lotus flower meaning growth,4,1,562,3,lotus flower meaning g
lotus flower meaning marathi,4,1,562,3,lotus flower meaning m
lotus flower meaning women,4,1,562,3,lotus flower meaning w
lotus flower urban dictionary,4,1,562,3,lotus flower meaning u
orchid flower meaning bengali,4,1,562,3,orchid flower meaning b
orchid flower meaning pink,4,1,562,3,orchid flower meaning p
promo gift usa,3,1,562,3,promotion gift u
promo gifts of galadriel,4,1,562,3,promotion gift o
promotion gift meaning,3,1,562,3,promotion gift m
promotion gift to boss,4,1,562,3,promotion gift t
promotional e gift card best buy,6,1,562,3,promotion gift e
promotional gift hs code,4,1,562,3,promotion gift h
promotional gift supplier,3,1,562,3,promotion gift s
promotional gift wholesale,3,1,562,3,promotion gift w
promotional gifts in uae,4,1,562,3,promotion gift in
promotional gifts logo,3,1,562,3,promotion gift l
what do you need to make a bouquet,8,1,562,3,what how to make a bouquet
when to give a bouquet stardew valley,7,1,562,3,when how to make a bouquet
where can i go to make a bouquet,8,1,562,3,can i how to make a bouquet
which paper is used to make a bouquet,8,1,562,3,which how to make a bouquet
can publix make a bouquet for you,7,1,561,4,can i how to make a bouquet
flowers for beautiful wife,4,1,561,4,flower for wife b
flowers for my wife near me,6,1,561,4,flower for wife m
gift & promotion uae,4,1,561,4,promotion gift u
hibiscus flower drawing meaning,4,1,561,4,hibiscus flower meaning d
hibiscus flower meaning purple,4,1,561,4,hibiscus flower meaning p
hibiscus flower necklace meaning,4,1,561,4,hibiscus flower meaning n
hibiscus flower samoan meaning,4,1,561,4,hibiscus flower meaning s
hibiscus plant bengali meaning,4,1,561,4,hibiscus flower meaning b
hibiscus tea meaning in gujarati,5,1,561,3,hibiscus flower meaning g
how to make a bouquet drawing easy,7,1,561,4,how to make a bouquet d
how to make a bouquet garni with cheesecloth,8,1,561,4,how to make a bouquet g
how to make a bouquet holder out of paper bag,10,1,561,4,how to make a bouquet h
how to make a bouquet materials,6,1,561,4,how to make a bouquet m
how to make a bouquet pop up card,8,1,561,4,how to make a bouquet p
how to make a bouquet reddit,6,1,561,4,how to make a bouquet r
how to make a bouquet sash,6,1,561,4,how to make a bouquet s
how to make a bouquet using a bouquet holder,9,1,561,4,how to make a bouquet u
how to make a chocolate bouquet at home,8,1,561,4,how to make a bouquet a
how to make a eucalyptus bouquet,6,1,561,4,how to make a bouquet e
how to make a jewelry bouquet,6,1,561,4,how to make a bouquet j
how to make a kpop bouquet,6,1,561,4,how to make a bouquet k
how to make a money bouquet youtube,7,1,561,4,how to make a bouquet y
how to make a nosegay bouquet for prom,8,1,561,4,how to make a bouquet n
how to make a tulip bouquet,6,1,561,4,how to make a bouquet t
how to make a volleyball bouquet,6,1,561,4,how to make a bouquet v
lotus and unalome meaning,4,1,561,4,lotus flower meaning u
lotus flower meaning asia,4,1,561,4,lotus flower meaning a
lotus flower meaning en español,5,1,561,4,lotus flower meaning e
lotus flower meaning fertility,4,1,561,4,lotus flower meaning f
lotus flower meaning gift,4,1,561,4,lotus flower meaning g
lotus flower meaning health,4,1,561,4,lotus flower meaning h
lotus flower meaning mud,4,1,561,4,lotus flower meaning m
lotus flower meaning necklace,4,1,561,4,lotus flower meaning n
lotus flower meaning sexuality,4,1,561,4,lotus flower meaning s
lotus flower meaning white,4,1,561,4,lotus flower meaning w
lotus flower symbolism korea,4,1,561,4,lotus flower meaning k
lotus meaning flower language,4,1,561,4,lotus flower meaning l
orchid flower bouquet meaning,4,1,561,4,orchid flower meaning b
orchid flower meaning china,4,1,561,3,orchid flower meaning c
orchid flowers falling off meaning,5,1,561,3,orchid flower meaning o
promo gift card,3,1,561,4,promotion gift c
promo gift house,3,1,561,4,promotion gift h
promo gift store,3,1,561,4,promotion gift s
promotion gift bag,3,1,561,4,promotion gift b
promotion gift message,3,1,561,4,promotion gift m
promotion gift to myself,4,1,561,4,promotion gift t
promotional e gift cards,4,1,561,4,promotion gift e
promotional gifts with logo,4,1,561,4,promotion gift w
promotional or gift card code rainbet,6,1,561,4,promotion gift o
what paper is used to make a bouquet,8,1,561,4,what how to make a bouquet
when to do a bouquet toss,6,1,561,4,when how to make a bouquet
wild orchid flower meaning,4,1,561,4,orchid flower meaning w
can you make a bouquet the night before,8,1,560,5,can i how to make a bouquet
code promo gift lab,4,1,560,5,promotion gift l
flower arrangements for wife birthday,5,1,560,5,flower for wife b
flower for angry wife,4,1,560,5,flower for wife a
flower for continental woman,4,1,560,3,flower for wife c
flower meaning of hibiscus,4,1,560,5,hibiscus flower meaning o
flowers for my wife images,5,1,560,5,flower for wife m
hibiscus flower meaning in life,5,1,560,3,hibiscus flower meaning l
hibiscus flower meaning mouthwashing,4,1,560,3,hibiscus flower meaning m
hibiscus flower meaning personality,4,1,560,5,hibiscus flower meaning p
hibiscus plant hindi meaning,4,1,560,5,hibiscus flower meaning h
hibiscus plant meaning in gujarati,5,1,560,4,hibiscus flower meaning g
hibiscus tea bengali meaning,4,1,560,5,hibiscus flower meaning b
hibiscus tea meaning in arabic,5,1,560,5,hibiscus flower meaning a
hibiscus tea spiritual meaning,4,1,560,5,hibiscus flower meaning s
how to make a bouquet garni with dried herbs,9,1,560,5,how to make a bouquet g
how to make a bouquet holder out of paper,9,1,560,5,how to make a bouquet h
how to make a bouquet prom,6,1,560,5,how to make a bouquet p
how to make a bouquet romantic,6,1,560,5,how to make a bouquet r
how to make a bouquet spiral,6,1,560,5,how to make a bouquet s
how to make a bouquet using colored paper,8,1,560,5,how to make a bouquet u
how to make a bouquet without tape,7,1,560,5,how to make a bouquet without
how to make a diaper bouquet,6,1,560,5,how to make a bouquet d
how to make a diaper bouquet youtube,7,1,560,5,how to make a bouquet y
how to make a eternal bouquet,6,1,560,5,how to make a bouquet e
how to make a flower bouquet at home,8,1,560,5,how to make a bouquet a
how to make a good bouquet reddit,7,1,560,3,how to make a bouquet best
how to make a jasmine bouquet,6,1,560,5,how to make a bouquet j
how to make a kinder bouquet,6,1,560,5,how to make a bouquet k
how to make a money bouquet for graduation,8,1,560,5,how to make a bouquet m
how to make a newspaper bouquet,6,1,560,5,how to make a bouquet n
how to make a teardrop bouquet,6,1,560,5,how to make a bouquet t
how to make a valentine bouquet,6,1,560,5,how to make a bouquet v
lotus flower ka meaning,4,1,560,5,lotus flower meaning k
lotus flower lyrics meaning,4,1,560,5,lotus flower meaning l
lotus flower meaning and story,5,1,560,5,lotus flower meaning a
lotus flower meaning by color,5,1,560,5,lotus flower meaning b
lotus flower meaning dream,4,1,560,5,lotus flower meaning d
lotus flower meaning grief,4,1,560,5,lotus flower meaning g
lotus flower meaning healing,4,1,560,5,lotus flower meaning h
lotus flower meaning mother daughter,5,1,560,5,lotus flower meaning m
lotus flower meaning name,4,1,560,5,lotus flower meaning n
lotus flower meaning religion,4,1,560,5,lotus flower meaning r
lotus flower meaning strength,4,1,560,5,lotus flower meaning s
lotus flower meaning thailand,4,1,560,5,lotus flower meaning t
lotus flower meaning wikipedia,4,1,560,5,lotus flower meaning w
lotus flower symbolism egypt,4,1,560,5,lotus flower meaning e
lotus tattoo meaning on a woman,6,1,560,5,lotus flower meaning o
milo promotion free gift,4,1,560,3,promotion gift free
orange orchid flower meaning,4,1,560,4,orchid flower meaning o
orchid flower meaning in friendship,5,1,560,3,orchid flower meaning f
orchid plant meaning in bengali,5,1,560,5,orchid flower meaning b
orchid plant meaning in punjabi,5,1,560,5,orchid flower meaning p
orchid plant spiritual meaning,4,1,560,3,orchid flower meaning s
promo expression gift set,4,1,560,5,promotion gift e
promo or gift code for groupon,6,1,560,5,promotion gift o
promogift madrid,2,1,560,5,promotion gift m
promotion gift boyfriend,3,1,560,5,promotion gift b
promotion gift ideas for men,5,1,560,5,promotion gift i
promotion gift target,3,1,560,5,promotion gift t
promotion gifts have been fully redeemed,6,1,560,5,promotion gift h
promotional gift synonym,3,1,560,5,promotion gift s
promotional gifts riyadh,3,1,560,3,promotion gift r
promotional gifts usa corp,4,1,560,5,promotion gift u
promotional gifts wholesalers in south africa,6,1,560,5,promotion gift w
what are the materials to make a bouquet,8,1,560,5,what how to make a bouquet
when to give a bouquet,5,1,560,5,when how to make a bouquet
bell orchid flower meaning,4,1,559,6,orchid flower meaning b
bluecowry promotion gifts limited,4,1,559,6,promotion gift l
can you make a bouquet in animal crossing,8,1,559,6,can i how to make a bouquet
flower for a wife,4,1,559,6,flower for wife a
flower for continental woman crossword clue,6,1,559,4,flower for wife c
flower for strong woman,4,1,559,3,flower for wife s
flower meaning of orchid,4,1,559,5,orchid flower meaning o
green hibiscus flower meaning,4,1,559,5,hibiscus flower meaning g
hibiscus flower ear meaning,4,1,559,3,hibiscus flower meaning e
hibiscus flower in dream meaning in hindi,7,1,559,6,hibiscus flower meaning d
hibiscus flower meaning in hinduism,5,1,559,6,hibiscus flower meaning h
hibiscus flower meaning malaysia,4,1,559,4,hibiscus flower meaning m
hibiscus flower placement meaning,4,1,559,6,hibiscus flower meaning p
hibiscus flower tagalog meaning,4,1,559,6,hibiscus flower meaning t
hibiscus plant spiritual meaning,4,1,559,6,hibiscus flower meaning s
hibiscus tea meaning in amharic,5,1,559,6,hibiscus flower meaning a
how to make a bouquet garni with leek leaves,9,1,559,6,how to make a bouquet g
how to make a bouquet homemade,6,1,559,6,how to make a bouquet h
how to make a bouquet paper bag,7,1,559,6,how to make a bouquet p
how to make a bouquet recipe,6,1,559,6,how to make a bouquet r
how to make a bouquet stand up,7,1,559,6,how to make a bouquet s
how to make a bouquet using ribbon,7,1,559,6,how to make a bouquet u
how to make a bouquet with a paper bag,9,1,559,6,how to make a bouquet a
how to make a bridal bouquet youtube,7,1,559,6,how to make a bouquet y
how to make a cascading bouquet without holder,8,1,559,6,how to make a bouquet without
how to make a dollar bouquet,6,1,559,6,how to make a bouquet d
how to make a flowers easy,6,1,559,6,how to make a bouquet e
how to make a kids bouquet,6,1,559,6,how to make a bouquet k
how to make a nosegay bouquet step by step,9,1,559,6,how to make a bouquet n
how to make a tulip bouquet with paper,8,1,559,6,how to make a bouquet t
how to make a virtual bouquet,6,1,559,6,how to make a bouquet v
how to make best bouquet,5,1,559,4,how to make a bouquet best
lotus and koi meaning,4,1,559,6,lotus flower meaning k
lotus flower bomb meaning urban dictionary,6,1,559,6,lotus flower meaning u
lotus flower deep meaning,4,1,559,6,lotus flower meaning d
lotus flower emoji meaning from a girl,7,1,559,6,lotus flower meaning e
lotus flower green meaning,4,1,559,6,lotus flower meaning g
lotus flower meaning anime,4,1,559,6,lotus flower meaning a
lotus flower meaning birth month,5,1,559,6,lotus flower meaning b
lotus flower meaning cambodia,4,1,559,6,lotus flower meaning c
lotus flower meaning feng shui,5,1,559,6,lotus flower meaning f
lotus flower meaning hope,4,1,559,6,lotus flower meaning h
lotus flower meaning politics,4,1,559,6,lotus flower meaning p
lotus flower meaning recovery,4,1,559,6,lotus flower meaning r
lotus flower meaning slang,4,1,559,6,lotus flower meaning s
lotus flower meaning tagalog,4,1,559,6,lotus flower meaning t
lotus flower symbolism love,4,1,559,6,lotus flower meaning l
lotus tattoo meaning nana,4,1,559,6,lotus flower meaning n
lotus tattoo meaning on a man,6,1,559,6,lotus flower meaning o
lotus tattoo meaning woman,4,1,559,6,lotus flower meaning w
milo promotion free gift singapore,5,1,559,4,promotion gift free
orchid plant color meaning,4,1,559,5,orchid flower meaning c
orchid plant hindi meaning,4,1,559,4,orchid flower meaning h
orchid plant meaning in tamil,5,1,559,5,orchid flower meaning t
orchid symbolic meaning death,4,1,559,3,orchid flower meaning d
phalaenopsis orchid flower meaning,4,1,559,6,orchid flower meaning p
promo gift bags,3,1,559,6,promotion gift b
promo gift code move it,5,1,559,6,promotion gift c
promo gift voucher courtside,4,1,559,3,promotion gift v
promo or gift code for get your guide,8,1,559,6,promotion gift o
promotion amazon gift card,4,1,559,3,promotion gift a
promotion gift items,3,1,559,6,promotion gift i
promotion gift to husband,4,1,559,6,promotion gift t
promotion sunday gift ideas,4,1,559,6,promotion gift s
promotional email gift card,4,1,559,6,promotion gift e
promotional gift hsn code,4,1,559,6,promotion gift h
promotional gift mockup,3,1,559,6,promotion gift m
promotional gifts real estate agent,5,1,559,4,promotion gift r
promotional gifts under $5,4,1,559,6,promotion gift u
promotional gifts wholesalers in south africa johannesburg,7,1,559,6,promotion gift w
violet orchid flower meaning,4,1,559,3,orchid flower meaning v
what flowers to buy to make a bouquet,8,1,559,6,what how to make a bouquet
black orchid flower meaning,4,1,558,7,orchid flower meaning b
can you make a bouquet of poppies,7,1,558,7,can i how to make a bouquet
cymbidium orchid flower meaning,4,1,558,6,orchid flower meaning c
doordash promo gift card,4,1,558,4,promotion gift d
dream of hibiscus flower meaning,5,1,558,7,hibiscus flower meaning o
dream of orchid flower meaning,5,1,558,6,orchid flower meaning o
flower for aquarius woman,4,1,558,7,flower for wife a
flower for my lovely wife,5,1,558,3,flower for wife l
flower for scorpio woman,4,1,558,4,flower for wife s
flowers for my wife nearby,5,1,558,7,flower for wife m
flowers for the pastor's wife,5,1,558,4,flower for wife p
flowers for your cheating wife,5,1,558,5,flower for wife c
giving hibiscus flower meaning,4,1,558,6,hibiscus flower meaning g
guardian promotion free gift,4,1,558,5,promotion gift free
hibiscus flower essence meaning,4,1,558,4,hibiscus flower meaning e
hibiscus flower meaning mexico,4,1,558,5,hibiscus flower meaning m
hibiscus flower tattoo meaning strength,5,1,558,7,hibiscus flower meaning t
hibiscus rose meaning in bengali,5,1,558,7,hibiscus flower meaning b
hibiscus tea meaning in hindi,5,1,558,7,hibiscus flower meaning h
how to do a bouquet toss,6,1,558,7,how to make a bouquet t
how to make a balloon bouquet without helium,8,1,558,7,how to make a bouquet without
how to make a bouquet collar,6,1,558,7,how to make a bouquet c
how to make a bouquet homecoming,6,1,558,7,how to make a bouquet h
how to make a bouquet last forever,7,1,558,7,how to make a bouquet l
how to make a bouquet pretty,6,1,558,7,how to make a bouquet p
how to make a bouquet simple,6,1,558,7,how to make a bouquet s
how to make a bouquet trader joes bag,8,1,558,7,how to make a bouquet j
how to make a bouquet using money,7,1,558,7,how to make a bouquet u
how to make a dahlia bouquet,6,1,558,7,how to make a bouquet d
how to make a fruit bouquet youtube,7,1,558,7,how to make a bouquet y
how to make a kiss bouquet,6,1,558,7,how to make a bouquet k
how to make a mini bouquet,6,1,558,7,how to make a bouquet m
how to make a nice bouquet of roses,8,1,558,7,how to make a bouquet n
how to make a quilling flowers,6,1,558,3,how to make a bouquet q
how to make a rose bouquet with paper,8,1,558,7,how to make a bouquet r
how to make a vape bouquet,6,1,558,7,how to make a bouquet v
lg promotion gift,3,1,558,7,promotion gift l
lotus flower double meaning,4,1,558,7,lotus flower meaning d
lotus flower effect meaning,4,1,558,7,lotus flower meaning e
lotus flower girl meaning,4,1,558,7,lotus flower meaning g
lotus flower logo meaning,4,1,558,7,lotus flower meaning l
lotus flower meaning abuse,4,1,558,7,lotus flower meaning a
lotus flower meaning bali,4,1,558,7,lotus flower meaning b
lotus flower meaning catholic,4,1,558,7,lotus flower meaning c
lotus flower meaning hanakotoba,4,1,558,7,lotus flower meaning h
lotus flower meaning mythology,4,1,558,7,lotus flower meaning m
lotus flower meaning perseverance,4,1,558,7,lotus flower meaning p
lotus flower meaning reddit,4,1,558,7,lotus flower meaning r
lotus flower meaning song,4,1,558,7,lotus flower meaning s
lotus flower meaning tamil,4,1,558,7,lotus flower meaning t
lotus flower nickname meaning,4,1,558,7,lotus flower meaning n
lotus flower sak yant meaning,5,1,558,4,lotus flower meaning y
lotus flower symbolism,3,1,558,7,lotus flower meaning w
lotus tattoo meaning japanese,4,1,558,5,lotus flower meaning j
lotus tattoo meaning on wrist,5,1,558,7,lotus flower meaning o
orchid favorite flower meaning,4,1,558,5,orchid flower meaning f
orchid flower deep meaning,4,1,558,4,orchid flower meaning d
orchid flower meaning green,4,1,558,3,orchid flower meaning g
orchid plant meaning in marathi,5,1,558,3,orchid flower meaning m
orchid plant meaning in telugu,5,1,558,6,orchid flower meaning t
promo essenza gift set,4,1,558,7,promotion gift e
promo gift card roblox,4,1,558,7,promotion gift c
promo gifts house inc,4,1,558,7,promotion gift h
promo gifts uk,3,1,558,7,promotion gift u
promo or gift code grab,5,1,558,7,promotion gift o
promo roblox gift card,4,1,558,5,promotion gift r
promotion and gift,3,1,558,4,promotion gift a
promotion gift ideas for women,5,1,558,7,promotion gift i
promotion gifts for her,4,1,558,7,promotion gift
promotion siam gift card,4,1,558,7,promotion gift s
promotion vault gift cards,4,1,558,4,promotion gift v
promotional gift bag ideas,4,1,558,7,promotion gift b
promotional gift manufacturer,3,1,558,7,promotion gift m
promotional gifts jeddah,3,1,558,4,promotion gift j
romantic flower for wife,4,1,558,3,flower for wife r
unbloomed lotus flower meaning,4,1,558,7,lotus flower meaning u
vanilla orchid flower meaning,4,1,558,4,orchid flower meaning v
beautiful rose flower for wife,5,1,557,4,flower for wife r
best flowers for pregnant wife,5,1,557,5,flower for wife p
black orchid flower tattoo meaning,5,1,557,7,orchid flower meaning t
blue orchid flower meaning death,5,1,557,5,orchid flower meaning d
blue orchid flower meaning spiritual,5,1,557,6,orchid flower meaning s
can i give a bouquet while married stardew,8,1,557,8,can i how to make a bouquet
cattleya orchid flower meaning,4,1,557,7,orchid flower meaning c
dunkin promo gift card,4,1,557,5,promotion gift d
flower for aries woman,4,1,557,8,flower for wife a
flower woman costume,3,1,557,6,flower for wife c
flowers for my wife meme,5,1,557,8,flower for wife m
flowers wife singer,3,1,557,5,flower for wife s
gift promotion temu,3,1,557,8,promotion gift t
gifting promotion rate,3,1,557,6,promotion gift r
hibiscus flower christian meaning,4,1,557,3,hibiscus flower meaning c
hibiscus flower in hair meaning,5,1,557,8,hibiscus flower meaning h
hibiscus flower magical meaning,4,1,557,6,hibiscus flower meaning m
hibiscus flower parts definition,4,1,557,8,hibiscus flower meaning p
hibiscus plant meaning in urdu,5,1,557,3,hibiscus flower meaning u
hibiscus tea tamil meaning,4,1,557,8,hibiscus flower meaning t
how to get flower bouquet online,6,1,557,3,how to make a bouquet online
how to make a beef jerky bouquet,7,1,557,8,how to make a bouquet j
how to make a bouquet crochet blanket,7,1,557,8,how to make a bouquet c
how to make a bouquet for a wedding,8,1,557,8,how to make a bouquet a
how to make a bouquet for flowers,7,1,557,8,how to make a bouquet for
how to make a bouquet for your girlfriend,8,1,557,8,how to make a bouquet y
how to make a bouquet gift,6,1,557,8,how to make a bouquet g
how to make a bouquet hydrangeas,6,1,557,8,how to make a bouquet h
how to make a bouquet look bigger,7,1,557,8,how to make a bouquet l
how to make a bouquet online,6,1,557,8,how to make a bouquet o
how to make a bouquet paper holder,7,1,557,8,how to make a bouquet p
how to make a bouquet sleeve,6,1,557,8,how to make a bouquet s
how to make a bunch of quesadillas,7,1,557,4,how to make a bouquet q
how to make a candy bouquet without styrofoam,8,1,557,8,how to make a bouquet without
how to make a donut bouquet,6,1,557,8,how to make a bouquet d
how to make a flower bouquet easy,7,1,557,8,how to make a bouquet e
how to make a flowers vase,6,1,557,8,how to make a bouquet v
how to make a kindergarten bouquet,6,1,557,8,how to make a bouquet k
how to make a money bouquet with roses,8,1,557,8,how to make a bouquet m
how to make a natural bouquet,6,1,557,8,how to make a bouquet n
how to make a ribbon bouquet for rehearsal,8,1,557,8,how to make a bouquet r
how to make bouquet for best friend,7,1,557,6,how to make a bouquet best
how to make bouquet using,5,1,557,8,how to make a bouquet u
lieutenant promotion gift,3,1,557,8,promotion gift l
lotus flower chakra meaning,4,1,557,8,lotus flower meaning c
lotus flower dark meaning,4,1,557,8,lotus flower meaning d
lotus flower emoji meaning from a guy,7,1,557,8,lotus flower meaning e
lotus flower jade meaning,4,1,557,6,lotus flower meaning j
lotus flower mandala meaning,4,1,557,8,lotus flower meaning m
lotus flower meaning arabic,4,1,557,8,lotus flower meaning a
lotus flower meaning blue,4,1,557,8,lotus flower meaning b
lotus flower meaning romantic,4,1,557,8,lotus flower meaning r
lotus flower meaning trauma,4,1,557,8,lotus flower meaning t
lotus flower pendant meaning,4,1,557,8,lotus flower meaning p
lotus flower represents what,4,1,557,8,lotus flower meaning w
lotus flower significance vietnam,4,1,557,4,lotus flower meaning v
lotus flower symbolism hinduism,4,1,557,8,lotus flower meaning h
lotus tattoo ka meaning kya hota hai,7,1,557,8,lotus flower meaning k
lotus tattoo meaning on a woman shoulder,7,1,557,8,lotus flower meaning o
love flower.for wife,3,1,557,4,flower for wife l
military promotion gift etiquette,4,1,557,8,promotion gift e
new beginnings lotus tattoo meaning,5,1,557,8,lotus flower meaning n
offers gift sets,3,1,557,8,promotion gift s
orchid flower giving meaning,4,1,557,4,orchid flower meaning g
orchid flower ka meaning,4,1,557,3,orchid flower meaning k
orchid flower meaning as a gift,6,1,557,4,orchid flower meaning a
orchid flower meaning in flower language,6,1,557,6,orchid flower meaning f
orchid plant meaning in malayalam,5,1,557,4,orchid flower meaning m
order flowers for wife birthday,5,1,557,8,flower for wife b
promo amazon gift card,4,1,557,5,promotion gift a
promo gift box,3,1,557,8,promotion gift b
promo gift code for the real real,7,1,557,8,promotion gift c
promo gift move it,4,1,557,8,promotion gift m
promo gifts hyderabad,3,1,557,8,promotion gift h
promo or gift code for nc lottery,7,1,557,8,promotion gift o
promo visa gift card,4,1,557,5,promotion gift v
promotion gifts for him,4,1,557,8,promotion gift
promotion par kya gift dena chahiye,6,1,557,3,promotion gift k
promotional gifts usa reviews,4,1,557,8,promotion gift u
purple hibiscus flower meaning love,5,1,557,6,hibiscus flower meaning l
symbolic meaning of orchid flower,5,1,557,7,orchid flower meaning o
temu promotion free gift,4,1,557,6,promotion gift free
the hibiscus flower bloomed meaning,5,1,557,8,hibiscus flower meaning b
twin hibiscus flower meaning spiritual,5,1,557,8,hibiscus flower meaning s
vanda orchid flower meaning,4,1,557,5,orchid flower meaning v
what does lotus flower meaning,5,1,557,3,what lotus flower meaning
white hibiscus flower meaning spiritual,5,1,557,4,hibiscus flower meaning w
white lotus flower meaning in urdu,6,1,557,8,lotus flower meaning u
white orchid flower meaning in bengali,6,1,557,8,orchid flower meaning w
yellow lotus flower meaning spiritual,5,1,557,5,lotus flower meaning y
bat orchid flower meaning,4,1,556,9,orchid flower meaning b
beautiful flower for your wife,5,1,556,3,flower for wife y
black hibiscus flower meaning,4,1,556,9,hibiscus flower meaning b
can i get a bouquet of lilies,7,1,556,9,can i how to make a bouquet
cognizant promotion gift 2026,4,1,556,3,promotion gift 2026
flower for a woman,4,1,556,9,flower for wife a
flower meaning for orchid,4,1,556,7,orchid flower meaning f
flower poem for wife,4,1,556,6,flower for wife p
flower wife meaning,3,1,556,9,flower for wife m
hibiscus flower ka meaning,4,1,556,3,hibiscus flower meaning k
hibiscus flower meaning in china,5,1,556,4,hibiscus flower meaning c
hibiscus flower meaning in sinhala,5,1,556,9,hibiscus flower meaning s
hibiscus flower significance in hinduism,5,1,556,9,hibiscus flower meaning h
hibiscus flower tattoo meaning men,5,1,556,7,hibiscus flower meaning m
hibiscus plant tamil meaning,4,1,556,9,hibiscus flower meaning t
hibiscus rose meaning in urdu,5,1,556,4,hibiscus flower meaning u
hibiscus tea meaning in farsi,5,1,556,5,hibiscus flower meaning f
how to make a bouquet cone out of paper,9,1,556,9,how to make a bouquet c
how to make a bouquet from your garden,8,1,556,9,how to make a bouquet y
how to make a bouquet grand bazaar,7,1,556,9,how to make a bouquet g
how to make a bouquet look full,7,1,556,9,how to make a bouquet l
how to make a bouquet of roses with paper,9,1,556,9,how to make a bouquet o
how to make a bouquet picture,6,1,556,9,how to make a bouquet p
how to make a bouquet skirt,6,1,556,9,how to make a bouquet s
how to make a bouquet using wrapping paper,8,1,556,9,how to make a bouquet u
how to make a bouquet with a trader joe's bag,10,1,556,9,how to make a bouquet a
how to make a bouquet with kraft paper,8,1,556,9,how to make a bouquet k
how to make a bunch of money gta online,9,1,556,4,how to make a bouquet online
how to make a bunch of quesadillas at once,9,1,556,5,how to make a bouquet q
how to make a digital bouquet,6,1,556,9,how to make a bouquet d
how to make a handheld bouquet,6,1,556,9,how to make a bouquet h
how to make a kinder joy bouquet,7,1,556,9,how to make a bouquet j
how to make a makeup bouquet,6,1,556,9,how to make a bouquet m
how to make a money bouquet tutorial,7,1,556,9,how to make a bouquet t
how to make a note bouquet,6,1,556,9,how to make a bouquet n
how to make a paper flower template,7,1,556,3,how to make a bouquet template
how to make a ribbon bouquet with paper plate,9,1,556,9,how to make a bouquet r
how to make a store bought bouquet better,8,1,556,7,how to make a bouquet best
how to make a wedding bouquet easy,7,1,556,9,how to make a bouquet e
job promotion gift ideas for her,6,1,556,6,promotion gift j
lotus flower design meaning,4,1,556,9,lotus flower meaning d
lotus flower emoji meaning in whatsapp,6,1,556,9,lotus flower meaning e
lotus flower meaning asian,4,1,556,9,lotus flower meaning a
lotus flower meaning bad,4,1,556,9,lotus flower meaning b
lotus flower meaning calm,4,1,556,9,lotus flower meaning c
lotus flower meaning family,4,1,556,9,lotus flower meaning f
lotus flower meaning in japanese culture,6,1,556,7,lotus flower meaning j
lotus flower meaning in vietnamese culture,6,1,556,5,lotus flower meaning v
lotus flower meaning ring,4,1,556,9,lotus flower meaning r
lotus flower meaning sobriety,4,1,556,9,lotus flower meaning s
lotus flower meaning twin flame,5,1,556,9,lotus flower meaning t
lotus flower painting meaning,4,1,556,9,lotus flower meaning p
lotus flower symbol for,4,1,556,9,lotus flower meaning for
lotus flower wallpaper meaning,4,1,556,9,lotus flower meaning w
lotus rose gray meaning,4,1,556,9,lotus flower meaning g
lotus tattoo meaning hindu,4,1,556,9,lotus flower meaning h
lotus tattoo meaning in kannada,5,1,556,9,lotus flower meaning k
lotus tattoo meaning mental health,5,1,556,9,lotus flower meaning m
lotus tattoo meaning on hand,5,1,556,9,lotus flower meaning o
meaning of hibiscus flower tattoo,5,1,556,9,hibiscus flower meaning o
meaning of orchid flower as a gift,7,1,556,8,orchid flower meaning o
milo promotion free gift singapore price,6,1,556,7,promotion gift free
mini orchid flower meaning,4,1,556,5,orchid flower meaning m
orchid cactus flower meaning,4,1,556,8,orchid flower meaning c
orchid flower meaning in arabic,5,1,556,5,orchid flower meaning a
orchid plant gift meaning,4,1,556,5,orchid flower meaning g
orchid plant kannada meaning,4,1,556,4,orchid flower meaning k
pink lotus flower meaning in urdu,6,1,556,9,lotus flower meaning u
promo gift code real real,5,1,556,7,promotion gift r
promo gift ideas,3,1,556,9,promotion gift i
promo on gift cards,4,1,556,9,promotion gift o
promo samsung gift melawai,4,1,556,9,promotion gift s
promotion gift for a friend,5,1,556,6,promotion gift a
promotion gift for employee,4,1,556,9,promotion gift e
promotion gift ideas for kids,5,1,556,4,promotion gift k
promotion gifts 8th grade,4,1,556,3,promotion gift g
promotion party gift,3,1,556,5,promotion gift p
promotional gift box ideas,4,1,556,9,promotion gift b
promotional gift card target,4,1,556,9,promotion gift c
promotional gift supplier dubai,4,1,556,6,promotion gift d
promotional gifts manufacturer in china,5,1,556,9,promotion gift m
promotional target gift card,4,1,556,9,promotion gift t
promotional visa gift card,4,1,556,6,promotion gift v
rose flower for my lovely wife,6,1,556,5,flower for wife l
sweet hibiscus tea meaning penelope scott,6,1,556,9,hibiscus flower meaning p
the orchid flower meaning,4,1,556,8,orchid flower meaning t
yellow lotus flower tattoo meaning,5,1,556,6,lotus flower meaning y
anniversary flowers for wife near me,6,1,555,3,flower for wife n
beautiful flower for my lovely wife,6,1,555,6,flower for wife l
blood orchid flower meaning,4,1,555,10,orchid flower meaning b
blue orchid flower gift meaning,5,1,555,6,orchid flower meaning g
blue orchids meaning flower language,5,1,555,7,orchid flower meaning l
blue vanda orchid flower meaning,5,1,555,7,orchid flower meaning v
crystal orchid flower meaning,4,1,555,9,orchid flower meaning c
dendrobium orchid flower meaning,4,1,555,7,orchid flower meaning d
disney promo gift card,4,1,555,7,promotion gift d
double hibiscus flower meaning,4,1,555,10,hibiscus flower meaning d
fen orchid flower meaning,4,1,555,8,orchid flower meaning f
flower color for wife,4,1,555,8,flower for wife c
flower for my woman,4,1,555,10,flower for wife m
flower pic for wife,4,1,555,7,flower for wife p
flowers wife grand finale,4,1,555,7,flower for wife g
gamemania promotion gift,3,1,555,4,promotion gift g
gift land promotion,3,1,555,10,promotion gift l
gift offers at boots,4,1,555,7,promotion gift a
hibiscus flower cultural significance,4,1,555,5,hibiscus flower meaning c
hibiscus flower definition in hindi,5,1,555,10,hibiscus flower meaning h
hibiscus flower meaning in flower language,6,1,555,6,hibiscus flower meaning f
hibiscus flower meaning in myanmar,5,1,555,8,hibiscus flower meaning m
hibiscus plant kannada meaning,4,1,555,4,hibiscus flower meaning k
hibiscus plant meaning in punjabi,5,1,555,10,hibiscus flower meaning p
how much is it to make a bouquet at trader joe's,11,1,555,3,is it how to make a bouquet
how to get a free bouquet of flowers,8,1,555,3,how to make a bouquet free
how to make a book bouquet easy,7,1,555,10,how to make a bouquet e
how to make a bouquet bow with wired ribbon,9,1,555,10,how to make a bouquet b
how to make a bouquet charm,6,1,555,10,how to make a bouquet c
how to make a bouquet garni from scratch,8,1,555,10,how to make a bouquet g
how to make a bouquet look professional,7,1,555,10,how to make a bouquet l
how to make a bouquet of flowers better,8,1,555,8,how to make a bouquet best
how to make a bouquet of things,7,1,555,10,how to make a bouquet t
how to make a bouquet of tulips,7,1,555,10,how to make a bouquet o
how to make a bouquet sun haven,7,1,555,10,how to make a bouquet s
how to make a bouquet using cartolina,7,1,555,10,how to make a bouquet u
how to make a bouquet with a paper,8,1,555,10,how to make a bouquet a
how to make a bridal bouquet video,7,1,555,10,how to make a bouquet v
how to make a bunch of money fast online,9,1,555,5,how to make a bouquet online
how to make a chocolate bouquet youtube,7,1,555,10,how to make a bouquet y
how to make a drink bouquet,6,1,555,10,how to make a bouquet d
how to make a flower bouquet for quinceanera,8,1,555,6,how to make a bouquet q
how to make a hoco bouquet,6,1,555,10,how to make a bouquet h
how to make a mini bouquet for prom,8,1,555,10,how to make a bouquet m
how to make a needoh bouquet,6,1,555,10,how to make a bouquet n
how to make a prom bouquet with ribbon,8,1,555,10,how to make a bouquet p
how to make a rehearsal bouquet,6,1,555,10,how to make a bouquet r
how to make a slim jim bouquet,7,1,555,10,how to make a bouquet j
how to make flower template minecraft,6,1,555,4,how to make a bouquet template
how.to make.bouquet kcd,3,1,555,10,how to make a bouquet k
job promotion gift ideas for him,6,1,555,7,promotion gift j
kindergarten promotion gift ideas,4,1,555,5,promotion gift k
lotus flower and meaning,4,1,555,10,lotus flower meaning a
lotus flower dots meaning,4,1,555,10,lotus flower meaning d
lotus flower esoteric meaning,4,1,555,10,lotus flower meaning e
lotus flower meaning black,4,1,555,10,lotus flower meaning b
lotus flower meaning card,4,1,555,10,lotus flower meaning c
lotus flower meaning floriography,4,1,555,10,lotus flower meaning f
lotus flower meaning sad,4,1,555,10,lotus flower meaning s
lotus flower meaning thai,4,1,555,10,lotus flower meaning t
lotus flower origami meaning,4,1,555,10,lotus flower meaning o
lotus flower petals meaning,4,1,555,10,lotus flower meaning p
lotus flower represent meaning,4,1,555,10,lotus flower meaning r
lotus flower represents which country,5,1,555,10,lotus flower meaning w
lotus flower symbolism in greek mythology,6,1,555,10,lotus flower meaning g
lotus tattoo meaning hindi,4,1,555,10,lotus flower meaning h
lotus tattoo meaning men,4,1,555,10,lotus flower meaning m
meaning of hibiscus flower in hindi,6,1,555,10,hibiscus flower meaning o
meaning of orchid flower tattoo,5,1,555,9,orchid flower meaning o
moth orchid flower meaning,4,1,555,6,orchid flower meaning m
orchid flower ka hindi meaning,5,1,555,5,orchid flower meaning k
orchid flower symbol meaning,4,1,555,8,orchid flower meaning s
peach orchid flower meaning,4,1,555,10,orchid flower meaning p
promo code gift voucher,4,1,555,7,promotion gift v
promo gift code the real real,6,1,555,10,promotion gift t
promo or gift code move it,6,1,555,10,promotion gift o
promo playstation gift card,4,1,555,6,promotion gift p
promotion gift ideas women,4,1,555,10,promotion gift w
promotional gift bags company logo,5,1,555,10,promotion gift b
promotional gift card expiration law,5,1,555,10,promotion gift e
promotional gift ideas for business,5,1,555,10,promotion gift i
promotional gift items uae,4,1,555,10,promotion gift u
promotional gifts mumbai,3,1,555,10,promotion gift m
pwc india promotion gift 2026,5,1,555,4,promotion gift 2026
royal orchid flower meaning,4,1,555,5,orchid flower meaning r
tiger orchid flower meaning,4,1,555,9,orchid flower meaning t
valentines flowers for wife and daughter,6,1,555,10,flower for wife a
watson promotion free gift,4,1,555,8,promotion gift free
what does hibiscus flower mean spiritually,6,1,555,3,what hibiscus flower meaning
what paper can i use to make a bouquet,9,1,555,10,can i how to make a bouquet
white lotus flower meaning love,5,1,555,10,lotus flower meaning l
you are my lotus flower meaning,6,1,555,7,lotus flower meaning y
beautiful flower for a wife,5,1,554,11,flower for wife a
best flower gift for wife,5,1,554,3,flower for wife best
best promotion gift,3,1,554,3,promotion gift best
birthday flowers for your wife,5,1,554,5,flower for wife y
blue lotus flower meaning in urdu,6,1,554,11,lotus flower meaning u
citi mgm promotion referral gift,5,1,554,9,promotion gift r
cooktown orchid flower meaning,4,1,554,10,orchid flower meaning c
delta promo gift card,4,1,554,8,promotion gift d
do hibiscus flowers have meaning,5,1,554,11,hibiscus flower meaning h
dove orchid flower meaning,4,1,554,8,orchid flower meaning d
enchanted blue orchid flower meaning,5,1,554,5,orchid flower meaning e
flavor of married woman,4,1,554,11,flower for wife m
flower card for wife,4,1,554,9,flower for wife c
flower pot for wife,4,1,554,8,flower for wife p
flower woman dress,3,1,554,7,flower for wife d
flowers for apology to wife,5,1,554,3,flower for wife t
flowers wife gift,3,1,554,8,flower for wife g
foxtail orchid flower meaning,4,1,554,9,orchid flower meaning f
ghost orchid flower meaning,4,1,554,7,orchid flower meaning g
good morning flower for my lovely wife,7,1,554,7,flower for wife l
gumamela flower meaning hibiscus,4,1,554,10,hibiscus flower meaning g
hibiscus flower definition in english,5,1,554,8,hibiscus flower meaning e
hibiscus flower flower meaning,4,1,554,7,hibiscus flower meaning f
hibiscus flower meaning in chat,5,1,554,6,hibiscus flower meaning c
hibiscus plant tattoo meaning,4,1,554,11,hibiscus flower meaning t
hibiscus tea meaning in kannada,5,1,554,5,hibiscus flower meaning k
how to make a batter for zucchini flowers,8,1,554,3,how to make a bouquet z
how to make a book bouquet youtube,7,1,554,11,how to make a bouquet y
how to make a bouquet bridal,6,1,554,11,how to make a bouquet b
how to make a bouquet cone,6,1,554,11,how to make a bouquet c
how to make a bouquet for a bride,8,1,554,11,how to make a bouquet a
how to make a bouquet for pipe cleaner flowers,9,1,554,11,how to make a bouquet for
how to make a bouquet for valentine's day,8,1,554,11,how to make a bouquet v
how to make a bouquet from a paper bag,9,1,554,11,how to make a bouquet f
how to make a bouquet garni bag,7,1,554,11,how to make a bouquet g
how to make a bouquet small,6,1,554,11,how to make a bouquet s
how to make a bouquet using tissue paper,8,1,554,11,how to make a bouquet u
how to make a bunch of money quick,8,1,554,7,how to make a bouquet q
how to make a chocolate bouquet easy,7,1,554,11,how to make a bouquet e
how to make a dried bouquet,6,1,554,11,how to make a bouquet d
how to make a flower bouquet trader joe's,8,1,554,11,how to make a bouquet t
how to make a free form bridal bouquet,8,1,554,4,how to make a bouquet free
how to make a hijab bouquet,6,1,554,11,how to make a bouquet h
how to make a keypunch,5,1,554,11,how to make a bouquet k
how to make a lollipop bouquet without styrofoam,8,1,554,11,how to make a bouquet without
how to make a mason jar bouquet,7,1,554,11,how to make a bouquet j
how to make a money bouquet with 50 bills,9,1,554,11,how to make a bouquet m
how to make a nip bouquet,6,1,554,11,how to make a bouquet n
how to make a prom bouquet step by step,9,1,554,11,how to make a bouquet p
how to make a ramo bouquet,6,1,554,11,how to make a bouquet r
how to make money bouquet design,6,1,554,3,how to make a bouquet maker
how to make the perfect bouquet,6,1,554,9,how to make a bouquet best
how to.make a bouquet last as long as possible,9,1,554,11,how to make a bouquet l
is it easy to make a flower bouquet,8,1,554,4,is it how to make a bouquet
job promotion gift for husband,5,1,554,8,promotion gift j
kroger promotion gift card,4,1,554,6,promotion gift k
lotus flower art meaning,4,1,554,11,lotus flower meaning a
lotus flower colors meaning buddhism,5,1,554,11,lotus flower meaning c
lotus flower female meaning,4,1,554,11,lotus flower meaning f
lotus flower henna meaning,4,1,554,11,lotus flower meaning h
lotus flower meaning buddhism religion,5,1,554,11,lotus flower meaning b
lotus flower meaning in hong kong,6,1,554,11,lotus flower meaning k
lotus flower meaning sinhala,4,1,554,11,lotus flower meaning s
lotus flower metaphysical meaning,4,1,554,11,lotus flower meaning m
lotus flower occult meaning,4,1,554,11,lotus flower meaning o
lotus flower religious meaning,4,1,554,11,lotus flower meaning r
lotus flower represents purity,4,1,554,11,lotus flower meaning p
lotus flower sacred geometry meaning,5,1,554,11,lotus flower meaning g
lotus flower tattoo meaning japanese,5,1,554,9,lotus flower meaning j
lotus flower woman meaning,4,1,554,11,lotus flower meaning w
lotus tattoo design meaning,4,1,554,11,lotus flower meaning d
lotus tattoo meaning tagalog,4,1,554,11,lotus flower meaning t
meaning of hibiscus flower emoji,5,1,554,11,hibiscus flower meaning o
meaning of orchid flower in hindi,6,1,554,10,orchid flower meaning o
moon orchid flower meaning,4,1,554,7,orchid flower meaning m
orchid flower is symbol of,5,1,554,9,orchid flower meaning s
popular flowers for wife birthday,5,1,554,11,flower for wife b
promo gift bundle hobbit,4,1,554,11,promotion gift b
promo gift card code,4,1,554,11,promotion gift c
promo gift card target,4,1,554,11,promotion gift t
promo gift grab,3,1,554,5,promotion gift g
promo maybank gift,3,1,554,11,promotion gift m
promo or gift card for instacart,6,1,554,11,promotion gift o
promotion gift for sister,4,1,554,11,promotion gift s
promotional gift items suppliers in dubai,6,1,554,11,promotion gift i
promotional gift items wholesale,4,1,554,11,promotion gift w
pwc promotion gift hamper,4,1,554,11,promotion gift h
red hibiscus flower in dream meaning,6,1,554,11,hibiscus flower meaning d
samsung promotion free gift,4,1,554,9,promotion gift free
special flower for wife,4,1,554,8,flower for wife s
special promotion efootball gift code,5,1,554,11,promotion gift e
temu free gift promotion legit,5,1,554,11,promotion gift l
thai orchid flower meaning,4,1,554,10,orchid flower meaning t
usaf promotion gift,3,1,554,11,promotion gift u
verizon promotion gift card,4,1,554,8,promotion gift v
what color flowers for wife,5,1,554,3,what flower for wife
what does hibiscus flowers mean in a dream,8,1,554,4,what hibiscus flower meaning
what does the lotus flower meaning in life of pi,10,1,554,6,what lotus flower meaning
white hawaiian hibiscus flower meaning,5,1,554,7,hibiscus flower meaning w
white lotus flower meaning vietnam,5,1,554,7,lotus flower meaning v
xfinity promotion amazon gift card,5,1,554,8,promotion gift a
bee orchid flower meaning,4,1,553,12,orchid flower meaning b
best flower bouquet for wife,5,1,553,4,flower for wife best
best flower for birthday wife,5,1,553,12,flower for wife b
best promotion gift for men,5,1,553,4,promotion gift best
birthday flowers for the wife,5,1,553,4,flower for wife t
black orchid meaning flower language,5,1,553,9,orchid flower meaning l
blue lotus flower meaning love,5,1,553,12,lotus flower meaning l
can i make my own bouquet,6,1,553,12,can i how to make a bouquet
dancing lady orchid flower meaning,5,1,553,9,orchid flower meaning d
does hibiscus flower have a meaning,6,1,553,12,hibiscus flower meaning a
doordash promo gift card code,5,1,553,9,promotion gift d
flower and wife quotes,4,1,553,12,flower for wife a
flower picture for wife,4,1,553,9,flower for wife p
flower quotes for wife,4,1,553,5,flower for wife n
flowers for wife on valentine's day,6,1,553,3,flower for wife o
golden orchid flower meaning,4,1,553,8,orchid flower meaning g
good morning flower for wife,5,1,553,9,flower for wife g
good night flower for my lovely wife,7,1,553,8,flower for wife l
hibiscus flower ka hindi meaning,5,1,553,6,hibiscus flower meaning k
hibiscus flower meaning in spanish,5,1,553,12,hibiscus flower meaning s
hibiscus flower name in hindi meaning,6,1,553,12,hibiscus flower meaning h
hibiscus plant meaning in marathi,5,1,553,10,hibiscus flower meaning m
hibiscus rosa sinensis flower meaning,5,1,553,12,hibiscus flower meaning r
hibiscus tea meaning in chinese,5,1,553,7,hibiscus flower meaning c
how much is it to make a money bouquet,9,1,553,5,is it how to make a bouquet
how to make a bouquet by paper,7,1,553,12,how to make a bouquet b
how to make a bouquet cupcake,6,1,553,12,how to make a bouquet c
how to make a bouquet for homecoming,7,1,553,12,how to make a bouquet for
how to make a bouquet garden,6,1,553,12,how to make a bouquet g
how to make a bouquet live longer,7,1,553,12,how to make a bouquet l
how to make a bouquet of energy drinks,8,1,553,12,how to make a bouquet e
how to make a bouquet of flowers for wedding,9,1,553,12,how to make a bouquet o
how to make a bouquet using floral foam,8,1,553,12,how to make a bouquet u
how to make a bouquet with leaf,7,1,553,12,how to make a bouquet with
how to make a bouquet with the paper,8,1,553,12,how to make a bouquet t
how to make a box bouquet,6,1,553,4,how to make a bouquet z
how to make a chocolate bouquet without skewers,8,1,553,12,how to make a bouquet without
how to make a cupcake bouquet youtube,7,1,553,12,how to make a bouquet y
how to make a daffodil bouquet,6,1,553,12,how to make a bouquet d
how to make a hand bouquet,6,1,553,12,how to make a bouquet h
how to make a money bouquet for birthday,8,1,553,12,how to make a bouquet m
how to make a money bouquet video,7,1,553,12,how to make a bouquet v
how to make a pokemon bouquet,6,1,553,12,how to make a bouquet p
how to make a quick flower bouquet,7,1,553,8,how to make a bouquet q
how to make a rose bouquet with money,8,1,553,12,how to make a bouquet r
how to make a simple wedding bouquet,7,1,553,6,how to make a bouquet template
how to make a sweet bouquet,6,1,553,12,how to make a bouquet s
how to make hello kitty bouquet,6,1,553,12,how to make a bouquet k
how to make jewellery bouquet at home,7,1,553,12,how to make a bouquet j
job promotion gift basket,4,1,553,9,promotion gift j
kindergarten promotion gift,3,1,553,7,promotion gift k
kode promo gift grab,4,1,553,6,promotion gift g
lg promotion gift card,4,1,553,12,promotion gift l
light pink hibiscus flower meaning,5,1,553,10,hibiscus flower meaning l
lotus flower bomb meaning,4,1,553,12,lotus flower meaning b
lotus flower color meaning chart,5,1,553,12,lotus flower meaning c
lotus flower eating meaning,4,1,553,12,lotus flower meaning e
lotus flower hieroglyph meaning,4,1,553,12,lotus flower meaning h
lotus flower meaning in chinese culture,6,1,553,12,lotus flower meaning with
lotus flower meaning in judaism,5,1,553,10,lotus flower meaning j
lotus flower mudra meaning,4,1,553,12,lotus flower meaning m
lotus flower opening meaning,4,1,553,12,lotus flower meaning o
lotus flower pagan meaning,4,1,553,12,lotus flower meaning p
lotus flower relationship meaning,4,1,553,12,lotus flower meaning r
lotus flower symbolism ancient egypt,5,1,553,12,lotus flower meaning a
lotus flower symbolism in korean culture,6,1,553,12,lotus flower meaning k
lotus tattoo meaning tiktok,4,1,553,12,lotus flower meaning t
love flowers for your wife,5,1,553,6,flower for wife y
make a bouquet with name,5,1,553,12,how to make a bouquet n
meaning of hibiscus flower in love,6,1,553,12,hibiscus flower meaning o
military promotion gift ideas,4,1,553,12,promotion gift i
monkey orchid flower meaning,4,1,553,8,orchid flower meaning m
offers in gift cards,4,1,553,12,promotion gift in
one piece gift box promo,5,1,553,12,promotion gift b
plucking hibiscus flower in dream meaning,6,1,553,12,hibiscus flower meaning d
promo gift code get your guide,6,1,553,12,promotion gift c
promo gift code trr,4,1,553,12,promotion gift t
promogift 2026,2,1,553,6,promotion gift 2026
promotion code on visa gift card,6,1,553,9,promotion gift v
promotion gift for colleague,4,1,553,12,promotion gift f
promotion gift ideas for employees,5,1,553,12,promotion gift e
promotion gifts for military,4,1,553,12,promotion gift for
promotional gift for you,4,1,553,3,promotion gift y
promotional gift item supplier in bangladesh,6,1,553,12,promotion gift s
promotional or gift card code,5,1,553,12,promotion gift o
red flower for my wife,5,1,553,8,flower for wife r
single orchid flower meaning,4,1,553,10,orchid flower meaning s
temu free gift promotion reddit,5,1,553,10,promotion gift r
travel insurance promotion free gift,5,1,553,10,promotion gift free
unique promotion gift for men,5,1,553,12,promotion gift u
upside down lotus flower meaning,5,1,553,12,lotus flower meaning u
vishnu lotus flower meaning,4,1,553,8,lotus flower meaning v
what does a hibiscus flower symbolism,6,1,553,5,what hibiscus flower meaning
what does hibiscus flower meaning,5,1,553,8,hibiscus flower meaning w
what does orchid flower symbolism,5,1,553,3,what orchid flower meaning
what flower represents wife,4,1,553,4,what flower for wife
what is promo gift card,5,1,553,3,what promotion gift
what is the lotus flower meaning in buddhism,8,1,553,7,what lotus flower meaning
white lotus flower meaning death,5,1,553,12,lotus flower meaning d
a flower for my pretty wife,6,1,552,10,flower for wife p
att promotion gift card,4,1,552,10,promotion gift a
beautiful flower for my wife,5,1,552,13,flower for wife m
beautiful rose flower for my lovely wife,7,1,552,9,flower for wife l
beautiful rose flower for my wife quotes,7,1,552,3,flower for wife q
best flower bouquet for wife birthday,6,1,552,5,flower for wife best
best flowers for a wife,5,1,552,13,flower for wife a
best promotion gift for husband,5,1,552,5,promotion gift best
blue orchid flower meaning,4,1,552,13,orchid flower meaning b
blue purple orchid flower meaning,5,1,552,13,orchid flower meaning p
buying flowers for your wife,5,1,552,7,flower for wife y
flower bouquet for birthday wife,5,1,552,13,flower for wife b
flower cake for wife,4,1,552,11,flower for wife c
flower design for wife,4,1,552,9,flower for wife d
flower name for wife,4,1,552,6,flower for wife n
flower shayari for wife,4,1,552,10,flower for wife s
flower woman tattoo,3,1,552,5,flower for wife t
flowers for wife on birthday,5,1,552,4,flower for wife o
funeral flower messages for wife,5,1,552,3,flower for wife f
galaxy orchid flower meaning,4,1,552,9,orchid flower meaning g
grab promo gift today,4,1,552,13,promotion gift t
hawaiian hibiscus flower tattoo meaning,5,1,552,13,hibiscus flower meaning t
hibiscus flower meaning japanese,4,1,552,3,hibiscus flower meaning j
hibiscus tea meaning in marathi,5,1,552,11,hibiscus flower meaning m
hl milk promotion free gift,5,1,552,11,promotion gift free
how to make a beautiful bouquet,6,1,552,11,how to make a bouquet best
how to make a bouquet by hand,7,1,552,13,how to make a bouquet b
how to make a bouquet craft,6,1,552,13,how to make a bouquet c
how to make a bouquet for the bride,8,1,552,13,how to make a bouquet t
how to make a bouquet look pretty,7,1,552,13,how to make a bouquet l
how to make a bouquet with a4 paper,8,1,552,13,how to make a bouquet with
how to make a candy bouquet without skewers,8,1,552,13,how to make a bouquet without
how to make a candy bouquet youtube,7,1,552,13,how to make a bouquet y
how to make a cookie bouquet video,7,1,552,13,how to make a bouquet v
how to make a draping bouquet,6,1,552,13,how to make a bouquet d
how to make a hat bouquet,6,1,552,13,how to make a bouquet h
how to make a man bouquet,6,1,552,13,how to make a bouquet m
how to make a money bouquet easy for birthday,9,1,552,13,how to make a bouquet e
how to make a nugget bouquet,6,1,552,13,how to make a bouquet n
how to make a peony bouquet,6,1,552,13,how to make a bouquet p
how to make a quick bridal bouquet,7,1,552,9,how to make a bouquet q
how to make a redbull bouquet,6,1,552,13,how to make a bouquet r
how to make a rose bouquet at home,8,1,552,13,how to make a bouquet a
how to make a snack bouquet,6,1,552,13,how to make a bouquet s
how to make a unique bouquet,6,1,552,13,how to make a bouquet u
how to make bouquet at home,6,1,552,8,how to make a bouquet online
how to make jhumka bouquet,5,1,552,13,how to make a bouquet j
job promotion gift for men,5,1,552,10,promotion gift j
kpmg promotion gift,3,1,552,8,promotion gift k
lily orchid flower meaning,4,1,552,10,orchid flower meaning l
lotus blossom jazz meaning,4,1,552,11,lotus flower meaning j
lotus blossom lyrics meaning,4,1,552,13,lotus flower meaning l
lotus flower emoji meaning from a girl to a guy,10,1,552,13,lotus flower meaning e
lotus flower ka hindi meaning,5,1,552,13,lotus flower meaning k
lotus flower meaning in different cultures,6,1,552,13,lotus flower meaning d
lotus flower meaning in punjabi,5,1,552,13,lotus flower meaning p
lotus flower meaning simple,4,1,552,13,lotus flower meaning s
lotus flower radiohead meaning reddit,5,1,552,13,lotus flower meaning r
lotus flower symbolism buddhism,4,1,552,13,lotus flower meaning b
lotus flower symbolism china,4,1,552,13,lotus flower meaning c
lotus flower tattoo meaning with dots,6,1,552,13,lotus flower meaning w
lotus flower the meaning,4,1,552,13,lotus flower meaning t
lotus flower unalome tattoo meaning,5,1,552,13,lotus flower meaning u
lotus tattoo meaning for guys,5,1,552,13,lotus flower meaning g
lotus tattoo meaning hinduism,4,1,552,13,lotus flower meaning h
lotus tattoo meaning marathi,4,1,552,13,lotus flower meaning m
lotus tattoo meaning on wrist women,6,1,552,13,lotus flower meaning o
ltc promotion gift,3,1,552,13,promotion gift l
meaning behind hibiscus flower,4,1,552,13,hibiscus flower meaning b
midnight orchid flower meaning,4,1,552,9,orchid flower meaning m
office depot promotion gift card,5,1,552,10,promotion gift d
panera promotion gift card,4,1,552,9,promotion gift p
promo gift card amazon,4,1,552,13,promotion gift c
promo gift madrid 2026,4,1,552,7,promotion gift 2026
promo or gift code,4,1,552,13,promotion gift o
promotion at work gift,4,1,552,13,promotion gift w
promotion code easy gift,4,1,552,13,promotion gift e
promotion for gift cards,4,1,552,13,promotion gift for
promotion gift for girlfriend,4,1,552,13,promotion gift f
promotion gift for manager,4,1,552,13,promotion gift m
promotion thank you gift,4,1,552,4,promotion gift y
promotional gift card saks,4,1,552,13,promotion gift s
promotional holiday gifts,3,1,552,13,promotion gift h
red hawaiian hibiscus flower meaning,5,1,552,13,hibiscus flower meaning r
red hibiscus flower in kannada meaning,6,1,552,7,hibiscus flower meaning k
ringgitplus promotion gift,3,1,552,11,promotion gift r
rose flower gift for wife,5,1,552,9,flower for wife r
singapore orchid flower meaning,4,1,552,11,orchid flower meaning s
usmc promotion gift,3,1,552,13,promotion gift u
violet lotus flower meaning,4,1,552,9,lotus flower meaning v
vp promotion gift,3,1,552,10,promotion gift v
what are good promotion gifts,5,1,552,4,what promotion gift
what color are lotus flowers meaning,6,1,552,8,what lotus flower meaning
what does the orchid flower meaning,6,1,552,10,orchid flower meaning d
what kind of flowers for wife,6,1,552,5,what flower for wife
wide flower vase,3,1,552,3,flower for wife v
yellow hibiscus flower in dream meaning,6,1,552,13,hibiscus flower meaning d
yellow hibiscus flower spiritual meaning,5,1,552,4,hibiscus flower meaning y
best flower color for wife,5,1,551,6,flower for wife best
best promotion gifts for.women,4,1,551,6,promotion gift best
birthday flowers for a wife,5,1,551,14,flower for wife a
can promotional gift cards expire in california,7,1,551,3,can i promotion gift
credit card promotion free gift,5,1,551,12,promotion gift free
dark purple orchid flower meaning,5,1,551,11,orchid flower meaning d
do orchids symbolize anything,4,1,551,4,is it orchid flower meaning
elementary promotion gift ideas,4,1,551,14,promotion gift e
flower anniversary gift for wife,5,1,551,11,flower for wife g
flower caption for wife,4,1,551,12,flower for wife c
flower decoration for.wife,3,1,551,10,flower for wife d
flower gift designs for your wife,6,1,551,8,flower for wife y
flower nicknames for wife,4,1,551,7,flower for wife n
flower of wife,3,1,551,5,flower for wife o
flower surprise for wife,4,1,551,11,flower for wife s
flower tattoo for wife,4,1,551,6,flower for wife t
free gift promotion temu,4,1,551,14,promotion gift t
gift spin promo code,4,1,551,14,promotion gift s
gift voucher promotion ideas,4,1,551,11,promotion gift v
giving blue orchid flower meaning,5,1,551,10,orchid flower meaning g
good morning rose flower for wife,6,1,551,10,flower for wife r
hibiscus flower meaning in nepali,5,1,551,14,hibiscus flower meaning with
hibiscus plant meaning in malayalam,5,1,551,12,hibiscus flower meaning m
hibiscus tea meaning in telugu,5,1,551,14,hibiscus flower meaning t
how to make a baby sock bouquet youtube,8,1,551,14,how to make a bouquet y
how to make a beaded flower bouquet keychain,8,1,551,14,how to make a bouquet k
how to make a bouquet bride,6,1,551,14,how to make a bouquet b
how to make a bouquet cheap,6,1,551,14,how to make a bouquet c
how to make a bouquet for a funeral,8,1,551,14,how to make a bouquet a
how to make a bouquet for hoco,7,1,551,14,how to make a bouquet for
how to make a bouquet in,6,1,551,14,how to make a bouquet i
how to make a bouquet like this,7,1,551,14,how to make a bouquet l
how to make a bouquet of fake flowers,8,1,551,14,how to make a bouquet o
how to make a bouquet with newspaper,7,1,551,14,how to make a bouquet with
how to make a bunch of jello shots,8,1,551,14,how to make a bouquet j
how to make a candy bouquet easy,7,1,551,14,how to make a bouquet e
how to make a cascading bouquet without foam,8,1,551,14,how to make a bouquet without
how to make a daisy bouquet,6,1,551,14,how to make a bouquet d
how to make a flower bouquet vase,7,1,551,14,how to make a bouquet v
how to make a flowers using paper,7,1,551,14,how to make a bouquet u
how to make a graduation bouquet,6,1,551,14,how to make a bouquet g
how to make a hat bouquet for men,8,1,551,14,how to make a bouquet h
how to make a napkin bouquet,6,1,551,14,how to make a bouquet n
how to make a plush bouquet,6,1,551,14,how to make a bouquet p
how to make a quick candy bouquet,7,1,551,10,how to make a bouquet q
how to make a rose bouquet with ribbon,8,1,551,14,how to make a bouquet r
how to make a sock bouquet,6,1,551,14,how to make a bouquet s
how to make a tissue flowers,6,1,551,14,how to make a bouquet t
how to make easy bouquet at home,7,1,551,9,how to make a bouquet online
job promotion gift for women,5,1,551,11,promotion gift j
keybank promotion gift credit,4,1,551,9,promotion gift k
koi a n d lotus flower meaning,7,1,551,14,lotus flower meaning k
lavender orchid flower meaning,4,1,551,11,orchid flower meaning l
lily vs lotus flower meaning,5,1,551,10,lotus flower meaning v
lotus and dragonfly meaning,4,1,551,14,lotus flower meaning d
lotus and lily meaning,4,1,551,14,lotus flower meaning l
lotus and potus meaning,4,1,551,14,lotus flower meaning p
lotus flower bomb meaning in love,6,1,551,14,lotus flower meaning b
lotus flower charm meaning,4,1,551,14,lotus flower meaning c
lotus flower hidden meaning,4,1,551,14,lotus flower meaning h
lotus flower jade pendant meaning,5,1,551,12,lotus flower meaning j
lotus flower meaning in asian culture,6,1,551,14,lotus flower meaning a
lotus flower meaning in vietnam,5,1,551,14,lotus flower meaning with
lotus flower meaning sa,4,1,551,14,lotus flower meaning s
lotus flower moon meaning,4,1,551,14,lotus flower meaning m
lotus flower reincarnation meaning,4,1,551,14,lotus flower meaning r
lotus flower tattoo meaning woman,5,1,551,14,lotus flower meaning w
lotus tattoo meaning in gujarati,5,1,551,14,lotus flower meaning g
lotus tattoo meaning on a woman in hindi,8,1,551,14,lotus flower meaning o
lotus tattoo meaning trauma,4,1,551,14,lotus flower meaning t
love flower for my wife,5,1,551,14,flower for wife m
lyft promotion gift card,4,1,551,14,promotion gift l
meaning behind hibiscus flower tattoo,5,1,551,14,hibiscus flower meaning b
meaning of hibiscus flower in urdu,6,1,551,14,hibiscus flower meaning o
pink hibiscus flower emoji meaning,5,1,551,11,hibiscus flower meaning e
pink hibiscus flower in dream meaning,6,1,551,14,hibiscus flower meaning d
promo gift card instacart,4,1,551,14,promotion gift in
promo gift code,3,1,551,14,promotion gift c
promo or gift code for peloton,6,1,551,14,promotion gift o
promotion code for amazon gift card,6,1,551,11,promotion gift a
promotion gift ideas for wife,5,1,551,14,promotion gift w
promotion gift near me,4,1,551,14,promotion gift m
promotional gift borderlands 4,4,1,551,14,promotion gift b
promotional gift card hand and stone,6,1,551,14,promotion gift h
promotional gifts for customers,4,1,551,14,promotion gift for
raf promotion gift,3,1,551,12,promotion gift r
spider orchid flower meaning,4,1,551,12,orchid flower meaning s
upside down lotus flower meaning spiritual,6,1,551,14,lotus flower meaning u
usmc promotion gift ideas,4,1,551,14,promotion gift u
valentine flower for my wife,5,1,551,4,flower for wife v
what does lotus flower represents,5,1,551,9,what lotus flower meaning
what flowers to buy for wife,6,1,551,6,what flower for wife
beautiful rose flower for my wife gif,7,1,550,12,flower for wife g
blue ghost orchid flower meaning,5,1,550,11,orchid flower meaning g
does a hibiscus flower have meaning,6,1,550,15,hibiscus flower meaning h
e7 promotion gift,3,1,550,15,promotion gift e
flower arrangements for wife,4,1,550,15,flower for wife a
flower bouquet wife,3,1,550,15,flower for wife b
flower delivery for my wife,5,1,550,11,flower for wife d
flower subscription for wife,4,1,550,12,flower for wife s
flowers for wife birthday,4,1,550,12,flower for wife p
flowers starting with a w,5,1,550,11,flower for wife l
flowers that start w f,5,1,550,5,flower for wife f
gift village promotion,3,1,550,12,promotion gift v
gift with promotion,3,1,550,13,promotion gift with
golden lotus flower meaning,4,1,550,15,lotus flower meaning g
good morning flower for your wife,6,1,550,9,flower for wife y
hibiscus flower meaning in sanskrit,5,1,550,15,hibiscus flower meaning s
hibiscus mutabilis flower meaning,4,1,550,13,hibiscus flower meaning m
how to get a bouquet in stardew valley multiplayer,9,1,550,15,how to make a bouquet in
how to make a bouquet book,6,1,550,15,how to make a bouquet b
how to make a bouquet candy,6,1,550,15,how to make a bouquet c
how to make a bouquet for funeral,7,1,550,15,how to make a bouquet for
how to make a bouquet from bridal shower bows,9,1,550,15,how to make a bouquet f
how to make a bouquet look expensive,7,1,550,15,how to make a bouquet l
how to make a bouquet look nice,7,1,550,15,how to make a bouquet n
how to make a bouquet out of dollar bills,9,1,550,15,how to make a bouquet o
how to make a bouquet out of trader joe's bag,10,1,550,15,how to make a bouquet j
how to make a bouquet out of yarn,8,1,550,15,how to make a bouquet y
how to make a bouquet with a wine bottle,9,1,550,15,how to make a bouquet a
how to make a bouquet with chocolate,7,1,550,15,how to make a bouquet with
how to make a bouquet wrap with kraft paper,9,1,550,15,how to make a bouquet k
how to make a candy bouquet video,7,1,550,15,how to make a bouquet v
how to make a diaper bouquet for baby shower,9,1,550,15,how to make a bouquet d
how to make a flower bouquet using paper,8,1,550,15,how to make a bouquet u
how to make a golf bouquet,6,1,550,15,how to make a bouquet g
how to make a handheld bouquet for prom,8,1,550,15,how to make a bouquet h
how to make a money bouquet australia,7,1,550,15,how to make a bouquet m
how to make a photo bouquet,6,1,550,15,how to make a bouquet p
how to make a rehearsal bouquet from bridal shower ribbons,10,1,550,15,how to make a bouquet r
how to make a rose bouquet easy,7,1,550,15,how to make a bouquet e
how to make a simple bouquet bridal,7,1,550,9,how to make a bouquet template
how to make a sunflower bouquet,6,1,550,15,how to make a bouquet s
how to make a tulip flowers,6,1,550,15,how to make a bouquet t
how to make bouquet last longer,6,1,550,13,how to make a bouquet best
how to make flower bouquet step by step,8,1,550,5,how to make a bouquet 2026
how to make flowers with q tips,7,1,550,11,how to make a bouquet q
how to make fruit bouquet,5,1,550,6,how to make a bouquet app
importance of hibiscus flower,4,1,550,10,hibiscus flower meaning u
job promotion gift for wife,5,1,550,12,promotion gift j
kinder promotion gift,3,1,550,10,promotion gift k
lego promotion gift,3,1,550,15,promotion gift l
lotus flower bomb song meaning urban dictionary,7,1,550,15,lotus flower meaning u
lotus flower bracelet meaning,4,1,550,15,lotus flower meaning b
lotus flower colors meaning,4,1,550,15,lotus flower meaning c
lotus flower joss paper meaning,5,1,550,13,lotus flower meaning j
lotus flower koi fish tattoo meaning,6,1,550,15,lotus flower meaning k
lotus flower meaning in assamese,5,1,550,15,lotus flower meaning a
lotus flower meaning spiritual awakening,5,1,550,15,lotus flower meaning s
lotus flower significance hinduism,4,1,550,15,lotus flower meaning h
lotus flower tattoo meaning with dots female,7,1,550,15,lotus flower meaning w
lotus flower vs water lily meaning,6,1,550,11,lotus flower meaning v
lotus tattoo meaning on back,5,1,550,15,lotus flower meaning o
lotus tattoo meaning reddit,4,1,550,15,lotus flower meaning r
lotus tattoo placement meaning,4,1,550,15,lotus flower meaning p
meaning of hibiscus flower in punjabi,6,1,550,15,hibiscus flower meaning o
order flower for wife,4,1,550,6,flower for wife o
pink hibiscus flower tattoo meaning,5,1,550,15,hibiscus flower meaning t
pink lotus flower meaning love,5,1,550,15,lotus flower meaning l
promo gift baskets,3,1,550,15,promotion gift b
promo or gift card code,5,1,550,15,promotion gift o
promotion code on a gift card,6,1,550,12,promotion gift a
promotion discount from free gift bonus,6,1,550,13,promotion gift free
promotion gift for my husband,5,1,550,15,promotion gift m
promotion gift from cognizant,4,1,550,15,promotion gift f
promotion gifts for her nearby,5,1,550,15,promotion gift h
promotion promo code,3,1,550,4,promotion gift app
promotional gift card from nordstrom,5,1,550,15,promotion gift c
promotional gift companies,3,1,550,4,who promotion gift
promotional gifts for customers india,5,1,550,15,promotion gift for
purple moth orchid flower meaning,5,1,550,11,orchid flower meaning m
rank promotion gift,3,1,550,13,promotion gift r
red hibiscus flower in dream meaning hinduism,7,1,550,15,hibiscus flower meaning d
rose flower bouquet for wife,5,1,550,11,flower for wife r
significance of orchid flower,4,1,550,5,how orchid flower meaning
spiritual significance of the lotus flower,6,1,550,6,can i lotus flower meaning
tsgt promotion gift,3,1,550,15,promotion gift t
uber promotion gift card,4,1,550,15,promotion gift u
walmart promotion gift card,4,1,550,15,promotion gift w
what does a hibiscus flower meaning,6,1,550,15,hibiscus flower meaning a
what does an orchid symbolize,5,1,550,14,orchid flower meaning t
what does lotus flower symbolism buddhism,6,1,550,10,what lotus flower meaning
