suggestion,words,prefix_hits,relevance,best_rank,source_prefixes
what to give gifts for girlfriend,6,18,600,2,holi gift for girlfriend | holi gift for girlfriend  | holi gift for girlfriend a | holi gift for girlfriend h | holi gift for girlfriend i | holi gift for girlfriend o | holi gift for girlfriend s | holi gift for girlfriend t | holi gift for girlfriend w | holi gift for girlfriend best | holi gift for girlfriend for | holi gift for girlfriend in | how holi gift for girlfriend | what holi gift for girlfriend | when holi gift for girlfriend | why holi gift for girlfriend | which holi gift for girlfriend | who holi gift for girlfriend
diwali gift for wife except gold,6,11,601,1,diwali gift for wife | diwali gift for wife  | diwali gift for wife e | diwali gift for wife g | diwali gift for wife with | how diwali gift for wife | what diwali gift for wife | when diwali gift for wife | why diwali gift for wife | which diwali gift for wife | who diwali gift for wife
diwali gift for wife ideas,5,10,601,1,diwali gift for wife | diwali gift for wife  | diwali gift for wife i | diwali gift for wife with | how diwali gift for wife | what diwali gift for wife | when diwali gift for wife | why diwali gift for wife | which diwali gift for wife | who diwali gift for wife
diwali gift for wife special,5,10,601,1,diwali gift for wife | diwali gift for wife  | diwali gift for wife s | diwali gift for wife with | how diwali gift for wife | what diwali gift for wife | when diwali gift for wife | why diwali gift for wife | which diwali gift for wife | who diwali gift for wife
diwali gift for wife unique,5,10,601,1,diwali gift for wife | diwali gift for wife  | diwali gift for wife u | diwali gift for wife with | how diwali gift for wife | what diwali gift for wife | when diwali gift for wife | why diwali gift for wife | which diwali gift for wife | who diwali gift for wife
diwali gift for wife,4,8,601,1,diwali gift for wife  | diwali gift for wife with | how diwali gift for wife | what diwali gift for wife | when diwali gift for wife | why diwali gift for wife | which diwali gift for wife | who diwali gift for wife
what is a housewarming gift,5,8,552,8,housewarming gift x | housewarming gift z | housewarming gift free | housewarming gift app | housewarming gift template | housewarming gift 2026 | how housewarming gift | when housewarming gift
engagement gift ideas,3,7,1250,1,engagement gift | engagement gift  | engagement gift i | engagement gift j | engagement gift n | engagement gift o | engagement gift u
engagement gift ideas for friends,5,7,700,2,engagement gift | engagement gift  | engagement gift i | engagement gift j | engagement gift n | engagement gift o | engagement gift u
holi gift for girlfriend,4,7,601,1,holi gift for girlfriend  | how holi gift for girlfriend | what holi gift for girlfriend | when holi gift for girlfriend | why holi gift for girlfriend | which holi gift for girlfriend | who holi gift for girlfriend
do you send an engagement gift,6,7,553,5,engagement gift x | engagement gift z | engagement gift without | engagement gift app | engagement gift template | engagement gift 2026 | how engagement gift
graduation gift ideas,3,6,1251,3,graduation gift | graduation gift  | graduation gift i | graduation gift j | graduation gift o | graduation gift u
engagement gift for couple,4,6,1250,1,engagement gift | engagement gift  | engagement gift f | engagement gift n | engagement gift with | engagement gift for
engagement gift for girl,4,6,850,2,engagement gift | engagement gift  | engagement gift f | engagement gift n | engagement gift with | engagement gift for
diwali padwa gift for wife in marathi,7,6,562,3,diwali gift for wife | diwali gift for wife  | diwali gift for wife i | diwali gift for wife m | diwali gift for wife p | diwali gift for wife with
what is an engagement gift,5,6,553,5,engagement gift x | engagement gift z | engagement gift app | engagement gift maker | engagement gift template | engagement gift 2026
what to buy for a housewarming gift,7,6,553,4,housewarming gift x | housewarming gift z | housewarming gift free | housewarming gift app | how housewarming gift | can i housewarming gift
graduation gift for boys,4,5,1253,1,graduation gift | graduation gift  | graduation gift f | graduation gift with | graduation gift for
housewarming gift ideas,3,5,1250,2,housewarming gift | housewarming gift  | housewarming gift i | housewarming gift n | housewarming gift o
engagement gift for groom,4,5,800,3,engagement gift | engagement gift  | engagement gift f | engagement gift with | engagement gift for
engagement gift for bride,4,5,651,4,engagement gift  | engagement gift f | engagement gift n | engagement gift with | engagement gift for
engagement gift for friend,4,5,650,5,engagement gift  | engagement gift f | engagement gift n | engagement gift with | engagement gift for
graduation gift ideas for doctors,5,5,650,2,graduation gift | graduation gift  | graduation gift i | graduation gift o | graduation gift u
engagement gift ideas for bride,5,5,602,3,engagement gift  | engagement gift i | engagement gift j | engagement gift o | engagement gift u
best diwali gift for wife,5,5,601,1,diwali gift for wife | diwali gift for wife  | diwali gift for wife b | diwali gift for wife best | diwali gift for wife with
graduation gift ideas for him,5,5,601,3,graduation gift | graduation gift  | graduation gift i | graduation gift o | graduation gift u
diwali padwa gift for wife ideas,6,5,600,2,diwali gift for wife | diwali gift for wife  | diwali gift for wife i | diwali gift for wife p | diwali gift for wife with
do you give a gift for graduation,7,5,600,2,graduation gift z | graduation gift without | when graduation gift | which graduation gift | who graduation gift
engagement gift for men,4,5,600,7,engagement gift | engagement gift  | engagement gift f | engagement gift with | engagement gift for
engagement gift ideas for couples,5,5,600,5,engagement gift i | engagement gift j | engagement gift n | engagement gift o | engagement gift u
graduation gift for girls,4,4,1252,2,graduation gift  | graduation gift f | graduation gift with | graduation gift for
graduation gift for brother,4,4,1250,4,graduation gift | graduation gift  | graduation gift f | graduation gift for
housewarming gift for friend,4,4,1250,1,housewarming gift  | housewarming gift f | housewarming gift with | housewarming gift for
graduation gift for men,4,4,750,4,graduation gift  | graduation gift f | graduation gift with | graduation gift for
best holi gift for girlfriend,5,4,601,1,holi gift for girlfriend | holi gift for girlfriend  | holi gift for girlfriend b | holi gift for girlfriend best
engagement gift for groom from bride indian,7,4,601,6,engagement gift | engagement gift  | engagement gift f | engagement gift for
engagement gift ideas for bride from groom,7,4,601,4,engagement gift i | engagement gift j | engagement gift o | engagement gift u
graduation gift for sister,4,4,601,7,graduation gift | graduation gift  | graduation gift f | graduation gift for
housewarming gift ideas under 500,5,4,601,4,housewarming gift | housewarming gift  | housewarming gift i | housewarming gift o
diwali padwa gift for wife,5,4,600,2,diwali gift for wife | diwali gift for wife  | diwali gift for wife p | diwali gift for wife with
engagement gift for bride from groom,6,4,600,7,engagement gift | engagement gift  | engagement gift f | engagement gift for
graduation gift for doctors,4,4,600,8,graduation gift | graduation gift  | graduation gift f | graduation gift for
graduation gift ideas for girls,5,4,600,4,graduation gift  | graduation gift i | graduation gift o | graduation gift u
why bouquet is given,4,4,600,2,when bouquet for | why bouquet for | who bouquet for | is it bouquet for
engagement gift ideas for groom,5,4,559,6,engagement gift i | engagement gift j | engagement gift o | engagement gift u
engagement gift ideas for best friend female,7,4,558,7,engagement gift i | engagement gift j | engagement gift o | engagement gift u
graduation gift for him,4,4,558,7,graduation gift  | graduation gift f | graduation gift with | graduation gift for
engagement gift items,3,4,557,8,engagement gift i | engagement gift j | engagement gift o | engagement gift u
graduation gift for her,4,4,557,8,graduation gift  | graduation gift f | graduation gift with | graduation gift for
engagement gift for bride from friend,6,4,556,9,engagement gift | engagement gift  | engagement gift f | engagement gift for
engagement gift ideas for girl,5,4,556,9,engagement gift i | engagement gift j | engagement gift o | engagement gift u
graduation gift for boyfriend,4,4,556,9,graduation gift  | graduation gift f | graduation gift with | graduation gift for
engagement gift ideas for best friend,6,4,555,10,engagement gift i | engagement gift j | engagement gift o | engagement gift u
do you need to give engagement gift,7,4,554,9,engagement gift without | how engagement gift | can i engagement gift | is it engagement gift
engagement gift ideas for sister,5,4,554,11,engagement gift i | engagement gift j | engagement gift o | engagement gift u
best diwali padwa gift for wife,6,4,553,8,diwali gift for wife | diwali gift for wife  | diwali gift for wife best | diwali gift for wife with
engagement gift ideas for men,5,4,553,12,engagement gift i | engagement gift j | engagement gift o | engagement gift u
engagement gift ideas for women,5,4,552,13,engagement gift i | engagement gift j | engagement gift o | engagement gift u
engagement gift ideas for guests,5,4,551,14,engagement gift i | engagement gift j | engagement gift o | engagement gift u
list of gifts for girlfriend,5,4,550,11,holi gift for girlfriend | holi gift for girlfriend  | holi gift for girlfriend o | holi gift for girlfriend for
bouquet for girls,3,3,1252,1,bouquet for | bouquet for  | bouquet for g
bouquet for birthday,3,3,1251,1,bouquet for | bouquet for  | bouquet for b
bouquet for girlfriend,3,3,1251,2,bouquet for | bouquet for  | bouquet for g
engagement gift hamper,3,3,1251,1,engagement gift | engagement gift  | engagement gift h
engagement gift packing,3,3,1251,1,engagement gift | engagement gift  | engagement gift p
graduation gift from companies,4,3,1251,3,graduation gift | graduation gift  | graduation gift f
housewarming gift instant delivery,4,3,1251,1,housewarming gift i | housewarming gift o | housewarming gift in
bouquet for anniversary,3,3,1250,1,bouquet for | bouquet for  | bouquet for a
bouquet for boys,3,3,1250,2,bouquet for | bouquet for  | bouquet for b
bouquet for car,3,3,1250,1,bouquet for | bouquet for  | bouquet for c
bouquet for engagement,3,3,1250,1,bouquet for | bouquet for  | bouquet for e
bouquet for graduation,3,3,1250,3,bouquet for | bouquet for  | bouquet for g
bouquet for men,3,3,1250,1,bouquet for | bouquet for  | bouquet for m
bouquet for wedding,3,3,1250,1,bouquet for | bouquet for  | bouquet for w
housewarming gift baskets,3,3,1250,1,housewarming gift | housewarming gift  | housewarming gift b
housewarming gift india,3,3,1250,2,housewarming gift i | housewarming gift o | housewarming gift in
housewarming gift message,3,3,1250,1,housewarming gift | housewarming gift  | housewarming gift m
bouquet for women,3,3,1101,2,bouquet for | bouquet for  | bouquet for w
bouquet for gift,3,3,750,4,bouquet for | bouquet for  | bouquet for g
housewarming gift for couples,4,3,705,2,housewarming gift  | housewarming gift f | housewarming gift for
bouquet for boyfriend,3,3,700,3,bouquet for | bouquet for  | bouquet for b
bouquet for men birthday,4,3,650,2,bouquet for | bouquet for  | bouquet for m
holi gift for baby girl,5,3,601,1,holi gift for girlfriend | holi gift for girlfriend  | holi gift for girlfriend b
holi gift hamper for girlfriend,5,3,601,1,holi gift for girlfriend | holi gift for girlfriend  | holi gift for girlfriend h
holi gift idea for girlfriend,5,3,601,1,holi gift for girlfriend | holi gift for girlfriend  | holi gift for girlfriend i
holi surprise gift for girlfriend,5,3,601,1,holi gift for girlfriend | holi gift for girlfriend  | holi gift for girlfriend s
best diwali gift for wife unique,6,3,600,2,diwali gift for wife b | diwali gift for wife u | diwali gift for wife best
bouquet for birthday girl,4,3,600,5,bouquet for | bouquet for  | bouquet for b
graduation gift certificate template free,5,3,600,2,graduation gift c | graduation gift free | graduation gift template
graduation gift thank you note template,6,3,600,8,graduation gift t | graduation gift y | graduation gift template
holi special gifts for girlfriend,5,3,600,2,holi gift for girlfriend | holi gift for girlfriend  | holi gift for girlfriend s
housewarming gift ideas for friends,5,3,600,5,housewarming gift  | housewarming gift i | housewarming gift o
what do you give someone as an engagement gift,9,3,600,2,engagement gift x | engagement gift z | how engagement gift
housewarming gift ideas india,4,3,561,4,housewarming gift  | housewarming gift i | housewarming gift o
graduation gift ideas for friends,5,3,560,5,graduation gift i | graduation gift o | graduation gift u
housewarming gift ideas for family,5,3,560,5,housewarming gift  | housewarming gift i | housewarming gift o
graduation gift ideas for her,5,3,559,6,graduation gift i | graduation gift o | graduation gift u
housewarming gift ideas under ₹1000,5,3,559,6,housewarming gift  | housewarming gift i | housewarming gift o
engagement gift for best friend female,6,3,558,7,engagement gift f | engagement gift best | engagement gift for
graduation gift ideas for boys,5,3,558,7,graduation gift i | graduation gift o | graduation gift u
graduation gift ideas for men,5,3,557,8,graduation gift i | graduation gift o | graduation gift u
graduation gift ideas for daughter,5,3,556,9,graduation gift i | graduation gift o | graduation gift u
engagement gift for boys,4,3,555,10,engagement gift  | engagement gift f | engagement gift for
housewarming gift for boyfriend,4,3,555,10,housewarming gift f | housewarming gift with | housewarming gift for
graduation gift for daughter,4,3,554,11,graduation gift f | graduation gift with | graduation gift for
mother's day flowers,3,3,554,11,what bouquet for | why bouquet for | which bouquet for
what is a good engagement gift,6,3,554,4,engagement gift x | engagement gift template | engagement gift 2026
what to gift a graduate,5,3,554,5,graduation gift z | graduation gift without | graduation gift 2027
what is an appropriate engagement gift,6,3,553,10,engagement gift free | engagement gift template | how engagement gift
engagement gift for sister,4,3,552,13,engagement gift f | engagement gift with | engagement gift for
do you give engagement gifts,5,3,551,12,how engagement gift | when engagement gift | can i engagement gift
diwali gift ideas for family,5,3,550,6,diwali gift for wife d | diwali gift for wife v | diwali gift for wife for
what can you give as a housewarming gift,8,3,550,7,housewarming gift z | housewarming gift free | housewarming gift app
what will be the best gift for girlfriend,8,3,550,3,what holi gift for girlfriend | when holi gift for girlfriend | which holi gift for girlfriend
graduation gift delivery,3,2,1252,1,graduation gift d | graduation gift online
engagement gifts,2,2,1251,1,engagement gift | engagement gift s
housewarming gift delivery,3,2,1251,1,housewarming gift d | housewarming gift online
housewarming gift hamper,3,2,1251,1,housewarming gift  | housewarming gift h
bouquet for best friend,4,2,1250,1,bouquet for b | bouquet for best
bouquet for independence day,4,2,1250,1,bouquet for i | bouquet for in
graduation gift redbull,3,2,1250,1,graduation gift  | graduation gift r
graduation gift thank you message,5,2,1250,1,graduation gift t | graduation gift y
graduation gift with money,4,2,1250,1,graduation gift w | graduation gift with
housewarming gift appliances,3,2,1250,1,housewarming gift a | housewarming gift app
housewarming gift shops near me,5,2,1250,1,housewarming gift  | housewarming gift s
housewarming gift under ₹1000,4,2,1250,1,housewarming gift  | housewarming gift u
housewarming gift with bread and salt,6,2,1250,1,housewarming gift w | housewarming gift with
what graduation gifts to give,5,2,1250,1,how graduation gift | what graduation gift
bouquet for inauguration,3,2,1200,2,bouquet for i | bouquet for in
what bouquet for graduation,4,2,1151,2,how bouquet for | what bouquet for
which bouquet for panam,4,2,1151,1,which bouquet for | who bouquet for
what engagement gifts to give,5,2,1150,1,how engagement gift | what engagement gift
which bouquet for judy cyberpunk,5,2,1150,2,which bouquet for | who bouquet for
graduation gift thank you card,5,2,851,3,graduation gift t | graduation gift y
graduation gift thank you note,5,2,850,4,graduation gift t | graduation gift y
housewarming gift meaning,3,2,800,2,housewarming gift  | housewarming gift m
housewarming gift for brother,4,2,704,3,housewarming gift f | housewarming gift for
housewarming gift for hindu family,5,2,703,4,housewarming gift f | housewarming gift for
housewarming gift for christian family,5,2,702,5,housewarming gift f | housewarming gift for
housewarming gift for brother and sister in law,8,2,701,6,housewarming gift f | housewarming gift for
housewarming gift for muslim friend,5,2,700,7,housewarming gift f | housewarming gift for
housewarming gift tag printable free,5,2,700,5,housewarming gift t | housewarming gift free
graduation gift thank you,4,2,650,6,graduation gift t | graduation gift y
housewarming gift blinkit,3,2,650,2,housewarming gift  | housewarming gift b
housewarming gift david jones,4,2,650,5,housewarming gift d | housewarming gift j
bouquet for inauguration ceremony,4,2,601,3,bouquet for i | bouquet for in
engagement gift delivery,3,2,601,1,engagement gift d | engagement gift online
engagement gift designer,3,2,601,1,engagement gift d | engagement gift maker
engagement gift sticker template,4,2,601,1,engagement gift s | engagement gift template
engagement gift with photo,4,2,601,1,engagement gift w | engagement gift with
gift for wife in diwali,5,2,601,1,diwali gift for wife i | diwali gift for wife in
graduation gift delivery same day,5,2,601,6,graduation gift d | graduation gift online
graduation gift not flowers,4,2,601,1,graduation gift n | graduation gift without
graduation gift with gift cards,5,2,601,2,graduation gift w | graduation gift with
holi gift for girl,4,2,601,1,holi gift for girlfriend | holi gift for girlfriend 
holi gift to girlfriend,4,2,601,1,holi gift for girlfriend t | holi gift for girlfriend for
housewarming gift for sikh family,5,2,601,8,housewarming gift f | housewarming gift for
housewarming gift kitchen appliances,4,2,601,1,housewarming gift k | housewarming gift app
is an engagement gift appropriate,5,2,601,1,engagement gift app | is it engagement gift
what bouquet for wedding,4,2,601,4,how bouquet for | what bouquet for
what gift engagement party,4,2,601,2,how engagement gift | what engagement gift
what graduation gift should you give,6,2,601,1,how graduation gift | what graduation gift
what housewarming gifts are good,5,2,601,1,how housewarming gift | what housewarming gift
best diwali gift for my wife,6,2,600,2,diwali gift for wife m | diwali gift for wife best
best diwali gift for your wife,6,2,600,2,diwali gift for wife y | diwali gift for wife best
diwali gift for in laws,5,2,600,2,diwali gift for wife i | diwali gift for wife in
engagement gift delivery melbourne,4,2,600,2,engagement gift d | engagement gift online
engagement gift not alcohol,4,2,600,2,engagement gift n | engagement gift without
engagement gift with date,4,2,600,2,engagement gift w | engagement gift with
housewarming gift for sister,4,2,600,9,housewarming gift f | housewarming gift for
housewarming gift list template,4,2,600,2,housewarming gift l | housewarming gift template
should you give an engagement gift,6,2,600,2,when engagement gift | is it engagement gift
what bouquet for engagement,4,2,600,5,how bouquet for | what bouquet for
best diwali gift for wife in india,7,2,562,3,diwali gift for wife b | diwali gift for wife best
graduation gift tags free printable pdf,6,2,562,3,graduation gift t | graduation gift free
bouquet just for you,4,2,561,4,bouquet for j | bouquet for y
engagement gift by groom to bride,6,2,561,4,engagement gift b | engagement gift y
what bouquet for birthday,4,2,561,4,how bouquet for | what bouquet for
graduation gift amount 2026,4,2,560,5,graduation gift a | graduation gift 2026
what bouquet for funeral,4,2,560,5,how bouquet for | what bouquet for
diwali padwa gift for wife under 500,7,2,559,6,diwali gift for wife p | diwali gift for wife u
engagement gift thank you message,5,2,559,6,engagement gift t | engagement gift y
holi gift for her,4,2,559,3,holi gift for girlfriend | holi gift for girlfriend 
diwali padwa gift for wife under ₹ 5000,8,2,558,7,diwali gift for wife p | diwali gift for wife u
graduation gift list template,4,2,558,7,graduation gift l | graduation gift template
graduation gift voucher template,4,2,558,7,graduation gift v | graduation gift template
holi gift for women,4,2,558,4,holi gift for girlfriend | holi gift for girlfriend 
diwali gift for best friend,5,2,557,4,diwali gift for wife b | diwali gift for wife best
housewarming gift delivery melbourne,4,2,557,4,housewarming gift d | housewarming gift online
housewarming gift ideas for indian family,6,2,557,8,housewarming gift i | housewarming gift o
housewarming gift singapore,3,2,557,8,housewarming gift n | housewarming gift s
bouquet for new year,4,2,556,9,bouquet for n | bouquet for y
diwali gift for best friend girl,6,2,556,5,diwali gift for wife b | diwali gift for wife best
graduation gift card book free printable,6,2,556,9,graduation gift c | graduation gift free
graduation gift delivery london,4,2,556,9,graduation gift d | graduation gift online
graduation gift list template free,5,2,556,9,graduation gift free | graduation gift template
housewarming gift items,3,2,556,9,housewarming gift i | housewarming gift o
graduation gift for girlfriend,4,2,555,10,graduation gift f | graduation gift for
graduation gift is now officially open,6,2,555,10,graduation gift i | graduation gift u
graduation gift thank you cards message,6,2,555,10,graduation gift t | graduation gift y
housewarming gift for men,4,2,555,10,housewarming gift with | housewarming gift for
engagement gift for friend female,5,2,554,11,engagement gift f | engagement gift for
graduation gift ideas for son,5,2,554,11,graduation gift i | graduation gift u
graduation gift not money,4,2,554,3,graduation gift n | graduation gift without
housewarming gift for muslim family,5,2,554,11,housewarming gift f | housewarming gift for
housewarming gift for someone who has everything,7,2,554,11,housewarming gift f | housewarming gift with
housewarming gift ideas for muslim family,6,2,554,11,housewarming gift i | housewarming gift o
housewarming gifts home goods,4,2,554,11,housewarming gift g | housewarming gift h
what to send for graduation gift,6,2,554,4,when graduation gift | which graduation gift
engagement gift for women,4,2,553,12,engagement gift f | engagement gift for
housewarming gift for christian,4,2,553,12,housewarming gift f | housewarming gift for
housewarming gift ideas under 5000,5,2,553,12,housewarming gift i | housewarming gift o
diwali gift for india,4,2,552,8,diwali gift for wife i | diwali gift for wife in
graduation gift for son,4,2,552,13,graduation gift with | graduation gift for
housewarming gift ideas for brother,5,2,552,13,housewarming gift i | housewarming gift o
housewarming gift thank you message,5,2,552,11,housewarming gift t | housewarming gift y
is it customary to give an engagement gift,8,2,552,3,when engagement gift | is it engagement gift
what to buy someone as a graduation gift,8,2,552,3,which graduation gift | who graduation gift
housewarming gift for the hendersons moonlight peaks,7,2,551,14,housewarming gift f | housewarming gift for
housewarming gift ideas under 2000,5,2,551,14,housewarming gift i | housewarming gift o
how much should a housewarming gift be,7,2,551,6,housewarming gift template | housewarming gift 2026
is it ok to give money for engagement gift,9,2,551,7,engagement gift free | can i engagement gift
what is a good housewarming gift,6,2,551,5,housewarming gift x | when housewarming gift
which plant to gift to girlfriend,6,2,551,3,which holi gift for girlfriend | who holi gift for girlfriend
best gift for wife in diwali,6,2,550,10,diwali gift for wife i | diwali gift for wife in
engagement gift for wife,4,2,550,15,engagement gift f | engagement gift for
engagement gift ideas for boys,5,2,550,15,engagement gift i | engagement gift j
how far in advance can you make a bouquet,9,2,550,9,when bouquet for | can i bouquet for
graduation gifts,2,1,1254,1,graduation gift
graduation gifts for girls,4,1,1253,2,graduation gift
bouquet for newborn baby,4,1,1252,1,bouquet for n
engagement gift etsy,3,1,1252,1,engagement gift e
graduation gift bag,3,1,1252,1,graduation gift b
graduation gifts for men,4,1,1252,3,graduation gift
bouquet for decoration,3,1,1251,1,bouquet for d
bouquet for him,3,1,1251,1,bouquet for h
bouquet for kids,3,1,1251,1,bouquet for k
bouquet for loved ones,4,1,1251,1,bouquet for l
bouquet for new mom,4,1,1251,2,bouquet for n
bouquet for teachers,3,1,1251,1,bouquet for t
bouquet for you,3,1,1251,1,bouquet for y
engagement gift amazon,3,1,1251,1,engagement gift a
engagement gift box,3,1,1251,1,engagement gift b
engagement gift decoration ideas,4,1,1251,1,engagement gift d
engagement gift etiquette,3,1,1251,2,engagement gift e
engagement gift list,3,1,1251,1,engagement gift l
engagement gift quotes,3,1,1251,1,engagement gift q
engagement gift ring dish,4,1,1251,1,engagement gift r
engagement gift voucher,3,1,1251,1,engagement gift v
engagement gift wrapping,3,1,1251,1,engagement gift w
graduation gift amount,3,1,1251,1,graduation gift a
graduation gift basket,3,1,1251,2,graduation gift b
graduation gift daughter,3,1,1251,2,graduation gift d
graduation gift etsy,3,1,1251,1,graduation gift e
graduation gift inspo,3,1,1251,1,graduation gift in
graduation gift kindergarten,3,1,1251,1,graduation gift k
graduation gift men,3,1,1251,1,graduation gift m
graduation gift quotes,3,1,1251,1,graduation gift q
graduation gift voucher,3,1,1251,1,graduation gift v
graduation gift wrap,3,1,1251,1,graduation gift w
housewarming gift card,3,1,1251,1,housewarming gift c
housewarming gift japan,3,1,1251,1,housewarming gift j
housewarming gift lamp,3,1,1251,1,housewarming gift l
housewarming gift near me,4,1,1251,1,housewarming gift n
housewarming gift registry,3,1,1251,1,housewarming gift r
housewarming gifts,2,1,1251,1,housewarming gift
bouquet for death,3,1,1250,2,bouquet for d
bouquet for friends,3,1,1250,1,bouquet for f
bouquet for husband,3,1,1250,2,bouquet for h
bouquet for kids girl,4,1,1250,2,bouquet for k
bouquet for love,3,1,1250,2,bouquet for l
bouquet for newborn baby boy,5,1,1250,3,bouquet for n
bouquet for official purpose,4,1,1250,1,bouquet for o
bouquet for proposal,3,1,1250,1,bouquet for p
bouquet for quinceanera,3,1,1250,1,bouquet for q
bouquet for retirement,3,1,1250,1,bouquet for r
bouquet for sister,3,1,1250,1,bouquet for s
bouquet for teachers day,4,1,1250,2,bouquet for t
bouquet for yellow dress,4,1,1250,2,bouquet for y
engagement gift amount,3,1,1250,2,engagement gift a
engagement gift baskets,3,1,1250,2,engagement gift b
engagement gift best friend,4,1,1250,1,engagement gift best
engagement gift card,3,1,1250,1,engagement gift c
engagement gift decoration,3,1,1250,2,engagement gift d
engagement gift experiences,3,1,1250,3,engagement gift e
engagement gift girl,3,1,1250,1,engagement gift g
engagement gift hamper for bride,5,1,1250,2,engagement gift h
engagement gift india,3,1,1250,1,engagement gift in
engagement gift kya de,4,1,1250,1,engagement gift k
engagement gift list for bride,5,1,1250,2,engagement gift l
engagement gift message,3,1,1250,1,engagement gift m
engagement gift near me,4,1,1250,1,engagement gift n
engagement gift options,3,1,1250,1,engagement gift o
engagement gift packing ideas,4,1,1250,2,engagement gift p
engagement gift quotes for wife,5,1,1250,2,engagement gift q
engagement gift reddit,3,1,1250,2,engagement gift r
engagement gift set,3,1,1250,1,engagement gift s
engagement gift tray,3,1,1250,1,engagement gift t
engagement gift under 500,4,1,1250,1,engagement gift u
engagement gift voucher ideas,4,1,1250,2,engagement gift v
engagement gift wrapping ideas,4,1,1250,2,engagement gift w
engagement gift young couple,4,1,1250,1,engagement gift y
engagement gifts for friends,4,1,1250,2,engagement gift
graduation gift amount for friends kid,6,1,1250,2,graduation gift a
graduation gift box,3,1,1250,3,graduation gift b
graduation gift crocs,3,1,1250,1,graduation gift c
graduation gift diy,3,1,1250,3,graduation gift d
graduation gift etiquette,3,1,1250,2,graduation gift e
graduation gift girl,3,1,1250,1,graduation gift g
graduation gift hamper ideas,4,1,1250,1,graduation gift h
graduation gift indigo,3,1,1250,2,graduation gift in
graduation gift jewelry,3,1,1250,1,graduation gift j
graduation gift kids,3,1,1250,2,graduation gift k
graduation gift lego,3,1,1250,1,graduation gift l
graduation gift money amount,4,1,1250,2,graduation gift m
graduation gift near me,4,1,1250,1,graduation gift n
graduation gift qatar,3,1,1250,2,graduation gift q
graduation gift set,3,1,1250,1,graduation gift s
graduation gift value,3,1,1250,2,graduation gift v
graduation gift walmart,3,1,1250,2,graduation gift w
housewarming gift card message,4,1,1250,2,housewarming gift c
housewarming gift definition,3,1,1250,2,housewarming gift d
housewarming gift electronics,3,1,1250,1,housewarming gift e
housewarming gift germany,3,1,1250,1,housewarming gift g
housewarming gift hamper ideas,4,1,1250,2,housewarming gift h
housewarming gift john lewis,4,1,1250,2,housewarming gift j
housewarming gift list ideas,4,1,1250,2,housewarming gift l
housewarming gift notes,3,1,1250,2,housewarming gift n
housewarming gift options,3,1,1250,1,housewarming gift o
housewarming gift quotes,3,1,1250,1,housewarming gift q
housewarming gift reddit,3,1,1250,2,housewarming gift r
housewarming gift vancouver,3,1,1250,1,housewarming gift v
housewarming gift wishes,3,1,1250,1,housewarming gift w
what bouquet for panam,4,1,1250,1,what bouquet for
bouquet for kids boys,4,1,1200,3,bouquet for k
bouquet for office,3,1,1200,2,bouquet for o
bouquet for sister birthday,4,1,1200,2,bouquet for s
engagement gift hamper for groom,5,1,1200,3,engagement gift h
graduation gift list,3,1,1200,2,graduation gift l
graduation gift vancouver,3,1,1200,3,graduation gift v
housewarming gift target,3,1,1152,1,housewarming gift t
housewarming gift tags,3,1,1151,2,housewarming gift t
bouquet for lover,3,1,1150,3,bouquet for l
bouquet for raksha bandhan,4,1,1150,2,bouquet for r
bouquet for sorry,3,1,1150,3,bouquet for s
engagement gift australia,3,1,1150,3,engagement gift a
engagement gift to friend,4,1,1150,2,engagement gift t
graduation gift card,3,1,1150,2,graduation gift c
graduation gift from companies in india,6,1,1150,5,graduation gift f
graduation gift store,3,1,1150,2,graduation gift s
housewarming gift traditional,3,1,1150,3,housewarming gift t
what bouquet for judy cyberpunk,5,1,1150,3,what bouquet for
engagement gift set for bride,5,1,1101,2,engagement gift s
bouquet for wife,3,1,1100,3,bouquet for w
engagement gift caption,3,1,1100,2,engagement gift c
engagement gift shop near me,5,1,1100,3,engagement gift s
graduation gift jellycat,3,1,1100,2,graduation gift j
graduation gift money,3,1,1100,3,graduation gift m
graduation gift nearby,3,1,1100,2,graduation gift n
housewarming gift amazon,3,1,1100,1,housewarming gift a
engagement gift suggestions,3,1,1050,4,engagement gift s
housewarming gift painting,3,1,1001,1,housewarming gift p
bouquet for new car,4,1,1000,4,bouquet for n
bouquet for politicians,3,1,1000,2,bouquet for p
bouquet for red dress,4,1,1000,3,bouquet for r
engagement gift to bride,4,1,1000,3,engagement gift t
graduation gift basket ideas,4,1,1000,4,graduation gift b
graduation gift kindergarten boy,4,1,1000,3,graduation gift k
graduation gift tags,3,1,1000,2,graduation gift t
housewarming gift pinterest,3,1,1000,2,housewarming gift p
bouquet for date,3,1,951,3,bouquet for d
graduation gift wrapping paper,4,1,951,3,graduation gift w
bouquet for doctor,3,1,950,4,bouquet for d
bouquet for funeral,3,1,950,2,bouquet for f
bouquet for office opening,4,1,950,3,bouquet for o
graduation gift elementary school,4,1,950,3,graduation gift e
graduation gift watch,3,1,950,4,graduation gift w
housewarming gift christian,3,1,950,3,housewarming gift c
housewarming gift under 500,4,1,901,2,housewarming gift u
bouquet for engagement gift,4,1,900,2,bouquet for e
graduation gift girl high school,5,1,900,2,graduation gift g
graduation gift message,3,1,900,4,graduation gift m
housewarming gift diy,3,1,900,3,housewarming gift d
housewarming gift under 5000,4,1,900,3,housewarming gift u
graduation gift singapore,3,1,851,3,graduation gift s
graduation gift woman,3,1,851,5,graduation gift w
bouquet for chief guest,4,1,850,2,bouquet for c
graduation gift shop near me,5,1,850,4,graduation gift s
graduation gift wrapping ideas,4,1,850,6,graduation gift w
housewarming gift in silver,4,1,850,3,housewarming gift in
graduation gift london,3,1,802,3,graduation gift l
graduation gift law school,4,1,801,4,graduation gift l
graduation gift doctor,3,1,800,4,graduation gift d
graduation gift letter,3,1,800,5,graduation gift l
engagement gift ring holder,4,1,751,3,engagement gift r
housewarming gift clock,3,1,751,4,housewarming gift c
bouquet for opening ceremony,4,1,750,4,bouquet for o
bouquet for pregnant women,4,1,750,3,bouquet for p
bouquet for wedding gift,4,1,750,4,bouquet for w
engagement gift kya dena chahiye,5,1,750,2,engagement gift k
engagement gift registry,3,1,750,4,engagement gift r
engagement gift wishes,3,1,750,3,engagement gift w
graduation gift dollar amount,4,1,750,5,graduation gift d
graduation gift grade 8,4,1,750,3,graduation gift g
graduation gifts for friends,4,1,750,7,graduation gift
housewarming gift caption,3,1,750,5,housewarming gift c
housewarming gift registry ideas,4,1,750,3,housewarming gift r
housewarming gift to send in mail,6,1,750,4,housewarming gift t
engagement gift to fiance,4,1,701,4,engagement gift t
bouquet for dad,3,1,700,5,bouquet for d
bouquet for girls with accessories,5,1,700,5,bouquet for g
bouquet for her,3,1,700,3,bouquet for h
bouquet for shop opening,4,1,700,4,bouquet for s
engagement gift tray ideas,4,1,700,5,engagement gift t
graduation gift preschool,3,1,700,1,graduation gift p
graduation gift tags free printable,5,1,700,5,graduation gift t
engagement gift couple,3,1,651,3,engagement gift c
graduation gift jewelry for her,5,1,651,3,graduation gift j
housewarming gift designer,3,1,651,4,housewarming gift d
bouquet for friends birthday,4,1,650,3,bouquet for f
bouquet for table,3,1,650,3,bouquet for t
bouquet for wife birthday,4,1,650,5,bouquet for w
engagement gift card ideas,4,1,650,4,engagement gift c
engagement gift set for groom,5,1,650,5,engagement gift s
graduation gift egypt,3,1,650,4,graduation gift e
graduation gift in target,4,1,650,3,graduation gift in
graduation gift jewelry ideas,4,1,650,4,graduation gift j
graduation gift necklace,3,1,650,3,graduation gift n
graduation gift package,3,1,650,2,graduation gift p
bouquet for promotion,3,1,604,4,bouquet for p
bouquet for chocolate,3,1,603,3,bouquet for c
bouquet for dead person,4,1,603,6,bouquet for d
bouquet for parents anniversary,4,1,603,5,bouquet for p
graduation gift in walmart,4,1,603,4,graduation gift in
graduation gift keychain,3,1,603,4,graduation gift k
housewarming gift muslim,3,1,603,3,housewarming gift m
bouquet for bestie birthday,4,1,602,2,bouquet for best
bouquet for christian bride,4,1,602,4,bouquet for c
bouquet for drawing,3,1,602,7,bouquet for d
bouquet for father's day,4,1,602,4,bouquet for f
bouquet for kids birthday,4,1,602,4,bouquet for k
bouquet for principal,3,1,602,6,bouquet for p
bouquet for reception,3,1,602,4,bouquet for r
engagement gift decoration shop near me,6,1,602,3,engagement gift d
engagement gift packing near me,5,1,602,3,engagement gift p
graduation gift in sri lanka,5,1,602,5,graduation gift in
graduation gift kuwait,3,1,602,5,graduation gift k
housewarming gift message short,4,1,602,4,housewarming gift m
housewarming gift same day delivery,5,1,602,2,housewarming gift s
bouquet 2027,2,1,601,1,bouquet for 2027
bouquet for anniversary gift,4,1,601,2,bouquet for a
bouquet for best wishes,4,1,601,3,bouquet for best
bouquet for bride,3,1,601,4,bouquet for b
bouquet for car bonnet,4,1,601,5,bouquet for c
bouquet for death anniversary,4,1,601,8,bouquet for d
bouquet for engagement ceremony,4,1,601,3,bouquet for e
bouquet for fiance,3,1,601,5,bouquet for f
bouquet for girlfriend birthday,4,1,601,6,bouquet for g
bouquet for house warming,4,1,601,4,bouquet for h
bouquet for jewellery,3,1,601,1,bouquet for j
bouquet for kids graduation,4,1,601,5,bouquet for k
bouquet for lalbaugcha raja,4,1,601,4,bouquet for l
bouquet for mom to be,5,1,601,3,bouquet for m
bouquet for newborn baby girl,5,1,601,5,bouquet for n
bouquet for oath taking ceremony,5,1,601,5,bouquet for o
bouquet for patients,3,1,601,7,bouquet for p
bouquet for quince,3,1,601,2,bouquet for q
bouquet for rakhi,3,1,601,5,bouquet for r
bouquet for sale,3,1,601,5,bouquet for s
bouquet for teachers day handmade,5,1,601,4,bouquet for t
bouquet for umrah mubarak,4,1,601,1,bouquet for u
bouquet for vip guest,4,1,601,1,bouquet for v
bouquet for welcome,3,1,601,6,bouquet for w
bouquet for you in the dark,6,1,601,3,bouquet for y
bouquet maker,2,1,601,1,bouquet for maker
bouquet online delivery bangalore,4,1,601,1,bouquet for online
bouquet template,2,1,601,1,bouquet for template
bouquet without roses,3,1,601,1,bouquet for without
bouquet x,2,1,601,1,bouquet for x
bouquet zepto,2,1,601,1,bouquet for z
can i buy flowers for myself,6,1,601,1,can i bouquet for
companies who send graduation gifts,5,1,601,1,who graduation gift
crochet housewarming gift free pattern,5,1,601,1,housewarming gift free
diwali gift for all indians by google,7,1,601,1,diwali gift for wife a
diwali gift for clients,4,1,601,1,diwali gift for wife c
diwali gift for doctors,4,1,601,1,diwali gift for wife d
diwali gift for kids,4,1,601,1,diwali gift for wife k
diwali gift for my wife,5,1,601,1,diwali gift for wife m
diwali gift for pregnant wife,5,1,601,1,diwali gift for wife p
diwali gift for relatives,4,1,601,1,diwali gift for wife r
diwali gift for vip guest,5,1,601,1,diwali gift for wife v
diwali gift for wife home,5,1,601,1,diwali gift for wife h
diwali gift for wife in india,6,1,601,1,diwali gift for wife n
diwali gift for wife online,5,1,601,1,diwali gift for wife o
diwali gift for women,4,1,601,1,diwali gift for wife w
diwali gift for your wife,5,1,601,1,diwali gift for wife y
diwali gift to wife,4,1,601,1,diwali gift for wife t
engagement gift art,3,1,601,4,engagement gift a
engagement gift bag,3,1,601,3,engagement gift b
engagement gift bestie,3,1,601,2,engagement gift best
engagement gift chocolate,3,1,601,5,engagement gift c
engagement gift decoration items,4,1,601,4,engagement gift d
engagement gift engraved,3,1,601,4,engagement gift e
engagement gift gluten free,4,1,601,1,engagement gift free
engagement gift guide,3,1,601,2,engagement gift g
engagement gift hamper ideas,4,1,601,4,engagement gift h
engagement gift ideas 2026,4,1,601,1,engagement gift 2026
engagement gift in store,4,1,601,2,engagement gift in
engagement gift kya dena chahie,5,1,601,3,engagement gift k
engagement gift luxury,3,1,601,3,engagement gift l
engagement gift money amount,4,1,601,2,engagement gift m
engagement gift next,3,1,601,2,engagement gift n
engagement gift not on the high street,7,1,601,1,engagement gift without
engagement gift pack for bride,5,1,601,4,engagement gift p
engagement gift quick delivery,4,1,601,3,engagement gift q
engagement gift ring,3,1,601,5,engagement gift r
engagement gift sticker,3,1,601,6,engagement gift s
engagement gift to bride by groom,6,1,601,6,engagement gift t
engagement gift vs wedding gift,5,1,601,3,engagement gift v
engagement gift wrapping near me,5,1,601,4,engagement gift w
engagement gift zepto,3,1,601,1,engagement gift z
engagement gifts for bride,4,1,601,5,engagement gift
engagement xmas gift,3,1,601,1,engagement gift x
engagement year gifts,3,1,601,2,engagement gift y
first diwali gift for wife,5,1,601,1,diwali gift for wife f
flower bouquet for appreciation,4,1,601,1,bouquet for app
flowers for forever,3,1,601,1,bouquet for for
free bouquet,2,1,601,1,bouquet for free
gift for girlfriend on holi,5,1,601,1,holi gift for girlfriend o
gift for wife for diwali,5,1,601,1,diwali gift for wife for
graduation gift amazon,3,1,601,3,graduation gift a
graduation gift appropriate amount,4,1,601,1,graduation gift app
graduation gift best friend,4,1,601,1,graduation gift best
graduation gift boy,3,1,601,5,graduation gift b
graduation gift card book,4,1,601,3,graduation gift c
graduation gift earrings,3,1,601,5,graduation gift e
graduation gift example,3,1,601,1,graduation gift template
graduation gift gen z,4,1,601,1,graduation gift z
graduation gift grade 8 boy,5,1,601,4,graduation gift g
graduation gift high school,4,1,601,2,graduation gift h
graduation gift in spanish,4,1,601,6,graduation gift in
graduation gift japan,3,1,601,5,graduation gift j
graduation gift keepsake,3,1,601,6,graduation gift k
graduation gift luxury,3,1,601,6,graduation gift l
graduation gift male,3,1,601,5,graduation gift m
graduation gift nurse,3,1,601,4,graduation gift n
graduation gift pandora,3,1,601,3,graduation gift p
graduation gift qr code,4,1,601,3,graduation gift q
graduation gift registry,3,1,601,2,graduation gift r
graduation gift set for her,5,1,601,5,graduation gift s
graduation gift target,3,1,601,7,graduation gift t
graduation gift veterinarian,3,1,601,4,graduation gift v
graduation gift watch for him,5,1,601,7,graduation gift w
graduation gift year 6,4,1,601,1,graduation gift y
graduation gifts 2026 for her,5,1,601,1,graduation gift 2026
graduation gifts 2027,3,1,601,1,graduation gift 2027
graduation gifts free shipping,4,1,601,1,graduation gift free
graduation gifts online sri lanka,5,1,601,1,graduation gift online
holi poses ideas for girl at home,7,1,601,1,holi gift for girlfriend a
holi poses ideas for girl in saree,7,1,601,1,holi gift for girlfriend in
holi poses ideas for girl with friends,7,1,601,1,holi gift for girlfriend w
housewarming gift as per vastu,5,1,601,2,housewarming gift a
housewarming gift bag,3,1,601,3,housewarming gift b
housewarming gift best friend,4,1,601,1,housewarming gift best
housewarming gift card ideas,4,1,601,6,housewarming gift c
housewarming gift decor,3,1,601,6,housewarming gift d
housewarming gift etsy,3,1,601,2,housewarming gift e
housewarming gift example,3,1,601,1,housewarming gift template
housewarming gift gift card,4,1,601,2,housewarming gift g
housewarming gift hendersons moonlight peaks,5,1,601,3,housewarming gift h
housewarming gift in spanish,4,1,601,4,housewarming gift in
housewarming gift jewish home,4,1,601,3,housewarming gift j
housewarming gift list,3,1,601,3,housewarming gift l
housewarming gift moonlight peaks,4,1,601,5,housewarming gift m
housewarming gift nearby,3,1,601,3,housewarming gift n
housewarming gift packing ideas,4,1,601,3,housewarming gift p
housewarming gift quirky,3,1,601,2,housewarming gift q
housewarming gift registry amazon,4,1,601,4,housewarming gift r
housewarming gift set,3,1,601,3,housewarming gift s
housewarming gift tissue,3,1,601,6,housewarming gift t
housewarming gift under $50,4,1,601,4,housewarming gift u
housewarming gift voucher,3,1,601,2,housewarming gift v
housewarming gift with meaning,4,1,601,2,housewarming gift with
housewarming gift writing,3,1,601,2,housewarming gift w
housewarming gift young couple,4,1,601,1,housewarming gift y
housewarming gift zepto,3,1,601,1,housewarming gift z
housewarming gifts india,3,1,601,3,housewarming gift
housewarming gifts online india,4,1,601,1,housewarming gift online
housewarming xmas gift,3,1,601,1,housewarming gift x
is engagement gifts a thing,5,1,601,1,is it engagement gift
is it bouquet of flowers,5,1,601,1,is it bouquet for
luxury diwali gift for wife,5,1,601,1,diwali gift for wife l
new home gift 2026,4,1,601,1,housewarming gift 2026
wedding bouquet for bride 2026,5,1,601,1,bouquet for 2026
when forsythia flowers,3,1,601,1,when bouquet for
when to give engagement gifts,5,1,601,1,when engagement gift
when to give graduation gift,5,1,601,1,when graduation gift
when to give housewarming gifts,5,1,601,1,when housewarming gift
where can i buy engagement gifts,6,1,601,1,can i engagement gift
where can i buy graduation gifts near me,8,1,601,1,can i graduation gift
where can i buy housewarming gifts,6,1,601,1,can i housewarming gift
which companies send graduation gifts,5,1,601,1,which graduation gift
which flowers for funeral,4,1,601,3,which bouquet for
why bouquets for prom,4,1,601,1,why bouquet for
2027 graduation gift ideas,4,1,600,2,graduation gift 2027
best engagement gift 2026,4,1,600,2,engagement gift 2026
best housewarming gift 2026,4,1,600,2,housewarming gift 2026
bouquet app,2,1,600,2,bouquet for app
bouquet for an ugly girl,5,1,600,3,bouquet for a
bouquet for birthday online,4,1,600,2,bouquet for online
bouquet for car decoration,4,1,600,6,bouquet for c
bouquet for doctors day,4,1,600,9,bouquet for d
bouquet for elderly,3,1,600,4,bouquet for e
bouquet for father,3,1,600,6,bouquet for f
bouquet for guest,3,1,600,7,bouquet for g
bouquet for her birthday,4,1,600,5,bouquet for h
bouquet for judy cyberpunk,4,1,600,2,bouquet for j
bouquet for klara,3,1,600,6,bouquet for k
bouquet for little girl,4,1,600,5,bouquet for l
bouquet for man,3,1,600,4,bouquet for m
bouquet for new baby,4,1,600,6,bouquet for n
bouquet for opening shop,4,1,600,6,bouquet for o
bouquet for pink dress,4,1,600,8,bouquet for p
bouquet for queen,3,1,600,3,bouquet for q
bouquet for roka,3,1,600,6,bouquet for r
bouquet for school,3,1,600,6,bouquet for s
bouquet for the blessed hsr code,6,1,600,5,bouquet for t
bouquet for ugly girl,4,1,600,2,bouquet for u
bouquet for virgin mary wedding,5,1,600,2,bouquet for v
bouquet for wedding anniversary,4,1,600,7,bouquet for w
bouquet for yellow prom dress,5,1,600,4,bouquet for y
bouquet ideas for men,4,1,600,4,bouquet for i
bouquet maker online,3,1,600,2,bouquet for maker
bouquet of forget me not,5,1,600,2,bouquet for for
bouquet template printable,3,1,600,2,bouquet for template
bouquet without wrapping,3,1,600,2,bouquet for without
bouquet x bowling ball,4,1,600,2,bouquet for x
bouquet zara,2,1,600,2,bouquet for z
bridal bouquet trends for 2026,5,1,600,2,bouquet for 2026
can i order flowers for delivery,6,1,600,2,can i bouquet for
digital bouquet for free,4,1,600,2,bouquet for free
diwali gift for a friend,5,1,600,2,diwali gift for wife a
diwali gift for corporate clients,5,1,600,2,diwali gift for wife c
diwali gift for daughter,4,1,600,2,diwali gift for wife d
diwali gift for employees,4,1,600,2,diwali gift for wife e
diwali gift for free,4,1,600,1,diwali gift for wife free
diwali gift for friends,4,1,600,2,diwali gift for wife f
diwali gift for girlfriend,4,1,600,2,diwali gift for wife g
diwali gift for juniors,4,1,600,1,diwali gift for wife j
diwali gift for kids girls,5,1,600,2,diwali gift for wife k
diwali gift for labour,4,1,600,2,diwali gift for wife l
diwali gift for retailers,4,1,600,2,diwali gift for wife r
diwali gift for teachers,4,1,600,2,diwali gift for wife t
diwali gift for vendors,4,1,600,2,diwali gift for wife v
diwali gift for wife nearby,5,1,600,2,diwali gift for wife n
diwali gift for wife under 200,6,1,600,2,diwali gift for wife u
diwali gift for workers,4,1,600,2,diwali gift for wife w
diwali gift form by google,5,1,600,2,diwali gift for wife for
diwali gift hamper for wife,5,1,600,2,diwali gift for wife h
diwali gift suggestions for wife,5,1,600,2,diwali gift for wife s
diy engagement gifts,3,1,600,2,engagement gift maker
do you buy someone a graduation gift,7,1,600,2,who graduation gift
engagement best gift for girl,5,1,600,3,engagement gift best
engagement gift box for bride,5,1,600,4,engagement gift b
engagement gift by post,4,1,600,3,engagement gift y
engagement gift card message,4,1,600,6,engagement gift c
engagement gift card template,4,1,600,2,engagement gift template
engagement gift dry fruits,4,1,600,5,engagement gift d
engagement gift easy,3,1,600,5,engagement gift e
engagement gift glasses,3,1,600,3,engagement gift g
engagement gift hamper for men,5,1,600,5,engagement gift h
engagement gift inspo,3,1,600,3,engagement gift in
engagement gift kya hona chahie,5,1,600,4,engagement gift k
engagement gift london,3,1,600,4,engagement gift l
engagement gift map,3,1,600,3,engagement gift m
engagement gift new zealand,4,1,600,2,engagement gift z
engagement gift next day delivery,5,1,600,3,engagement gift n
engagement gift packing box,4,1,600,5,engagement gift p
engagement gift quirky,3,1,600,4,engagement gift q
engagement gift revolve,3,1,600,6,engagement gift r
engagement gift set for men,5,1,600,7,engagement gift s
engagement gift to couple,4,1,600,7,engagement gift t
engagement gift vase,3,1,600,4,engagement gift v
engagement gift women,3,1,600,5,engagement gift w
engagement gifts anthropologie,3,1,600,5,engagement gift a
engagement party appropriate gift,4,1,600,2,engagement gift app
flower bouquet for best friend,5,1,600,4,bouquet for best
flowers for instagram,3,1,600,4,bouquet for in
free engagement gift,3,1,600,2,engagement gift free
gift for wife on diwali padwa,6,1,600,2,diwali gift for wife o
graduation flower bouquet ideas,4,1,600,2,bouquet for 2027
graduation gift amount for family friend,6,1,600,4,graduation gift a
graduation gift apple,3,1,600,2,graduation gift app
graduation gift bag ideas,4,1,600,6,graduation gift b
graduation gift bestie,3,1,600,2,graduation gift best
graduation gift card ideas,4,1,600,4,graduation gift c
graduation gift diy ideas,4,1,600,7,graduation gift d
graduation gift elementary,3,1,600,6,graduation gift e
graduation gift girlfriend,3,1,600,5,graduation gift g
graduation gift hamper,3,1,600,3,graduation gift h
graduation gift in philippines,4,1,600,7,graduation gift in
graduation gift kmart,3,1,600,7,graduation gift k
graduation gift last minute,4,1,600,7,graduation gift l
graduation gift middle school,4,1,600,6,graduation gift m
graduation gift next day delivery,5,1,600,5,graduation gift n
graduation gift not on the high street,7,1,600,2,graduation gift without
graduation gift pen,3,1,600,4,graduation gift p
graduation gift questionnaire,3,1,600,4,graduation gift q
graduation gift reddit,3,1,600,3,graduation gift r
graduation gift son,3,1,600,6,graduation gift s
graduation gift video,3,1,600,5,graduation gift v
graduation gift website,3,1,600,8,graduation gift w
graduation gift with candy,4,1,600,3,graduation gift with
graduation gift year 12,4,1,600,2,graduation gift y
graduation gifts 2026 for him,5,1,600,2,graduation gift 2026
graduation gifts from companies in india,6,1,600,9,graduation gift
graduation gifts new zealand,4,1,600,2,graduation gift z
graduation gifts online pakistan,4,1,600,2,graduation gift online
holi ideas for baby girl,5,1,600,2,holi gift for girlfriend b
holi outfit ideas for women 2026,6,1,600,1,holi gift for girlfriend 2026
holi photoshoot ideas for girl at home,7,1,600,2,holi gift for girlfriend a
holi photoshoot ideas for girl in saree,7,1,600,2,holi gift for girlfriend in
holistic gift ideas for her,5,1,600,2,holi gift for girlfriend h
housewarming gift australia,3,1,600,3,housewarming gift a
housewarming gift basket ideas,4,1,600,4,housewarming gift b
housewarming gift crate and barrel,5,1,600,7,housewarming gift c
housewarming gift dinner set,4,1,600,7,housewarming gift d
housewarming gift etiquette,3,1,600,3,housewarming gift e
housewarming gift for family,4,1,600,9,housewarming gift for
housewarming gift for young women,5,1,600,2,housewarming gift y
housewarming gift guy,3,1,600,3,housewarming gift g
housewarming gift hk,3,1,600,4,housewarming gift h
housewarming gift ideas appliances,4,1,600,3,housewarming gift app
housewarming gift indian,3,1,600,5,housewarming gift in
housewarming gift jewish,3,1,600,4,housewarming gift j
housewarming gift kmart,3,1,600,2,housewarming gift k
housewarming gift luxury,3,1,600,4,housewarming gift l
housewarming gift man,3,1,600,6,housewarming gift m
housewarming gift new zealand,4,1,600,2,housewarming gift z
housewarming gift nz,3,1,600,4,housewarming gift n
housewarming gift plant,3,1,600,4,housewarming gift p
housewarming gift quick,3,1,600,3,housewarming gift q
housewarming gift rs3,3,1,600,5,housewarming gift r
housewarming gift silver,3,1,600,4,housewarming gift s
housewarming gift toilet paper,4,1,600,7,housewarming gift t
housewarming gift uk,3,1,600,5,housewarming gift u
housewarming gift vietnamese,3,1,600,3,housewarming gift v
housewarming gift walmart,3,1,600,3,housewarming gift w
housewarming gift with kids,4,1,600,3,housewarming gift with
housewarming gifts best buy,4,1,600,2,housewarming gift best
housewarming gifts for friends,4,1,600,4,housewarming gift
housewarming gifts gluten free,4,1,600,2,housewarming gift free
how to wrap housewarming gift,5,1,600,2,how housewarming gift
lego graduation gift free,4,1,600,2,graduation gift free
new home gift online,4,1,600,2,housewarming gift online
new home xmas gift,4,1,600,2,housewarming gift x
what are engagement gift ideas,5,1,600,3,what engagement gift
what are graduation gift ideas,5,1,600,3,what graduation gift
what engagement gift,3,1,600,2,how engagement gift
what housewarming gift to get,5,1,600,2,what housewarming gift
when did bouquets for prom start,6,1,600,2,when bouquet for
when to buy a housewarming gift,6,1,600,2,when housewarming gift
where can i buy engagement gifts near me,8,1,600,2,can i engagement gift
where can i buy graduation gifts,6,1,600,2,can i graduation gift
where can i buy housewarming gifts near me,8,1,600,2,can i housewarming gift
which companies give graduation gifts,5,1,600,2,which graduation gift
which flowers for panam,4,1,600,4,which bouquet for
why flowers for algernon was banned,6,1,600,2,why bouquet for
bouquet for july,3,1,562,3,bouquet for j
bouquet for ugly girl anime,5,1,562,3,bouquet for u
bouquet for virgin mary quinceanera,5,1,562,3,bouquet for v
bouquet maker near me,4,1,562,3,bouquet for maker
bouquet online delivery,3,1,562,3,bouquet for online
bouquet without flower,3,1,562,3,bouquet for without
bouquet xl,2,1,562,3,bouquet for x
bouquet zara perfume,3,1,562,3,bouquet for z
digi bouquet for free,4,1,562,3,bouquet for free
diwali gift for corporate,4,1,562,3,diwali gift for wife c
diwali gift for employees under 500,6,1,562,3,diwali gift for wife e
diwali gift for family,4,1,562,3,diwali gift for wife f
diwali gift for husband,4,1,562,3,diwali gift for wife h
diwali gift for ladies,4,1,562,3,diwali gift for wife l
diwali gift for neighbors,4,1,562,3,diwali gift for wife n
diwali gift for sister,4,1,562,3,diwali gift for wife s
engagement gift with location,4,1,562,3,engagement gift with
gift for wife on diwali,5,1,562,3,diwali gift for wife o
graduation appreciation gift,3,1,562,3,graduation gift app
graduation gift card template,4,1,562,3,graduation gift template
graduation gift year 6 boy,5,1,562,3,graduation gift y
graduation gifts 2026 high school,5,1,562,3,graduation gift 2026
graduation online gift cards,4,1,562,3,graduation gift online
housewarming gift korea,3,1,562,3,housewarming gift k
housewarming gift young family,4,1,562,3,housewarming gift y
what are housewarming gift ideas,5,1,562,3,what housewarming gift
what graduation gift,3,1,562,3,how graduation gift
bouquet for artist,3,1,561,4,bouquet for a
bouquet for ugly girl manga,5,1,561,4,bouquet for u
bouquet for valentine's,3,1,561,4,bouquet for v
bouquet freesia,2,1,561,4,bouquet for free
bouquet maker online free,4,1,561,4,bouquet for maker
bouquet online order,3,1,561,4,bouquet for online
bouquet quotes for instagram,4,1,561,4,bouquet for q
bouquet without wrapping paper,4,1,561,4,bouquet for without
bouquet x rikuo,3,1,561,4,bouquet for x
bouquet zinnia,2,1,561,4,bouquet for z
diwali gift for boyfriend,4,1,561,4,diwali gift for wife b
diwali gift for customers,4,1,561,4,diwali gift for wife c
diwali gift for employees under 300,6,1,561,4,diwali gift for wife e
diwali gift for father,4,1,561,4,diwali gift for wife f
diwali gift for him,4,1,561,4,diwali gift for wife h
diwali gift for labour under 500,6,1,561,4,diwali gift for wife l
diwali gift for men,4,1,561,4,diwali gift for wife m
diwali gift for nation,4,1,561,4,diwali gift for wife n
diwali gift for staff,4,1,561,4,diwali gift for wife s
diwali gift for team members,5,1,561,3,diwali gift for wife t
diwali gift options for wife,5,1,561,4,diwali gift for wife o
engagement best gift for wife,5,1,561,4,engagement gift best
engagement gift delivery uk,4,1,561,3,engagement gift online
engagement gift gay couple,4,1,561,4,engagement gift g
engagement gift indigo,3,1,561,4,engagement gift in
engagement gift mugs,3,1,561,4,engagement gift m
engagement gift nearby,3,1,561,4,engagement gift n
engagement gift with champagne,4,1,561,4,engagement gift with
first holi gift for baby girl,6,1,561,3,holi gift for girlfriend b
graduation gift for young men,5,1,561,4,graduation gift y
graduation gift residency,3,1,561,4,graduation gift r
graduation gift tag template,4,1,561,4,graduation gift template
graduation gift with flowers,4,1,561,4,graduation gift with
graduation gifts 2026 girl,4,1,561,4,graduation gift 2026
housewarming best gift for griha pravesh,6,1,561,3,housewarming gift best
housewarming gift amount,3,1,561,4,housewarming gift a
housewarming gift expensive,3,1,561,4,housewarming gift e
housewarming gift girlfriend,3,1,561,4,housewarming gift g
housewarming gift kitchen,3,1,561,4,housewarming gift k
housewarming gift vase,3,1,561,4,housewarming gift v
housewarming gift wine,3,1,561,4,housewarming gift w
housewarming gift with wine,4,1,561,4,housewarming gift with
housewarming gift you can take on a plane,8,1,561,4,housewarming gift y
how much graduation gift high school,6,1,561,4,how graduation gift
sephora graduation gift free,4,1,561,4,graduation gift free
teacher graduation appreciation gift,4,1,561,4,graduation gift app
what good graduation gift,4,1,561,4,what graduation gift
what's best housewarming gift,4,1,561,4,what housewarming gift
what's good engagement gift,4,1,561,4,what engagement gift
appropriate graduation gift,3,1,560,5,graduation gift app
bouquet appetit,2,1,560,3,bouquet for app
bouquet for airport,3,1,560,5,bouquet for a
bouquet for engagement pinterest,4,1,560,5,bouquet for e
bouquet for marriage,3,1,560,5,bouquet for m
bouquet for ugly,3,1,560,5,bouquet for u
bouquet free delivery,3,1,560,5,bouquet for free
bouquet ideas for birthday,4,1,560,5,bouquet for i
bouquet maker website,3,1,560,5,bouquet for maker
bouquet online maker,3,1,560,5,bouquet for online
bouquet quotes for love,4,1,560,5,bouquet for q
bouquet without paper,3,1,560,5,bouquet for without
bouquet xerjoff,2,1,560,5,bouquet for x
bouquet zoflora,2,1,560,5,bouquet for z
carole bouquet for your eyes only,6,1,560,5,bouquet for y
diwali gift for boss,4,1,560,5,diwali gift for wife b
diwali gift for colleague,4,1,560,5,diwali gift for wife c
diwali gift for employees under 200,6,1,560,5,diwali gift for wife e
diwali gift for fiance,4,1,560,5,diwali gift for wife f
diwali gift for her,4,1,560,5,diwali gift for wife h
diwali gift for labour in india,6,1,560,5,diwali gift for wife l
diwali gift for mom,4,1,560,5,diwali gift for wife m
diwali gift for new born,5,1,560,5,diwali gift for wife n
diwali gift for office staff,5,1,560,5,diwali gift for wife o
diwali gift for students by google,6,1,560,5,diwali gift for wife s
diwali gift for team,4,1,560,4,diwali gift for wife t
diwali padwa gift for wife in india,7,1,560,5,diwali gift for wife p
engagement best gift ideas,4,1,560,5,engagement gift best
engagement gift blinkit,3,1,560,5,engagement gift b
engagement gift by mail,4,1,560,5,engagement gift y
engagement gift delivery sydney,4,1,560,4,engagement gift online
engagement gift groom,3,1,560,5,engagement gift g
engagement gift instead of ring,5,1,560,5,engagement gift in
engagement gift keepsake,3,1,560,5,engagement gift k
engagement gift location map,4,1,560,5,engagement gift l
engagement gift men,3,1,560,5,engagement gift m
engagement gift nyc,3,1,560,5,engagement gift n
engagement gift vancouver,3,1,560,5,engagement gift v
engagement gift with dog,4,1,560,5,engagement gift with
flower bouquet for january,4,1,560,5,bouquet for j
flowers for india,3,1,560,5,bouquet for in
graduation 2026 gift ideas,4,1,560,5,graduation gift 2026
graduation gift box template,4,1,560,5,graduation gift template
graduation gift card book ideas,5,1,560,5,graduation gift c
graduation gift high school girl,5,1,560,4,graduation gift h
graduation gift phd,3,1,560,5,graduation gift p
graduation gift ring,3,1,560,5,graduation gift r
graduation gift with photo,4,1,560,5,graduation gift with
graduation gift year 12 boy,5,1,560,5,graduation gift y
holi photoshoot ideas for girl baby,6,1,560,4,holi gift for girlfriend b
housewarming best gift ideas,4,1,560,4,housewarming gift best
housewarming gift after divorce,4,1,560,5,housewarming gift a
housewarming gift box,3,1,560,5,housewarming gift b
housewarming gift essentials,3,1,560,5,housewarming gift e
housewarming gift hobby lobby,4,1,560,5,housewarming gift h
housewarming gift jo malone,4,1,560,5,housewarming gift j
housewarming gift kids,3,1,560,5,housewarming gift k
housewarming gift last minute,4,1,560,5,housewarming gift l
housewarming gift new neighbor,4,1,560,5,housewarming gift n
housewarming gift personalized,3,1,560,5,housewarming gift p
housewarming gift shop,3,1,560,5,housewarming gift s
housewarming gift value,3,1,560,5,housewarming gift v
housewarming gift with cutting board,5,1,560,5,housewarming gift with
housewarming gift wrap,3,1,560,5,housewarming gift w
housewarming gift young man,4,1,560,5,housewarming gift y
housewarming gifts good luck,4,1,560,5,housewarming gift g
how much graduation gift college,5,1,560,5,how graduation gift
takis graduation gift free,4,1,560,5,graduation gift free
valentine's day bouquet,3,1,560,5,bouquet for v
what are graduation gifts for boys,6,1,560,5,what graduation gift
what's a good engagement gift for a couple,8,1,560,5,what engagement gift
what's a nice housewarming gift,5,1,560,5,what housewarming gift
which flowers for sympathy,4,1,560,5,which bouquet for
a bouquet for you website,5,1,559,6,bouquet for y
appropriate graduation gift for friends son,6,1,559,6,graduation gift app
bouquet application,2,1,559,4,bouquet for app
bouquet for a girl,4,1,559,6,bouquet for a
bouquet for elopement,3,1,559,6,bouquet for e
bouquet for happy birthday,4,1,559,6,bouquet for h
bouquet for lace wedding dress,5,1,559,6,bouquet for l
bouquet for men pinterest,4,1,559,6,bouquet for m
bouquet for the bride,4,1,559,6,bouquet for t
bouquet for umrah,3,1,559,6,bouquet for u
bouquet for virgin mary,4,1,559,6,bouquet for v
bouquet freesia flower,3,1,559,6,bouquet for free
bouquet how to pronounce,4,1,559,6,how bouquet for
bouquet images for birthday,4,1,559,6,bouquet for i
bouquet maker game,3,1,559,6,bouquet for maker
bouquet online delivery near me,5,1,559,6,bouquet for online
bouquet quotes for her,4,1,559,6,bouquet for q
bouquet without background,3,1,559,6,bouquet for without
bouquet xv,2,1,559,6,bouquet for x
bouquet zimaya,2,1,559,6,bouquet for z
crocs graduation gift free,4,1,559,6,graduation gift free
diwali gift for boys,4,1,559,6,diwali gift for wife b
diwali gift for children,4,1,559,6,diwali gift for wife c
diwali gift for employees ideas,5,1,559,6,diwali gift for wife e
diwali gift for family members,5,1,559,6,diwali gift for wife f
diwali gift for husband unique,5,1,559,6,diwali gift for wife h
diwali gift for love,4,1,559,6,diwali gift for wife l
diwali gift for maid,4,1,559,6,diwali gift for wife m
diwali gift for nation gst,5,1,559,6,diwali gift for wife n
diwali gift for office employees,5,1,559,6,diwali gift for wife o
diwali gift for students,4,1,559,6,diwali gift for wife s
diwali gift for tcs employees,5,1,559,5,diwali gift for wife t
engagement best gift for men,5,1,559,6,engagement gift best
engagement gift box for men,5,1,559,6,engagement gift b
engagement gift delivery perth,4,1,559,5,engagement gift online
engagement gift embroidered,3,1,559,6,engagement gift e
engagement gift gay men,4,1,559,6,engagement gift g
engagement gift indian,3,1,559,6,engagement gift in
engagement gift kit,3,1,559,6,engagement gift k
engagement gift last minute,4,1,559,6,engagement gift l
engagement gift m&s,3,1,559,6,engagement gift m
engagement gift nz,3,1,559,6,engagement gift n
engagement gift packing for groom,5,1,559,6,engagement gift p
engagement gift value,3,1,559,6,engagement gift v
engagement gift wine,3,1,559,6,engagement gift w
engagement gift with map,4,1,559,6,engagement gift with
engagement gifts asda,3,1,559,6,engagement gift a
flower bouquet for july,4,1,559,6,bouquet for j
flowers for in the shade,5,1,559,6,bouquet for in
graduation 2026 gift bag,4,1,559,6,graduation gift 2026
graduation gift amount high school,5,1,559,6,graduation gift a
graduation gift bag template,4,1,559,6,graduation gift template
graduation gift card holder,4,1,559,6,graduation gift c
graduation gift delivery sydney,4,1,559,6,graduation gift online
graduation gift granddaughter,3,1,559,6,graduation gift g
graduation gift high school boy,5,1,559,5,graduation gift h
graduation gift of money,4,1,559,6,graduation gift o
graduation gift personalised,3,1,559,6,graduation gift p
graduation gift reddit ph,4,1,559,6,graduation gift r
graduation gift uk,3,1,559,6,graduation gift u
graduation gift vet,3,1,559,6,graduation gift v
graduation gift with balloon,4,1,559,6,graduation gift with
graduation gifts year 6 australia,5,1,559,6,graduation gift y
housewarming gift apartment,3,1,559,6,housewarming gift a
housewarming gift bread salt wine,5,1,559,6,housewarming gift b
housewarming gift examples,3,1,559,6,housewarming gift e
housewarming gift homesense,3,1,559,6,housewarming gift h
housewarming gift in french,4,1,559,6,housewarming gift in
housewarming gift jb hi fi,5,1,559,6,housewarming gift j
housewarming gift kerala,3,1,559,6,housewarming gift k
housewarming gift letter,3,1,559,6,housewarming gift l
housewarming gift not alcohol,4,1,559,6,housewarming gift n
housewarming gift price range,4,1,559,6,housewarming gift p
housewarming gift registry list,4,1,559,6,housewarming gift r
housewarming gift store near me,5,1,559,6,housewarming gift s
housewarming gift under 100,4,1,559,6,housewarming gift u
housewarming gift via mail,4,1,559,6,housewarming gift v
housewarming gift with champagne,4,1,559,6,housewarming gift with
housewarming gift wrapping paper,4,1,559,6,housewarming gift w
housewarming gift you can travel with,6,1,559,6,housewarming gift y
housewarming gifts girls,3,1,559,6,housewarming gift g
housewarming gifts under 5000,4,1,559,6,housewarming gift
how much graduation gift nephew,5,1,559,6,how graduation gift
how to pack engagement gift,5,1,559,4,how engagement gift
new home gift best friend,5,1,559,5,housewarming gift best
what companies send graduation gifts,5,1,559,6,what graduation gift
what's a good housewarming gift for a man,8,1,559,6,what housewarming gift
what's an appropriate engagement gift,5,1,559,6,what engagement gift
which flowers for condolences,4,1,559,6,which bouquet for
aa bouquet for your 180 face,6,1,558,7,bouquet for y
appropriate graduation gift for niece,5,1,558,7,graduation gift app
bouquet apple,2,1,558,5,bouquet for app
bouquet for a friend,4,1,558,7,bouquet for a
bouquet for boys birthday,4,1,558,7,bouquet for b
bouquet for congratulations,3,1,558,7,bouquet for c
bouquet for eid,3,1,558,7,bouquet for e
bouquet for farewell,3,1,558,7,bouquet for f
bouquet for him ideas,4,1,558,7,bouquet for h
bouquet for kindergarten graduation,4,1,558,7,bouquet for k
bouquet for lady,3,1,558,7,bouquet for l
bouquet for men ideas,4,1,558,7,bouquet for m
bouquet for nikkah,3,1,558,7,bouquet for n
bouquet for older women,4,1,558,7,bouquet for o
bouquet for retirement function,4,1,558,7,bouquet for r
bouquet for sale near me,5,1,558,7,bouquet for s
bouquet for theater performance,4,1,558,7,bouquet for t
bouquet for ugly girl mal,5,1,558,7,bouquet for u
bouquet for vase,3,1,558,7,bouquet for v
bouquet free download,3,1,558,7,bouquet for free
bouquet how to make,4,1,558,7,how bouquet for
bouquet ideas for wedding,4,1,558,7,bouquet for i
bouquet maker tool,3,1,558,7,bouquet for maker
bouquet online website,3,1,558,7,bouquet for online
bouquet quotes for him,4,1,558,7,bouquet for q
bouquet without vase,3,1,558,7,bouquet for without
bouquet zepto blinkit,3,1,558,7,bouquet for z
crochet graduation gifts free pattern,5,1,558,7,graduation gift free
diwali gift for brother,4,1,558,7,diwali gift for wife b
diwali gift for corporate employees,5,1,558,7,diwali gift for wife c
diwali gift for employees under 2000 in india,8,1,558,7,diwali gift for wife e
diwali gift for female friend,5,1,558,7,diwali gift for wife f
diwali gift for girls,4,1,558,3,diwali gift for wife g
diwali gift for home,4,1,558,7,diwali gift for wife h
diwali gift for kids boys,5,1,558,3,diwali gift for wife k
diwali gift for labour under 1000,6,1,558,7,diwali gift for wife l
diwali gift for mother in law,6,1,558,7,diwali gift for wife m
diwali gift for newly married couple,6,1,558,7,diwali gift for wife n
diwali gift for office,4,1,558,7,diwali gift for wife o
diwali gift for staff under 500,6,1,558,7,diwali gift for wife s
diwali gift for toddler,4,1,558,6,diwali gift for wife t
engagement gift box ideas,4,1,558,7,engagement gift b
engagement gift champagne,3,1,558,7,engagement gift c
engagement gift daughter,3,1,558,7,engagement gift d
engagement gift delivery london,4,1,558,6,engagement gift online
engagement gift for your best friend,6,1,558,7,engagement gift y
engagement gift golf,3,1,558,7,engagement gift g
engagement gift kitchen,3,1,558,7,engagement gift k
engagement gift lesbian couple,4,1,558,7,engagement gift l
engagement gift money,3,1,558,7,engagement gift m
engagement gift packing material,4,1,558,7,engagement gift p
engagement gift ring box,4,1,558,7,engagement gift r
engagement gift via post,4,1,558,7,engagement gift v
engagement gift white company,4,1,558,7,engagement gift w
engagement gift with coordinates,4,1,558,7,engagement gift with
engagement gifts argos,3,1,558,7,engagement gift a
engagement gifts in the post,5,1,558,7,engagement gift in
engagement party gift etiquette,4,1,558,7,engagement gift e
flower bouquet for best friend birthday,6,1,558,5,bouquet for best
flowers for in house,4,1,558,7,bouquet for in
grad 2026 gift ideas,4,1,558,7,graduation gift 2026
graduation gift amount college,4,1,558,7,graduation gift a
graduation gift box ideas,4,1,558,7,graduation gift b
graduation gift card box,4,1,558,7,graduation gift c
graduation gift delivery melbourne,4,1,558,7,graduation gift online
graduation gift engraving ideas,4,1,558,7,graduation gift e
graduation gift for best friend girl,6,1,558,3,graduation gift best
graduation gift going to college,5,1,558,7,graduation gift g
graduation gift how much to give,6,1,558,6,graduation gift h
graduation gift john lewis,4,1,558,7,graduation gift j
graduation gift masters degree,4,1,558,7,graduation gift m
graduation gift niece,3,1,558,6,graduation gift n
graduation gift online,3,1,558,7,graduation gift o
graduation gift pre k,4,1,558,7,graduation gift p
graduation gift recommendation,3,1,558,7,graduation gift r
graduation gift stores near me,5,1,558,7,graduation gift s
graduation gift university,3,1,558,7,graduation gift u
graduation gift with cash,4,1,558,7,graduation gift with
graduation gifts you can make,5,1,558,7,graduation gift y
holi gift for 1 year baby girl,7,1,558,6,holi gift for girlfriend b
housewarming gift alcohol,3,1,558,7,housewarming gift a
housewarming gift basket for family,5,1,558,7,housewarming gift b
housewarming gift easy,3,1,558,7,housewarming gift e
housewarming gift for bestie,4,1,558,6,housewarming gift best
housewarming gift how much to spend,6,1,558,7,housewarming gift h
housewarming gift indian family,4,1,558,7,housewarming gift in
housewarming gift jellycat,3,1,558,7,housewarming gift j
housewarming gift key holder,4,1,558,7,housewarming gift k
housewarming gift malaysia,3,1,558,7,housewarming gift m
housewarming gift netherlands,3,1,558,7,housewarming gift n
housewarming gift package,3,1,558,7,housewarming gift p
housewarming gift reddit ph,4,1,558,7,housewarming gift r
housewarming gift sticker,3,1,558,7,housewarming gift s
housewarming gift useful,3,1,558,7,housewarming gift u
housewarming gift vintage,3,1,558,7,housewarming gift v
housewarming gift with salt,4,1,558,7,housewarming gift with
housewarming gift wrapping ideas,4,1,558,7,housewarming gift w
housewarming gifts good,3,1,558,7,housewarming gift g
housewarming gifts instant delivery,4,1,558,7,housewarming gift
housewarming gifts you can mail,5,1,558,7,housewarming gift y
how much graduation gift money,5,1,558,7,how graduation gift
how much money engagement gift,5,1,558,5,how engagement gift
wedding bouquet for june,4,1,558,7,bouquet for j
what are good graduation gifts for girls,7,1,558,7,what graduation gift
what's a good engagement gift for a friend,8,1,558,7,what engagement gift
what's a good housewarming gift for a couple,8,1,558,7,what housewarming gift
where can i find graduation gifts,6,1,558,3,can i graduation gift
which flowers for get well soon,6,1,558,7,which bouquet for
x-ray bouquet,2,1,558,7,bouquet for x
a bouquet for you manga,5,1,557,8,bouquet for y
appropriate engagement gift amount,4,1,557,3,engagement gift app
appropriate graduation gift for granddaughter,5,1,557,8,graduation gift app
bouquet appointment,2,1,557,6,bouquet for app
bouquet best,2,1,557,6,bouquet for best
bouquet for a day,4,1,557,8,bouquet for a
bouquet for birthday gift,4,1,557,8,bouquet for b
bouquet for convocation,3,1,557,8,bouquet for c
bouquet for eidi,3,1,557,8,bouquet for e
bouquet for father's birthday,4,1,557,8,bouquet for f
bouquet for girls birthday,4,1,557,8,bouquet for g
bouquet for husband anniversary,4,1,557,8,bouquet for h
bouquet for klara kingdom come,5,1,557,8,bouquet for k
bouquet for lilies,3,1,557,8,bouquet for l
bouquet for mother,3,1,557,8,bouquet for m
bouquet for ninang,3,1,557,8,bouquet for n
bouquet for one flower,4,1,557,8,bouquet for o
bouquet for ring ceremony,4,1,557,8,bouquet for r
bouquet for sweet 16,4,1,557,8,bouquet for s
bouquet for toddler,3,1,557,8,bouquet for t
bouquet for uma,3,1,557,8,bouquet for u
bouquet for vip,3,1,557,8,bouquet for v
bouquet for women birthday,4,1,557,8,bouquet for w
bouquet freepik,2,1,557,8,bouquet for free
bouquet ideas for graduation,4,1,557,8,bouquet for i
bouquet maker name,3,1,557,8,bouquet for maker
bouquet online bangalore,3,1,557,8,bouquet for online
bouquet quotes for business,4,1,557,8,bouquet for q
bouquet template free,3,1,557,3,bouquet for template
bouquet without ribbon,3,1,557,8,bouquet for without
bouquet x animatic,3,1,557,8,bouquet for x
bouquet zomato,2,1,557,8,bouquet for z
bridal bouquet for june,4,1,557,8,bouquet for j
diwali gift for bf,4,1,557,8,diwali gift for wife b
diwali gift for couple,4,1,557,8,diwali gift for wife c
diwali gift for employees under 100,6,1,557,8,diwali gift for wife e
diwali gift for factory workers,5,1,557,8,diwali gift for wife f
diwali gift for google,4,1,557,4,diwali gift for wife g
diwali gift for house help,5,1,557,8,diwali gift for wife h
diwali gift for kitchen,4,1,557,4,diwali gift for wife k
diwali gift for loved ones,5,1,557,8,diwali gift for wife l
diwali gift for manager,4,1,557,8,diwali gift for wife m
diwali gift for niece,4,1,557,8,diwali gift for wife n
diwali gift for office staff under 500,7,1,557,8,diwali gift for wife o
diwali gift for parents,4,1,557,8,diwali gift for wife p
diwali gift for staff under 1000,6,1,557,8,diwali gift for wife s
diwali gift for teenagers,4,1,557,7,diwali gift for wife t
diwali gift for your girlfriend,5,1,557,3,diwali gift for wife y
engagement gift,2,1,557,8,engagement gift n
engagement gift basket for bride,5,1,557,8,engagement gift b
engagement gift candle,3,1,557,8,engagement gift c
engagement gift delivery ireland,4,1,557,7,engagement gift online
engagement gift diy,3,1,557,8,engagement gift d
engagement gift for best friend female indian,7,1,557,8,engagement gift best
engagement gift groom to bride,5,1,557,8,engagement gift g
engagement gift ideas etsy,4,1,557,8,engagement gift e
engagement gift kate spade,4,1,557,8,engagement gift k
engagement gift location,3,1,557,8,engagement gift l
engagement gift myer,3,1,557,8,engagement gift m
engagement gift photo frame,4,1,557,8,engagement gift p
engagement gift ring tray,4,1,557,8,engagement gift r
engagement gift thank you cards,5,1,557,8,engagement gift y
engagement gift tray decoration,4,1,557,8,engagement gift t
engagement gift video,3,1,557,8,engagement gift v
engagement gift wine glasses,4,1,557,8,engagement gift w
engagement gifts at target,4,1,557,8,engagement gift a
engagement gifts for women,4,1,557,8,engagement gift
engagement gifts in nyc,4,1,557,8,engagement gift in
flowers for instagram captions,4,1,557,8,bouquet for in
funko pop graduation gift free,5,1,557,8,graduation gift free
grad 2026 gift bags,4,1,557,8,graduation gift 2026
graduation gift amount for nephew,5,1,557,8,graduation gift a
graduation gift bags near me,5,1,557,8,graduation gift b
graduation gift by post,4,1,557,8,graduation gift y
graduation gift card message,4,1,557,8,graduation gift c
graduation gift certificate template,4,1,557,8,graduation gift template
graduation gift delivery singapore,4,1,557,8,graduation gift online
graduation gift dollar tree,4,1,557,8,graduation gift d
graduation gift engineer,3,1,557,8,graduation gift e
graduation gift for best friend college,6,1,557,4,graduation gift best
graduation gift grade 6,4,1,557,8,graduation gift g
graduation gift him,3,1,557,7,graduation gift h
graduation gift in ethiopia,4,1,557,8,graduation gift in
graduation gift journal,3,1,557,8,graduation gift j
graduation gift kindergarten girl,4,1,557,8,graduation gift k
graduation gift lebanon,3,1,557,8,graduation gift l
graduation gift man,3,1,557,8,graduation gift m
graduation gift nephew,3,1,557,7,graduation gift n
graduation gift on a budget,5,1,557,8,graduation gift o
graduation gift pick up today,5,1,557,8,graduation gift p
graduation gift registry website,4,1,557,8,graduation gift r
graduation gift sri lanka,4,1,557,8,graduation gift s
graduation gift uae,3,1,557,8,graduation gift u
graduation gift vacation,3,1,557,8,graduation gift v
holi decoration ideas for baby girl,6,1,557,7,holi gift for girlfriend b
housewarming gift bag ideas,4,1,557,8,housewarming gift b
housewarming gift canada,3,1,557,8,housewarming gift c
housewarming gift dubai,3,1,557,8,housewarming gift d
housewarming gift elephant,3,1,557,8,housewarming gift e
housewarming gift how much,4,1,557,8,housewarming gift h
housewarming gift ideas best friend,5,1,557,7,housewarming gift best
housewarming gift in chinese,4,1,557,8,housewarming gift in
housewarming gift kitchen items,4,1,557,8,housewarming gift k
housewarming gift le creuset,4,1,557,8,housewarming gift l
housewarming gift message for friend,5,1,557,8,housewarming gift m
housewarming gift nyc,3,1,557,8,housewarming gift n
housewarming gift practical,3,1,557,8,housewarming gift p
housewarming gift qatar,3,1,557,4,housewarming gift q
housewarming gift religious,3,1,557,8,housewarming gift r
housewarming gift usa,3,1,557,8,housewarming gift u
housewarming gift vietnam,3,1,557,8,housewarming gift v
housewarming gift with cleaning supplies,5,1,557,8,housewarming gift with
housewarming gifts jewish tradition,4,1,557,8,housewarming gift j
housewarming gifts under ₹1000,4,1,557,8,housewarming gift
housewarming gifts you can make,5,1,557,8,housewarming gift y
how much graduation gift niece,5,1,557,8,how graduation gift
how to bouquet wrap,4,1,557,8,how bouquet for
how to wrap engagement gift,5,1,557,6,how engagement gift
new home gift good luck,5,1,557,8,housewarming gift g
what are some housewarming gifts,5,1,557,8,what housewarming gift
what are typical engagement gifts,5,1,557,8,what engagement gift
what flowers for funeral,4,1,557,8,what bouquet for
what's a good graduation gift for high school,8,1,557,8,what graduation gift
where can i get graduation gifts,6,1,557,4,can i graduation gift
which flowers for birthday,4,1,557,8,which bouquet for
appropriate engagement gift for son and fiance,7,1,556,4,engagement gift app
appropriate graduation gift for grandson,5,1,556,9,graduation gift app
bouquet best flower,3,1,556,7,bouquet for best
bouquet for a man,4,1,556,9,bouquet for a
bouquet for baby shower,4,1,556,9,bouquet for b
bouquet for couple,3,1,556,9,bouquet for c
bouquet for entourage,3,1,556,9,bouquet for e
bouquet for first date,4,1,556,9,bouquet for f
bouquet for graduation girl,4,1,556,9,bouquet for g
bouquet for husband birthday,4,1,556,9,bouquet for h
bouquet for kindergarten,3,1,556,9,bouquet for k
bouquet for logo,3,1,556,9,bouquet for l
bouquet for men under 200,5,1,556,9,bouquet for m
bouquet for nursing graduation,4,1,556,9,bouquet for n
bouquet for order,3,1,556,9,bouquet for o
bouquet for pennukanal,3,1,556,9,bouquet for p
bouquet for retirement party,4,1,556,9,bouquet for r
bouquet for someone grieving,4,1,556,9,bouquet for s
bouquet for topstar,3,1,556,9,bouquet for t
bouquet for umamusume,3,1,556,9,bouquet for u
bouquet for vegas wedding,4,1,556,9,bouquet for v
bouquet for white dress,4,1,556,9,bouquet for w
bouquet free online,3,1,556,9,bouquet for free
bouquet images for anniversary,4,1,556,9,bouquet for i
bouquet maker app,3,1,556,9,bouquet for maker
bouquet online near me,4,1,556,9,bouquet for online
bouquet template capcut,3,1,556,4,bouquet for template
bouquet without,2,1,556,9,bouquet for without
bouquet x moon,3,1,556,9,bouquet for x
bouquet zamboanga,2,1,556,9,bouquet for z
bousquet appliances,2,1,556,7,bouquet for app
can i email companies for graduation gifts,7,1,556,5,can i graduation gift
diwali gift for amazon employees,5,1,556,3,diwali gift for wife a
diwali gift for baby girl,5,1,556,9,diwali gift for wife b
diwali gift for clients ideas,5,1,556,9,diwali gift for wife c
diwali gift for employees news,5,1,556,9,diwali gift for wife e
diwali gift for friend ideas,5,1,556,9,diwali gift for wife f
diwali gift for google employees,5,1,556,5,diwali gift for wife g
diwali gift for home use,5,1,556,9,diwali gift for wife h
diwali gift for kids ideas,5,1,556,5,diwali gift for wife k
diwali gift for lover,4,1,556,9,diwali gift for wife l
diwali gift for mom and dad,6,1,556,9,diwali gift for wife m
diwali gift for newborn baby girl,6,1,556,9,diwali gift for wife n
diwali gift for office colleagues,5,1,556,9,diwali gift for wife o
diwali gift for papa,4,1,556,9,diwali gift for wife p
diwali gift for ration shop,5,1,556,3,diwali gift for wife r
diwali gift for students by google free,7,1,556,9,diwali gift for wife s
diwali gift for teenage boys,5,1,556,8,diwali gift for wife t
diwali gift for your boyfriend,5,1,556,4,diwali gift for wife y
engagement gift baskets for couples,5,1,556,9,engagement gift b
engagement gift champagne flutes,4,1,556,9,engagement gift c
engagement gift delivery vancouver,4,1,556,8,engagement gift online
engagement gift dubai,3,1,556,9,engagement gift d
engagement gift for best friend male,6,1,556,9,engagement gift best
engagement gift for employee,4,1,556,9,engagement gift e
engagement gift for your daughter,5,1,556,9,engagement gift y
engagement gift guy,3,1,556,9,engagement gift g
engagement gift hamper box,4,1,556,6,engagement gift h
engagement gift kmart,3,1,556,9,engagement gift k
engagement gift lego,3,1,556,9,engagement gift l
engagement gift melbourne,3,1,556,9,engagement gift m
engagement gift packing shop near me,6,1,556,9,engagement gift p
engagement gift quotes for friend,5,1,556,5,engagement gift q
engagement gift robes,3,1,556,9,engagement gift r
engagement gift to wife,4,1,556,9,engagement gift t
engagement gift vegan,3,1,556,9,engagement gift v
engagement gift wrapping paper,4,1,556,9,engagement gift w
engagement gifts amazon uk,4,1,556,9,engagement gift a
engagement gifts in australia,4,1,556,9,engagement gift in
flower bouquet for june,4,1,556,9,bouquet for j
flower bouquet for quinceanera,4,1,556,9,bouquet for q
flowers for indian,3,1,556,9,bouquet for in
graduation 2026 gifts near me,5,1,556,9,graduation gift 2026
graduation gift amount for great nephew,6,1,556,9,graduation gift a
graduation gift basket ideas for her,6,1,556,9,graduation gift b
graduation gift by mail,4,1,556,9,graduation gift y
graduation gift cash amount,4,1,556,9,graduation gift c
graduation gift dubai,3,1,556,9,graduation gift d
graduation gift etiquette money,4,1,556,9,graduation gift e
graduation gift for best friends daughter,6,1,556,5,graduation gift best
graduation gift guide,3,1,556,9,graduation gift g
graduation gift her,3,1,556,8,graduation gift h
graduation gift in singapore,4,1,556,9,graduation gift in
graduation gift jar,3,1,556,9,graduation gift j
graduation gift kinder,3,1,556,9,graduation gift k
graduation gift list ideas,4,1,556,9,graduation gift l
graduation gift money ideas,4,1,556,9,graduation gift m
graduation gift nz,3,1,556,8,graduation gift n
graduation gift other than flowers,5,1,556,9,graduation gift o
graduation gift pack,3,1,556,9,graduation gift p
graduation gift registry etiquette,4,1,556,9,graduation gift r
graduation gift suggestions,3,1,556,9,graduation gift s
graduation gift table ideas,4,1,556,9,graduation gift t
graduation gift unique,3,1,556,9,graduation gift u
graduation gift vpk,3,1,556,9,graduation gift v
graduation gifts quick,3,1,556,5,graduation gift q
holi photoshoot ideas for baby girl at home,8,1,556,8,holi gift for girlfriend b
housewarming gift argos,3,1,556,9,housewarming gift a
housewarming gift basket ideas for men,6,1,556,9,housewarming gift b
housewarming gift cheap,3,1,556,9,housewarming gift c
housewarming gift decoration ideas,4,1,556,9,housewarming gift d
housewarming gift delivery sydney,4,1,556,5,housewarming gift online
housewarming gift evil eye,4,1,556,9,housewarming gift e
housewarming gift hermes,3,1,556,9,housewarming gift h
housewarming gift in germany,4,1,556,9,housewarming gift in
housewarming gift kohls,3,1,556,9,housewarming gift k
housewarming gift london,3,1,556,9,housewarming gift l
housewarming gift myer,3,1,556,9,housewarming gift m
housewarming gift new home,4,1,556,9,housewarming gift n
housewarming gift pack,3,1,556,9,housewarming gift p
housewarming gift recommendation,3,1,556,9,housewarming gift r
housewarming gift suggestions,3,1,556,9,housewarming gift s
housewarming gift to give,4,1,556,9,housewarming gift g
housewarming gift unique,3,1,556,9,housewarming gift u
housewarming gift vegan,3,1,556,9,housewarming gift v
housewarming gift wishlist,3,1,556,9,housewarming gift w
housewarming gift with candle,4,1,556,9,housewarming gift with
housewarming gifts home appliances,4,1,556,4,housewarming gift app
housewarming gifts jesus,3,1,556,9,housewarming gift j
housewarming gifts quick delivery,4,1,556,5,housewarming gift q
housewarming gifts you.can sew,4,1,556,9,housewarming gift y
how much grad gift,4,1,556,9,how graduation gift
how much spend engagement gift,5,1,556,7,how engagement gift
how to spell bouquet,4,1,556,9,how bouquet for
new home best gift,4,1,556,8,housewarming gift best
what are common engagement gifts,5,1,556,9,what engagement gift
what are some housewarming gift ideas,6,1,556,9,what housewarming gift
what companies give graduation gifts,5,1,556,9,what graduation gift
what flowers for sympathy,4,1,556,9,what bouquet for
when to bouquet toss,4,1,556,3,when bouquet for
which flowers for bereavement,4,1,556,9,which bouquet for
zales graduation gift,3,1,556,3,graduation gift z
appropriate engagement gift for niece,5,1,555,5,engagement gift app
appropriate graduation gift for nephew,5,1,555,10,graduation gift app
best housewarming gift reddit,4,1,555,9,housewarming gift best
best housewarming gifts appliances,4,1,555,5,housewarming gift app
bouquet 2026 sposa,3,1,555,3,bouquet for 2026
bouquet app download,3,1,555,8,bouquet for app
bouquet best flower delivery,4,1,555,8,bouquet for best
bouquet for 1 year anniversary,5,1,555,10,bouquet for y
bouquet for an ugly girl anime,6,1,555,10,bouquet for a
bouquet for an ugly girl anime release date,8,1,555,10,bouquet for u
bouquet for boyfriend birthday,4,1,555,10,bouquet for b
bouquet for car delivery,4,1,555,10,bouquet for c
bouquet for dead body,4,1,555,10,bouquet for d
bouquet for easter,3,1,555,10,bouquet for e
bouquet for friendship,3,1,555,10,bouquet for f
bouquet for groom,3,1,555,10,bouquet for g
bouquet for hajj,3,1,555,10,bouquet for h
bouquet for kids drawing,4,1,555,10,bouquet for k
bouquet for minister,3,1,555,10,bouquet for m
bouquet for newly married couple,5,1,555,10,bouquet for n
bouquet for online,3,1,555,10,bouquet for o
bouquet for prom,3,1,555,10,bouquet for p
bouquet for rom,3,1,555,10,bouquet for r
bouquet for startimes,3,1,555,10,bouquet for s
bouquet for the virgin mary,5,1,555,10,bouquet for t
bouquet for wedding reception,4,1,555,10,bouquet for w
bouquet free 3d model,4,1,555,10,bouquet for free
bouquet ideas for mother's day,5,1,555,10,bouquet for i
bouquet jellycat,2,1,555,10,bouquet for j
bouquet maker xtream plugin,4,1,555,10,bouquet for maker
bouquet online hyderabad,3,1,555,10,bouquet for online
bouquet template free download,4,1,555,5,bouquet for template
bouquet without greenery,3,1,555,10,bouquet for without
bouquet xaló reviews,3,1,555,10,bouquet for x
bouquet zus coffee,3,1,555,10,bouquet for z
can i give a plant as housewarming gift,8,1,555,3,can i housewarming gift
diwali gift for a girl,5,1,555,4,diwali gift for wife a
diwali gift for bestie,4,1,555,6,diwali gift for wife best
diwali gift for customers under 200,6,1,555,10,diwali gift for wife c
diwali gift for employees under 2500,6,1,555,10,diwali gift for wife e
diwali gift for friends and family,6,1,555,10,diwali gift for wife f
diwali gift for girl best friend,6,1,555,6,diwali gift for wife g
diwali gift for husband ideas,5,1,555,10,diwali gift for wife h
diwali gift for kids under 10,6,1,555,6,diwali gift for wife k
diwali gift for labor,4,1,555,10,diwali gift for wife l
diwali gift for male friend,5,1,555,10,diwali gift for wife m
diwali gift for nephew,4,1,555,10,diwali gift for wife n
diwali gift for office boss,5,1,555,10,diwali gift for wife o
diwali gift for partner,4,1,555,10,diwali gift for wife p
diwali gift for rs 100,5,1,555,4,diwali gift for wife r
diwali gift for senior officer,5,1,555,10,diwali gift for wife s
diwali gift for teenage girl,5,1,555,9,diwali gift for wife t
diwali gift for younger brother,5,1,555,5,diwali gift for wife y
engagement gift baskets for women,5,1,555,10,engagement gift b
engagement gift coworker,3,1,555,10,engagement gift c
engagement gift delivery dubai,4,1,555,9,engagement gift online
engagement gift for gen z,5,1,555,3,engagement gift z
engagement gift hamper ideas for bride,6,1,555,7,engagement gift h
engagement gift how much money to give,7,1,555,8,how engagement gift
engagement gift ideas best friend,5,1,555,10,engagement gift best
engagement gift ideas easy,4,1,555,10,engagement gift e
engagement gift keepsake box,4,1,555,10,engagement gift k
engagement gift london delivery,4,1,555,10,engagement gift l
engagement gift man,3,1,555,10,engagement gift m
engagement gift not cheesy,4,1,555,3,engagement gift without
engagement gift packing ideas for bride,6,1,555,10,engagement gift p
engagement gift quick,3,1,555,6,engagement gift q
engagement gift recommendations,3,1,555,10,engagement gift r
engagement gift small,3,1,555,10,engagement gift s
engagement gift thank you card wording,6,1,555,10,engagement gift y
engagement gift thank you note template,6,1,555,3,engagement gift template
engagement gift to sister,4,1,555,10,engagement gift t
engagement gift vintage,3,1,555,10,engagement gift v
engagement gift walmart,3,1,555,10,engagement gift w
engagement gifts at hobby lobby,5,1,555,10,engagement gift a
engagement gifts greek,3,1,555,10,engagement gift g
engagement gifts inexpensive,3,1,555,10,engagement gift in
flower bouquet for little girl,5,1,555,10,bouquet for l
flower bouquet for valentine's day,5,1,555,10,bouquet for v
flowers for forest,3,1,555,3,bouquet for for
flowers for in hair,4,1,555,10,bouquet for in
graduation gift amount for neighbor,5,1,555,10,graduation gift a
graduation gift books,3,1,555,10,graduation gift b
graduation gift card quotes,4,1,555,6,graduation gift q
graduation gift college,3,1,555,10,graduation gift c
graduation gift delivery uk,4,1,555,10,graduation gift online
graduation gift dentist,3,1,555,10,graduation gift d
graduation gift electrician,3,1,555,10,graduation gift e
graduation gift going rate,4,1,555,10,graduation gift g
graduation gift hamper for her,5,1,555,9,graduation gift h
graduation gift ideas best friend,5,1,555,6,graduation gift best
graduation gift in uk,4,1,555,10,graduation gift in
graduation gift japanese,3,1,555,10,graduation gift j
graduation gift kendra scott,4,1,555,10,graduation gift k
graduation gift lawyer,3,1,555,10,graduation gift l
graduation gift meme,3,1,555,10,graduation gift m
graduation gift note,3,1,555,9,graduation gift n
graduation gift plush,3,1,555,10,graduation gift p
graduation gift registry ideas,4,1,555,10,graduation gift r
graduation gift same day delivery,5,1,555,10,graduation gift s
graduation gift vase,3,1,555,10,graduation gift v
graduation gift walgreens,3,1,555,9,graduation gift w
graduation gifts for her,4,1,555,10,graduation gift
holi photo ideas for baby girl,6,1,555,9,holi gift for girlfriend b
house warming good gift,4,1,555,10,housewarming gift g
housewarming gift asian,3,1,555,10,housewarming gift a
housewarming gift basket for men,5,1,555,10,housewarming gift b
housewarming gift couple,3,1,555,10,housewarming gift c
housewarming gift delivery uk,4,1,555,6,housewarming gift online
housewarming gift egypt,3,1,555,10,housewarming gift e
housewarming gift harry potter,4,1,555,10,housewarming gift h
housewarming gift in moonlight peaks,5,1,555,10,housewarming gift in
housewarming gift kuwait,3,1,555,10,housewarming gift k
housewarming gift lake house,4,1,555,10,housewarming gift l
housewarming gift melbourne,3,1,555,10,housewarming gift m
housewarming gift nordstrom,3,1,555,10,housewarming gift n
housewarming gift poem,3,1,555,10,housewarming gift p
housewarming gift range,3,1,555,10,housewarming gift r
housewarming gift small,3,1,555,10,housewarming gift s
housewarming gift trader joe's,4,1,555,8,housewarming gift t
housewarming gift under $30,4,1,555,10,housewarming gift u
housewarming gift vastu,3,1,555,10,housewarming gift v
housewarming gift women,3,1,555,10,housewarming gift w
housewarming gifts for men,4,1,555,10,housewarming gift
housewarming gifts jcpenney,3,1,555,10,housewarming gift j
housewarming gifts young adults,4,1,555,10,housewarming gift y
how to bouquet roses,4,1,555,10,how bouquet for
how to get graduation gifts from companies,7,1,555,10,how graduation gift
money bouquet for quinceanera,4,1,555,10,bouquet for q
new home gift quotes,4,1,555,6,housewarming gift q
popular engagement gifts 2026,4,1,555,3,engagement gift 2026
what are good graduation gifts for guys,7,1,555,10,what graduation gift
what bouquet for judy,4,1,555,3,who bouquet for
what flowers for graduation,4,1,555,10,what bouquet for
what's a good housewarming gift for someone who has everything,10,1,555,10,what housewarming gift
what's the best engagement gift,5,1,555,10,what engagement gift
when to order bouquet for wedding,6,1,555,4,when bouquet for
where can i find engagement gifts,6,1,555,3,can i engagement gift
where can i get graduation gifts near me,8,1,555,6,can i graduation gift
which companies will send graduation gifts,6,1,555,3,which graduation gift
which flowers for graduation,4,1,555,10,which bouquet for
why flowers for the dead,5,1,555,3,why bouquet for
zelda graduation gift,3,1,555,4,graduation gift z
12 roses bouquet price,4,1,554,4,bouquet for 2026
appropriate engagement gift cost best friend,6,1,554,6,engagement gift app
appropriate graduation gift for neighbor,5,1,554,11,graduation gift app
appropriate housewarming gift,3,1,554,6,housewarming gift app
best engagement gifts 2026 for couples,6,1,554,4,engagement gift 2026
best graduation gift 2026,4,1,554,11,graduation gift 2026
best housewarming gift for men,5,1,554,10,housewarming gift best
bouquet apple emoji,3,1,554,9,bouquet for app
bouquet best design,3,1,554,9,bouquet for best
bouquet for a wedding,4,1,554,11,bouquet for a
bouquet for an ugly girl reddit,6,1,554,11,bouquet for u
bouquet for baby girl,4,1,554,11,bouquet for b
bouquet for condolences,3,1,554,11,bouquet for c
bouquet for death ceremony,4,1,554,11,bouquet for d
bouquet for engagement with chocolate,5,1,554,11,bouquet for e
bouquet for flowers,3,1,554,11,bouquet for f
bouquet for guys,3,1,554,11,bouquet for g
bouquet for home,3,1,554,11,bouquet for h
bouquet for kids ideas,4,1,554,11,bouquet for k
bouquet for mother's birthday,4,1,554,11,bouquet for m
bouquet for my love,4,1,554,11,bouquet for l
bouquet for pageant,3,1,554,11,bouquet for p
bouquet for registry office wedding,5,1,554,11,bouquet for r
bouquet for sagala,3,1,554,11,bouquet for s
bouquet for thank you,4,1,554,11,bouquet for y
bouquet for traditional wedding,4,1,554,11,bouquet for t
bouquet for wedding for bride,5,1,554,4,bouquet for for
bouquet for wedding near me,5,1,554,11,bouquet for w
bouquet free images,3,1,554,11,bouquet for free
bouquet ideas for bride,4,1,554,11,bouquet for i
bouquet japan,2,1,554,11,bouquet for j
bouquet maker digital,3,1,554,11,bouquet for maker
bouquet online making,3,1,554,11,bouquet for online
bouquet without fillers,3,1,554,11,bouquet for without
bouquet x ray report,4,1,554,11,bouquet for x
bouquet z,2,1,554,11,bouquet for z
diwali gift for a family,5,1,554,5,diwali gift for wife a
diwali gift for baby boy,5,1,554,11,diwali gift for wife b
diwali gift for best friend boy,6,1,554,7,diwali gift for wife best
diwali gift for customers under 500,6,1,554,11,diwali gift for wife c
diwali gift for elder sister,5,1,554,11,diwali gift for wife e
diwali gift for father in law,6,1,554,11,diwali gift for wife f
diwali gift for google student,5,1,554,7,diwali gift for wife g
diwali gift for hospital staff,5,1,554,11,diwali gift for wife h
diwali gift for indian students by google,7,1,554,6,diwali gift for wife i
diwali gift for kids amazon,5,1,554,7,diwali gift for wife k
diwali gift for labour under 100,6,1,554,11,diwali gift for wife l
diwali gift for men under 500,6,1,554,11,diwali gift for wife m
diwali gift for newborn baby boy,6,1,554,11,diwali gift for wife n
diwali gift for old people,5,1,554,11,diwali gift for wife o
diwali gift for parents in india,6,1,554,11,diwali gift for wife p
diwali gift for restaurant employees,5,1,554,5,diwali gift for wife r
diwali gift for school teacher,5,1,554,11,diwali gift for wife s
diwali gift for the nation,5,1,554,10,diwali gift for wife t
diwali gift for younger sister,5,1,554,6,diwali gift for wife y
engagement gift bag ideas,4,1,554,11,engagement gift b
engagement gift custom,3,1,554,11,engagement gift c
engagement gift delivery new york,5,1,554,10,engagement gift online
engagement gift for best friend couple,6,1,554,11,engagement gift best
engagement gift for your fiance,5,1,554,11,engagement gift y
engagement gift hamper shop near me,6,1,554,8,engagement gift h
engagement gift high end,4,1,554,11,engagement gift e
engagement gift kohls,3,1,554,11,engagement gift k
engagement gift letterbox,3,1,554,11,engagement gift l
engagement gift message to fiance,5,1,554,11,engagement gift m
engagement gift no alcohol,4,1,554,4,engagement gift without
engagement gift packaging,3,1,554,11,engagement gift p
engagement gift qatar,3,1,554,7,engagement gift q
engagement gift rose,3,1,554,11,engagement gift r
engagement gift sister,3,1,554,11,engagement gift s
engagement gift veuve,3,1,554,11,engagement gift v
engagement gifts auckland,3,1,554,11,engagement gift a
engagement gifts gay,3,1,554,11,engagement gift g
engagement gifts in london,4,1,554,11,engagement gift in
flower bouquet for order,4,1,554,11,bouquet for o
flowers for in the garden,5,1,554,11,bouquet for in
graduation gift argos,3,1,554,11,graduation gift a
graduation gift box for her,5,1,554,11,graduation gift b
graduation gift card holder template,5,1,554,11,graduation gift template
graduation gift delivery today,4,1,554,11,graduation gift online
graduation gift design,3,1,554,11,graduation gift d
graduation gift expensive,3,1,554,11,graduation gift e
graduation gift for best friend reddit,6,1,554,7,graduation gift best
graduation gift going to high school,6,1,554,11,graduation gift g
graduation gift hallmark,3,1,554,10,graduation gift h
graduation gift in amazon,4,1,554,11,graduation gift in
graduation gift jewelry dish,4,1,554,11,graduation gift j
graduation gift kl,3,1,554,11,graduation gift k
graduation gift law student,4,1,554,11,graduation gift l
graduation gift money holder,4,1,554,11,graduation gift m
graduation gift nursery,3,1,554,10,graduation gift n
graduation gift options,3,1,554,11,graduation gift o
graduation gift philippines,3,1,554,11,graduation gift p
graduation gift registry amazon,4,1,554,11,graduation gift r
graduation gift sister,3,1,554,11,graduation gift s
graduation gift watch for her,5,1,554,10,graduation gift w
graduation gifts vogue,3,1,554,11,graduation gift v
holi dress ideas for baby girl,6,1,554,10,holi gift for girlfriend b
housewarming gift aesop,3,1,554,11,housewarming gift a
housewarming gift bundle,3,1,554,11,housewarming gift b
housewarming gift card template,4,1,554,3,housewarming gift template
housewarming gift chinese,3,1,554,11,housewarming gift c
housewarming gift delivery singapore,4,1,554,7,housewarming gift online
housewarming gift diffuser,3,1,554,11,housewarming gift d
housewarming gift envelope,3,1,554,11,housewarming gift e
housewarming gift gen z,4,1,554,3,housewarming gift z
housewarming gift home decor,4,1,554,11,housewarming gift h
housewarming gift in it's a wonderful life,7,1,554,11,housewarming gift in
housewarming gift kit,3,1,554,11,housewarming gift k
housewarming gift label,3,1,554,11,housewarming gift l
housewarming gift money,3,1,554,11,housewarming gift m
housewarming gift new homeowner,4,1,554,11,housewarming gift n
housewarming gift plant ideas,4,1,554,11,housewarming gift p
housewarming gift realtor,3,1,554,11,housewarming gift r
housewarming gift salt bread wine,5,1,554,11,housewarming gift s
housewarming gift toronto,3,1,554,9,housewarming gift t
housewarming gift under 1000,4,1,554,11,housewarming gift u
housewarming gift vogue,3,1,554,11,housewarming gift v
housewarming gift wirecutter,3,1,554,11,housewarming gift w
housewarming gifts you can send,5,1,554,11,housewarming gift y
how much cash graduation gift,5,1,554,11,how graduation gift
how to bouquet a flower,5,1,554,11,how bouquet for
new home gift jo malone,5,1,554,11,housewarming gift j
new home gift quirky,4,1,554,7,housewarming gift q
quick graduation gift ideas,4,1,554,7,graduation gift q
raising cane's graduation gift free,5,1,554,11,graduation gift free
rose bouquet for quinceanera,4,1,554,11,bouquet for q
rose bouquet for valentine's day,5,1,554,11,bouquet for v
spiritual bouquet template for kids,5,1,554,6,bouquet for template
what are good housewarming gifts for friends,7,1,554,11,what housewarming gift
what are traditional engagement gifts,5,1,554,11,what engagement gift
what can i get for a housewarming gift,8,1,554,4,can i housewarming gift
what can i give for an engagement gift,8,1,554,4,can i engagement gift
what's a good graduation gift for college,7,1,554,11,what graduation gift
when to get bouquet for wedding,6,1,554,5,when bouquet for
where can i find graduation gifts near me,8,1,554,7,can i graduation gift
which flowers for anniversary,4,1,554,11,which bouquet for
who holds the bride's bouquet,5,1,554,4,who bouquet for
why flowers for graduation,4,1,554,4,why bouquet for
zazzle.engagement gift,2,1,554,4,engagement gift z
2026 college graduation gift,4,1,553,12,graduation gift 2026
appropriate engagement gift for nephew,5,1,553,7,engagement gift app
appropriate graduation gift for high school,6,1,553,12,graduation gift app
appropriate housewarming gift for indian family,6,1,553,7,housewarming gift app
best bouquet for girlfriend,4,1,553,10,bouquet for best
best housewarming gift singapore,4,1,553,11,housewarming gift best
bouquet appdrop,2,1,553,10,bouquet for app
bouquet for an ugly girl anime where to watch,9,1,553,12,bouquet for u
bouquet for an ugly girl manga,6,1,553,12,bouquet for a
bouquet for baby boy,4,1,553,12,bouquet for b
bouquet for christian wedding,4,1,553,12,bouquet for c
bouquet for dead,3,1,553,12,bouquet for d
bouquet for female friend,4,1,553,12,bouquet for f
bouquet for girl best friend,5,1,553,12,bouquet for g
bouquet for high school graduation,5,1,553,12,bouquet for h
bouquet for kerala wedding,4,1,553,12,bouquet for k
bouquet for me lyrics ado,5,1,553,12,bouquet for l
bouquet for money,3,1,553,12,bouquet for m
bouquet for nurse,3,1,553,12,bouquet for n
bouquet for photoshoot,3,1,553,12,bouquet for p
bouquet for recital,3,1,553,12,bouquet for r
bouquet for sick person,4,1,553,12,bouquet for s
bouquet for the dead,4,1,553,12,bouquet for t
bouquet for wedding artificial,4,1,553,12,bouquet for w
bouquet freestyle,2,1,553,12,bouquet for free
bouquet how to,3,1,553,5,bouquet for for
bouquet ideas for prom,4,1,553,12,bouquet for i
bouquet jakarta,2,1,553,12,bouquet for j
bouquet maker job,3,1,553,12,bouquet for maker
bouquet of roses,3,1,553,12,bouquet for o
bouquet online delivery hyderabad,4,1,553,12,bouquet for online
bouquet without lilies,3,1,553,12,bouquet for without
bouquet xalo,2,1,553,12,bouquet for x
bouquet zurich,2,1,553,12,bouquet for z
chocolate bouquet for valentine's day,5,1,553,12,bouquet for v
diwali gift for a man,5,1,553,6,diwali gift for wife a
diwali gift for bhabhi,4,1,553,12,diwali gift for wife b
diwali gift for corporate office,5,1,553,12,diwali gift for wife c
diwali gift for dad,4,1,553,3,diwali gift for wife d
diwali gift for employees under 600,6,1,553,12,diwali gift for wife e
diwali gift for female employees,5,1,553,12,diwali gift for wife f
diwali gift for google all indians,6,1,553,8,diwali gift for wife g
diwali gift for it employees,5,1,553,7,diwali gift for wife i
diwali gift for kids under 200,6,1,553,8,diwali gift for wife k
diwali gift for little sister,5,1,553,12,diwali gift for wife l
diwali gift for my girlfriend,5,1,553,12,diwali gift for wife m
diwali gift for new bride,5,1,553,12,diwali gift for wife n
diwali gift for office meaning in hindi,7,1,553,12,diwali gift for wife o
diwali gift for political leaders,5,1,553,12,diwali gift for wife p
diwali gift for ration card,5,1,553,6,diwali gift for wife r
diwali gift for staff under 200,6,1,553,12,diwali gift for wife s
diwali gift for tcs employees 2025,6,1,553,11,diwali gift for wife t
diwali gift for workers under 500,6,1,553,3,diwali gift for wife w
diwali gift for your boss,5,1,553,7,diwali gift for wife y
diwali hostess gift,3,1,553,12,diwali gift for wife h
do you give a gift for a housewarming party,9,1,553,4,housewarming gift template
engagement gift card factory,4,1,553,12,engagement gift c
engagement gift david jones,4,1,553,12,engagement gift d
engagement gift delivery chicago,4,1,553,11,engagement gift online
engagement gift for best friend girl,6,1,553,12,engagement gift best
engagement gift hamper for guests,5,1,553,9,engagement gift h
engagement gift ideas for employee,5,1,553,12,engagement gift e
engagement gift keyring,3,1,553,12,engagement gift k
engagement gift lamp,3,1,553,12,engagement gift l
engagement gift muslim,3,1,553,12,engagement gift m
engagement gift new york,4,1,553,12,engagement gift y
engagement gift not champagne,4,1,553,5,engagement gift without
engagement gift packing ideas for boy,6,1,553,12,engagement gift p
engagement gift religious,3,1,553,12,engagement gift r
engagement gift set for couple,5,1,553,12,engagement gift s
engagement gift tag,3,1,553,12,engagement gift t
engagement gift vera wang,4,1,553,12,engagement gift v
engagement gift wedding planner,4,1,553,12,engagement gift w
engagement gifts at hallmark,4,1,553,12,engagement gift a
engagement gifts in sri lanka,5,1,553,12,engagement gift in
engagement groom gift ideas,4,1,553,12,engagement gift g
engagement party gift ideas 2026,5,1,553,5,engagement gift 2026
engagement return gift quotes,4,1,553,8,engagement gift q
first holi ideas for baby girl,6,1,553,11,holi gift for girlfriend b
flower bouquet for engagement,4,1,553,12,bouquet for e
flowers bouquet price in the philippines,6,1,553,5,bouquet for 2026
graduation gift alcohol,3,1,553,12,graduation gift a
graduation gift basket for him,5,1,553,12,graduation gift b
graduation gift card book template,5,1,553,12,graduation gift template
graduation gift daycare,3,1,553,12,graduation gift d
graduation gift delivery nyc,4,1,553,12,graduation gift online
graduation gift envelopes,3,1,553,12,graduation gift e
graduation gift for best friend boy,6,1,553,8,graduation gift best
graduation gift for friend,4,1,553,12,graduation gift for
graduation gift from red bull,5,1,553,12,graduation gift f
graduation gift grad school,4,1,553,12,graduation gift g
graduation gift how much,4,1,553,11,graduation gift h
graduation gift ideas for high school girl,7,1,553,12,graduation gift i
graduation gift james avery,4,1,553,12,graduation gift j
graduation gift kit,3,1,553,12,graduation gift k
graduation gift law,3,1,553,12,graduation gift l
graduation gift middle school boy,5,1,553,12,graduation gift m
graduation gift not flowers reddit,5,1,553,4,graduation gift without
graduation gift ottawa,3,1,553,12,graduation gift o
graduation gift photo frame,4,1,553,12,graduation gift p
graduation gift rn,3,1,553,12,graduation gift r
graduation gift small,3,1,553,12,graduation gift s
graduation gift to friend,4,1,553,12,graduation gift t
graduation gift wrapper,3,1,553,11,graduation gift w
graduation gifts in bulk,4,1,553,12,graduation gift in
graduation visa gift card,4,1,553,12,graduation gift v
housewarming gift auckland,3,1,553,12,housewarming gift a
housewarming gift budget,3,1,553,12,housewarming gift b
housewarming gift by post,4,1,553,12,housewarming gift y
housewarming gift card amount,4,1,553,12,housewarming gift c
housewarming gift delivery today,4,1,553,8,housewarming gift online
housewarming gift doormat,3,1,553,12,housewarming gift d
housewarming gift en espanol,4,1,553,12,housewarming gift e
housewarming gift horseshoe,3,1,553,12,housewarming gift h
housewarming gift ideas 2026,4,1,553,3,housewarming gift 2026
housewarming gift in korean,4,1,553,12,housewarming gift in
housewarming gift kl,3,1,553,12,housewarming gift k
housewarming gift liquor,3,1,553,12,housewarming gift l
housewarming gift mid century modern,5,1,553,12,housewarming gift m
housewarming gift perth,3,1,553,12,housewarming gift p
housewarming gift registry message,4,1,553,12,housewarming gift r
housewarming gift sale,3,1,553,12,housewarming gift s
housewarming gift that brings good luck,6,1,553,10,housewarming gift t
housewarming gift under 2000,4,1,553,12,housewarming gift u
housewarming gift what is it,5,1,553,12,housewarming gift w
housewarming gifts for good friends,5,1,553,12,housewarming gift g
housewarming gifts silver,3,1,553,12,housewarming gift
housewarming return gift quotes,4,1,553,8,housewarming gift q
how much should housewarming gift be,6,1,553,3,how housewarming gift
how to bouquet tulips,4,1,553,12,how bouquet for
how to make a simple wedding bouquet,7,1,553,7,bouquet for template
how to wrap graduation gift,5,1,553,12,how graduation gift
new home gift jellycat,4,1,553,12,housewarming gift j
new home gift voucher,4,1,553,12,housewarming gift v
new home xmas gift ideas,5,1,553,3,housewarming gift x
pink bouquet for quinceanera,4,1,553,12,bouquet for q
qut graduation gift,3,1,553,8,graduation gift q
sunflowers,1,1,553,12,bouquet for in
what are good engagement gift ideas,6,1,553,12,what engagement gift
what can i give as graduation gift,7,1,553,8,can i graduation gift
what can i give for a housewarming gift,8,1,553,5,can i housewarming gift
what flowers for condolences,4,1,553,12,what bouquet for
what is the traditional housewarming gift,6,1,553,3,when housewarming gift
what should i get for my graduation gift,8,1,553,5,which graduation gift
what to gift a high school graduation,7,1,553,6,graduation gift z
what's a good graduation gift for a boy,8,1,553,12,what graduation gift
what's a good housewarming gift for a woman,8,1,553,12,what housewarming gift
when to make bouquet for wedding,6,1,553,6,when bouquet for
who buys the bouquet for the bride,7,1,553,5,who bouquet for
why flowers for funeral,4,1,553,5,why bouquet for
zen housewarming gift,3,1,553,4,housewarming gift z
20 roses bouquet price,4,1,552,6,bouquet for 2026
apprenticeship graduation gift,3,1,552,13,graduation gift app
appropriate engagement gift for granddaughter,5,1,552,8,engagement gift app
best bouquet for birthday,4,1,552,11,bouquet for best
best diwali gift ideas for wife,6,1,552,9,diwali gift for wife best
best gift for wife for diwali,6,1,552,3,diwali gift for wife for
best housewarming gift for young couple,6,1,552,12,housewarming gift best
bouquet applique,2,1,552,11,bouquet for app
bouquet for an ugly girl characters,6,1,552,13,bouquet for u
bouquet for apology,3,1,552,13,bouquet for a
bouquet for bf,3,1,552,13,bouquet for b
bouquet for client,3,1,552,13,bouquet for c
bouquet for dance recital,4,1,552,13,bouquet for d
bouquet for felicitation,3,1,552,13,bouquet for f
bouquet for girls gift,4,1,552,13,bouquet for g
bouquet for hospital visit,4,1,552,13,bouquet for h
bouquet for kitchen,3,1,552,13,bouquet for k
bouquet for marriage anniversary,4,1,552,13,bouquet for m
bouquet for note,3,1,552,13,bouquet for n
bouquet for panam,3,1,552,13,bouquet for p
bouquet for reyna elena,4,1,552,13,bouquet for r
bouquet for senior pictures,4,1,552,13,bouquet for s
bouquet for the ladies nas,5,1,552,13,bouquet for l
bouquet for the ugly girl,5,1,552,13,bouquet for t
bouquet for wedding car,4,1,552,13,bouquet for w
bouquet free mockup,3,1,552,13,bouquet for free
bouquet ideas for engagement,4,1,552,13,bouquet for e
bouquet ideas for homecoming,4,1,552,13,bouquet for i
bouquet jewelry,2,1,552,13,bouquet for j
bouquet maker hiring mi,4,1,552,13,bouquet for maker
bouquet of lilies,3,1,552,13,bouquet for o
bouquet online blinkit,3,1,552,13,bouquet for online
bouquet without foam,3,1,552,13,bouquet for without
bouquet zantedeschia,2,1,552,13,bouquet for z
diwali gift for a female friend,6,1,552,7,diwali gift for wife a
diwali gift for bank employees,5,1,552,13,diwali gift for wife b
diwali gift for central government employees,6,1,552,13,diwali gift for wife c
diwali gift for dealers,4,1,552,4,diwali gift for wife d
diwali gift for electrician,4,1,552,13,diwali gift for wife e
diwali gift for fiance female,5,1,552,13,diwali gift for wife f
diwali gift for girlfriend ideas,5,1,552,9,diwali gift for wife g
diwali gift for house,4,1,552,13,diwali gift for wife h
diwali gift for kitchen use,5,1,552,9,diwali gift for wife k
diwali gift for lady boss,5,1,552,13,diwali gift for wife l
diwali gift for married daughter,5,1,552,13,diwali gift for wife m
diwali gift for new home,5,1,552,13,diwali gift for wife n
diwali gift for office team,5,1,552,13,diwali gift for wife o
diwali gift for plumber,4,1,552,13,diwali gift for wife p
diwali gift for rs 200,5,1,552,7,diwali gift for wife r
diwali gift for senior citizens,5,1,552,13,diwali gift for wife s
diwali gift for truck driver,5,1,552,12,diwali gift for wife t
diwali gift for watchman,4,1,552,4,diwali gift for wife w
diwali gift for.your partner,4,1,552,8,diwali gift for wife y
do you give gifts for college graduation,7,1,552,4,when graduation gift
elegant engagement gift,3,1,552,13,engagement gift e
engagement gift and card,4,1,552,13,engagement gift a
engagement gift boys,3,1,552,13,engagement gift b
engagement gift cheap,3,1,552,13,engagement gift c
engagement gift disney,3,1,552,13,engagement gift d
engagement gift for best friend reddit,6,1,552,13,engagement gift best
engagement gift for your son,5,1,552,13,engagement gift y
engagement gift hamper near me,5,1,552,10,engagement gift h
engagement gift ideas quick,4,1,552,9,engagement gift q
engagement gift kya de sakte hain,6,1,552,13,engagement gift k
engagement gift letter,3,1,552,13,engagement gift l
engagement gift mark and graham,5,1,552,13,engagement gift m
engagement gift not tacky,4,1,552,6,engagement gift without
engagement gift packing price,4,1,552,13,engagement gift p
engagement gift rules,3,1,552,13,engagement gift r
engagement gift stores,3,1,552,13,engagement gift s
engagement gift to partner,4,1,552,13,engagement gift t
engagement gift wife,3,1,552,13,engagement gift w
engagement gifts in silver,4,1,552,13,engagement gift in
engagement gifts vogue,3,1,552,13,engagement gift v
engagement guest gift ideas,4,1,552,13,engagement gift g
flower bouquet for valentines,4,1,552,13,bouquet for v
flower bouquet for your name,5,1,552,13,bouquet for y
flowers for in sympathy,4,1,552,13,bouquet for in
free graduation gift tags,4,1,552,13,graduation gift free
good housewarming gift ideas,4,1,552,13,housewarming gift g
grad gift for bestie,4,1,552,9,graduation gift best
graduation gift asda,3,1,552,13,graduation gift a
graduation gift basket for her,5,1,552,13,graduation gift b
graduation gift box 2026,4,1,552,13,graduation gift 2026
graduation gift card bouquet,4,1,552,13,graduation gift c
graduation gift daughter high school,5,1,552,13,graduation gift d
graduation gift delivery sri lanka,5,1,552,13,graduation gift online
graduation gift examples,3,1,552,13,graduation gift e
graduation gift girl college,4,1,552,13,graduation gift g
graduation gift high school money,5,1,552,12,graduation gift h
graduation gift ideas for boys high school,7,1,552,13,graduation gift i
graduation gift joma,3,1,552,13,graduation gift j
graduation gift kroger,3,1,552,13,graduation gift k
graduation gift link,3,1,552,13,graduation gift l
graduation gift middle school girl,5,1,552,13,graduation gift m
graduation gift neighbor,3,1,552,12,graduation gift n
graduation gift pen set,4,1,552,13,graduation gift p
graduation gift religious,3,1,552,13,graduation gift r
graduation gift set for him,5,1,552,13,graduation gift s
graduation gift thank you template,5,1,552,13,graduation gift template
graduation gift to myself,4,1,552,13,graduation gift t
graduation gifts in australia,4,1,552,13,graduation gift in
graduation virtual gift,3,1,552,13,graduation gift v
holi photoshoot ideas for baby girl prompt,7,1,552,12,holi gift for girlfriend b
house warming gift voucher ideas,5,1,552,13,housewarming gift v
housewarming gift,2,1,552,13,housewarming gift n
housewarming gift anthropologie,3,1,552,13,housewarming gift a
housewarming gift basket ideas diy,5,1,552,13,housewarming gift b
housewarming gift by mail,4,1,552,13,housewarming gift y
housewarming gift crochet,3,1,552,13,housewarming gift c
housewarming gift daughter,3,1,552,13,housewarming gift d
housewarming gift delivery brisbane,4,1,552,9,housewarming gift online
housewarming gift edmonton,3,1,552,13,housewarming gift e
housewarming gift flipkart,3,1,552,13,housewarming gift f
housewarming gift in japanese,4,1,552,13,housewarming gift in
housewarming gift keychains,3,1,552,13,housewarming gift k
housewarming gift lego,3,1,552,13,housewarming gift l
housewarming gift message ideas,4,1,552,13,housewarming gift m
housewarming gift presentation,3,1,552,13,housewarming gift p
housewarming gift rules,3,1,552,13,housewarming gift r
housewarming gift starts with n,5,1,552,13,housewarming gift s
housewarming gift under $20,4,1,552,13,housewarming gift u
housewarming gift woolworths,3,1,552,13,housewarming gift w
housewarming gifts blinkit,3,1,552,13,housewarming gift
how much college graduation gift money,6,1,552,13,how graduation gift
how much for a housewarming gift card,7,1,552,4,how housewarming gift
how to bouquet paper wrap,5,1,552,13,how bouquet for
how to make flower bouquet for birthday,7,1,552,3,bouquet for 2027
how to put a bouquet together,6,1,552,3,can i bouquet for
new home gift jewish,4,1,552,13,housewarming gift j
quick housewarming gift ideas,4,1,552,9,housewarming gift q
red bouquet for quinceanera,4,1,552,13,bouquet for q
send engagement gift online,4,1,552,12,engagement gift online
supplies needed to make a wedding bouquet,7,1,552,8,bouquet for template
thank you for graduation gift quotes,6,1,552,9,graduation gift q
what are graduation gifts,4,1,552,6,which graduation gift
what are great housewarming gifts,5,1,552,13,what housewarming gift
what can i make for a housewarming gift,8,1,552,6,can i housewarming gift
what flowers for death,4,1,552,13,what bouquet for
what is average graduation gift amount,6,1,552,13,what graduation gift
what to do with bouquet of flowers,7,1,552,6,bouquet for for
what to get a friend as a housewarming gift,9,1,552,5,housewarming gift free
what to gift college graduate,5,1,552,7,graduation gift z
what to gift someone on engagement,6,1,552,6,can i engagement gift
what's a cute engagement gift,5,1,552,13,what engagement gift
where can i watch the gifted graduation,7,1,552,9,can i graduation gift
which flowers for death,4,1,552,13,which bouquet for
who buys the bouquet for prom,6,1,552,6,who bouquet for
why flowers for shavuot,4,1,552,6,why bouquet for
xxl bouquet,2,1,552,13,bouquet for x
3 rose bouquet price,4,1,551,4,bouquet for 2027
appropriate graduation gift for friend's daughter,6,1,551,14,graduation gift app
best bouquet for anniversary,4,1,551,12,bouquet for best
best engagement gift for men,5,1,551,14,engagement gift best
best housewarming gift cards,4,1,551,13,housewarming gift best
bouquet apparel,2,1,551,12,bouquet for app
bouquet flowers for love,4,1,551,14,bouquet for l
bouquet for a guy,4,1,551,14,bouquet for a
bouquet for an ugly girl mangadex,6,1,551,14,bouquet for u
bouquet for brother,3,1,551,14,bouquet for b
bouquet for coffin,3,1,551,14,bouquet for c
bouquet for delivery,3,1,551,14,bouquet for d
bouquet for funeral flowers,4,1,551,14,bouquet for f
bouquet for get well soon,5,1,551,14,bouquet for g
bouquet for homecoming,3,1,551,14,bouquet for h
bouquet for my boyfriend,4,1,551,14,bouquet for m
bouquet for november wedding,4,1,551,14,bouquet for n
bouquet for performance,3,1,551,14,bouquet for p
bouquet for red saree,4,1,551,14,bouquet for r
bouquet for sympathy,3,1,551,14,bouquet for s
bouquet for toss,3,1,551,14,bouquet for t
bouquet for white gown,4,1,551,14,bouquet for w
bouquet freeze dry,3,1,551,14,bouquet for free
bouquet ideas for gift,4,1,551,14,bouquet for i
bouquet ideas for valentine's day,5,1,551,14,bouquet for v
bouquet johor bahru,3,1,551,14,bouquet for j
bouquet maker free,3,1,551,14,bouquet for maker
bouquet of roses lego,4,1,551,14,bouquet for o
bouquet online order near me,5,1,551,14,bouquet for online
bouquet without cover,3,1,551,14,bouquet for without
bouquet x laurea,3,1,551,14,bouquet for x
bouquet yellow roses,3,1,551,14,bouquet for y
bouquet zootopia,2,1,551,14,bouquet for z
can you give money as an engagement gift,8,1,551,3,engagement gift maker
candy bouquet for kids,4,1,551,14,bouquet for k
chinese housewarming gift ideas,4,1,551,5,housewarming gift 2026
diwali gift for a boy,5,1,551,8,diwali gift for wife a
diwali gift for boss male,5,1,551,14,diwali gift for wife b
diwali gift for customers under 100,6,1,551,14,diwali gift for wife c
diwali gift for distribution,4,1,551,5,diwali gift for wife d
diwali gift for employees under 4000,6,1,551,14,diwali gift for wife e
diwali gift for factory labour,5,1,551,14,diwali gift for wife f
diwali gift for gst,4,1,551,10,diwali gift for wife g
diwali gift for hostess,4,1,551,14,diwali gift for wife h
diwali gift for ideas,4,1,551,9,diwali gift for wife i
diwali gift for kids india,5,1,551,10,diwali gift for wife k
diwali gift for long distance boyfriend,6,1,551,14,diwali gift for wife l
diwali gift for mummy papa,5,1,551,14,diwali gift for wife m
diwali gift for newly wed,5,1,551,14,diwali gift for wife n
diwali gift for owner,4,1,551,14,diwali gift for wife o
diwali gift for professionals,4,1,551,14,diwali gift for wife p
diwali gift for rs 500,5,1,551,8,diwali gift for wife r
diwali gift for shopkeeper,4,1,551,14,diwali gift for wife s
diwali gift for team leader,5,1,551,13,diwali gift for wife t
diwali gift for workers under 1000,6,1,551,5,diwali gift for wife w
diwali gift for your loved ones,6,1,551,9,diwali gift for wife y
engagement gift alcohol,3,1,551,14,engagement gift a
engagement gift box for groom,5,1,551,14,engagement gift b
engagement gift chic,3,1,551,14,engagement gift c
engagement gift dog,3,1,551,14,engagement gift d
engagement gift for best friend,5,1,551,14,engagement gift with
engagement gift for engagement party,5,1,551,14,engagement gift e
engagement gift hallmark,3,1,551,11,engagement gift h
engagement gift kya hota hai,5,1,551,14,engagement gift k
engagement gift lebanon,3,1,551,14,engagement gift l
engagement gift mail,3,1,551,14,engagement gift m
engagement gift photo,3,1,551,14,engagement gift p
engagement gift registry ideas,4,1,551,14,engagement gift r
engagement gift sydney,3,1,551,14,engagement gift s
engagement gift tag ideas,4,1,551,14,engagement gift t
engagement gift thank you notes,5,1,551,14,engagement gift y
engagement gifts in dubai,4,1,551,14,engagement gift in
engagement gifts von maur,4,1,551,14,engagement gift v
engagement groom gift packing,4,1,551,14,engagement gift g
england housewarming gift,3,1,551,14,housewarming gift e
flowers for in love,4,1,551,14,bouquet for in
free graduation gift from companies,5,1,551,14,graduation gift free
gift ideas for diwali for wife,6,1,551,4,diwali gift for wife for
graduation gift adult,3,1,551,14,graduation gift a
graduation gift bracelet,3,1,551,14,graduation gift b
graduation gift card amount,4,1,551,14,graduation gift c
graduation gift delivery ideas,4,1,551,14,graduation gift online
graduation gift doctorate degree,4,1,551,14,graduation gift d
graduation gift engraved,3,1,551,14,graduation gift e
graduation gift for high school boy,6,1,551,14,graduation gift for
graduation gift funko pop,4,1,551,14,graduation gift f
graduation gift guy,3,1,551,14,graduation gift g
graduation gift how much money,5,1,551,13,graduation gift h
graduation gift ideas for college graduates,6,1,551,14,graduation gift i
graduation gift jakarta,3,1,551,14,graduation gift j
graduation gift kohls,3,1,551,14,graduation gift k
graduation gift malaysia,3,1,551,14,graduation gift m
graduation gift or present,4,1,551,14,graduation gift v
graduation gift paper,3,1,551,14,graduation gift p
graduation gift ribbon,3,1,551,14,graduation gift r
graduation gift stores,3,1,551,14,graduation gift s
graduation gift teacher,3,1,551,14,graduation gift t
graduation gifts for best friends pinterest,6,1,551,10,graduation gift best
graduation gifts for girlfriend,4,1,551,14,graduation gift
graduation gifts in canada,4,1,551,14,graduation gift in
great housewarming gift,3,1,551,14,housewarming gift g
holi poses ideas for baby girl,6,1,551,13,holi gift for girlfriend b
holi poses ideas for girl indian,6,1,551,3,holi gift for girlfriend in
housewarming gift affordable,3,1,551,14,housewarming gift a
housewarming gift basket,3,1,551,14,housewarming gift n
housewarming gift basket cleaning supplies,5,1,551,14,housewarming gift b
housewarming gift candles,3,1,551,14,housewarming gift c
housewarming gift delivery london,4,1,551,10,housewarming gift online
housewarming gift dog owner,4,1,551,14,housewarming gift d
housewarming gift for best friend,5,1,551,14,housewarming gift with
housewarming gift in singapore,4,1,551,14,housewarming gift in
housewarming gift long distance,4,1,551,14,housewarming gift l
housewarming gift mail,3,1,551,14,housewarming gift m
housewarming gift post divorce,4,1,551,14,housewarming gift p
housewarming gift return,3,1,551,14,housewarming gift r
housewarming gift salt,3,1,551,14,housewarming gift s
housewarming gift to friend,4,1,551,12,housewarming gift t
housewarming gift under 200,4,1,551,14,housewarming gift u
housewarming gift williams sonoma,4,1,551,14,housewarming gift w
housewarming gifts hindu,3,1,551,14,housewarming gift h
housewarming gifts under 500,4,1,551,14,housewarming gift
how much do you give for an engagement gift,9,1,551,7,engagement gift z
how much for graduation gift card,6,1,551,14,how graduation gift
how much is a bouquet of flowers,7,1,551,7,bouquet for 2026
how to bouquet,3,1,551,4,can i bouquet for
how to bouquet paper,4,1,551,14,how bouquet for
how to make a homemade flower bouquet,7,1,551,9,bouquet for template
knife housewarming gift,3,1,551,14,housewarming gift k
money bouquet for eidi,4,1,551,14,bouquet for e
money bouquet for quince,4,1,551,14,bouquet for q
new home gift vegan,4,1,551,14,housewarming gift v
ntu graduation gift 2026,4,1,551,14,graduation gift 2026
online engagement gift ideas,4,1,551,13,engagement gift online
personalised engagement gifts quick delivery,5,1,551,10,engagement gift q
quilted housewarming gift,3,1,551,10,housewarming gift q
quran graduation gift,3,1,551,10,graduation gift q
what are great engagement gifts,5,1,551,14,what engagement gift
what can i put in a graduation gift basket,9,1,551,10,can i graduation gift
what flowers for birthday,4,1,551,14,what bouquet for
what is a reasonable graduation gift,6,1,551,5,when graduation gift
what should i do with a bouquet of flowers,9,1,551,7,bouquet for for
what to ask for high school graduation gift,8,1,551,6,graduation gift without
what to give housewarming gift,5,1,551,14,what housewarming gift
what type of gifts do you give at an engagement party,11,1,551,7,engagement gift template
what's an appropriate graduation gift amount,6,1,551,14,what graduation gift
when should you give her flowers,6,1,551,8,when bouquet for
which flowers for apology,4,1,551,14,which bouquet for
anthropologie engagement gift,3,1,550,15,engagement gift a
appropriate graduation gift money,4,1,550,15,graduation gift app
best bouquet for panam,4,1,550,13,bouquet for best
best housewarming gift for someone who has everything,8,1,550,14,housewarming gift best
bouquet approach,2,1,550,13,bouquet for app
bouquet for altar,3,1,550,15,bouquet for a
bouquet for boss,3,1,550,15,bouquet for b
bouquet for corporate event,4,1,550,15,bouquet for c
bouquet for debut,3,1,550,15,bouquet for d
bouquet for friendship day,4,1,550,15,bouquet for f
bouquet for girlfriend day,4,1,550,15,bouquet for g
bouquet for hoco,3,1,550,15,bouquet for h
bouquet for my girlfriend,4,1,550,15,bouquet for m
bouquet for prenup,3,1,550,15,bouquet for p
bouquet for ridge moonlight peaks,5,1,550,15,bouquet for r
bouquet for sunflower,3,1,550,15,bouquet for s
bouquet for the ugly girl anime,6,1,550,15,bouquet for t
bouquet for the ugly girl where to watch,8,1,550,15,bouquet for u
bouquet for wedding bride,4,1,550,15,bouquet for w
bouquet free tv,3,1,550,15,bouquet for free
bouquet ideas for valentines,4,1,550,15,bouquet for i
bouquet jb,2,1,550,15,bouquet for j
bouquet maker nearby,3,1,550,15,bouquet for maker
bouquet necklace for flower,4,1,550,15,bouquet for n
bouquet of flower,3,1,550,15,bouquet for o
bouquet online chennai,3,1,550,15,bouquet for online
bouquet quotes,2,1,550,15,bouquet for q
bouquet without flower drawing,4,1,550,15,bouquet for without
bouquet xv años,3,1,550,15,bouquet for x
bouquet yarn,2,1,550,15,bouquet for y
bouquet zirakpur,2,1,550,15,bouquet for z
chick fil a graduation gift free email,7,1,550,15,graduation gift free
diwali gift for a couple,5,1,550,9,diwali gift for wife a
diwali gift for company,4,1,550,15,diwali gift for wife c
diwali gift for employees under ₹ 300,7,1,550,15,diwali gift for wife e
diwali gift for female best friend,6,1,550,15,diwali gift for wife f
diwali gift for google india,5,1,550,11,diwali gift for wife g
diwali gift for him in india,6,1,550,15,diwali gift for wife h
diwali gift for kids under 100,6,1,550,11,diwali gift for wife k
diwali gift for ltimindtree employees,5,1,550,15,diwali gift for wife l
diwali gift for my husband,5,1,550,15,diwali gift for wife m
diwali gift for nanad,4,1,550,15,diwali gift for wife n
diwali gift for office staff under 1000,7,1,550,15,diwali gift for wife o
diwali gift for parents from daughter,6,1,550,15,diwali gift for wife p
diwali gift for railway employees,5,1,550,9,diwali gift for wife r
diwali gift for sister ideas,5,1,550,15,diwali gift for wife s
diwali gift for teaching staff,5,1,550,14,diwali gift for wife t
diwali gift for uncle,4,1,550,6,diwali gift for wife u
diwali gift for wedding,4,1,550,6,diwali gift for wife w
diwali gift for your husband,5,1,550,10,diwali gift for wife y
eid gift ideas for her,5,1,550,3,holi gift for girlfriend i
engagement gift basket ideas,4,1,550,15,engagement gift b
engagement gift crossword,3,1,550,15,engagement gift c
engagement gift dublin,3,1,550,15,engagement gift d
engagement gift for engagement,4,1,550,15,engagement gift e
engagement gift for my best friend,6,1,550,15,engagement gift best
engagement gift for younger brother,5,1,550,15,engagement gift y
engagement gift how much to spend,6,1,550,12,engagement gift h
engagement gift keychain,3,1,550,15,engagement gift k
engagement gift lesbians,3,1,550,15,engagement gift l
engagement gift matches,3,1,550,15,engagement gift m
engagement gift plate,3,1,550,15,engagement gift p
engagement gift ring cleaner,4,1,550,15,engagement gift r
engagement gift sale,3,1,550,15,engagement gift s
engagement gift target,3,1,550,15,engagement gift t
engagement gift watch,3,1,550,15,engagement gift w
engagement gifts in amazon,4,1,550,15,engagement gift in
engagement gifts venice,3,1,550,15,engagement gift v
engagement girl gift ideas,4,1,550,15,engagement gift g
fall flower bouquet ideas,4,1,550,5,bouquet for 2027
flower bouquet for easter,4,1,550,15,bouquet for e
flower bouquet for kids,4,1,550,15,bouquet for k
flower bouquet for logo,4,1,550,15,bouquet for l
flower bouquet for vase,4,1,550,15,bouquet for v
flowers for in spanish,4,1,550,15,bouquet for in
graduation cap gift box template,5,1,550,15,graduation gift template
graduation gift amount for cousin,5,1,550,15,graduation gift a
graduation gift basket ideas for him,6,1,550,15,graduation gift b
graduation gift cash or gift card,6,1,550,15,graduation gift c
graduation gift delivery perth,4,1,550,15,graduation gift online
graduation gift engraved pen,4,1,550,15,graduation gift e
graduation gift for high school girl,6,1,550,15,graduation gift for
graduation gift for vet student,5,1,550,15,graduation gift v
graduation gift grandson,3,1,550,15,graduation gift g
graduation gift hamper for him,5,1,550,14,graduation gift h
graduation gift ideas for bestie,5,1,550,11,graduation gift best
graduation gift ideas for preschoolers,5,1,550,15,graduation gift i
graduation gift junior high,4,1,550,15,graduation gift j
graduation gift keyring,3,1,550,15,graduation gift k
graduation gift lei,3,1,550,15,graduation gift l
graduation gift masters,3,1,550,15,graduation gift m
graduation gift necklace daughter,4,1,550,14,graduation gift n
graduation gift package ideas,4,1,550,15,graduation gift p
graduation gift request wording,4,1,550,15,graduation gift r
graduation gift swarovski,3,1,550,15,graduation gift s
graduation gift teddy,3,1,550,15,graduation gift t
graduation gift wrapper printable,4,1,550,14,graduation gift w
graduation gifts i can make,5,1,550,11,can i graduation gift
graduation gifts inexpensive,3,1,550,15,graduation gift in
great housewarming gift ideas,4,1,550,15,housewarming gift g
holi photoshoot ideas for baby girl under 20,8,1,550,14,holi gift for girlfriend b
housewarming gift at target,4,1,550,15,housewarming gift a
housewarming gift baskets near me,5,1,550,15,housewarming gift b
housewarming gift chinese culture,4,1,550,15,housewarming gift c
housewarming gift denmark,3,1,550,15,housewarming gift d
housewarming gift easy to travel with,6,1,550,15,housewarming gift e
housewarming gift for couple,4,1,550,15,housewarming gift with
housewarming gift for japanese family,5,1,550,15,housewarming gift j
housewarming gift for vacation home,5,1,550,15,housewarming gift v
housewarming gift ideas under 10000,5,1,550,15,housewarming gift i
housewarming gift in kerala,4,1,550,15,housewarming gift in
housewarming gift knife set,4,1,550,15,housewarming gift k
housewarming gift light,3,1,550,15,housewarming gift l
housewarming gift m&s,3,1,550,15,housewarming gift m
housewarming gift new york,4,1,550,15,housewarming gift y
housewarming gift philippines,3,1,550,15,housewarming gift p
housewarming gift registry singapore,4,1,550,15,housewarming gift r
housewarming gift singapore reddit,4,1,550,15,housewarming gift s
housewarming gift that starts with n,6,1,550,13,housewarming gift t
housewarming gift under $25,4,1,550,15,housewarming gift u
housewarming gift wine bread salt,5,1,550,15,housewarming gift w
housewarming gifts buy online,4,1,550,11,housewarming gift online
housewarming gifts high end,4,1,550,15,housewarming gift h
housewarming gifts plants,3,1,550,15,housewarming gift
how long do you have to send a graduation gift,10,1,550,6,when graduation gift
how long does a bouquet last,6,1,550,3,is it bouquet for
how long should a bouquet of flowers last,8,1,550,8,bouquet for 2026
how much for graduation gift for friend,7,1,550,15,how graduation gift
how to bouquet garni,4,1,550,15,how bouquet for
how to make a bouquet of flowers,7,1,550,8,bouquet for for
how to make a bridal bouquet with fresh flowers,9,1,550,10,bouquet for template
online engagement gift for couple,5,1,550,14,engagement gift online
pandora graduation gift 2026,4,1,550,15,graduation gift 2026
quince housewarming gift,3,1,550,11,housewarming gift q
quirky engagement gift ideas,4,1,550,11,engagement gift q
quran graduation gift ideas,4,1,550,11,graduation gift q
what are traditional housewarming gifts,5,1,550,15,what housewarming gift
what do you gift a high school graduation,8,1,550,9,graduation gift z
what flowers for anniversary,4,1,550,15,what bouquet for
what is a good luck housewarming gift,7,1,550,6,when housewarming gift
what should i give my girlfriend as a gift,9,1,550,3,holi gift for girlfriend t
what to buy someone for a graduation present,8,1,550,5,who graduation gift
what to buy someone for housewarming gift,7,1,550,8,can i housewarming gift
what to include in a housewarming gift basket,8,1,550,7,housewarming gift template
what's a good engagement gift for a young couple,9,1,550,15,what engagement gift
what's a nice graduation gift,5,1,550,15,what graduation gift
where to buy bouquet of flowers,6,1,550,8,who bouquet for
which flowers for panam cyberpunk,5,1,550,15,which bouquet for
