suggestion,words,prefix_hits,relevance,best_rank,source_prefixes
online gift for girlfriend birthday,5,35,1250,1,virtual gift ideas g | online gift for girlfriend | online gift for girlfriend  | online gift for girlfriend b | online gift for girlfriend c | online gift for girlfriend d | online gift for girlfriend f | online gift for girlfriend h | online gift for girlfriend i | online gift for girlfriend l | online gift for girlfriend m | online gift for girlfriend n | online gift for girlfriend o | online gift for girlfriend r | online gift for girlfriend s | online gift for girlfriend t | online gift for girlfriend u | online gift for girlfriend v | online gift for girlfriend w | online gift for girlfriend y | online gift for girlfriend z | online gift for girlfriend best | online gift for girlfriend free | online gift for girlfriend online | online gift for girlfriend for | online gift for girlfriend in | online gift for girlfriend maker | online gift for girlfriend 2026 | online gift for girlfriend 2027 | how online gift for girlfriend | what online gift for girlfriend | when online gift for girlfriend | why online gift for girlfriend | which online gift for girlfriend | who online gift for girlfriend
online surprise gift for girlfriend,5,28,601,1,online gift for girlfriend | online gift for girlfriend  | online gift for girlfriend s | online surprise for girlfriend | online surprise for girlfriend  | online surprise for girlfriend b | online surprise for girlfriend c | online surprise for girlfriend d | online surprise for girlfriend e | online surprise for girlfriend g | online surprise for girlfriend h | online surprise for girlfriend i | online surprise for girlfriend j | online surprise for girlfriend k | online surprise for girlfriend l | online surprise for girlfriend m | online surprise for girlfriend n | online surprise for girlfriend o | online surprise for girlfriend x | online surprise for girlfriend z | online surprise for girlfriend best | online surprise for girlfriend online | online surprise for girlfriend with | online surprise for girlfriend without | online surprise for girlfriend 2026 | online surprise for girlfriend 2027 | what online surprise for girlfriend | which online surprise for girlfriend
what to give gifts for girlfriend,6,25,600,2,online gift for girlfriend c | online gift for girlfriend d | online gift for girlfriend f | online gift for girlfriend h | online gift for girlfriend i | online gift for girlfriend l | online gift for girlfriend m | online gift for girlfriend n | online gift for girlfriend o | online gift for girlfriend r | online gift for girlfriend s | online gift for girlfriend t | online gift for girlfriend u | online gift for girlfriend w | online gift for girlfriend y | online gift for girlfriend best | online gift for girlfriend free | online gift for girlfriend for | online gift for girlfriend in | how online gift for girlfriend | what online gift for girlfriend | when online gift for girlfriend | why online gift for girlfriend | which online gift for girlfriend | who online gift for girlfriend
digital card for gf,4,24,601,1,digital card for girlfriend | digital card for girlfriend b | digital card for girlfriend c | digital card for girlfriend f | digital card for girlfriend g | digital card for girlfriend j | digital card for girlfriend m | digital card for girlfriend n | digital card for girlfriend r | digital card for girlfriend s | digital card for girlfriend t | digital card for girlfriend u | digital card for girlfriend w | digital card for girlfriend x | digital card for girlfriend z | digital card for girlfriend for | digital card for girlfriend in | digital card for girlfriend 2027 | how digital card for girlfriend | what digital card for girlfriend | when digital card for girlfriend | why digital card for girlfriend | which digital card for girlfriend | who digital card for girlfriend
online surprise for girlfriend,4,23,601,1,online surprise for girlfriend  | online surprise for girlfriend b | online surprise for girlfriend d | online surprise for girlfriend e | online surprise for girlfriend g | online surprise for girlfriend h | online surprise for girlfriend i | online surprise for girlfriend j | online surprise for girlfriend k | online surprise for girlfriend l | online surprise for girlfriend n | online surprise for girlfriend x | online surprise for girlfriend z | online surprise for girlfriend online | online surprise for girlfriend with | online surprise for girlfriend 2026 | online surprise for girlfriend 2027 | how online surprise for girlfriend | what online surprise for girlfriend | when online surprise for girlfriend | why online surprise for girlfriend | which online surprise for girlfriend | who online surprise for girlfriend
online gift for girlfriend india,5,22,601,1,online gift for girlfriend c | online gift for girlfriend d | online gift for girlfriend f | online gift for girlfriend h | online gift for girlfriend l | online gift for girlfriend m | online gift for girlfriend n | online gift for girlfriend o | online gift for girlfriend r | online gift for girlfriend s | online gift for girlfriend t | online gift for girlfriend u | online gift for girlfriend v | online gift for girlfriend w | online gift for girlfriend y | online gift for girlfriend z | online gift for girlfriend free | online gift for girlfriend online | online gift for girlfriend for | online gift for girlfriend maker | online gift for girlfriend 2026 | online gift for girlfriend 2027
digital birthday card for girlfriend,5,21,601,1,digital card for girlfriend | digital card for girlfriend  | digital card for girlfriend b | digital card for girlfriend c | digital card for girlfriend f | digital card for girlfriend g | digital card for girlfriend j | digital card for girlfriend m | digital card for girlfriend n | digital card for girlfriend r | digital card for girlfriend s | digital card for girlfriend w | digital card for girlfriend x | digital card for girlfriend z | digital card for girlfriend for | digital card for girlfriend in | digital card for girlfriend 2027 | how digital card for girlfriend | what digital card for girlfriend | when digital card for girlfriend | which digital card for girlfriend
online surprise for girlfriend birthday,5,21,601,1,online surprise for girlfriend c | online surprise for girlfriend d | online surprise for girlfriend e | online surprise for girlfriend g | online surprise for girlfriend h | online surprise for girlfriend i | online surprise for girlfriend j | online surprise for girlfriend k | online surprise for girlfriend l | online surprise for girlfriend m | online surprise for girlfriend n | online surprise for girlfriend o | online surprise for girlfriend x | online surprise for girlfriend z | online surprise for girlfriend best | online surprise for girlfriend online | online surprise for girlfriend with | online surprise for girlfriend without | online surprise for girlfriend 2026 | online surprise for girlfriend 2027 | what online surprise for girlfriend
virtual gift ideas for birthday,5,21,600,5,virtual gift ideas | virtual gift ideas  | virtual gift ideas a | virtual gift ideas b | virtual gift ideas e | virtual gift ideas f | virtual gift ideas g | virtual gift ideas i | virtual gift ideas k | virtual gift ideas n | virtual gift ideas o | virtual gift ideas p | virtual gift ideas t | virtual gift ideas u | virtual gift ideas x | virtual gift ideas z | virtual gift ideas with | virtual gift ideas for | virtual gift ideas in | virtual gift ideas 2026 | virtual gift ideas 2027
what can i gift my girlfriend,6,21,600,2,online gift for girlfriend c | online gift for girlfriend d | online gift for girlfriend f | online gift for girlfriend h | online gift for girlfriend i | online gift for girlfriend l | online gift for girlfriend m | online gift for girlfriend n | online gift for girlfriend o | online gift for girlfriend r | online gift for girlfriend s | online gift for girlfriend t | online gift for girlfriend u | online gift for girlfriend v | online gift for girlfriend w | online gift for girlfriend y | online gift for girlfriend for | online gift for girlfriend in | online gift for girlfriend maker | how online gift for girlfriend | what online gift for girlfriend
digital card for boyfriend,4,19,600,2,digital card for girlfriend | digital card for girlfriend b | digital card for girlfriend c | digital card for girlfriend f | digital card for girlfriend g | digital card for girlfriend j | digital card for girlfriend m | digital card for girlfriend n | digital card for girlfriend r | digital card for girlfriend s | digital card for girlfriend t | digital card for girlfriend u | digital card for girlfriend w | digital card for girlfriend x | digital card for girlfriend z | digital card for girlfriend for | digital card for girlfriend in | digital card for girlfriend 2027 | how digital card for girlfriend
virtual gift ideas for girlfriend,5,18,1150,1,virtual gift ideas | virtual gift ideas a | virtual gift ideas e | virtual gift ideas f | virtual gift ideas g | virtual gift ideas k | virtual gift ideas n | virtual gift ideas p | virtual gift ideas t | virtual gift ideas u | virtual gift ideas x | virtual gift ideas with | virtual gift ideas for | virtual gift ideas in | virtual gift ideas app | virtual gift ideas 2026 | virtual gift ideas 2027 | online gift for girlfriend v
online gift for girlfriend,4,18,601,1,virtual gift ideas g | online gift for girlfriend  | online gift for girlfriend c | online gift for girlfriend d | online gift for girlfriend f | online gift for girlfriend h | online gift for girlfriend i | online gift for girlfriend n | online gift for girlfriend s | online gift for girlfriend v | online gift for girlfriend w | online gift for girlfriend in | how online gift for girlfriend | what online gift for girlfriend | when online gift for girlfriend | why online gift for girlfriend | which online gift for girlfriend | who online gift for girlfriend
how can i surprise my girlfriend online,7,18,600,2,online surprise for girlfriend | online surprise for girlfriend  | online surprise for girlfriend b | online surprise for girlfriend c | online surprise for girlfriend d | online surprise for girlfriend g | online surprise for girlfriend h | online surprise for girlfriend i | online surprise for girlfriend l | online surprise for girlfriend m | online surprise for girlfriend o | online surprise for girlfriend best | how online surprise for girlfriend | what online surprise for girlfriend | when online surprise for girlfriend | why online surprise for girlfriend | which online surprise for girlfriend | who online surprise for girlfriend
digital card for love,4,17,552,3,digital card for girlfriend | digital card for girlfriend b | digital card for girlfriend c | digital card for girlfriend f | digital card for girlfriend g | digital card for girlfriend j | digital card for girlfriend m | digital card for girlfriend n | digital card for girlfriend r | digital card for girlfriend s | digital card for girlfriend t | digital card for girlfriend u | digital card for girlfriend w | digital card for girlfriend x | digital card for girlfriend z | digital card for girlfriend for | digital card for girlfriend in
virtual gift ideas,3,16,601,1,virtual gift ideas e | virtual gift ideas i | virtual gift ideas k | virtual gift ideas n | virtual gift ideas o | virtual gift ideas p | virtual gift ideas t | virtual gift ideas u | virtual gift ideas x | virtual gift ideas y | virtual gift ideas z | virtual gift ideas best | virtual gift ideas free | virtual gift ideas online | virtual gift ideas app | virtual gift ideas maker
what should i gift my girlfriend,6,16,556,6,online gift for girlfriend c | online gift for girlfriend d | online gift for girlfriend f | online gift for girlfriend h | online gift for girlfriend l | online gift for girlfriend m | online gift for girlfriend r | online gift for girlfriend s | online gift for girlfriend t | online gift for girlfriend u | online gift for girlfriend v | online gift for girlfriend w | online gift for girlfriend y | online gift for girlfriend best | online gift for girlfriend for | how online gift for girlfriend
virtual gift ideas for friends,5,15,701,3,virtual gift ideas | virtual gift ideas  | virtual gift ideas e | virtual gift ideas f | virtual gift ideas g | virtual gift ideas i | virtual gift ideas o | virtual gift ideas t | virtual gift ideas u | virtual gift ideas x | virtual gift ideas best | virtual gift ideas free | virtual gift ideas online | virtual gift ideas for | virtual gift ideas app
online surprise ideas for girlfriend,5,13,601,1,online surprise for girlfriend | online surprise for girlfriend  | online surprise for girlfriend e | online surprise for girlfriend i | online surprise for girlfriend l | online surprise for girlfriend o | online surprise for girlfriend z | online surprise for girlfriend best | online surprise for girlfriend online | online surprise for girlfriend with | online surprise for girlfriend 2026 | online surprise for girlfriend 2027 | what online surprise for girlfriend
gift link for whatsapp,4,12,601,2,gift link f | gift link j | gift link k | gift link l | gift link q | gift link w | gift link y | gift link z | gift link best | gift link with | gift link for | gift link in
virtual gift ideas for boyfriend,5,11,1250,1,virtual gift ideas | virtual gift ideas  | virtual gift ideas a | virtual gift ideas b | virtual gift ideas f | virtual gift ideas k | virtual gift ideas with | virtual gift ideas for | virtual gift ideas in | virtual gift ideas 2026 | virtual gift ideas 2027
what is a digital invitation,5,11,600,2,digital invitation card a | digital invitation card e | digital invitation card j | digital invitation card l | digital invitation card q | digital invitation card u | digital invitation card best | how digital invitation card | what digital invitation card | why digital invitation card | is it digital invitation card
digital card for girlfriend,4,10,601,1,digital card for girlfriend  | digital card for girlfriend c | digital card for girlfriend f | digital card for girlfriend r | how digital card for girlfriend | what digital card for girlfriend | when digital card for girlfriend | why digital card for girlfriend | which digital card for girlfriend | who digital card for girlfriend
online best surprise gift for girlfriend on her birthday,9,10,601,1,online gift for girlfriend b | online gift for girlfriend h | online gift for girlfriend o | online gift for girlfriend s | online gift for girlfriend best | online surprise for girlfriend b | online surprise for girlfriend g | online surprise for girlfriend h | online surprise for girlfriend o | online surprise for girlfriend best
online gift for girlfriend day,5,10,601,1,virtual gift ideas g | online gift for girlfriend | online gift for girlfriend  | online gift for girlfriend d | how online gift for girlfriend | what online gift for girlfriend | when online gift for girlfriend | why online gift for girlfriend | which online gift for girlfriend | who online gift for girlfriend
virtual gift ideas for long distance relationship,7,10,560,3,virtual gift ideas | virtual gift ideas  | virtual gift ideas a | virtual gift ideas d | virtual gift ideas f | virtual gift ideas l | virtual gift ideas r | virtual gift ideas with | virtual gift ideas for | virtual gift ideas in
virtual gift ideas india,4,10,553,3,virtual gift ideas e | virtual gift ideas i | virtual gift ideas n | virtual gift ideas o | virtual gift ideas u | virtual gift ideas x | virtual gift ideas z | virtual gift ideas online | virtual gift ideas app | virtual gift ideas 2027
gift link for gf,4,9,1250,1,gift link | gift link  | gift link f | gift link k | gift link z | gift link best | gift link with | gift link for | gift link in
online gift for girlfriend link,5,9,1250,1,online gift for girlfriend | online gift for girlfriend  | online gift for girlfriend l | how online gift for girlfriend | what online gift for girlfriend | when online gift for girlfriend | why online gift for girlfriend | which online gift for girlfriend | who online gift for girlfriend
online gift for girlfriend website,5,9,601,1,online gift for girlfriend | online gift for girlfriend  | online gift for girlfriend w | how online gift for girlfriend | what online gift for girlfriend | when online gift for girlfriend | why online gift for girlfriend | which online gift for girlfriend | who online gift for girlfriend
virtual gift ideas free,4,9,600,2,virtual gift ideas | virtual gift ideas f | virtual gift ideas i | virtual gift ideas p | virtual gift ideas y | virtual gift ideas z | virtual gift ideas online | virtual gift ideas app | virtual gift ideas maker
what should i give my girlfriend as a gift,9,9,555,7,online gift for girlfriend c | online gift for girlfriend d | online gift for girlfriend h | online gift for girlfriend i | online gift for girlfriend m | online gift for girlfriend s | online gift for girlfriend u | online gift for girlfriend v | online gift for girlfriend y
gift link india,3,9,554,7,gift link j | gift link k | gift link l | gift link q | gift link y | gift link z | gift link with | gift link maker | which gift link
online gift ideas for girlfriend,5,8,601,1,virtual gift ideas a | virtual gift ideas f | virtual gift ideas g | virtual gift ideas with | virtual gift ideas in | online gift for girlfriend | online gift for girlfriend  | online gift for girlfriend i
what to gift my girlfriend,5,8,554,4,online gift for girlfriend l | online gift for girlfriend m | online gift for girlfriend n | online gift for girlfriend r | online gift for girlfriend t | online gift for girlfriend w | online gift for girlfriend y | online gift for girlfriend in
what will be the best gift for girlfriend,8,8,554,6,online gift for girlfriend i | online gift for girlfriend n | online gift for girlfriend best | online gift for girlfriend in | what online gift for girlfriend | when online gift for girlfriend | why online gift for girlfriend | which online gift for girlfriend
digital invitation card for house warming ceremony,7,7,1252,2,digital invitation card | digital invitation card  | digital invitation card c | digital invitation card f | digital invitation card with | digital invitation card for | digital invitation card in
best online gift for girlfriend,5,7,601,1,online gift for girlfriend | online gift for girlfriend  | online gift for girlfriend b | online gift for girlfriend best | how online gift for girlfriend | which online gift for girlfriend | who online gift for girlfriend
how do i make a digital card,7,7,600,2,digital invitation card a | digital invitation card l | digital card for girlfriend | digital card for girlfriend m | digital card for girlfriend s | how digital card for girlfriend | what digital card for girlfriend
digital invitation card for engagement,5,6,1251,3,digital invitation card | digital invitation card  | digital invitation card f | digital invitation card with | digital invitation card for | digital invitation card in
digital invitation card for naming ceremony,6,6,1250,4,digital invitation card | digital invitation card  | digital invitation card f | digital invitation card with | digital invitation card for | digital invitation card in
digital invitation card online free,5,6,1250,2,digital invitation card e | digital invitation card o | digital invitation card z | digital invitation card free | digital invitation card online | digital invitation card 2026
digital invitation card for birthday,5,6,602,6,digital invitation card | digital invitation card  | digital invitation card f | digital invitation card with | digital invitation card for | digital invitation card in
digital invitation card maker near me,6,6,602,1,digital invitation card | digital invitation card  | digital invitation card m | digital invitation card n | digital invitation card maker | how digital invitation card
best online surprise for girlfriend,5,6,601,1,online surprise for girlfriend | online surprise for girlfriend  | online surprise for girlfriend b | online surprise for girlfriend best | which online surprise for girlfriend | who online surprise for girlfriend
digital invitation card maker online free,6,6,601,2,digital invitation card | digital invitation card  | digital invitation card e | digital invitation card o | digital invitation card online | digital invitation card maker
online gift girlfriend,3,6,600,2,online gift for girlfriend l | online gift for girlfriend o | online gift for girlfriend r | online gift for girlfriend z | online gift for girlfriend 2026 | online gift for girlfriend 2027
digital invitation card for rice ceremony,6,6,558,7,digital invitation card c | digital invitation card f | digital invitation card r | digital invitation card with | digital invitation card for | digital invitation card in
e gift card voucher,4,5,1250,1,e gift card | e gift card  | e gift card v | e gift card 2026 | e gift card 2027
gift link generator,3,5,1250,1,gift link | gift link  | gift link g | gift link j | gift link maker
virtual gift ideas for best friend,6,5,850,2,virtual gift ideas | virtual gift ideas  | virtual gift ideas f | virtual gift ideas best | virtual gift ideas for
digital invitation card maker free,5,5,700,2,digital invitation card | digital invitation card  | digital invitation card m | digital invitation card maker | digital invitation card 2026
digital invitation card for retirement party,6,5,601,7,digital invitation card f | digital invitation card r | digital invitation card with | digital invitation card for | digital invitation card in
online gift for my girlfriend,5,5,601,1,virtual gift ideas m | online gift for girlfriend | online gift for girlfriend  | online gift for girlfriend m | online gift for girlfriend maker
what is the best free online invitation site,8,5,600,3,online invitation x | online invitation y | online invitation online | online invitation without | which online invitation
digital invitation card for annaprashan,5,5,558,3,digital invitation card a | digital invitation card f | digital invitation card with | digital invitation card for | digital invitation card in
virtual gifts meaning,3,5,554,7,virtual gift ideas k | virtual gift ideas n | virtual gift ideas o | virtual gift ideas p | virtual gift ideas online
digital invitation card for wedding,5,4,1253,1,digital invitation card | digital invitation card  | digital invitation card f | digital invitation card for
online invitation card maker,4,4,1252,1,online invitation | online invitation  | online invitation c | online invitation r
digital invitation card printing near me,6,4,1251,1,digital invitation card | digital invitation card  | digital invitation card n | digital invitation card p
online invitation card maker free,5,4,1251,2,online invitation | online invitation  | online invitation c | online invitation r
online invitation for housewarming,4,4,1251,1,online invitation | online invitation  | online invitation f | online invitation for
digital invitation card design,4,4,1250,1,digital invitation card | digital invitation card  | digital invitation card d | digital invitation card template
digital invitation card size in pixels,6,4,1250,2,digital invitation card | digital invitation card  | digital invitation card i | digital invitation card s
e gift card flipkart,4,4,1250,1,e gift card | e gift card  | e gift card f | e gift card 2027
gift link invalid discord,4,4,1250,1,gift link  | gift link d | gift link i | gift link in
online invitation card maker free without watermark,7,4,1250,3,online invitation | online invitation  | online invitation c | online invitation r
online invitation for naming ceremony,5,4,1250,2,online invitation | online invitation  | online invitation f | online invitation for
digital invitation card for wedding free,6,4,950,5,digital invitation card | digital invitation card  | digital invitation card f | digital invitation card for
online invitation card,3,4,801,4,online invitation | online invitation  | online invitation c | online invitation r
gift links pvt ltd,4,4,602,5,gift link | gift link l | gift link p | gift link q
digital invitation card link,4,4,601,1,digital invitation card l | digital invitation card u | digital invitation card x | digital invitation card z
gift link for birthday,4,4,601,2,gift link | gift link  | gift link f | gift link for
online invitation card printing,4,4,601,6,digital invitation card p | online invitation | online invitation  | online invitation c
online surprise for long distance girlfriend,6,4,601,1,online surprise for girlfriend | online surprise for girlfriend  | online surprise for girlfriend d | online surprise for girlfriend l
virtual gift ideas for her,5,4,601,1,virtual gift ideas h | virtual gift ideas for | virtual gift ideas 2026 | virtual gift ideas 2027
virtual gift ideas for long distance boyfriend,7,4,601,4,virtual gift ideas | virtual gift ideas  | virtual gift ideas f | virtual gift ideas for
what is digital invitation card,5,4,601,1,how digital invitation card | what digital invitation card | why digital invitation card | is it digital invitation card
can i use happy card online,6,4,600,2,what digital card for girlfriend | when digital card for girlfriend | why digital card for girlfriend | which digital card for girlfriend
online birthday surprise ideas for girlfriend,6,4,600,2,online surprise for girlfriend | online surprise for girlfriend  | online surprise for girlfriend b | online surprise for girlfriend i
virtual gift for girlfriend day,5,4,600,2,virtual gift ideas  | virtual gift ideas d | virtual gift ideas g | virtual gift ideas y
virtual gift ideas for online friends,6,4,600,2,virtual gift ideas o | virtual gift ideas t | virtual gift ideas free | virtual gift ideas online
virtual gift for mother's day,5,4,562,3,virtual gift ideas  | virtual gift ideas d | virtual gift ideas m | virtual gift ideas y
online gift ideas for birthday,5,4,558,5,virtual gift ideas a | virtual gift ideas f | virtual gift ideas with | virtual gift ideas in
digital invitation card for baby shower,6,4,557,8,digital invitation card f | digital invitation card with | digital invitation card for | digital invitation card in
online gift ideas for boyfriend,5,4,557,6,virtual gift ideas a | virtual gift ideas f | virtual gift ideas with | virtual gift ideas in
gift links salary,3,4,555,4,gift link j | gift link k | gift link y | gift link maker
how do i create a digital card,7,4,555,4,digital invitation card a | digital card for girlfriend | digital card for girlfriend s | how digital card for girlfriend
online gift ideas for men,5,4,554,9,virtual gift ideas a | virtual gift ideas f | virtual gift ideas with | virtual gift ideas in
which gift can you give to your girlfriend,8,4,554,5,online gift for girlfriend c | online gift for girlfriend o | how online gift for girlfriend | who online gift for girlfriend
online gift ideas for mother's day,6,4,553,10,virtual gift ideas a | virtual gift ideas f | virtual gift ideas with | virtual gift ideas in
online gift ideas for long distance,6,4,552,11,virtual gift ideas a | virtual gift ideas f | virtual gift ideas with | virtual gift ideas in
digital gift for girlfriend,4,4,551,8,digital card for girlfriend g | digital card for girlfriend s | digital card for girlfriend u | digital card for girlfriend x
online gift ideas for christmas,5,4,551,12,virtual gift ideas a | virtual gift ideas f | virtual gift ideas with | virtual gift ideas in
online invitation video maker,4,3,1252,1,online invitation | online invitation  | online invitation v
digital invitation card size,4,3,1251,1,digital invitation card | digital invitation card  | digital invitation card s
e gift card in n out,6,3,1251,2,e gift card i | e gift card with | e gift card in
e gift card meaning,4,3,1251,1,e gift card | e gift card  | e gift card m
gift link online,3,3,1251,1,gift link | gift link  | gift link o
gift links india pvt ltd,5,3,1251,1,gift link | gift link i | gift link p
digital invitation card canva,4,3,1250,1,digital invitation card c | digital invitation card q | digital invitation card x
digital invitation card maker,4,3,1250,2,digital invitation card | digital invitation card  | digital invitation card m
digital invitation card template free download,6,3,1250,2,digital invitation card t | digital invitation card free | digital invitation card template
digital invitation card video,4,3,1250,1,digital invitation card | digital invitation card  | digital invitation card v
e gift card amazon,4,3,1250,1,e gift card | e gift card  | e gift card a
e gift card blinkit,4,3,1250,2,e gift card | e gift card  | e gift card b
e gift card for gas,5,3,1250,1,e gift card f | e gift card with | e gift card for
e gift card kya hota hai,6,3,1250,1,e gift card | e gift card  | e gift card k
e gift card myntra,4,3,1250,2,e gift card | e gift card  | e gift card m
e gift card sell,4,3,1250,1,e gift card | e gift card  | e gift card s
gift link create,3,3,1250,1,gift link | gift link  | gift link c
gift link maker,3,3,1250,2,gift link | gift link  | gift link m
gift link new yorker,4,3,1250,2,gift link  | gift link n | gift link y
digital invitation card in hindi,5,3,1200,1,digital invitation card i | digital invitation card with | digital invitation card in
gift link message,3,3,1200,2,gift link | gift link  | gift link m
e gift card voucher details,5,3,1100,2,e gift card | e gift card  | e gift card v
e gift card amazon redeem,5,3,950,2,e gift card | e gift card  | e gift card a
online invitation maker,3,3,900,1,online invitation | online invitation  | online invitation m
online invitation card maker in kannada,6,3,800,5,online invitation | online invitation  | online invitation c
online invitation making free,4,3,750,2,online invitation | online invitation  | online invitation m
online invitation for birthday,4,3,602,3,online invitation f | online invitation with | online invitation for
cute online surprise for girlfriend,5,3,601,1,online surprise for girlfriend | online surprise for girlfriend  | online surprise for girlfriend c
digital card for my girlfriend,5,3,601,1,digital card for girlfriend | digital card for girlfriend  | digital card for girlfriend m
digital gift cards for girlfriend,5,3,601,1,digital card for girlfriend | digital card for girlfriend  | digital card for girlfriend g
digital invitation card creation,4,3,601,1,digital invitation card u | digital invitation card z | digital invitation card 2026
digital invitation card with qr code,6,3,601,3,digital invitation card q | digital invitation card w | digital invitation card with
digital sorry card for gf,5,3,601,1,digital card for girlfriend | digital card for girlfriend  | digital card for girlfriend s
free online gift for girlfriend,5,3,601,1,online gift for girlfriend | online gift for girlfriend f | online gift for girlfriend free
gift card link online,4,3,601,1,gift link c | gift link o | gift link online
gift link download,3,3,601,1,gift link | gift link  | gift link d
online birthday surprise for girlfriend,5,3,601,1,online surprise for girlfriend | online surprise for girlfriend  | online surprise for girlfriend b
online gift for girlfriend on new year,7,3,601,1,online gift for girlfriend o | online gift for girlfriend 2026 | online gift for girlfriend 2027
online gift for long distance girlfriend,6,3,601,2,virtual gift ideas l | online gift for girlfriend d | online gift for girlfriend l
online gift for women birthday,5,3,601,2,virtual gift ideas w | online gift for girlfriend  | online gift for girlfriend b
online invitation for wedding,4,3,601,4,online invitation f | online invitation with | online invitation for
online invitation with rsvp,4,3,601,6,online invitation w | online invitation with | online invitation in
online surprise for my girlfriend,5,3,601,1,online surprise for girlfriend | online surprise for girlfriend  | online surprise for girlfriend m
virtual gift for boyfriend,4,3,601,1,virtual gift ideas | virtual gift ideas b | virtual gift ideas y
virtual gift for free,4,3,601,1,virtual gift ideas  | virtual gift ideas y | virtual gift ideas free
virtual gift for girlfriend,4,3,601,1,virtual gift ideas | virtual gift ideas g | virtual gift ideas y
virtual gift for long distance boyfriend,6,3,601,1,virtual gift ideas d | virtual gift ideas l | virtual gift ideas y
which online gift cards is best,6,3,601,1,what e gift card | which e gift card | who e gift card
best gift for girlfriend online shopping,6,3,600,2,online gift for girlfriend b | online gift for girlfriend s | online gift for girlfriend best
birthday gift for girlfriend online sri lanka,7,3,600,3,online gift for girlfriend b | online gift for girlfriend l | online gift for girlfriend s
digital invitation card with photo,5,3,600,2,digital invitation card w | digital invitation card 2026 | digital invitation card 2027
gift link discord nitro,4,3,600,2,gift link  | gift link d | gift link n
gift link for fidelity 529,5,3,600,3,gift link f | gift link for | gift link in
online invitation card maker for naming ceremony,7,3,600,7,online invitation | online invitation  | online invitation c
online invitation with rsvp free,5,3,600,7,online invitation w | online invitation with | online invitation in
surprise link for girlfriend online,5,3,600,2,online surprise for girlfriend | online surprise for girlfriend  | online surprise for girlfriend l
virtual gift for birthday,4,3,600,2,virtual gift ideas | virtual gift ideas b | virtual gift ideas y
virtual gift for long distance girlfriend,6,3,600,2,virtual gift ideas | virtual gift ideas l | virtual gift ideas y
virtual gift for rose day,5,3,600,2,virtual gift ideas  | virtual gift ideas r | virtual gift ideas y
what is digital wedding card,5,3,600,2,how digital invitation card | what digital invitation card | why digital invitation card
online gift ideas,3,3,562,3,virtual gift ideas | virtual gift ideas  | virtual gift ideas y
online invitation with link,4,3,561,4,online invitation w | online invitation with | online invitation in
digital invitation card for shop opening,6,3,560,5,digital invitation card f | digital invitation card o | digital invitation card for
digital invitation card maker app,5,3,560,5,digital invitation card m | digital invitation card app | digital invitation card maker
e gift card for walmart,5,3,560,5,e gift card f | e gift card with | e gift card for
gift link for wedding,4,3,560,5,gift link f | gift link for | gift link in
create digital invitation card online free,6,3,559,6,digital invitation card e | digital invitation card o | digital invitation card online
e gift ideas,3,3,559,6,virtual gift ideas | virtual gift ideas  | virtual gift ideas y
gift link for 529,4,3,559,6,gift link f | gift link for | gift link in
online best valentine gift for girlfriend,6,3,559,3,online gift for girlfriend b | online gift for girlfriend v | online gift for girlfriend best
digital invitation card maker ai,5,3,558,7,digital invitation card a | digital invitation card m | digital invitation card maker
gift link for robux,4,3,558,7,gift link f | gift link for | gift link in
gift link for roblox,4,3,557,8,gift link f | gift link for | gift link in
online invitation card maker free in kannada,7,3,557,8,online invitation | online invitation  | online invitation c
online invitation for baby shower,5,3,557,8,online invitation f | online invitation with | online invitation for
digital invitation card for griha pravesh,6,3,556,9,digital invitation card g | digital invitation card with | digital invitation card in
how to find evite invitation,5,3,555,4,what online invitation | which online invitation | who online invitation
online gift ideas for friends,5,3,555,8,virtual gift ideas a | virtual gift ideas with | virtual gift ideas in
what is invitation card,4,3,555,4,what digital invitation card | why digital invitation card | is it digital invitation card
digital girlfriend meaning,3,3,554,4,when digital card for girlfriend | why digital card for girlfriend | who digital card for girlfriend
digital invitation card for marriage,5,3,554,11,digital invitation card f | digital invitation card with | digital invitation card for
digital invitation card for thread ceremony,6,3,554,11,digital invitation card c | digital invitation card with | digital invitation card in
how much is invitation card,5,3,554,5,what digital invitation card | why digital invitation card | is it digital invitation card
online invitation card for birthday,5,3,554,11,online invitation | online invitation  | online invitation c
online invitation card maker in hindi,6,3,554,11,digital invitation card i | online invitation i | online invitation in
best digital gift for girlfriend,5,3,553,4,what digital card for girlfriend | which digital card for girlfriend | who digital card for girlfriend
digital invitation cards online,4,3,553,10,digital invitation card j | digital invitation card l | digital invitation card u
invitation card 2025,3,3,553,3,digital invitation card 2027 | online invitation 2026 | online invitation 2027
online invitation card maker in marathi,6,3,553,12,digital invitation card i | online invitation i | online invitation in
digital cards for boyfriend,4,3,552,5,when digital card for girlfriend | why digital card for girlfriend | who digital card for girlfriend
digital invitation card creator,4,3,552,3,digital invitation card x | digital invitation card z | digital invitation card 2026
online invitation india,3,3,552,12,online invitation x | online invitation y | online invitation online
girlfriend online purchase,3,3,551,9,when online gift for girlfriend | why online gift for girlfriend | who online gift for girlfriend
online invitation for christening,4,3,551,14,online invitation f | online invitation with | online invitation for
digital gift ideas for girlfriend,5,3,550,5,digital card for girlfriend n | digital card for girlfriend in | digital card for girlfriend 2027
how to surprise a girl online,6,3,550,3,how online surprise for girlfriend | when online surprise for girlfriend | why online surprise for girlfriend
online gift for gf,4,3,550,15,online gift for girlfriend s | online gift for girlfriend v | online gift for girlfriend z
online gift ideas for ldr,5,3,550,13,virtual gift ideas a | virtual gift ideas with | virtual gift ideas in
e gift card instant delivery,5,2,1252,1,e gift card i | e gift card in
digital invitation card online,4,2,1251,1,digital invitation card e | digital invitation card o
e gift card buy,4,2,1251,1,e gift card  | e gift card b
e gift card dominos,4,2,1251,1,e gift card  | e gift card d
e gift card playstation,4,2,1251,1,e gift card  | e gift card p
gift link nyt,3,2,1251,1,gift link  | gift link n
digital invitation card free download,5,2,1250,1,digital invitation card f | digital invitation card free
digital invitation card price,4,2,1250,2,digital invitation card l | digital invitation card p
e gift card best buy,5,2,1250,1,e gift card b | e gift card best
e gift card ideas,4,2,1250,1,virtual gift ideas c | e gift card i
e gift card indigo,4,2,1250,3,e gift card i | e gift card in
e gift card usa,4,2,1250,1,e gift card | e gift card u
e gift card with no purchase fee,7,2,1250,1,e gift card w | e gift card with
gift link surprise,3,2,1250,1,gift link  | gift link s
online invitation interactive,3,2,1250,1,online invitation i | online invitation in
online invitation templates free,4,2,1250,2,online invitation t | online invitation template
online invitation with location,4,2,1250,1,online invitation w | online invitation with
e gift card flipkart redeem,5,2,1200,2,e gift card  | e gift card f
gift link wsj,3,2,1200,2,gift link  | gift link w
e gift card free,4,2,1150,3,e gift card  | e gift card f
e gift card with phone number,6,2,1100,2,e gift card w | e gift card with
e gift card india,4,2,1050,4,e gift card i | e gift card in
e gift card international,4,2,950,5,e gift card i | e gift card in
digital invitation card birthday,4,2,901,2,digital invitation card b | digital invitation card z
online invitation templates free download,5,2,850,2,online invitation t | online invitation template
e gift card for birthday,5,2,700,2,e gift card f | e gift card for
e gift card no fee,5,2,650,4,e gift card n | e gift card without
online invitation maker free,4,2,602,1,online invitation m | online invitation maker
digital invitation card business,4,2,601,4,digital invitation card b | digital invitation card best
digital invitation card create,4,2,601,2,digital invitation card c | digital invitation card x
digital invitation card design charges in india,7,2,601,2,digital invitation card d | digital invitation card template
digital invitation card etsy,4,2,601,1,digital invitation card e | digital invitation card x
digital invitation card for upanayanam,5,2,601,1,digital invitation card u | digital invitation card 2027
digital invitation card free,4,2,601,6,digital invitation card f | digital invitation card l
digital invitation card house warming,5,2,601,1,digital invitation card h | digital invitation card w
digital invitation card in gujarati,5,2,601,3,digital invitation card i | digital invitation card in
digital invitation card naming ceremony,5,2,601,2,digital invitation card c | digital invitation card n
digital invitation card shop near me,6,2,601,3,digital invitation card n | digital invitation card s
digital invitation card template free,5,2,601,2,digital invitation card t | digital invitation card template
digital invitation card video free,5,2,601,2,digital invitation card v | digital invitation card free
digital wedding card online,4,2,601,2,digital invitation card e | digital invitation card online
e gift card apple,4,2,601,4,e gift card a | e gift card app
e gift card code flipkart,5,2,601,1,e gift card 2026 | e gift card 2027
e gift card for restaurants,5,2,601,3,e gift card f | e gift card for
e gift card instacart,4,2,601,6,e gift card i | e gift card in
e gift card with cash access,6,2,601,3,e gift card w | e gift card with
gift for girlfriend india online,5,2,601,1,online gift for girlfriend i | online gift for girlfriend in
gift link boston globe,4,2,601,2,gift link b | gift link g
gift link telegram,3,2,601,1,gift link t | gift link template
gift link washington post,4,2,601,3,gift link p | gift link w
gift with link,3,2,601,1,gift link w | gift link with
how make online invitation card,5,2,601,1,how digital invitation card | how online invitation
new year gift for girlfriend online,6,2,601,1,online gift for girlfriend n | online gift for girlfriend y
online gift card for girlfriend,5,2,601,1,online gift for girlfriend | online gift for girlfriend c
online gift for teenage girl,5,2,601,1,virtual gift ideas t | online gift for girlfriend t
online gift for your girlfriend,5,2,601,1,online gift for girlfriend u | online gift for girlfriend y
online gift ideas nz,4,2,601,1,virtual gift ideas n | virtual gift ideas z
online gift maker for gf,5,2,601,1,virtual gift ideas maker | online gift for girlfriend maker
online gift to girlfriend,4,2,601,1,online gift for girlfriend t | online gift for girlfriend for
online girlfriend gift,3,2,601,1,online gift for girlfriend free | online gift for girlfriend online
online invitation app free,4,2,601,1,online invitation a | online invitation app
online invitation card online,4,2,601,1,online invitation o | online invitation online
online invitation free templates,4,2,601,1,online invitation f | online invitation free
online invitation in canva,4,2,601,2,online invitation i | online invitation in
online invitation maker free for house warming,7,2,601,2,online invitation m | online invitation maker
online invitation template maker,4,2,601,3,online invitation t | online invitation template
online invitation upload your own,5,2,601,1,online invitation u | online invitation y
online invitations best,3,2,601,1,online invitation b | online invitation best
online virtual gift for girlfriend,5,2,601,1,online gift for girlfriend | online gift for girlfriend v
virtual gift card for apple pay,6,2,601,1,virtual gift ideas c | virtual gift ideas app
virtual gift card for onlyfans,5,2,601,1,virtual gift ideas c | virtual gift ideas o
virtual gift for best friend,5,2,601,1,virtual gift ideas b | virtual gift ideas best
virtual gift for valentine's day,5,2,601,1,virtual gift ideas d | virtual gift ideas v
what is online invitation,4,2,601,1,what online invitation | why online invitation
which online invitations are free,5,2,601,2,which online invitation | who online invitation
birthday gift link maker,4,2,600,2,gift link m | gift link maker
birthday gift link online,4,2,600,2,gift link o | gift link online
digital card for her,4,2,600,2,digital card for girlfriend | digital card for girlfriend 
digital invitation card hindi,4,2,600,2,digital invitation card h | digital invitation card j
digital invitation card in marathi,5,2,600,4,digital invitation card i | digital invitation card in
digital invitation card maker for wedding,6,2,600,4,digital invitation card m | digital invitation card maker
digital invitation card sample,4,2,600,4,digital invitation card s | digital invitation card template
digital wedding card template,4,2,600,3,digital invitation card t | digital invitation card template
e gift card apple pay,5,2,600,2,e gift card a | e gift card app
e gift card code amazon,5,2,600,2,e gift card 2026 | e gift card 2027
e gift card fortnite,4,2,600,4,e gift card f | e gift card for
e gift card in uk,5,2,600,7,e gift card i | e gift card in
gift link clash royale,4,2,600,3,gift link c | gift link r
how to design a love card,6,2,600,2,which digital card for girlfriend | who digital card for girlfriend
make online gift for girlfriend,5,2,600,2,online gift for girlfriend | online gift for girlfriend m
online best gift for girlfriend birthday,6,2,600,2,online gift for girlfriend b | online gift for girlfriend best
online gift for best friend,5,2,600,2,virtual gift ideas b | virtual gift ideas best
online gift for her birthday,5,2,600,3,online gift for girlfriend  | online gift for girlfriend b
online in invitation,3,2,600,3,online invitation i | online invitation in
online invitation card app,4,2,600,2,digital invitation card app | online invitation app
online invitation card for upanayanam,5,2,600,2,digital invitation card u | online invitation y
online invitation card of birthday,5,2,600,4,digital invitation card o | online invitation o
online invitation free with rsvp,5,2,600,2,online invitation f | online invitation free
online invitation maker wedding,4,2,600,3,online invitation m | online invitation maker
online unique gift for girlfriend birthday,6,2,600,2,online gift for girlfriend b | online gift for girlfriend u
surprise ideas for girlfriend,4,2,600,2,online surprise for girlfriend b | why online surprise for girlfriend
what is e gift card amazon,6,2,600,2,what e gift card | is it e gift card
what's digital gift card,4,2,600,3,how e gift card | what e gift card
who buy e gift cards,5,2,600,2,which e gift card | who e gift card
gift link discord,3,2,562,3,gift link  | gift link d
gift link telegram premium,4,2,562,3,gift link p | gift link t
online appointment invitation card,4,2,562,3,online invitation a | online invitation app
online invitations upload your own design,6,2,562,3,online invitation u | online invitation y
digital wedding card indian,4,2,561,4,digital invitation card i | digital invitation card in
digital wedding card online maker,5,2,561,4,digital invitation card e | digital invitation card online
e invitation in canva,4,2,561,4,online invitation i | online invitation in
gift card link online free,5,2,561,3,gift link o | gift link online
online appointments invitation card design,5,2,561,4,online invitation a | online invitation app
online invitation card template,4,2,561,4,digital invitation card t | digital invitation card template
online invitation maker for house warming,6,2,561,4,online invitation m | online invitation maker
online invitation maker online,4,2,561,3,online invitation o | online invitation online
valentine gift for girlfriend online shopping,6,2,561,4,online gift for girlfriend s | online gift for girlfriend v
virtual gift ideas for valentine,5,2,561,4,virtual gift ideas v | virtual gift ideas for
digital wedding card in bengali,5,2,560,5,digital invitation card i | digital invitation card in
e gift card no purchase fee,6,2,560,5,e gift card n | e gift card without
e gift for girlfriend,4,2,560,5,online gift for girlfriend | online gift for girlfriend 
gift links market value,4,2,560,5,gift link m | gift link v
love gift for girlfriend online shopping,6,2,560,5,online gift for girlfriend l | online gift for girlfriend s
online gift for women,4,2,560,5,virtual gift ideas w | online gift for girlfriend 
online invitation card template free download,6,2,560,5,digital invitation card t | digital invitation card template
online invitation maker for baby shower,6,2,560,5,online invitation m | online invitation maker
online invitation templates for wedding,5,2,560,5,online invitation t | online invitation template
online invitation with video,4,2,560,5,online invitation with | online invitation in
surprise gift online link,4,2,560,4,gift link o | gift link online
what online gift card,4,2,560,5,how e gift card | what e gift card
digital invitation card maker in ahmedabad,6,2,559,6,digital invitation card m | digital invitation card maker
digital wedding card template free download,6,2,559,6,digital invitation card t | digital invitation card template
e gift card for dad,5,2,559,6,e gift card f | e gift card for
gift box online link,4,2,559,5,gift link o | gift link online
gift links bangalore,3,2,559,6,gift link b | gift link best
gift links india pvt ltd photos,6,2,559,4,gift link | gift link i
gift links place of birth,5,2,559,6,gift link o | gift link p
online gift for girls,4,2,559,4,virtual gift ideas g | online gift for girlfriend 
online gift for her,4,2,559,6,virtual gift ideas h | online gift for girlfriend 
online invitation for marriage,4,2,559,6,online invitation f | online invitation for
online invitation maker for ear piercing ceremony,7,2,559,6,online invitation m | online invitation maker
online invitation templates birthday,4,2,559,6,online invitation t | online invitation template
online wedding invitation card order,5,2,559,6,digital invitation card o | online invitation o
virtual gift card for gas,5,2,559,6,virtual gift ideas c | virtual gift ideas g
virtual gift for birthday free,5,2,559,6,virtual gift ideas b | virtual gift ideas free
virtual gift ideas for dad,5,2,559,6,virtual gift ideas d | virtual gift ideas for
what online gift cards can you buy,7,2,559,6,how e gift card | what e gift card
digital wedding card template free,5,2,558,7,digital invitation card t | digital invitation card template
e gift card for cash,5,2,558,7,e gift card f | e gift card for
free online invitation upload your own,6,2,558,7,online invitation u | online invitation y
gift link the times,4,2,558,7,gift link a | gift link t
gift links india pvt ltd reviews,6,2,558,5,gift link | gift link i
gift making link,3,2,558,7,gift link m | gift link maker
make digital invitation card online,5,2,558,7,digital invitation card e | digital invitation card online
online creative gift ideas for girlfriend,6,2,558,5,online gift for girlfriend c | online gift for girlfriend i
online ganpati invitation in marathi free,6,2,558,7,online invitation i | online invitation in
online gift ideas men,4,2,558,7,virtual gift ideas | virtual gift ideas m
online invitation card with location,5,2,558,5,digital invitation card l | digital invitation card w
online invitation for engagement,4,2,558,7,online invitation f | online invitation for
online invitation maker tamil,4,2,558,7,online invitation m | online invitation maker
valentine gift online link,4,2,558,6,gift link o | gift link online
virtual gift for boyfriend free,5,2,558,7,virtual gift ideas b | virtual gift ideas free
virtual gift for love,4,2,558,7,virtual gift ideas  | virtual gift ideas l
virtual gift ideas for employees,5,2,558,6,virtual gift ideas e | virtual gift ideas for
apple gift card link online,5,2,557,7,gift link o | gift link online
digital invitation card background hd,5,2,557,8,digital invitation card b | digital invitation card h
digital invitation card maker video,5,2,557,8,digital invitation card m | digital invitation card maker
e gift card for sephora,5,2,557,8,e gift card f | e gift card for
e gift card in amazon,5,2,557,8,e gift card i | e gift card in
e gift card no verification,5,2,557,8,e gift card n | e gift card without
gift shop link road,4,2,557,8,gift link r | gift link s
online birthday gift ideas for girlfriend,6,2,557,4,online gift for girlfriend b | online gift for girlfriend i
online book gift for girlfriend,5,2,557,6,online gift for girlfriend | online gift for girlfriend b
online gift idea link,4,2,557,8,virtual gift ideas l | gift link i
online invitation card template editable,5,2,557,8,digital invitation card t | digital invitation card template
online invitation maker for puberty function,6,2,557,8,online invitation m | online invitation maker
online wedding invitation indian,4,2,557,8,online invitation i | online invitation in
what is email gift card,5,2,557,5,what e gift card | is it e gift card
where can her gift cards be used,7,2,557,8,what gift link | which gift link
best online invitation app,4,2,556,9,online invitation best | online invitation app
digital invitation card maker app download,6,2,556,5,digital invitation card a | digital invitation card app
e gift card for men,5,2,556,9,e gift card f | e gift card for
gift card link in usa,5,2,556,7,gift link i | gift link in
gift link wall street journal,5,2,556,3,gift link j | gift link s
gift links number history,4,2,556,9,gift link h | gift link n
how to create an online rsvp invitation,7,2,556,4,online invitation x | which online invitation
online gift link free,4,2,556,8,gift link o | gift link online
online invitation card template free,5,2,556,9,digital invitation card t | digital invitation card template
online invitation creator,3,2,556,9,online invitation  | online invitation c
online invitation editing app,4,2,556,9,online invitation e | online invitation app
online invitation for ear piercing ceremony free,7,2,556,9,online invitation f | online invitation for
online invitation maker free for puberty function,7,2,556,9,online invitation m | online invitation maker
online invitation maker in tamil,5,2,556,9,online invitation i | online invitation in
virtual gift ideas for him,5,2,556,9,virtual gift ideas h | virtual gift ideas for
digital invitation card maker in rajkot,6,2,555,10,digital invitation card m | digital invitation card maker
digital marriage invitation card online,5,2,555,10,digital invitation card e | digital invitation card online
digital wedding card templates indian,5,2,555,10,digital invitation card t | digital invitation card template
gift card link in uk,5,2,555,8,gift link i | gift link in
itunes gift card link online,5,2,555,9,gift link o | gift link online
online invitation for puberty function,5,2,555,10,online invitation f | online invitation for
online invitation maker with rsvp,5,2,555,10,online invitation m | online invitation maker
online invitation making app,4,2,555,10,online invitation m | online invitation app
where to buy her gift cards,6,2,555,10,what gift link | which gift link
brazil gift card link online,5,2,554,10,gift link o | gift link online
digital invitation card for ring ceremony,6,2,554,11,digital invitation card c | digital invitation card r
e gift card for dairy queen,6,2,554,11,e gift card f | e gift card for
gift card link in germany,5,2,554,9,gift link i | gift link in
how to make a digital card,6,2,554,3,digital card for girlfriend b | digital card for girlfriend m
link gift total battle hack,5,2,554,11,gift link h | gift link t
links to buy gift card online,6,2,554,8,gift link l | gift link maker
online invitation for kitty party,5,2,554,11,online invitation f | online invitation for
virtual gift card for roblox,5,2,554,9,virtual gift ideas c | virtual gift ideas r
virtual gift link for birthday,5,2,554,11,virtual gift ideas l | gift link for
what can i buy to surprise my girlfriend,8,2,554,4,online surprise for girlfriend best | what online surprise for girlfriend
whatsapp gift link india,4,2,554,11,what gift link | which gift link
gift card 2023,3,2,553,8,gift link 2026 | gift link 2027
how to save an evite invitation,6,2,553,12,online invitation y | which online invitation
how to surprise your girlfriend online,6,2,553,3,online surprise for girlfriend c | online surprise for girlfriend o
digital invitation card for wedding video free,7,2,552,13,digital invitation card f | digital invitation card for
e gift card dairy queen,5,2,552,13,e gift card d | e gift card q
gift to link,3,2,552,12,gift link t | gift link in
gohenry gift link not working,5,2,552,13,gift link g | gift link n
online gift card link in uk,6,2,552,11,gift link i | gift link in
online invitation card maker in gujarati,6,2,552,13,online invitation i | online invitation in
online invitation for engagement ceremony,5,2,552,13,online invitation f | online invitation for
virtual gift ideas for girlfriend birthday,6,2,552,11,virtual gift ideas g | virtual gift ideas k
who gift,2,2,552,5,who gift link | who e gift card
best online surprise for gf,5,2,551,4,which online surprise for girlfriend | who online surprise for girlfriend
digital invitation card means,4,2,551,7,why digital invitation card | is it digital invitation card
gift code link whiteout survival,5,2,551,14,gift link c | gift link w
gift launch,2,2,551,10,gift link 2026 | gift link 2027
online gift card link in usa,6,2,551,12,gift link i | gift link in
online invitation card maker in marathi free,7,2,551,14,online invitation i | online invitation in
virtual gift link for boyfriend,5,2,551,14,virtual gift ideas l | gift link for
who gift box,3,2,551,6,who gift link | who e gift card
online surprises for girlfriend,4,2,550,8,online surprise for girlfriend best | online surprise for girlfriend without
unique online gift for girlfriend,5,2,550,10,which online gift for girlfriend | who online gift for girlfriend
e gift card jd,4,1,1252,1,e gift card j
digital invitation card template,4,1,1251,1,digital invitation card t
e gift card john lewis,5,1,1251,2,e gift card j
e gift card lululemon,4,1,1251,1,e gift card l
e gift card online,4,1,1251,1,e gift card o
e gift card qr code,5,1,1251,1,e gift card q
e gift cards,3,1,1251,1,e gift card
online invitation template,3,1,1251,1,online invitation t
online invitation video maker free,5,1,1251,2,online invitation v
online invitation website,3,1,1251,1,online invitation w
what e gift cards does coinstar offer,7,1,1251,1,what e gift card
can i gift linkedin premium to a friend,8,1,1250,1,can i gift link
digital invitation card background,4,1,1250,1,digital invitation card b
digital invitation card kaise banaye,5,1,1250,1,digital invitation card k
digital invitation card near me,5,1,1250,1,digital invitation card n
digital invitation card wedding,4,1,1250,1,digital invitation card w
e gift card check balance,5,1,1250,1,e gift card c
e gift card daily objects,5,1,1250,2,e gift card d
e gift card exchange,4,1,1250,1,e gift card e
e gift card generator,4,1,1250,1,e gift card g
e gift card h&m,4,1,1250,1,e gift card h
e gift card jd sports,5,1,1250,3,e gift card j
e gift card lowes,4,1,1250,2,e gift card l
e gift card nz,4,1,1250,1,e gift card n
e gift card options,4,1,1250,2,e gift card o
e gift card pvr,4,1,1250,2,e gift card p
e gift card qatar,4,1,1250,2,e gift card q
e gift card target,4,1,1250,1,e gift card t
e gift card xbox,4,1,1250,1,e gift card x
e gift card you can add to apple wallet,9,1,1250,1,e gift card y
e gift card zepto,4,1,1250,1,e gift card z
e gift cards india,4,1,1250,2,e gift card
gift link birthday,3,1,1250,1,gift link b
gift link roblox,3,1,1250,1,gift link r
gift link website,3,1,1250,1,gift link w
gift links,2,1,1250,2,gift link
how e gift card works,5,1,1250,1,how e gift card
online invitation app,3,1,1250,1,online invitation a
online invitation birthday card,4,1,1250,1,online invitation b
online invitation design,3,1,1250,1,online invitation d
online invitation editor,3,1,1250,1,online invitation e
online invitation generator,3,1,1250,1,online invitation g
online invitation house warming,4,1,1250,1,online invitation h
online invitation ideas,3,1,1250,1,online invitation i
online invitation link maker,4,1,1250,1,online invitation l
online invitation options,3,1,1250,1,online invitation o
online invitation rsvp,3,1,1250,1,online invitation r
online invitation video maker free without watermark,7,1,1250,3,online invitation v
online invitation wedding card,4,1,1250,2,online invitation w
what e gift card can i add to my apple wallet,11,1,1250,2,what e gift card
which online invitation site is best,6,1,1250,1,which online invitation
e gift card roblox,4,1,1201,1,e gift card r
online invitation sample,3,1,1201,1,online invitation s
e gift card redeem,4,1,1200,2,e gift card r
gift link robux,3,1,1200,2,gift link r
online invitation size,3,1,1200,2,online invitation s
e gift card balance check,5,1,1150,3,e gift card b
digital invitation card ideas,4,1,1100,1,digital invitation card i
digital invitation card website,4,1,1100,2,digital invitation card w
e gift card ebay,4,1,950,2,e gift card e
e gift card zara,4,1,950,2,e gift card z
online invitation editor free,4,1,950,2,online invitation e
online invitation link,3,1,950,2,online invitation l
online invitation website free,4,1,950,3,online invitation w
digital invitation card baby shower,5,1,900,3,digital invitation card b
digital invitation card printing,4,1,900,3,digital invitation card p
e gift card love to shop,6,1,900,3,e gift card l
e gift card next,4,1,851,2,e gift card n
e gift card nordstrom,4,1,850,3,e gift card n
online invitation free,3,1,850,3,online invitation f
e gift card link,4,1,800,4,e gift card l
online invitation printing,3,1,752,1,online invitation p
e gift card olive garden,5,1,751,3,e gift card o
online invitation printing services,4,1,751,2,online invitation p
e gift card old navy,5,1,750,4,e gift card o
online invitation poster maker,4,1,750,3,online invitation p
e gift card ireland,4,1,704,2,e gift card i
e gift card canada,4,1,701,2,e gift card c
e gift card ideas for women,6,1,701,5,e gift card i
e gift card officeworks,4,1,701,5,e gift card o
digital invitation card prompt,4,1,700,4,digital invitation card p
e gift card chick fil a,6,1,700,3,e gift card c
e gift card oliver bonas,5,1,700,6,e gift card o
e gift card lego,4,1,651,5,e gift card l
online invitation wedding,3,1,651,4,online invitation w
e gift card liquorland,4,1,650,6,e gift card l
e gift card tim hortons,5,1,650,2,e gift card t
e gift card just eat,5,1,603,4,e gift card j
e gift card to cash,5,1,603,3,e gift card t
e gift card app,4,1,602,3,e gift card a
e gift card email,4,1,602,3,e gift card e
e gift card ikea,4,1,602,9,e gift card i
e gift card jimmy john's,5,1,602,5,e gift card j
e gift card options coinstar,5,1,602,7,e gift card o
e gift card tfg,4,1,602,4,e gift card t
gift link steam,3,1,602,2,gift link s
#gift-open-link,1,1,601,2,gift link o
247 invites promo code free,5,1,601,1,online invitation 2027
best digital invitation card maker,5,1,601,1,digital invitation card best
best gift link,3,1,601,1,gift link best
can i gift card expire,5,1,601,1,can i e gift card
can i gift linkedin premium,5,1,601,2,can i gift link
digital invitation card app,4,1,601,1,digital invitation card a
digital invitation card engagement,4,1,601,1,digital invitation card e
digital invitation card for 25th anniversary,6,1,601,1,digital invitation card 2027
digital invitation card for jagran,5,1,601,1,digital invitation card j
digital invitation card free maker,5,1,601,2,digital invitation card free
digital invitation card github,4,1,601,1,digital invitation card g
digital invitation card printing in patna,6,1,601,5,digital invitation card p
digital invitation card quotes,4,1,601,1,digital invitation card q
digital invitation card rajkot,4,1,601,1,digital invitation card r
digital invitation card tamil,4,1,601,3,digital invitation card t
digital wedding card app,4,1,601,1,digital invitation card app
direct gifting link qr code,5,1,601,1,gift link q
discord gift link template,4,1,601,1,gift link template
e gift card balance,4,1,601,4,e gift card b
e gift card best buy canada,6,1,601,2,e gift card best
e gift card chipotle,4,1,601,4,e gift card c
e gift card doordash,4,1,601,3,e gift card d
e gift card exchange online instantly,6,1,601,4,e gift card e
e gift card free people,5,1,601,1,e gift card free
e gift card gas,4,1,601,2,e gift card g
e gift card home depot,5,1,601,2,e gift card h
e gift card i can add to apple pay,9,1,601,10,e gift card i
e gift card jcpenney,4,1,601,6,e gift card j
e gift card kroger,4,1,601,2,e gift card k
e gift card lululemon amex,5,1,601,7,e gift card l
e gift card mastercard,4,1,601,3,e gift card m
e gift card nike,4,1,601,5,e gift card n
e gift card one for all,6,1,601,8,e gift card o
e gift card online shopping,5,1,601,1,e gift card online
e gift card purchase,4,1,601,3,e gift card p
e gift card quiktrip,4,1,601,3,e gift card q
e gift card restaurant,4,1,601,3,e gift card r
e gift card sell online instantly,6,1,601,2,e gift card s
e gift card template free,5,1,601,1,e gift card template
e gift card text,4,1,601,5,e gift card t
e gift card uk,4,1,601,2,e gift card u
e gift card visa,4,1,601,3,e gift card v
e gift card westside,4,1,601,1,e gift card w
e gift card without fee,5,1,601,1,e gift card without
e gift card xbox game pass,6,1,601,2,e gift card x
e gift card yorkdale,4,1,601,2,e gift card y
e gift card zara uk,5,1,601,3,e gift card z
electronic gift card maker,4,1,601,1,e gift card maker
gift 2021,2,1,601,1,gift link 2027
gift card link app,4,1,601,1,gift link app
gift link app,3,1,601,1,gift link a
gift link claude,3,1,601,2,gift link c
gift link gohenry,3,1,601,2,gift link g
gift link humble bundle,4,1,601,1,gift link h
gift link kæreste,3,1,601,1,gift link k
gift link list,3,1,601,1,gift link l
gift link meaning,3,1,601,3,gift link m
gift link nitro,3,1,601,3,gift link n
gift link position,3,1,601,1,gift link p
gift link reddit,3,1,601,3,gift link r
gift link substack,3,1,601,3,gift link s
gift link ulang tahun,4,1,601,1,gift link u
gift link video,3,1,601,1,gift link v
gift linkedin premium,3,1,601,6,gift link
gift links ea fc 26,5,1,601,1,gift link e
gift links jersey number,4,1,601,1,gift link j
how to gift linkedin premium,5,1,601,1,how gift link
is an e gift card,5,1,601,1,is it e gift card
is gift links at the world cup,7,1,601,1,is it gift link
new year gift link 2026,5,1,601,1,gift link 2026
online birthday gift for girls under 100,7,1,601,1,online gift for girlfriend u
online gift for india,4,1,601,1,virtual gift ideas i
online gift for teacher,4,1,601,1,virtual gift ideas t
online gift ideas uk,4,1,601,1,virtual gift ideas u
online invitation and rsvp,4,1,601,2,online invitation a
online invitation birthday,3,1,601,2,online invitation b
online invitation card kaise banaye,5,1,601,2,digital invitation card k
online invitation card order,4,1,601,3,digital invitation card o
online invitation design free,4,1,601,2,online invitation d
online invitation editing,3,1,601,3,online invitation e
online invitation for republic day 2026,6,1,601,1,online invitation 2026
online invitation graduation,3,1,601,2,online invitation g
online invitation harry potter,4,1,601,2,online invitation h
online invitation jewellery,3,1,601,1,online invitation j
online invitation kids birthday,4,1,601,1,online invitation k
online invitation letter,3,1,601,3,online invitation l
online invitation naming ceremony,4,1,601,1,online invitation n
online invitation order,3,1,601,2,online invitation o
online invitation platforms,3,1,601,4,online invitation p
online invitation quotes,3,1,601,1,online invitation q
online invitation rsvp free,4,1,601,2,online invitation r
online invitation sites,3,1,601,3,online invitation s
online invitation tamil,3,1,601,4,online invitation t
online invitation video,3,1,601,4,online invitation v
online invitation without rsvp,4,1,601,1,online invitation without
online invitation zazzle,3,1,601,1,online invitation z
online invitations you can text,5,1,601,1,online invitation y
online order gifts for girlfriend,5,1,601,1,online gift for girlfriend o
online romantic gifts for girlfriend,5,1,601,1,online gift for girlfriend r
online xmas invitation,3,1,601,1,online invitation x
virtual gift card for xbox,5,1,601,1,virtual gift ideas x
virtual gift card ideas,4,1,601,1,virtual gift ideas c
virtual gift exchange ideas,4,1,601,1,virtual gift ideas e
virtual gift for dad,4,1,601,1,virtual gift ideas d
virtual gift for her,4,1,601,1,virtual gift ideas h
virtual gift for my girlfriend,5,1,601,1,virtual gift ideas m
virtual gift for online friend,5,1,601,1,virtual gift ideas online
virtual gift for partner,4,1,601,1,virtual gift ideas p
virtual gift for sister,4,1,601,1,virtual gift ideas s
virtual gift ideas reddit,4,1,601,1,virtual gift ideas r
virtual gift ideas website,4,1,601,1,virtual gift ideas w
virtual.gift.for kids,2,1,601,1,virtual gift ideas k
what e gift card,4,1,601,2,how e gift card
what e gift cards work with apple pay,8,1,601,3,what e gift card
what is gift link,4,1,601,1,what gift link
what online invitations are free,5,1,601,1,what online invitation
where can i make online invitations,6,1,601,1,can i online invitation
which linkage present in sucrose,5,1,601,1,which gift link
who is gift links,4,1,601,1,who gift link
zudio gift link,3,1,601,1,gift link z
#giftunder200,1,1,600,2,gift link 2027
2026 only,2,1,600,2,online invitation 2026
best digital invitation card,4,1,600,2,digital invitation card best
can i link gift card to paypal,7,1,600,3,can i gift link
can i use e gift card in store,8,1,600,2,can i e gift card
can you use her gift cards online,7,1,600,2,is it gift link
cute online gifts for girlfriend,5,1,600,2,online gift for girlfriend c
cute online gifts for your girlfriend,6,1,600,2,online gift for girlfriend y
digital card vs physical card,5,1,600,2,digital card for girlfriend s
digital gift card without fee,5,1,600,2,e gift card without
digital invitation card ai,4,1,600,2,digital invitation card a
digital invitation card bengali,4,1,600,5,digital invitation card b
digital invitation card dimensions,4,1,600,3,digital invitation card d
digital invitation card for wedding video,6,1,600,8,digital invitation card for
digital invitation card gujarati,4,1,600,2,digital invitation card g
digital invitation card logo,4,1,600,2,digital invitation card l
digital invitation card price in india,6,1,600,6,digital invitation card p
digital invitation card rsvp,4,1,600,2,digital invitation card r
digital invitation card traditional,4,1,600,4,digital invitation card t
digital invitation card video for wedding,6,1,600,3,digital invitation card v
digital invitation card with music,5,1,600,4,digital invitation card w
digital invitation card with video,5,1,600,2,digital invitation card with
digital invitation code,3,1,600,2,digital invitation card 2027
digital wedding card free,4,1,600,3,digital invitation card free
digital wedding card kaise banaye,5,1,600,3,digital invitation card k
digital wedding card near me,5,1,600,3,digital invitation card n
digital wedding card online free,5,1,600,3,digital invitation card online
e gift card australia,4,1,600,5,e gift card a
e gift card best western,5,1,600,3,e gift card best
e gift card code,4,1,600,5,e gift card c
e gift card dunkin,4,1,600,4,e gift card d
e gift card expiry date,5,1,600,5,e gift card e
e gift card gcash,4,1,600,3,e gift card g
e gift card home goods,5,1,600,3,e gift card h
e gift card ideas for men,6,1,600,11,e gift card i
e gift card jb hi fi,6,1,600,7,e gift card j
e gift card klarna,4,1,600,3,e gift card k
e gift card lush,4,1,600,8,e gift card l
e gift card m&s,4,1,600,4,e gift card m
e gift card nepal,4,1,600,6,e gift card n
e gift card on amazon,5,1,600,9,e gift card o
e gift card online purchase,5,1,600,2,e gift card online
e gift card pakistan,4,1,600,4,e gift card p
e gift card quince,4,1,600,4,e gift card q
e gift card robux,4,1,600,4,e gift card r
e gift card sephora,4,1,600,3,e gift card s
e gift card that can be used anywhere,8,1,600,6,e gift card t
e gift card ulta,4,1,600,3,e gift card u
e gift card visa apple pay,6,1,600,4,e gift card v
e gift card walmart,4,1,600,2,e gift card w
e gift card with paypal,5,1,600,4,e gift card with
e gift card yochi,4,1,600,3,e gift card y
e gift card zip,4,1,600,4,e gift card z
e gift one for all,5,1,600,2,virtual gift ideas o
electronic gift card free,4,1,600,2,e gift card free
electronic gift card xbox,4,1,600,3,e gift card x
email gift card template,4,1,600,2,e gift card template
gift card link usa,4,1,600,2,gift link u
gift card with link,4,1,600,2,gift link with
gift exchange link,3,1,600,2,gift link e
gift link amazon,3,1,600,2,gift link a
gift link bloomberg,3,1,600,3,gift link b
gift link letter,3,1,600,2,gift link l
gift link mk,3,1,600,4,gift link m
gift link new york times,5,1,600,2,gift link y
gift link nymag,3,1,600,4,gift link n
gift link patreon,3,1,600,2,gift link p
gift link site,3,1,600,4,gift link s
gift link the athletic,4,1,600,2,gift link t
gift link vanity fair,4,1,600,2,gift link v
gift link with music,4,1,600,4,gift link w
gift links games,3,1,600,3,gift link g
gift links highlights,3,1,600,2,gift link h
gift links instagram,3,1,600,3,gift link i
gift links jersey,3,1,600,2,gift link j
gift links rc lens,4,1,600,4,gift link r
happy new year gift link 2026,6,1,600,2,gift link 2026
how create online invitation,4,1,600,2,how online invitation
how does mobil smiles card work,6,1,600,2,why digital card for girlfriend
how to add guests to evite invitation,7,1,600,2,who online invitation
how to gift linkedin premium to a friend,8,1,600,2,how gift link
how to use a gift debit card online,8,1,600,2,digital card for girlfriend b
inviting 2024,2,1,600,2,online invitation 2027
link gift code kingshot,4,1,600,2,gift link k
link zelda gift,3,1,600,2,gift link z
online birthday gift girl in nepal,6,1,600,2,online gift for girlfriend in
online gift card maker,4,1,600,2,e gift card maker
online gift for diwali,4,1,600,2,virtual gift ideas d
online gift for kids,4,1,600,2,virtual gift ideas k
online gift for teachers day,5,1,600,2,virtual gift ideas t
online gift for uk,4,1,600,2,virtual gift ideas u
online gift for valentine day,5,1,600,2,virtual gift ideas v
online gift ideas free,4,1,600,2,virtual gift ideas free
online gift ideas philippines,4,1,600,2,virtual gift ideas p
online gift maker for bf,5,1,600,2,virtual gift ideas maker
online invitation and rsvp free,5,1,600,3,online invitation a
online invitation baby shower,4,1,600,3,online invitation b
online invitation card creator,4,1,600,3,digital invitation card c
online invitation card for jagran,5,1,600,2,digital invitation card j
online invitation denmark,3,1,600,3,online invitation d
online invitation envelope,3,1,600,4,online invitation e
online invitation for free,4,1,600,5,online invitation for
online invitation gender reveal,4,1,600,3,online invitation g
online invitation hindi,3,1,600,3,online invitation h
online invitation kaise banaye,4,1,600,2,online invitation k
online invitation letter maker,4,1,600,4,online invitation l
online invitation making,3,1,600,4,online invitation m
online invitation name,3,1,600,2,online invitation n
online invitation of wedding,4,1,600,3,online invitation o
online invitation preparation,3,1,600,5,online invitation p
online invitation qr code,4,1,600,2,online invitation q
online invitation rsvp tracking,4,1,600,3,online invitation r
online invitation services,3,1,600,4,online invitation s
online invitation template maker free,5,1,600,4,online invitation template
online invitation uk,3,1,600,2,online invitation u
online invitation video card maker free,6,1,600,5,online invitation v
online invitation zola,3,1,600,2,online invitation z
online invitations apple,3,1,600,2,online invitation app
online invitations without ads,4,1,600,2,online invitation without
online jagran invitation card maker free,6,1,600,2,online invitation j
online valentine gift for girlfriend,5,1,600,2,online gift for girlfriend v
online wedding invitation online,4,1,600,2,online invitation online
online wedding invitations best,4,1,600,2,online invitation best
online xv invitations,3,1,600,2,online invitation x
qantas gift link,3,1,600,2,gift link q
virtual gift card for apple wallet,6,1,600,2,virtual gift ideas app
virtual gift for christmas,4,1,600,2,virtual gift ideas c
virtual gift for everyone who knows me,7,1,600,2,virtual gift ideas e
virtual gift for him,4,1,600,2,virtual gift ideas h
virtual gift for my boyfriend,5,1,600,2,virtual gift ideas m
virtual gift for new year,5,1,600,2,virtual gift ideas n
virtual gift for someone,4,1,600,2,virtual gift ideas s
virtual gift for wife,4,1,600,2,virtual gift ideas w
virtual gift link app,4,1,600,2,gift link app
what are online invitation sites,5,1,600,2,what online invitation
what is gift link wsj,5,1,600,2,what gift link
what should i add to my wishlist,7,1,600,2,gift link best
where can i make online invitations for free,8,1,600,2,can i online invitation
which linkage present in lactose,5,1,600,2,which gift link
who takes gift cards,4,1,600,2,who gift link
why invitation is important,4,1,600,2,why online invitation
best online invitation platform,4,1,562,3,online invitation best
can i add e gift card to apple wallet,9,1,562,3,can i e gift card
can i send wedding invitations online,6,1,562,3,can i online invitation
digital invitation card generator,4,1,562,3,digital invitation card g
digital invitation card hindu,4,1,562,3,digital invitation card h
digital invitation card rate,4,1,562,3,digital invitation card r
discord gift link example,4,1,562,3,gift link e
e gift card apple wallet,5,1,562,3,e gift card app
e gift card online visa,5,1,562,3,e gift card online
e gift card woolworths south africa,6,1,562,3,e gift card w
electronic gift card template,4,1,562,3,e gift card template
gift card link uk,4,1,562,3,gift link u
gift link atlantic,3,1,562,3,gift link a
gift links hometown,3,1,562,3,gift link h
gift links profile,3,1,562,3,gift link p
gift virtual link,3,1,562,3,gift link v
how do gift links work,5,1,562,3,how gift link
how to make digital invitation card,6,1,562,3,how digital invitation card
how to online invitation,4,1,562,3,how online invitation
online gift card free,4,1,562,3,e gift card free
online gift card without fees,5,1,562,3,e gift card without
online gift for daughter,4,1,562,3,virtual gift ideas d
online gift for newborn baby,5,1,562,3,virtual gift ideas n
online gift for sister,4,1,562,3,virtual gift ideas s
online gift voucher ideas,4,1,562,3,virtual gift ideas v
online invitation card with rsvp,5,1,562,3,digital invitation card with
online invitation kaise kare,4,1,562,3,online invitation k
online invitation unicorn,3,1,562,3,online invitation u
online invitations nz,3,1,562,3,online invitation n
online invitations quinceanera,3,1,562,3,online invitation q
online jagran invitation card,4,1,562,3,online invitation j
virtual gift for husband,4,1,562,3,virtual gift ideas h
virtual gift for long distance friend,6,1,562,3,virtual gift ideas l
virtual gift for wedding,4,1,562,3,virtual gift ideas w
what is discord gift link,5,1,562,3,what gift link
which linkage present in protein,5,1,562,3,which gift link
best online invitation sites,4,1,561,4,online invitation best
can i buy e gift cards on amazon,8,1,561,4,can i e gift card
can i link gift card to cash app,8,1,561,4,can i gift link
digital gift card free,4,1,561,4,e gift card free
digital gift card xbox,4,1,561,4,e gift card x
digital invitation card download,4,1,561,4,digital invitation card d
digital invitation card gif,4,1,561,4,digital invitation card g
digital invitation card hsn code,5,1,561,4,digital invitation card h
digital invitation card ratio,4,1,561,4,digital invitation card r
digital invitation card video maker,5,1,561,4,digital invitation card v
digital wedding card canva,4,1,561,4,digital invitation card c
digital wedding card kannada,4,1,561,4,digital invitation card k
discord gift link expired,4,1,561,4,gift link e
e gift card applebees,4,1,561,4,e gift card app
e gift card google play,5,1,561,4,e gift card g
e gift card how to use,6,1,561,4,e gift card h
e gift card king soopers,5,1,561,4,e gift card k
e gift card online canada,5,1,561,4,e gift card online
e gift card starbucks,4,1,561,4,e gift card s
e gift card uber eats,5,1,561,4,e gift card u
e gift card woolworths,4,1,561,4,e gift card w
e gift cards best,4,1,561,4,e gift card best
e gift cards you can send via text,8,1,561,4,e gift card y
gift donation link,3,1,561,4,gift link d
gift link athletic,3,1,561,4,gift link a
gift link creator,3,1,561,4,gift link c
gift link tutorial,3,1,561,4,gift link t
gift links bafana bafana exclusion,5,1,561,4,gift link b
gift links girlfriend,3,1,561,4,gift link g
gift links parents,3,1,561,4,gift link p
how many gift links nyt,5,1,561,4,how gift link
how to create online invitation card,6,1,561,4,how online invitation
how to e gift card amazon,6,1,561,4,how e gift card
how to make digital invitation card video,7,1,561,4,how digital invitation card
link gift happy birthday,4,1,561,4,gift link h
link gift valentine,3,1,561,4,gift link v
online gift card ideas,4,1,561,4,virtual gift ideas c
online gift card template,4,1,561,4,e gift card template
online gift for dad birthday,5,1,561,4,virtual gift ideas d
online gift for newly married couple,6,1,561,4,virtual gift ideas n
online gift for sister on raksha bandhan,7,1,561,4,virtual gift ideas s
online invitation birthday card maker,5,1,561,4,online invitation b
online invitation card free,4,1,561,4,digital invitation card free
online invitation card near me,5,1,561,4,digital invitation card n
online invitation design for wedding,5,1,561,4,online invitation d
online invitation generator ai,4,1,561,4,online invitation g
online invitation halloween,3,1,561,4,online invitation h
online invitation kannada,3,1,561,4,online invitation k
online invitation rsvp maker,4,1,561,4,online invitation r
online invitations create your own,5,1,561,4,online invitation y
online invitations near me,4,1,561,4,online invitation n
online invitations quince,3,1,561,4,online invitation q
online islamic invitation card maker free,6,1,561,4,online invitation i
online janeu invitation card,4,1,561,4,online invitation j
temu free gift link uk,5,1,561,4,gift link u
virtual gift for boyfriend birthday,5,1,561,4,virtual gift ideas b
virtual gift for employees,4,1,561,3,virtual gift ideas e
virtual gift for her birthday,5,1,561,4,virtual gift ideas h
virtual gift for long distance relationship,6,1,561,4,virtual gift ideas l
virtual gift for men,4,1,561,4,virtual gift ideas m
virtual gift for women,4,1,561,4,virtual gift ideas w
what are online invitation companies,5,1,561,4,what online invitation
what is nitro gift link,5,1,561,4,what gift link
where can i order invitations online,6,1,561,4,can i online invitation
which linkage present in nucleic acid,6,1,561,4,which gift link
best online invitation with rsvp,5,1,560,5,online invitation best
can i buy e gift cards,6,1,560,5,can i e gift card
can i link gift card to apple pay,8,1,560,5,can i gift link
digital gift card best buy,5,1,560,5,e gift card best
digital gift card with paypal,5,1,560,5,e gift card with
digital invitation card size in inches,6,1,560,5,digital invitation card s
digital invitation card tanzania,4,1,560,5,digital invitation card t
digital invitation card video for engagement,6,1,560,5,digital invitation card v
digital invitation card with rsvp,5,1,560,5,digital invitation card w
digital wedding card design,4,1,560,5,digital invitation card d
digital wedding card hindi,4,1,560,5,digital invitation card h
digital wedding card ideas,4,1,560,5,digital invitation card i
digital wedding e card,4,1,560,4,digital invitation card e
e gift card apple store,5,1,560,5,e gift card app
e gift card deals,4,1,560,5,e gift card d
e gift card graduation,4,1,560,5,e gift card g
e gift card harrods,4,1,560,5,e gift card h
e gift card kwik trip,5,1,560,5,e gift card k
e gift card malaysia,4,1,560,5,e gift card m
e gift card postcode lottery,5,1,560,5,e gift card p
e gift card qt,4,1,560,5,e gift card q
e gift card redemption,4,1,560,5,e gift card r
e gift card spotify,4,1,560,5,e gift card s
e gift card universal studios,5,1,560,5,e gift card u
e gift card victoria secret,5,1,560,5,e gift card v
e gift card website,4,1,560,5,e gift card w
e gift card zillions,4,1,560,5,e gift card z
e gift cards you can print,6,1,560,5,e gift card y
e gift for dad,4,1,560,5,virtual gift ideas d
e gift voucher ideas,4,1,560,5,virtual gift ideas v
electronic invitation card free,4,1,560,5,digital invitation card free
email gift card online,4,1,560,5,e gift card online
gift data link,3,1,560,5,gift link d
gift hamper link,3,1,560,5,gift link h
gift link com,3,1,560,5,gift link c
gift link the cut,4,1,560,5,gift link t
gift link wired,3,1,560,5,gift link w
gift links age,3,1,560,5,gift link a
gift links bafana bafana,4,1,560,5,gift link b
gift links number,3,1,560,5,gift link n
gift links rating,3,1,560,5,gift link r
gift links store,3,1,560,5,gift link s
gift voucher link,3,1,560,5,gift link v
how to gift link nyt,5,1,560,5,how gift link
how to make digital invitation card free,7,1,560,5,how digital invitation card
how to make online invitation card for birthday,8,1,560,5,how online invitation
how use e gift card,5,1,560,5,how e gift card
online appointments invitation,3,1,560,5,online invitation app
online birthday invitation online,4,1,560,4,online invitation online
online gift card free people,5,1,560,5,e gift card free
online gift card her,4,1,560,3,online gift for girlfriend c
online gift card link usa,5,1,560,5,gift link u
online gift card xbox,4,1,560,5,e gift card x
online gift for engagement,4,1,560,4,virtual gift ideas e
online gift for husband,4,1,560,5,virtual gift ideas h
online gift for new born baby girl,7,1,560,5,virtual gift ideas n
online gift for someone,4,1,560,5,virtual gift ideas s
online gift ideas reddit,4,1,560,3,virtual gift ideas r
online invitation animation,3,1,560,5,online invitation a
online invitation birthday party,4,1,560,5,online invitation b
online invitation card create,4,1,560,5,digital invitation card c
online invitation card for upnayan sanskar,6,1,560,3,digital invitation card u
online invitation card generator,4,1,560,5,digital invitation card g
online invitation card kannada,4,1,560,5,digital invitation card k
online invitation card link,4,1,560,3,digital invitation card l
online invitation card namkaran,4,1,560,5,digital invitation card n
online invitation card rsvp,4,1,560,5,digital invitation card r
online invitation download,3,1,560,5,online invitation d
online invitation engagement cards,4,1,560,5,online invitation e
online invitation games,3,1,560,5,online invitation g
online invitation kids party,4,1,560,5,online invitation k
online invitation link free,4,1,560,5,online invitation l
online invitation sender,3,1,560,5,online invitation s
online invitations hello kitty,4,1,560,5,online invitation h
online invitations no ads,4,1,560,5,online invitation n
online invitations retirement party,4,1,560,5,online invitation r
online invitations uk free,4,1,560,5,online invitation u
online janmashtami invitation card maker,5,1,560,5,online invitation j
online new year invitation card maker,6,1,560,5,online invitation y
online quinceanera invitation maker,4,1,560,5,online invitation q
steam gift link example,4,1,560,5,gift link e
surprise gift link app,4,1,560,3,gift link app
virtual gift card template,4,1,560,5,e gift card template
virtual gift cards for birthday,5,1,560,5,virtual gift ideas c
virtual gift for boyfriend long distance,6,1,560,5,virtual gift ideas b
virtual gift for ldr,4,1,560,5,virtual gift ideas l
virtual gift for mom,4,1,560,5,virtual gift ideas m
virtual gift link generator,4,1,560,5,gift link g
what is steam gift link,5,1,560,5,what gift link
what's the best online invitation,5,1,560,5,what online invitation
where can i print invitations online,6,1,560,5,can i online invitation
which linkage present in maltose,5,1,560,5,which gift link
best online invitation maker,4,1,559,6,online invitation best
can i link gift card to venmo,7,1,559,6,can i gift link
can i use e gift card in store at walmart,10,1,559,6,can i e gift card
christmas gift link app,4,1,559,4,gift link app
digital gift card free people,5,1,559,6,e gift card free
digital gift card template free,5,1,559,6,e gift card template
digital gift card xbox game pass,6,1,559,6,e gift card x
digital invitation card birthday party,5,1,559,6,digital invitation card b
digital invitation card marathi,4,1,559,6,digital invitation card m
digital invitation card surat,4,1,559,6,digital invitation card s
digital invitation card video price,5,1,559,6,digital invitation card v
digital wedding card free download,5,1,559,6,digital invitation card free
digital wedding card kerala,4,1,559,6,digital invitation card k
digital wedding card nepali,4,1,559,6,digital invitation card n
digital wedding card rsvp,4,1,559,6,digital invitation card r
e gift card activation,4,1,559,6,e gift card a
e gift card app store,5,1,559,6,e gift card app
e gift card birthday,4,1,559,6,e gift card b
e gift card customer service,5,1,559,6,e gift card c
e gift card dunkin donuts,5,1,559,6,e gift card d
e gift card esso,4,1,559,6,e gift card e
e gift card food,4,1,559,6,e gift card f
e gift card gas station,5,1,559,6,e gift card g
e gift card hollister,4,1,559,6,e gift card h
e gift card kmart,4,1,559,6,e gift card k
e gift card mcdonald's canada,5,1,559,6,e gift card m
e gift card no frills,5,1,559,6,e gift card without
e gift card phantom fireworks,5,1,559,6,e gift card p
e gift card qdoba,4,1,559,6,e gift card q
e gift card rapha,4,1,559,6,e gift card r
e gift card steam,4,1,559,6,e gift card s
e gift card uber,4,1,559,6,e gift card u
e gift card via text,5,1,559,6,e gift card v
e gift card winners,4,1,559,6,e gift card w
e gift card zalando,4,1,559,6,e gift card z
e gift cards you can send,6,1,559,6,e gift card y
e invitation app,3,1,559,6,online invitation app
e invitation quotes,3,1,559,6,online invitation q
electronic gift card online,4,1,559,6,e gift card online
gift duel links,3,1,559,6,gift link d
gift health link,3,1,559,6,gift link h
gift link feature,3,1,559,6,gift link f
gift link love,3,1,559,3,gift link l
gift link the atlantic,4,1,559,6,gift link t
gift links aarhus,3,1,559,6,gift link a
gift links current team,4,1,559,6,gift link c
gift links news,3,1,559,6,gift link n
gift links world cup,4,1,559,6,gift link w
gift message link free,4,1,559,6,gift link m
gift registry link,3,1,559,6,gift link r
gift service link,3,1,559,6,gift link s
gifting via link,3,1,559,6,gift link v
gifts for girlfriend online delivery,5,1,559,3,online gift for girlfriend d
how can i create an online invitation,7,1,559,6,can i online invitation
how to design digital invitation card,6,1,559,6,how digital invitation card
how to gift link wsj,5,1,559,6,how gift link
how to make online invitations for free,7,1,559,6,how online invitation
is a digital gift card,5,1,559,3,is it e gift card
nitro gift link expired,4,1,559,6,gift link e
online gift card best buy,5,1,559,6,e gift card best
online gift card link uk,5,1,559,6,gift link u
online gift card with paypal,5,1,559,6,e gift card with
online gift cards women,4,1,559,4,online gift for girlfriend c
online gift for employees,4,1,559,5,virtual gift ideas e
online gift for free,4,1,559,3,virtual gift ideas free
online gift for new born baby boy,7,1,559,6,virtual gift ideas n
online gift for partner,4,1,559,3,virtual gift ideas p
online gift for raksha bandhan,5,1,559,4,virtual gift ideas r
online gift for vastu shanti,5,1,559,6,virtual gift ideas v
online gift for wife,4,1,559,6,virtual gift ideas w
online gift shop ideas,4,1,559,6,virtual gift ideas s
online housewarming invitation card maker free,6,1,559,6,online invitation h
online invitation baptism,3,1,559,6,online invitation b
online invitation card canva,4,1,559,6,digital invitation card c
online invitation card design,4,1,559,6,digital invitation card d
online invitation card for lunch,5,1,559,4,digital invitation card l
online invitation card generator free,5,1,559,6,digital invitation card g
online invitation card hindi,4,1,559,6,digital invitation card h
online invitation card maker online,5,1,559,5,online invitation online
online invitation card maker using ai,6,1,559,4,digital invitation card u
online invitation date night,4,1,559,6,online invitation d
online invitation engagement,3,1,559,6,online invitation e
online invitation for house warming ceremony,6,1,559,6,online invitation for
online invitation gif,3,1,559,6,online invitation g
online invitation kids,3,1,559,6,online invitation k
online invitation letter for visa,5,1,559,6,online invitation l
online invitation marriage card,4,1,559,6,online invitation m
online invitation party,3,1,559,6,online invitation p
online invitation scams,3,1,559,6,online invitation s
online invitation tracker,3,1,559,6,online invitation t
online invitation video maker marathi free,6,1,559,6,online invitation v
online invitations australia,3,1,559,6,online invitation a
online invitations rehearsal dinner,4,1,559,6,online invitation r
online invitations with rsvp tracking,5,1,559,6,online invitation with
online jagran invitation card maker,5,1,559,6,online invitation j
online navratri invitation card maker free,6,1,559,6,online invitation n
online new year invitation card,5,1,559,6,online invitation y
online order invitation card,4,1,559,4,online invitation o
online upanayanam invitation card,4,1,559,6,online invitation u
sawan gift for girlfriend online,5,1,559,6,online gift for girlfriend s
surprise gift link generator,4,1,559,6,gift link g
virtual gift for long distance,5,1,559,6,virtual gift ideas l
virtual gift for monthsary,4,1,559,6,virtual gift ideas m
what are the online invitation websites,6,1,559,6,what online invitation
what is a gift link nyt,6,1,559,6,what gift link
which linkage present in cellulose,5,1,559,6,which gift link
amazon gift list link,4,1,558,4,gift link l
best online invitation card maker,5,1,558,7,online invitation best
birthday surprise gift link app,5,1,558,5,gift link app
can i link gift card to disney app,8,1,558,7,can i gift link
can i print e gift card,6,1,558,7,can i e gift card
can you use egift cards in store,7,1,558,7,e gift card y
digital gift card best,4,1,558,7,e gift card best
digital gift card online,4,1,558,7,e gift card online
digital invitation card blank,4,1,558,7,digital invitation card b
digital invitation card malaysia,4,1,558,7,digital invitation card m
digital invitation card printing machine,5,1,558,7,digital invitation card p
digital invitation card song,4,1,558,7,digital invitation card s
digital invitation card video maker free,6,1,558,7,digital invitation card v
digital wedding card create,4,1,558,7,digital invitation card c
digital wedding card generator,4,1,558,7,digital invitation card g
digital wedding card hindu,4,1,558,7,digital invitation card h
digital wedding card rate,4,1,558,7,digital invitation card r
digital wedding card with photo,5,1,558,7,digital invitation card w
digital wedding invitation card kaise banaye,6,1,558,7,digital invitation card k
diwali gift for girlfriend online,5,1,558,4,online gift for girlfriend d
e gift card aritzia,4,1,558,7,e gift card a
e gift card barnes and noble,6,1,558,7,e gift card b
e gift card canadian tire,5,1,558,7,e gift card c
e gift card disney,4,1,558,7,e gift card d
e gift card etsy,4,1,558,7,e gift card e
e gift card go outdoors,5,1,558,7,e gift card g
e gift card homesense,4,1,558,7,e gift card h
e gift card kohls,4,1,558,7,e gift card k
e gift card mcdonalds,4,1,558,7,e gift card m
e gift card no activation fee,6,1,558,7,e gift card without
e gift card number,4,1,558,7,e gift card n
e gift card paypal,4,1,558,7,e gift card p
e gift card restaurants near me,6,1,558,7,e gift card r
e gift card selfridges,4,1,558,7,e gift card s
e gift card texas roadhouse,5,1,558,7,e gift card t
e gift card ulta beauty,5,1,558,7,e gift card u
e gift card vanilla,4,1,558,7,e gift card v
e gift card what is it,6,1,558,7,e gift card w
e gift card zomato,4,1,558,7,e gift card z
e gift for kids,4,1,558,3,virtual gift ideas k
e gift voucher template,4,1,558,7,e gift card template
e invitation of wedding,4,1,558,5,online invitation o
e invitation template,3,1,558,7,online invitation template
e-gift cards quebec,3,1,558,7,e gift card q
electronic invitation apps,3,1,558,7,online invitation app
email gift card apple,4,1,558,7,e gift card app
free digital invitation card for upanayanam,6,1,558,5,digital invitation card u
free discord nitro gift link 2026,6,1,558,3,gift link 2026
gift a link,3,1,558,7,gift link a
gift hub link,3,1,558,7,gift link h
gift links biography,3,1,558,7,gift link b
gift links contract,3,1,558,7,gift link c
gift links finder,3,1,558,7,gift link f
gift links net worth,4,1,558,7,gift link n
gift links player,3,1,558,7,gift link p
gift links wikipedia,3,1,558,7,gift link w
gift robux link roblox,4,1,558,7,gift link r
how can i make birthday invitations online for free,9,1,558,7,can i online invitation
how to gift link,4,1,558,7,how gift link
how to make digital invitation card for birthday,8,1,558,7,how digital invitation card
how to make online invitation card for wedding,8,1,558,7,how online invitation
kindle gift link,3,1,558,3,gift link k
link gift sets,3,1,558,7,gift link s
nitro gift link example,4,1,558,7,gift link e
online gift card maker free,5,1,558,3,e gift card maker
online gift card with apple pay,6,1,558,7,e gift card with
online gift card xbox game pass,6,1,558,7,e gift card x
online gift delivery ideas,4,1,558,7,virtual gift ideas d
online gift for best friend girl,6,1,558,3,virtual gift ideas best
online gift for him,4,1,558,7,virtual gift ideas h
online gift for newborn,4,1,558,7,virtual gift ideas n
online gift for parents,4,1,558,4,virtual gift ideas p
online gift for rakhi,4,1,558,5,virtual gift ideas r
online gift for sister birthday,5,1,558,7,virtual gift ideas s
online gift vouchers for women,5,1,558,7,virtual gift ideas v
online housewarming invitation maker free,5,1,558,7,online invitation h
online invitation builder,3,1,558,7,online invitation b
online invitation card app for free,6,1,558,3,digital invitation card app
online invitation card design free,5,1,558,7,digital invitation card d
online invitation card free maker,5,1,558,7,digital invitation card free
online invitation card maker online free,6,1,558,6,online invitation online
online invitation card name,4,1,558,7,digital invitation card n
online invitation card shop opening,5,1,558,7,digital invitation card o
online invitation digital,3,1,558,7,online invitation d
online invitation evite,3,1,558,7,online invitation e
online invitation griha pravesh,4,1,558,7,online invitation g
online invitation layout,3,1,558,7,online invitation l
online invitation maker without watermark,5,1,558,3,online invitation without
online invitation price,3,1,558,7,online invitation p
online invitation sender free,4,1,558,7,online invitation s
online invitation text message,4,1,558,7,online invitation t
online invitation video free,4,1,558,7,online invitation v
online invitations and rsvp tracking,5,1,558,7,online invitation a
online invitations free birthday,4,1,558,3,online invitation free
online invitations with rsvp tracking free,6,1,558,7,online invitation with
online invited kit,3,1,558,7,online invitation k
online janmashtami invitation card maker free,6,1,558,7,online invitation j
online namkaran invitation card,4,1,558,7,online invitation n
online quinceanera invitations with rsvp,5,1,558,7,online invitation q
online reception invitation,3,1,558,7,online invitation r
online upanayanam invitation card maker,5,1,558,7,online invitation u
titan e gift card free,5,1,558,7,e gift card free
unest gift link,3,1,558,7,gift link u
virtual gift for girlfriend free,5,1,558,4,virtual gift ideas free
virtual gift link generator free,5,1,558,7,gift link g
virtual gift website for boyfriend,5,1,558,7,virtual gift ideas w
what are the best online invitation sites,7,1,558,7,what online invitation
what is electronic gift card,5,1,558,4,is it e gift card
what is reward link gift card,6,1,558,7,what gift link
which country does gift links represent,6,1,558,7,which gift link
yungblud gift link,3,1,558,3,gift link y
20x gift link discord,4,1,557,8,gift link d
best digital invitation card maker near me,7,1,557,3,digital invitation card best
best online invitation service,4,1,557,8,online invitation best
can i email a gift card to someone,8,1,557,8,can i e gift card
can i link gift cards to my magicband,8,1,557,8,can i gift link
digital gift card online purchase,5,1,557,8,e gift card online
digital gift card xbox live,5,1,557,8,e gift card x
digital gift card you can add to apple wallet,9,1,557,8,e gift card y
digital invitation card for anniversary,5,1,557,4,digital invitation card a
digital invitation card in kannada,5,1,557,8,digital invitation card k
digital invitation card muslim,4,1,557,8,digital invitation card m
digital invitation card pinterest,4,1,557,8,digital invitation card p
digital invitation card size in cm,6,1,557,8,digital invitation card s
digital invitation card vadodara,4,1,557,8,digital invitation card v
digital marriage invitation card online free,6,1,557,8,digital invitation card online
digital wedding card design template,5,1,557,8,digital invitation card d
digital wedding card free design,5,1,557,8,digital invitation card free
digital wedding card website,4,1,557,8,digital invitation card w
digital wedding invitation card with qr code,7,1,557,3,digital invitation card q
e gift card brands,4,1,557,8,e gift card b
e gift card costco,4,1,557,8,e gift card c
e gift card dutch bros,5,1,557,8,e gift card d
e gift card gymshark,4,1,557,8,e gift card g
e gift card hoyts,4,1,557,8,e gift card h
e gift card jollibee,4,1,557,8,e gift card j
e gift card kids,4,1,557,8,e gift card k
e gift card multiple stores,5,1,557,8,e gift card m
e gift card not working,5,1,557,8,e gift card n
e gift card printable,4,1,557,8,e gift card p
e gift card razer gold,5,1,557,8,e gift card r
e gift card scams,4,1,557,8,e gift card s
e gift card tesco,4,1,557,8,e gift card t
e gift card top golf,5,1,557,8,e gift card best
e gift card under armour,5,1,557,8,e gift card u
e gift card visa balance,5,1,557,8,e gift card v
e gift card whole foods,5,1,557,8,e gift card w
e gift card zip code,5,1,557,8,e gift card z
e greeting card maker,4,1,557,4,e gift card maker
e invitation application,3,1,557,8,online invitation app
electronic gift card apple,4,1,557,8,e gift card app
electronic invitation template,3,1,557,8,online invitation template
email gift voucher template,4,1,557,8,e gift card template
eneba gift card online,4,1,557,8,e gift card e
free online invitations without ads,5,1,557,4,online invitation without
gift card link expired,4,1,557,8,gift link e
gift card video link,4,1,557,8,gift link v
gift ideas link,3,1,557,6,gift link i
gift kado link,3,1,557,4,gift link k
gift link for friends,4,1,557,8,gift link f
gift links bluesky,3,1,557,8,gift link b
gift links club,3,1,557,8,gift link c
gift links fifa history,4,1,557,8,gift link h
gift links new salary,4,1,557,8,gift link n
gift links previous clubs,4,1,557,8,gift link p
gift links transfermarkt,3,1,557,8,gift link t
gift links vm 2026,4,1,557,4,gift link 2026
gift links world cup 2026,5,1,557,8,gift link w
gift robux link feature,4,1,557,8,gift link r
harrods e gift card free,5,1,557,8,e gift card free
how can i make wedding invitations online for free,9,1,557,8,can i online invitation
how to email gift cards,5,1,557,8,how e gift card
how to make digital invitation card for engagement,8,1,557,8,how digital invitation card
how to send online invitations,5,1,557,8,how online invitation
link gift free app,4,1,557,6,gift link app
link gift message for friends,5,1,557,8,gift link m
linkedin gift,2,1,557,8,how gift link
loreal gift link,3,1,557,5,gift link l
online birthday invitation card online,5,1,557,7,online invitation online
online gift card qatar,4,1,557,8,e gift card q
online gift cards for teen girls,6,1,557,3,online gift for girlfriend t
online gift for husband birthday,5,1,557,8,virtual gift ideas h
online gift for men,4,1,557,8,virtual gift ideas m
online gift for new house,5,1,557,8,virtual gift ideas n
online gift for retirement,4,1,557,6,virtual gift ideas r
online gift for sri lanka,5,1,557,8,virtual gift ideas s
online gift for wife birthday,5,1,557,8,virtual gift ideas w
online gift ideas for employees,5,1,557,7,virtual gift ideas e
online gift ideas for partner,5,1,557,5,virtual gift ideas p
online gift vouchers for men,5,1,557,8,virtual gift ideas v
online haldi invitation card,4,1,557,8,online invitation h
online invitation baby shower free,5,1,557,8,online invitation b
online invitation card create free,5,1,557,8,digital invitation card c
online invitation card for lohri,5,1,557,6,digital invitation card l
online invitation card griha pravesh,5,1,557,8,digital invitation card g
online invitation card housewarming,4,1,557,8,digital invitation card h
online invitation dimensions,3,1,557,8,online invitation d
online invitation examples,3,1,557,8,online invitation e
online invitation green,3,1,557,8,online invitation g
online invitation list,3,1,557,8,online invitation l
online invitation pdf,3,1,557,8,online invitation p
online invitation save the date,5,1,557,8,online invitation s
online invitation text,3,1,557,8,online invitation t
online invitation video making,4,1,557,8,online invitation v
online invitation wedding website,4,1,557,8,online invitation w
online invitations and rsvp tracking free,6,1,557,8,online invitation a
online invitations free baby shower,5,1,557,4,online invitation free
online invitations with rsvp baby shower,6,1,557,8,online invitation with
online jalwa invitation card,4,1,557,8,online invitation j
online kitty invitation card maker free,6,1,557,8,online invitation k
online nikah invitation card maker,5,1,557,8,online invitation n
online rsvp invitation website,4,1,557,8,online invitation r
online urdu invitation card maker,5,1,557,8,online invitation u
online wedding invitation quotes,4,1,557,8,online invitation q
uber gift link,3,1,557,8,gift link u
unique digital invitation card,4,1,557,6,digital invitation card u
valentine day gift for girlfriend online,6,1,557,5,online gift for girlfriend d
vanilla gift card link zip code,6,1,557,3,gift link z
virtual gift basket ideas,4,1,557,8,virtual gift ideas b
virtual gift card for online purchases,6,1,557,3,virtual gift ideas online
virtual gift card for ulta,5,1,557,3,virtual gift ideas u
virtual gift cards for kids,5,1,557,4,virtual gift ideas k
what gift card can i link to paypal,8,1,557,8,what gift link
what is the best online invitation site for free,9,1,557,8,what online invitation
which card is e gift card,6,1,557,3,which e gift card
y2k online invitation,3,1,557,8,online invitation y
youtube gift link,3,1,557,4,gift link y
a digital invitation card,4,1,556,5,digital invitation card a
amazon e gift card free,5,1,556,9,e gift card free
amazon gift voucher link,4,1,556,9,gift link v
best digital wedding invitation card,5,1,556,4,digital invitation card best
brawl stars link gift 2026,5,1,556,5,gift link 2026
can i email a gift card to myself for someone else,11,1,556,9,can i e gift card
can i link a gift card to cash app,9,1,556,9,can i gift link
can you only use e gift cards online,8,1,556,6,is it e gift card
crashing gift link discord,4,1,556,9,gift link d
digital birthday invitation card online free,6,1,556,9,digital invitation card online
digital gift card apple,4,1,556,9,e gift card app
digital gift card qr code,5,1,556,9,e gift card q
digital gift card xbox one,5,1,556,9,e gift card x
digital invitation card for house warming ceremony indian style,9,1,556,9,digital invitation card h
digital invitation card maker marathi,5,1,556,9,digital invitation card maker
digital invitation card mockup,4,1,556,9,digital invitation card m
digital invitation card pdf,4,1,556,9,digital invitation card p
digital invitation card size in photoshop,6,1,556,9,digital invitation card s
digital invitation dimensions,3,1,556,4,digital invitation card q
digital wedding card bengali,4,1,556,9,digital invitation card b
digital wedding card download,4,1,556,9,digital invitation card d
digital wedding card free video,5,1,556,9,digital invitation card free
digital wedding card gujarati,4,1,556,9,digital invitation card g
digital wedding card video,4,1,556,9,digital invitation card v
digital wedding cards sri lanka,5,1,556,7,digital invitation card l
digital wedding invitation card in marathi,6,1,556,9,digital invitation card i
does google give gifts,4,1,556,9,which gift link
e gift card afterpay,4,1,556,9,e gift card a
e gift card boots,4,1,556,9,e gift card b
e gift card coinstar,4,1,556,9,e gift card c
e gift card design,4,1,556,9,e gift card template
e gift card discount,4,1,556,9,e gift card d
e gift card for doordash,5,1,556,9,e gift card with
e gift card gap,4,1,556,9,e gift card g
e gift card good guys,5,1,556,9,e gift card best
e gift card heb,4,1,556,9,e gift card h
e gift card james avery,5,1,556,9,e gift card j
e gift card krispy kreme,5,1,556,9,e gift card k
e gift card lazada,4,1,556,9,e gift card l
e gift card morrisons,4,1,556,9,e gift card m
e gift card nintendo,4,1,556,9,e gift card n
e gift card no minimum,5,1,556,9,e gift card without
e gift card ps5,4,1,556,9,e gift card p
e gift card reddit,4,1,556,9,e gift card r
e gift card skip the dishes,6,1,556,9,e gift card s
e gift card template,4,1,556,9,e gift card t
e gift card uniqlo,4,1,556,9,e gift card u
e gift card vs physical gift card,7,1,556,9,e gift card v
e gift card westfield,4,1,556,9,e gift card w
e gift card zumiez,4,1,556,9,e gift card z
e gift cards free,4,1,556,9,e gift card
e gift cards in canada,5,1,556,9,e gift card in
e gift cards online amazon,5,1,556,9,e gift card online
e gift vouchers for women,5,1,556,9,virtual gift ideas v
e invitation rsvp,3,1,556,9,online invitation r
e invitation template free,4,1,556,9,online invitation template
ebay gift card online,4,1,556,9,e gift card e
evite wedding invitation examples,4,1,556,9,online invitation y
gift box link,3,1,556,9,gift link b
gift for link,3,1,556,9,gift link for
gift link fansly,3,1,556,9,gift link f
gift links cape town city,5,1,556,9,gift link c
gift links team,3,1,556,9,gift link t
gift links wife,3,1,556,9,gift link w
gift maxi link boots,4,1,556,9,gift link m
gift photo link,3,1,556,9,gift link p
gift returns link,3,1,556,9,gift link r
how can i make graduation invitations online for free,9,1,556,9,can i online invitation
how to email gift card from amazon,7,1,556,9,how e gift card
how to link gift card to paypal,7,1,556,9,how gift link
how to make online invitation card free,7,1,556,9,how online invitation
klondike gift link,3,1,556,5,gift link k
link gift card zara non funziona,6,1,556,4,gift link z
link gift code liên quân,5,1,556,3,gift link q
link gift surprise online,4,1,556,9,gift link s
link your gift card,4,1,556,5,gift link y
online birthday invitation card online free,6,1,556,8,online invitation online
online digital invitation card maker,5,1,556,9,digital invitation card o
online gift card link app,5,1,556,7,gift link app
online gift cards you can send,6,1,556,9,e gift card y
online gift for boyfriend,4,1,556,9,virtual gift ideas b
online gift for house warming ceremony,6,1,556,9,virtual gift ideas h
online gift for new year,5,1,556,9,virtual gift ideas n
online gift for sister on rakhi,6,1,556,9,virtual gift ideas s
online gift ideas for best friend,6,1,556,5,virtual gift ideas best
online gift ideas for kids,5,1,556,5,virtual gift ideas k
online gift ideas for long distance girlfriend,7,1,556,5,online gift for girlfriend i
online hindi invitation card maker,5,1,556,9,online invitation h
online invitation birthday card maker free,6,1,556,9,online invitation b
online invitation card for janeu ceremony,6,1,556,3,digital invitation card j
online invitation card for kitty party,6,1,556,9,digital invitation card k
online invitation card maker without watermark,6,1,556,5,online invitation without
online invitation card with photo,5,1,556,9,digital invitation card w
online invitation dinner party,4,1,556,9,online invitation d
online invitation ganpati,3,1,556,9,online invitation g
online invitation lines,3,1,556,9,online invitation l
online invitation potluck sign up,5,1,556,9,online invitation p
online invitation send,3,1,556,9,online invitation s
online invitation to send via text,6,1,556,9,online invitation t
online invitation video for wedding,5,1,556,9,online invitation v
online invitation with rsvp tracking,5,1,556,9,online invitation w
online invitations celebration of life,5,1,556,7,online invitation o
online invitations free wedding,4,1,556,5,online invitation free
online invitations with canva,4,1,556,9,online invitation with
online jagran invitation card free,5,1,556,9,online invitation j
online kitty invitation card maker,5,1,556,9,online invitation k
online namkaran invitation card maker in marathi,7,1,556,9,online invitation n
online upanayanam invitation,3,1,556,9,online invitation u
online virtual gift ideas,4,1,556,4,virtual gift ideas online
online wedding invitation quotes in marathi,6,1,556,9,online invitation q
online wedding invitation zola,4,1,556,3,online invitation z
steam gift link activation,4,1,556,9,gift link a
steam gift link error,4,1,556,9,gift link e
temu free gift link generator,5,1,556,9,gift link g
uber gift link not working,5,1,556,9,gift link u
upnayan sanskar digital invitation card,5,1,556,7,digital invitation card u
virtual birthday gift ideas reddit,5,1,556,7,virtual gift ideas r
virtual christmas gift exchange ideas,5,1,556,8,virtual gift ideas e
virtual gift card for cash,5,1,556,9,virtual gift ideas c
virtual gift card for paypal,5,1,556,6,virtual gift ideas p
virtual gift card for uber eats,6,1,556,4,virtual gift ideas u
virtual gift card maker free,5,1,556,5,e gift card maker
virtual gift cards for teachers,5,1,556,4,virtual gift ideas t
virtual gift for gf,4,1,556,9,virtual gift ideas 
virtual gift website for birthday,5,1,556,9,virtual gift ideas w
what does discord gift link look like,7,1,556,6,gift link l
what is gift card link,5,1,556,9,what gift link
what is the best online invitation platform,7,1,556,9,what online invitation
what kind of e gift cards are there,8,1,556,4,which e gift card
amazon e gift card best buy,6,1,555,10,e gift card best
apple gift card link usa,5,1,555,10,gift link u
best online invitation card maker free,6,1,555,10,online invitation best
best virtual gift ideas,4,1,555,6,virtual gift ideas best
can i email amazon gift card,6,1,555,10,can i e gift card
can i give links to chatgpt,6,1,555,10,can i gift link
can you gift linkedin premium,5,1,555,7,gift link l
can you send gifts on nintendo eshop,7,1,555,5,gift link z
can you use e gift cards in store,8,1,555,7,is it e gift card
digital birthday card for gf,5,1,555,6,digital card for girlfriend
digital gift card qantas,4,1,555,10,e gift card q
digital invitation card for reception,5,1,555,10,digital invitation card r
digital invitation card psd,4,1,555,10,digital invitation card p
digital invitation card service,4,1,555,10,digital invitation card s
digital lohri invitation card,4,1,555,8,digital invitation card l
digital love card for her,5,1,555,7,digital card for girlfriend 
digital wedding card background,4,1,555,10,digital invitation card b
digital wedding card design hindu,5,1,555,10,digital invitation card d
digital wedding card video maker free,6,1,555,10,digital invitation card v
digital wedding invitation card app,5,1,555,6,digital invitation card app
digital wedding invitation card free,5,1,555,10,digital invitation card free
digital wedding invitation card hindi,5,1,555,10,digital invitation card h
digital wedding invitation card indian,5,1,555,10,digital invitation card i
diwali gift google link,4,1,555,10,gift link g
e gift card american eagle,5,1,555,10,e gift card a
e gift card bath and body works,7,1,555,10,e gift card b
e gift card coles,4,1,555,10,e gift card c
e gift card delivery,4,1,555,10,e gift card d
e gift card example,4,1,555,10,e gift card template
e gift card fathers day,5,1,555,10,e gift card f
e gift card for food,5,1,555,10,e gift card for
e gift card giant eagle,5,1,555,10,e gift card g
e gift card hobby lobby,5,1,555,10,e gift card h
e gift card japan,4,1,555,10,e gift card j
e gift card keg,4,1,555,10,e gift card k
e gift card longhorn steakhouse,5,1,555,10,e gift card l
e gift card making,4,1,555,6,e gift card maker
e gift card mecca,4,1,555,10,e gift card m
e gift card outback,4,1,555,10,e gift card o
e gift card petro canada,5,1,555,10,e gift card p
e gift card ross,4,1,555,10,e gift card r
e gift card shein,4,1,555,10,e gift card s
e gift card to use in store,7,1,555,10,e gift card t
e gift card use,4,1,555,10,e gift card u
e gift card vbucks,4,1,555,10,e gift card v
e gift card zara home,5,1,555,10,e gift card z
e gift cards in australia,5,1,555,10,e gift card in
e gift cards online,4,1,555,10,e gift card
e gift cards online sale,5,1,555,10,e gift card online
e gift voucher for airasia,5,1,555,10,virtual gift ideas v
e invitation templates for indian wedding,6,1,555,10,online invitation template
e invitation with video,4,1,555,10,online invitation with
electronic invitation rsvp,3,1,555,10,online invitation r
gift by link,3,1,555,10,gift link b
gift card link,3,1,555,10,gift link c
gift card link amazon,4,1,555,10,gift link a
gift card link dollarama,4,1,555,10,gift link d
gift card via link,4,1,555,10,gift link v
gift links 2026,3,1,555,6,gift link 2026
gift links fut history,4,1,555,10,gift link h
gift links nationality,3,1,555,10,gift link n
gift links transfer news,4,1,555,10,gift link t
gift money link,3,1,555,10,gift link m
gift receipt link,3,1,555,10,gift link r
gift surprise link generator,4,1,555,10,gift link s
gift wrap link,3,1,555,10,gift link w
how can i send free invitations online,7,1,555,10,can i online invitation
how do digital gift cards work,6,1,555,10,how e gift card
how to create online invitation for birthday,7,1,555,10,how online invitation
how to link gift card to cash app,8,1,555,10,how gift link
how to make digital invitation card for marriage,8,1,555,10,how digital invitation card
how to send invitations electronically,5,1,555,5,online invitation x
janeu sanskar digital invitation card,5,1,555,4,digital invitation card j
link gift card to apple pay,6,1,555,8,gift link app
link gift clash of clans,5,1,555,10,gift link o
link gift philippines,3,1,555,10,gift link p
list of gifts for girlfriend,5,1,555,7,online gift for girlfriend l
loreal gift link egypt,4,1,555,10,gift link e
make a digital invitation card,5,1,555,6,digital invitation card a
online annaprashan invitation card,4,1,555,10,online invitation a
online gift card apple,4,1,555,10,e gift card app
online gift card exchange,4,1,555,10,e gift card e
online gift cards you can buy,6,1,555,10,e gift card y
online gift delivery for kids,5,1,555,10,virtual gift ideas d
online gift for birthday,4,1,555,10,virtual gift ideas b
online gift for christmas,4,1,555,10,virtual gift ideas c
online gift for husband on anniversary,6,1,555,10,virtual gift ideas h
online gift for mom,4,1,555,10,virtual gift ideas m
online gift for students,4,1,555,10,virtual gift ideas s
online gift ideas for newly married couple in india,9,1,555,10,virtual gift ideas n
online gift link for birthday,5,1,555,10,gift link for
online home invitation card,4,1,555,10,online invitation h
online invitation bridal shower,4,1,555,10,online invitation b
online invitation card for satyanarayan pooja,6,1,555,10,online invitation c
online invitation card gujarati,4,1,555,10,digital invitation card g
online invitation debut,3,1,555,10,online invitation d
online invitation etsy,3,1,555,10,online invitation e
online invitation google,3,1,555,10,online invitation g
online invitation maker zazzle,4,1,555,4,online invitation z
online invitation pdf maker,4,1,555,10,online invitation p
online invitation stitch,3,1,555,10,online invitation s
online invitation to birthday party,5,1,555,10,online invitation t
online invitation video card maker,5,1,555,10,online invitation v
online invitation with music,4,1,555,10,online invitation w
online invitations free graduation,4,1,555,6,online invitation free
online invitations like evite,4,1,555,10,online invitation l
online janmashtami invitation card,4,1,555,10,online invitation j
online kannada invitation card maker,5,1,555,10,online invitation k
online making of invitation card,5,1,555,8,online invitation o
online nikah invitation card,4,1,555,10,online invitation n
online wedding invitation app,4,1,555,10,online invitation app
online wedding invitation card kaise banaye,6,1,555,10,digital invitation card k
online wedding invitation card online,5,1,555,9,online invitation online
online wedding invitation ideas,4,1,555,10,online invitation y
online wedding invitation qr code,5,1,555,10,online invitation q
online wedding invitations ireland,4,1,555,10,online invitation i
plum e gift card xoxoday,5,1,555,10,e gift card x
queen of hearts gift ideas,5,1,555,4,gift link q
unique digital wedding invitation card,5,1,555,8,digital invitation card u
unique virtual gift ideas,4,1,555,5,virtual gift ideas u
virtual gift card for playstation,5,1,555,7,virtual gift ideas p
virtual gift card for target,5,1,555,5,virtual gift ideas t
virtual gift cards for free,5,1,555,7,virtual gift ideas free
virtual gift cards for restaurants,5,1,555,8,virtual gift ideas r
virtual gift for friend,4,1,555,10,virtual gift ideas y
virtual gift ideas for coworkers,5,1,555,10,virtual gift ideas for
virtual gift website for girlfriend,5,1,555,10,virtual gift ideas w
virtual white elephant gift ideas,5,1,555,9,virtual gift ideas e
visa e gift card without fees,6,1,555,10,e gift card without
wedding invitation online uk,4,1,555,10,online invitation u
what is an e gift card and how does it work,11,1,555,10,what e gift card
what size is an online invitation,6,1,555,10,what online invitation
where can you use e gift cards,7,1,555,5,which e gift card
zepto e gift card free,5,1,555,10,e gift card free
apple gift link,3,1,554,9,gift link app
best online invitation website,4,1,554,11,online invitation best
blinkit e gift card free,5,1,554,11,e gift card free
buy e gift card xbox,5,1,554,11,e gift card x
can i email starbucks gift card,6,1,554,11,can i e gift card
can i give links to gemini,6,1,554,11,can i gift link
can you get lush gift cards,6,1,554,5,gift link q
can you use e gift cards online,7,1,554,8,is it e gift card
digital birthday invitation card free,5,1,554,11,digital invitation card free
digital birthday invitation card online,5,1,554,11,digital invitation card online
digital gift card for her,5,1,554,8,digital card for girlfriend 
digital greeting card ideas,4,1,554,6,digital invitation card best
digital invitation card maker pune,5,1,554,11,digital invitation card maker
digital invitation card meaning,4,1,554,11,digital invitation card m
digital invitation card photo,4,1,554,11,digital invitation card p
digital wedding card design video,5,1,554,11,digital invitation card d
digital wedding card gift,4,1,554,11,digital invitation card g
digital wedding card sample,4,1,554,11,digital invitation card s
digital wedding card with song,5,1,554,11,digital invitation card w
digital wedding invitation card hindu,5,1,554,11,digital invitation card h
digital wedding invitation card near me,6,1,554,11,digital invitation card n
digital wedding invitation ideas,4,1,554,6,digital invitation card q
discord nitro gift link example,5,1,554,11,gift link e
e gift card add to apple wallet,7,1,554,11,e gift card a
e gift card alo yoga,5,1,554,11,e gift card y
e gift card bunnings,4,1,554,11,e gift card b
e gift card coach,4,1,554,11,e gift card c
e gift card decathlon,4,1,554,11,e gift card d
e gift card design ideas,5,1,554,11,e gift card template
e gift card for starbucks,5,1,554,11,e gift card with
e gift card golf town,5,1,554,11,e gift card g
e gift card how does it work,7,1,554,11,e gift card h
e gift card jack in the box,7,1,554,11,e gift card j
e gift card kfc,4,1,554,11,e gift card k
e gift card lifestyle,4,1,554,11,e gift card l
e gift card miller and carter,6,1,554,11,e gift card m
e gift card nespresso,4,1,554,11,e gift card n
e gift card one4all,4,1,554,11,e gift card o
e gift card primark,4,1,554,11,e gift card p
e gift card rituals,4,1,554,11,e gift card r
e gift card sephora canada,5,1,554,11,e gift card s
e gift card to apple wallet,6,1,554,11,e gift card t
e gift card use in store,6,1,554,11,e gift card u
e gift card visa canada,5,1,554,11,e gift card v
e gift card without email,5,1,554,11,e gift card without
e gift card zara canada,5,1,554,11,e gift card z
e gift vouchers online,4,1,554,11,e gift card online
e invitation jakarta,3,1,554,11,online invitation j
ebay gift card digital,4,1,554,11,e gift card e
fake gift link discord,4,1,554,11,gift link d
flipkart gift voucher link,4,1,554,11,gift link v
free online invitations zazzle,4,1,554,5,online invitation z
free virtual gift for gf,5,1,554,8,virtual gift ideas free
gif link to jpg,4,1,554,5,gift link j
gift birthday link free,4,1,554,11,gift link b
gift link generator for brawl stars,6,1,554,3,gift link maker
gift link gift card,4,1,554,11,gift link g
gift link kaise banaye,4,1,554,7,gift link k
gift links new contract,4,1,554,11,gift link n
gift links total battle,4,1,554,11,gift link t
gift message link with music,5,1,554,11,gift link m
gift send link,3,1,554,11,gift link s
gift wishlist link,3,1,554,11,gift link w
how can i make party invitations online for free,9,1,554,11,can i online invitation
how does evite invitations work,5,1,554,4,who online invitation
how to link gift card to venmo,7,1,554,11,how gift link
how to send online invitations for free,7,1,554,11,how online invitation
how to use e gift card in store,8,1,554,11,how e gift card
if someone gifts you nitro can you gift it to someone else,12,1,554,3,gift link with
link 2026,2,1,554,7,gift link 2026
link gift pack,3,1,554,11,gift link p
online design of invitation card,5,1,554,9,online invitation o
online digital marriage invitation card,5,1,554,11,digital invitation card o
online free invitation video maker,5,1,554,7,online invitation free
online gift card app,4,1,554,11,e gift card app
online gift card in usa,5,1,554,11,e gift card in
online gift card making,4,1,554,7,e gift card maker
online gift card qr code,5,1,554,11,e gift card q
online gift for couple,4,1,554,11,virtual gift ideas c
online gift for long distance boyfriend,6,1,554,11,virtual gift ideas l
online gift for mother's day,5,1,554,11,virtual gift ideas m
online gift for wife on anniversary,6,1,554,11,virtual gift ideas w
online gift vouchers for kids,5,1,554,11,virtual gift ideas v
online haldi invitation card maker,5,1,554,11,online invitation h
online invitation birthday card maker with photo,7,1,554,11,online invitation b
online invitation card birthday,4,1,554,11,digital invitation card b
online invitation card maker app,5,1,554,7,digital invitation card app
online invitation card maker kannada,5,1,554,11,digital invitation card k
online invitation card maker with qr code,7,1,554,11,online invitation q
online invitation card video maker,5,1,554,11,digital invitation card v
online invitation diy,3,1,554,11,online invitation d
online invitation e card,4,1,554,11,online invitation e
online invitation greeting,3,1,554,11,online invitation g
online invitation maker website,4,1,554,11,online invitation maker
online invitation poster,3,1,554,11,online invitation p
online invitation site free,4,1,554,11,online invitation s
online invitation to party,4,1,554,11,online invitation t
online invitation vu2 id number,5,1,554,11,online invitation v
online invitation with qr code,5,1,554,11,online invitation w
online kriya invitation card,4,1,554,11,online invitation k
online lohri invitation card maker,5,1,554,11,online invitation l
online namkaran invitation card maker in hindi,7,1,554,11,online invitation n
u gift link,3,1,554,11,gift link u
virtual birthday gift ideas for best friend,7,1,554,7,virtual gift ideas best
virtual gift ideas for boss,5,1,554,11,virtual gift ideas for
virtual gift service for boyfriend,5,1,554,11,virtual gift ideas s
virtual gifts maker,3,1,554,4,virtual gift ideas maker
visa e gift card best buy,6,1,554,11,e gift card best
web invitation template,3,1,554,11,online invitation template
what does invitation only mean,5,1,554,7,online invitation without
what is flipkart e gift card,6,1,554,11,what e gift card
which e gift card is best,6,1,554,6,which e gift card
who does e gift cards,5,1,554,3,who e gift card
who has gift cards,4,1,554,3,who gift link
who offers digital gift cards,5,1,554,3,who digital card for girlfriend
wsj gift link article,4,1,554,11,gift link a
x invitation,2,1,554,6,online invitation x
20x gift link discord server,5,1,553,12,gift link d
amazon e gift card without account,6,1,553,12,e gift card without
amazon gift card link online,5,1,553,11,gift link online
apple gift card link uk,5,1,553,12,gift link u
best digital invitation card design,5,1,553,7,digital invitation card best
best online invitation printing services,5,1,553,12,online invitation best
can i email walmart gift card,6,1,553,12,can i e gift card
can you gift linkedin learning,5,1,553,12,can i gift link
christmas gift exchange link,4,1,553,12,gift link e
digital gift card app,4,1,553,12,e gift card app
digital gift card for women,5,1,553,9,digital card for girlfriend 
digital gift voucher template,4,1,553,12,e gift card template
digital invitation card for new home,6,1,553,12,digital invitation card n
digital invitation card maker hindi,5,1,553,12,digital invitation card h
digital invitation card maker in jaipur,6,1,553,6,digital invitation card j
digital invitation card maker in vadodara,6,1,553,12,digital invitation card maker
digital invitation card printer,4,1,553,12,digital invitation card p
digital wedding card background design,5,1,553,12,digital invitation card b
digital wedding card gif,4,1,553,12,digital invitation card g
digital wedding card maker online free,6,1,553,12,digital invitation card online
digital wedding card making app,5,1,553,8,digital invitation card app
digital wedding card size,4,1,553,12,digital invitation card s
digital wedding card with rsvp,5,1,553,12,digital invitation card w
digital wedding reception card,4,1,553,12,digital invitation card r
discord gift link format,4,1,553,12,gift link for
diy gifts for girlfriend,4,1,553,3,online gift for girlfriend maker
donation gifts in someone's name,5,1,553,4,who gift link
doordash e gift card free,5,1,553,12,e gift card free
e gift card aldi,4,1,553,12,e gift card a
e gift card buy now pay later,7,1,553,12,e gift card b
e gift card clearpay,4,1,553,12,e gift card c
e gift card dollar general,5,1,553,12,e gift card d
e gift card for amazon,5,1,553,12,e gift card with
e gift card for coffee,5,1,553,12,e gift card for
e gift card golf galaxy,5,1,553,12,e gift card g
e gift card harbor freight,5,1,553,12,e gift card h
e gift card jewelry,4,1,553,12,e gift card j
e gift card kobo,4,1,553,12,e gift card k
e gift card lulu,4,1,553,12,e gift card l
e gift card menards,4,1,553,12,e gift card m
e gift card netflix,4,1,553,12,e gift card n
e gift card on doordash,5,1,553,12,e gift card o
e gift card pandora,4,1,553,12,e gift card p
e gift card red lobster,5,1,553,12,e gift card r
e gift card square,4,1,553,12,e gift card s
e gift card thank you,5,1,553,12,e gift card y
e gift card ticketmaster,4,1,553,12,e gift card t
e gift card urban outfitters,5,1,553,12,e gift card u
e gift card verizon,4,1,553,12,e gift card v
e gift card whataburger,4,1,553,12,e gift card w
e gift card zara israel,5,1,553,12,e gift card z
e gift cards online australia,5,1,553,12,e gift card online
e gift vouchers for men,5,1,553,12,virtual gift ideas v
e greeting card making,4,1,553,8,e gift card maker
e invitation templates for engagement,5,1,553,12,online invitation template
eftpos gift card online,4,1,553,12,e gift card e
free online invitation card in marathi,6,1,553,12,digital invitation card i
gift card best site,4,1,553,4,gift link best
gift card link to buy online,6,1,553,12,gift link c
gift ideas virtual,3,1,553,10,virtual gift ideas g
gift links south africa,4,1,553,12,gift link a
gift message link,3,1,553,12,gift link m
gift neo links,3,1,553,12,gift link n
gift robux via link,4,1,553,12,gift link v
gift sub link twitch,4,1,553,12,gift link s
google gift link,3,1,553,12,gift link g
how do i create a digital invitation,7,1,553,12,how digital invitation card
how to link gift card to mcdonalds app,8,1,553,12,how gift link
how to make online invitation card for engagement,8,1,553,12,how online invitation
how to send an online invite,6,1,553,11,online invitation online
how to send e gift cards,6,1,553,12,how e gift card
how to send evite invitation,5,1,553,5,who online invitation
how to view an evite invitation,6,1,553,12,what online invitation
humble gift link,3,1,553,12,gift link h
is card a gift,4,1,553,9,is it e gift card
is gift legit,3,1,553,3,is it gift link
link apple gift card,4,1,553,10,gift link app
link gift bags,3,1,553,12,gift link b
nitro gift link prank,4,1,553,12,gift link p
online annaprashan invitation card maker,5,1,553,12,online invitation a
online birthday gift ideas reddit,5,1,553,10,virtual gift ideas r
online birthday invitation jungle theme,5,1,553,12,online invitation j
online digital wedding invitation card maker free,7,1,553,12,digital invitation card o
online free invitation card maker in marathi,7,1,553,8,online invitation free
online gift card in uk,5,1,553,12,e gift card in
online gift for marriage anniversary,5,1,553,12,virtual gift ideas m
online gift for staff,4,1,553,12,virtual gift ideas s
online gift for wedding,4,1,553,12,virtual gift ideas w
online hindi invitation card maker free,6,1,553,12,online invitation h
online invitation birthday free,4,1,553,12,online invitation b
online invitation card design for ear piercing ceremony,8,1,553,12,digital invitation card d
online invitation card for kids birthday,6,1,553,12,digital invitation card k
online invitation card maker free for engagement,7,1,553,12,online invitation c
online invitation card video maker free,6,1,553,12,digital invitation card v
online invitation create your own,5,1,553,7,online invitation x
online invitation event,3,1,553,12,online invitation e
online invitation maker uk,4,1,553,12,online invitation u
online invitation maker video,4,1,553,12,online invitation maker
online invitation online,3,1,553,10,online invitation o
online invitation pool party,4,1,553,12,online invitation p
online invitation to baby shower,5,1,553,12,online invitation t
online invitation video for engagement,5,1,553,12,online invitation v
online invitation with potluck sign up,6,1,553,12,online invitation w
online invitation without watermark,4,1,553,8,online invitation without
online invitations disney princess,4,1,553,12,online invitation d
online invitations greetings island,4,1,553,12,online invitation g
online kannada invitation card,4,1,553,12,online invitation k
online lunch invitation card maker,5,1,553,12,online invitation l
online nikkah invitation card,4,1,553,12,online invitation n
online sankranti invitation card maker free,6,1,553,12,online invitation s
quickbooks online invitation not working,5,1,553,12,online invitation q
sending zoom meeting invites,4,1,553,6,online invitation z
steam e gift card best buy,6,1,553,12,e gift card best
tesco e gift card xbox,5,1,553,12,e gift card x
virtual gift card for starbucks,5,1,553,12,virtual gift ideas c
virtual gift for anniversary,4,1,553,12,virtual gift ideas y
virtual gift ideas for long distance best friend,8,1,553,8,virtual gift ideas best
virtual gift maker online,4,1,553,5,virtual gift ideas maker
virtual gift website for free,5,1,553,9,virtual gift ideas free
visa e gift card qr code not working,8,1,553,12,e gift card q
wedding invitation card description,4,1,553,7,digital invitation card q
what can i use to surprise my girlfriend,8,1,553,4,what online surprise for girlfriend
what is myntra e gift card,6,1,553,12,what e gift card
what is virtual invitation,4,1,553,6,what digital invitation card
where can i make online birthday invitations,7,1,553,12,can i online invitation
which gift card is best,5,1,553,7,which e gift card
who has e gift cards,5,1,553,4,who e gift card
why are invitations important,4,1,553,5,why digital invitation card
why digital business card,4,1,553,5,why digital card for girlfriend
why does evite not work,5,1,553,3,why online invitation
words related to gifting,4,1,553,4,gift link with
(link unavailable) gift card,4,1,552,13,gift link u
apple gift card link app,5,1,552,11,gift link app
best online invitation maker free,5,1,552,13,online invitation best
can i email visa gift card,6,1,552,13,can i e gift card
can you text an evite invitation,6,1,552,13,what online invitation
digital card 2024,3,1,552,3,digital card for girlfriend 2027
digital gift card apple wallet,5,1,552,13,e gift card app
digital gift card for girls,5,1,552,10,digital card for girlfriend 
digital gift card making,4,1,552,9,e gift card maker
digital gift card no fee,5,1,552,13,e gift card without
digital invitation card for retirement,5,1,552,13,digital invitation card r
digital invitation card maker in surat,6,1,552,13,digital invitation card maker
digital invitation jobs,3,1,552,7,digital invitation card j
digital invitation quotes,3,1,552,8,digital invitation card q
digital microsoft gift card xbox,5,1,552,13,e gift card x
digital wedding card designer near me,6,1,552,13,digital invitation card d
digital wedding invitation card nearby,5,1,552,13,digital invitation card n
direct gift link roblox,4,1,552,13,gift link r
doordash e gift card best buy,6,1,552,13,e gift card best
e gift card activation spot,5,1,552,13,e gift card a
e gift card bloomingdales,4,1,552,13,e gift card b
e gift card cineplex,4,1,552,13,e gift card c
e gift card for her,5,1,552,13,e gift card for
e gift card gamestop,4,1,552,13,e gift card g
e gift card hotel chocolat,5,1,552,13,e gift card h
e gift card korea,4,1,552,13,e gift card k
e gift card lcbo,4,1,552,13,e gift card l
e gift card maker,4,1,552,13,e gift card m
e gift card not received,5,1,552,13,e gift card n
e gift card on toast,5,1,552,13,e gift card o
e gift card panera,4,1,552,13,e gift card p
e gift card paytm,4,1,552,3,e gift card 2027
e gift card redeem amazon,5,1,552,3,e gift card 2026
e gift card store,4,1,552,13,e gift card s
e gift card trader joe's,5,1,552,13,e gift card t
e gift card uk amazon,5,1,552,13,e gift card u
e gift card visa no fee,6,1,552,13,e gift card v
e gift card where to use,6,1,552,13,e gift card w
e gift card zalora,4,1,552,13,e gift card z
e gift cards online walmart,5,1,552,13,e gift card online
e invitation templates for wedding,5,1,552,13,online invitation template
ea gift card digital code,5,1,552,13,e gift card e
elfster gift exchange link,4,1,552,13,gift link e
germany gift card link online,5,1,552,12,gift link online
gift bouquet link,3,1,552,13,gift link b
gift card 2024,3,1,552,9,gift link 2026
gift card download link,4,1,552,13,gift link d
gift fast link,3,1,552,13,gift link f
gift in link,3,1,552,10,gift link l
gift links south africa national team,6,1,552,13,gift link a
gift template download,3,1,552,3,gift link template
gift women links foundation,4,1,552,13,gift link w
gift youtube,2,1,552,9,gift link y
gift z,2,1,552,8,gift link z
greenlight gift link,3,1,552,13,gift link g
griha pravesh digital invitation card online free,7,1,552,13,digital invitation card online
hay day gift link,4,1,552,13,gift link h
how do i gift linkedin premium,6,1,552,13,can i gift link
how to add e gift card to apple wallet,9,1,552,13,how e gift card
how to create online invitation with rsvp,7,1,552,13,how online invitation
how to link gift card to disney app,8,1,552,13,how gift link
how to make card for girlfriend birthday,7,1,552,6,how digital card for girlfriend
invitation 24,2,1,552,3,online invitation 2027
is any gift,3,1,552,4,is it gift link
is gift card legal in india,6,1,552,10,is it e gift card
jersey mike's e gift card,5,1,552,13,e gift card j
link gift card to paypal,5,1,552,13,gift link c
link gift message reddit,4,1,552,13,gift link m
link gift sms,3,1,552,13,gift link s
link of gift card,4,1,552,13,gift link o
online annaprashan invitation card maker free,6,1,552,13,online invitation a
online digital invitation card,4,1,552,13,online invitation d
online free invitation card maker in hindi,7,1,552,9,online invitation free
online gift card in australia,5,1,552,13,e gift card in
online gift delivery for birthday,5,1,552,13,virtual gift ideas d
online gift for boys,4,1,552,13,virtual gift ideas b
online gift for house opening ceremony,6,1,552,13,virtual gift ideas h
online gift for ldr,4,1,552,13,virtual gift ideas l
online gift for marriage,4,1,552,13,virtual gift ideas m
online gift for spiritual & home decor,7,1,552,13,virtual gift ideas s
online gift for wedding anniversary,5,1,552,13,virtual gift ideas w
online gift registry for baby shower,6,1,552,11,virtual gift ideas r
online gift voucher template,4,1,552,13,e gift card template
online gift vouchers for mum,5,1,552,13,virtual gift ideas v
online holi invitation card,4,1,552,13,online invitation h
online invitation card birthday party,5,1,552,13,digital invitation card b
online invitation card for kua pujan free,7,1,552,13,digital invitation card k
online invitation card generator ai,5,1,552,13,digital invitation card g
online invitation card making,4,1,552,13,online invitation c
online invitation card making app free,6,1,552,9,digital invitation card app
online invitation card size,4,1,552,13,digital invitation card s
online invitation card tamil,4,1,552,13,digital invitation card t
online invitation card video,4,1,552,13,digital invitation card v
online invitation card without watermark,5,1,552,9,online invitation without
online invitation code,3,1,552,4,online invitation 2026
online invitation edit,3,1,552,8,online invitation x
online invitation for baby naming ceremony,6,1,552,13,online invitation for
online invitation for house warming,5,1,552,13,online invitation with
online invitation maker free with qr code,7,1,552,13,online invitation q
online invitation maker link,4,1,552,13,online invitation maker
online invitation paw patrol,4,1,552,13,online invitation p
online invitation typing,3,1,552,13,online invitation y
online invitation video maker for wedding,6,1,552,13,online invitation v
online invitation with envelope,4,1,552,13,online invitation w
online invitations engagement party,4,1,552,13,online invitation e
online invitations free,3,1,552,13,online invitation
online invitations graduation party,4,1,552,13,online invitation g
online karumathi invitation,3,1,552,13,online invitation k
online leasing invitation meaning,4,1,552,13,online invitation l
online nikah invitation card maker free,6,1,552,13,online invitation n
online party invitations uk,4,1,552,13,online invitation u
online sunderkand invitation card,4,1,552,13,online invitation s
online wedding invitation card create,5,1,552,13,digital invitation card c
online wedding invitation card in marathi,6,1,552,13,digital invitation card i
online wedding invitations joy,4,1,552,13,online invitation j
raising cane's e gift card,5,1,552,13,e gift card r
send e gift card free,5,1,552,13,e gift card free
send gift via link,4,1,552,13,gift link v
size of digital invitation card,5,1,552,13,digital invitation card o
surprise gift link for boyfriend,5,1,552,13,gift link for
tiktok gift link,3,1,552,13,gift link t
virtual gift box maker online free,6,1,552,6,virtual gift ideas maker
virtual gift cards for food,5,1,552,13,virtual gift ideas c
visa e gift card qr code,6,1,552,13,e gift card q
what is an e gift card from postcode lottery,9,1,552,13,what e gift card
whatsapp digital invitation card,4,1,552,7,what digital invitation card
whatsapp link gift,3,1,552,13,what gift link
where can i make wedding invitations online,7,1,552,13,can i online invitation
where is evite located,4,1,552,6,who online invitation
where to buy gifts for girlfriend,6,1,552,8,which online gift for girlfriend
which gift cards can i buy online,7,1,552,8,which e gift card
which gift do you like,5,1,552,13,which gift link
which invitation card,3,1,552,7,which online invitation
why invitation,2,1,552,4,why online invitation
yatra e gift card,4,1,552,13,e gift card y
zoom invitation link,3,1,552,7,online invitation z
amazon e - gift card template,6,1,551,14,e gift card template
best digital invitation,3,1,551,9,digital invitation card best
best online invitation with rsvp free,6,1,551,14,online invitation best
best virtual gift for best friend,6,1,551,10,virtual gift ideas best
buy digital gift card xbox,5,1,551,14,e gift card x
buy gift card link online,5,1,551,13,gift link online
buy gift for girlfriend online india,6,1,551,12,online gift for girlfriend b
can i email doordash gift card,6,1,551,14,can i e gift card
can i give my dog jack link's,7,1,551,14,can i gift link
cards for girlfriend ideas,4,1,551,7,what digital card for girlfriend
chi link gift voucher,4,1,551,14,gift link v
digital birthday card for her,5,1,551,11,digital card for girlfriend 
digital gift card online australia,5,1,551,14,e gift card online
digital invitation card example,4,1,551,14,digital invitation card template
digital invitation card for retirement party in hindi,8,1,551,14,digital invitation card r
digital invitation card maker for birthday,6,1,551,14,digital invitation card maker
digital invitation card marriage,4,1,551,14,digital invitation card m
digital invitation card tutorial,4,1,551,12,digital invitation card u
digital invitation e card,4,1,551,13,digital invitation card e
digital video invitation card near me,6,1,551,14,digital invitation card n
digital wedding card background hd,5,1,551,14,digital invitation card b
digital wedding card design online,5,1,551,14,digital invitation card online
digital wedding card printing machine,5,1,551,14,digital invitation card p
digital wedding card songs,4,1,551,14,digital invitation card s
digital wedding card video free,5,1,551,14,digital invitation card v
digital wedding invitation card with photo,6,1,551,14,digital invitation card w
e gift card alo,4,1,551,14,e gift card a
e gift card bershka,4,1,551,14,e gift card b
e gift card costa,4,1,551,14,e gift card c
e gift card definition,4,1,551,14,e gift card d
e gift card for 7 brew,6,1,551,14,e gift card for
e gift card for roblox,5,1,551,14,e gift card with
e gift card full form,5,1,551,4,e gift card 2026
e gift card garage,4,1,551,14,e gift card g
e gift card harvey nichols,5,1,551,14,e gift card h
e gift card jo malone,5,1,551,14,e gift card j
e gift card klook,4,1,551,14,e gift card k
e gift card lululemon canada,5,1,551,14,e gift card l
e gift card marriott,4,1,551,14,e gift card m
e gift card postcode lottery winners list,7,1,551,14,e gift card p
e gift card ruth chris,5,1,551,14,e gift card r
e gift card space nk,5,1,551,14,e gift card s
e gift card tim hortons canada,6,1,551,14,e gift card t
e gift card universal,4,1,551,14,e gift card u
e gift card visa online,5,1,551,14,e gift card v
e gift card zus,4,1,551,14,e gift card z
e gift for him,4,1,551,14,virtual gift ideas h
eftpos gift card online use,5,1,551,14,e gift card e
electronic gift card on amazon,5,1,551,14,e gift card o
electronic invitation card design,4,1,551,14,digital invitation card d
electronic invitation templates free,4,1,551,14,online invitation template
fake nitro gift link discord,5,1,551,14,gift link d
free online invitation with qr code,6,1,551,14,online invitation q
gift 20000,2,1,551,4,gift link 2027
gift flowers link,3,1,551,14,gift link f
gift link,2,1,551,8,gift link j
gift linkedin,2,1,551,6,who gift link
gift linkedin premium to someone,5,1,551,14,gift link
gift list for best friend,5,1,551,6,gift link best
gift ultah link,3,1,551,14,gift link u
gift url steam,3,1,551,14,gift link s
gift zap,2,1,551,9,gift link z
giftforu link,2,1,551,10,gift link y
gifting template,2,1,551,4,gift link template
healthy gift link ltd,4,1,551,14,gift link h
how to check e gift card balance,7,1,551,14,how e gift card
how to do digital invitation card,6,1,551,5,is it digital invitation card
how to get gift link roblox,6,1,551,14,how gift link
how to make invitation card digitally online,7,1,551,14,how digital invitation card
how to make online invitation for birthday,7,1,551,14,how online invitation
invitation in online,3,1,551,13,online invitation online
is egiftsportal legit,3,1,551,11,is it e gift card
is it good to gift,5,1,551,5,is it gift link
link a gift card to paypal,6,1,551,14,gift link a
link apple gift card to paypal,6,1,551,12,gift link app
link gift card to cash app,6,1,551,14,gift link c
link gift message scammer,4,1,551,14,gift link m
link gift text message,4,1,551,14,gift link t
nitro gift link buy,4,1,551,14,gift link b
online anniversary invitation card maker free,6,1,551,14,online invitation a
online birthday gift card maker,5,1,551,10,e gift card maker
online birthday invitation card create,5,1,551,14,digital invitation card c
online conference 2025,3,1,551,5,online invitation 2026
online death invitation card maker,5,1,551,14,online invitation d
online dohale jevan invitation card in marathi,7,1,551,14,online invitation j
online event invitation templates,4,1,551,9,online invitation x
online free invitation card for birthday,6,1,551,10,online invitation free
online ganpati invitation card maker free,6,1,551,14,online invitation g
online gift card apple pay,5,1,551,14,e gift card app
online gift card indigo,4,1,551,14,e gift card in
online gift card no frills,5,1,551,14,e gift card without
online gift delivery for anniversary,5,1,551,14,virtual gift ideas d
online gift for long distance relationship,6,1,551,14,virtual gift ideas l
online gift for mom birthday,5,1,551,14,virtual gift ideas m
online gift for sister in law,6,1,551,14,virtual gift ideas s
online gift vouchers for your business,6,1,551,14,virtual gift ideas v
online hakika invitation card,4,1,551,14,online invitation h
online invitation card editing app,5,1,551,10,digital invitation card app
online invitation card for house warming,6,1,551,14,digital invitation card h
online invitation card for kitty party free,7,1,551,14,digital invitation card k
online invitation card for naming ceremony,6,1,551,14,online invitation c
online invitation card maker in hindi free,7,1,551,14,digital invitation card i
online invitation maker indian,4,1,551,14,online invitation maker
online invitation party card,4,1,551,14,online invitation p
online invitation to wedding,4,1,551,14,online invitation t
online invitation video maker for engagement,6,1,551,14,online invitation v
online invitation with meal choice,5,1,551,14,online invitation w
online invitation with photo,4,1,551,10,online invitation without
online invitations by text,4,1,551,14,online invitation b
online invitations email,3,1,551,14,online invitation e
online kpop invitation,3,1,551,14,online invitation k
online lohri invitation card maker free,6,1,551,14,online invitation l
online navratri invitation card,4,1,551,14,online invitation n
online party invitation app,4,1,551,14,online invitation app
online shadi invitation video,4,1,551,14,online invitation s
online sorry gift for girlfriend,5,1,551,14,online gift for girlfriend
online wedding invitations uk free,5,1,551,14,online invitation u
price of digital invitation card,5,1,551,14,digital invitation card o
promotional e gift card best buy,6,1,551,14,e gift card best
steam gift card link example,5,1,551,14,gift link e
steam gift link not working,5,1,551,14,gift link n
steam gift link reddit,4,1,551,14,gift link r
virtual gift apps,3,1,551,7,virtual gift ideas app
virtual gift card for amazon,5,1,551,14,virtual gift ideas c
virtual gift for valentine,4,1,551,14,virtual gift ideas 
virtual gift ideas for anniversary,5,1,551,14,virtual gift ideas for
visa e gift card free,5,1,551,14,e gift card free
what can i gift my girlfriend online,7,1,551,9,what online gift for girlfriend
what gift you like,4,1,551,14,what gift link
what is an evite invitation,5,1,551,14,what online invitation
what is apple e gift card,6,1,551,14,what e gift card
whatsapp digital invitation,3,1,551,8,what digital invitation card
when to buy gifts for your girlfriend,7,1,551,8,when online gift for girlfriend
where can i make party invitations online,7,1,551,14,can i online invitation
which gift voucher,3,1,551,9,which e gift card
which gift you like,4,1,551,14,which gift link
which invitation,2,1,551,8,which online invitation
who invitation,2,1,551,7,who online invitation
why digital gujarat scholarship not received,6,1,551,7,why digital card for girlfriend
why invite on whatsapp,4,1,551,5,why online invitation
yeti e gift card,4,1,551,14,e gift card y
z invitations,2,1,551,8,online invitation z
amazon gift card link app,5,1,550,13,gift link app
benefits of digital invitations,4,1,550,8,why digital invitation card
best digital gift for gf,5,1,550,7,which digital card for girlfriend
best digital invitation maker,4,1,550,10,digital invitation card best
best online invitation sites with rsvp,6,1,550,15,online invitation best
buy online gift for girlfriend,5,1,550,11,how online gift for girlfriend
can i send an e gift card to myself for someone else,12,1,550,15,can i e gift card
cards for girlfriend,3,1,550,8,what digital card for girlfriend
claude gift link buy,4,1,550,15,gift link b
digital birthday card for girls,5,1,550,12,digital card for girlfriend 
digital gift card apple pay,5,1,550,15,e gift card app
digital gift card in store,5,1,550,15,e gift card in
digital gift for gf,4,1,550,5,digital card for girlfriend u
digital gift to girlfriend,4,1,550,4,digital card for girlfriend t
digital invitation card design price,5,1,550,15,digital invitation card template
digital invitation card for bengali wedding,6,1,550,15,digital invitation card for
digital invitation card for event,5,1,550,14,digital invitation card e
digital invitation card maker in hindi,6,1,550,15,digital invitation card maker
digital invitation card message,4,1,550,10,digital invitation card q
digital marriage invitation card gujarati,5,1,550,15,digital invitation card g
digital marriage invitation card video online free,7,1,550,15,digital invitation card o
digital wedding card design online free,6,1,550,15,digital invitation card online
digital wedding card printing near me,6,1,550,15,digital invitation card p
digital wedding card shop near me,6,1,550,15,digital invitation card s
digital wedding card video template,5,1,550,15,digital invitation card v
digital wedding invitation card free maker,6,1,550,15,digital invitation card free
digital wedding invitation card website,5,1,550,15,digital invitation card w
dominos e gift card free,5,1,550,15,e gift card free
e gift card aerie,4,1,550,15,e gift card a
e gift card build a bear,6,1,550,15,e gift card b
e gift card cash,4,1,550,15,e gift card c
e gift card dollarama,4,1,550,15,e gift card d
e gift card email template,5,1,550,15,e gift card template
e gift card for fuel,5,1,550,15,e gift card for
e gift card for target,5,1,550,15,e gift card with
e gift card grubhub,4,1,550,15,e gift card g
e gift card how to redeem,6,1,550,15,e gift card h
e gift card is,4,1,550,15,e gift card i
e gift card jd sports ireland,6,1,550,15,e gift card j
e gift card kuwait,4,1,550,15,e gift card k
e gift card levis,4,1,550,15,e gift card l
e gift card marks and spencer,6,1,550,15,e gift card m
e gift card meta quest,5,1,550,15,e gift card q
e gift card not adding to apple wallet,8,1,550,15,e gift card n
e gift card pay with paypal,6,1,550,15,e gift card p
e gift card rei,4,1,550,15,e gift card r
e gift card shell,4,1,550,15,e gift card s
e gift card to bank account,6,1,550,15,e gift card t
e gift card universal orlando,5,1,550,15,e gift card u
e gift card via text message,6,1,550,15,e gift card v
e gift card waterstones,4,1,550,15,e gift card w
e gift cards online usa,5,1,550,15,e gift card online
e gift for her,4,1,550,15,virtual gift ideas h
e invitation template free download,5,1,550,15,online invitation template
free invitation without watermark,4,1,550,11,online invitation without
friendship day gift online link,5,1,550,14,gift link online
gift card ki jankari,4,1,550,11,gift link k
gift card link roblox,4,1,550,15,gift link r
gift card template for website,5,1,550,5,gift link template
gift from 2023,3,1,550,11,gift link 2026
gift from link,3,1,550,15,gift link f
gift link checker,3,1,550,9,gift link q
gift links interview,3,1,550,13,gift link i
gift valentine day link,4,1,550,15,gift link d
gift yt,2,1,550,11,gift link y
google gift link for students,5,1,550,15,gift link for
google gift link free,4,1,550,15,gift link g
how do i gift linkedin premium to someone,8,1,550,15,can i gift link
how to edit online invitation card,6,1,550,15,how online invitation
how to link gift card to phonepe,7,1,550,15,how gift link
how to make a love card for your girlfriend,9,1,550,8,how digital card for girlfriend
how to make digital invitation card online free,8,1,550,15,how digital invitation card
how to use e gift card on amazon,8,1,550,15,how e gift card
hypixel gift link,3,1,550,15,gift link h
invitations online and print,4,1,550,15,online invitation a
invite 20,2,1,550,5,online invitation 2027
is e voucher and gift card same,7,1,550,12,is it e gift card
link amex gift card to paypal,6,1,550,15,gift link a
link gift ulang tahun gratis,5,1,550,15,gift link u
link of gift,3,1,550,6,is it gift link
online birthday invitation app,4,1,550,15,online invitation app
online birthday invitation card kaise banaye,6,1,550,15,digital invitation card k
online birthday invitations uk,4,1,550,15,online invitation u
online digital invitation card maker free,6,1,550,15,online invitation d
online dohale jevan invitation card,5,1,550,15,online invitation j
online e greeting card maker,5,1,550,11,e gift card maker
online engagement invitation card maker free,6,1,550,15,online invitation e
online free invitation maker tamil,5,1,550,11,online invitation free
online ganpati invitation card,4,1,550,15,online invitation g
online gift card exchange instantly,5,1,550,15,e gift card e
online gift card order,4,1,550,15,e gift card o
online gift for birthday girl,5,1,550,15,virtual gift ideas b
online gift for mum,4,1,550,15,virtual gift ideas m
online gift for wedding couple,5,1,550,15,virtual gift ideas w
online gift sets for women,5,1,550,15,virtual gift ideas s
online gift to gf,4,1,550,10,online gift for girlfriend t
online gift voucher for baby,5,1,550,15,virtual gift ideas v
online housewarming invitation card maker,5,1,550,15,online invitation h
online invitation card background,4,1,550,15,digital invitation card b
online invitation card design tamil,5,1,550,15,digital invitation card d
online invitation card for new born baby function,8,1,550,15,digital invitation card n
online invitation card for retirement party,6,1,550,15,digital invitation card r
online invitation card maker for baby shower,7,1,550,15,online invitation c
online invitation card maker hindi,5,1,550,15,digital invitation card h
online invitation card maker marathi,5,1,550,15,online invitation r
online invitation editing free,4,1,550,6,online invitation 2026
online invitation indian,3,1,550,14,online invitation online
online invitation maker free in tamil,6,1,550,15,online invitation i
online invitation maker interactive,4,1,550,15,online invitation maker
online invitation video maker free with music,7,1,550,15,online invitation v
online invitations bar mitzvah,4,1,550,15,online invitation b
online invitations paperless post,4,1,550,15,online invitation p
online kids invitation maker,4,1,550,15,online invitation k
online leasing invitation,3,1,550,15,online invitation l
online meeting zoho,3,1,550,9,online invitation z
online nikkah invitation,3,1,550,15,online invitation n
online seemantham invitation card,4,1,550,15,online invitation s
online wedding invitation card app,5,1,550,11,digital invitation card app
quickbooks online invitation,3,1,550,15,online invitation q
roblox digital gift card xbox,5,1,550,15,e gift card x
spotify e gift card best buy,6,1,550,15,e gift card best
steam digital gift card without account,6,1,550,15,e gift card without
steam gift via link,4,1,550,15,gift link v
virtual card for girlfriend,4,1,550,5,digital card for girlfriend z
virtual gift generator,3,1,550,8,virtual gift ideas maker
virtual gift ideas for bf,5,1,550,5,virtual gift ideas 2026
virtual gifts online free,4,1,550,10,virtual gift ideas online
virtual reality gift ideas,4,1,550,13,virtual gift ideas r
what gift for girlfriend on her birthday,7,1,550,10,what online gift for girlfriend
what gift giving,3,1,550,15,what gift link
what is uber e gift card,6,1,550,15,what e gift card
whatsapp digital invitation size,4,1,550,9,what digital invitation card
whatsapp online invitation,3,1,550,15,what online invitation
where can i do free invitations online,7,1,550,15,can i online invitation
which gift card is best in india online,8,1,550,10,which e gift card
which gift girlfriend like most,5,1,550,15,which gift link
which online invitation site is free,6,1,550,9,which online invitation
who gift challenge,3,1,550,7,who e gift card
who invitation card,3,1,550,8,who online invitation
why invitation sent on instagram,5,1,550,6,why online invitation
youngla e gift card,4,1,550,15,e gift card y
zara gift card link expired,5,1,550,15,gift link e
zaxby's e gift card,4,1,550,15,e gift card z
