suggestion,words,prefix_hits,relevance,best_rank,source_prefixes
virtual gift for boyfriend birthday,5,35,1250,2,virtual gift f | virtual gift for | virtual gift for boyfriend | virtual gift for boyfriend  | virtual gift for boyfriend b | virtual gift for boyfriend c | virtual gift for boyfriend d | virtual gift for boyfriend f | virtual gift for boyfriend i | virtual gift for boyfriend j | virtual gift for boyfriend l | virtual gift for boyfriend m | virtual gift for boyfriend n | virtual gift for boyfriend o | virtual gift for boyfriend p | virtual gift for boyfriend r | virtual gift for boyfriend s | virtual gift for boyfriend t | virtual gift for boyfriend w | virtual gift for boyfriend x | virtual gift for boyfriend y | virtual gift for boyfriend z | virtual gift for boyfriend best | virtual gift for boyfriend free | virtual gift for boyfriend online | virtual gift for boyfriend with | virtual gift for boyfriend for | virtual gift for boyfriend 2026 | virtual gift for boyfriend 2027 | how virtual gift for boyfriend | what virtual gift for boyfriend | when virtual gift for boyfriend | why virtual gift for boyfriend | which virtual gift for boyfriend | who virtual gift for boyfriend
digital gift ideas,3,25,1250,1,digital gift | digital gift  | digital gift i | digital gift n | digital gift y | digital gift with | digital gift in | digital gift ideas  | digital gift ideas a | digital gift ideas e | digital gift ideas g | digital gift ideas i | digital gift ideas o | digital gift ideas p | digital gift ideas x | digital gift ideas y | digital gift ideas z | digital gift ideas best | digital gift ideas free | digital gift ideas online | digital gift ideas with | digital gift ideas in | digital gift ideas app | digital gift ideas maker | digital gift ideas 2027
online gift ideas for girlfriend,5,23,601,4,online gift i | online gift ideas for girlfriend  | online gift ideas for girlfriend b | online gift ideas for girlfriend c | online gift ideas for girlfriend d | online gift ideas for girlfriend j | online gift ideas for girlfriend k | online gift ideas for girlfriend l | online gift ideas for girlfriend t | online gift ideas for girlfriend x | online gift ideas for girlfriend z | online gift ideas for girlfriend online | online gift ideas for girlfriend maker | online gift ideas for girlfriend 2026 | online gift ideas for girlfriend 2027 | how online gift ideas for girlfriend | what online gift ideas for girlfriend | when online gift ideas for girlfriend | why online gift ideas for girlfriend | which online gift ideas for girlfriend | who online gift ideas for girlfriend | can i online gift ideas for girlfriend | is it online gift ideas for girlfriend
digital gift ideas for girlfriend,5,21,1251,1,digital gift i | digital gift ideas | digital gift ideas  | digital gift ideas a | digital gift ideas e | digital gift ideas f | digital gift ideas g | digital gift ideas i | digital gift ideas o | digital gift ideas p | digital gift ideas x | digital gift ideas z | digital gift ideas best | digital gift ideas free | digital gift ideas online | digital gift ideas with | digital gift ideas for | digital gift ideas in | digital gift ideas app | digital gift ideas maker | digital gift ideas 2027
digital gift ideas for birthday,5,21,650,4,digital gift i | digital gift ideas | digital gift ideas  | digital gift ideas a | digital gift ideas e | digital gift ideas f | digital gift ideas g | digital gift ideas i | digital gift ideas o | digital gift ideas p | digital gift ideas x | digital gift ideas z | digital gift ideas best | digital gift ideas free | digital gift ideas online | digital gift ideas with | digital gift ideas for | digital gift ideas in | digital gift ideas app | digital gift ideas maker | digital gift ideas 2027
virtual gift for boyfriend,4,16,1250,2,virtual gift  | virtual gift f | virtual gift for | virtual gift for boyfriend  | virtual gift for boyfriend j | virtual gift for boyfriend n | virtual gift for boyfriend x | virtual gift for boyfriend z | virtual gift for boyfriend 2026 | virtual gift for boyfriend 2027 | how virtual gift for boyfriend | what virtual gift for boyfriend | when virtual gift for boyfriend | why virtual gift for boyfriend | which virtual gift for boyfriend | who virtual gift for boyfriend
virtual gifts for boyfriend,4,16,602,3,virtual gift | virtual gift for boyfriend b | virtual gift for boyfriend c | virtual gift for boyfriend d | virtual gift for boyfriend f | virtual gift for boyfriend i | virtual gift for boyfriend l | virtual gift for boyfriend o | virtual gift for boyfriend p | virtual gift for boyfriend r | virtual gift for boyfriend s | virtual gift for boyfriend w | virtual gift for boyfriend best | virtual gift for boyfriend free | virtual gift for boyfriend online | virtual gift for boyfriend with
virtual gift ideas for boyfriend,5,15,601,1,virtual gift i | virtual gift for boyfriend | virtual gift for boyfriend  | virtual gift for boyfriend i | virtual gift for boyfriend p | virtual gift for boyfriend y | virtual gift for boyfriend best | virtual gift for boyfriend free | virtual gift for boyfriend online | virtual gift for boyfriend with | virtual gift for boyfriend for | virtual gift for boyfriend 2026 | virtual gift for boyfriend 2027 | how virtual gift for boyfriend | what virtual gift for boyfriend
digital gift ideas for friends,5,15,600,6,digital gift i | digital gift ideas | digital gift ideas  | digital gift ideas f | digital gift ideas g | digital gift ideas i | digital gift ideas p | digital gift ideas x | digital gift ideas best | digital gift ideas free | digital gift ideas online | digital gift ideas with | digital gift ideas for | digital gift ideas in | digital gift ideas app
online birthday gift ideas for girlfriend,6,14,600,2,online gift ideas for girlfriend | online gift ideas for girlfriend  | online gift ideas for girlfriend b | online gift ideas for girlfriend c | online gift ideas for girlfriend d | online gift ideas for girlfriend j | online gift ideas for girlfriend k | online gift ideas for girlfriend l | online gift ideas for girlfriend t | online gift ideas for girlfriend z | online gift ideas for girlfriend online | online gift ideas for girlfriend maker | online gift ideas for girlfriend 2026 | online gift ideas for girlfriend 2027
digital gift ideas for wife,5,14,554,6,digital gift with | digital gift without | digital gift ideas a | digital gift ideas e | digital gift ideas g | digital gift ideas o | digital gift ideas x | digital gift ideas z | digital gift ideas free | digital gift ideas online | digital gift ideas with | digital gift ideas in | digital gift ideas app | digital gift ideas maker
online gift ideas for gf,5,13,600,2,online gift ideas for girlfriend b | online gift ideas for girlfriend c | online gift ideas for girlfriend d | online gift ideas for girlfriend j | online gift ideas for girlfriend k | online gift ideas for girlfriend l | online gift ideas for girlfriend t | online gift ideas for girlfriend x | online gift ideas for girlfriend z | online gift ideas for girlfriend online | online gift ideas for girlfriend maker | online gift ideas for girlfriend 2026 | online gift ideas for girlfriend 2027
virtual gift for bf,4,13,550,9,virtual gift for boyfriend b | virtual gift for boyfriend c | virtual gift for boyfriend d | virtual gift for boyfriend f | virtual gift for boyfriend j | virtual gift for boyfriend l | virtual gift for boyfriend n | virtual gift for boyfriend o | virtual gift for boyfriend r | virtual gift for boyfriend s | virtual gift for boyfriend w | virtual gift for boyfriend x | virtual gift for boyfriend z
online gift ideas for boyfriend,5,12,559,6,online gift i | virtual gift for boyfriend b | virtual gift for boyfriend d | virtual gift for boyfriend m | virtual gift for boyfriend o | virtual gift for boyfriend online | why virtual gift for boyfriend | who virtual gift for boyfriend | digital gift ideas a | digital gift ideas f | digital gift ideas with | digital gift ideas in
virtual gift for boyfriend free,5,11,1251,1,virtual gift f | virtual gift for | virtual gift for boyfriend | virtual gift for boyfriend  | virtual gift for boyfriend f | how virtual gift for boyfriend | what virtual gift for boyfriend | when virtual gift for boyfriend | why virtual gift for boyfriend | which virtual gift for boyfriend | who virtual gift for boyfriend
virtual gift ideas for girlfriend,5,11,601,2,virtual gift i | online gift ideas for girlfriend d | online gift ideas for girlfriend l | how online gift ideas for girlfriend | what online gift ideas for girlfriend | when online gift ideas for girlfriend | why online gift ideas for girlfriend | which online gift ideas for girlfriend | who online gift ideas for girlfriend | can i online gift ideas for girlfriend | is it online gift ideas for girlfriend
send gifts online today,4,11,600,2,send gift online e | send gift online j | send gift online k | send gift online o | send gift online q | send gift online y | send gift online z | send gift online best | send gift online free | send gift online online | send gift online app
digital gift ideas for husband,5,11,553,12,digital gift ideas a | digital gift ideas e | digital gift ideas g | digital gift ideas i | digital gift ideas o | digital gift ideas p | digital gift ideas z | digital gift ideas with | digital gift ideas for | digital gift ideas in | digital gift ideas maker
virtual gift meaning,3,10,1251,1,virtual gift | virtual gift  | virtual gift m | virtual gift y | virtual gift with | virtual gift in | virtual gift without | virtual gift template | how virtual gift | why virtual gift
virtual gift for boyfriend long distance,6,10,601,1,virtual gift for boyfriend | virtual gift for boyfriend  | virtual gift for boyfriend d | virtual gift for boyfriend l | how virtual gift for boyfriend | what virtual gift for boyfriend | when virtual gift for boyfriend | why virtual gift for boyfriend | which virtual gift for boyfriend | who virtual gift for boyfriend
send gifts online india,4,9,1250,1,send gift online i | send gift online j | send gift online k | send gift online o | send gift online q | send gift online y | send gift online best | send gift online online | send gift online app
digital gift for birthday,4,9,700,3,digital gift  | digital gift f | digital gift with | digital gift for | digital gift in | digital gift ideas | digital gift ideas  | digital gift ideas b | digital gift ideas y
send gifts online amazon,4,9,600,2,send gift online a | send gift online e | send gift online o | send gift online q | send gift online x | send gift online y | send gift online z | send gift online app | send gift online 2027
online gift ideas,3,8,1251,1,online gift i | online gift n | online gift without | online gift 2026 | virtual gift i | digital gift ideas | digital gift ideas  | digital gift ideas y
digital gift ideas for boyfriend,5,8,1250,2,digital gift i | digital gift ideas | digital gift ideas  | digital gift ideas b | digital gift ideas f | digital gift ideas best | digital gift ideas for | digital gift ideas 2027
digital gift for boyfriend,4,8,1100,2,digital gift | digital gift  | digital gift f | digital gift for | digital gift ideas | digital gift ideas  | digital gift ideas b | digital gift ideas y
online creative gift ideas for girlfriend,6,8,601,1,online gift ideas for girlfriend | online gift ideas for girlfriend  | online gift ideas for girlfriend c | online gift ideas for girlfriend x | online gift ideas for girlfriend z | online gift ideas for girlfriend online | online gift ideas for girlfriend maker | why online gift ideas for girlfriend
send gifts online flipkart,4,8,601,1,send gift online k | send gift online o | send gift online z | send gift online free | send gift online online | send gift online app | send gift online 2026 | send gift online 2027
what can i gift my girlfriend,6,8,600,2,online gift ideas for girlfriend b | online gift ideas for girlfriend c | online gift ideas for girlfriend d | online gift ideas for girlfriend l | online gift ideas for girlfriend t | how online gift ideas for girlfriend | who online gift ideas for girlfriend | can i online gift ideas for girlfriend
digital gift for girlfriend,4,7,1251,1,digital gift  | digital gift f | digital gift for | digital gift ideas | digital gift ideas  | digital gift ideas g | digital gift ideas y
online gift delivery,3,7,1251,1,digital gift d | online gift | online gift  | online gift d | online gift n | online gift online | virtual gift d
online gift for girlfriend,4,7,1250,1,online gift | online gift  | online gift f | online gift with | online gift for | online gift in | digital gift ideas g
digital gift ideas for best friend,6,7,601,5,digital gift i | digital gift best | digital gift ideas | digital gift ideas  | digital gift ideas f | digital gift ideas best | digital gift ideas for
send gift online in germany,5,7,600,3,send gift online | send gift online  | send gift online i | send gift online n | send gift online with | send gift online for | send gift online in
what is a virtual gift,5,7,600,2,virtual gift y | virtual gift with | virtual gift in | virtual gift without | virtual gift template | how virtual gift | which virtual gift
what to give gifts for girlfriend,6,7,600,2,online gift ideas for girlfriend b | online gift ideas for girlfriend d | online gift ideas for girlfriend t | what online gift ideas for girlfriend | when online gift ideas for girlfriend | why online gift ideas for girlfriend | who online gift ideas for girlfriend
girlfriend online gift,3,7,553,5,how online gift ideas for girlfriend | when online gift ideas for girlfriend | why online gift ideas for girlfriend | which online gift ideas for girlfriend | who online gift ideas for girlfriend | can i online gift ideas for girlfriend | is it online gift ideas for girlfriend
unique online gift for girlfriend,5,7,553,5,how online gift ideas for girlfriend | what online gift ideas for girlfriend | when online gift ideas for girlfriend | why online gift ideas for girlfriend | which online gift ideas for girlfriend | who online gift ideas for girlfriend | is it online gift ideas for girlfriend
virtual gift website,3,6,1251,1,virtual gift | virtual gift  | virtual gift n | virtual gift w | virtual gift with | virtual gift without
online gift cards,3,6,1250,1,online gift | online gift  | online gift a | online gift c | online gift n | online gift x
virtual gift card,3,6,1250,1,virtual gift | virtual gift  | virtual gift a | virtual gift c | virtual gift d | virtual gift v
virtual gift ideas,3,6,1250,1,virtual gift | virtual gift  | virtual gift i | virtual gift n | virtual gift y | virtual gift with
virtual gift online free,4,6,1250,2,virtual gift o | virtual gift y | virtual gift free | virtual gift online | virtual gift without | virtual gift template
virtual gift website free,4,6,850,2,virtual gift | virtual gift  | virtual gift n | virtual gift w | virtual gift with | virtual gift without
digital gift ideas for men,5,6,651,3,digital gift i | digital gift ideas | digital gift ideas  | digital gift ideas f | digital gift ideas m | digital gift ideas for
digital gift for best friend,5,6,650,4,digital gift  | digital gift f | digital gift best | digital gift for | digital gift ideas b | digital gift ideas best
online gift delivery same day,5,6,601,4,digital gift d | online gift | online gift  | online gift d | online gift online | virtual gift d
what is a digital gift,5,6,600,2,digital gift y | digital gift without | digital gift template | which digital gift | is it digital gift | digital gift ideas e
digital gift ideas for dad,5,6,558,7,digital gift i | digital gift ideas | digital gift ideas  | digital gift ideas d | digital gift ideas f | digital gift ideas for
online gift ideas for friends,5,6,557,7,online gift i | online gift 2026 | digital gift ideas a | digital gift ideas f | digital gift ideas with | digital gift ideas in
what should i gift my girlfriend,6,6,556,4,online gift ideas for girlfriend b | online gift ideas for girlfriend c | online gift ideas for girlfriend d | online gift ideas for girlfriend t | how online gift ideas for girlfriend | can i online gift ideas for girlfriend
online gift maker,3,5,1251,1,digital gift maker | online gift | online gift  | online gift m | virtual gift maker
online gift website,3,5,1251,1,digital gift w | online gift | online gift  | online gift w | virtual gift w
digital gift cards,3,5,1250,1,digital gift | digital gift  | digital gift a | digital gift c | digital gift n
online gift service,3,5,1250,2,online gift | online gift  | online gift n | online gift s | virtual gift s
best virtual gift for boyfriend,5,5,601,1,virtual gift for boyfriend | virtual gift for boyfriend  | virtual gift for boyfriend b | virtual gift for boyfriend best | how virtual gift for boyfriend
online gift in pakistan,4,5,601,1,digital gift in | online gift with | online gift in | virtual gift i | virtual gift in
online gift maker for gf,5,5,601,3,digital gift maker | online gift m | online gift maker | virtual gift maker | digital gift ideas maker
send gift online in dubai,5,5,601,2,send gift online i | send gift online n | send gift online with | send gift online for | send gift online in
which online gift cards is best,6,5,601,1,which digital gift | what online gift | which online gift | who online gift | which virtual gift
online gift delivery in india,5,5,600,2,digital gift d | online gift d | online gift n | online gift online | virtual gift d
online gift for best friend,5,5,600,2,online gift f | online gift best | online gift for | digital gift ideas b | digital gift ideas best
online gift in dubai,4,5,600,2,digital gift in | online gift with | online gift in | virtual gift i | virtual gift in
virtual gift card how to use,6,5,600,4,virtual gift  | virtual gift a | virtual gift c | virtual gift h | virtual gift v
virtual gift for free,4,5,600,3,virtual gift y | virtual gift with | virtual gift for | virtual gift in | virtual gift without
what is a digital invitation,5,5,600,2,digital invitation x | digital invitation z | digital invitation without | digital invitation 2026 | is it digital invitation
online gift ideas for birthday,5,5,559,5,online gift i | digital gift ideas a | digital gift ideas f | digital gift ideas with | digital gift ideas in
online gift to send,4,5,559,6,digital gift t | online gift t | online gift with | online gift in | virtual gift t
send gifts online in india,5,5,553,11,send gift online e | send gift online x | send gift online z | send gift online free | send gift online 2027
what can i gift my girlfriend online,7,5,553,6,what online gift ideas for girlfriend | when online gift ideas for girlfriend | why online gift ideas for girlfriend | can i online gift ideas for girlfriend | is it online gift ideas for girlfriend
digital invitation card,3,4,1252,1,digital invitation | digital invitation  | digital invitation c | digital invitation r
digital invitation card for wedding,5,4,1251,2,digital invitation | digital invitation  | digital invitation c | digital invitation r
virtual gift for girlfriend,4,4,1251,1,virtual gift | virtual gift  | virtual gift f | virtual gift for
virtual gift link,3,4,1251,1,virtual gift | virtual gift  | virtual gift l | virtual gift n
digital gift maker,3,4,1250,1,digital gift | digital gift  | digital gift m | digital gift ideas maker
online gift delivery in bangalore same day,7,4,1250,2,online gift | online gift  | online gift d | online gift online
online gift hampers,3,4,1250,1,digital gift h | online gift  | online gift h | virtual gift h
online gift maker free,4,4,1250,1,digital gift maker | online gift m | online gift maker | virtual gift maker
virtual gift box,3,4,1250,1,virtual gift | virtual gift  | virtual gift b | virtual gift n
virtual gift service,3,4,1250,1,virtual gift | virtual gift  | virtual gift n | virtual gift s
digital gift cards free,4,4,1050,2,digital gift | digital gift  | digital gift a | digital gift c
virtual gift free,3,4,1050,3,virtual gift | virtual gift  | virtual gift f | virtual gift n
digital invitation for wedding,4,4,1000,2,digital invitation | digital invitation a | digital invitation f | digital invitation for
digital gift card amazon,4,4,601,3,digital gift a | digital gift c | digital gift d | digital gift n
online best gift for boyfriend on his birthday,8,4,601,1,digital gift best | online gift best | virtual gift best | virtual gift for boyfriend o
online gift card purchase,4,4,601,3,online gift a | online gift c | online gift n | online gift x
online gift ideas for long distance girlfriend,7,4,601,1,online gift ideas for girlfriend | online gift ideas for girlfriend  | online gift ideas for girlfriend d | online gift ideas for girlfriend l
send gift online to canada,5,4,601,2,send gift online t | send gift online with | send gift online for | send gift online in
send gifts online for birthday,5,4,601,1,send gift online b | send gift online f | send gift online with | send gift online for
virtual gift card maker,4,4,601,3,virtual gift a | virtual gift c | virtual gift v | virtual gift maker
virtual gift for birthday,4,4,601,2,virtual gift f | virtual gift with | virtual gift for | virtual gift in
digital gift card roblox,4,4,600,4,digital gift a | digital gift c | digital gift d | digital gift n
digital invitation for birthday,4,4,600,6,digital invitation a | digital invitation f | digital invitation z | digital invitation for
easy gift ideas for girlfriend,5,4,600,2,what online gift ideas for girlfriend | when online gift ideas for girlfriend | which online gift ideas for girlfriend | is it online gift ideas for girlfriend
electronic gift ideas,3,4,600,2,digital gift i | digital gift ideas | digital gift ideas  | digital gift ideas y
online gift for birthday,4,4,600,3,online gift with | online gift for | online gift in | digital gift ideas b
online gift for boyfriend,4,4,600,3,online gift for | virtual gift for boyfriend | virtual gift for boyfriend  | digital gift ideas b
online gift maker for bf,5,4,600,4,digital gift maker | online gift maker | virtual gift maker | digital gift ideas maker
online gift to boyfriend,4,4,600,2,digital gift t | online gift t | virtual gift t | virtual gift for boyfriend t
send gift online abu dhabi,5,4,600,2,send gift online | send gift online  | send gift online a | send gift online d
send gift online sri lanka,5,4,600,2,send gift online | send gift online  | send gift online l | send gift online s
send gift online to usa,5,4,600,3,send gift online t | send gift online with | send gift online for | send gift online in
virtual gift link for boyfriend,5,4,600,2,virtual gift l | virtual gift for boyfriend | virtual gift for boyfriend  | virtual gift for boyfriend l
what is digital invitation card,5,4,600,2,how digital invitation | what digital invitation | why digital invitation | is it digital invitation
send gift online same day,5,4,562,3,send gift online | send gift online  | send gift online d | send gift online s
send gifts online for her,5,4,562,3,send gift online f | send gift online h | send gift online with | send gift online for
electronic gift ideas for men,5,4,561,3,digital gift ideas a | digital gift ideas f | digital gift ideas with | digital gift ideas in
send gift online to australia,5,4,561,4,send gift online t | send gift online with | send gift online for | send gift online in
send gifts online for kids,5,4,561,4,send gift online f | send gift online k | send gift online with | send gift online for
virtual gift cards visa,4,4,561,4,virtual gift a | virtual gift c | virtual gift n | virtual gift v
digital gift card store,4,4,560,5,digital gift a | digital gift c | digital gift d | digital gift n
electronic gift ideas for women,5,4,560,4,digital gift ideas a | digital gift ideas f | digital gift ideas with | digital gift ideas in
online gift delivery in usa,5,4,558,7,digital gift d | online gift d | online gift online | virtual gift d
digital gift card steam,4,4,557,8,digital gift a | digital gift c | digital gift d | digital gift n
digital gift for anniversary,4,4,557,8,digital gift f | digital gift for | digital gift ideas  | digital gift ideas y
electronic gift ideas for wedding,5,4,556,8,digital gift ideas a | digital gift ideas f | digital gift ideas with | digital gift ideas in
digital invitation card maker near me,6,4,555,10,digital invitation | digital invitation  | digital invitation c | digital invitation r
online gift ideas for ldr,5,4,555,9,digital gift ideas a | digital gift ideas f | digital gift ideas with | digital gift ideas in
what will be the best gift for girlfriend,8,4,555,3,when online gift ideas for girlfriend | why online gift ideas for girlfriend | which online gift ideas for girlfriend | is it online gift ideas for girlfriend
best online gifts for girlfriend,5,4,553,5,how online gift ideas for girlfriend | which online gift ideas for girlfriend | who online gift ideas for girlfriend | is it online gift ideas for girlfriend
virtual gifts for boyfriend ideas,5,4,551,5,when virtual gift for boyfriend | why virtual gift for boyfriend | which virtual gift for boyfriend | who virtual gift for boyfriend
digital gift ideas for clients,5,4,550,8,digital gift ideas i | digital gift ideas x | digital gift ideas free | digital gift ideas with
digital gift box,3,3,1251,1,digital gift | digital gift  | digital gift b
digital invitation video maker,4,3,1251,1,digital invitation | digital invitation  | digital invitation v
digital invitation website,3,3,1251,1,digital invitation  | digital invitation w | digital invitation without
online gift order,3,3,1251,1,digital gift o | online gift o | virtual gift o
online gift shops,3,3,1251,1,online gift | online gift  | online gift s
online gift vouchers,3,3,1251,1,online gift b | online gift n | online gift v
digital gift box free,4,3,1250,2,digital gift  | digital gift b | digital gift free
digital gift garden,3,3,1250,1,digital gift | digital gift  | digital gift g
digital gift maker free,4,3,1250,1,digital gift m | digital gift free | digital gift maker
digital gift online,3,3,1250,1,digital gift o | digital gift with | digital gift without
digital gift website,3,3,1250,1,digital gift | digital gift  | digital gift w
digital invitation card maker,4,3,1250,3,digital invitation | digital invitation c | digital invitation r
digital invitation for engagement,4,3,1250,1,digital invitation | digital invitation f | digital invitation for
digital invitation maker near me,5,3,1250,1,digital invitation m | digital invitation maker | what digital invitation
digital invitation with rsvp,4,3,1250,1,digital invitation w | digital invitation with | digital invitation in
online gift kaise bheje,4,3,1250,1,digital gift k | online gift k | virtual gift k
send gift online uk,4,3,1250,1,send gift online | send gift online  | send gift online u
virtual gift link generator,4,3,1250,2,virtual gift | virtual gift  | virtual gift l
virtual gift to boyfriend,4,3,1250,1,virtual gift t | virtual gift for boyfriend t | virtual gift for boyfriend for
online gift card maker,4,3,1200,2,online gift a | online gift c | online gift x
online gift delivery bangalore,4,3,1100,3,online gift | online gift  | online gift d
virtual gift maker free,4,3,1050,1,virtual gift m | virtual gift free | virtual gift maker
online gift shops near me,5,3,950,3,online gift | online gift  | online gift s
virtual gift box free,4,3,900,3,virtual gift b | virtual gift free | virtual gift template
virtual gift for long distance boyfriend,6,3,850,3,virtual gift  | virtual gift f | virtual gift for
online gift store,3,3,750,4,online gift  | online gift s | virtual gift s
virtual gift card free,4,3,750,2,virtual gift a | virtual gift c | virtual gift v
digital invitation for baby shower,5,3,700,3,digital invitation a | digital invitation f | digital invitation for
online gift maker website,4,3,650,2,digital gift maker | online gift maker | virtual gift maker
digital gift for free,4,3,601,1,digital gift for | digital gift ideas y | digital gift ideas free
digital gift for her,4,3,601,1,digital gift f | digital gift for | digital gift ideas h
digital gift for men,4,3,601,1,digital gift f | digital gift for | digital gift ideas m
digital gift for sister,4,3,601,1,digital gift f | digital gift for | digital gift ideas s
digital gift for wife,4,3,601,1,digital gift with | digital gift without | digital gift ideas w
digital gift online free,4,3,601,1,digital gift o | digital gift free | digital gift online
digital gift world,3,3,601,1,digital gift with | digital gift without | digital gift 2027
digital invitation app free,4,3,601,3,digital invitation a | digital invitation free | digital invitation app
digital invitation card for house warming ceremony,7,3,601,4,digital invitation | digital invitation  | digital invitation c
online best gift,3,3,601,1,digital gift best | online gift best | virtual gift best
online gift for boyfriend birthday,5,3,601,2,virtual gift for boyfriend | virtual gift for boyfriend  | virtual gift for boyfriend b
online gift for girls,4,3,601,2,online gift f | online gift for | digital gift ideas g
online gift ideas for women,5,3,601,1,online gift i | online gift ideas for girlfriend | online gift ideas for girlfriend 
online gift jordan,3,3,601,1,digital gift j | online gift j | virtual gift j
online gift karachi,3,3,601,2,digital gift k | online gift k | virtual gift k
online gift qatar,3,3,601,1,digital gift q | online gift q | virtual gift q
online gift templates,3,3,601,1,digital gift template | online gift template | virtual gift template
online gift uk delivery,4,3,601,2,digital gift u | online gift u | virtual gift u
online gift without address,4,3,601,1,digital gift without | online gift without | virtual gift without
online unique gift for girlfriend birthday,6,3,601,1,online gift ideas for girlfriend | online gift ideas for girlfriend  | online gift ideas for girlfriend b
online virtual gifts for boyfriend,5,3,601,1,virtual gift for boyfriend | virtual gift for boyfriend o | virtual gift for boyfriend online
online zoo gift shop,4,3,601,1,digital gift z | online gift z | virtual gift z
send gift online australia,4,3,601,1,send gift online | send gift online  | send gift online a
send gift online canada,4,3,601,1,send gift online | send gift online  | send gift online c
send gift online dubai,4,3,601,1,send gift online | send gift online  | send gift online d
send gift online india,4,3,601,1,send gift online | send gift online  | send gift online in
send gift online karachi,4,3,601,1,send gift online | send gift online  | send gift online k
send gift online pakistan,4,3,601,1,send gift online | send gift online  | send gift online p
send gift online qatar,4,3,601,1,send gift online | send gift online  | send gift online q
send gift online usa,4,3,601,2,send gift online | send gift online  | send gift online u
send gifts online free delivery,5,3,601,1,send gift online f | send gift online free | send gift online online
send gifts online same day delivery,6,3,601,1,send gift online s | send gift online free | send gift online online
send online gift to new zealand,6,3,601,1,send gift online n | send gift online z | send gift online in
virtual gift card for boyfriend,5,3,601,1,virtual gift for boyfriend | virtual gift for boyfriend  | virtual gift for boyfriend c
virtual gift for best friend,5,3,601,5,virtual gift f | virtual gift best | virtual gift for
virtual gift service for boyfriend,5,3,601,1,virtual gift for boyfriend | virtual gift for boyfriend  | virtual gift for boyfriend s
virtual gift website for boyfriend,5,3,601,3,virtual gift w | virtual gift for boyfriend | virtual gift for boyfriend 
virtual gifts for long distance boyfriend free,7,3,601,2,virtual gift for boyfriend d | virtual gift for boyfriend f | virtual gift for boyfriend free
what is digital invitation,4,3,601,1,how digital invitation | what digital invitation | why digital invitation
digital gift for,3,3,600,2,digital gift with | digital gift in | digital gift ideas y
digital gift for girlfriend free,5,3,600,7,digital gift f | digital gift for | digital gift ideas free
digital gift for husband,4,3,600,2,digital gift f | digital gift for | digital gift ideas h
digital gift for long distance relationship,6,3,600,2,digital gift f | digital gift for | digital gift ideas l
digital gift item,3,3,600,2,digital gift y | digital gift in | digital gift 2027
digital invitation card for engagement,5,3,600,5,digital invitation | digital invitation  | digital invitation c
e gift best buy,4,3,600,2,digital gift best | online gift best | virtual gift best
e gift template,3,3,600,2,digital gift template | online gift template | virtual gift template
e gift zara,3,3,600,2,digital gift z | online gift z | virtual gift z
free virtual gifts for boyfriend birthday,6,3,600,3,virtual gift for boyfriend b | virtual gift for boyfriend f | virtual gift for boyfriend free
online best gift for girlfriend,5,3,600,2,digital gift best | online gift best | virtual gift best
online gift card free,4,3,600,4,online gift a | online gift c | online gift x
online gift card ideas for women,6,3,600,2,online gift ideas for girlfriend | online gift ideas for girlfriend  | online gift ideas for girlfriend c
online gift for wife,4,3,600,3,online gift f | online gift for | digital gift ideas w
online gift jaipur,3,3,600,2,digital gift j | online gift j | virtual gift j
online gift kerala,3,3,600,3,digital gift k | online gift k | virtual gift k
online gift qr code,4,3,600,2,digital gift q | online gift q | virtual gift q
online gift to girlfriend,4,3,600,3,digital gift t | online gift t | virtual gift t
online yorkdale gift card,4,3,600,2,digital gift y | online gift y | virtual gift y
online zift gift card,4,3,600,2,digital gift z | online gift z | virtual gift z
send gift online philippines,4,3,600,2,send gift online | send gift online  | send gift online p
send gifts online for him,5,3,600,2,send gift online f | send gift online h | send gift online for
what e gift card,4,3,600,2,what digital gift | what online gift | what virtual gift
what is digital gift,4,3,600,3,how digital gift | what digital gift | why digital gift
what online gift card,4,3,600,2,what digital gift | what online gift | what virtual gift
what to gift online friend,5,3,600,2,online gift without | why online gift | which online gift
digital gift cards visa,4,3,562,3,digital gift a | digital gift c | digital gift n
e gift jollibee,3,3,562,3,digital gift j | online gift j | virtual gift j
e gift zone,3,3,562,3,digital gift z | online gift z | virtual gift z
online best gift for wife on her birthday,8,3,562,3,digital gift best | online gift best | virtual gift best
online gift delivery sri lanka,5,3,562,3,digital gift d | online gift online | virtual gift d
online gift quiz,3,3,562,3,digital gift q | online gift q | virtual gift q
online zillions gift card stores,5,3,562,3,digital gift z | online gift z | virtual gift z
digital gift cards australia,4,3,561,4,digital gift a | digital gift c | digital gift n
e gift zalora,3,3,561,4,digital gift z | online gift z | virtual gift z
electronic gift ideas women,4,3,561,4,digital gift ideas | digital gift ideas w | digital gift ideas y
online best gift for girlfriend birthday,6,3,561,4,digital gift best | online gift best | virtual gift best
online gas gift cards,4,3,561,4,digital gift g | online gift g | virtual gift g
online gift for sister,4,3,561,4,online gift f | online gift for | digital gift ideas s
online gift free,3,3,561,4,digital gift free | online gift f | virtual gift free
send gift online in india,5,3,561,4,send gift online n | send gift online with | send gift online for
send gifts online in pakistan,5,3,561,4,send gift online i | send gift online with | send gift online for
what is digital gift card roblox,6,3,561,4,how digital gift | what digital gift | why digital gift
digital invitation maker app,4,3,560,5,digital invitation m | digital invitation app | digital invitation maker
e gift free,3,3,560,5,digital gift free | online gift free | virtual gift free
e gift gas card,4,3,560,4,digital gift g | online gift g | virtual gift g
e gift john lewis,4,3,560,5,digital gift j | online gift j | virtual gift j
electronic gift ideas men,4,3,560,5,digital gift ideas | digital gift ideas m | digital gift ideas y
online bestbuy gift card,4,3,560,5,digital gift best | online gift best | virtual gift best
online gift card website,4,3,560,5,online gift a | online gift c | online gift x
online gift delivery in pakistan,5,3,560,5,digital gift d | online gift online | virtual gift d
online gift for free,4,3,560,3,online gift with | online gift in | digital gift ideas free
online gift for husband,4,3,560,5,online gift f | online gift for | digital gift ideas h
online gift for kids,4,3,560,3,online gift f | online gift for | digital gift ideas k
online gift for men,4,3,560,5,online gift f | online gift for | digital gift ideas m
online gift for sister on raksha bandhan,7,3,560,5,online gift f | online gift for | digital gift ideas s
online gift hampers for diwali,5,3,560,5,digital gift h | online gift h | virtual gift h
online google gift card,4,3,560,5,digital gift g | online gift g | virtual gift g
online order gift card,4,3,560,5,digital gift o | online gift o | virtual gift o
online qdoba gift card,4,3,560,5,digital gift q | online gift q | virtual gift q
online zepto gift card,4,3,560,5,digital gift z | online gift z | virtual gift z
virtual gift card website,4,3,560,5,virtual gift a | virtual gift c | virtual gift v
digital invitation card printing near me,6,3,559,6,digital invitation | digital invitation  | digital invitation c
e gift ideas,3,3,559,6,digital gift ideas | digital gift ideas  | digital gift ideas y
e gift qr code,4,3,559,6,digital gift q | online gift q | virtual gift q
online best gift cards,4,3,559,6,digital gift best | online gift best | virtual gift best
online gift card sell,4,3,559,6,online gift a | online gift c | online gift x
online gift delivery in australia,5,3,559,6,digital gift d | online gift online | virtual gift d
online gift happy birthday,4,3,559,6,digital gift h | online gift h | virtual gift h
online gift to pakistan,4,3,559,6,digital gift t | online gift t | virtual gift t
online one4all gift card,4,3,559,6,digital gift o | online gift o | virtual gift o
online youtube gift card,4,3,559,3,digital gift y | online gift y | virtual gift y
online zarraffa's gift card,4,3,559,6,digital gift z | online gift z | virtual gift z
send gifts online to sri lanka,6,3,559,6,send gift online t | send gift online with | send gift online for
virtual gift card bob,4,3,559,6,virtual gift a | virtual gift c | virtual gift v
what e gift,3,3,559,6,what digital gift | what online gift | what virtual gift
digital gift card maker,4,3,558,7,digital gift a | digital gift c | digital gift maker
digital gift cards canada,4,3,558,7,digital gift a | digital gift c | digital gift n
digital invitation card for naming ceremony,6,3,558,7,digital invitation | digital invitation  | digital invitation c
e gift in,3,3,558,3,digital gift in | online gift in | virtual gift in
e gift jd,3,3,558,7,digital gift j | online gift j | virtual gift j
online gift cards india,4,3,558,7,online gift a | online gift c | online gift x
online gift for women,4,3,558,7,online gift f | online gift for | digital gift ideas w
online yeti gift card,4,3,558,4,digital gift y | online gift y | virtual gift y
send gifts online in bangalore,5,3,558,7,send gift online i | send gift online with | send gift online for
send gifts online to philippines,5,3,558,7,send gift online t | send gift online with | send gift online for
virtual gift card bank of baroda,6,3,558,7,virtual gift a | virtual gift c | virtual gift v
digital invitation card for wedding free,6,3,557,8,digital invitation | digital invitation  | digital invitation c
online best gift for husband on his birthday,8,3,557,8,digital gift best | online gift best | virtual gift best
online gift card for birthday,5,3,557,8,online gift a | online gift c | online gift x
online gift for boys,4,3,557,8,online gift f | online gift for | digital gift ideas b
send gifts online to usa from india,7,3,557,8,send gift online t | send gift online u | send gift online 2026
virtual gift card meaning,4,3,557,8,virtual gift a | virtual gift c | virtual gift v
virtual gift cards canada,4,3,557,8,virtual gift a | virtual gift c | virtual gift n
can you use a digital gift card online,8,3,556,5,digital gift y | digital gift with | digital gift ideas online
digital invitation card video,4,3,556,9,digital invitation | digital invitation c | digital invitation r
e grubhub gift card,4,3,556,8,digital gift g | online gift g | virtual gift g
online best gift for newborn baby,6,3,556,9,digital gift best | online gift best | virtual gift best
online birthday gift ideas for her,6,3,556,3,online gift ideas for girlfriend | online gift ideas for girlfriend  | online gift ideas for girlfriend b
online gift card maker free,5,3,556,9,online gift a | online gift c | online gift x
online gift delivery for birthday,5,3,556,9,digital gift d | online gift online | virtual gift d
online gift to friend,4,3,556,9,digital gift t | online gift t | virtual gift t
send gifts online to singapore,5,3,556,9,send gift online t | send gift online with | send gift online for
virtual gift card for birthday,5,3,556,9,virtual gift a | virtual gift c | virtual gift v
online gift card buy,4,3,555,10,online gift a | online gift c | online gift x
virtual gift card for girlfriend,5,3,555,10,virtual gift a | virtual gift c | virtual gift v
digital invitation for baptism,4,3,554,11,digital invitation a | digital invitation f | digital invitation for
online gift for wife birthday,5,3,554,11,online gift f | online gift for | digital gift ideas w
e on gift card,4,3,553,12,digital gift o | online gift o | virtual gift o
online gift card for girlfriend,5,3,553,12,online gift a | online gift c | online gift x
virtual gift card balance,4,3,553,12,virtual gift a | virtual gift c | virtual gift d
digital invitation for christening,4,3,552,13,digital invitation a | digital invitation f | digital invitation for
online gift card voucher,4,3,552,13,online gift a | online gift c | online gift x
online gift card birthday present,5,3,551,14,online gift a | online gift c | online gift x
virtual gifts to give your boyfriend,6,3,551,6,when virtual gift for boyfriend | why virtual gift for boyfriend | who virtual gift for boyfriend
online gift card code,4,3,550,15,online gift a | online gift c | online gift x
online girlfriend gifts,3,3,550,9,online gift ideas for girlfriend d | online gift ideas for girlfriend l | online gift ideas for girlfriend t
online gift registry,3,2,1252,1,online gift r | virtual gift r
online gift link,3,2,1251,1,online gift  | online gift l
online gift registry south africa,5,2,1251,2,online gift r | virtual gift r
digital gift free,3,2,1250,2,digital gift  | digital gift f
digital gift link,3,2,1250,1,digital gift  | digital gift l
digital gift service,3,2,1250,1,digital gift  | digital gift s
digital invitation in canva,4,2,1250,1,digital invitation i | digital invitation in
digital invitation maker,3,2,1250,1,digital invitation  | digital invitation m
digital invitation templates,3,2,1250,1,digital invitation t | digital invitation template
digital invitation video,3,2,1250,2,digital invitation | digital invitation v
online gift app,3,2,1250,1,online gift a | virtual gift app
online gift link free,4,2,1250,2,online gift l | online gift free
online gift registry free,4,2,1250,3,online gift r | virtual gift r
online gift website free,4,2,1250,2,online gift w | online gift free
online gift with music,4,2,1250,1,online gift w | online gift with
virtual gift apk,3,2,1250,1,virtual gift  | virtual gift a
virtual gift free website,4,2,1250,1,virtual gift f | virtual gift free
virtual gift generator,3,2,1250,1,virtual gift g | virtual gift template
virtual gift indosiar,3,2,1250,1,virtual gift i | virtual gift in
virtual gift with music,4,2,1250,1,virtual gift w | virtual gift with
digital invitation templates free,4,2,1150,2,digital invitation t | digital invitation template
digital invitation birthday,3,2,1050,3,digital invitation b | digital invitation y
digital invitation example,3,2,1050,3,digital invitation e | digital invitation template
virtual gift box maker,4,2,1050,2,virtual gift b | virtual gift maker
online gift packaging,3,2,1000,2,online gift p | virtual gift p
digital invitation with rsvp link,5,2,952,2,digital invitation w | digital invitation with
digital invitation with rsvp tracking,5,2,951,3,digital invitation w | digital invitation with
digital invitation with voice over,5,2,950,4,digital invitation w | digital invitation with
online gift purchase,3,2,802,3,online gift p | virtual gift p
virtual gift maker online free,5,2,800,2,virtual gift m | virtual gift maker
online gift registry australia,4,2,750,4,online gift r | virtual gift r
virtual gift surprise,3,2,700,3,virtual gift n | virtual gift s
digital invitation with clickable link,5,2,602,5,digital invitation w | digital invitation with
online gift items wholesale,4,2,602,3,online gift i | digital gift ideas w
can i buy online gift cards,6,2,601,1,can i online gift | can i virtual gift
can i send online gift cards,6,2,601,1,how send gift online | can i send gift online
digital bestbuy gift card,4,2,601,1,digital gift b | digital gift best
digital gift card for xbox,5,2,601,1,digital gift ideas c | digital gift ideas x
digital gift card ideas,4,2,601,1,digital gift ideas c | digital gift ideas y
digital gift for friend,4,2,601,6,digital gift f | digital gift for
digital gift for long distance boyfriend,6,2,601,1,digital gift ideas d | digital gift ideas l
digital gift for valentines,4,2,601,1,digital gift ideas v | digital gift ideas y
digital gift website template,4,2,601,2,digital gift w | digital gift template
digital invitation code,3,2,601,1,digital invitation 2026 | digital invitation 2027
digital invitation for house warming ceremony,6,2,601,5,digital invitation f | digital invitation for
digital invitation free maker,4,2,601,1,digital invitation f | digital invitation free
digital invitation instagram,3,2,601,3,digital invitation i | digital invitation in
digital invitation maker free,4,2,601,5,digital invitation m | digital invitation maker
digital invitation online free,4,2,601,2,digital invitation o | digital invitation online
digital invitation templates free download,5,2,601,3,digital invitation t | digital invitation template
digital invitation video maker free,5,2,601,4,digital invitation v | digital invitation 2026
digital invitation with link,4,2,601,6,digital invitation w | digital invitation with
how to send gift online,5,2,601,1,send gift online h | how send gift online
online free gift cards,4,2,601,1,digital gift free | online gift free
online gift app market in india,6,2,601,1,online gift app | virtual gift app
online gift hamper for men with shirt,7,2,601,1,virtual gift for boyfriend w | virtual gift for boyfriend with
online gift ideas nz,4,2,601,1,digital gift ideas n | digital gift ideas z
online gift international delivery,4,2,601,1,online gift i | online gift in
online gift pakistan,3,2,601,6,online gift p | virtual gift p
send gift online free,4,2,601,1,send gift online f | send gift online online
send gift online london,4,2,601,1,send gift online | send gift online l
send gifts online hyderabad,4,2,601,1,send gift online h | send gift online j
virtual gifts for long distance boyfriend pinterest,7,2,601,1,virtual gift for boyfriend d | virtual gift for boyfriend p
virtual gifts for long distance boyfriend reddit,7,2,601,1,virtual gift for boyfriend d | virtual gift for boyfriend r
virtual gifts for long distance boyfriend website,7,2,601,1,virtual gift for boyfriend d | virtual gift for boyfriend w
what is digital gift card,5,2,601,2,how digital gift | why digital gift
what virtual gift card,4,2,601,1,how virtual gift | what virtual gift
best digital invitation app,4,2,600,2,digital invitation best | digital invitation app
can i send gift vouchers online,6,2,600,2,send gift online v | can i send gift online
digital invitation indonesia,3,2,600,4,digital invitation i | digital invitation in
digital invitation maker with rsvp,5,2,600,6,digital invitation m | digital invitation maker
digital invitation template canva,4,2,600,4,digital invitation t | digital invitation template
digital invitation with music,4,2,600,7,digital invitation w | digital invitation with
e gift online,3,2,600,3,digital gift online | virtual gift online
online gift apple card,4,2,600,2,online gift app | virtual gift app
online gift deed,3,2,600,5,online gift  | online gift d
online gift girlfriend,3,2,600,3,online gift g | virtual gift g
online gift ideas for girls,5,2,600,2,online gift ideas for girlfriend | online gift ideas for girlfriend 
online gift india,3,2,600,2,online gift i | online gift in
send gifts online in japan,5,2,600,2,send gift online i | send gift online j
send outdoor plant gift online,5,2,600,2,send gift online o | send gift online p
virtual birthday gift ideas for boyfriend,6,2,600,2,virtual gift for boyfriend b | virtual gift for boyfriend i
virtual gift for friend,4,2,600,6,virtual gift f | virtual gift for
virtual gift ideas for best friend,6,2,600,3,virtual gift i | virtual gift best
virtual gift letter,3,2,600,4,virtual gift l | virtual gift n
what is virtual gift,4,2,600,2,what virtual gift | why virtual gift
digital gift cards for restaurants,5,2,562,3,digital gift ideas c | digital gift ideas r
digital gift for wedding,4,2,562,3,digital gift with | digital gift ideas w
how to send gift online in india,7,2,562,3,send gift online h | how send gift online
online apple gift card purchase,5,2,562,3,online gift app | virtual gift app
online gift for best friend girl,6,2,562,3,online gift best | digital gift ideas best
online gift in sri lanka,5,2,562,3,online gift i | online gift in
online invitation app,3,2,562,3,digital invitation a | digital invitation app
send gift hampers online in india,6,2,562,3,send gift online h | send gift online n
can i sell online gift cards,6,2,561,3,can i online gift | can i virtual gift
digital gift card,3,2,561,4,digital gift d | digital gift v
digital gift cards for kids,5,2,561,4,digital gift ideas c | digital gift ideas k
digital gift officer job description,5,2,561,4,digital gift j | digital gift o
digital invitation interactive,3,2,561,4,digital invitation i | digital invitation in
digital invitation maker video,4,2,561,4,digital invitation m | digital invitation maker
digital invitation on etsy,4,2,561,4,digital invitation o | digital invitation in
digital invite upload your own,5,2,561,4,digital invitation u | digital invitation y
how to send online gift cards,6,2,561,4,how online gift | send gift online h
online apple gift card code,5,2,561,4,online gift app | virtual gift app
online gift for raksha bandhan,5,2,561,4,online gift f | digital gift ideas r
online gift kartica,3,2,561,4,online gift k | virtual gift k
online gift voucher ideas,4,2,561,4,online gift v | digital gift ideas v
online jd gift card,4,2,561,4,online gift j | virtual gift j
online zillions gift card,4,2,561,4,online gift z | virtual gift z
send birthday gift online uk,5,2,561,4,send gift online b | send gift online u
send online gift in nepal,5,2,561,4,send gift online i | send gift online in
digital gift card website,4,2,560,5,digital gift a | digital gift c
digital gift ideas for valentine's day,6,2,560,5,digital gift ideas v | digital gift ideas for
digital invitation indian wedding,4,2,560,5,digital invitation i | digital invitation in
digital invitation templates birthday,4,2,560,5,digital invitation t | digital invitation template
how to send gift online to usa,7,2,560,5,send gift online h | how send gift online
online apple gift card email delivery,6,2,560,5,online gift app | virtual gift app
online gift ideas for her,5,2,560,4,online gift ideas for girlfriend | online gift ideas for girlfriend 
online gift kuwait,3,2,560,5,online gift k | virtual gift k
online gift wrapping service,4,2,560,5,online gift w | virtual gift w
online jcpenney gift card,4,2,560,5,online gift j | virtual gift j
send gift cards online usa,5,2,560,5,send gift online c | send gift online u
send gifts online to bhubaneswar,5,2,560,5,send gift online b | send gift online t
send gifts online to dubai from india,7,2,560,5,send gift online d | send gift online t
send gifts to germany online from india,7,2,560,5,send gift online f | send gift online g
send online gift in delhi,5,2,560,5,send gift online n | send gift online in
virtual gift website template,4,2,560,4,virtual gift w | virtual gift template
digital gift card for playstation,5,2,559,6,digital gift ideas c | digital gift ideas p
digital gift card making,4,2,559,6,digital gift a | digital gift c
digital invitation for 1st birthday,5,2,559,6,digital invitation f | digital invitation for
digital invitation video maker online free,6,2,559,6,digital invitation v | digital invitation online
e gift for boyfriend,4,2,559,6,virtual gift for boyfriend | virtual gift for boyfriend 
gift send online in bangalore,5,2,559,6,send gift online n | send gift online in
how to send gifts online to mumbai,7,2,559,6,send gift online h | how send gift online
online gift ideas for best friend,6,2,559,6,online gift i | digital gift ideas best
online gift kolkata,3,2,559,6,online gift k | virtual gift k
online invitation in canva,4,2,559,6,digital invitation i | digital invitation in
online jiomart gift card,4,2,559,6,online gift j | virtual gift j
online qt gift card,4,2,559,6,online gift q | virtual gift q
online uber gift card,4,2,559,6,online gift u | virtual gift u
send gift card online instantly,5,2,559,6,send gift online c | send gift online in
send gift card online uk,5,2,559,6,send gift online c | send gift online u
send gift delivery same day,5,2,559,6,send gift online d | send gift online s
send gift wrapped presents online,5,2,559,6,send gift online p | send gift online w
send gifts online from india to new zealand,8,2,559,6,send gift online f | send gift online z
send gifts online south africa,5,2,559,6,send gift online a | send gift online s
virtual gift for him,4,2,559,6,virtual gift for boyfriend | virtual gift for boyfriend 
virtual gift for long distance girlfriend,6,2,559,6,virtual gift f | virtual gift for
virtual gift ideas for long distance boyfriend,7,2,559,6,virtual gift i | virtual gift for boyfriend i
virtual gifts for long distance boyfriend,6,2,559,6,virtual gift | virtual gift for boyfriend t
digital gift cards for employees,5,2,558,7,digital gift ideas c | digital gift ideas e
digital invitation for wedding free,5,2,558,7,digital invitation f | digital invitation for
electronic gift items under 1000,5,2,558,7,digital gift i | digital gift ideas u
how to make digital invitation in canva,7,2,558,7,digital invitation i | how digital invitation
online gift baskets,3,2,558,7,digital gift b | online gift b
online gift for,3,2,558,7,online gift with | online gift in
online gift kathmandu,3,2,558,7,online gift k | virtual gift k
online gift vouchers for women,5,2,558,7,online gift v | digital gift ideas v
online jewellery gift,3,2,558,7,online gift j | virtual gift j
online quran gift set,4,2,558,7,online gift q | virtual gift q
online ulta gift card,4,2,558,7,online gift u | virtual gift u
online zara gift voucher,4,2,558,7,online gift z | virtual gift z
send birthday gift online usa,5,2,558,7,send gift online b | send gift online u
sending online gifts from uk to australia,7,2,558,7,send gift online f | send gift online u
virtual gift for girlfriend free,5,2,558,7,virtual gift f | virtual gift for
digital birthday gift ideas,4,2,557,8,digital gift b | digital gift ideas y
digital gift ideas for kids,5,2,557,6,digital gift ideas k | digital gift ideas for
digital invitation for house warming,5,2,557,8,digital invitation f | digital invitation for
digital invitation maker app free,5,2,557,8,digital invitation app | digital invitation maker
digital invitation with envelope,4,2,557,8,digital invitation with | digital invitation in
digital invitation with voice over free,6,2,557,8,digital invitation w | digital invitation with
e gift karte,3,2,557,8,digital gift k | virtual gift k
e gift ulta,3,2,557,8,digital gift u | virtual gift u
electronic gift items under 2000,5,2,557,8,digital gift i | digital gift ideas u
how do i create a digital invitation,7,2,557,3,digital invitation without | what digital invitation
online gift dubai,3,2,557,8,digital gift d | virtual gift d
online gift photo frame,4,2,557,8,online gift p | virtual gift p
online gift vouchers for men,5,2,557,8,online gift v | digital gift ideas v
online joker gift card,4,2,557,8,online gift j | virtual gift j
online quest gift card,4,2,557,8,online gift q | virtual gift q
online zaxby's gift card,4,2,557,8,online gift z | virtual gift z
send mothers day gift online,5,2,557,8,send gift online d | send gift online m
send online gift card free,5,2,557,3,send gift online f | send gift online free
send rakhi gift online india,5,2,557,4,send gift online r | send gift online in
send virtual gift online,4,2,557,6,virtual gift online | send gift online v
virtual gift for men,4,2,557,8,virtual gift for boyfriend | virtual gift for boyfriend 
can i buy e gift cards on amazon,8,2,556,8,can i online gift | can i virtual gift
digital invitation maker ai,4,2,556,9,digital invitation m | digital invitation maker
digital invitation with video,4,2,556,9,digital invitation with | digital invitation in
e gift ideas for her,5,2,556,8,online gift ideas for girlfriend | online gift ideas for girlfriend 
e gift maker,3,2,556,6,digital gift maker | virtual gift maker
electronic gift items under 5000,5,2,556,9,digital gift i | digital gift ideas u
gift basket send online gift jaipur india photos,8,2,556,4,send gift online g | send gift online j
good digital gift ideas,4,2,556,9,digital gift ideas z | digital gift ideas best
online gift delivery in uk,5,2,556,9,online gift d | online gift online
online gift for long distance boyfriend,6,2,556,9,virtual gift for boyfriend d | digital gift ideas l
online gift shop,3,2,556,9,online gift n | virtual gift s
online gift wrap,3,2,556,9,online gift w | virtual gift w
online qvc gift card,4,2,556,9,online gift q | virtual gift q
send gift card online sephora,5,2,556,9,send gift online c | send gift online s
send gifts to australia online free,6,2,556,4,send gift online a | send gift online free
can i buy e gift cards,6,2,555,9,can i online gift | can i virtual gift
digital envelope invitation free,4,2,555,10,digital invitation e | digital invitation free
digital gift card for gas,5,2,555,9,digital gift ideas c | digital gift ideas g
digital invitation for birthday party,5,2,555,10,digital invitation f | digital invitation for
digital photo gift ideas,4,2,555,10,digital gift p | digital gift ideas p
digital wedding invitation in marathi,5,2,555,10,digital invitation i | digital invitation in
e gift cards for girlfriend,5,2,555,7,online gift ideas for girlfriend | online gift ideas for girlfriend 
gift basket send online gift jaipur india,7,2,555,5,send gift online g | send gift online j
online gift tags,3,2,555,10,digital gift t | online gift t
online gift to buy,4,2,555,10,online gift t | online gift with
online hollister gift card,4,2,555,10,online gift h | virtual gift h
online quran gift,3,2,555,10,online gift q | virtual gift q
send birthday gifts online for kids,6,2,555,10,send gift online f | send gift online k
send gifts online to toronto canada,6,2,555,10,send gift online t | send gift online with
send miss you gifts online,5,2,555,5,send gift online m | send gift online y
send online gift card starbucks,5,2,555,10,send gift online c | send gift online s
send rose day gift online,5,2,555,6,send gift online d | send gift online r
virtual gift for her,4,2,555,10,virtual gift f | virtual gift for
virtual gifts for long distance boyfriend birthday,7,2,555,4,virtual gift for boyfriend b | virtual gift for boyfriend d
can i print e gift card,6,2,554,10,can i online gift | can i virtual gift
digital gift card for roblox,5,2,554,11,digital gift ideas c | digital gift ideas r
digital gift cards online,4,2,554,11,digital gift a | digital gift c
digital gift cards uk,4,2,554,11,digital gift c | digital gift n
digital invitation card design,4,2,554,11,digital invitation  | digital invitation c
digital invitation edit,3,2,554,5,digital invitation x | digital invitation 2026
digital invitation video for engagement,5,2,554,11,digital invitation v | digital invitation 2026
digital wedding invitation in canva,5,2,554,11,digital invitation i | digital invitation in
diy gift ideas for girlfriend,5,2,554,5,online gift ideas for girlfriend c | can i online gift ideas for girlfriend
e gift target,3,2,554,11,digital gift t | virtual gift t
online gift creator,3,2,554,11,online gift c | online gift x
online gift wrapping paper,4,2,554,11,online gift w | virtual gift w
online heb gift card,4,2,554,11,online gift h | virtual gift h
send birthday gift online india,5,2,554,11,send gift online b | send gift online in
send new year gifts online in india,7,2,554,6,send gift online n | send gift online y
20 online gift ideas,4,2,553,5,online gift 2026 | online gift 2027
digital gift for girls,4,2,553,12,digital gift f | digital gift for
digital invitation card for birthday,5,2,553,12,digital invitation  | digital invitation c
digital invitation format,3,2,553,12,digital invitation f | digital invitation for
gift ideas for digital artists,5,2,553,10,digital gift ideas a | digital gift ideas f
how to send online gifts for birthday,7,2,553,12,how online gift | send gift online h
online gift wife,3,2,553,7,online gift w | online gift without
online homegoods gift card,4,2,553,12,online gift h | virtual gift h
virtual gift for friendship day,5,2,553,12,virtual gift f | virtual gift for
what can i gift virtually,5,2,553,4,what virtual gift | which virtual gift
digital invitation card maker online free,6,2,552,13,digital invitation c | digital invitation online
digital invitation card size,4,2,552,13,digital invitation  | digital invitation c
digital invitation for debut,4,2,552,13,digital invitation f | digital invitation for
online homesense gift card,4,2,552,13,online gift h | virtual gift h
online in invitation,3,2,552,13,digital invitation i | digital invitation in
send wine as a gift online usa,7,2,552,13,send gift online u | send gift online w
virtual gift visa gift card balance,6,2,552,12,virtual gift g | virtual gift v
best e gift cards for girlfriend,6,2,551,13,online gift ideas for girlfriend | online gift ideas for girlfriend 
digital gift card store commbank,5,2,551,14,digital gift a | digital gift c
digital gift for friendship day,5,2,551,14,digital gift f | digital gift for
digital gifts india,3,2,551,10,digital gift y | digital gift in
digital invitation card for indian wedding,6,2,551,14,digital invitation i | digital invitation in
online her gift card,4,2,551,14,online gift h | virtual gift h
virtual gift cards online,4,2,551,14,virtual gift c | virtual gift o
virtual gift for girlfriend birthday,5,2,551,14,virtual gift f | virtual gift for
virtual gift ideas for bf,5,2,551,3,virtual gift for boyfriend i | virtual gift for boyfriend 2027
digital gift options,3,2,550,11,digital gift y | digital gift without
digital invitation for event,4,2,550,9,digital invitation x | digital invitation z
online girlfriend gift,3,2,550,5,online gift ideas for girlfriend online | online gift ideas for girlfriend maker
digital invitation app,3,1,1251,1,digital invitation a
online gift box,3,1,1251,1,online gift b
virtual gift online,3,1,1251,1,virtual gift o
virtual gift ultimate the icon berapa rupiah,7,1,1251,1,virtual gift u
digital gift app,3,1,1250,1,digital gift a
digital gift envelope,3,1,1250,1,digital gift e
digital gift package,3,1,1250,1,digital gift p
digital gift qr code,4,1,1250,1,digital gift q
digital gift receipt,3,1,1250,1,digital gift r
digital gift template,3,1,1250,1,digital gift t
digital gift voucher,3,1,1250,1,digital gift v
digital gifts,2,1,1250,1,digital gift
digital invitation ai,3,1,1250,2,digital invitation a
digital invitation birthday card,4,1,1250,1,digital invitation b
digital invitation design,3,1,1250,1,digital invitation d
digital invitation etsy,3,1,1250,1,digital invitation e
digital invitation github,3,1,1250,1,digital invitation g
digital invitation ideas,3,1,1250,1,digital invitation i
digital invitation kids birthday,4,1,1250,1,digital invitation k
digital invitation link,3,1,1250,1,digital invitation l
digital invitation near me,4,1,1250,1,digital invitation n
digital invitation on canva,4,1,1250,1,digital invitation o
digital invitation rsvp,3,1,1250,1,digital invitation r
digital invitation size,3,1,1250,1,digital invitation s
digital invitation using canva,4,1,1250,1,digital invitation u
digital invitation wedding,3,1,1250,2,digital invitation w
digital invitation zola,3,1,1250,1,digital invitation z
how digital gift cards work,5,1,1250,1,how digital gift
online gift box website,4,1,1250,2,online gift b
online gift exchange,3,1,1250,1,online gift e
online gift game,3,1,1250,1,online gift g
online gift items,3,1,1250,2,online gift i
online gift making website,4,1,1250,2,online gift m
online gift nifty,3,1,1250,1,online gift n
online gift options,3,1,1250,2,online gift o
online gift packing,3,1,1250,1,online gift p
online gift tool,3,1,1250,1,online gift t
online gift uk,3,1,1250,1,online gift u
online gift virtual,3,1,1250,2,online gift v
send gifts online egypt,4,1,1250,1,send gift online e
send gifts online to india,5,1,1250,1,send gift online t
virtual gift kya hota hai,5,1,1250,1,virtual gift k
virtual gift maker,3,1,1250,2,virtual gift m
virtual gift qr code,4,1,1250,1,virtual gift q
virtual gift unwrapping,3,1,1250,2,virtual gift u
virtual gift video,3,1,1250,1,virtual gift v
what digital gift cards can be added to apple wallet,10,1,1250,1,what digital gift
online gift box maker,4,1,1200,3,online gift b
online gift business ideas,4,1,1100,4,online gift b
virtual gift video free,4,1,1100,2,virtual gift v
digital invitation baby shower,4,1,1051,2,digital invitation b
digital invitation envelope,3,1,1051,2,digital invitation e
digital gift shop near me,5,1,1000,2,digital gift s
digital invitation free,3,1,1000,2,digital invitation f
virtual gift meaning in hindi,5,1,901,3,virtual gift m
virtual gift message,3,1,900,4,virtual gift m
digital invitation website free,4,1,850,3,digital invitation w
online gift portal,3,1,801,4,online gift p
digital gift girlfriend,3,1,800,2,digital gift g
digital gift message,3,1,800,3,digital gift m
online gift packing course,4,1,800,5,online gift p
online gift hampers for men,5,1,751,2,online gift h
online gift hampers for birthday,5,1,750,3,online gift h
virtual gift sender,3,1,750,2,virtual gift s
digital invitation means,3,1,700,3,digital invitation m
online gift message,3,1,700,4,online gift m
digital invitation wedding card,4,1,651,4,digital invitation w
digital invitation website template,4,1,650,5,digital invitation w
online gift letter,3,1,650,3,online gift l
digital invitation mockup,3,1,602,4,digital invitation m
digital invitation video for wedding,5,1,602,3,digital invitation v
online gift making,3,1,602,5,online gift m
virtual gift site,3,1,602,4,virtual gift s
best digital invitation,3,1,601,1,digital invitation best
best online gifts to send,5,1,601,1,send gift online best
can i buy virtual gift cards,6,1,601,1,can i virtual gift
can i send digital invitations through zola,7,1,601,1,can i digital invitation
can i use digital gift card in store,8,1,601,1,can i digital gift
digital ebay gift card,4,1,601,2,digital gift e
digital gas gift card,4,1,601,3,digital gift g
digital gift apple card,4,1,601,1,digital gift app
digital gift box website,4,1,601,3,digital gift b
digital gift card for apple wallet,6,1,601,1,digital gift ideas app
digital gift card for online shopping,6,1,601,1,digital gift ideas online
digital gift for dad,4,1,601,1,digital gift ideas d
digital gift for employees,4,1,601,1,digital gift ideas e
digital gift for kids,4,1,601,1,digital gift ideas k
digital gift for partner,4,1,601,1,digital gift ideas p
digital gift for teacher,4,1,601,1,digital gift ideas t
digital gift free website,4,1,601,1,digital gift free
digital gift ideas reddit,4,1,601,1,digital gift ideas r
digital gift items,3,1,601,4,digital gift i
digital gift kids,3,1,601,1,digital gift k
digital gift letter,3,1,601,2,digital gift l
digital gift meaning,3,1,601,4,digital gift m
digital gift officer,3,1,601,2,digital gift o
digital gift paypal,3,1,601,2,digital gift p
digital gift store,3,1,601,3,digital gift s
digital gift tau vercel,4,1,601,2,digital gift t
digital gift under 1000,4,1,601,1,digital gift u
digital gift visa card,4,1,601,2,digital gift v
digital gift xbox,3,1,601,1,digital gift x
digital heb gift card,4,1,601,1,digital gift h
digital invitation baptism,3,1,601,4,digital invitation b
digital invitation dimensions,3,1,601,2,digital invitation d
digital invitation envelope opening,4,1,601,4,digital invitation e
digital invitation generator,3,1,601,2,digital invitation g
digital invitation hub,3,1,601,1,digital invitation h
digital invitation job,3,1,601,1,digital invitation j
digital invitation kaise banaye,4,1,601,2,digital invitation k
digital invitation letter,3,1,601,2,digital invitation l
digital invitation name,3,1,601,2,digital invitation n
digital invitation printing near me,5,1,601,1,digital invitation p
digital invitation quinceanera,3,1,601,1,digital invitation q
digital invitation rsvp free,4,1,601,2,digital invitation r
digital invitation sample,3,1,601,2,digital invitation s
digital invitation tutorial,3,1,601,3,digital invitation t
digital invitation unicorn,3,1,601,2,digital invitation u
digital invitation zazzle,3,1,601,2,digital invitation z
digital invitations xv,3,1,601,1,digital invitation x
digital invitations you can text,5,1,601,1,digital invitation y
digital jd gift card,4,1,601,1,digital gift j
digital qt gift card,4,1,601,2,digital gift q
digital roblox gift card,4,1,601,2,digital gift r
digital wedding invitation 2026,4,1,601,1,digital invitation 2026
digital youngla gift card,4,1,601,1,digital gift y
digital zara gift card,4,1,601,1,digital gift z
e gift one for all,5,1,601,1,digital gift ideas o
electronic gift ideas under 100,5,1,601,1,digital gift ideas u
how to online gift cards,5,1,601,1,how online gift
is a digital gift card,5,1,601,1,is it digital gift
is zazzle digital invitations,4,1,601,1,is it digital invitation
online gift birthday,3,1,601,5,online gift b
online gift cards for teen girls,6,1,601,1,online gift ideas for girlfriend t
online gift exchange generator,4,1,601,2,online gift e
online gift for india,4,1,601,1,digital gift ideas i
online gift generator,3,1,601,2,online gift g
online gift hamper for rakhi,5,1,601,4,online gift h
online gift link for birthday,5,1,601,4,online gift l
online gift message website,4,1,601,6,online gift m
online gift nepal,3,1,601,2,online gift n
online gift opening,3,1,601,3,online gift o
online gift registry wedding,4,1,601,5,online gift r
online gift same day delivery,5,1,601,5,online gift s
online gift to india,4,1,601,2,online gift t
online gift under 200,4,1,601,1,online gift 2027
online gift vouchers india,4,1,601,3,online gift v
online gift website for gf,5,1,601,3,online gift w
online gifts you can send,5,1,601,1,online gift y
online invitation without rsvp,4,1,601,1,digital invitation without
online mother's day 2026 gift,5,1,601,1,online gift 2026
send gift online,3,1,601,2,send gift online 
send gift online bangalore,4,1,601,1,send gift online b
send gift to england online,5,1,601,2,send gift online e
send gift to riyadh online,5,1,601,1,send gift online r
send gift voucher online,4,1,601,1,send gift online v
send gifts online germany,4,1,601,1,send gift online g
send gifts online jaipur,4,1,601,1,send gift online j
send gifts online mumbai,4,1,601,1,send gift online m
send gifts online nepal,4,1,601,1,send gift online n
send gifts overseas online,4,1,601,1,send gift online o
send gifts to wife online,5,1,601,1,send gift online w
send online apple gift card,5,1,601,1,send gift online app
send thank you gift online,5,1,601,1,send gift online y
send xmas gift online,4,1,601,1,send gift online x
virtual bestbuy gift card,4,1,601,1,virtual gift best
virtual free gift ideas,4,1,601,2,virtual gift free
virtual gift box maker online free,6,1,601,4,virtual gift b
virtual gift cards,3,1,601,1,virtual gift n
virtual gift cards you can send,6,1,601,1,virtual gift y
virtual gift dsultan berapa rupiah,5,1,601,1,virtual gift d
virtual gift exchange,3,1,601,1,virtual gift e
virtual gift for my boyfriend,5,1,601,1,virtual gift for boyfriend m
virtual gift for your boyfriend,5,1,601,1,virtual gift for boyfriend y
virtual gift game,3,1,601,2,virtual gift g
virtual gift happy birthday,4,1,601,1,virtual gift h
virtual gift link generator free,5,1,601,3,virtual gift l
virtual gift opening,3,1,601,3,virtual gift o
virtual gift plan,3,1,601,1,virtual gift 2027
virtual gift robux,3,1,601,1,virtual gift r
virtual gift send,3,1,601,5,virtual gift s
virtual gift the icon,4,1,601,2,virtual gift t
virtual gift ultimate,3,1,601,3,virtual gift u
virtual gifting app dragons den,5,1,601,1,virtual gift app
virtual joker gift card,4,1,601,1,virtual gift j
virtual kroger gift card,4,1,601,2,virtual gift k
virtual online gift card,4,1,601,2,virtual gift online
virtual playstation gift card,4,1,601,1,virtual gift p
virtual qt gift card,4,1,601,2,virtual gift q
virtual xbox gift card,4,1,601,1,virtual gift x
virtual zara gift card,4,1,601,1,virtual gift z
what digital gift cards can i send,7,1,601,2,what digital gift
what is online gift card,5,1,601,1,why online gift
what is virtual gift card,5,1,601,1,why virtual gift
what online gift cards can you buy,7,1,601,1,what online gift
200gift,1,1,600,2,online gift 2027
best online gifts to send for birthday,7,1,600,2,send gift online best
can i send digital gift cards,6,1,600,2,can i digital gift
can i send digital invitations through the knot,8,1,600,2,can i digital invitation
can i use online gift card in store,8,1,600,2,can i online gift
can i use virtual gift card in store,8,1,600,2,can i virtual gift
can you send online gift cards,6,1,600,2,send gift online y
cute virtual gifts for boyfriend,5,1,600,2,virtual gift for boyfriend c
digital e gift cards,4,1,600,3,digital gift e
digital free gift cards,4,1,600,2,digital gift free
digital gamestop gift card,4,1,600,4,digital gift g
digital gift,2,1,600,2,digital gift n
digital gift apple,3,1,600,2,digital gift app
digital gift basket,3,1,600,4,digital gift b
digital gift card for apple pay,6,1,600,2,digital gift ideas app
digital gift card for online purchases,6,1,600,2,digital gift ideas online
digital gift cards without fees,5,1,600,2,digital gift without
digital gift cards you can send,6,1,600,2,digital gift y
digital gift for christmas,4,1,600,2,digital gift ideas c
digital gift for mom,4,1,600,2,digital gift ideas m
digital gift for someone,4,1,600,2,digital gift ideas s
digital gift for women,4,1,600,2,digital gift ideas w
digital gift love,3,1,600,3,digital gift l
digital gift making,3,1,600,5,digital gift m
digital gift sites,3,1,600,4,digital gift s
digital gift tau vercel app,5,1,600,3,digital gift t
digital gift voucher ideas,4,1,600,2,digital gift ideas v
digital gift voucher template,4,1,600,3,digital gift v
digital gift wrap,3,1,600,3,digital gift w
digital graduation invitations 2026,4,1,600,2,digital invitation 2026
digital hollister gift card,4,1,600,2,digital gift h
digital innovation summit 2024 mint,5,1,600,2,digital invitation 2027
digital invitation animation,3,1,600,4,digital invitation a
digital invitation apple,3,1,600,2,digital invitation app
digital invitation business name ideas,5,1,600,5,digital invitation b
digital invitation design ideas,4,1,600,3,digital invitation d
digital invitation engagement,3,1,600,5,digital invitation e
digital invitation free template,4,1,600,2,digital invitation free
digital invitation gender reveal,4,1,600,3,digital invitation g
digital invitation how to make,5,1,600,2,digital invitation h
digital invitation jakarta,3,1,600,2,digital invitation j
digital invitation kids,3,1,600,3,digital invitation k
digital invitation lebanon,3,1,600,3,digital invitation l
digital invitation net,3,1,600,3,digital invitation n
digital invitation of wedding,4,1,600,3,digital invitation o
digital invitation online maker,4,1,600,2,digital invitation online
digital invitation platforms,3,1,600,2,digital invitation p
digital invitation quotes,3,1,600,2,digital invitation q
digital invitation sites,3,1,600,3,digital invitation s
digital invitation uk,3,1,600,3,digital invitation u
digital invitation video maker near me,6,1,600,5,digital invitation v
digital invitations rehearsal dinner,4,1,600,3,digital invitation r
digital jcpenney gift card,4,1,600,2,digital gift j
digital kroger gift card,4,1,600,2,digital gift k
digital online gift cards,4,1,600,2,digital gift online
digital playstation gift card,4,1,600,3,digital gift p
digital quiktrip gift card,4,1,600,3,digital gift q
digital robux gift card,4,1,600,3,digital gift r
digital ulta gift card,4,1,600,2,digital gift u
digital xbox gift card amazon,5,1,600,2,digital gift x
digital xmas invite,3,1,600,2,digital invitation x
digital yes invitation,3,1,600,2,digital invitation y
digital zaxby's gift card,4,1,600,2,digital gift z
e gift cards for teen girls,6,1,600,2,online gift ideas for girlfriend t
electronic gift for dad,4,1,600,2,digital gift ideas d
electronic gift for kids,4,1,600,2,digital gift ideas k
electronic gift for newly married couple,6,1,600,2,digital gift ideas n
electronic gift ideas under $50,5,1,600,2,digital gift ideas u
electronic gift item for wedding,5,1,600,2,digital gift ideas i
how to buy online gift card,6,1,600,2,how online gift
how use virtual gift card,5,1,600,2,how virtual gift
is love digital gift free,5,1,600,2,is it digital gift
mail online gift guide,4,1,600,2,send gift online g
online free gift card maker,5,1,600,2,online gift free
online gift business name ideas,5,1,600,6,online gift b
online gift cards without fees,5,1,600,2,online gift without
online gift exchange name picker,5,1,600,3,online gift e
online gift for engagement,4,1,600,2,digital gift ideas e
online gift for my boyfriend,5,1,600,2,virtual gift for boyfriend m
online gift for teacher,4,1,600,2,digital gift ideas t
online gift for your boyfriend,5,1,600,2,virtual gift for boyfriend y
online gift hamper business for sale,6,1,600,5,online gift h
online gift ideas free,4,1,600,2,digital gift ideas free
online gift ideas philippines,4,1,600,2,digital gift ideas p
online gift ideas reddit,4,1,600,2,digital gift ideas r
online gift items for ladies,5,1,600,5,online gift i
online gift letter maker,4,1,600,5,online gift l
online gift message link,4,1,600,7,online gift m
online gift paper,3,1,600,7,online gift p
online gift robux,3,1,600,6,online gift r
online gift send app,4,1,600,2,send gift online app
online gift sites,3,1,600,6,online gift s
online gift vouchers south africa,5,1,600,4,online gift v
online gift wrapping course,4,1,600,4,online gift w
online gifts on birthday,4,1,600,4,online gift o
online gifts uk free delivery,5,1,600,3,online gift u
online invitation zazzle,3,1,600,3,digital invitation z
send engagement gift online,4,1,600,3,send gift online e
send gift basket online,4,1,600,2,send gift online b
send gift card for free,5,1,600,2,send gift online free
send gift card online visa,5,1,600,2,send gift online v
send gift hampers online,4,1,600,2,send gift online h
send gift online delhi,4,1,600,2,send gift online d
send gift to russia online,5,1,600,2,send gift online r
send gifts online chennai,4,1,600,2,send gift online c
send gifts online kolkata,4,1,600,2,send gift online k
send gifts online lebanon,4,1,600,2,send gift online l
send gifts online melbourne,4,1,600,2,send gift online m
send gifts online netherlands,4,1,600,2,send gift online n
send gifts online uae,4,1,600,3,send gift online u
send wedding gift online,4,1,600,2,send gift online w
send xbox gift card online,5,1,600,2,send gift online x
send zara gift card online,5,1,600,2,send gift online z
sending gifts online india,4,1,600,2,send gift online 2026
virtual apple gift card,4,1,600,2,virtual gift app
virtual free gift cards,4,1,600,3,virtual gift free
virtual gift,2,1,600,2,virtual gift n
virtual gift box website,4,1,600,5,virtual gift b
virtual gift cards without fees,5,1,600,2,virtual gift without
virtual gift dboss berapa rupiah,5,1,600,2,virtual gift d
virtual gift exchange generator,4,1,600,2,virtual gift e
virtual gift gf,3,1,600,3,virtual gift g
virtual gift making website,4,1,600,7,virtual gift m
virtual gift officer,3,1,600,4,virtual gift o
virtual gift tiktok,3,1,600,3,virtual gift t
virtual gift ultimate berapa rupiah,5,1,600,4,virtual gift u
virtual gifting,2,1,600,2,virtual gift 2027
virtual gifts to send boyfriend,5,1,600,2,virtual gift for boyfriend s
virtual hug gift,3,1,600,2,virtual gift h
virtual jd gift card,4,1,600,2,virtual gift j
virtual kohl's gift card,4,1,600,3,virtual gift k
virtual prepaid gift card,4,1,600,2,virtual gift p
virtual qdoba gift card,4,1,600,3,virtual gift q
virtual roblox gift card,4,1,600,2,virtual gift r
virtual starbucks gift card,4,1,600,6,virtual gift s
virtual xmas gift,3,1,600,2,virtual gift x
what's digital gift card,4,1,600,3,what digital gift
wholesale online gift items,4,1,600,2,who online gift
can i buy digital gift cards,6,1,562,3,can i digital gift
can i send visa gift card online,7,1,562,3,can i send gift online
digital apple gift card email delivery,6,1,562,3,digital gift app
digital free gift ideas,4,1,562,3,digital gift free
digital free invitation card,4,1,562,3,digital invitation free
digital gift for him,4,1,562,3,digital gift ideas h
digital gift for long distance,5,1,562,3,digital gift ideas l
digital gift for my girlfriend,5,1,562,3,digital gift ideas m
digital gift for parents,4,1,562,3,digital gift ideas p
digital harrods gift card,4,1,562,3,digital gift h
digital invitation harry potter,4,1,562,3,digital invitation h
digital invitation jollibee,3,1,562,3,digital invitation j
digital invitation price,3,1,562,3,digital invitation p
digital invitation qr code,4,1,562,3,digital invitation q
digital journal gift,3,1,562,3,digital gift j
digital kids gift book,4,1,562,3,digital gift k
digital online gift card purchase,5,1,562,3,digital gift online
digital online invitation card,4,1,562,3,digital invitation online
digital uber gift card,4,1,562,3,digital gift u
digital zift gift card,4,1,562,3,digital gift z
electronic gift for diwali,4,1,562,3,digital gift ideas d
electronic gift for sister,4,1,562,3,digital gift ideas s
electronic gift ideas reddit,4,1,562,3,digital gift ideas r
electronic gift ideas under 500,5,1,562,3,digital gift ideas u
gift digital xbox game,4,1,562,3,digital gift x
how to get online gift card,6,1,562,3,how online gift
how to make digital invitation card,6,1,562,3,how digital invitation
online free gift maker,4,1,562,3,online gift free
online gift for newborn baby,5,1,562,3,digital gift ideas n
online gift for teachers day,5,1,562,3,digital gift ideas t
online gift for valentine day,5,1,562,3,digital gift ideas v
online gifts japan,3,1,562,3,online gift j
send birthday gifts online germany,5,1,562,3,send gift online g
send gift box online,4,1,562,3,send gift online b
send gift card online,4,1,562,3,send gift online c
send gift online pune,4,1,562,3,send gift online p
send gifts online nz,4,1,562,3,send gift online n
send online gift message,4,1,562,3,send gift online m
virtual applebee's gift card,4,1,562,3,virtual gift app
virtual gift exchange ideas,4,1,562,3,virtual gift e
virtual heb gift card,4,1,562,3,virtual gift h
virtual ps5 gift card,4,1,562,3,virtual gift p
virtual robux gift card,4,1,562,3,virtual gift r
can i buy digital gift cards on amazon,8,1,561,4,can i digital gift
can i send sephora gift card online,7,1,561,4,can i send gift online
can i use virtual gift card at walmart,8,1,561,3,can i virtual gift
digital apple gift card amazon,5,1,561,4,digital gift app
digital eftpos gift card,4,1,561,4,digital gift e
digital gift card best,4,1,561,4,digital gift best
digital gift for boys,4,1,561,4,digital gift ideas b
digital gift for long distance friend,6,1,561,4,digital gift ideas l
digital gift for mothers day,5,1,561,4,digital gift ideas m
digital gift to girlfriend,4,1,561,4,digital gift t
digital gift website link,4,1,561,4,digital gift w
digital gifts for girlfriend,4,1,561,4,digital gift
digital gifts long distance,4,1,561,4,digital gift l
digital invitation card online free,5,1,561,4,digital invitation online
digital invitation design free,4,1,561,4,digital invitation d
digital invitation graduation,3,1,561,4,digital invitation g
digital invitation hello kitty,4,1,561,4,digital invitation h
digital invitation kuromi,3,1,561,4,digital invitation k
digital invitation logo,3,1,561,4,digital invitation l
digital invitation nigeria,3,1,561,4,digital invitation n
digital invitation pinterest,3,1,561,4,digital invitation p
digital invitation sri lanka,4,1,561,4,digital invitation s
digital invitations quince,3,1,561,4,digital invitation q
digital jbhifi gift card,4,1,561,4,digital gift j
digital kindle gift card,4,1,561,4,digital gift k
digital online gift cards visa,5,1,561,4,digital gift online
digital ps5 gift card,4,1,561,4,digital gift p
digital qdoba gift card,4,1,561,4,digital gift q
digital restaurant gift cards,4,1,561,4,digital gift r
digital universal gift card,4,1,561,4,digital gift u
digital xbox gift card walmart,5,1,561,4,digital gift x
digital zone gift card,4,1,561,4,digital gift z
electronic gift for husband,4,1,561,4,digital gift ideas h
electronic gift for parents,4,1,561,4,digital gift ideas p
electronic gift for teenage girl,5,1,561,4,digital gift ideas t
how send gift card online,5,1,561,4,how send gift online
how to make digital invitations,5,1,561,4,how digital invitation
online free gift win,4,1,561,4,online gift free
online gift,2,1,561,4,online gift n
online gift experiences,3,1,561,4,online gift e
online gift for dad,4,1,561,4,digital gift ideas d
online gift for newly married couple,6,1,561,4,digital gift ideas n
online gift ideas uk,4,1,561,4,digital gift ideas u
online gift to australia,4,1,561,4,online gift t
online gifts queensland australia,4,1,561,4,online gift q
online gifts uk free delivery for her,7,1,561,4,online gift u
online invitation app free,4,1,561,4,digital invitation app
online invitation free,3,1,561,4,digital invitation free
online invitation jewellery,3,1,561,4,digital invitation j
online invitation rsvp,3,1,561,4,digital invitation r
send birthday gifts online gurgaon,5,1,561,4,send gift online g
send birthday gifts online hyderabad,5,1,561,4,send gift online h
send birthday gifts online pakistan,5,1,561,4,send gift online p
send gift anonymously online,4,1,561,4,send gift online a
send gift cards online canada,5,1,561,4,send gift online c
send gift money online,4,1,561,4,send gift online m
send gifts online sydney,4,1,561,4,send gift online s
send online walmart gift card,5,1,561,3,send gift online w
virtual apple gift card code,5,1,561,4,virtual gift app
virtual gift delivery,3,1,561,4,virtual gift online
virtual gift emulator,3,1,561,4,virtual gift e
virtual gift example,3,1,561,3,virtual gift template
virtual gift ideas for friends,5,1,561,4,virtual gift i
virtual gift the sultan berapa rupiah,6,1,561,4,virtual gift t
virtual kindle gift card,4,1,561,4,virtual gift k
virtual psn gift card,4,1,561,4,virtual gift p
virtual reality gift card,4,1,561,4,virtual gift r
best digital invitation maker,4,1,560,3,digital invitation best
can i make digital invitations on canva,7,1,560,3,can i digital invitation
can i purchase online gift cards,6,1,560,4,can i online gift
can i send costco gift card online,7,1,560,5,can i send gift online
can i use digital gift card at walmart,8,1,560,5,can i digital gift
can i use virtual gift card on amazon,8,1,560,4,can i virtual gift
create virtual gift online free,5,1,560,5,virtual gift online
digital apple gift card canada,5,1,560,5,digital gift app
digital ea gift card,4,1,560,5,digital gift e
digital gift birthday,3,1,560,5,digital gift b
digital gift cards for men,5,1,560,5,digital gift ideas c
digital gift for brother,4,1,560,5,digital gift ideas b
digital gift for long distance girlfriend,6,1,560,5,digital gift ideas l
digital gift officer william and mary,6,1,560,5,digital gift o
digital gift surprise,3,1,560,5,digital gift s
digital gift visa,3,1,560,5,digital gift v
digital gifts for men,4,1,560,5,digital gift
digital invitation and rsvp,4,1,560,5,digital invitation a
digital invitation debut,3,1,560,5,digital invitation d
digital invitation gif,3,1,560,5,digital invitation g
digital invitation how much,4,1,560,5,digital invitation h
digital invitation kya hota hai,5,1,560,5,digital invitation k
digital invitation layout,3,1,560,5,digital invitation l
digital invitation maker online free,5,1,560,5,digital invitation online
digital invitation price philippines,4,1,560,5,digital invitation p
digital invitation sender,3,1,560,5,digital invitation s
digital invitations nz,3,1,560,5,digital invitation n
digital invitations on zola,4,1,560,5,digital invitation o
digital jewel gift card,4,1,560,5,digital gift j
digital kohl's gift card,4,1,560,5,digital gift k
digital lululemon gift card,4,1,560,5,digital gift l
digital psn gift card,4,1,560,5,digital gift p
digital quest gift card,4,1,560,5,digital gift q
digital roblox gift card amazon,5,1,560,5,digital gift r
digital target gift card,4,1,560,5,digital gift t
digital uniqlo gift card,4,1,560,5,digital gift u
digital upanayanam invitation,3,1,560,5,digital invitation u
digital walmart gift card,4,1,560,5,digital gift w
digital wedding invitation jakarta,4,1,560,5,digital invitation j
digital xbox gift card uk,5,1,560,5,digital gift x
digital zumiez gift card,4,1,560,5,digital gift z
electronic gift for best friend,5,1,560,5,digital gift ideas best
electronic gift for girls,4,1,560,4,digital gift ideas g
electronic gift for retirement,4,1,560,5,digital gift ideas r
electronic gift for teens,4,1,560,5,digital gift ideas t
electronic gift for wedding,4,1,560,5,digital gift ideas w
electronic gift ideas under 1000,5,1,560,5,digital gift ideas u
electronic invitation apps,3,1,560,5,digital invitation app
electronic invitation free,3,1,560,5,digital invitation free
how to make digital invitation video,6,1,560,5,how digital invitation
how to use online gift card,6,1,560,5,how online gift
how use digital gift card,5,1,560,5,how digital gift
online free gift ideas,4,1,560,5,online gift free
online gif maker,3,1,560,5,online gift maker
online gift exchange name drawing,5,1,560,5,online gift e
online gift for diwali,4,1,560,5,digital gift ideas d
online gift for employees,4,1,560,3,digital gift ideas e
online gift for new born baby girl,7,1,560,5,digital gift ideas n
online gift for parents,4,1,560,5,digital gift ideas p
online gift to send someone,5,1,560,5,online gift t
online gift vouchers uk,4,1,560,5,online gift v
online gifts unique,3,1,560,5,online gift u
online invitation quotes,3,1,560,5,digital invitation q
online invitation rsvp free,4,1,560,5,digital invitation r
send birthday gifts online lucknow,5,1,560,4,send gift online l
send birthday gifts online mumbai,5,1,560,5,send gift online m
send birthday gifts online pune,5,1,560,5,send gift online p
send eid gift online,4,1,560,4,send gift online e
send gift card online amazon,5,1,560,5,send gift online a
send gifts online ireland,4,1,560,5,send gift online i
send gifts online singapore,4,1,560,5,send gift online s
send online gift card visa,5,1,560,5,send gift online c
send online visa gift card canada,6,1,560,3,send gift online v
send wine gift online,4,1,560,4,send gift online w
virtual gift card zip code,5,1,560,5,virtual gift z
virtual gift exchange draw,4,1,560,5,virtual gift e
virtual gift the icon indonesia,5,1,560,5,virtual gift t
virtual gift website for girlfriend,5,1,560,5,virtual gift w
virtual keg gift card,4,1,560,5,virtual gift k
virtual paypal gift card,4,1,560,5,virtual gift p
virtual restaurant gift cards,4,1,560,5,virtual gift r
virtual ulta gift card,4,1,560,5,virtual gift u
best digital invitation card maker,5,1,559,4,digital invitation best
can i send amazon gift card online,7,1,559,6,can i send gift online
can i send digital invitations through canva,7,1,559,4,can i digital invitation
can i send virtual gift card,6,1,559,5,can i virtual gift
can i use an online gift card at walmart,9,1,559,5,can i online gift
can i use digital gift card in store walmart,9,1,559,6,can i digital gift
can you send gift vouchers online,6,1,559,4,send gift online v
create virtual gift online,4,1,559,6,virtual gift online
digital apple gift card $10,5,1,559,6,digital gift app
digital delivery gift,3,1,559,6,digital gift online
digital eshop gift card,4,1,559,6,digital gift e
digital gift boyfriend,3,1,559,6,digital gift b
digital gift cards for birthday,5,1,559,6,digital gift ideas c
digital gift for boss,4,1,559,6,digital gift ideas b
digital gift for ldr,4,1,559,6,digital gift ideas l
digital gift for my boyfriend,5,1,559,6,digital gift ideas m
digital gift message apple,4,1,559,6,digital gift m
digital gift voucher amazon,4,1,559,6,digital gift v
digital invitation background,3,1,559,6,digital invitation b
digital invitation disney princess,4,1,559,6,digital invitation d
digital invitation event,3,1,559,6,digital invitation e
digital invitation gujarati,3,1,559,6,digital invitation g
digital invitation harga,3,1,559,6,digital invitation h
digital invitation lb,3,1,559,6,digital invitation l
digital invitation maker with voice over,6,1,559,6,digital invitation maker
digital invitation philippines,3,1,559,6,digital invitation p
digital invitation size for phone,5,1,559,6,digital invitation s
digital invitation template size,4,1,559,6,digital invitation template
digital invitation the knot,4,1,559,6,digital invitation t
digital invitations on the knot,5,1,559,6,digital invitation o
digital invite and rsvp free,5,1,559,6,digital invitation a
digital invite kids party,4,1,559,6,digital invitation k
digital kmart gift card,4,1,559,6,digital gift k
digital lowes gift card,4,1,559,6,digital gift l
digital nikkah invitation,3,1,559,6,digital invitation n
digital one4all gift card,4,1,559,6,digital gift o
digital paypal gift card,4,1,559,6,digital gift p
digital qvc gift card,4,1,559,6,digital gift q
digital rei gift card,4,1,559,6,digital gift r
digital steam gift card,4,1,559,6,digital gift s
digital tesco gift card,4,1,559,6,digital gift t
digital ubereats gift card,4,1,559,6,digital gift u
digital wawa gift card,4,1,559,6,digital gift w
digital wedding invitation online,4,1,559,6,digital invitation online
digital xbox gift card email delivery,6,1,559,6,digital gift x
digital zupas gift card,4,1,559,6,digital gift z
e gift apple card,4,1,559,6,virtual gift app
electronic gift for housewarming,4,1,559,6,digital gift ideas h
electronic gift for new house,5,1,559,6,digital gift ideas n
electronic gift for wife,4,1,559,6,digital gift ideas w
electronic gift free,3,1,559,6,digital gift free
electronic gift ideas under 2000,5,1,559,6,digital gift ideas u
electronic gift items kitchen,4,1,559,4,digital gift ideas k
electronic gift items shop near me,6,1,559,6,digital gift ideas s
electronic gifts for teenage boys,5,1,559,6,digital gift ideas t
how to redeem online gift card,6,1,559,6,how online gift
how to send digital gift cards,6,1,559,6,how digital gift
how to send digital invitations,5,1,559,6,how digital invitation
love digital gift for free,5,1,559,4,digital gift ideas free
online apple gift card canada,5,1,559,6,online gift app
online free gift registry,4,1,559,6,online gift free
online giant gift card,4,1,559,6,online gift g
online gif maker free,4,1,559,6,online gift maker
online gift egypt,3,1,559,6,online gift e
online gift exchange ideas,4,1,559,4,digital gift ideas e
online gift for daughter,4,1,559,6,digital gift ideas d
online gift for rakhi,4,1,559,6,digital gift ideas r
online gift for vastu shanti,5,1,559,6,digital gift ideas v
online gift form,3,1,559,3,online gift template
online gift hampers for women,5,1,559,6,online gift h
online gift list,3,1,559,6,online gift l
online gift vouchers australia,4,1,559,6,online gift v
online gift wishes,3,1,559,6,online gift w
online gifts in australia,4,1,559,6,online gift in
online invitation free with rsvp,5,1,559,6,digital invitation free
online invitation qr code,4,1,559,6,digital invitation q
online invitation rsvp tracking,4,1,559,6,digital invitation r
online invitation upload your own,5,1,559,6,digital invitation u
online invitation zola,3,1,559,4,digital invitation z
online jagran invitation card maker free,6,1,559,6,digital invitation j
send birthday gifts online ludhiana,5,1,559,5,send gift online l
send christmas gift baskets online,5,1,559,6,send gift online b
send easter gift online,4,1,559,5,send gift online e
send gift card online australia,5,1,559,6,send gift online a
send gifts kerala online,4,1,559,3,send gift online k
send gifts online in usa,5,1,559,6,send gift online i
send gifts to mexico online,5,1,559,6,send gift online m
send online gifts in gurgaon,5,1,559,6,send gift online g
virtual e gift card,4,1,559,6,virtual gift e
virtual free gifts for internet friends,6,1,559,6,virtual gift free
virtual gift birthday,3,1,559,6,virtual gift b
virtual gift card template,4,1,559,5,virtual gift template
virtual gift card zara home,5,1,559,6,virtual gift z
virtual gift to girlfriend,4,1,559,6,virtual gift t
virtual gift website for birthday,5,1,559,6,virtual gift w
virtual kfc gift card,4,1,559,6,virtual gift k
virtual publix gift card,4,1,559,6,virtual gift p
virtual reloadable gift card,4,1,559,6,virtual gift r
virtual uber gift card,4,1,559,6,virtual gift u
virtual xbox gift card amazon,5,1,559,3,virtual gift x
y2k digital invitation,3,1,559,4,digital invitation y
best digital invitation card,4,1,558,5,digital invitation best
birthday virtual gift free,4,1,558,7,virtual gift free
can i buy an online gift card on amazon,9,1,558,6,can i online gift
can i do digital invitations on zola,7,1,558,5,can i digital invitation
can i send a virtual gift card from target,9,1,558,6,can i virtual gift
can i send walmart gift card online,7,1,558,7,can i send gift online
can i use digital gift card in store target,9,1,558,7,can i digital gift
digital annaprashan invitation card,4,1,558,7,digital invitation a
digital apple gift card code,5,1,558,7,digital gift app
digital eftpos gift card australia,5,1,558,7,digital gift e
digital gift birthday card,4,1,558,7,digital gift b
digital gift card for best buy,6,1,558,7,digital gift ideas best
digital gift card with paypal,5,1,558,3,digital gift with
digital gift cards online instantly,5,1,558,7,digital gift online
digital gift for my gf,5,1,558,7,digital gift ideas m
digital gift ideas for employees,5,1,558,5,digital gift ideas e
digital gift men,3,1,558,7,digital gift m
digital gift valentines,3,1,558,7,digital gift v
digital gifts free,3,1,558,7,digital gift
digital invitation business,3,1,558,7,digital invitation b
digital invitation editor,3,1,558,7,digital invitation e
digital invitation grand opening,4,1,558,7,digital invitation g
digital invitation halloween,3,1,558,7,digital invitation h
digital invitation maker for quinceanera,5,1,558,7,digital invitation maker
digital invitation prices south africa,5,1,558,7,digital invitation p
digital invitation size canva,4,1,558,7,digital invitation s
digital invitation template video,4,1,558,7,digital invitation template
digital invitation toy story,4,1,558,7,digital invitation t
digital invitation video for wedding free,6,1,558,7,digital invitation v
digital invitations download,3,1,558,7,digital invitation d
digital invite list,3,1,558,7,digital invitation l
digital invite one silly goose,5,1,558,7,digital invitation o
digital kfc gift card,4,1,558,7,digital gift k
digital kpop invitation,3,1,558,7,digital invitation k
digital lego gift card,4,1,558,7,digital gift l
digital nikkah invitation card,4,1,558,7,digital invitation n
digital prepaid gift card,4,1,558,7,digital gift p
digital quinceañera invitations with rsvp,5,1,558,7,digital invitation q
digital quran gift,3,1,558,7,digital gift q
digital ross gift card,4,1,558,7,digital gift r
digital starbucks gift card,4,1,558,7,digital gift s
digital tango gift card,4,1,558,7,digital gift t
digital ugg gift card,4,1,558,7,digital gift u
digital wedding invitation online free,5,1,558,7,digital invitation online
digital wedding invitations zola,4,1,558,5,digital invitation z
digital westfield gift card,4,1,558,7,digital gift w
digital xbox gift card 10 dollars,6,1,558,7,digital gift x
electronic gift for daughter,4,1,558,7,digital gift ideas d
electronic gift for girlfriend,4,1,558,6,digital gift ideas g
electronic gift for kitchen,4,1,558,5,digital gift ideas k
electronic gift for teacher,4,1,558,7,digital gift ideas t
electronic gift for women,4,1,558,7,digital gift ideas w
electronic gift gadgets,3,1,558,6,digital gift g
electronic gift husband,3,1,558,7,digital gift h
electronic gift ideas for parents,5,1,558,7,digital gift ideas p
electronic invitation rsvp,3,1,558,7,digital invitation r
how to buy digital gift cards,6,1,558,7,how digital gift
how to buy online gift card in usa,8,1,558,7,how online gift
how to design your own evite invitation,7,1,558,5,digital invitation y
how to send gifts online in australia,7,1,558,7,how send gift online
how to send virtual gift card,6,1,558,3,how virtual gift
love digital gift free,4,1,558,7,digital gift free
online apple gift card usa,5,1,558,7,online gift app
online free gift certificate template,5,1,558,7,online gift free
online gif maker from video,5,1,558,7,online gift maker
online gift cards on sale,5,1,558,7,online gift o
online gift cards visa,4,1,558,7,online gift n
online gift certificate template,4,1,558,4,online gift template
online gift emporium,3,1,558,7,online gift e
online gift for her,4,1,558,7,digital gift ideas h
online gift for new born baby boy,7,1,558,7,digital gift ideas n
online gift for retirement,4,1,558,7,digital gift ideas r
online gift hamper delivery,4,1,558,7,online gift h
online gift idea link,4,1,558,7,digital gift ideas l
online gift items shopping,4,1,558,7,digital gift ideas s
online gift list to share,5,1,558,7,online gift l
online gift return,3,1,558,7,online gift r
online gift surprise,3,1,558,7,online gift s
online gift vouchers sri lanka,5,1,558,7,online gift v
online gift wish list,4,1,558,7,online gift w
online gifts in new zealand,5,1,558,7,online gift in
online invitation free templates,4,1,558,7,digital invitation free
online invitation uk,3,1,558,7,digital invitation u
online jagran invitation card,4,1,558,7,digital invitation j
online xbox gift card redeem,5,1,558,4,virtual gift x
send a gift letter online,5,1,558,6,send gift online l
send birthday gifts online ahmedabad,5,1,558,7,send gift online a
send euros as a gift online,6,1,558,6,send gift online e
send gift to bangladesh online,5,1,558,7,send gift online b
send gifts to doha online,5,1,558,7,send gift online d
send gifts to paris online,5,1,558,7,send gift online p
send gifts to romania online,5,1,558,3,send gift online r
send graduation gift online,4,1,558,7,send gift online g
send new year gift hampers online,6,1,558,7,send gift online h
send online mcdonalds gift card,5,1,558,7,send gift online m
send valentine gift online,4,1,558,5,send gift online v
send wendy's gift card online,5,1,558,6,send gift online w
sending gifts online to nagpur,5,1,558,7,send gift online n
virtual e gift card balance,5,1,558,7,virtual gift e
virtual gift basket,3,1,558,7,virtual gift b
virtual gift canva template,4,1,558,6,virtual gift template
virtual gift ideas for birthday,5,1,558,7,virtual gift i
virtual gift to send,4,1,558,7,virtual gift t
virtual panera gift card,4,1,558,7,virtual gift p
virtual ross gift card,4,1,558,7,virtual gift r
virtual steam gift card,4,1,558,7,virtual gift s
visa virtual gift online use only,6,1,558,7,virtual gift online
what size for digital invitation,5,1,558,3,what digital invitation
best digital gift ideas,4,1,557,8,digital gift ideas best
best digital invitation sites,4,1,557,6,digital invitation best
can i buy a digital gift card from walmart,9,1,557,8,can i digital gift
can i buy an online gift card for xbox,9,1,557,7,can i online gift
can i send a virtual gift card for doordash,9,1,557,7,can i virtual gift
can i send someone an online gift card,8,1,557,8,can i send gift online
can you edit an evite invitation,6,1,557,6,digital invitation y
create digital invitation online,4,1,557,8,digital invitation online
digital apple gift card email delivery usa,7,1,557,8,digital gift app
digital date invitation,3,1,557,8,digital invitation d
digital etsy gift card,4,1,557,8,digital gift e
digital gift card for free,5,1,557,6,digital gift ideas free
digital gift card for paypal,5,1,557,8,digital gift ideas p
digital gift card google play,5,1,557,7,digital gift g
digital gift card home depot,5,1,557,8,digital gift h
digital gift card with card,5,1,557,4,digital gift with
digital gift card without email,5,1,557,3,digital gift without
digital gift cards for cash,5,1,557,8,digital gift ideas c
digital gift cards on amazon,5,1,557,8,digital gift o
digital gift cards online sale,5,1,557,8,digital gift online
digital gift ideas for women,5,1,557,8,digital gift ideas for
digital gifts mothers day,4,1,557,8,digital gift m
digital housewarming invitation,3,1,557,8,digital invitation h
digital invitation birthday party,4,1,557,8,digital invitation b
digital invitation engagement card,4,1,557,8,digital invitation e
digital invitation making,3,1,557,8,digital invitation m
digital invitation pdf,3,1,557,8,digital invitation p
digital invitation size in pixels,5,1,557,8,digital invitation s
digital invitation tamil,3,1,557,8,digital invitation t
digital invitation video for birthday,5,1,557,8,digital invitation v
digital invitations graduation party,4,1,557,8,digital invitation g
digital invitations lilo and stitch,5,1,557,8,digital invitation l
digital kankotri invitation,3,1,557,8,digital invitation k
digital keg gift card,4,1,557,8,digital gift k
digital lyft gift card,4,1,557,8,digital gift l
digital nikah invitation,3,1,557,8,digital invitation n
digital quinceañera invitations with rsvp free,6,1,557,8,digital invitation q
digital roblox gift card uk,5,1,557,8,digital gift r
digital sephora gift card,4,1,557,8,digital gift s
digital surprise gift free,4,1,557,8,digital gift free
digital uk gift card,4,1,557,8,digital gift u
digital visa gift card australia,5,1,557,8,digital gift v
digital wedding invitation app,4,1,557,8,digital invitation app
digital wedding invitation ideas,4,1,557,8,digital invitation i
digital wendy's gift card,4,1,557,8,digital gift w
digital xbox gift card best buy,6,1,557,8,digital gift x
e gift apple,3,1,557,8,virtual gift app
e zara gift card,4,1,557,8,virtual gift z
electronic gift for rakhi,4,1,557,8,digital gift ideas r
electronic gift ideas for.teens,4,1,557,8,digital gift ideas t
electronic gift items nearby,4,1,557,8,digital gift ideas n
gift digital ps5 games,4,1,557,8,digital gift p
gifts you can send online,5,1,557,3,send gift online y
how to buy virtual gift card,6,1,557,4,how virtual gift
how to get online gift card in usa,8,1,557,8,how online gift
how to gift digital steam card,6,1,557,8,how digital gift
how to make digital invitation card video,7,1,557,8,how digital invitation
how to send gifts online from india to usa,9,1,557,8,how send gift online
jersey mike's virtual gift card,5,1,557,8,virtual gift j
online apple gift card australia,5,1,557,8,online gift app
online free gift with purchase,5,1,557,8,online gift free
online gif maker from images,5,1,557,8,online gift maker
online gift boutique,3,1,557,8,online gift b
online gift card generator,4,1,557,8,online gift g
online gift card one for all,6,1,557,8,online gift o
online gift card template,4,1,557,5,online gift template
online gift cards you can send,6,1,557,5,online gift y
online gift delivery app,4,1,557,8,online gift d
online gift e card,4,1,557,8,online gift e
online gift for dad birthday,5,1,557,8,digital gift ideas d
online gift for girlfriend birthday,5,1,557,7,digital gift ideas g
online gift for him,4,1,557,8,digital gift ideas h
online gift for long distance girlfriend,6,1,557,8,digital gift ideas l
online gift for someone,4,1,557,8,digital gift ideas s
online gift ideas men,4,1,557,8,digital gift ideas m
online gift kids,3,1,557,8,online gift k
online gift lahore,3,1,557,8,online gift l
online gift receipt sephora,4,1,557,8,online gift r
online gift shop website,4,1,557,8,online gift s
online gift vouchers nz,4,1,557,8,online gift v
online gift wrapper,3,1,557,8,online gift w
online gifting sites,3,1,557,8,online gift
online gifts in uk,4,1,557,8,online gift in
online invitation free maker,4,1,557,8,digital invitation free
online invitation order,3,1,557,8,digital invitation o
online invitation rsvp maker,4,1,557,8,digital invitation r
online invitation templates,3,1,557,8,digital invitation template
online invitation unicorn,3,1,557,8,digital invitation u
online janeu invitation card,4,1,557,8,digital invitation j
online uniqlo gift card,4,1,557,8,online gift u
online visa gift cards without fees,6,1,557,3,online gift without
online xmas gift,3,1,557,5,virtual gift x
send birthday gifts dubai online,5,1,557,8,send gift online d
send birthday gifts online australia,5,1,557,8,send gift online a
send digital invitations zola,4,1,557,6,digital invitation z
send e gift card online,5,1,557,7,send gift online e
send gas gift card online,5,1,557,8,send gift online g
send gift flowers delivery,4,1,557,8,send gift online f
send gift to korea online,5,1,557,5,send gift online k
send gifts online in canada,5,1,557,8,send gift online i
send gifts switzerland online,4,1,557,8,send gift online s
send gifts to jeddah online,5,1,557,3,send gift online j
send online gifts to london uk,6,1,557,7,send gift online l
send plant gift online,4,1,557,8,send gift online p
send spa gift baskets online,5,1,557,8,send gift online b
send wawa gift card online,5,1,557,7,send gift online w
virtual ebay gift card,4,1,557,8,virtual gift e
virtual gift bouquet,3,1,557,8,virtual gift b
virtual gift card home depot,5,1,557,8,virtual gift h
virtual gift cards online instantly,5,1,557,8,virtual gift online
virtual gift certificate template,4,1,557,7,virtual gift template
virtual gift ideas for long distance relationship,7,1,557,8,virtual gift i
virtual gift meme,3,1,557,8,virtual gift m
virtual gift the box,4,1,557,8,virtual gift t
virtual gift website qr code,5,1,557,8,virtual gift q
virtual letter gift free,4,1,557,8,virtual gift free
virtual popeyes gift card,4,1,557,8,virtual gift p
virtual rei gift card,4,1,557,8,virtual gift r
virtual sephora gift card,4,1,557,8,virtual gift s
virtual walmart gift card,4,1,557,8,virtual gift w
what is digital wedding invitation,5,1,557,4,what digital invitation
where can i make digital invitations,6,1,557,6,can i digital invitation
best digital invitation with rsvp,5,1,556,7,digital invitation best
can i buy a digital gift card for xbox,9,1,556,9,can i digital gift
can i send apple gift card online,7,1,556,9,can i send gift online
can i use e gift card in store,8,1,556,8,can i virtual gift
can you print an evite invitation,6,1,556,7,digital invitation y
digital applebee's gift card,4,1,556,9,digital gift app
digital birthday gift ideas reddit,5,1,556,9,digital gift ideas r
digital bunnings gift card,4,1,556,9,digital gift b
digital dinner invitation,3,1,556,9,digital invitation d
digital eneba gift card,4,1,556,9,digital gift e
digital gift card hobby lobby,5,1,556,9,digital gift h
digital gift card olive garden,5,1,556,9,digital gift o
digital gift card online australia,5,1,556,9,digital gift online
digital gift certificate template,4,1,556,3,digital gift template
digital gift for boyfriend free,5,1,556,7,digital gift ideas free
digital gifts for birthday,4,1,556,9,digital gift
digital haldi invitation card,4,1,556,9,digital invitation h
digital invitation business names,4,1,556,9,digital invitation b
digital invitation card app,4,1,556,9,digital invitation app
digital invitation card in marathi,5,1,556,9,digital invitation i
digital invitation e card,4,1,556,9,digital invitation e
digital invitation for free,4,1,556,9,digital invitation for
digital invitation me,3,1,556,9,digital invitation m
digital invitation party,3,1,556,9,digital invitation p
digital invitation services,3,1,556,9,digital invitation s
digital invitation video free,4,1,556,9,digital invitation v
digital invitation with online rsvp,5,1,556,9,digital invitation online
digital invitations girls skate party,5,1,556,9,digital invitation g
digital kitty invitation,3,1,556,9,digital invitation k
digital kobo gift card,4,1,556,9,digital gift k
digital longhorn gift card,4,1,556,9,digital gift l
digital mastercard gift card,4,1,556,9,digital gift m
digital namkaran invitation card,4,1,556,9,digital invitation n
digital ps4 gift card,4,1,556,9,digital gift p
digital quinceanera invitations red,4,1,556,9,digital invitation q
digital roblox gift card redeem,5,1,556,9,digital gift r
digital spotify gift card,4,1,556,9,digital gift s
digital ubisoft gift card,4,1,556,9,digital gift u
digital wedding invitation free,4,1,556,9,digital invitation free
digital wedding invitation uk,4,1,556,9,digital invitation u
digital wedding invitations zazzle,4,1,556,7,digital invitation z
digital wingstop gift card,4,1,556,9,digital gift w
digital xbox gift card nearby,5,1,556,9,digital gift x
e gift for dad,4,1,556,9,digital gift ideas d
e gift for kids,4,1,556,7,digital gift ideas k
e gift uber,3,1,556,9,virtual gift u
e gift vouchers for women,5,1,556,9,digital gift ideas v
electronic gift for boys,4,1,556,9,digital gift ideas b
electronic gift for couple,4,1,556,9,digital gift ideas c
electronic gift for her,4,1,556,9,digital gift ideas h
electronic gift for men,4,1,556,9,digital gift ideas m
electronic gift ideas for teenage boys,6,1,556,9,digital gift ideas t
electronic gift items near me,5,1,556,9,digital gift ideas n
gift card online,3,1,556,9,online gift k
how to check online gift card balance,7,1,556,9,how online gift
how to create a virtual gift,6,1,556,5,how virtual gift
how to do digital invitations,5,1,556,9,how digital invitation
how to make a digital invitation for free,8,1,556,4,digital invitation without
how to sell digital gift cards,6,1,556,9,how digital gift
how to send gifts online to ahmedabad,7,1,556,9,how send gift online
invitation digital limited,3,1,556,9,digital invitation l
invite digital release,3,1,556,9,digital invitation r
is invitation written in a box,6,1,556,3,is it digital invitation
ldr virtual gift canva template,5,1,556,8,virtual gift template
online apple gift card link,5,1,556,9,online gift app
online digital gift ideas,4,1,556,3,digital gift ideas online
online gif maker ai,4,1,556,9,online gift maker
online gift bags,3,1,556,9,online gift b
online gift card google play,5,1,556,9,online gift g
online gift card olive garden,5,1,556,9,online gift o
online gift cards you can buy,6,1,556,6,online gift y
online gift exchange draw,4,1,556,9,online gift e
online gift for girlfriend day,5,1,556,8,digital gift ideas g
online gift for valentine,4,1,556,9,online gift with
online gift ideas for employees,5,1,556,7,digital gift ideas e
online gift ideas for partner,5,1,556,9,digital gift ideas p
online gift long distance,4,1,556,9,online gift l
online gift mothers day,4,1,556,9,online gift m
online gift packing box,4,1,556,9,online gift p
online gift receipt m&s,4,1,556,9,online gift r
online gift sender,3,1,556,9,online gift s
online gift shop ideas,4,1,556,9,digital gift ideas s
online gift voucher template,4,1,556,6,online gift template
online indigo gift card,4,1,556,9,online gift in
online invitation and rsvp,4,1,556,9,digital invitation a
online invitation of wedding,4,1,556,9,digital invitation o
online invitation templates free,4,1,556,9,digital invitation template
online janmashtami invitation card maker,5,1,556,9,digital invitation j
online jd gift voucher,4,1,556,9,online gift j
online uk gift card,4,1,556,9,online gift u
online xbox gift voucher,4,1,556,6,virtual gift x
online xmas invitation,3,1,556,3,digital invitation x
online zumiez gift card,4,1,556,9,online gift z
send christmas gifts online uk,5,1,556,9,send gift online u
send gap gift card online,5,1,556,9,send gift online g
send gift to hong kong online,6,1,556,6,send gift online k
send gifts online in australia,5,1,556,9,send gift online i
send gifts to denmark online,5,1,556,9,send gift online d
send gifts to lahore online,5,1,556,8,send gift online l
send gifts to online friends,5,1,556,9,send gift online f
send money gift card online,5,1,556,9,send gift online m
send new year gifts online,5,1,556,4,send gift online y
send online gift card amazon,5,1,556,9,send gift online c
send online gift to boyfriend,5,1,556,9,send gift online b
send online uber eats gift card,6,1,556,8,send gift online e
send rakhi gift online,4,1,556,5,send gift online r
send wedding gift card online,5,1,556,8,send gift online w
steam digital gift card without account,6,1,556,4,digital gift without
surprise virtual gift free,4,1,556,9,virtual gift free
v bucks gift card digital,5,1,556,9,digital gift v
virtual e gift card visa,5,1,556,9,virtual gift e
virtual gift band academy,4,1,556,9,virtual gift b
virtual gift box online,4,1,556,9,virtual gift online
virtual gift card hobby lobby,5,1,556,9,virtual gift h
virtual gift card jimmy johns,5,1,556,9,virtual gift j
virtual gift card qr code,5,1,556,9,virtual gift q
virtual gift link free birthday,5,1,556,6,virtual gift l
virtual gift message website,4,1,556,9,virtual gift m
virtual petsmart gift card,4,1,556,9,virtual gift p
virtual spotify gift card,4,1,556,9,virtual gift s
virtual target gift card,4,1,556,9,virtual gift t
virtual wawa gift card,4,1,556,9,virtual gift w
what are the best digital invitations,6,1,556,5,what digital invitation
what is a digital gift card and how does it work,11,1,556,9,what digital gift
what is visa virtual gift card,6,1,556,6,what virtual gift
where can i make digital invitations for free,8,1,556,7,can i digital invitation
are there digital gift cards,5,1,555,3,which digital gift
best digital invitation websites,4,1,555,8,digital invitation best
best way to send gifts online,6,1,555,3,send gift online best
can i buy a digital gift card for playstation,9,1,555,10,can i digital gift
can i send starbucks gift card online,7,1,555,10,can i send gift online
digital apple gift card purchase,5,1,555,10,digital gift app
digital birthday gift free,4,1,555,10,digital gift free
digital birthday invitation online,4,1,555,10,digital invitation online
digital birthday invitation unicorn,4,1,555,10,digital invitation u
digital buy gift card,4,1,555,10,digital gift b
digital e gift card visa,5,1,555,10,digital gift e
digital gift card for apple,5,1,555,3,digital gift ideas app
digital gift card how to use,6,1,555,10,digital gift h
digital gift card in store,5,1,555,6,digital gift in
digital gift card one for all,6,1,555,10,digital gift o
digital gift card zalando,4,1,555,10,digital gift z
digital gift cards for teens,5,1,555,10,digital gift ideas t
digital gift cards online free,5,1,555,10,digital gift online
digital housewarming invitation template,4,1,555,10,digital invitation h
digital ikea gift card,4,1,555,10,digital gift i
digital invitation birthday free,4,1,555,10,digital invitation b
digital invitation evite,3,1,555,10,digital invitation e
digital invitation printing,3,1,555,10,digital invitation p
digital invitation save the date,5,1,555,10,digital invitation s
digital invitation to wedding,4,1,555,10,digital invitation t
digital invitation video for baby shower,6,1,555,10,digital invitation v
digital invitation wedding website,4,1,555,10,digital invitation w
digital invite graphic,3,1,555,10,digital invitation g
digital kids gift card,4,1,555,10,digital gift k
digital lcbo gift card,4,1,555,10,digital gift l
digital lohri invitation card,4,1,555,10,digital invitation l
digital mcdonald's gift card,4,1,555,10,digital gift m
digital nikah invitation template,4,1,555,10,digital invitation n
digital publix gift card,4,1,555,10,digital gift p
digital razer gift card,4,1,555,10,digital gift r
digital shein gift card,4,1,555,10,digital gift s
digital vanilla gift card,4,1,555,10,digital gift v
digital wedding invitation app free,5,1,555,10,digital invitation app
digital wedding invitation on canva,5,1,555,10,digital invitation o
digital wedding invitation quotes,4,1,555,10,digital invitation q
digital woolworths gift card,4,1,555,10,digital gift w
digital xbox gift card apple pay,6,1,555,10,digital gift x
e gift voucher for airasia,5,1,555,10,digital gift ideas v
electronic gift card ideas,4,1,555,10,digital gift ideas c
electronic gift for him,4,1,555,10,digital gift ideas h
electronic gift items under 1500,5,1,555,10,digital gift ideas u
electronic gift under 2500,4,1,555,10,digital gift u
example of writing invitation card,5,1,555,8,digital invitation y
free virtual gift ideas,4,1,555,4,virtual gift without
how to buy digital gift card on amazon,8,1,555,10,how digital gift
how to create a free digital invitation,7,1,555,5,digital invitation without
how to make digital invitations free,6,1,555,10,how digital invitation
how to redeem digital gift cards,6,1,555,4,why digital gift
how to send gifts online in pune,7,1,555,10,how send gift online
how to send wedding gift money online,7,1,555,10,send gift online m
how to use online gift card at walmart,8,1,555,10,how online gift
invite digital release date,4,1,555,10,digital invitation r
online apple gift card store,5,1,555,10,online gift app
online free gifts for birthday,5,1,555,10,online gift free
online gift box delivery,4,1,555,10,online gift b
online gift card old navy,5,1,555,10,online gift o
online gift cards australia,4,1,555,10,online gift n
online gift certificate template free,5,1,555,7,online gift template
online gift deed registration,4,1,555,10,online gift d
online gift exchange picker,4,1,555,10,online gift e
online gift for ldr,4,1,555,10,digital gift ideas l
online gift for newborn,4,1,555,10,digital gift ideas n
online gift for sister birthday,5,1,555,10,digital gift ideas s
online gift ideas for long distance boyfriend,7,1,555,10,online gift i
online gift lebanon,3,1,555,10,online gift l
online gift me,3,1,555,10,online gift m
online gift photo,3,1,555,10,online gift p
online gift receipt target,4,1,555,10,online gift r
online gift send,3,1,555,10,online gift s
online gifts kenya,3,1,555,10,online gift k
online invitation and rsvp free,5,1,555,10,digital invitation a
online invitation design,3,1,555,10,digital invitation d
online invitation kids birthday,4,1,555,10,digital invitation k
online invitation maker,3,1,555,10,digital invitation maker
online invitation templates free download,5,1,555,10,digital invitation template
online jagran invitation card maker,5,1,555,10,digital invitation j
online jain gift items,4,1,555,10,online gift j
online new year gift,4,1,555,7,online gift y
online present maker,3,1,555,10,online gift maker
online universal gift card,4,1,555,10,online gift u
online xbox gift card digital code,6,1,555,7,virtual gift x
online zupas gift card,4,1,555,10,online gift z
send diwali gift online,4,1,555,10,send gift online d
send e gift card online instantly,6,1,555,9,send gift online e
send free virtual gifts online,5,1,555,5,send gift online free
send gift to ahmedabad online,5,1,555,10,send gift online a
send gift to spain online,5,1,555,10,send gift online s
send gifts online islamabad,4,1,555,10,send gift online i
send gifts to brazil online,5,1,555,10,send gift online b
send graduation gift card online,5,1,555,10,send gift online g
send kohl's gift card online,5,1,555,7,send gift online k
send online lululemon gift card,5,1,555,9,send gift online l
send publix gift card online,5,1,555,10,send gift online p
send visa gift card online instantly,6,1,555,8,send gift online v
send wegmans gift card online,5,1,555,9,send gift online w
virtual e gift card mastercard,5,1,555,10,virtual gift e
virtual gift berapa rupiah,4,1,555,10,virtual gift b
virtual gift card apple pay,5,1,555,10,virtual gift app
virtual gift card on amazon,5,1,555,6,virtual gift o
virtual gift card with card,5,1,555,4,virtual gift with
virtual gift cards uk,4,1,555,10,virtual gift u
virtual gift link for birthday,5,1,555,7,virtual gift l
virtual gift message link,4,1,555,10,virtual gift m
virtual gifts for girlfriend free,5,1,555,9,virtual gift g
virtual gifts for long distance girlfriend,6,1,555,10,virtual gift
virtual prepaid gift card visa,5,1,555,10,virtual gift p
virtual woolworths gift card,4,1,555,10,virtual gift w
what is amazon virtual gift card,6,1,555,7,what virtual gift
what is paypal digital gifts,5,1,555,10,what digital gift
what is virtual invitation,4,1,555,4,is it digital invitation
where can i sell digital invitations,6,1,555,8,can i digital invitation
zootopia digital invitation,3,1,555,8,digital invitation z
best digital invitation service,4,1,554,9,digital invitation best
best gift sending sites,4,1,554,4,send gift online best
birthday gift send online sri lanka,6,1,554,10,send gift online l
can i send a digital gift card on amazon,9,1,554,11,can i digital gift
can i send chipotle gift card online,7,1,554,11,can i send gift online
create digital invitation free,4,1,554,11,digital invitation free
create digital invitation on canva,5,1,554,11,digital invitation o
digital apple gift card 20,5,1,554,11,digital gift app
digital blizzard gift card,4,1,554,11,digital gift b
digital email gift cards,4,1,554,11,digital gift e
digital gif maker,3,1,554,8,digital gift maker
digital gift card how does it work,7,1,554,11,digital gift h
digital gift card jimmy john's,5,1,554,11,digital gift j
digital gift card on steam,5,1,554,11,digital gift o
digital gift cards for teachers,5,1,554,11,digital gift ideas t
digital gift cards in canada,5,1,554,7,digital gift in
digital gift ideas for mom,5,1,554,11,digital gift ideas for
digital housewarming invitation card,4,1,554,11,digital invitation h
digital invitation bridal shower,4,1,554,11,digital invitation b
digital invitation card quotes,4,1,554,11,digital invitation q
digital invitation engagement party,4,1,554,11,digital invitation e
digital invitation marriage card,4,1,554,11,digital invitation m
digital invitation psd,3,1,554,11,digital invitation p
digital invitation standard size,4,1,554,11,digital invitation s
digital invitation video online,4,1,554,11,digital invitation online
digital invitation with canva,4,1,554,11,digital invitation with
digital invitation without rsvp,4,1,554,6,digital invitation without
digital invitations green,3,1,554,11,digital invitation g
digital invitations to send via text,6,1,554,11,digital invitation t
digital invites by yogita,4,1,554,9,digital invitation y
digital key gift card,4,1,554,11,digital gift k
digital lego invitation,3,1,554,11,digital invitation l
digital lush gift card,4,1,554,11,digital gift l
digital minecraft gift card,4,1,554,11,digital gift m
digital nikah invitation video,4,1,554,11,digital invitation n
digital panera gift card,4,1,554,11,digital gift p
digital robux gift card $5,5,1,554,11,digital gift r
digital steam gift card amazon,5,1,554,11,digital gift s
digital valorant gift card,4,1,554,11,digital gift v
digital wedding invitation us,4,1,554,11,digital invitation u
digital whataburger gift card,4,1,554,11,digital gift w
digital xbox gift card 20,5,1,554,11,digital gift x
e gift doordash,3,1,554,11,virtual gift d
e gift it,3,1,554,11,virtual gift i
e online gift cards,4,1,554,11,digital gift online
e&j gift set,3,1,554,11,virtual gift j
electronic gift for doctor,4,1,554,11,digital gift ideas d
electronic gift for house warming ceremony,6,1,554,11,digital gift ideas h
electronic gift for marriage,4,1,554,11,digital gift ideas m
electronic gift ideas for kids,5,1,554,9,digital gift ideas k
electronic gift items,3,1,554,11,digital gift i
electronic gift items under 3000,5,1,554,11,digital gift ideas u
electronic gift under 1000,4,1,554,11,digital gift u
electronic invitation template,3,1,554,11,digital invitation template
how do digital gift cards work,6,1,554,5,why digital gift
how to give someone a virtual gift card,8,1,554,7,how virtual gift
how to redeem digital gift card roblox,7,1,554,11,how digital gift
how to sell digital invitations on etsy,7,1,554,11,how digital invitation
how to sell online gift cards,6,1,554,11,how online gift
how to send gifts online to philippines,7,1,554,11,how send gift online
how to send gifts to someone,6,1,554,6,send gift online free
online apple gift card redeem,5,1,554,11,online gift app
online best gifts for men,5,1,554,11,online gift best
online birthday gift template,4,1,554,8,online gift template
online exchange gift bunutan,4,1,554,11,online gift e
online gif maker from jpg,5,1,554,11,online gift maker
online gift business for sale,5,1,554,11,online gift b
online gift card,3,1,554,11,online gift v
online gift card online,4,1,554,11,online gift online
online gift cards canada,4,1,554,11,online gift n
online gift cards with paypal,5,1,554,11,online gift with
online gift code,3,1,554,4,online gift 2026
online gift delivery hyderabad,4,1,554,11,online gift d
online gift delivery on same day,6,1,554,11,online gift o
online gift for long distance relationship,6,1,554,11,digital gift ideas l
online gift for new house,5,1,554,11,digital gift ideas n
online gift for sri lanka,5,1,554,11,digital gift ideas s
online gift love letter,4,1,554,11,online gift l
online gift men,3,1,554,11,online gift m
online gift plants,3,1,554,11,online gift p
online gift receipt aritzia,4,1,554,11,online gift r
online gift surprise website,4,1,554,11,online gift s
online gift to dubai,4,1,554,11,online gift t
online gift vouchers for kids,5,1,554,11,digital gift ideas v
online gifts for men,4,1,554,11,online gift
online gifts to send via email,6,1,554,10,send gift online e
online invitation design free,4,1,554,11,digital invitation d
online invitation kaise banaye,4,1,554,11,digital invitation k
online invitation maker free,4,1,554,11,digital invitation maker
online janmashtami invitation card maker free,6,1,554,11,digital invitation j
online jewellery gift cards,4,1,554,11,online gift j
online kroger gift card,4,1,554,11,online gift k
online razer gold gift card,5,1,554,11,online gift g
online send off gifts,4,1,554,3,send gift online o
online thank you gift,4,1,554,8,online gift y
online usa gift card,4,1,554,11,online gift u
online xbox gift card australia,5,1,554,8,virtual gift x
online zara gift cards,4,1,554,11,online gift z
send applebee's gift card online,5,1,554,3,send gift online app
send baby gift online,4,1,554,11,send gift online b
send birthday card online with gift card,7,1,554,10,send gift online w
send gift card anonymously online,5,1,554,11,send gift online a
send gifts online in pune,5,1,554,11,send gift online i
send gifts online to pakistan,5,1,554,11,send gift online t
send gifts to norway online,5,1,554,11,send gift online n
send jewellery gifts online,4,1,554,6,send gift online j
send kroger gift card online,5,1,554,8,send gift online k
send mastercard gift card online,5,1,554,11,send gift online m
send online doordash gift card,5,1,554,11,send gift online d
send online gift card australia,5,1,554,11,send gift online c
send ps5 gift card online,5,1,554,11,send gift online p
send roblox gift card online,5,1,554,7,send gift online r
send visa gift card online australia,6,1,554,9,send gift online v
send visa gift card online usa,6,1,554,11,send gift online u
virtual birthday gift for long distance boyfriend,7,1,554,3,virtual gift for boyfriend l
virtual birthday gift online,4,1,554,11,virtual gift online
virtual employee gift cards,4,1,554,11,virtual gift e
virtual gift balance,3,1,554,11,virtual gift b
virtual gift card app,4,1,554,11,virtual gift app
virtual gift card uber eats,5,1,554,11,virtual gift u
virtual gift gift card,4,1,554,10,virtual gift g
virtual gift legend,3,1,554,8,virtual gift l
virtual gift me,3,1,554,11,virtual gift m
what is amazon digital gift card,6,1,554,11,what digital gift
what is tremendous virtual gift card,6,1,554,8,what virtual gift
what should i give my girlfriend as a gift,9,1,554,5,online gift ideas for girlfriend c
what to gift my girlfriend,5,1,554,6,online gift ideas for girlfriend t
when to use invite or invites,6,1,554,5,is it digital invitation
where can i print digital invitations,6,1,554,9,can i digital invitation
which digital gold is good,5,1,554,4,which digital gift
which online grocery is best,5,1,554,3,which online gift
which virtual card is best,5,1,554,3,which virtual gift
why online shopping gives discount,5,1,554,3,why online gift
without gift,2,1,554,6,online gift without
are digital gift cards safe,5,1,553,4,is it digital gift
best digital gift for kids,5,1,553,10,digital gift ideas k
best digital invitation size,4,1,553,10,digital invitation best
can i buy online roblox gift cards,7,1,553,11,can i online gift
can i send a digital gift card from walmart,9,1,553,12,can i digital gift
can i send a playstation gift card online,8,1,553,12,can i send gift online
can i send digital wedding invitations,6,1,553,10,can i digital invitation
cute digital gift ideas,4,1,553,12,digital gift ideas best
digital apple gift card redeem,5,1,553,12,digital gift app
digital birthday invitation app,4,1,553,12,digital invitation app
digital birthday invitation free,4,1,553,12,digital invitation free
digital bp gift card,4,1,553,12,digital gift b
digital epic gift card,4,1,553,12,digital gift e
digital ganpati invitation card,4,1,553,12,digital invitation g
digital gift card for doordash,5,1,553,12,digital gift ideas d
digital gift card for robux,5,1,553,12,digital gift ideas r
digital gift card for texas roadhouse,6,1,553,12,digital gift ideas t
digital gift card harbor freight,5,1,553,12,digital gift h
digital gift card on,4,1,553,12,digital gift o
digital gift cards for women,5,1,553,12,digital gift ideas c
digital gift officer jobs,4,1,553,12,digital gift j
digital gift vouchers,3,1,553,12,digital gift n
digital gifts for her,4,1,553,12,digital gift
digital invitation baby shower free,5,1,553,12,digital invitation b
digital invitation card for upanayanam,5,1,553,10,digital invitation y
digital invitation card with qr code,6,1,553,7,digital invitation without
digital invitation co in,4,1,553,6,digital invitation x
digital invitation marriage,3,1,553,12,digital invitation m
digital invitation photo,3,1,553,12,digital invitation p
digital invitation stitch,3,1,553,12,digital invitation s
digital invitation video card for wedding,6,1,553,12,digital invitation v
digital invitation video online free,5,1,553,12,digital invitation online
digital invitations text,3,1,553,12,digital invitation t
digital invite email,3,1,553,12,digital invitation e
digital lids gift card,4,1,553,12,digital gift l
digital lobola invitation,3,1,553,12,digital invitation l
digital microsoft gift card,4,1,553,12,digital gift m
digital newspaper invitation,3,1,553,12,digital invitation n
digital razer gold gift card,5,1,553,11,digital gift g
digital robux gift card uk,5,1,553,12,digital gift r
digital visa gift card canada,5,1,553,12,digital gift v
digital wedding invitation using ai,5,1,553,12,digital invitation u
digital wegmans gift card,4,1,553,12,digital gift w
digital xbox gift card deals,5,1,553,12,digital gift x
e gift vouchers for men,5,1,553,12,digital gift ideas v
electronic gift for students,4,1,553,12,digital gift ideas s
electronic gift for wife birthday,5,1,553,12,digital gift ideas w
electronic gift items under 7000,5,1,553,12,digital gift ideas u
electronic gift under 500,4,1,553,12,digital gift u
electronic invitation maker,3,1,553,12,digital invitation maker
electronic online gift cards,4,1,553,12,digital gift online
free online gift voucher template,5,1,553,9,online gift template
free virtual gift for long distance boyfriend,7,1,553,4,virtual gift for boyfriend l
gift digital switch games,4,1,553,12,digital gift s
gift template download,3,1,553,6,digital gift template
gifts online quick delivery,4,1,553,12,online gift q
how do digital invitations work,5,1,553,6,is it digital invitation
how do zoom invites work,5,1,553,10,digital invitation z
how to buy digital gift card roblox,7,1,553,12,how digital gift
how to design digital invitation card,6,1,553,12,how digital invitation
how to make a digital invitation,6,1,553,8,what digital invitation
how to send gifts online to canada,7,1,553,12,how send gift online
love digital gift free qr code,6,1,553,12,digital gift free
love digital gift qr code,5,1,553,12,digital gift q
online apple gift card email delivery usa,7,1,553,12,online gift app
online birthday gift online,4,1,553,12,online gift online
online eftpos gift card,4,1,553,12,online gift e
online gif maker transparent background,5,1,553,12,online gift maker
online gift card with card,5,1,553,12,online gift with
online gift delivery apps in india,6,1,553,12,online gift d
online gift for husband birthday,5,1,553,12,digital gift ideas h
online gift for long distance friend,6,1,553,12,digital gift ideas l
online gift for new year,5,1,553,12,digital gift ideas n
online gift shop in kolkata,5,1,553,12,online gift s
online gift voucher malaysia,4,1,553,12,online gift v
online gift wedding,3,1,553,12,online gift w
online gifts ldr,3,1,553,12,online gift l
online gifts m&s,3,1,553,12,online gift m
online gifts perth australia,4,1,553,12,online gift p
online invitation denmark,3,1,553,12,digital invitation d
online invitation house warming,4,1,553,12,digital invitation h
online invitation kaise kare,4,1,553,12,digital invitation k
online invitation template maker,4,1,553,12,digital invitation template
online invitation with rsvp,4,1,553,12,digital invitation with
online islamic invitation card maker free,6,1,553,12,digital invitation i
online jalwa invitation card,4,1,553,12,digital invitation j
online kmart gift card,4,1,553,12,online gift k
online letter gift free,4,1,553,12,online gift free
online olive garden gift card,5,1,553,12,online gift g
online order invitation card,4,1,553,12,digital invitation o
online quinceanera invitation maker,4,1,553,12,digital invitation q
online roblox gift card,4,1,553,12,online gift r
online thank you gift cards,5,1,553,9,online gift y
online use gift card,4,1,553,12,online gift u
online xbox gift card sale,5,1,553,9,virtual gift x
send cake gift online india,5,1,553,12,send gift online in
send gift to someone online,5,1,553,12,send gift online s
send gifts to austria online,5,1,553,12,send gift online a
send gifts to netherlands online from uk,7,1,553,12,send gift online n
send gifts to pakistan online gift delivery in pakistan reviews,10,1,553,12,send gift online p
send grubhub gift card online,5,1,553,12,send gift online g
send lottery ticket gift online,5,1,553,11,send gift online l
send marshalls gift card online,5,1,553,12,send gift online m
send online dunkin gift card,5,1,553,12,send gift online d
send online gift card to someone,6,1,553,12,send gift online c
send online tim hortons gift card,6,1,553,12,send gift online h
send online ulta gift card,5,1,553,12,send gift online u
send restaurant gift cards online,5,1,553,8,send gift online r
send vanilla gift card online,5,1,553,10,send gift online v
send winners gift card online,5,1,553,11,send gift online w
virtual egift,2,1,553,12,virtual gift e
virtual gift adalah,3,1,553,12,virtual gift a
virtual gift boyfriend,3,1,553,12,virtual gift b
virtual gift card apple wallet,5,1,553,12,virtual gift app
virtual gift card use,4,1,553,12,virtual gift u
virtual gift for online friend,5,1,553,12,virtual gift online
virtual gift for your girlfriend,5,1,553,7,virtual gift y
virtual gift gift card balance,5,1,553,11,virtual gift g
virtual gift instagram,3,1,553,9,virtual gift in
virtual gift legend berapa rupiah,5,1,553,9,virtual gift l
virtual mastercard gift card,4,1,553,12,virtual gift m
virtual message gift free,4,1,553,12,virtual gift free
what is mastercard virtual gift card,6,1,553,9,what virtual gift
what is steam digital gift card,6,1,553,12,what digital gift
which digital gold is safe,5,1,553,5,which digital gift
which online grocery shopping,4,1,553,4,which online gift
wholesale online gift shop,4,1,553,3,who online gift
why are invitations important,4,1,553,3,why digital invitation
why digital gold is stopped,5,1,553,6,why digital gift
why online stores give discounts,5,1,553,4,why online gift
best digital invitation maker app,5,1,552,11,digital invitation best
best gift online for girlfriend,5,1,552,7,can i online gift ideas for girlfriend
best virtual gift for birthday,5,1,552,5,which virtual gift
best website to send gifts in india,7,1,552,6,send gift online best
can i buy online visa gift card,7,1,552,12,can i online gift
can i get online gift card,6,1,552,12,can i virtual gift
can i send a digital gift card from target,9,1,552,13,can i digital gift
can i send an aldi gift card online,8,1,552,13,can i send gift online
can you gift digital gold,5,1,552,5,is it digital gift
create digital invitation using ai,5,1,552,13,digital invitation u
digital apple gift card us,5,1,552,13,digital gift app
digital birthday gift maker,4,1,552,10,digital gift maker
digital boots gift card,4,1,552,13,digital gift b
digital esso gift card,4,1,552,13,digital gift e
digital event invitation card,4,1,552,7,digital invitation x
digital gift card for nintendo switch,6,1,552,13,digital gift ideas n
digital gift card for target,5,1,552,13,digital gift ideas t
digital gift card gift,4,1,552,12,digital gift g
digital gift card h&m,4,1,552,13,digital gift h
digital gift card playstation,4,1,552,13,digital gift n
digital gift card qr code,5,1,552,13,digital gift q
digital gift card visa,4,1,552,13,digital gift d
digital gift cards for restaurants near me,7,1,552,13,digital gift ideas r
digital gift cards for valentine's day,6,1,552,13,digital gift ideas v
digital gift ideas for christmas,5,1,552,13,digital gift ideas for
digital gift products,3,1,552,3,digital gift 2027
digital gifts for online friends,5,1,552,13,digital gift online
digital graduation invitation template,4,1,552,13,digital invitation g
digital invitation bluey,3,1,552,13,digital invitation b
digital invitation card for 25th anniversary,6,1,552,3,digital invitation 2027
digital invitation card tutorial,4,1,552,11,digital invitation y
digital invitation card with photo,5,1,552,8,digital invitation without
digital invitation music,3,1,552,13,digital invitation m
digital invitation pool party,4,1,552,13,digital invitation p
digital invitation safari theme,4,1,552,13,digital invitation s
digital invitation video app,4,1,552,13,digital invitation app
digital invitation video for house warming ceremony,7,1,552,13,digital invitation v
digital invitation wedding free,4,1,552,13,digital invitation w
digital invitations celebration of life,5,1,552,13,digital invitation o
digital invitations to print,4,1,552,13,digital invitation t
digital love gift free,4,1,552,13,digital gift l
digital lunch invitation,3,1,552,13,digital invitation l
digital meta gift card,4,1,552,13,digital gift m
digital popeyes gift card,4,1,552,13,digital gift p
digital roblox gift card australia,5,1,552,13,digital gift r
digital select gift card,4,1,552,13,digital gift s
digital visa gift card balance,5,1,552,13,digital gift v
digital walgreens gift card,4,1,552,13,digital gift w
digital xbox gift card redeem,5,1,552,13,digital gift x
e gift roblox,3,1,552,13,virtual gift r
electronic best gift,3,1,552,13,digital gift best
electronic gift for brother,4,1,552,13,digital gift ideas b
electronic gift for husband birthday,5,1,552,13,digital gift ideas h
electronic gift for mom,4,1,552,13,digital gift ideas m
electronic gift items under 15000,5,1,552,13,digital gift ideas u
electronic gift to men,4,1,552,13,digital gift t
electronic gift under 2000,4,1,552,13,digital gift u
free online gift card templates,5,1,552,10,online gift template
free online gifts on birthday,5,1,552,13,online gift o
gift template design,3,1,552,7,digital gift template
gifts in 2040,3,1,552,3,digital gift ideas 2027
how to get a virtual boyfriend,6,1,552,5,how virtual gift for boyfriend
how to give virtual gifts,5,1,552,9,how virtual gift
how to make digital invitation card for birthday,8,1,552,13,how digital invitation
how to send digital gift card amazon,7,1,552,13,how digital gift
how to send gifts online to uk,7,1,552,13,how send gift online
how to send online gift to australia,7,1,552,13,send gift online h
how to trade online gift card,6,1,552,13,how online gift
is it invitation or invitation,5,1,552,7,is it digital invitation
online app gift card,4,1,552,13,online gift app
online ebay gift card,4,1,552,13,online gift e
online gif maker from youtube video,6,1,552,13,online gift maker
online gift basket delivery,4,1,552,13,online gift b
online gift card best buy,5,1,552,13,online gift best
online gift card with apple pay,6,1,552,13,online gift with
online gift delivery for kids,5,1,552,13,digital gift ideas d
online gift delivery in ahmedabad,5,1,552,13,online gift d
online gift for ladies,4,1,552,13,digital gift ideas l
online gift for sister on rakhi,6,1,552,13,digital gift ideas s
online gift for wife on anniversary,6,1,552,13,digital gift ideas w
online gift ideas for kids,5,1,552,11,digital gift ideas k
online gift items under 200,5,1,552,3,online gift 2027
online gift offer,3,1,552,6,online gift 2026
online gift sending sites in india,6,1,552,13,online gift s
online gift shop qatar,4,1,552,13,online gift q
online gift shops in sri lanka,6,1,552,13,virtual gift s
online gift watch,3,1,552,13,online gift w
online gift wish,3,1,552,8,online gift without
online gifts for birthday,4,1,552,13,online gift
online gifts for online friends,5,1,552,13,online gift online
online gifts last minute,4,1,552,13,online gift l
online gifts personalised,3,1,552,13,online gift p
online invitation design for wedding,5,1,552,13,digital invitation d
online invitation harry potter,4,1,552,13,digital invitation h
online invitation kannada,3,1,552,13,digital invitation k
online invitation maker with rsvp,5,1,552,13,digital invitation maker
online invitation naming ceremony,4,1,552,13,digital invitation n
online invitation template maker free,5,1,552,13,digital invitation template
online invitation with rsvp free,5,1,552,13,digital invitation with
online jagran invitation card free,5,1,552,13,digital invitation j
online kohls gift card,4,1,552,13,online gift k
online mastercard gift card,4,1,552,13,online gift m
online quinceanera invitation,3,1,552,13,digital invitation q
online razer gold gift card where to buy,8,1,552,13,online gift g
online robux gift card,4,1,552,13,online gift r
online target gift card,4,1,552,13,online gift t
online ultimate gift card,4,1,552,13,online gift u
online xbox gift card uk,5,1,552,10,virtual gift x
purpose of invitation,3,1,552,4,why digital invitation
send gift cards online cute,5,1,552,13,send gift online c
send gifts and flowers online,5,1,552,13,send gift online f
send gifts online in mumbai,5,1,552,13,send gift online i
send gifts online to indonesia,5,1,552,13,send gift online t
send gifts online usa,4,1,552,3,send gift online x
send gifts to australia online from uk,7,1,552,13,send gift online a
send gifts to sweden online,5,1,552,13,send gift online s
send lcbo gift card online,5,1,552,12,send gift online l
send michaels gift card online,5,1,552,13,send gift online m
send physical gift cards online,5,1,552,13,send gift online p
send rei gift card online,5,1,552,9,send gift online r
send virtual gift card online,5,1,552,11,send gift online v
send whiskey as a gift online,6,1,552,12,send gift online w
virtual birthday gift maker,4,1,552,11,virtual gift maker
virtual e gift card amazon,5,1,552,13,virtual gift e
virtual gift birthday card,4,1,552,13,virtual gift b
virtual gift card online use only,6,1,552,13,virtual gift online
virtual gift card roblox,4,1,552,13,virtual gift n
virtual gift ideas india,4,1,552,10,virtual gift in
virtual gift legend the icon berapa rupiah,7,1,552,10,virtual gift l
virtual gifts for online friends,5,1,552,13,virtual gift
virtual mcdonalds gift card,4,1,552,13,virtual gift m
what are online gifts,4,1,552,6,what online gift
what is a digital gift card on doordash,8,1,552,13,what digital gift
what to gift your online girlfriend,6,1,552,5,what online gift ideas for girlfriend
whatsapp digital invitation card,4,1,552,9,what digital invitation
where can i get digital invitations printed,7,1,552,11,can i digital invitation
which digital gold is best,5,1,552,6,which digital gift
which online grocery is cheap,5,1,552,5,which online gift
who gift,2,1,552,4,who online gift
why digital gold,3,1,552,7,why digital gift
why online gold is expensive,5,1,552,5,why online gift
why virtual account,3,1,552,4,why virtual gift
yellowstone online gift shop,4,1,552,10,online gift y
best digital invitation company,4,1,551,12,digital invitation best
best virtual gift cards,4,1,551,14,virtual gift best
buy gift online with debit card,6,1,551,14,online gift with
can i buy online apple gift card,7,1,551,13,can i online gift
can i present digital driver's license,6,1,551,14,can i digital gift
can i send a roblox gift card online,8,1,551,14,can i send gift online
digital apple gift card $50,5,1,551,14,digital gift app
digital christmas invitation free,4,1,551,14,digital invitation free
digital delivery gift cards,4,1,551,14,digital gift online
digital e invitation,3,1,551,14,digital invitation e
digital exxon gift card,4,1,551,14,digital gift e
digital galentines invitation,3,1,551,14,digital invitation g
digital gift card for kindle,5,1,551,12,digital gift ideas k
digital gift card for nintendo,5,1,551,14,digital gift ideas n
digital gift card free people,5,1,551,14,digital gift free
digital gift card india,4,1,551,10,digital gift in
digital gift card jd sports,5,1,551,14,digital gift j
digital gift card qantas,4,1,551,14,digital gift q
digital gift card xbox,4,1,551,14,digital gift n
digital gift cards hallmark,4,1,551,14,digital gift h
digital gift certificate maker,4,1,551,11,digital gift maker
digital gift ideas for long distance boyfriend,7,1,551,14,digital gift ideas for
digital giftings,2,1,551,4,digital gift 2027
digital innovation summit & awards 2024,6,1,551,4,digital invitation 2027
digital invitation berry first birthday,5,1,551,14,digital invitation b
digital invitation created,3,1,551,8,digital invitation x
digital invitation free online,4,1,551,12,digital invitation z
digital invitation minecraft,3,1,551,14,digital invitation m
digital invitation online,3,1,551,12,digital invitation y
digital invitation paw patrol,4,1,551,14,digital invitation p
digital invitation video card,4,1,551,14,digital invitation v
digital invitation video maker online,5,1,551,7,digital invitation 2026
digital invitations free,3,1,551,14,digital invitation
digital invitations with qr codes for guest,7,1,551,14,digital invitation q
digital invite send,3,1,551,14,digital invitation s
digital invite to party,4,1,551,14,digital invitation t
digital live invitation,3,1,551,14,digital invitation l
digital lulu gift card,4,1,551,14,digital gift l
digital mastercard gift card australia,5,1,551,14,digital gift m
digital party invitation app,4,1,551,14,digital invitation app
digital playstation gift card amazon,5,1,551,14,digital gift p
digital riot gift card,4,1,551,14,digital gift r
digital subway gift card,4,1,551,14,digital gift s
digital verizon gift card,4,1,551,14,digital gift v
digital walmart gift card buy,5,1,551,14,digital gift w
digital wedding invitations interactive,4,1,551,14,digital invitation in
digital xbox gift card gamestop,5,1,551,14,digital gift x
e gift robux,3,1,551,14,virtual gift r
e gift sephora,3,1,551,14,virtual gift s
electronic gift for boyfriend,4,1,551,14,digital gift ideas b
electronic gift for ladies,4,1,551,14,digital gift ideas l
electronic gift ideas for teenage girl,6,1,551,14,digital gift ideas t
electronic gift items under 500,5,1,551,14,digital gift ideas u
electronic invitation with rsvp,4,1,551,14,digital invitation with
free virtual gift ideas for boyfriend,6,1,551,5,virtual gift for boyfriend free
gift card 2d sites,4,1,551,7,online gift 2026
gift digital gift card steam,5,1,551,13,digital gift g
how do i give a virtual gift,7,1,551,10,how virtual gift
how to buy digital gift card on steam,8,1,551,14,how digital gift
how to do digital invitation card,6,1,551,8,is it digital invitation
how to make digital invitation for wedding,7,1,551,14,how digital invitation
how to send gifts online to delhi,7,1,551,14,how send gift online
how to use online gift card on amazon,8,1,551,14,how online gift
is it worth buying digital gold,6,1,551,6,is it digital gift
nintendo online online gift card,5,1,551,14,online gift online
online apple gift card sale,5,1,551,14,online gift app
online birthday gift ideas reddit,5,1,551,14,digital gift ideas r
online exchange gift card,4,1,551,14,online gift e
online fillable gift certificate template free,6,1,551,11,online gift template
online game on gift card,5,1,551,14,online gift o
online gif maker for whatsapp,5,1,551,14,online gift maker
online gift boxes pakistan,4,1,551,14,online gift b
online gift card qatar,4,1,551,14,online gift q
online gift delivery near me,5,1,551,14,online gift d
online gift for anniversary,4,1,551,14,online gift f
online gift for house warming ceremony,6,1,551,14,digital gift ideas h
online gift for my girlfriend,5,1,551,14,digital gift ideas m
online gift for students,4,1,551,14,digital gift ideas s
online gift for wedding,4,1,551,14,digital gift ideas w
online gift ideas for men,5,1,551,14,online gift i
online gift list free,4,1,551,14,online gift free
online gift pack,3,1,551,14,virtual gift p
online gift shop name ideas,5,1,551,14,online gift s
online gift vouchers for mum,5,1,551,14,digital gift ideas v
online gift vouchers northern ireland,5,1,551,14,online gift v
online gift websites,3,1,551,9,online gift without
online harrods gift card,4,1,551,14,online gift h
online invitation debut,3,1,551,14,digital invitation d
online invitation halloween,3,1,551,14,digital invitation h
online invitation kids party,4,1,551,14,digital invitation k
online invitation maker for house warming,6,1,551,14,digital invitation maker
online invitation name,3,1,551,14,digital invitation n
online invitation templates birthday,4,1,551,14,digital invitation template
online itunes gift card,4,1,551,14,virtual gift i
online janmashtami invitation card,4,1,551,14,digital invitation j
online keg gift card,4,1,551,14,online gift k
online lululemon gift card,4,1,551,14,online gift l
online mcdonalds gift card,4,1,551,14,online gift m
online playstation gift card,4,1,551,14,online gift p
online restaurant gift cards,4,1,551,14,online gift r
online send rakhi gifts for brother,6,1,551,10,send gift online r
online tesco gift card,4,1,551,14,online gift t
online to get gift card,5,1,551,14,online gift g
online unique gift stores,4,1,551,14,online gift u
online upanayanam invitation card,4,1,551,14,digital invitation u
online virtual gift maker,4,1,551,12,virtual gift maker
online xbox gift card amazon,5,1,551,11,virtual gift x
sell digital invitations on etsy,5,1,551,14,digital invitation o
send birthday gift online bangalore,5,1,551,14,send gift online b
send gift to india from uk online,7,1,551,14,send gift online u
send gifts online to dubai,5,1,551,14,send gift online t
send gifts to finland online,5,1,551,14,send gift online f
send gifts to sister online,5,1,551,14,send gift online s
send gin as a gift online,6,1,551,14,send gift online g
send lowes gift card online,5,1,551,13,send gift online l
send macy's gift card online,5,1,551,14,send gift online m
send online gifts to amsterdam,5,1,551,14,send gift online a
send online gifts to new york,6,1,551,14,send gift online n
send playstation gift card online,5,1,551,14,send gift online p
send vuori gift card online,5,1,551,12,send gift online v
sending gifts online in chennai,5,1,551,14,send gift online i
template for gifting,3,1,551,8,digital gift template
virtual birthday gift website,4,1,551,14,virtual gift b
virtual etsy gift card,4,1,551,14,virtual gift e
virtual flowers gift free,4,1,551,14,virtual gift free
virtual gift card india,4,1,551,11,virtual gift in
virtual gift cards online visa,5,1,551,14,virtual gift online
virtual gift legend the icon,5,1,551,11,virtual gift l
virtual gift visa gift card,5,1,551,13,virtual gift g
virtual gift voucher,3,1,551,14,virtual gift v
virtual gifts maker,3,1,551,13,virtual gift template
virtual mastercard gift card balance,5,1,551,14,virtual gift m
what is aritzia digital gift card,6,1,551,14,what digital gift
what is online exchange gift card,6,1,551,7,what online gift
what is virtual gifts on instagram,6,1,551,11,what virtual gift
what to gift your boyfriend online,6,1,551,5,what virtual gift for boyfriend
whatsapp digital invitation,3,1,551,10,what digital invitation
where can i do digital invitations,6,1,551,12,can i digital invitation
which digital gold is better,5,1,551,7,which digital gift
which gift cards can i buy online,7,1,551,6,which online gift
which gift voucher,3,1,551,6,which virtual gift
wholesale gifts online india,4,1,551,5,who online gift
why digital gold is expensive,5,1,551,8,why digital gift
why invitation,2,1,551,5,why digital invitation
why online shopping is good,5,1,551,6,why online gift
why virtual,2,1,551,5,why virtual gift
yosemite online gift shop,4,1,551,11,online gift y
#digitalinvitation,1,1,550,5,digital invitation 2027
benefits of digital invitations,4,1,550,6,why digital invitation
best digital invitation free,4,1,550,13,digital invitation best
best gifts online purchase,4,1,550,8,send gift online best
best online birthday gift for girlfriend,6,1,550,8,which online gift ideas for girlfriend
best online gift shop in pakistan,6,1,550,15,online gift best
best virtual gift cards to send,6,1,550,15,virtual gift best
best virtual gifts for boyfriend,5,1,550,6,which virtual gift for boyfriend
buy online gift card online,5,1,550,15,online gift online
can i buy online costco gift card,7,1,550,14,can i online gift
can i present digital national id,6,1,550,15,can i digital gift
can i send an xbox gift card online,8,1,550,15,can i send gift online
digital apple gift card $5,5,1,550,15,digital gift app
digital creator gift ideas,4,1,550,12,digital gift maker
digital dinosaur invitations,3,1,550,15,digital invitation d
digital engagement invitation video,4,1,550,15,digital invitation e
digital eshop gift card nintendo,5,1,550,15,digital gift e
digital gift card for kroger,5,1,550,13,digital gift ideas k
digital gift card for next,5,1,550,15,digital gift ideas n
digital gift card for temu,5,1,550,15,digital gift ideas t
digital gift card home goods,5,1,550,15,digital gift h
digital gift card just eat,5,1,550,15,digital gift j
digital gift card walmart,4,1,550,15,digital gift n
digital gift cards for dad,5,1,550,15,digital gift ideas d
digital gift ideas for long distance girlfriend,7,1,550,15,digital gift ideas for
digital gift xbox gift card,5,1,550,14,digital gift g
digital gifts for him,4,1,550,15,digital gift
digital gifts under 2000,4,1,550,5,digital gift 2027
digital gujarati invitation card,4,1,550,15,digital invitation g
digital holiday invitations,3,1,550,15,digital invitation h
digital invitation baby birthday,4,1,550,15,digital invitation b
digital invitation card maker free,5,1,550,15,digital invitation c
digital invitation card making online,5,1,550,15,digital invitation online
digital invitation card price,4,1,550,15,digital invitation 
digital invitation for marriage,4,1,550,15,digital invitation for
digital invitation princess,3,1,550,15,digital invitation p
digital invitation video template free,5,1,550,15,digital invitation v
digital invitations free quinceanera,4,1,550,15,digital invitation q
digital invite to baby shower,5,1,550,15,digital invitation t
digital labubu invitation,3,1,550,15,digital invitation l
digital lidl gift card,4,1,550,15,digital gift l
digital minecoins gift card,4,1,550,15,digital gift m
digital nerf invitations,3,1,550,15,digital invitation n
digital pandora gift card,4,1,550,15,digital gift p
digital roblox gift card canada,5,1,550,15,digital gift r
digital shadi invitation card,4,1,550,15,digital invitation s
digital switch gift card,4,1,550,15,digital gift s
digital visa gift card amazon,5,1,550,15,digital gift v
digital wedding invitation free download,5,1,550,15,digital invitation free
digital wedding invitations joy,4,1,550,15,digital invitation j
digital wedding invitations on zola,5,1,550,15,digital invitation o
digital xbox gift card 15,5,1,550,15,digital gift x
e gift card ideas for her,6,1,550,14,online gift ideas for girlfriend 
e gift roblox card,4,1,550,15,virtual gift r
e gift walmart,3,1,550,15,virtual gift w
e uber gift card,4,1,550,15,virtual gift u
electronic gift for staff,4,1,550,15,digital gift ideas s
electronic gift items under 4000,5,1,550,15,digital gift ideas u
free gift template word,4,1,550,9,digital gift template
free invitation without watermark,4,1,550,10,digital invitation without
free online gift certificate template christmas,6,1,550,12,online gift template
gift 20000,2,1,550,5,online gift 2027
gift card without otp,4,1,550,10,online gift without
gift digital gold online,4,1,550,15,digital gift online
gift for girlfriend online india,5,1,550,9,can i online gift ideas for girlfriend
gift virtual gift,3,1,550,14,virtual gift g
gifts online zepto,3,1,550,15,online gift z
how to buy digital gift card xbox,7,1,550,15,how digital gift
how to send digital invitations for free,7,1,550,15,how digital invitation
how to send online gift,5,1,550,15,how online gift
how to send online gift to canada from india,9,1,550,15,how send gift online
how to send virtual gift on instagram,7,1,550,11,how virtual gift
is any gift,3,1,550,7,is it digital gift
on virtual gift card,4,1,550,11,virtual gift o
online apple gift card uk,5,1,550,15,online gift app
online appointment invitation card,4,1,550,15,digital invitation app
online buying of gift card,5,1,550,15,online gift o
online e gift card visa,5,1,550,15,online gift e
online gif maker from text,5,1,550,15,online gift maker
online gift birthday card,4,1,550,15,online gift b
online gift card free people,5,1,550,15,online gift free
online gift card qr code,5,1,550,15,online gift q
online gift cards to send,5,1,550,15,online gift n
online gift delivery in udaipur,5,1,550,15,online gift d
online gift for birthday girl,5,1,550,15,digital gift ideas b
online gift for girlfriend link,5,1,550,15,online gift for
online gift for husband on anniversary,6,1,550,15,digital gift ideas h
online gift for mom,4,1,550,15,digital gift ideas m
online gift for wedding anniversary,5,1,550,15,digital gift ideas w
online gift gift cards,4,1,550,15,online gift g
online gift kochi,3,1,550,15,virtual gift k
online gift registry for baby shower,6,1,550,15,digital gift ideas r
online gift shop business ideas,5,1,550,15,online gift s
online gift shops in pakistan,5,1,550,15,virtual gift s
online gift voucher india,4,1,550,8,online gift 2026
online gift vouchers for your business,6,1,550,15,digital gift ideas v
online gift vouchers malta,4,1,550,15,online gift v
online gifts for women,4,1,550,15,online gift
online gifts women,3,1,550,15,online gift w
online girlfriend birthday gift,4,1,550,9,online gift ideas for girlfriend b
online hannaford gift card,4,1,550,15,virtual gift h
online ikea gift card,4,1,550,15,virtual gift i
online invitation kids,3,1,550,15,digital invitation k
online invitation maker free for house warming,7,1,550,15,digital invitation maker
online invitation with link,4,1,550,15,digital invitation with
online jewellery gifts for women,5,1,550,15,online gift j
online kindle gift card,4,1,550,15,online gift k
online love gift,3,1,550,15,digital gift ideas l
online lowes gift card,4,1,550,15,online gift l
online minecraft gift card,4,1,550,15,online gift m
online ps5 gift card,4,1,550,15,online gift p
online rewards gift cards,4,1,550,15,online gift r
online temu gift card,4,1,550,15,online gift t
online uber gift card purchase,5,1,550,15,online gift u
online upanayanam invitation card maker,5,1,550,15,digital invitation u
online xmas gift cards,4,1,550,12,virtual gift x
order online with gift card,5,1,550,15,online gift with
pakistan gift online send gifts to pakistan,7,1,550,15,send gift online g
send gift to pakistan from uk online,7,1,550,15,send gift online u
send gifts online canada,4,1,550,10,send gift online j
send gifts online same day,5,1,550,14,send gift online e
send gifts online same day delivery india,7,1,550,15,send gift online s
send gifts online surat,4,1,550,5,send gift online q
send gifts online to germany,5,1,550,15,send gift online t
send gifts online to usa,5,1,550,10,send gift online y
send gifts to india 24x7,5,1,550,4,send gift online 2027
send gifts to pakistan online gift delivery in pakistan,9,1,550,15,send gift online p
send lohri gifts online,4,1,550,14,send gift online l
send online dutch bros gift card,6,1,550,15,send gift online d
send online gift certificate,4,1,550,15,send gift online c
send online gift to pakistan,5,1,550,15,send gift online in
send raksha bandhan gifts online,5,1,550,11,send gift online r
send valentine's day gifts online,5,1,550,13,send gift online v
send virtual gift free,4,1,550,15,virtual gift free
virtual birthday gift ideas,4,1,550,15,virtual gift b
virtual ea gift card,4,1,550,15,virtual gift e
virtual gift card balance visa,5,1,550,15,virtual gift n
virtual gift card maker free,5,1,550,13,virtual gift maker
virtual gift card online only,5,1,550,15,virtual gift online
virtual gift card visa,4,1,550,15,virtual gift d
virtual gift cards amazon,4,1,550,15,virtual gift c
virtual gift for girlfriend day,5,1,550,15,virtual gift for
virtual gift love letter,4,1,550,12,virtual gift l
virtual gifting ideas,3,1,550,3,virtual gift 2027
virtual gifts in india,4,1,550,12,virtual gift in
virtual monthsary gift,3,1,550,15,virtual gift m
website to send gifts online,5,1,550,14,send gift online w
what is a visa online gift card,7,1,550,8,what online gift
what is paypal digital gift card,6,1,550,15,what digital gift
what to gift online,4,1,550,12,what virtual gift
whatsapp digital invitation size,4,1,550,11,what digital invitation
where can i get digital invitations,6,1,550,13,can i digital invitation
which digital gold is best to buy,7,1,550,8,which digital gift
which online grocery is cheapest,5,1,550,7,which online gift
which virtual assistant,3,1,550,7,which virtual gift
who gift box,3,1,550,6,who online gift
why digital gold is bad,5,1,550,9,why digital gift
why gift voucher,3,1,550,6,why virtual gift
why online shopping is not good,6,1,550,7,why online gift
ysl online gift card,4,1,550,12,online gift y
