suggestion,words,prefix_hits,relevance,best_rank,source_prefixes
wish page,2,18,601,1,wish page  | wish page d | wish page f | wish page h | wish page k | wish page n | wish page p | wish page r | wish page s | wish page t | wish page u | wish page v | wish page free | wish page online | wish page in | wish page app | wish page maker | how wish page
birthday page for friend,4,15,601,1,birthday page for a | birthday page for e | birthday page for f | birthday page for j | birthday page for k | birthday page for n | birthday page for o | birthday page for p | birthday page for q | birthday page for r | birthday page for u | birthday page for best | birthday page for free | birthday page for online | birthday page for with
birthday page for journal,4,14,601,1,birthday page for | birthday page for  | birthday page for a | birthday page for e | birthday page for i | birthday page for j | birthday page for n | birthday page for o | birthday page for q | birthday page for r | birthday page for u | birthday page for v | birthday page for with | birthday page for app
how to send gift online in india,7,14,601,1,how to send gift online | how to send gift online  | how to send gift online i | how to send gift online n | how to send gift online with | how to send gift online for | how to send gift online in | how how to send gift online | what how to send gift online | when how to send gift online | why how to send gift online | which how to send gift online | who how to send gift online | is it how to send gift online
how to send gifts online in australia,7,14,601,1,how to send gift online | how to send gift online  | how to send gift online a | how to send gift online i | how to send gift online n | how to send gift online with | how to send gift online for | how to send gift online in | how how to send gift online | what how to send gift online | when how to send gift online | why how to send gift online | which how to send gift online | who how to send gift online
how to send gifts online in pune,7,14,601,1,how to send gift online | how to send gift online  | how to send gift online i | how to send gift online n | how to send gift online p | how to send gift online with | how to send gift online for | how to send gift online in | how how to send gift online | what how to send gift online | when how to send gift online | why how to send gift online | which how to send gift online | who how to send gift online
how to send gift online in usa,7,14,600,2,how to send gift online | how to send gift online  | how to send gift online i | how to send gift online n | how to send gift online with | how to send gift online for | how to send gift online in | how how to send gift online | what how to send gift online | when how to send gift online | why how to send gift online | which how to send gift online | who how to send gift online | is it how to send gift online
how to send online gift cards,6,14,560,5,how to send gift online | how to send gift online  | how to send gift online g | how to send gift online k | how to send gift online o | how to send gift online q | how to send gift online r | how to send gift online v | how to send gift online w | how to send gift online x | how to send gift online free | how to send gift online app | how how to send gift online | why how to send gift online
birthday page ideas,3,14,553,5,birthday page for a | birthday page for e | birthday page for i | birthday page for j | birthday page for n | birthday page for o | birthday page for q | birthday page for r | birthday page for u | birthday page for best | birthday page for with | birthday page for in | birthday page for app | birthday page for maker
wish explained,2,12,558,3,wish page d | wish page h | wish page k | wish page m | wish page p | wish page r | wish page s | wish page t | wish page u | wish page v | wish page y | wish page in
how to send gifts online to delhi,7,10,601,1,how to send gift online  | how to send gift online d | how to send gift online h | how to send gift online l | how to send gift online t | how to send gift online with | how to send gift online for | what how to send gift online | when how to send gift online | is it how to send gift online
birthday page layout,3,10,559,3,birthday page for a | birthday page for i | birthday page for j | birthday page for k | birthday page for l | birthday page for n | birthday page for p | birthday page for r | birthday page for u | birthday page for app
wish definition,2,10,558,3,wish page d | wish page f | wish page h | wish page k | wish page r | wish page s | wish page u | wish page v | wish page y | wish page in
how to send online gifts for birthday,7,9,601,1,how to send gift online | how to send gift online  | how to send gift online b | how to send gift online d | how to send gift online f | how to send gift online h | how to send gift online with | how to send gift online for | how how to send gift online
how do i make a digital card,7,9,600,2,digital card for q | digital card for x | digital card for y | digital card for z | digital card for with | digital card for for | digital card for without | digital card for 2026 | what digital card for
birthday page design,3,9,561,4,birthday page for a | birthday page for d | birthday page for e | birthday page for n | birthday page for v | birthday page for best | birthday page for online | birthday page for with | birthday page for app
wishlist page design template,4,9,553,12,wish page d | wish page f | wish page m | wish page p | wish page r | wish page s | wish page t | wish page v | wish page online
wishlist page template,3,9,553,8,wish page a | wish page f | wish page m | wish page n | wish page p | wish page r | wish page t | wish page v | wish page online
love website design,3,8,1250,1,love website | love website  | love website d | love website x | love website z | love website best | love website with | love website maker
birthday page for instagram,4,8,601,1,birthday page for | birthday page for  | birthday page for i | birthday page for o | birthday page for q | birthday page for u | birthday page for in | birthday page for app
how to send gift delivery on uber eats,8,8,601,1,how to send gift online | how to send gift online  | how to send gift online e | how to send gift online o | how to send gift online u | how to send gift online with | how to send gift online for | how to send gift online in
how to send gift online,5,8,601,1,how to send gift online  | how how to send gift online | what how to send gift online | when how to send gift online | why how to send gift online | which how to send gift online | who how to send gift online | is it how to send gift online
how to send gifts online in india,7,8,601,1,how to send gift online d | how to send gift online e | how to send gift online h | how to send gift online l | how to send gift online q | how to send gift online free | how to send gift online 2026 | how to send gift online 2027
how to send gifts to someone,6,8,600,2,how to send gift online d | how to send gift online h | how to send gift online q | how to send gift online for | when how to send gift online | why how to send gift online | which how to send gift online | who how to send gift online
ways to give surprise gift,5,8,600,2,how to surprise e | how to surprise n | how to surprise q | how to surprise r | how to surprise u | how to surprise x | how to surprise free | can i how to surprise
how to surprise anyone,4,8,553,12,how to surprise e | how to surprise n | how to surprise q | how to surprise r | how to surprise u | how to surprise x | how to surprise z | how to surprise app
wishlist page code,3,8,553,8,wish page a | wish page k | wish page m | wish page n | wish page p | wish page r | wish page v | wish page in
digital card for wedding free,5,7,601,2,digital card for | digital card for  | digital card for f | digital card for w | digital card for free | digital card for with | digital card for without
how to send gift to someone online,7,7,601,1,how to send gift online s | how to send gift online w | how to send gift online x | how to send gift online free | how to send gift online with | how to send gift online app | who how to send gift online
how to send birthday gift online in india,8,7,560,3,how to send gift online b | how to send gift online i | how to send gift online n | how to send gift online with | how to send gift online for | how to send gift online in | how how to send gift online
how to send online gifts in canada,7,7,560,5,how to send gift online | how to send gift online  | how to send gift online i | how to send gift online n | how to send gift online with | how to send gift online for | how how to send gift online
how do i create a digital card,7,7,556,9,digital card for q | digital card for x | digital card for y | digital card for z | digital card for with | digital card for for | digital card for 2026
how to surprise,3,7,556,9,how to surprise e | how to surprise j | how to surprise n | how to surprise u | how to surprise z | how to surprise app | can i how to surprise
digital card for birthday,4,6,1250,1,digital card for | digital card for  | digital card for b | digital card for x | digital card for y | digital card for z
love website for girlfriend,4,6,1250,1,love website | love website  | love website f | love website with | love website for | love website in
love website maker,3,6,1250,1,love website | love website  | love website m | love website z | love website online | love website with
love website for girlfriend free,5,6,700,2,love website | love website  | love website f | love website with | love website for | love website in
birthday page design for instagram,5,6,601,1,birthday page for d | birthday page for e | birthday page for i | birthday page for q | birthday page for v | birthday page for in
birthday page design template,4,6,600,2,birthday page for d | birthday page for t | birthday page for best | birthday page for free | birthday page for online | birthday page for template
how to send gifts online from india to usa,9,6,600,2,how to send gift online  | how to send gift online f | how to send gift online i | how to send gift online with | how to send gift online for | how to send gift online 2026
love website for boyfriend,4,6,600,5,love website | love website  | love website f | love website with | love website for | love website in
birthday page frame,3,6,559,6,birthday page for f | birthday page for j | birthday page for k | birthday page for r | birthday page for v | birthday page for free
how to surprise someone,4,6,559,6,how to surprise j | how to surprise r | how to surprise s | how to surprise u | how to surprise x | who how to surprise
how to send valentine gift online in india,8,6,558,7,how to send gift online i | how to send gift online n | how to send gift online v | how to send gift online with | how to send gift online for | how to send gift online in
birthday answers,2,6,556,4,birthday page for a | birthday page for k | birthday page for n | birthday page for o | birthday page for r | birthday page for u
how to surprise everyone,4,6,554,11,how to surprise e | how to surprise n | how to surprise q | how to surprise r | how to surprise u | how to surprise z
how to send an online gift,6,6,552,4,how to send gift online e | how to send gift online o | how to send gift online q | how to send gift online v | how to send gift online w | how to send gift online app
how to send online gifts in india,7,6,552,8,how to send gift online g | how to send gift online k | how to send gift online o | how to send gift online w | how to send gift online x | how to send gift online app
love website template free download,5,5,1250,2,love website | love website  | love website t | love website maker | love website template
digital card for birthday invitation,5,5,602,3,digital card for | digital card for  | digital card for b | digital card for i | digital card for in
birthday website for best friend,5,5,601,1,birthday page for | birthday page for  | birthday page for b | birthday page for f | birthday page for best
wish list page design,4,5,600,2,wish page | wish page  | wish page d | wish page l | wish page p
what gifts can i send online,6,5,551,6,what how to send gift online | when how to send gift online | why how to send gift online | which how to send gift online | who how to send gift online
how to surprise wife on her birthday,7,4,1252,1,how to surprise | how to surprise  | how to surprise o | how to surprise w
how to surprise boyfriend on his birthday,7,4,1251,1,how to surprise | how to surprise  | how to surprise b | how to surprise o
digital card for anniversary,4,4,1250,1,digital card for | digital card for  | digital card for a | digital card for y
digital card for engagement,4,4,1250,1,digital card for | digital card for  | digital card for e | digital card for q
how to surprise for birthday,5,4,1250,2,how to surprise | how to surprise  | how to surprise f | how to surprise for
love website link,3,4,1250,1,love website | love website  | love website l | love website z
how to surprise husband on anniversary,6,4,1200,3,how to surprise | how to surprise  | how to surprise h | how to surprise o
love website maker free,4,4,1200,2,love website | love website  | love website m | love website maker
love website free,3,4,1100,2,love website | love website  | love website f | love website online
digital card for business,4,4,800,2,digital card for | digital card for  | digital card for b | digital card for for
love website template free,4,4,800,3,love website | love website  | love website t | love website template
how to surprise husband with pregnancy news,7,4,602,6,how to surprise | how to surprise  | how to surprise h | how to surprise n
how to send gift card online amazon,7,4,601,1,how to send gift online | how to send gift online a | how to send gift online c | how how to send gift online
how to surprise on valentine's day,6,4,601,3,how to surprise o | how to surprise v | how to surprise for | how to surprise in
love website for boyfriend free,5,4,601,4,love website | love website  | love website f | love website for
what is digital card for thailand,6,4,601,1,how digital card for | what digital card for | why digital card for | is it digital card for
wish book page count,4,4,601,1,wish page | wish page  | wish page b | wish page c
wish coloring pages free printable,5,4,601,1,wish page | wish page c | wish page f | wish page free
birthday coloring page for kids,5,4,600,2,birthday page for | birthday page for  | birthday page for c | birthday page for k
love web meaning,3,4,600,4,love website m | love website x | love website z | love website with
what is digital card for,5,4,600,2,how digital card for | what digital card for | why digital card for | is it digital card for
birthday coloring page for dad,5,4,562,3,birthday page for | birthday page for  | birthday page for c | birthday page for d
what is digital card for debit,6,4,562,3,how digital card for | what digital card for | why digital card for | is it digital card for
birthday website for girlfriend free,5,4,561,4,birthday page for | birthday page for  | birthday page for f | birthday page for g
birthday page background,3,4,559,6,birthday page for b | birthday page for p | birthday page for best | birthday page for with
how to send gift cards online to india from usa,10,4,558,7,how to send gift online f | how to send gift online i | how to send gift online u | how to send gift online in
surprise ideas for her,4,4,557,8,how to surprise e | how to surprise j | how to surprise r | how to surprise best
wish and wishes meaning,4,4,555,10,wish page a | wish page m | wish page v | wish page y
how to surprise a person,5,4,552,13,how to surprise e | how to surprise j | how to surprise u | how to surprise app
wishlist page html,3,4,552,8,wish page h | wish page r | wish page t | wish page in
digital card for malaysia,4,3,1251,1,digital card for | digital card for  | digital card for m
how to surprise husband on birthday,6,3,1251,1,how to surprise | how to surprise  | how to surprise h
how to surprise wife,4,3,1251,2,how to surprise | how to surprise  | how to surprise w
love website generator,3,3,1251,1,love website | love website  | love website g
love website template,3,3,1251,1,love website | love website  | love website t
digital card for farewell,4,3,1250,1,digital card for | digital card for  | digital card for f
digital card for girlfriend,4,3,1250,1,digital card for | digital card for  | digital card for g
digital card for house warming,5,3,1250,1,digital card for | digital card for  | digital card for h
digital card for marriage,4,3,1250,2,digital card for | digital card for  | digital card for m
digital card for naming ceremony,5,3,1250,1,digital card for | digital card for  | digital card for n
digital card for thailand,4,3,1250,1,digital card for | digital card for  | digital card for t
digital card for wedding,4,3,1250,1,digital card for | digital card for  | digital card for w
how to surprise husband,4,3,1250,2,how to surprise | how to surprise  | how to surprise h
how to surprise wife on wedding anniversary,7,3,1250,3,how to surprise | how to surprise  | how to surprise w
love website github,3,3,1250,2,love website | love website  | love website g
love website creator,3,3,1202,1,love website | love website  | love website c
how to surprise your boyfriend,5,3,1150,2,how to surprise | how to surprise  | how to surprise y
how to surprise mom on her birthday,7,3,1051,2,how to surprise | how to surprise  | how to surprise m
how to surprise my wife,5,3,751,4,how to surprise | how to surprise  | how to surprise m
how to surprise husband at home,6,3,700,5,how to surprise | how to surprise  | how to surprise h
birthday cover page for album,5,3,601,1,birthday page for | birthday page for a | birthday page for c
birthday page cover,3,3,601,1,birthday page for c | birthday page for k | birthday page for v
birthday website for boyfriend,4,3,601,1,birthday page for | birthday page for  | birthday page for b
birthday website for her,4,3,601,1,birthday page for | birthday page for  | birthday page for h
digital card for boyfriend,4,3,601,4,digital card for | digital card for  | digital card for b
digital card for cash app,5,3,601,5,digital card for a | digital card for c | digital card for app
digital card maker for wedding,5,3,601,1,digital card for m | digital card for w | digital card for maker
how to send gift hamper online,6,3,601,1,how to send gift online | how to send gift online h | how how to send gift online
how to send gift online to usa,7,3,601,1,how to send gift online t | how to send gift online u | how to send gift online x
how to send gift voucher online,6,3,601,1,how to send gift online | how to send gift online v | how how to send gift online
how to send gifts online to mumbai,7,3,601,1,how to send gift online  | how to send gift online m | how to send gift online t
how to surprise with concert tickets,6,3,601,1,how to surprise w | how to surprise with | how to surprise for
page wish reading lamp,4,3,601,1,wish page | wish page  | wish page r
wish list page,3,3,601,1,wish page | wish page  | wish page l
wish page count,3,3,601,1,wish page | wish page  | wish page c
wish page genshin,3,3,601,1,wish page | wish page  | wish page g
wishes page design,3,3,601,1,wish page | wish page  | wish page d
birthday page border free,4,3,600,2,birthday page for b | birthday page for f | birthday page for free
birthday website for friend,4,3,600,2,birthday page for | birthday page for  | birthday page for f
birthday website for girlfriend,4,3,600,2,birthday page for | birthday page for  | birthday page for g
birthday website for long distance,5,3,600,2,birthday page for | birthday page for  | birthday page for l
digital card for shop,4,3,600,3,digital card for q | digital card for s | digital card for for
digital card for wedding invitation,5,3,600,3,digital card for i | digital card for w | digital card for in
how to send gifts online to philippines,7,3,600,2,how to send gift online  | how to send gift online p | how to send gift online t
how to send gifts online to uk,7,3,600,2,how to send gift online  | how to send gift online t | how to send gift online u
how to send valentine gift online,6,3,600,2,how to send gift online | how to send gift online v | how how to send gift online
love 2020 review,3,3,600,2,love website x | love website best | love website 2026
wish coloring pages free,4,3,600,2,wish page c | wish page f | wish page free
wish granted page 5,4,3,600,2,wish page | wish page  | wish page g
birthday website for boyfriend github,5,3,562,3,birthday page for | birthday page for  | birthday page for b
birthday website for free,4,3,562,3,birthday page for | birthday page for  | birthday page for f
birthday website for girlfriend github,5,3,562,3,birthday page for | birthday page for  | birthday page for g
how to send gifts online to ahmedabad,7,3,562,3,how to send gift online  | how to send gift online a | how to send gift online t
love island website application,4,3,562,3,love website a | love website i | love website app
digital card for wedding free download,6,3,561,4,digital card for w | digital card for free | digital card for without
digital card maker for free,5,3,561,4,digital card for m | digital card for free | digital card for maker
how to surprise with a trip,6,3,561,4,how to surprise w | how to surprise with | how to surprise for
what is a digital card for instacart,7,3,561,4,how digital card for | what digital card for | why digital card for
what is digital card in roblox,6,3,561,4,how digital card for | what digital card for | why digital card for
birthday website for girlfriend template,5,3,560,5,birthday page for g | birthday page for t | birthday page for template
how to surprise on birthday midnight,6,3,560,5,how to surprise o | how to surprise for | how to surprise in
how to surprise with a puppy,6,3,560,5,how to surprise w | how to surprise with | how to surprise for
love letter website with music,5,3,560,5,love website l | love website w | love website with
love website for free,4,3,560,4,love website with | love website for | love website in
love website for girlfriend github,5,3,560,5,love website f | love website for | love website in
what is digital card in uk,6,3,560,5,how digital card for | what digital card for | why digital card for
digital card for business online,5,3,559,6,digital card for b | digital card for o | digital card for online
digital card for marriage invitation,5,3,559,6,digital card for i | digital card for m | digital card for in
how to surprise your boyfriend with a romantic night,9,3,559,6,how to surprise n | how to surprise r | how to surprise y
birthday wish page,3,3,558,7,wish page | wish page  | wish page b
how to send money gift online,6,3,558,3,how to send gift online | how to send gift online m | how how to send gift online
ramayan wish page,3,3,558,6,wish page | wish page  | wish page r
birthday card front page ideas,5,3,557,5,birthday page for p | birthday page for best | birthday page for with
birthday invites examples,3,3,556,3,birthday page for i | birthday page for q | birthday page for in
what is digital arrival card for thailand,7,3,556,9,how digital card for | what digital card for | why digital card for
wish make a sentence,4,3,556,5,wish page k | wish page m | wish page y
last wish page count,4,3,555,10,wish page | wish page  | wish page c
how to surprise me,4,3,553,10,how to surprise q | how to surprise r | how to surprise maker
love website com,3,3,553,4,love website x | love website z | love website best
how to surprise m,4,3,552,5,how to surprise j | how to surprise n | how to surprise x
how to surprise others,4,3,552,13,how to surprise e | how to surprise q | how to surprise u
love website templates,3,3,551,6,love website x | love website best | love website maker
wishlist page design html css,5,3,551,9,wish page d | wish page h | wish page v
how to surprise a friend on her birthday,8,2,1251,2,how to surprise | how to surprise a
digital card for best friend,5,2,1250,1,digital card for b | digital card for best
digital card for online payment,5,2,1250,1,digital card for o | digital card for online
how to surprise best friend on her birthday,8,2,1250,1,how to surprise b | how to surprise best
how to surprise online friend for birthday,7,2,1250,2,how to surprise o | how to surprise online
how to surprise your husband,5,2,1250,1,how to surprise  | how to surprise y
digital card for invitation,4,2,1201,1,digital card for i | digital card for in
digital card for independence day,5,2,1200,2,digital card for i | digital card for in
how to surprise best friend on friendship day,8,2,1000,2,how to surprise b | how to surprise best
how to surprise in theatre,5,2,950,1,how to surprise i | how to surprise in
digital card for credit one,5,2,752,2,digital card for c | digital card for o
how to surprise someone online,5,2,700,3,how to surprise s | how to surprise online
how to surprise birthday,4,2,650,3,how to surprise b | how to surprise z
how to surprise friend on birthday,6,2,602,6,how to surprise f | how to surprise o
how to surprise wife at home,6,2,602,4,how to surprise w | how to surprise without
birthday coloring pages for free,5,2,601,1,birthday page for f | birthday page for free
birthday page template,3,2,601,1,birthday page for t | birthday page for template
birthday pagemaker,2,2,601,1,birthday page for m | birthday page for maker
birthday website for girlfriend reddit,5,2,601,1,birthday page for g | birthday page for r
birthday website online,3,2,601,1,birthday page for o | birthday page for online
birthday website with rsvp,4,2,601,1,birthday page for w | birthday page for with
digital card 2024,3,2,601,1,digital card for 2026 | digital card for 2027
digital card for apple wallet,5,2,601,1,digital card for a | digital card for app
digital card for free trials,5,2,601,6,digital card for f | digital card for free
digital card for griha pravesh,5,2,601,2,digital card for g | digital card for p
digital card for instacart,4,2,601,3,digital card for i | digital card for in
digital card for navy federal,5,2,601,2,digital card for f | digital card for n
digital card online for wedding,5,2,601,2,digital card for o | digital card for online
how to send gift through online,6,2,601,1,how to send gift online t | how to send gift online in
how to send online apple gift card,7,2,601,1,how to send gift online a | how to send gift online app
how to surprise best friend on her birthday online,9,2,601,3,how to surprise b | how to surprise best
how to surprise in laws with pregnancy,7,2,601,2,how to surprise i | how to surprise in
how to surprise parents with pregnancy news,7,2,601,2,how to surprise n | how to surprise p
how to surprise royal envoy sims 4,7,2,601,2,how to surprise e | how to surprise r
how to surprise wife on anniversary,6,2,601,5,how to surprise o | how to surprise w
love inc website,3,2,601,1,love website i | love website in
love website name,3,2,601,1,love website n | love website with
love website template github,4,2,601,4,love website t | love website template
love's website app,3,2,601,2,love website a | love website app
love's website or app,4,2,601,1,love website o | love website v
wish book page number,4,2,601,1,wish page b | wish page n
wish coloring pages pdf,4,2,601,1,wish page c | wish page p
wish maker site,3,2,601,1,wish page m | wish page maker
wish tree page count,4,2,601,1,wish page c | wish page t
birthday page bullet journal,4,2,600,2,birthday page for b | birthday page for j
birthday page design for girl,5,2,600,2,birthday page for d | birthday page for g
birthday page scrapbook ideas,4,2,600,2,birthday page for i | birthday page for s
birthday website maker for free,5,2,600,2,birthday page for m | birthday page for maker
birthday website with song,4,2,600,2,birthday page for w | birthday page for with
create digital card for free,5,2,600,2,digital card for f | digital card for free
digital arrival card for india,5,2,600,4,digital card for i | digital card for in
digital card for bank of america,6,2,600,3,digital card for b | digital card for o
digital card for group to sign,6,2,600,3,digital card for g | digital card for t
digital card for new year,5,2,600,2,digital card for n | digital card for y
digital card maker for birthday,5,2,600,2,digital card for m | digital card for maker
happy birthday website for friend,5,2,600,2,birthday page for f | how birthday page for
how to buy and send apple gift card online,9,2,600,2,how to send gift online b | how to send gift online app
how to send a gift from walmart online,8,2,600,2,how to send gift online f | how to send gift online w
how to send gift card on nykaa online,8,2,600,2,how to send gift online n | how to send gift online o
how to send gift to online friend,7,2,600,2,how to send gift online f | how to send gift online t
how to send gifts online to usa,7,2,600,2,how to send gift online 2026 | how to send gift online 2027
how to send gifts outside india,6,2,600,2,how to send gift online 2026 | how to send gift online 2027
how to send razer gold gift card online,8,2,600,2,how to send gift online g | how to send gift online r
how to send someone xbox gift card online,8,2,600,2,how to send gift online s | how to send gift online x
how to send wedding gift money online,7,2,600,2,how to send gift online m | how to send gift online w
how to surprise best friend with pregnancy,7,2,600,4,how to surprise b | how to surprise best
how to surprise family with pregnancy news,7,2,600,8,how to surprise f | how to surprise n
how to surprise husband on birthday at home,8,2,600,6,how to surprise | how to surprise 
how to surprise in bg3,5,2,600,3,how to surprise i | how to surprise in
how to surprise on anniversary,5,2,600,4,how to surprise o | how to surprise in
how to surprise someone with concert tickets,7,2,600,5,how to surprise c | how to surprise s
how to surprise with pregnancy,5,2,600,2,how to surprise w | how to surprise with
love island website vote,4,2,600,2,love website i | love website v
love letter website free,4,2,600,3,love website l | love website free
love letter website maker,4,2,600,3,love website l | love website maker
love proposal website template,4,2,600,4,love website p | love website template
wish coloring page,3,2,600,2,wish page  | wish page c
wish pamphlet,2,2,600,2,wish page free | wish page maker
wish upon a page stencil,5,2,600,2,wish page a | wish page s
digital business card for free,5,2,562,3,digital card for f | digital card for free
digital card for apple,4,2,562,3,digital card for a | digital card for app
digital card maker for business,5,2,562,3,digital card for m | digital card for maker
how to surprise with disney trip,6,2,562,3,how to surprise with | how to surprise for
love india website,3,2,562,3,love website i | love website in
wish colouring page,3,2,562,3,wish page  | wish page c
wish granted page 4,4,2,562,3,wish page  | wish page g
birthday coloring page for mom,5,2,561,4,birthday page for c | birthday page for m
birthday pages to color,4,2,561,4,birthday page for  | birthday page for t
digital business card for apple wallet,6,2,561,4,digital card for a | digital card for app
digital card for group to sign free,7,2,561,4,digital card for g | digital card for t
happy birthday website for boyfriend,5,2,561,4,birthday page for b | how birthday page for
how to send online gift to canada from india,9,2,561,4,how to send gift online f | how to send gift online t
how to send starbucks gift card online philippines,8,2,561,3,how to send gift online p | how to send gift online s
how to surprise gender reveal,5,2,561,4,how to surprise g | how to surprise r
how to surprise in dnd,5,2,561,4,how to surprise i | how to surprise in
love island website usa,4,2,561,4,love website i | love website u
love web page,3,2,561,4,love website p | love website x
digital birthday card for free,5,2,560,5,digital card for f | digital card for free
digital card for capital one,5,2,560,5,digital card for c | digital card for o
digital card for thank you,5,2,560,5,digital card for t | digital card for y
digital card for wedding video,5,2,560,5,digital card for w | digital card for with
digital disembarkation card for india,5,2,560,5,digital card for i | digital card for in
how to send gift from india to philippines online,9,2,560,4,how to send gift online f | how to send gift online p
how to send online gifts from india to australia,9,2,560,5,how to send gift online f | how to send gift online i
how to surprise in spanish,5,2,560,5,how to surprise i | how to surprise in
how to surprise my boyfriend for no reason,8,2,560,5,how to surprise n | how to surprise r
best digital card for japan,5,2,559,6,digital card for j | digital card for best
birthday website link for whatsapp,5,2,559,3,birthday page for l | birthday page for w
digital card for defence health,5,2,559,6,digital card for d | digital card for h
digital greeting card for new year,6,2,559,6,digital card for n | digital card for y
digital invitation card for free,5,2,559,6,digital card for f | digital card for free
digital sim card for new zealand,6,2,559,3,digital card for n | digital card for z
every wish redeem page not working,6,2,559,5,wish page n | wish page r
how to send gifts online to canada,7,2,559,6,how to send gift online c | how to send gift online t
how to send online gifts from india to uk,9,2,559,6,how to send gift online f | how to send gift online u
how to surprise boyfriend on his birthday online,8,2,559,6,how to surprise b | how to surprise online
how to surprise in birthday,5,2,559,6,how to surprise i | how to surprise in
how to surprise the spectator bg3,6,2,559,6,how to surprise t | how to surprise for
how to surprise with a holiday,6,2,559,6,how to surprise w | how to surprise with
love bali website app,4,2,559,6,love website a | love website app
love website for girlfriend code,5,2,559,6,love website f | love website for
what is digital card in wise,6,2,559,6,how digital card for | why digital card for
birthday page border design,4,2,558,7,birthday page for b | birthday page for d
birthday website maker,3,2,558,3,birthday page for m | birthday page for maker
birthday website template,3,2,558,7,birthday page for t | birthday page for template
digital arrival card for indonesia,5,2,558,7,digital card for i | digital card for in
digital card for baby shower,5,2,558,7,digital card for b | digital card for s
digital card for birthday online free,6,2,558,7,digital card for b | digital card for online
happy birthday coloring page for aunt,6,2,558,4,birthday page for a | how birthday page for
happy birthday coloring page for kids,6,2,558,7,birthday page for k | how birthday page for
how to send birthday gifts online to usa,8,2,558,5,how to send gift online b | how to send gift online u
how to send online gift to usa from india,9,2,558,3,how to send gift online t | how to send gift online u
how to send playstation gift card online,7,2,558,6,how to send gift online c | how to send gift online p
how to surprise a girlfriend,5,2,558,7,how to surprise a | how to surprise app
how to surprise in dnd 5e,6,2,558,7,how to surprise i | how to surprise in
love from website,3,2,558,6,love website f | love website with
love website for couples,4,2,558,7,love website f | love website for
wish upon a page llc,5,2,558,3,wish page a | wish page l
birthday website maker online free,5,2,557,4,birthday page for m | birthday page for maker
birthday website templates free,4,2,557,8,birthday page for t | birthday page for template
digital card online,3,2,557,8,digital card for o | digital card for online
digital visiting card for free,5,2,557,8,digital card for f | digital card for free
happy birthday coloring page for mom,6,2,557,8,birthday page for m | how birthday page for
how to deliver gifts online,5,2,557,8,how to send gift online | how how to send gift online
how to send a gift card online instantly,8,2,557,8,how to send gift online i | how to send gift online in
how to send a gift from macy's online,8,2,557,4,how to send gift online f | how to send gift online m
how to send online gift to india from canada,9,2,557,8,how to send gift online i | how to send gift online in
how to surprise in movie theatre,6,2,557,8,how to surprise i | how to surprise in
how to surprise with flowers,5,2,557,8,how to surprise w | how to surprise with
how to use digital card,5,2,557,8,digital card for with | digital card for without
one page birthday wishes for best friend,7,2,557,3,birthday page for w | birthday page for best
send gift online free,4,2,557,8,how to send gift online f | how to send gift online free
wish upon a page bleaching stencils,6,2,557,4,wish page a | wish page b
with love website legit,4,2,557,7,love website w | love website with
birthday site maker,3,2,556,5,birthday page for m | birthday page for maker
birthday site template,3,2,556,9,birthday page for t | birthday page for template
digital landing card for india,5,2,556,9,digital card for i | digital card for in
how to send a google play gift card online,9,2,556,4,how to send gift online g | how to send gift online p
how to send food gift cards online,7,2,556,9,how to send gift online c | how to send gift online f
how to surprise a wife,5,2,556,9,how to surprise a | how to surprise without
how to surprise in long distance relationship,7,2,556,9,how to surprise i | how to surprise in
love website for girlfriend template,5,2,556,9,love website f | love website template
what is first digital card,5,2,556,7,what digital card for | is it digital card for
wish and wishing difference,4,2,556,5,wish page a | wish page v
birthday problem explained,3,2,555,3,birthday page for j | birthday page for in
birthday website maker online,4,2,555,6,birthday page for m | birthday page for maker
digital card online free,4,2,555,10,digital card for o | digital card for online
how to create a famous birthday page,7,2,555,4,birthday page for e | birthday page for app
how to initiate surprise bg3,5,2,555,10,how to surprise i | how to surprise in
how to make a digital card,6,2,555,10,digital card for x | digital card for z
how to send dutch bros gift card online,8,2,555,6,how to send gift online b | how to send gift online d
how to send h&m gift card online,7,2,555,4,how to send gift online h | how to send gift online m
love luxury website uk,4,2,555,10,love website l | love website u
love proposal website free,4,2,555,10,love website p | love website free
wish examples,2,2,555,6,wish page k | wish page m
birthday settings,2,2,554,4,birthday page for i | birthday page for o
birthday website templates free download,5,2,554,11,birthday page for t | birthday page for template
can you find love online,5,2,554,6,love website online | how love website
digital card for birthday free,5,2,554,11,digital card for b | digital card for z
digital card for office,4,2,554,11,digital card for x | digital card for z
digital card for whatsapp,4,2,554,11,digital card for with | digital card for without
digital card invitation maker,4,2,554,11,digital card for i | digital card for in
digital card with nfc,4,2,554,5,digital card for with | digital card for without
digital gift card for apple,5,2,554,11,digital card for a | digital card for app
happy birthday page for instagram story,6,2,554,8,birthday page for h | birthday page for s
how to install surprise,4,2,554,11,how to surprise i | how to surprise in
how to send a home depot gift card online,9,2,554,5,how to send gift online d | how to send gift online h
how to send whole foods gift card online,8,2,554,6,how to send gift online f | how to send gift online w
how to surprise the master librarian,6,2,554,11,how to surprise t | how to surprise for
love strange love review,4,2,554,6,love website best | love website with
make a surprise or do a surprise,7,2,554,9,how to surprise q | how to surprise z
birthday website templates github,4,2,553,12,birthday page for t | birthday page for template
digital card for 25th anniversary,5,2,553,6,digital card for 2026 | digital card for 2027
digital card for wishes,4,2,553,12,digital card for with | digital card for without
digital card online apply,4,2,553,12,digital card for o | digital card for online
how to send an old navy gift card online,9,2,553,3,how to send gift online n | how to send gift online o
how to send gift to uk from india online,9,2,553,12,how to send gift online i | how to send gift online in
love website ideas,3,2,553,7,love website best | love website with
what is digital arrival card for malaysia,7,2,553,8,how digital card for | why digital card for
wishlist page app design,4,2,553,8,wish page a | wish page app
birthday website template canva,4,2,552,13,birthday page for t | birthday page for template
digital card for birthday wishes,5,2,552,10,digital card for b | digital card for z
how to send a visa gift card online in canada,10,2,552,13,how to send gift online i | how to send gift online in
what is digital card in india,6,2,552,13,what digital card for | is it digital card for
wishing website free,3,2,552,3,wish page free | wish page online
wishlist page design bootstrap,4,2,552,13,wish page d | wish page n
birthday website template html,4,2,551,14,birthday page for t | birthday page for template
how to send gift on instagram,6,2,551,9,how to send gift online g | how to send gift online r
wishlist page in shopify,4,2,551,12,wish page a | wish page s
how to surprise with a gift,6,2,550,15,how to surprise w | how to surprise with
how to surprise a girl,5,1,1252,1,how to surprise a
how to surprise child with disney trip for christmas,9,1,1252,1,how to surprise c
how to surprise coworkers about pregnancy,6,1,1251,2,how to surprise c
how to surprise family with pregnancy,6,1,1251,1,how to surprise f
how to surprise girlfriend,4,1,1251,1,how to surprise g
how to surprise kids on birthday,6,1,1251,1,how to surprise k
how to surprise on birthday,5,1,1251,1,how to surprise o
how to surprise someone on their birthday,7,1,1251,1,how to surprise s
when was pager invented,4,1,1251,1,when wish page
digital card for kids,4,1,1250,1,digital card for k
digital card for payment,4,1,1250,1,digital card for p
digital card for vietnam,4,1,1250,1,digital card for v
how to surprise a girl on her birthday,8,1,1250,3,how to surprise a
how to surprise boyfriend,4,1,1250,2,how to surprise b
how to surprise child with a puppy,7,1,1250,3,how to surprise c
how to surprise dad on his birthday,7,1,1250,1,how to surprise d
how to surprise enemies bg3,5,1,1250,1,how to surprise e
how to surprise girlfriend on her birthday,7,1,1250,2,how to surprise g
how to surprise kids on their birthday,7,1,1250,2,how to surprise k
how to surprise my husband for his birthday,8,1,1250,1,how to surprise m
how to surprise parents on their anniversary,7,1,1250,1,how to surprise p
how to surprise round bg3,5,1,1250,1,how to surprise r
how to surprise sister on her birthday,7,1,1250,2,how to surprise s
how to surprise visit someone,5,1,1250,1,how to surprise v
love website ai,3,1,1250,1,love website a
love website builder,3,1,1250,1,love website b
when was pager introduced in india,6,1,1250,2,when wish page
love website code,3,1,1201,2,love website c
love website create,3,1,1200,3,love website c
digital card for partner,4,1,1150,2,digital card for p
digital card for airport lounge access,6,1,1050,2,digital card for a
how to surprise my boyfriend on his birthday,8,1,1050,3,how to surprise m
how to surprise a man,5,1,1000,4,how to surprise a
how to surprise trade in pokemon scarlet,7,1,951,1,how to surprise t
how to surprise trade in pokemon za,7,1,950,2,how to surprise t
digital card for annaprashan,4,1,900,3,digital card for a
digital card for retirement,4,1,900,1,digital card for r
how to surprise husband on his birthday at home,9,1,900,4,how to surprise h
digital card for tervi,4,1,850,2,digital card for t
how to surprise father on his birthday,7,1,802,3,how to surprise f
how to surprise friend on her birthday,7,1,801,4,how to surprise f
how to surprise father on father's day,7,1,800,5,how to surprise f
digital card for coworkers to sign,6,1,753,1,digital card for c
digital card for costco,4,1,751,3,digital card for c
digital card for friendship day,5,1,751,2,digital card for f
digital card for chase,4,1,750,4,digital card for c
digital card for friend,4,1,750,3,digital card for f
how to surprise my girlfriend,5,1,750,5,how to surprise m
digital card for father's day,5,1,700,4,digital card for f
digital card for shradh ceremony,5,1,700,1,digital card for s
how to surprise dad on father's day,7,1,700,2,how to surprise d
love website generator free,4,1,700,3,love website g
digital card for free,4,1,650,5,digital card for f
how to surprise girlfriend in long distance relationship,8,1,650,3,how to surprise g
how to surprise your wife,5,1,602,3,how to surprise y
birthday coloring page for teacher,5,1,601,1,birthday page for t
birthday page app,3,1,601,1,birthday page for app
birthday page for girl,4,1,601,1,birthday page for g
birthday page for kids,4,1,601,1,birthday page for k
birthday page on facebook,4,1,601,1,birthday page for o
birthday pages new york times,5,1,601,1,birthday page for n
birthday pages printable,3,1,601,1,birthday page for p
birthday qr code website,4,1,601,1,birthday page for q
birthday website examples,3,1,601,1,birthday page for e
birthday website for love,4,1,601,1,birthday page for l
birthday website for my girlfriend,5,1,601,1,birthday page for m
birthday website for sister,4,1,601,1,birthday page for s
birthday website for wife,4,1,601,1,birthday page for w
birthday website using html and css,6,1,601,1,birthday page for u
birthday website video,3,1,601,1,birthday page for v
can i surprise you,4,1,601,1,can i how to surprise
can i use digital card for lounge access,8,1,601,1,can i digital card for
can i vote on love island website,7,1,601,1,can i love website
digital birthday card for best friend,6,1,601,2,digital card for best
digital card 2026,3,1,601,1,digital card for 2026
digital card for afterpay,4,1,601,4,digital card for a
digital card for death ceremony,5,1,601,1,digital card for d
digital card for employee leaving,5,1,601,2,digital card for e
digital card for japan,4,1,601,1,digital card for j
digital card for klarna,4,1,601,2,digital card for k
digital card for lounge access,5,1,601,1,digital card for l
digital card for mundan ceremony,5,1,601,3,digital card for m
digital card for online shopping,5,1,601,2,digital card for online
digital card for people to sign,6,1,601,3,digital card for p
digital card for rice ceremony,5,1,601,2,digital card for r
digital card for signing,4,1,601,2,digital card for s
digital card for teacher,4,1,601,3,digital card for t
digital card for valentines,4,1,601,2,digital card for v
digital card qr code,4,1,601,1,digital card for q
digital card template,3,1,601,1,digital card for template
digital card uae,3,1,601,1,digital card for u
digital card with video,4,1,601,1,digital card for with
digital card without id,4,1,601,1,digital card for without
digital card zable,3,1,601,1,digital card for z
digital cards for yoto,4,1,601,1,digital card for y
digital gift card for fortnite,5,1,601,1,digital card for for
digital gift card for xbox,5,1,601,1,digital card for x
digital invitation card for house warming ceremony,7,1,601,2,digital card for h
genshin wish history page,4,1,601,1,wish page h
happy birthday website for girlfriend,5,1,601,1,how birthday page for
how far is it to surprise arizona,7,1,601,1,is it how to surprise
how to answer surprise question social studies,7,1,601,1,how to surprise q
how to make a disney surprise video free,8,1,601,1,how to surprise free
how to make surprise mulch pokemon x,7,1,601,1,how to surprise x
how to make surprise someone,5,1,601,1,how to surprise maker
how to say surprise in japanese,6,1,601,1,how to surprise j
how to send a gift basket online,7,1,601,1,how to send gift online b
how to send a zara gift card online,8,1,601,1,how to send gift online z
how to send an online xbox gift card,8,1,601,1,how to send gift online x
how to send gift cards online,6,1,601,1,how to send gift online c
how to send gifts on tiktok for free without paying,10,1,601,1,how to send gift online free
how to send grocery gift card online,7,1,601,1,how to send gift online g
how to send online roblox gift card,7,1,601,1,how to send gift online r
how to send online walmart gift card,7,1,601,1,how to send gift online w
how to suppress appetite,4,1,601,1,how to surprise app
how to surprise a husband on his birthday,8,1,601,5,how to surprise a
how to surprise child with disney trip,7,1,601,4,how to surprise c
how to surprise daughter on her birthday,7,1,601,3,how to surprise d
how to surprise enemies 5e,5,1,601,2,how to surprise e
how to surprise for husband birthday,6,1,601,2,how to surprise for
how to surprise friends with pregnancy,6,1,601,7,how to surprise f
how to surprise grandparents with pregnancy,6,1,601,4,how to surprise g
how to surprise husband on pregnancy,6,1,601,7,how to surprise h
how to surprise kids with a disney trip,8,1,601,3,how to surprise k
how to surprise my wife on her birthday,8,1,601,6,how to surprise m
how to surprise online girlfriend,5,1,601,2,how to surprise online
how to surprise son on his birthday,7,1,601,4,how to surprise s
how to surprise trade in pokemon go,7,1,601,3,how to surprise t
how to surprise trade za,5,1,601,1,how to surprise z
how to surprise visit,4,1,601,2,how to surprise v
how to surprise with new car,6,1,601,1,how to surprise n
how to surprise your girlfriend,5,1,601,4,how to surprise y
how to surprise your girlfriend without money,7,1,601,1,how to surprise without
how to surprise.someone who has my location,7,1,601,1,who how to surprise
how to use surprise in a sentence,7,1,601,1,how to surprise u
how we love website,4,1,601,1,how love website
i love website,3,1,601,1,who love website
is there a digital card for costco,7,1,601,1,is it digital card for
is with love website legit,5,1,601,1,is it love website
love & roses website,4,1,601,1,love website r
love best web series,4,1,601,1,love website best
love island website,3,1,601,1,love website i
love jeans website,3,1,601,1,love website j
love knitting website,3,1,601,1,love website k
love online free games,4,1,601,1,love website free
love online website,3,1,601,1,love website online
love quotes website,3,1,601,1,love website q
love web defne,3,1,601,2,love website d
love web movie,3,1,601,3,love website m
love web series,3,1,601,1,love website s
love web series 2026,4,1,601,1,love website 2026
love web video,3,1,601,1,love website v
love website builder ai,4,1,601,2,love website b
love website canva,3,1,601,4,love website c
love website examples,3,1,601,1,love website e
love website gift,3,1,601,4,love website g
love website letter,3,1,601,2,love website l
love website percentage,3,1,601,1,love website p
love website using html and css,6,1,601,1,love website u
love website.html,2,1,601,1,love website h
love wedding website,3,1,601,1,love website w
love x web drama turkey,5,1,601,1,love website x
love you website,3,1,601,1,love website y
love zero web novel,4,1,601,1,love website z
send gift online karachi,4,1,601,1,how to send gift online k
send gift online london,4,1,601,1,how to send gift online l
send gift online qatar,4,1,601,1,how to send gift online q
what's love web series,4,1,601,1,what love website
when was pageindex released,4,1,601,3,when wish page
wish facebook page,3,1,601,1,wish page f
wish how many pages,4,1,601,1,how wish page
wish karo website,3,1,601,1,wish page k
wish site app,3,1,601,1,wish page app
wish site internet,3,1,601,1,wish page in
wish site online,3,1,601,1,wish page online
wish upon a page,4,1,601,1,wish page a
wish voting site,3,1,601,1,wish page v
wish website maker,3,1,601,1,wish page m
wish website shopping,3,1,601,1,wish page s
wish website uk,3,1,601,1,wish page u
wish website wiki,3,1,601,1,wish page w
wish you page,3,1,601,1,wish page y
aaa digital card for family members,6,1,600,7,digital card for f
as you wish kakao page,5,1,600,2,wish page k
birthday app ideas,3,1,600,2,birthday page for app
birthday card front page for best friend,7,1,600,2,birthday page for best
birthday decoration page name for instagram,6,1,600,2,birthday page for n
birthday page aesthetic,3,1,600,2,birthday page for a
birthday page outline,3,1,600,2,birthday page for o
birthday page scrapbook,3,1,600,2,birthday page for s
birthday website etsy,3,1,600,2,birthday page for e
birthday website for him,4,1,600,2,birthday page for h
birthday website for mom,4,1,600,2,birthday page for m
birthday website ideas,3,1,600,2,birthday page for online
birthday website invitation,3,1,600,2,birthday page for in
birthday website prompt,3,1,600,2,birthday page for p
birthday website qr,3,1,600,2,birthday page for q
birthday website reddit,3,1,600,2,birthday page for r
birthday website ui design,4,1,600,2,birthday page for u
birthday website vercel,3,1,600,2,birthday page for v
can i use digital card for instacart shopper,8,1,600,2,can i digital card for
card 2028,2,1,600,2,digital card for 2027
digital card for amex,4,1,600,5,digital card for a
digital card for apple pay,5,1,600,2,digital card for app
digital card for christmas,4,1,600,6,digital card for c
digital card for debit,4,1,600,2,digital card for d
digital card for everyone to sign,6,1,600,3,digital card for e
digital card for janeu ceremony,5,1,600,2,digital card for j
digital card for lorry,4,1,600,2,digital card for l
digital card for my girlfriend,5,1,600,4,digital card for m
digital card for new baby,5,1,600,3,digital card for n
digital card for paypal,4,1,600,4,digital card for p
digital card for ring ceremony,5,1,600,3,digital card for r
digital card for travel,4,1,600,4,digital card for t
digital card for veterans,4,1,600,3,digital card for v
digital card games 2026,4,1,600,2,digital card for 2026
digital card new zealand,4,1,600,2,digital card for z
digital card qr,3,1,600,2,digital card for q
digital card template free download,5,1,600,2,digital card for template
digital card ubc,3,1,600,2,digital card for u
digital card with chase,4,1,600,2,digital card for with
digital card xbox,3,1,600,2,digital card for x
digital debit card for kids,5,1,600,3,digital card for k
digital library card for hoopla,5,1,600,3,digital card for h
digital sorry card for best friend,6,1,600,3,digital card for best
earnestly wish puzzle page,4,1,600,2,wish page p
how far is it to surprise arizona from here,9,1,600,2,is it how to surprise
how to complete your wish,5,1,600,2,how wish page
how to do surprise me on xbox,7,1,600,2,how to surprise x
how to do surprise question for social studies,8,1,600,2,how to surprise q
how to express surprise in japanese,6,1,600,2,how to surprise j
how to love website,4,1,600,2,how love website
how to make a surprise message,6,1,600,2,how to surprise maker
how to reveal surprise holiday,5,1,600,3,how to surprise r
how to see zola surprise gifts,6,1,600,2,how to surprise z
how to send a kroger gift card online,8,1,600,2,how to send gift online k
how to send e gift card online,7,1,600,2,how to send gift online e
how to send gift card to someone online,8,1,600,2,how to send gift online s
how to send gift on tiktok live for free,9,1,600,2,how to send gift online free
how to send gift target online,6,1,600,2,how to send gift online t
how to send gifts on zomato,6,1,600,2,how to send gift online z
how to send heb gift card online,7,1,600,2,how to send gift online h
how to send lululemon gift card online,7,1,600,2,how to send gift online l
how to send online doordash gift card,7,1,600,2,how to send gift online d
how to send robux gift card online,7,1,600,2,how to send gift online r
how to set up surprise set on whatnot,8,1,600,2,how to surprise u
how to surprise a man on his birthday,8,1,600,6,how to surprise a
how to surprise birthday for husband,6,1,600,5,how to surprise b
how to surprise cake,4,1,600,5,how to surprise c
how to surprise dad,4,1,600,4,how to surprise d
how to surprise engagement,4,1,600,3,how to surprise e
how to surprise for pregnancy,5,1,600,3,how to surprise for
how to surprise grandma with pregnancy,6,1,600,5,how to surprise g
how to surprise him on his birthday,7,1,600,8,how to surprise h
how to surprise husband on new year,7,1,600,2,how to surprise n
how to surprise kids with a trip,7,1,600,4,how to surprise k
how to surprise my girlfriend on her birthday,8,1,600,7,how to surprise m
how to surprise pregnancy announcement,5,1,600,3,how to surprise p
how to surprise trade in pokémon legends za,8,1,600,4,how to surprise t
how to surprise wife with concert tickets,7,1,600,6,how to surprise w
how to surprise with gifts,5,1,600,2,how to surprise without
how to surprise your appetite,5,1,600,2,how to surprise app
how to surprise your boyfriend on his birthday,8,1,600,5,how to surprise y
is digital arrival card for malaysia free,7,1,600,2,is it digital card for
is it wish or wishing,5,1,600,1,is it wish page
live web chat,3,1,600,5,love website c
love area website,3,1,600,3,love website a
love background for website,4,1,600,3,love website b
love best web series hindi,5,1,600,2,love website best
love essex website,3,1,600,2,love website e
love in website,3,1,600,2,love website in
love island 2026 website,4,1,600,2,love website 2026
love knitwear website,3,1,600,2,love website k
love letter online website,4,1,600,2,love website online
love quiz website,3,1,600,2,love website q
love racing website,3,1,600,2,love website r
love virtually website,3,1,600,2,love website v
love wallpaper website,3,1,600,2,love website w
love web app,3,1,600,2,love website app
love web design,3,1,600,3,love website d
love web novel,3,1,600,2,love website n
love web on pemsan tv,5,1,600,2,love website o
love web pemsan tv,4,1,600,2,love website p
love web series hindi,4,1,600,2,love website s
love web washed zip up hoodie,6,1,600,2,love website z
love website game,3,1,600,5,love website g
love website html css,4,1,600,2,love website h
love website theme,3,1,600,5,love website t
love website ui,3,1,600,2,love website u
love yourself website,3,1,600,2,love website y
lovejoy website,2,1,600,2,love website j
malaysia digital arrival card for foreigners,6,1,600,2,digital card for for
page birthday card,3,1,600,2,birthday page for c
site wish interdit en france,5,1,600,2,wish page in
surprise can,2,1,600,2,can i how to surprise
the last wish page number,5,1,600,2,wish page n
was it love reviews,4,1,600,2,is it love website
website birthday wishes for friend,5,1,600,2,birthday page for w
what's love web series tamil,5,1,600,2,what love website
when was page 3 banned,5,1,600,4,when wish page
where can i watch love island website,7,1,600,2,can i love website
who likes website,3,1,600,2,who love website
who said surprise surprise surprise,5,1,600,2,who how to surprise
wish app not working,4,1,600,2,wish page app
wish fulfillment website,3,1,600,2,wish page f
wish site vente,3,1,600,2,wish page v
wish tv website,3,1,600,2,wish page t
wish upon website,3,1,600,2,wish page u
wish website down,3,1,600,2,wish page d
wish website meme,3,1,600,2,wish page m
wish website reviews,3,1,600,2,wish page r
wish website shopping app,4,1,600,2,wish page s
wish wedding website,3,1,600,2,wish page w
wish you website,3,1,600,2,wish page y
wish you were here page count,6,1,600,2,wish page h
birthday coloring pages for toddlers,5,1,562,3,birthday page for t
birthday colouring pages for kids,5,1,562,3,birthday page for k
birthday website code,3,1,562,3,birthday page for c
birthday website for mother,4,1,562,3,birthday page for m
can i use digital card for costco gas,8,1,562,3,can i digital card for
digital business card for your phone,6,1,562,3,digital card for y
digital card for debit null,5,1,562,3,digital card for d
digital card for jagran,4,1,562,3,digital card for j
digital card for leaving,4,1,562,3,digital card for l
digital card with message,4,1,562,3,digital card for with
digital card xmas,3,1,562,3,digital card for x
happy birthday website for girlfriend github,6,1,562,3,how birthday page for
how far is it to surprise arizona from my location,10,1,562,3,is it how to surprise
how to send gift certificates online,6,1,562,3,how to send gift online c
how to send online starbucks gift card,7,1,562,3,how to send gift online s
how to surprise my appetite,5,1,562,3,how to surprise app
love earth website,3,1,562,3,love website e
love holidays website,3,1,562,3,love website h
love jewelry website,3,1,562,3,love website j
love knot website,3,1,562,3,love website k
love note website,3,1,562,3,love website n
love respect website,3,1,562,3,love website r
love site app,3,1,562,3,love website app
love u website,3,1,562,3,love website u
love vera website,3,1,562,3,love website v
love web on pemsan,4,1,562,3,love website o
love web pemsan,3,1,562,3,love website p
love web series on netflix,5,1,562,3,love website s
love whatsapp web,3,1,562,3,love website w
love your website,3,1,562,3,love website y
wish landing page,3,1,562,3,wish page l
wish making website,3,1,562,3,wish page m
best way to send gift cards online,7,1,561,4,how to send gift online c
birthday cake coloring page for kids,6,1,561,4,birthday page for k
birthday coloring page for boy,5,1,561,4,birthday page for b
birthday website canva,3,1,561,4,birthday page for c
birthday website for friend free,5,1,561,4,birthday page for f
birthday website rsvp,3,1,561,3,birthday page for r
can i use digital card for costco,7,1,561,4,can i digital card for
digital arrival card for hong kong,6,1,561,4,digital card for h
digital card for debit bank of america,7,1,561,4,digital card for d
digital card for email,4,1,561,4,digital card for e
digital card for love,4,1,561,4,digital card for l
digital card for networking,4,1,561,4,digital card for n
digital card for reception,4,1,561,4,digital card for r
digital card for singapore,4,1,561,4,digital card for s
digital card for venmo,4,1,561,4,digital card for v
digital card sorry for your loss,6,1,561,4,digital card for y
digital card with paypal,4,1,561,4,digital card for with
digital credit card for online purchases,6,1,561,4,digital card for online
digital gift card for kids,5,1,561,4,digital card for k
digital sim card for japan,5,1,561,4,digital card for j
how far is it to surprise,6,1,561,4,is it how to surprise
how to draw among us surprise fold,7,1,561,3,how to surprise u
how to express surprise in writing,6,1,561,4,how to surprise e
how to remove surprise app from phone,7,1,561,4,how to surprise app
how to send a gift online,6,1,561,4,how to send gift online a
how to send online steam gift card,7,1,561,4,how to send gift online s
how to surprise boyfriend online,5,1,561,4,how to surprise online
how to surprise for anniversary,5,1,561,4,how to surprise for
how to surprise pregnancy announcement to family,7,1,561,4,how to surprise p
love ai website builder,4,1,561,4,love website a
love app web series,4,1,561,4,love website app
love envelope website,3,1,561,4,love website e
love honey website down,4,1,561,4,love website h
love interactive website,3,1,561,4,love website in
love japan website,3,1,561,4,love website j
love kiss website,3,1,561,4,love website k
love luxury website,3,1,561,4,love website l
love nature website,3,1,561,4,love website n
love questions website,3,1,561,3,love website q
love radio website,3,1,561,4,love website r
love untangled website,3,1,561,4,love website u
love video website,3,1,561,4,love website v
love web builder,3,1,561,4,love website b
love web defne and omer,5,1,561,4,love website d
love web on pemsan tv today,6,1,561,4,love website o
love web series tamil,4,1,561,4,love website s
love with web series,4,1,561,4,love website w
love yorkies website,3,1,561,4,love website y
pageant wish,2,1,561,4,wish page
western digital expansion card for xbox,6,1,561,4,digital card for x
whish money website,3,1,561,4,wish page m
wish dating site,3,1,561,4,wish page d
wish granted page 3,4,1,561,4,wish page g
wish website creator,3,1,561,4,wish page c
wish website login,3,1,561,4,wish page l
wish website reddit,3,1,561,3,wish page r
wishtender website login,3,1,561,3,wish page t
afterpay digital card for online purchases,6,1,560,5,digital card for online
birthday card coloring page for kids,6,1,560,5,birthday page for k
birthday page border,3,1,560,5,birthday page for b
birthday page decoration,3,1,560,5,birthday page for d
birthday site free,3,1,560,3,birthday page for free
birthday website creator,3,1,560,5,birthday page for c
birthday website reviews,3,1,560,4,birthday page for r
buy digital gift card for xbox,6,1,560,5,digital card for x
can i use digital card for atm,7,1,560,5,can i digital card for
costco digital card for household member,6,1,560,5,digital card for h
create digital card for apple wallet,6,1,560,5,digital card for app
digital birthday card for kids,5,1,560,5,digital card for k
digital card for discover,4,1,560,5,digital card for d
digital card for employee,4,1,560,5,digital card for e
digital card for gift,4,1,560,5,digital card for g
digital card for mother's day,5,1,560,5,digital card for m
digital card for ps5,4,1,560,5,digital card for p
digital card for signature,4,1,560,5,digital card for s
digital card lock for door,5,1,560,5,digital card for l
digital card maker for house warming ceremony,7,1,560,5,digital card for maker
digital card qantas health insurance,5,1,560,3,digital card for q
digital card with gift,4,1,560,5,digital card for with
digital cards for volunteer hours,5,1,560,5,digital card for v
digital gift card for best buy,6,1,560,4,digital card for best
digital ic card for japan,5,1,560,5,digital card for j
digital invitation card for rice ceremony,6,1,560,5,digital card for r
happy birthday page for friend,5,1,560,5,birthday page for f
happy birthday website for free,5,1,560,5,how birthday page for
happy birthday website for sister,5,1,560,4,birthday page for s
how many miles is it to surprise arizona,8,1,560,5,is it how to surprise
how to delete surprise app,5,1,560,5,how to surprise app
how to draw folding surprise videos,6,1,560,4,how to surprise v
how to draw pop up surprise,6,1,560,4,how to surprise u
how to express surprise,4,1,560,5,how to surprise e
how to mail gift card online,6,1,560,5,how to send gift online c
how to pronounce quelle surprise,5,1,560,3,how to surprise q
how to send online sephora gift card,7,1,560,5,how to send gift online s
how to surprise birthday online,5,1,560,5,how to surprise online
how to surprise dad with pregnancy,6,1,560,5,how to surprise d
how to surprise for husband,5,1,560,5,how to surprise for
how to surprise kids with a puppy,7,1,560,5,how to surprise k
how to surprise parents with pregnancy announcement,7,1,560,5,how to surprise p
how to surprise trade in pokemon sword,7,1,560,5,how to surprise t
is digital arrival card for thailand free,7,1,560,3,is it digital card for
love antiques website,3,1,560,5,love website a
love exploring website,3,1,560,5,love website e
love heart website,3,1,560,5,love website h
love island website reddit,4,1,560,5,love website i
love jojo website,3,1,560,5,love website j
love kills website,3,1,560,5,love website k
love message website,3,1,560,5,love website m
love nikki website,3,1,560,5,love website n
love proposal website,3,1,560,5,love website p
love quest website,3,1,560,4,love website q
love renaissance website,3,1,560,5,love website r
love us web series,4,1,560,5,love website u
love voodoo website,3,1,560,5,love website v
love web build,3,1,560,5,love website b
love web dubois,3,1,560,5,love website d
love web omer and defne,5,1,560,5,love website o
love web series telugu,4,1,560,5,love website s
love yarn website,3,1,560,5,love website y
what is wise digital card for,6,1,560,5,what digital card for
when was page 3 stopped,5,1,560,5,when wish page
wish discount site,3,1,560,5,wish page d
wish me website,3,1,560,5,wish page m
wish scheduling site ess,4,1,560,3,wish page s
wish tree website,3,1,560,4,wish page t
wish website genshin,3,1,560,5,wish page g
wish website logo,3,1,560,5,wish page l
wish website real or fake,5,1,560,4,wish page r
birthday coloring pages for adults,5,1,559,3,birthday page for a
birthday free offers,3,1,559,4,birthday page for free
birthday page decoration ideas,4,1,559,6,birthday page for d
birthday page.html,2,1,559,3,birthday page for h
birthday party coloring pages for kids,6,1,559,6,birthday page for k
birthday website cute,3,1,559,6,birthday page for c
birthday website for gf github,5,1,559,6,birthday page for g
birthday website react,3,1,559,5,birthday page for r
birthday website surprise,3,1,559,5,birthday page for s
birthday wishes page design,4,1,559,6,wish page d
can i use digital card for costco fuel,8,1,559,6,can i digital card for
coloring page for birthday party,5,1,559,3,birthday page for p
digital arrival card for kuala lumpur,6,1,559,6,digital card for k
digital arrival card for laos,5,1,559,6,digital card for l
digital card best buy,4,1,559,5,digital card for best
digital card for bus,4,1,559,6,digital card for b
digital card for graduation,4,1,559,6,digital card for g
digital card for nikkah,4,1,559,6,digital card for n
digital card for phone,4,1,559,6,digital card for p
digital card for sympathy,4,1,559,6,digital card for s
digital card for work,4,1,559,6,digital card for w
digital card maker for engagement,5,1,559,6,digital card for maker
digital card qatar,3,1,559,4,digital card for q
digital card template free,4,1,559,3,digital card for template
digital card video for wedding free,6,1,559,6,digital card for v
digital card with wise,4,1,559,6,digital card for with
digital gift card for her,5,1,559,6,digital card for h
digital invitation card for engagement,5,1,559,6,digital card for e
digital menu card for restaurant,5,1,559,6,digital card for r
happy birthday page to color,5,1,559,6,how birthday page for
how far is it from phoenix to surprise arizona,9,1,559,6,is it how to surprise
how to apply amaze card,5,1,559,6,how to surprise app
how to draw fold up surprise,6,1,559,5,how to surprise u
how to draw folding surprise videos youtube,7,1,559,5,how to surprise v
how to open surprise box ghost of yotei,8,1,559,6,how to surprise o
how to send anonymous gift online,6,1,559,6,how to send gift online a
how to send baby gifts online,6,1,559,4,how to send gift online b
how to spell quelle surprise,5,1,559,4,how to surprise q
how to surprise daughter with concert tickets,7,1,559,6,how to surprise d
how to surprise kids with pregnancy,6,1,559,6,how to surprise k
how to surprise pokemon violet,5,1,559,6,how to surprise p
how to surprise trade in pokemon violet,7,1,559,6,how to surprise t
how to surprise trade pokemon za,6,1,559,3,how to surprise z
how to surprise your mom on her birthday,8,1,559,6,how to surprise y
how to surprise your online friend,6,1,559,6,how to surprise online
love anime website,3,1,559,6,love website a
love bali website,3,1,559,6,love website b
love confession website,3,1,559,6,love website c
love dorsey website,3,1,559,6,love website d
love every website,3,1,559,6,love website e
love holidays website down,4,1,559,6,love website h
love is website,3,1,559,6,love website i
love island website watch,4,1,559,6,love website w
love journey website,3,1,559,6,love website j
love kiki website,3,1,559,6,love website k
love me website,3,1,559,6,love website m
love ngo website,3,1,559,6,love website n
love quinn web series,4,1,559,5,love website q
love reading website,3,1,559,6,love website r
love unpacked web series,4,1,559,6,love website u
love voice website,3,1,559,6,love website v
love web github,3,1,559,6,love website g
love web on pemsan tv season 2,7,1,559,6,love website o
love web series hollywood,4,1,559,6,love website s
love web telenovela,3,1,559,6,love website t
love you web series,4,1,559,6,love website y
send gift online pakistan,4,1,559,5,how to send gift online p
send gift online sri lanka,5,1,559,6,how to send gift online s
western digital c50 expansion card for xbox,7,1,559,6,digital card for x
what stores accept digital card for instacart,7,1,559,6,what digital card for
when was pagers popular,4,1,559,6,when wish page
wish coloring pages,3,1,559,6,wish page
wish granting website,3,1,559,6,wish page g
wish movie website,3,1,559,6,wish page m
wish scheduling site,3,1,559,4,wish page s
wish website builder,3,1,559,3,wish page b
wish website legit,3,1,559,6,wish page l
wishtender website,2,1,559,5,wish page t
birthday card coloring page for mom,6,1,558,7,birthday page for m
birthday page facebook,3,1,558,7,birthday page for f
birthday program example,3,1,558,4,birthday page for p
birthday website card,3,1,558,7,birthday page for c
birthday website reference,3,1,558,6,birthday page for r
birthday website source code,4,1,558,6,birthday page for s
birthday website.html,2,1,558,4,birthday page for h
can i use a digital card at an atm,9,1,558,7,digital card for with
can i use my digital card for online purchases,9,1,558,7,can i digital card for
digital arrival card for jakarta,5,1,558,7,digital card for j
digital arrival card for new zealand,6,1,558,4,digital card for z
digital arrival card for oci,5,1,558,7,digital card for o
digital business card for iphone,5,1,558,7,digital card for i
digital business card for realtors,5,1,558,7,digital card for r
digital card best,3,1,558,6,digital card for best
digital card design for wedding,5,1,558,7,digital card for d
digital card for atm,4,1,558,7,digital card for a
digital card for group,4,1,558,7,digital card for g
digital card for metro,4,1,558,7,digital card for m
digital card for priority pass,5,1,558,7,digital card for p
digital card for wells fargo,5,1,558,7,digital card for w
digital card maker for mundan ceremony,6,1,558,7,digital card for maker
digital card number for chase,5,1,558,7,digital card for n
digital card qantas,3,1,558,5,digital card for q
digital card template canva,4,1,558,4,digital card for template
digital card video for wedding,5,1,558,7,digital card for v
digital credit card for lounge access,6,1,558,7,digital card for l
digital gift card for apple wallet,6,1,558,7,digital card for app
digital gift card for hobby lobby,6,1,558,7,digital card for h
digital id card for employees,5,1,558,7,digital card for e
digital id card for students,5,1,558,7,digital card for s
digital suica card for kids,5,1,558,7,digital card for k
happy birthday website for whatsapp,5,1,558,4,birthday page for w
how far is it from scottsdale to surprise arizona,9,1,558,7,is it how to surprise
how to draw folding surprise videos for kids hub,9,1,558,6,how to surprise v
how to make digital card for wedding,7,1,558,7,how digital card for
how to make surprise pop up box,7,1,558,6,how to surprise u
how to pruning monty's surprise apple,6,1,558,7,how to surprise app
how to rainbow kitten surprise,5,1,558,7,how to surprise r
how to send an online gift card,7,1,558,7,how to send gift online a
how to send diwali gifts online,6,1,558,3,how to send gift online d
how to send online visa gift card,7,1,558,3,how to send gift online v
how to send visa gift card online,7,1,558,7,how to send gift online c
how to spell surprise in english,6,1,558,7,how to surprise e
how to surprise brother on his birthday,7,1,558,7,how to surprise b
how to surprise dad with baby gender,7,1,558,7,how to surprise d
how to surprise gf online,5,1,558,7,how to surprise online
how to surprise husband on his birthday,7,1,558,7,how to surprise o
how to surprise kid with car,6,1,558,7,how to surprise k
how to surprise people,4,1,558,7,how to surprise p
how to surprise someone with a trip,7,1,558,7,how to surprise s
how to surprise teen with new car,7,1,558,7,how to surprise t
how to surprise trade legends za,6,1,558,4,how to surprise z
how to surprise with a ring,6,1,558,7,how to surprise with
how to surprise your wife on her birthday,8,1,558,7,how to surprise y
how to thanks husband for birthday surprise quotes,8,1,558,5,how to surprise q
love anniversary website,3,1,558,7,love website a
love bonito website,3,1,558,7,love website b
love cherish website,3,1,558,7,love website c
love dating website,3,1,558,7,love website d
love emoji website,3,1,558,7,love website e
love guru website,3,1,558,7,love website g
love hackney website,3,1,558,7,love website h
love jpop website,3,1,558,7,love website j
love kills web series,4,1,558,7,love website k
love letter website template,4,1,558,5,love website template
love live website,3,1,558,7,love website l
love me wigs website,4,1,558,7,love website w
love moschino website,3,1,558,7,love website m
love nest website,3,1,558,7,love website n
love proposal website github,4,1,558,7,love website p
love relationship website,3,1,558,7,love website r
love u web series dailymotion,5,1,558,7,love website u
love valley website,3,1,558,7,love website v
love web on pemsan tv episodes,6,1,558,7,love website o
love web series name,4,1,558,7,love website s
love web turkish series,4,1,558,7,love website t
make a wish donation page,5,1,558,7,wish page d
moja love website app,4,1,558,7,love website app
queen of love web series,5,1,558,6,love website q
sd card for yashica digital camera,6,1,558,7,digital card for y
send gift online same day,5,1,558,7,how to send gift online s
web love you,3,1,558,7,love website y
website wish birthday,3,1,558,4,wish page b
western digital c50 expansion card for xbox details,8,1,558,7,digital card for x
what can i get for free on my birthday without signing up,12,1,558,5,birthday page for free
what is love website,4,1,558,3,what love website
when was page high school built,6,1,558,7,when wish page
wish dragon coloring page printable,5,1,558,3,wish page p
wish granter website,3,1,558,7,wish page g
wish selling site,3,1,558,5,wish page s
wish the website,3,1,558,6,wish page t
wish website link,3,1,558,7,wish page l
wish willow website,3,1,558,3,wish page w
wishes cover page,3,1,558,7,wish page c
alexandra page wish you was,5,1,557,3,wish page y
asha wish coloring page printable,5,1,557,4,wish page p
birthday page drawing,3,1,557,8,birthday page for d
birthday roster,2,1,557,7,birthday page for r
birthday site wishes,3,1,557,5,birthday page for w
birthday website create,3,1,557,8,birthday page for c
birthday website for girlfriend ideas,5,1,557,8,birthday page for g
birthday website html css,4,1,557,5,birthday page for h
birthday website netlify,3,1,557,3,birthday page for n
birthday website surprise free,4,1,557,7,birthday page for s
birthday website ui,3,1,557,3,birthday page for u
birthday wish website for love,5,1,557,5,birthday page for l
can i get a digital card for credit one,9,1,557,8,can i digital card for
chase digital card for online purchases,6,1,557,8,digital card for online
cover page for a birthday card,6,1,557,5,birthday page for a
digital arrival card for taiwan,5,1,557,8,digital card for t
digital business card for apple wallet free,7,1,557,8,digital card for app
digital business card for linkedin,5,1,557,8,digital card for l
digital card battle best deck,5,1,557,7,digital card for best
digital card design template,4,1,557,5,digital card for template
digital card for a group to sign,7,1,557,8,digital card for a
digital card for camera,4,1,557,8,digital card for c
digital card for gas,4,1,557,8,digital card for g
digital card for membership,4,1,557,8,digital card for m
digital card for paypal credit,5,1,557,8,digital card for p
digital card for wedding price,5,1,557,8,digital card for w
digital card maker for marriage,5,1,557,8,digital card for maker
digital card qib,3,1,557,6,digital card for q
digital card video for marriage,5,1,557,8,digital card for v
digital credit card for kids,5,1,557,8,digital card for k
digital gift card for doordash,5,1,557,8,digital card for d
digital gift card for home depot,6,1,557,8,digital card for h
digital invitation card for retirement party,6,1,557,8,digital card for r
digital library card for non residents,6,1,557,8,digital card for n
digital punch card for small business,6,1,557,8,digital card for s
digital sim card for europe,5,1,557,8,digital card for e
digital suica card for japan,5,1,557,8,digital card for j
digital thank you card for wedding,6,1,557,8,digital card for y
diwali wish page,3,1,557,8,wish page d
happy birthday mom coloring page for kids,7,1,557,8,birthday page for k
happy birthday website for my girlfriend,6,1,557,8,birthday page for m
how far is it from tucson to surprise arizona,9,1,557,8,is it how to surprise
how to give birthday surprise online,6,1,557,8,how to surprise online
how to make digital card for invitation,7,1,557,8,how digital card for
how to reveal a surprise disney trip,7,1,557,8,how to surprise r
how to send a birthday gift online,7,1,557,8,how to send gift online a
how to send a gas gift card online,8,1,557,3,how to send gift online g
how to send an online dunkin gift card,8,1,557,4,how to send gift online d
how to send apple gift card to someone online,9,1,557,8,how to send gift online s
how to send ps5 gift card online,7,1,557,7,how to send gift online p
how to send sephora gift card online,7,1,557,8,how to send gift online c
how to surprise a boyfriend,5,1,557,8,how to surprise a
how to surprise birthday for wife,6,1,557,8,how to surprise b
how to surprise daughter with car,6,1,557,8,how to surprise d
how to surprise grandparents with pregnancy news,7,1,557,6,how to surprise g
how to surprise husband on valentine's day,7,1,557,7,how to surprise v
how to surprise kids with a cruise,7,1,557,8,how to surprise k
how to surprise my daughter on her birthday,8,1,557,8,how to surprise m
how to surprise partner,4,1,557,8,how to surprise p
how to surprise someone with a holiday,7,1,557,8,how to surprise s
how to surprise someone with an apple watch,8,1,557,8,how to surprise app
how to surprise trade in pokemon legends za,8,1,557,5,how to surprise z
how to surprise wife with gender reveal,7,1,557,8,how to surprise w
how to surprise your husband on his birthday,8,1,557,8,how to surprise y
how to thanks husband for surprise gift quotes,8,1,557,6,how to surprise q
lol bubble surprise how to use,6,1,557,7,how to surprise u
love at website,3,1,557,8,love website a
love babbar website,3,1,557,8,love website b
love bird wedding website,4,1,557,8,love website w
love card website,3,1,557,8,love website c
love deepspace website,3,1,557,8,love website d
love express website,3,1,557,8,love website e
love girl website,3,1,557,8,love website g
love good website,3,1,557,3,love website best
love holidays website review,4,1,557,8,love website h
love island online website,4,1,557,3,love website online
love island website apply,4,1,557,8,love website app
love island website game,4,1,557,8,love website i
love jersey website,3,1,557,8,love website j
love korean web series,4,1,557,8,love website k
love language website,3,1,557,8,love website l
love money website,3,1,557,8,love website m
love nails website,3,1,557,8,love website n
love page website,3,1,557,8,love website p
love quotes web series,4,1,557,7,love website q
love records website,3,1,557,8,love website r
love story website template,4,1,557,6,love website template
love untangled web series,4,1,557,8,love website u
love vape website,3,1,557,8,love website v
love web on pemsan tv series,6,1,557,8,love website o
love web series on hotstar,5,1,557,8,love website s
love web telenovela in english,5,1,557,8,love website t
love yourself web series,4,1,557,8,love website y
malaysia digital arrival card for foreign visitors,7,1,557,3,digital card for for
my wish page,3,1,557,8,wish page m
places to get free food on your birthday without signing up,11,1,557,6,birthday page for free
send gift online bangalore,4,1,557,6,how to send gift online b
the wish title page,4,1,557,7,wish page t
what leila loves website,4,1,557,4,what love website
when was paget brewster on friends,6,1,557,8,when wish page
wish a wish meaning,4,1,557,3,wish page h
wish buying site,3,1,557,5,wish page b
wish for getting job,4,1,557,3,wish page in
wish granting website free,4,1,557,8,wish page g
wish list website,3,1,557,8,wish page l
wish simulator website,3,1,557,6,wish page s
wish well website,3,1,557,4,wish page w
best love website,3,1,556,4,love website best
best way to send gifts online,6,1,556,9,how to send gift online
birthday by post ideas,4,1,556,6,birthday page for p
birthday date app,3,1,556,3,birthday page for app
birthday page design aesthetic,4,1,556,9,birthday page for d
birthday recipes,2,1,556,8,birthday page for r
birthday website cake,3,1,556,9,birthday page for c
birthday website edit,3,1,556,3,birthday page for e
birthday website html css js,5,1,556,6,birthday page for h
birthday website link,3,1,556,6,birthday page for l
birthday website of nasa,4,1,556,4,birthday page for o
birthday website sample,3,1,556,8,birthday page for s
birthday website using html css and javascript,7,1,556,4,birthday page for u
can i get a digital card for costco,8,1,556,9,can i digital card for
canva love website template,4,1,556,7,love website template
digital arrival card for hanoi,5,1,556,9,digital card for h
digital arrival card for korea,5,1,556,9,digital card for k
digital arrival card for singapore,5,1,556,9,digital card for s
digital arrival card for vietnam,5,1,556,9,digital card for v
digital business card for email signature,6,1,556,9,digital card for e
digital card for business free,5,1,556,9,digital card for b
digital card for care credit,5,1,556,9,digital card for c
digital card for games,4,1,556,9,digital card for g
digital card for money,4,1,556,9,digital card for m
digital card for wallet,4,1,556,9,digital card for w
digital card games best,4,1,556,8,digital card for best
digital card jago,3,1,556,9,digital card for j
digital card maker for apple wallet,6,1,556,9,digital card for maker
digital card maker qr code,5,1,556,7,digital card for q
digital card opening,3,1,556,9,digital card for o
digital card website template,4,1,556,6,digital card for template
digital gift card for apple pay,6,1,556,9,digital card for app
digital gift card for dutch bros,6,1,556,9,digital card for d
digital gift card for lowes,5,1,556,9,digital card for l
digital gift card for online shopping,6,1,556,9,digital card for online
digital gift card for roblox,5,1,556,9,digital card for r
digital invitation card for naming ceremony,6,1,556,9,digital card for n
digital sim card for thailand,5,1,556,9,digital card for t
digital sound card for pc,5,1,556,9,digital card for p
front page for a birthday card,6,1,556,6,birthday page for a
happy birthday coloring page for teacher,6,1,556,9,how birthday page for
happy birthday dad coloring page for kids,7,1,556,9,birthday page for k
how can i get free things on my birthday,9,1,556,7,birthday page for free
how far is it from phoenix to surprise,8,1,556,9,is it how to surprise
how to appreciate a surprise gift,6,1,556,9,how to surprise app
how to create surprise link,5,1,556,6,how to surprise c
how to do digital card,5,1,556,3,digital card for without
how to do surprise trade pokemon za,7,1,556,6,how to surprise z
how to make a surprise online,6,1,556,9,how to surprise online
how to make digital card for business,7,1,556,9,how digital card for
how to ruin a surprise,5,1,556,9,how to surprise r
how to send a cash gift online,7,1,556,9,how to send gift online a
how to send a woolworths gift card online,8,1,556,4,how to send gift online w
how to send amazon gift card to someone online,9,1,556,9,how to send gift online s
how to send apple gift card online,7,1,556,9,how to send gift online c
how to send birthday gift card online,7,1,556,7,how to send gift online b
how to send money gift card online,7,1,556,5,how to send gift online m
how to send people gift cards online,7,1,556,8,how to send gift online p
how to send tim hortons gift card online,8,1,556,3,how to send gift online h
how to send visa gift card online canada,8,1,556,5,how to send gift online v
how to surprise friends with pregnancy announcement,7,1,556,9,how to surprise f
how to surprise grandparents with second pregnancy,7,1,556,7,how to surprise g
how to surprise husband on wedding anniversary,7,1,556,9,how to surprise h
how to surprise kids with concert tickets,7,1,556,9,how to surprise k
how to surprise my friend on her birthday,8,1,556,9,how to surprise m
how to surprise parents with second pregnancy,7,1,556,9,how to surprise p
how to surprise someone with football tickets,7,1,556,9,how to surprise s
how to surprise teens with disney trip,7,1,556,9,how to surprise t
how to surprise the royal envoy,6,1,556,9,how to surprise for
how to surprise wife on valentine's day,7,1,556,8,how to surprise v
how to surprise with money,5,1,556,9,how to surprise with
how to surprise your brother on his birthday,8,1,556,9,how to surprise y
i love website maker,4,1,556,3,who love website
love art website,3,1,556,9,love website a
love bali website or app,5,1,556,9,love website b
love counter website,3,1,556,9,love website c
love dare website,3,1,556,9,love website d
love essence website,3,1,556,9,love website e
love for website,3,1,556,9,love website for
love gc website,3,1,556,9,love website g
love heaven web app,4,1,556,9,love website app
love home website,3,1,556,9,love website h
love island website uk,4,1,556,9,love website i
love jewels website,3,1,556,9,love website j
love joy wedding website,4,1,556,9,love website w
love kills web series review,5,1,556,9,love website k
love letter website qr code,5,1,556,8,love website q
love local website,3,1,556,9,love website l
love moments website,3,1,556,9,love website m
love novel website,3,1,556,9,love website n
love park website,3,1,556,9,love website p
love room website,3,1,556,9,love website r
love unconditional web series,4,1,556,9,love website u
love video web series,4,1,556,9,love website v
love web on pemsan tv season 1,7,1,556,9,love website o
love web series english,4,1,556,9,love website s
love web series youtube,4,1,556,9,love website y
love web telenovela full story,5,1,556,9,love website t
made with love in website,5,1,556,8,love website with
malaysia digital arrival card mdac for foreign visitors,8,1,556,4,digital card for for
online website example,3,1,556,4,love website online
send gift online dubai,4,1,556,5,how to send gift online d
site wish natal,3,1,556,4,wish page n
surprise dnd,2,1,556,9,how to surprise d
the wish page count,4,1,556,8,wish page t
what is casual love website,5,1,556,5,what love website
what to do for an online friend's birthday,8,1,556,3,birthday page for online
when was pager used,4,1,556,9,when wish page
wish bakery website,3,1,556,6,wish page b
wish book pages,3,1,556,9,wish page
wish gift website,3,1,556,9,wish page g
wish list site,3,1,556,9,wish page l
wish return policy,3,1,556,8,wish page r
wish site pas cher,4,1,556,5,wish page p
wish spell website,3,1,556,7,wish page s
wish tv facebook page,4,1,556,5,wish page f
wish wheels website,3,1,556,5,wish page w
wish you was alexandra page,5,1,556,5,wish page a
birthday attack formula,3,1,555,4,birthday page for with
birthday banner how to make,5,1,555,5,birthday page for n
birthday book ideas for best friend,6,1,555,5,birthday page for best
birthday coloring page for girls,5,1,555,10,birthday page for g
birthday deals without signing up,5,1,555,8,birthday page for free
birthday pages book,3,1,555,10,birthday page for b
birthday pages.dev,2,1,555,10,birthday page for d
birthday print ideas,3,1,555,7,birthday page for p
birthday quotes on own birthday,5,1,555,4,birthday page for q
birthday site surprise,3,1,555,9,birthday page for s
birthday website canva template,4,1,555,10,birthday page for c
birthday website html code,4,1,555,7,birthday page for h
birthday website interactive,3,1,555,3,birthday page for in
birthday website link tutorial,4,1,555,7,birthday page for l
birthday website tutorial,3,1,555,10,birthday page for t
bupa digital card for family members,6,1,555,10,digital card for f
can i get a digital card for capital one,9,1,555,10,can i digital card for
digital arrival card for phu quoc,6,1,555,8,digital card for q
digital arrival card for sri lanka,6,1,555,10,digital card for s
digital arrival card for thailand from uk,7,1,555,10,digital card for t
digital birthday card for people to sign,7,1,555,10,digital card for p
digital business card for apple,5,1,555,10,digital card for app
digital card battle best partner,5,1,555,9,digital card for best
digital card for contact,4,1,555,10,digital card for c
digital card for fathers day,5,1,555,10,digital card for d
digital card for gcash,4,1,555,10,digital card for g
digital card for marriage online,5,1,555,10,digital card for online
digital card for mundan,4,1,555,10,digital card for m
digital card for thailand entry,5,1,555,10,digital card for e
digital card for wedding kaise banaye,6,1,555,10,digital card for k
digital card for wise,4,1,555,10,digital card for w
digital card invitation template,4,1,555,7,digital card for template
digital card juice,3,1,555,10,digital card for j
digital card letter,3,1,555,10,digital card for l
digital card maker for boyfriend,5,1,555,10,digital card for maker
digital card ubank,3,1,555,3,digital card for u
digital gift card for nintendo switch,6,1,555,10,digital card for n
digital id card for veterans,5,1,555,10,digital card for v
digital invitation card for reception,5,1,555,10,digital card for r
digital sim card for iphone,5,1,555,10,digital card for i
happy birthday coloring page for grandma,6,1,555,10,how birthday page for
homes love in website,4,1,555,10,love website in
how can i send someone a gift card online,9,1,555,5,how to send gift online g
how do you pay with a digital card,8,1,555,8,is it digital card for
how far is albuquerque to surprise arizona,7,1,555,10,is it how to surprise
how to appreciate birthday surprise,5,1,555,10,how to surprise app
how to buy and send gift cards online,8,1,555,8,how to send gift online b
how to buy and send visa gift card online,9,1,555,6,how to send gift online v
how to create surprise,4,1,555,7,how to surprise c
how to give a surprise gift,6,1,555,8,how to surprise q
how to install surprise library in python,7,1,555,10,how to surprise i
how to make digital card for birthday,7,1,555,10,how digital card for
how to reveal surprise gifts on zola,7,1,555,7,how to surprise z
how to send a physical gift card online,8,1,555,9,how to send gift online p
how to send a wawa gift card online,8,1,555,5,how to send gift online w
how to send mcdonalds gift card online,7,1,555,6,how to send gift online m
how to send someone online amazon gift card,8,1,555,10,how to send gift online a
how to surprise a girl online,6,1,555,10,how to surprise online
how to surprise a teacher on her birthday,8,1,555,10,how to surprise a
how to surprise best friend,5,1,555,5,how to surprise best
how to surprise dnd 5e,5,1,555,10,how to surprise d
how to surprise fiance,4,1,555,10,how to surprise f
how to surprise girlfriend when she comes home,8,1,555,8,how to surprise g
how to surprise him on valentine's day,7,1,555,9,how to surprise v
how to surprise husband randomly,5,1,555,10,how to surprise h
how to surprise kids with disney cruise,7,1,555,10,how to surprise k
how to surprise my sister on her birthday,8,1,555,10,how to surprise m
how to surprise partner with pregnancy,6,1,555,10,how to surprise p
how to surprise someone with a gift,7,1,555,10,how to surprise s
how to surprise trade in pokemon shield,7,1,555,10,how to surprise t
how to surprise wife with gifts,6,1,555,10,how to surprise w
how to surprise with tickets,5,1,555,10,how to surprise with
how to surprise your sister on her birthday,8,1,555,10,how to surprise y
i love qatar website,4,1,555,9,love website q
i love you website github,5,1,555,10,love website y
k love website events,4,1,555,10,love website e
love bali website tourist tax,5,1,555,10,love website b
love calculator website,3,1,555,10,love website c
love compatibility website,3,1,555,3,love website z
love confession website template,4,1,555,8,love website template
love does website,3,1,555,10,love website d
love gif website,3,1,555,10,love website g
love hair website,3,1,555,10,love website h
love island usa 2026 website,5,1,555,3,love website 2026
love island usa website application,5,1,555,10,love website app
love journal website,3,1,555,10,love website j
love kand web series cast,5,1,555,10,love website k
love movie website,3,1,555,10,love website m
love note website free,4,1,555,10,love website n
love revolution website,3,1,555,10,love website r
love site for dating,4,1,555,10,love website for
love unseen web series,4,1,555,10,love website u
love victor web series,4,1,555,10,love website v
love web full movie,4,1,555,10,love website f
love web on pemsan tv in english,7,1,555,10,love website o
love web series indian,4,1,555,10,love website s
love web telenovela finale,4,1,555,10,love website t
love your weekend website,4,1,555,10,love website w
send digital card for free,5,1,555,10,digital card for free
virtual birthday party ideas,4,1,555,3,birthday page for v
website love and deepspace,4,1,555,10,love website a
what is girls with love website,6,1,555,6,what love website
what is online love,4,1,555,5,love website online
what to do for someone's birthday online,7,1,555,4,birthday page for online
when was page created,4,1,555,10,when wish page
wish book website,3,1,555,7,wish page b
wish granter website free,4,1,555,10,wish page g
wish list website free,4,1,555,10,wish page l
wish natal site oficial,4,1,555,5,wish page n
wish wedding site,3,1,555,6,wish page w
you love website,3,1,555,4,who love website
best digital card for travel,5,1,554,10,digital card for best
birthday coloring page for grandma,5,1,554,11,birthday page for g
birthday examples,2,1,554,11,birthday page for k
birthday front page design for girl,6,1,554,11,birthday page for d
birthday page maker,3,1,554,5,birthday page for online
birthday page psd,3,1,554,8,birthday page for p
birthday website celebrity,3,1,554,11,birthday page for c
birthday website link source code,5,1,554,8,birthday page for l
birthday website song,3,1,554,10,birthday page for s
birthday website with music,4,1,554,8,birthday page for w
birthday wish website for boyfriend,5,1,554,11,birthday page for b
birthday wishes for public figure,5,1,554,4,birthday page for j
birthday wishes website for free,5,1,554,11,birthday page for f
can i get a digital card for cash app,9,1,554,11,can i digital card for
can i play love and deepspace on website,8,1,554,3,can i love website
can you send someone a virtual gift card,8,1,554,7,how to send gift online v
costco digital card for gas,5,1,554,11,digital card for g
digital arrival card for china,5,1,554,11,digital card for c
digital card for mothers day,5,1,554,11,digital card for d
digital card for my business,5,1,554,11,digital card for m
digital card for wedding muslim,5,1,554,11,digital card for w
digital card for wedding near me,6,1,554,11,digital card for n
digital card game template,4,1,554,8,digital card for template
digital card holder,3,1,554,11,digital card for h
digital card jemputan,3,1,554,11,digital card for j
digital card login,3,1,554,11,digital card for l
digital card maker,3,1,554,11,digital card for maker
digital card ocbc,3,1,554,11,digital card for o
digital card union bank,4,1,554,4,digital card for u
digital credit card for free,5,1,554,11,digital card for free
digital debit card for online purchases,6,1,554,11,digital card for online
digital gift card for restaurants,5,1,554,11,digital card for r
digital gift card for steam,5,1,554,11,digital card for s
digital gift card for texas roadhouse,6,1,554,11,digital card for t
digital id card for kids,5,1,554,11,digital card for k
digital id card for veterans uk,6,1,554,11,digital card for v
digital sim card for europe travel,6,1,554,11,digital card for e
digital suica card for android,5,1,554,11,digital card for a
happy birthday coloring page for dad,6,1,554,11,how birthday page for
how common is it to have surprise twins,8,1,554,11,is it how to surprise
how to draw surprise fold,5,1,554,11,how to surprise d
how to make your own birthday banner,7,1,554,7,birthday page for maker
how to order surprise cake online,6,1,554,11,how to surprise online
how to send a publix gift card online,8,1,554,10,how to send gift online p
how to send an online gift voucher,7,1,554,11,how to send gift online a
how to send costco gift card online,7,1,554,11,how to send gift online c
how to send gift in line,6,1,554,11,how to send gift online in
how to send gifts on tiktok live for free without,10,1,554,3,how to send gift online free
how to send gifts to pakistan from uk online,9,1,554,7,how to send gift online u
how to send mastercard gift card online,7,1,554,7,how to send gift online m
how to send restaurant gift cards online,7,1,554,3,how to send gift online r
how to send shein gift card online,7,1,554,11,how to send gift online s
how to send skip the dishes gift card online,9,1,554,7,how to send gift online d
how to surprise a cat,5,1,554,8,how to surprise c
how to surprise a husband romantically,6,1,554,11,how to surprise a
how to surprise brother with pregnancy,6,1,554,11,how to surprise b
how to surprise family with gender reveal,7,1,554,11,how to surprise f
how to surprise her on valentine's day,7,1,554,10,how to surprise v
how to surprise husband on father's day,7,1,554,11,how to surprise h
how to surprise kids with a trip for christmas,9,1,554,11,how to surprise k
how to surprise my husband,5,1,554,11,how to surprise m
how to surprise proposal ideas,5,1,554,11,how to surprise p
how to surprise someone with disney trip,7,1,554,11,how to surprise s
how to surprise wife on birthday,6,1,554,11,how to surprise o
how to surprise with pregnancy news,6,1,554,11,how to surprise for
how to surprise with pregnancy test,6,1,554,11,how to surprise with
how to surprise your bestie on her birthday,8,1,554,6,how to surprise best
how to surprise your friend on her birthday,8,1,554,11,how to surprise y
i love website ai,4,1,554,5,who love website
i love you website for boyfriend,6,1,554,11,love website y
is digital debit card free,5,1,554,9,is it digital card for
love all website,3,1,554,11,love website a
love area website templates,4,1,554,9,love website template
love bowls website,3,1,554,11,love website b
love craft website,3,1,554,11,love website c
love dev website,3,1,554,11,love website d
love for ethnic website,4,1,554,11,love website e
love garden website,3,1,554,11,love website g
love heaven website,3,1,554,11,love website h
love island website usa vote,5,1,554,11,love website i
love kiss web series,4,1,554,11,love website k
love life website,3,1,554,11,love website l
love match website,3,1,554,11,love website m
love necklace website,3,1,554,11,love website n
love of quilting website,4,1,554,10,love website q
love pdf website,3,1,554,11,love website p
love pink website,3,1,554,11,love website j
love ru website,3,1,554,11,love website r
love share invite website,4,1,554,11,love website in
love site for dating free,5,1,554,11,love website for
love story wedding website,4,1,554,11,love website w
love us web series cast,5,1,554,11,love website u
love web full episodes,4,1,554,11,love website f
love web on pemsan tv defne,6,1,554,11,love website o
love web series on amazon prime,6,1,554,11,love website s
love web telenovela cast,4,1,554,11,love website t
masterwork research wish granted page 3,6,1,554,11,wish page g
my love app website,4,1,554,11,love website app
what is a digital card,5,1,554,11,digital card for y
what is love connect website,5,1,554,7,what love website
when was page az founded,5,1,554,11,when wish page
wish box website,3,1,554,8,wish page b
wish list website reddit,4,1,554,11,wish page l
wish willow site,3,1,554,7,wish page w
best digital card for business,5,1,553,11,digital card for best
birthday coloring page for grandpa,5,1,553,12,birthday page for g
birthday page photo,3,1,553,9,birthday page for p
birthday website letter,3,1,553,9,birthday page for l
birthday website making,3,1,553,12,birthday page for m
birthday website surprise ideas,4,1,553,11,birthday page for s
birthday website with photo,4,1,553,9,birthday page for w
can i love with me,5,1,553,4,can i love website
can i use my digital card for atm,8,1,553,12,can i digital card for
coloring page for happy birthday,5,1,553,9,birthday page for h
digital arrival card for philippines,5,1,553,12,digital card for p
digital card for bhagwat katha,5,1,553,12,digital card for k
digital card for company,4,1,553,7,digital card for for
digital card for photography,4,1,553,12,digital card for x
digital card for students,4,1,553,12,digital card for y
digital card for wedding app,5,1,553,12,digital card for app
digital card happy birthday,4,1,553,12,digital card for h
digital card html template,4,1,553,9,digital card for template
digital card invitation free,4,1,553,12,digital card for in
digital card link,3,1,553,12,digital card for l
digital card maker near me,5,1,553,12,digital card for maker
digital card st jude,4,1,553,12,digital card for j
digital entry card for vietnam,5,1,553,12,digital card for v
digital gift card for dunkin donuts,6,1,553,12,digital card for d
digital gift card for free,5,1,553,12,digital card for free
digital gift card for online purchases,6,1,553,12,digital card for online
digital immigration card for curacao,5,1,553,12,digital card for c
digital invitation card for engagement free,6,1,553,12,digital card for e
digital invitation card for ring ceremony,6,1,553,12,digital card for r
digital invitation card for wedding free,6,1,553,12,digital card for w
digital sorry card for gf,5,1,553,12,digital card for g
digital visa gift card for uk,6,1,553,5,digital card for u
happy birthday coloring page for grandpa,6,1,553,12,how birthday page for
happy birthday page design for girl,6,1,553,12,birthday page for d
honey love apparel website,4,1,553,12,love website app
how far is it from surprise to prescott,8,1,553,12,is it how to surprise
how to draw surprise,4,1,553,12,how to surprise d
how to get digital card for costco,7,1,553,12,how digital card for
how to make a birthday banner,6,1,553,8,birthday page for maker
how to purchase and send gift cards online,8,1,553,11,how to send gift online p
how to send a gift from target online,8,1,553,12,how to send gift online f
how to send a gift to an online friend,9,1,553,12,how to send gift online a
how to send a macy's gift card online,8,1,553,8,how to send gift online m
how to send a virtual gift card,7,1,553,8,how to send gift online v
how to send gift on gpay,6,1,553,7,how to send gift online g
how to send gift to usa from india online,9,1,553,12,how to send gift online in
how to send lcbo gift card online,7,1,553,3,how to send gift online l
how to send online gift to australia,7,1,553,12,how to send gift online t
how to send s gift card online,7,1,553,12,how to send gift online s
how to send taco bell gift card online,8,1,553,10,how to send gift online b
how to send uber gift card online,7,1,553,8,how to send gift online u
how to surprise a dad,5,1,553,12,how to surprise a
how to surprise bg3,4,1,553,12,how to surprise b
how to surprise family with second pregnancy,7,1,553,12,how to surprise f
how to surprise grandparents with gender of baby,8,1,553,10,how to surprise g
how to surprise her,4,1,553,4,how to surprise x
how to surprise husband on anniversary at home,8,1,553,12,how to surprise h
how to surprise kids with vacation,6,1,553,12,how to surprise k
how to surprise my dad on his birthday,8,1,553,12,how to surprise m
how to surprise parents with gender of baby,8,1,553,12,how to surprise p
how to surprise siblings with pregnancy,6,1,553,12,how to surprise s
how to surprise trade in pokemon legends arceus,8,1,553,12,how to surprise t
how to surprise trade pokemon violet,6,1,553,11,how to surprise v
how to surprise with shovel bg3,6,1,553,12,how to surprise with
how to surprise your best friend at school,8,1,553,7,how to surprise best
how to surprise your best friend online,7,1,553,12,how to surprise online
how to surprise your girlfriend on her birthday,8,1,553,12,how to surprise y
i love you website for girlfriend free,7,1,553,12,love website y
is digital business card free,5,1,553,10,is it digital card for
is it love com,4,1,553,3,is it love website
live darts website,3,1,553,12,love website d
love 2026,2,1,553,5,love website 2026
love bites website,3,1,553,12,love website b
love connect website,3,1,553,12,love website c
love guaranteed website,3,1,553,12,love website g
love hate inu website,4,1,553,12,love website in
love holidays website not working,5,1,553,12,love website h
love is respect website quiz,5,1,553,11,love website q
love island usa website watch,5,1,553,12,love website w
love junk website,3,1,553,12,love website j
love katha web series,4,1,553,12,love website k
love letter envelope website,4,1,553,12,love website e
love letter website design,4,1,553,12,love website l
love letter website for girlfriend,5,1,553,12,love website for
love magazine website,3,1,553,12,love website m
love notions website,3,1,553,12,love website n
love packages website,3,1,553,12,love website p
love sites in kenya,4,1,553,12,love website i
love unexpected web series,4,1,553,12,love website u
love web film,3,1,553,12,love website f
love web on pemsan tv final episode,7,1,553,12,love website o
love web series list,4,1,553,12,love website s
love web telenovela full episodes,5,1,553,12,love website t
love website,2,1,553,7,love website online
love's rv website,3,1,553,12,love website r
masterwork research wish granted page 5,6,1,553,12,wish page g
nature love website template,4,1,553,10,love website template
new page wishes,3,1,553,7,wish page n
what digital business card,4,1,553,12,what digital card for
what is love me website,5,1,553,8,what love website
when was page published,4,1,553,12,when wish page
who owns websites,3,1,553,6,who love website
wise digital card for travel,5,1,553,12,digital card for t
wish bus website,3,1,553,9,wish page b
wish com website,3,1,553,12,wish page c
wish list website for christmas,5,1,553,12,wish page l
wish your way page,4,1,553,8,wish page w
wishes freepik,2,1,553,4,wish page free
wishlist page design for website,5,1,553,8,wish page f
wishlist page html css,4,1,553,7,wish page h
wishlist page in woocommerce,4,1,553,7,wish page in
2026 love story,3,1,552,6,love website 2026
birthday card front page design free download,7,1,552,11,birthday page for free
birthday card pagemaker,3,1,552,9,birthday page for maker
birthday cover page design for girl,6,1,552,13,birthday page for d
birthday website legit,3,1,552,10,birthday page for l
birthday website message,3,1,552,13,birthday page for m
birthday wish website,3,1,552,9,wish page w
birthday wishes website for best friend,6,1,552,13,birthday page for b
can i love someone,4,1,552,5,can i love website
can i use a digital card for amazon,8,1,552,13,can i digital card for
digital card atm japan,4,1,552,13,digital card for j
digital card for bengali wedding,5,1,552,13,digital card for b
digital card for doctors,4,1,552,8,digital card for for
digital card for gf,4,1,552,13,digital card for x
digital card for multiple people to sign,7,1,552,13,digital card for p
digital card for valentines day,5,1,552,13,digital card for d
digital card hdfc,3,1,552,13,digital card for h
digital card ing,3,1,552,13,digital card for in
digital card invitation template free,5,1,552,10,digital card for template
digital card lock,3,1,552,13,digital card for l
digital card maker online free,5,1,552,13,digital card for maker
digital card on phone,4,1,552,13,digital card for o
digital card to use online,5,1,552,6,digital card for u
digital card video,3,1,552,13,digital card for v
digital debit card for free,5,1,552,13,digital card for free
digital gift card for amazon,5,1,552,13,digital card for a
digital gift card for kindle,5,1,552,13,digital card for k
digital gift card for robux,5,1,552,13,digital card for r
digital gift card for starbucks,5,1,552,13,digital card for s
digital gift card for taco bell,6,1,552,13,digital card for t
digital invitation card for griha pravesh,6,1,552,13,digital card for g
digital loyalty card for apple wallet,6,1,552,13,digital card for app
digital memory card for camera,5,1,552,13,digital card for c
digital punch card for employees,5,1,552,13,digital card for e
digital suica card for iphone,5,1,552,13,digital card for i
digital world card,3,1,552,7,digital card for 2026
front page for happy birthday,5,1,552,10,birthday page for h
happy birthday page for girl,5,1,552,13,birthday page for g
how far is it from surprise to sedona,8,1,552,13,is it how to surprise
how to do surprise,4,1,552,13,how to surprise d
how to get digital card for cash app,8,1,552,13,how digital card for
how to install surprise package in jupyter notebook,8,1,552,13,how to surprise i
how to make a disney surprise video,7,1,552,12,how to surprise v
how to send a 7 brew gift card online,9,1,552,11,how to send gift online b
how to send a money gift online,7,1,552,13,how to send gift online a
how to send a nordstrom gift card online,8,1,552,9,how to send gift online n
how to send a panera gift card online,8,1,552,12,how to send gift online p
how to send a visa gift card to someone online,10,1,552,13,how to send gift online s
how to send gift on reels,6,1,552,5,how to send gift online r
how to send gift on zepeto,6,1,552,3,how to send gift online z
how to send starbucks gift card online,7,1,552,13,how to send gift online c
how to send uber eats gift card online,8,1,552,3,how to send gift online e
how to send ulta gift card online,7,1,552,9,how to send gift online u
how to surprise a friend,5,1,552,13,how to surprise a
how to surprise boyfriend with pregnancy,6,1,552,13,how to surprise b
how to surprise friend on his birthday,7,1,552,13,how to surprise f
how to surprise friends,4,1,552,3,how to surprise free
how to surprise girlfriend with proposal,6,1,552,11,how to surprise g
how to surprise great grandma with pregnancy,7,1,552,8,how to surprise best
how to surprise husband after a long trip,8,1,552,13,how to surprise h
how to surprise kids with new house,7,1,552,13,how to surprise k
how to surprise my husband on his birthday at home,10,1,552,13,how to surprise m
how to surprise parents with pregnancy long distance,8,1,552,13,how to surprise p
how to surprise someone with tickets,6,1,552,13,how to surprise s
how to surprise the family with a pregnancy,8,1,552,13,how to surprise t
how to surprise with football tickets,6,1,552,13,how to surprise with
how to surprise your husband at home,7,1,552,13,how to surprise y
how wishes,2,1,552,3,how wish page
i love egg website,4,1,552,13,love website e
is dear lover a legit website,6,1,552,7,who love website
is it love online game,5,1,552,4,is it love website
jesus love you website,4,1,552,13,love website y
love bridge website,3,1,552,13,love website b
love chat website,3,1,552,13,love website c
love doctor website,3,1,552,13,love website d
love fate website,3,1,552,13,love website f
love groomers website,3,1,552,13,love website g
love handles website,3,1,552,13,love website h
love island app website,4,1,552,13,love website app
love island website vote tonight,5,1,552,13,love website v
love kills web series cast,5,1,552,13,love website k
love letter in website,4,1,552,13,love website in
love letter website for free,5,1,552,13,love website for
love letter website maker free,5,1,552,4,love website maker
love luxury website london,4,1,552,13,love website l
love mail website,3,1,552,13,love website m
love nudge website,3,1,552,13,love website n
love preloved website,3,1,552,13,love website p
love republic website,3,1,552,13,love website r
love soho jeans website,4,1,552,13,love website j
love undercover web series,4,1,552,13,love website u
love web on pemsan tv today youtube,7,1,552,13,love website o
love web series on mx player,6,1,552,13,love website s
love web turkish movie,4,1,552,13,love website t
masterwork research wish granted page 4,6,1,552,13,wish page g
page love it or list it,6,1,552,13,love website i
stitches of love quilting website,5,1,552,12,love website q
surprise car,2,1,552,10,how to surprise c
web page for birthday wishes,5,1,552,7,birthday page for online
websites to find love,4,1,552,4,how love website
what love is online,4,1,552,9,what love website
when was pagemaster released,4,1,552,13,when wish page
who surprise,2,1,552,4,who how to surprise
wish chinese website,3,1,552,13,wish page c
wish ke blog,3,1,552,9,wish page k
wish love website,3,1,552,13,wish page l
wish you year,3,1,552,8,wish page y
wishlist page design in html,5,1,552,8,wish page in
wishlist page ui design,4,1,552,6,wish page u
with love website,3,1,552,13,love website w
a love website,3,1,551,13,love website q
best digital card for onlyfans,5,1,551,13,digital card for best
birthday card front page design for sister,7,1,551,13,birthday page for s
birthday celebration front page,4,1,551,12,birthday page for free
birthday page generator,3,1,551,14,birthday page for g
birthday website builder,3,1,551,14,birthday page for b
birthday website layout,3,1,551,11,birthday page for l
birthday wishes website for friend,5,1,551,14,birthday page for f
can i love anyone,4,1,551,6,can i love website
can i say surprise,4,1,551,5,can i how to surprise
can i use a digital card for afterpay,8,1,551,14,can i digital card for
cover page for happy birthday,5,1,551,11,birthday page for h
digital arrival card for cambodia,5,1,551,14,digital card for c
digital arrival card for turkey,5,1,551,14,digital card for t
digital business card for apple watch,6,1,551,14,digital card for app
digital business card for phone,5,1,551,14,digital card for p
digital card battle jamming,4,1,551,14,digital card for j
digital card design,3,1,551,14,digital card for d
digital card for 25th wedding anniversary,6,1,551,8,digital card for 2026
digital card for aqiqah,4,1,551,12,digital card for q
digital card for baby,4,1,551,14,digital card for y
digital card how to make,5,1,551,14,digital card for h
digital card invitation video,4,1,551,14,digital card for in
digital card letter template,4,1,551,11,digital card for template
digital card love letter,4,1,551,14,digital card for l
digital card maker online,4,1,551,14,digital card for maker
digital card on cash app,5,1,551,14,digital card for o
digital card visa,3,1,551,14,digital card for v
digital gift card for kroger,5,1,551,14,digital card for k
digital gift card for sephora,5,1,551,14,digital card for s
digital invitation card for retirement,5,1,551,14,digital card for r
digital invitation card for wedding video,6,1,551,14,digital card for w
digital loyalty card for free,5,1,551,14,digital card for free
digital membership card for national trust,6,1,551,14,digital card for n
digital scratch card for gender reveal,6,1,551,14,digital card for g
digital smart card for ex servicemen,6,1,551,14,digital card for e
father's day surprise,3,1,551,14,how to surprise o
happy birthday coloring pages for adults,6,1,551,14,how birthday page for
happy birthday page maker,4,1,551,10,birthday page for maker
hidden love in website,4,1,551,14,love website in
how do digital cards work,5,1,551,12,is it digital card for
how facebook page work,4,1,551,4,how wish page
how far is it from mesa to surprise,8,1,551,14,is it how to surprise
how to buy and send amazon gift card online,9,1,551,12,how to send gift online b
how to caption a surprise gift,6,1,551,11,how to surprise c
how to create a love website,6,1,551,5,how love website
how to draw surprise pop up,6,1,551,14,how to surprise d
how to install surprise in python,6,1,551,14,how to surprise i
how to send a gift delivery on uber eats,9,1,551,14,how to send gift online a
how to send a marshalls gift card online,8,1,551,10,how to send gift online m
how to send a nintendo gift card online,8,1,551,10,how to send gift online n
how to send an online uber eats gift card,9,1,551,10,how to send gift online u
how to send gift on flipkart,6,1,551,3,how to send gift online 2027
how to send gift on zomato app,7,1,551,4,how to send gift online z
how to send gifts online to lucknow,7,1,551,5,how to send gift online l
how to send online chick fil a gift card,9,1,551,14,how to send gift online f
how to send online target gift card,7,1,551,14,how to send gift online t
how to send steam gift card online,7,1,551,14,how to send gift online c
how to send virtual gift on instagram,7,1,551,10,how to send gift online v
how to surprise at home,5,1,551,14,how to surprise app
how to surprise attack bg3,5,1,551,14,how to surprise a
how to surprise friend birthday,5,1,551,4,how to surprise free
how to surprise friends with gender reveal,7,1,551,14,how to surprise f
how to surprise great grandparents with pregnancy,7,1,551,9,how to surprise best
how to surprise groom on wedding day,7,1,551,12,how to surprise g
how to surprise husband romantically,5,1,551,14,how to surprise h
how to surprise kids with beach vacation,7,1,551,14,how to surprise k
how to surprise my husband that i am pregnant,9,1,551,14,how to surprise m
how to surprise pregnancy to husband,6,1,551,14,how to surprise p
how to surprise someone with a cruise,7,1,551,14,how to surprise s
how to surprise teenager with car,6,1,551,14,how to surprise t
how to surprise with a cruise,6,1,551,14,how to surprise with
how to surprise your ex girlfriend,6,1,551,14,how to surprise e
how to surprise.someone.on.their birthday online,5,1,551,14,how to surprise online
how to vote for surprise song 5sos,7,1,551,13,how to surprise v
i love you website template,5,1,551,12,love website template
is it love series,4,1,551,5,is it love website
love & lemons website,4,1,551,14,love website l
love again jen website,4,1,551,14,love website j
love bali website visa,4,1,551,14,love website v
love bird website,3,1,551,14,love website b
love dogs website,3,1,551,14,love website d
love fish website,3,1,551,14,love website f
love gift website free,4,1,551,14,love website g
love homepage,2,1,551,14,love website a
love house website,3,1,551,14,love website h
love island paige,3,1,551,14,love website i
love island usa app website,5,1,551,14,love website app
love kdrama site,3,1,551,14,love website k
love letter website for boyfriend,5,1,551,14,love website for
love marriage website,3,1,551,14,love website m
love netflix web series,4,1,551,14,love website n
love poem website,3,1,551,14,love website p
love romance website,3,1,551,14,love website r
love video 2025,3,1,551,7,love website 2026
love web on,3,1,551,14,love website o
love web series korean,4,1,551,14,love website s
love web telenovela on pemsan tv,6,1,551,14,love website t
love's careers website,3,1,551,14,love website c
malaysia digital arrival card for us citizens,7,1,551,7,digital card for u
masterwork research wish granted page 2,6,1,551,14,wish page g
one wish willow page,4,1,551,10,wish page w
page for birthday wishes,4,1,551,11,birthday page for w
we love eyes website,4,1,551,14,love website e
we love you website,4,1,551,14,love website y
web for love,3,1,551,10,what love website
what is digital card example,5,1,551,14,what digital card for
what is digital disembarkation card for india,7,1,551,10,why digital card for
when was paget brewster on criminal minds,7,1,551,14,when wish page
who love us,3,1,551,8,who love website
who surprise everyone and how,5,1,551,5,who how to surprise
will pagemaker run on windows 10,6,1,551,4,wish page maker
wish apps,2,1,551,5,wish page app
wish company website,3,1,551,14,wish page c
wish luck website,3,1,551,14,wish page l
wish psd,2,1,551,6,wish page free
wish you a paper,4,1,551,9,wish page y
wishlist page codepen,3,1,551,10,wish page k
wishlist page design website,4,1,551,14,wish page d
wishlist page template bootstrap,4,1,551,13,wish page t
wishlist page ui,3,1,551,7,wish page u
with love website reviews,4,1,551,14,love website w
2026 love story video,4,1,550,8,love website 2026
best digital card for kids,5,1,550,14,digital card for best
birthday page github,3,1,550,15,birthday page for g
birthday page image,3,1,550,8,birthday page for in
birthday site demo vercel app,5,1,550,15,birthday page for d
birthday website banner,3,1,550,15,birthday page for b
birthday website ideas for friends,5,1,550,15,birthday page for f
birthday website templates free editable,5,1,550,11,birthday page for template
birthday website theme,3,1,550,15,birthday page for t
birthday wishes for love page,5,1,550,12,birthday page for l
blank page for birthday wishes,5,1,550,12,birthday page for w
can i add digital card to apple pay,8,1,550,15,can i digital card for
can i love someone without meeting,6,1,550,7,can i love website
canva love letter website template,5,1,550,13,love website template
cover page for birthday scrapbook,5,1,550,14,birthday page for s
create digital card for wedding,5,1,550,15,digital card for w
digital card app,3,1,550,15,digital card for a
digital card download,3,1,550,15,digital card for d
digital card for bangkok,4,1,550,15,digital card for b
digital card for friends,4,1,550,12,digital card for z
digital card frame,3,1,550,15,digital card for x
digital card grading,3,1,550,15,digital card for g
digital card huntington bank,4,1,550,15,digital card for h
digital card id,3,1,550,15,digital card for i
digital card in uk,4,1,550,15,digital card for in
digital card kya hota hai,5,1,550,15,digital card for k
digital card logo,3,1,550,15,digital card for l
digital card maker app,4,1,550,15,digital card for maker
digital card online maker,4,1,550,15,digital card for o
digital card scheme,3,1,550,4,digital card for 2027
digital card unibank,3,1,550,8,digital card for u
digital card visit,3,1,550,15,digital card for v
digital christmas card for free,5,1,550,15,digital card for free
digital entry card for singapore,5,1,550,15,digital card for s
digital game card for nintendo switch,6,1,550,15,digital card for n
digital gift card for chick fil a,7,1,550,15,digital card for c
digital gift card for playstation,5,1,550,15,digital card for p
digital gift card for tj maxx,6,1,550,15,digital card for t
digital india goals for 2026,5,1,550,9,digital card for 2026
digital invitation card for wedding template,6,1,550,12,digital card for template
digital myki card for apple,5,1,550,15,digital card for app
digital tachograph card for enforcement authorities,6,1,550,15,digital card for e
digitek card reader,3,1,550,15,digital card for r
front page for happy birthday card,6,1,550,12,birthday page for h
happy birthday coloring pages for girls,6,1,550,15,how birthday page for
how can i surprise someone on their birthday,8,1,550,6,can i how to surprise
how far is it from flagstaff to surprise arizona,9,1,550,15,is it how to surprise
how to caption birthday surprise,5,1,550,12,how to surprise c
how to define surprise,4,1,550,15,how to surprise d
how to love web series,5,1,550,6,how love website
how to make surprise,4,1,550,4,how to surprise maker
how to say surprise in spanish,6,1,550,15,how to surprise i
how to send a gift to a carnival cruise passenger online,11,1,550,14,how to send gift online p
how to send a tj maxx gift card online,9,1,550,11,how to send gift online m
how to send cake and gifts online,7,1,550,15,how to send gift online a
how to send doordash gift card online,7,1,550,15,how to send gift online c
how to send gift on courier,6,1,550,5,how to send gift online k
how to send gift order on zomato,7,1,550,5,how to send gift online z
how to send gifts from one place to another,9,1,550,9,why how to send gift online
how to send gifts on reel,6,1,550,10,how to send gift online g
how to send online gift card to someone,8,1,550,15,how to send gift online t
how to send sam's club gift card online,8,1,550,15,how to send gift online s
how to surprise a friend online,6,1,550,5,how to surprise free
how to surprise ansur bg3,5,1,550,15,how to surprise a
how to surprise birthday girl,5,1,550,15,how to surprise b
how to surprise boyfriend on birthday,6,1,550,15,how to surprise o
how to surprise family with gender of baby,8,1,550,15,how to surprise f
how to surprise gift a phone,6,1,550,13,how to surprise g
how to surprise husband that i'm pregnant,7,1,550,15,how to surprise h
how to surprise kids with forrest frank tickets,8,1,550,15,how to surprise k
how to surprise my husband on anniversary,7,1,550,15,how to surprise m
how to surprise on her birthday,6,1,550,15,how to surprise in
how to surprise propose a girl,6,1,550,15,how to surprise p
how to surprise someone with a car,7,1,550,15,how to surprise s
how to surprise someone with concert tickets online,8,1,550,15,how to surprise online
how to surprise surprise,4,1,550,6,who how to surprise
how to surprise the wife,5,1,550,15,how to surprise t
how to surprise your father on his birthday,8,1,550,15,how to surprise y
i love you website link qr code,7,1,550,15,love website y
inmate love website,3,1,550,15,love website in
is digital aadhaar card valid,5,1,550,13,is it digital card for
is it love story,4,1,550,6,is it love website
love & lore website,4,1,550,15,love website l
love bags website,3,1,550,15,love website b
love corn website,3,1,550,15,love website c
love dress website,3,1,550,15,love website d
love golf website,3,1,550,15,love website g
love happens website,3,1,550,15,love website h
love heals jewelry website,4,1,550,15,love website j
love holidays website not app,5,1,550,15,love website app
love island australia website,4,1,550,15,love website a
love island episodes website,4,1,550,15,love website e
love island sites,3,1,550,15,love website i
love island website for voting,5,1,550,15,love website for
love island website vote free,5,1,550,15,love website v
love language quiz website,4,1,550,14,love website q
love matters website,3,1,550,15,love website m
love my freedom website,4,1,550,4,love website free
love new web series,4,1,550,15,love website n
love parasols website,3,1,550,15,love website p
love remedy website,3,1,550,15,love website r
love test website,3,1,550,15,love website t
love web on pemsan tv full episodes,7,1,550,15,love website o
love web series kannada,4,1,550,15,love website k
love web series tamil dubbed,5,1,550,15,love website s
love website dating site,4,1,550,10,love website online
malaysia digital arrival card for jb,6,1,550,15,digital card for j
masterwork research wish granted page 6,6,1,550,15,wish page g
rainbow kitten surprise how to vinyl,6,1,550,14,how to surprise v
send gift online in dubai,5,1,550,15,how to send gift online i
send gifts online same day delivery,6,1,550,8,which how to send gift online
the last wish book page count,6,1,550,12,wish page b
the last wish witcher page count,6,1,550,11,wish page w
what is digital card app,5,1,550,15,what digital card for
what is digital id card for,6,1,550,11,why digital card for
what is love web series,5,1,550,11,what love website
when was pagerank invented,4,1,550,15,when wish page
who lovers,2,1,550,9,who love website
will pagemaker work on windows 10,6,1,550,5,wish page maker
wish clothing website,3,1,550,15,wish page c
wish kg,2,1,550,11,wish page k
wish you pay,3,1,550,10,wish page y
wishlist page design mobile,4,1,550,6,wish page app
wishlist page figma,3,1,550,11,wish page f
wishlist page html css js,5,1,550,10,wish page h
wishlist page ideas,3,1,550,8,wish page u
