suggestion,words,prefix_hits,relevance,best_rank,source_prefixes
what to give gifts for girlfriend,6,12,557,3,gift ideas for girlfriend q | gift ideas for girlfriend x | gift ideas for girlfriend z | gift ideas for girlfriend free | gift ideas for girlfriend online | gift ideas for girlfriend without | gift ideas for girlfriend app | can i gift ideas for girlfriend | best gift for girlfriend q | best gift for girlfriend x | best gift for girlfriend z | best gift for girlfriend free
gift ideas for boyfriend birthday,5,9,1250,1,gift ideas for boyfriend | gift ideas for boyfriend  | gift ideas for boyfriend b | how gift ideas for boyfriend | what gift ideas for boyfriend | when gift ideas for boyfriend | why gift ideas for boyfriend | which gift ideas for boyfriend | who gift ideas for boyfriend
gift ideas for boyfriend handmade,5,9,1250,1,gift ideas for boyfriend | gift ideas for boyfriend  | gift ideas for boyfriend h | gift ideas for boyfriend maker | how gift ideas for boyfriend | when gift ideas for boyfriend | why gift ideas for boyfriend | which gift ideas for boyfriend | who gift ideas for boyfriend
gift ideas for boyfriend pinterest,5,9,1250,1,gift ideas for boyfriend | gift ideas for boyfriend  | gift ideas for boyfriend p | gift ideas for boyfriend q | gift ideas for boyfriend x | gift ideas for boyfriend z | gift ideas for boyfriend template | gift ideas for boyfriend 2026 | which gift ideas for boyfriend
gift ideas for boyfriend reddit,5,9,1250,1,gift ideas for boyfriend | gift ideas for boyfriend  | gift ideas for boyfriend r | how gift ideas for boyfriend | what gift ideas for boyfriend | when gift ideas for boyfriend | why gift ideas for boyfriend | which gift ideas for boyfriend | who gift ideas for boyfriend
gift ideas for girlfriend birthday,5,9,1250,1,gift ideas for girlfriend | gift ideas for girlfriend  | gift ideas for girlfriend b | how gift ideas for girlfriend | what gift ideas for girlfriend | when gift ideas for girlfriend | why gift ideas for girlfriend | which gift ideas for girlfriend | who gift ideas for girlfriend
gift ideas for girlfriend day,5,9,1250,1,gift ideas for girlfriend | gift ideas for girlfriend  | gift ideas for girlfriend d | how gift ideas for girlfriend | what gift ideas for girlfriend | when gift ideas for girlfriend | why gift ideas for girlfriend | which gift ideas for girlfriend | who gift ideas for girlfriend
gift ideas for girlfriend reddit,5,9,1250,1,gift ideas for girlfriend | gift ideas for girlfriend  | gift ideas for girlfriend r | how gift ideas for girlfriend | what gift ideas for girlfriend | when gift ideas for girlfriend | why gift ideas for girlfriend | which gift ideas for girlfriend | who gift ideas for girlfriend
gift ideas for boyfriend aesthetic,5,9,601,1,gift ideas for boyfriend a | gift ideas for boyfriend k | gift ideas for boyfriend q | gift ideas for boyfriend x | gift ideas for boyfriend z | gift ideas for boyfriend free | gift ideas for boyfriend app | gift ideas for boyfriend template | gift ideas for boyfriend 2027
gift ideas for girlfriend,4,9,601,1,gift ideas for girlfriend q | gift ideas for girlfriend x | gift ideas for girlfriend z | gift ideas for girlfriend app | how gift ideas for girlfriend | when gift ideas for girlfriend | why gift ideas for girlfriend | which gift ideas for girlfriend | who gift ideas for girlfriend
best gift for girlfriend in kenya,6,9,600,2,best gift for girlfriend i | best gift for girlfriend k | best gift for girlfriend with | best gift for girlfriend in | how best gift for girlfriend | when best gift for girlfriend | why best gift for girlfriend | which best gift for girlfriend | who best gift for girlfriend
gift ideas for girlfriend 1 year anniversary,7,9,558,7,gift ideas for girlfriend | gift ideas for girlfriend  | gift ideas for girlfriend y | how gift ideas for girlfriend | what gift ideas for girlfriend | when gift ideas for girlfriend | why gift ideas for girlfriend | which gift ideas for girlfriend | who gift ideas for girlfriend
best gift for girlfriend under 500,6,8,1250,1,best gift for girlfriend | best gift for girlfriend  | best gift for girlfriend u | how best gift for girlfriend | when best gift for girlfriend | why best gift for girlfriend | which best gift for girlfriend | who best gift for girlfriend
gift ideas for boyfriend anniversary,5,8,1250,1,gift ideas for boyfriend a | gift ideas for boyfriend app | how gift ideas for boyfriend | what gift ideas for boyfriend | when gift ideas for boyfriend | why gift ideas for boyfriend | which gift ideas for boyfriend | who gift ideas for boyfriend
gift ideas for girlfriend anniversary,5,8,1250,1,gift ideas for girlfriend a | gift ideas for girlfriend app | how gift ideas for girlfriend | what gift ideas for girlfriend | when gift ideas for girlfriend | why gift ideas for girlfriend | which gift ideas for girlfriend | who gift ideas for girlfriend
gift ideas for girlfriend pinterest,5,8,1250,1,gift ideas for girlfriend | gift ideas for girlfriend  | gift ideas for girlfriend p | how gift ideas for girlfriend | when gift ideas for girlfriend | why gift ideas for girlfriend | which gift ideas for girlfriend | who gift ideas for girlfriend
best gift for girlfriend under 1000,6,8,1100,2,best gift for girlfriend | best gift for girlfriend  | best gift for girlfriend u | how best gift for girlfriend | when best gift for girlfriend | why best gift for girlfriend | which best gift for girlfriend | who best gift for girlfriend
best gift for girlfriend birthday under 500,7,8,750,2,best gift for girlfriend | best gift for girlfriend  | best gift for girlfriend b | how best gift for girlfriend | when best gift for girlfriend | why best gift for girlfriend | which best gift for girlfriend | who best gift for girlfriend
best gift for girlfriend under 200,6,8,602,4,best gift for girlfriend | best gift for girlfriend  | best gift for girlfriend u | how best gift for girlfriend | when best gift for girlfriend | why best gift for girlfriend | which best gift for girlfriend | who best gift for girlfriend
gift ideas for boyfriend who has everything,7,8,601,1,gift ideas for boyfriend e | gift ideas for boyfriend h | gift ideas for boyfriend w | how gift ideas for boyfriend | what gift ideas for boyfriend | when gift ideas for boyfriend | why gift ideas for boyfriend | who gift ideas for boyfriend
gift ideas for boyfriend on valentine's day,7,8,562,3,gift ideas for boyfriend o | gift ideas for boyfriend with | gift ideas for boyfriend in | how gift ideas for boyfriend | when gift ideas for boyfriend | why gift ideas for boyfriend | which gift ideas for boyfriend | who gift ideas for boyfriend
best gift for girlfriend day,5,7,1250,1,best gift for girlfriend | best gift for girlfriend  | best gift for girlfriend d | when best gift for girlfriend | why best gift for girlfriend | which best gift for girlfriend | who best gift for girlfriend
best gift for girlfriend handmade,5,7,1250,1,best gift for girlfriend | best gift for girlfriend  | best gift for girlfriend h | best gift for girlfriend maker | when best gift for girlfriend | why best gift for girlfriend | who best gift for girlfriend
gift ideas for boyfriend on his birthday,7,7,1200,2,gift ideas for boyfriend | gift ideas for boyfriend  | gift ideas for boyfriend h | gift ideas for boyfriend o | gift ideas for boyfriend online | gift ideas for boyfriend with | gift ideas for boyfriend in
best gift for girlfriend under 5000,6,7,900,3,best gift for girlfriend | best gift for girlfriend  | best gift for girlfriend u | when best gift for girlfriend | why best gift for girlfriend | which best gift for girlfriend | who best gift for girlfriend
best gift for girlfriend under 100,6,7,601,5,best gift for girlfriend | best gift for girlfriend  | best gift for girlfriend u | when best gift for girlfriend | why best gift for girlfriend | which best gift for girlfriend | who best gift for girlfriend
gift ideas for boyfriend christmas,5,7,601,2,gift ideas for boyfriend c | how gift ideas for boyfriend | what gift ideas for boyfriend | when gift ideas for boyfriend | why gift ideas for boyfriend | which gift ideas for boyfriend | who gift ideas for boyfriend
gift ideas for girlfriend christmas,5,7,601,1,gift ideas for girlfriend c | how gift ideas for girlfriend | what gift ideas for girlfriend | when gift ideas for girlfriend | why gift ideas for girlfriend | which gift ideas for girlfriend | who gift ideas for girlfriend
gift ideas for girlfriend diy,5,7,601,2,gift ideas for girlfriend  | gift ideas for girlfriend d | how gift ideas for girlfriend | when gift ideas for girlfriend | why gift ideas for girlfriend | which gift ideas for girlfriend | who gift ideas for girlfriend
gift ideas for girlfriend india,5,7,601,1,gift ideas for girlfriend n | gift ideas for girlfriend free | gift ideas for girlfriend online | gift ideas for girlfriend without | gift ideas for girlfriend app | gift ideas for girlfriend maker | gift ideas for girlfriend 2027
gift ideas for girlfriend valentines,5,7,601,1,gift ideas for girlfriend v | how gift ideas for girlfriend | what gift ideas for girlfriend | when gift ideas for girlfriend | why gift ideas for girlfriend | which gift ideas for girlfriend | who gift ideas for girlfriend
what can i gift my girlfriend,6,7,600,2,gift ideas for girlfriend x | gift ideas for girlfriend online | gift ideas for girlfriend without | gift ideas for girlfriend app | can i gift ideas for girlfriend | best gift for girlfriend x | best gift for girlfriend online
best gift for girlfriend in pakistan,6,7,560,5,best gift for girlfriend i | best gift for girlfriend with | best gift for girlfriend in | when best gift for girlfriend | why best gift for girlfriend | which best gift for girlfriend | who best gift for girlfriend
gift ideas for girlfriends mom,5,7,558,7,gift ideas for girlfriend | how gift ideas for girlfriend | what gift ideas for girlfriend | when gift ideas for girlfriend | why gift ideas for girlfriend | which gift ideas for girlfriend | who gift ideas for girlfriend
gift ideas for girlfriends dad,5,7,556,9,gift ideas for girlfriend | how gift ideas for girlfriend | what gift ideas for girlfriend | when gift ideas for girlfriend | why gift ideas for girlfriend | which gift ideas for girlfriend | who gift ideas for girlfriend
best gift for girlfriend anniversary,5,6,1250,1,best gift for girlfriend a | best gift for girlfriend app | when best gift for girlfriend | why best gift for girlfriend | which best gift for girlfriend | who best gift for girlfriend
best gift for girlfriend birthday,5,6,1250,1,best gift for girlfriend | best gift for girlfriend  | best gift for girlfriend b | when best gift for girlfriend | why best gift for girlfriend | who best gift for girlfriend
gift ideas for.boyfriend,3,6,600,2,gift ideas for boyfriend k | gift ideas for boyfriend q | gift ideas for boyfriend x | gift ideas for boyfriend z | gift ideas for boyfriend app | gift ideas for boyfriend 2026
gift ideas for boyfriends mom,5,6,561,4,how gift ideas for boyfriend | what gift ideas for boyfriend | when gift ideas for boyfriend | why gift ideas for boyfriend | which gift ideas for boyfriend | who gift ideas for boyfriend
gift ideas for boyfriends parents,5,6,560,5,how gift ideas for boyfriend | what gift ideas for boyfriend | when gift ideas for boyfriend | why gift ideas for boyfriend | which gift ideas for boyfriend | who gift ideas for boyfriend
gift ideas for girlfriends parents,5,6,560,5,how gift ideas for girlfriend | what gift ideas for girlfriend | when gift ideas for girlfriend | why gift ideas for girlfriend | which gift ideas for girlfriend | who gift ideas for girlfriend
gift ideas for boyfriends dad,5,6,558,7,how gift ideas for boyfriend | what gift ideas for boyfriend | when gift ideas for boyfriend | why gift ideas for boyfriend | which gift ideas for boyfriend | who gift ideas for boyfriend
what should i gift my girlfriend,6,6,557,8,gift ideas for girlfriend x | gift ideas for girlfriend online | can i gift ideas for girlfriend | best gift for girlfriend q | best gift for girlfriend x | best gift for girlfriend online
gift ideas for boyfriends family,5,6,556,9,gift ideas for boyfriend f | how gift ideas for boyfriend | what gift ideas for boyfriend | when gift ideas for boyfriend | why gift ideas for boyfriend | who gift ideas for boyfriend
gift ideas for boyfriends sister,5,6,556,9,how gift ideas for boyfriend | what gift ideas for boyfriend | when gift ideas for boyfriend | why gift ideas for boyfriend | which gift ideas for boyfriend | who gift ideas for boyfriend
gift ideas for girlfriend unique,5,6,552,8,gift ideas for girlfriend q | gift ideas for girlfriend free | gift ideas for girlfriend online | gift ideas for girlfriend without | gift ideas for girlfriend app | gift ideas for girlfriend 2027
gift ideas for boyfriend unique,5,5,752,4,gift ideas for boyfriend | gift ideas for boyfriend  | gift ideas for boyfriend q | gift ideas for boyfriend u | gift ideas for boyfriend 2027
best gift for girlfriend christmas,5,5,601,3,best gift for girlfriend c | when best gift for girlfriend | why best gift for girlfriend | which best gift for girlfriend | who best gift for girlfriend
gift ideas for boyfriend,4,5,601,1,how gift ideas for boyfriend | when gift ideas for boyfriend | why gift ideas for boyfriend | which gift ideas for boyfriend | who gift ideas for boyfriend
gift ideas to get my boyfriend,6,5,600,2,gift ideas for boyfriend i | gift ideas for boyfriend k | gift ideas for boyfriend q | gift ideas for boyfriend online | gift ideas for boyfriend app
what are good gift ideas for boyfriend,7,5,600,2,gift ideas for boyfriend z | gift ideas for boyfriend free | gift ideas for boyfriend without | what gift ideas for boyfriend | is it gift ideas for boyfriend
what will be the best gift for girlfriend,8,5,600,2,best gift for girlfriend q | best gift for girlfriend z | best gift for girlfriend best | best gift for girlfriend free | best gift for girlfriend online
gift ideas for boyfriends mum,5,5,555,10,how gift ideas for boyfriend | what gift ideas for boyfriend | when gift ideas for boyfriend | why gift ideas for boyfriend | who gift ideas for boyfriend
gift ideas for girlfriend 30th birthday,6,5,552,13,how gift ideas for girlfriend | when gift ideas for girlfriend | why gift ideas for girlfriend | which gift ideas for girlfriend | who gift ideas for girlfriend
gift ideas for girlfriend 21st birthday,6,5,551,14,how gift ideas for girlfriend | when gift ideas for girlfriend | why gift ideas for girlfriend | which gift ideas for girlfriend | who gift ideas for girlfriend
gift ideas for boyfriend under 500,6,4,1252,1,gift ideas for boyfriend | gift ideas for boyfriend  | gift ideas for boyfriend u | which gift ideas for boyfriend
best gift for girlfriend for first meet,7,4,1250,1,best gift for girlfriend | best gift for girlfriend  | best gift for girlfriend f | best gift for girlfriend for
gift ideas for boyfriend on anniversary,6,4,1250,1,gift ideas for boyfriend | gift ideas for boyfriend  | gift ideas for boyfriend o | gift ideas for boyfriend with
gift ideas for girlfriend handmade,5,4,1250,1,gift ideas for girlfriend | gift ideas for girlfriend  | gift ideas for girlfriend h | gift ideas for girlfriend maker
gift ideas for girlfriend on her birthday,7,4,1250,1,gift ideas for girlfriend | gift ideas for girlfriend  | gift ideas for girlfriend o | gift ideas for girlfriend online
gift ideas for girlfriend on anniversary,6,4,1052,2,gift ideas for girlfriend | gift ideas for girlfriend  | gift ideas for girlfriend o | gift ideas for girlfriend with
best gift for girlfriend on anniversary,6,4,600,3,best gift for girlfriend | best gift for girlfriend  | best gift for girlfriend o | best gift for girlfriend with
best gift for girlfriend on valentine day,7,4,562,3,best gift for girlfriend with | when best gift for girlfriend | why best gift for girlfriend | who best gift for girlfriend
gift ideas for boyfriend affordable,5,4,559,6,gift ideas for boyfriend a | gift ideas for boyfriend free | gift ideas for boyfriend app | gift ideas for boyfriend 2027
gift ideas for boyfriend cute,5,4,556,9,gift ideas for boyfriend c | gift ideas for boyfriend k | gift ideas for boyfriend q | gift ideas for boyfriend x
gift ideas for boyfriend 1 year anniversary,7,4,553,12,gift ideas for boyfriend  | how gift ideas for boyfriend | why gift ideas for boyfriend | which gift ideas for boyfriend
gift ideas for girlfriend's birthday,5,4,553,11,gift ideas for girlfriend z | gift ideas for girlfriend free | gift ideas for girlfriend app | gift ideas for girlfriend maker
best gift for girlfriend low price,6,3,1251,1,best gift for girlfriend | best gift for girlfriend  | best gift for girlfriend l
gift ideas for boyfriend under 2000,6,3,1251,2,gift ideas for boyfriend | gift ideas for boyfriend  | gift ideas for boyfriend u
best gift for girlfriend in flipkart,6,3,1250,2,best gift for girlfriend i | best gift for girlfriend with | best gift for girlfriend in
best gift for girlfriend list,5,3,1250,2,best gift for girlfriend l | best gift for girlfriend x | best gift for girlfriend 2027
gift ideas for boyfriend long distance,6,3,1250,1,gift ideas for boyfriend | gift ideas for boyfriend  | gift ideas for boyfriend l
gift ideas for boyfriend under 200,6,3,1250,3,gift ideas for boyfriend | gift ideas for boyfriend  | gift ideas for boyfriend u
gift ideas for girlfriend graduation,5,3,1250,1,gift ideas for girlfriend | gift ideas for girlfriend  | gift ideas for girlfriend g
gift ideas for girlfriend long distance,6,3,1250,1,gift ideas for girlfriend | gift ideas for girlfriend  | gift ideas for girlfriend l
gift ideas for girlfriend wlw,5,3,1250,1,gift ideas for girlfriend | gift ideas for girlfriend  | gift ideas for girlfriend w
best gift for girlfriend flipkart,5,3,1050,2,best gift for girlfriend | best gift for girlfriend  | best gift for girlfriend f
best gift for girlfriend memorable,5,3,1000,4,best gift for girlfriend m | best gift for girlfriend z | best gift for girlfriend maker
best gift for girlfriend in india,6,3,800,5,best gift for girlfriend i | best gift for girlfriend with | best gift for girlfriend in
gift ideas for boyfriend under 100,6,3,751,5,gift ideas for boyfriend | gift ideas for boyfriend  | gift ideas for boyfriend u
gift ideas for boyfriend under budget,6,3,750,6,gift ideas for boyfriend | gift ideas for boyfriend  | gift ideas for boyfriend u
best gift for girlfriend,4,3,601,1,when best gift for girlfriend | why best gift for girlfriend | who best gift for girlfriend
best gift for girlfriend birthday under 1000,7,3,601,3,best gift for girlfriend | best gift for girlfriend  | best gift for girlfriend b
gift ideas for boyfriend birthday pinterest,6,3,601,2,gift ideas for boyfriend | gift ideas for boyfriend  | gift ideas for boyfriend b
gift ideas for boyfriend homemade,5,3,601,2,gift ideas for boyfriend h | gift ideas for boyfriend maker | gift ideas for boyfriend template
gift ideas for boyfriend in low budget,7,3,601,1,gift ideas for boyfriend i | gift ideas for boyfriend with | gift ideas for boyfriend in
gift ideas for boyfriend quora,5,3,601,1,gift ideas for boyfriend k | gift ideas for boyfriend q | gift ideas for boyfriend z
gift ideas for girlfriend birthday reddit,6,3,601,2,gift ideas for girlfriend | gift ideas for girlfriend  | gift ideas for girlfriend b
gift ideas for girlfriend in christmas,6,3,601,1,gift ideas for girlfriend i | gift ideas for girlfriend n | gift ideas for girlfriend in
gift ideas for girlfriend not jewelry,6,3,601,1,gift ideas for girlfriend j | gift ideas for girlfriend n | gift ideas for girlfriend without
best gift for girlfriend blinkit,5,3,600,4,best gift for girlfriend | best gift for girlfriend  | best gift for girlfriend b
best gift for girlfriend quora,5,3,600,2,best gift for girlfriend q | best gift for girlfriend x | best gift for girlfriend z
gift ideas for boyfriend in long distance relationship,8,3,600,2,gift ideas for boyfriend i | gift ideas for boyfriend with | gift ideas for boyfriend in
gift ideas for boyfriend who is long distance,8,3,600,2,gift ideas for boyfriend i | gift ideas for boyfriend w | who gift ideas for boyfriend
gift ideas for girlfriend in birthday,6,3,600,2,gift ideas for girlfriend i | gift ideas for girlfriend n | gift ideas for girlfriend in
gift ideas for women in their 30s,7,3,562,3,gift ideas for girlfriend i | gift ideas for girlfriend with | gift ideas for girlfriend in
what is best gift for girlfriend on valentine day,9,3,562,3,how best gift for girlfriend | what best gift for girlfriend | is it best gift for girlfriend
gift ideas for women in their 20s,7,3,561,4,gift ideas for girlfriend i | gift ideas for girlfriend with | gift ideas for girlfriend in
what is best gift for girlfriend day,7,3,561,4,how best gift for girlfriend | what best gift for girlfriend | is it best gift for girlfriend
what is the best gift ideas for boyfriend,8,3,561,4,gift ideas for boyfriend i | what gift ideas for boyfriend | is it gift ideas for boyfriend
best gift for girlfriend ever,5,3,560,5,best gift for girlfriend e | best gift for girlfriend q | best gift for girlfriend x
gift ideas for boyfriend on birthday,6,3,560,5,gift ideas for boyfriend o | gift ideas for boyfriend with | gift ideas for boyfriend in
gift ideas for women in their 40s,7,3,560,5,gift ideas for girlfriend i | gift ideas for girlfriend with | gift ideas for girlfriend in
gift ideas for boyfriend from parents,6,3,558,7,gift ideas for boyfriend f | gift ideas for boyfriend with | gift ideas for boyfriend in
gift ideas for boyfriend on christmas,6,3,558,7,gift ideas for boyfriend o | gift ideas for boyfriend with | gift ideas for boyfriend in
gift ideas for women in their 50s,7,3,558,7,gift ideas for girlfriend i | gift ideas for girlfriend with | gift ideas for girlfriend in
gift ideas for women in their 70s,7,3,557,8,gift ideas for girlfriend i | gift ideas for girlfriend with | gift ideas for girlfriend in
what is the best gift for girlfriend on christmas,9,3,557,8,how best gift for girlfriend | what best gift for girlfriend | is it best gift for girlfriend
what is the best gift for girlfriend on new year,10,3,556,9,how best gift for girlfriend | what best gift for girlfriend | is it best gift for girlfriend
what to gift my girlfriend,5,3,555,10,gift ideas for girlfriend x | can i gift ideas for girlfriend | best gift for girlfriend x
gift ideas for boyfriend box,5,3,554,8,gift ideas for boyfriend b | gift ideas for boyfriend x | gift ideas for boyfriend template
gift ideas for boyfriend on valentines,6,3,554,11,gift ideas for boyfriend o | gift ideas for boyfriend with | gift ideas for boyfriend in
best gift for girlfriend in bangladesh,6,3,553,12,best gift for girlfriend i | best gift for girlfriend with | best gift for girlfriend in
gift ideas for boyfriend on diwali,6,3,553,12,gift ideas for boyfriend o | gift ideas for boyfriend with | gift ideas for boyfriend in
gift ideas for girlfriend online,5,3,553,12,gift ideas for girlfriend o | gift ideas for girlfriend z | gift ideas for girlfriend free
gift ideas for boyfriend on first anniversary,7,3,552,13,gift ideas for boyfriend o | gift ideas for boyfriend with | gift ideas for boyfriend in
gift ideas for boyfriend for anniversary,6,2,1253,1,gift ideas for boyfriend f | gift ideas for boyfriend for
best gift for girlfriend for birthday,6,2,1252,1,best gift for girlfriend f | best gift for girlfriend for
gift ideas for boyfriend for father's day,7,2,1252,2,gift ideas for boyfriend f | gift ideas for boyfriend for
best gift for girlfriend for lifetime,6,2,1251,2,best gift for girlfriend f | best gift for girlfriend for
best gift for girlfriend in birthday,6,2,1251,1,best gift for girlfriend i | best gift for girlfriend in
gift ideas for boyfriend for birthday,6,2,1251,3,gift ideas for boyfriend f | gift ideas for boyfriend for
best gift for girlfriend for lifetime memory,7,2,1250,3,best gift for girlfriend f | best gift for girlfriend for
gift ideas for boyfriend diy,5,2,1250,1,gift ideas for boyfriend d | gift ideas for boyfriend maker
gift ideas for boyfriend for 1 year anniversary,8,2,1250,4,gift ideas for boyfriend f | gift ideas for boyfriend for
gift ideas for girlfriend for birthday,6,2,1250,1,gift ideas for girlfriend f | gift ideas for girlfriend for
best gift for girlfriend in sawan,6,2,1050,3,best gift for girlfriend i | best gift for girlfriend in
gift ideas for girlfriend on birthday,6,2,1050,4,gift ideas for girlfriend o | gift ideas for girlfriend with
best gift for girlfriend in blinkit,6,2,900,4,best gift for girlfriend i | best gift for girlfriend in
best gift for girlfriend for anniversary,6,2,850,5,best gift for girlfriend f | best gift for girlfriend for
best gift for girlfriend for daily use,7,2,750,6,best gift for girlfriend f | best gift for girlfriend for
best gift for girlfriend in anniversary,6,2,650,6,best gift for girlfriend i | best gift for girlfriend in
best gift for girlfriend in periods,6,2,603,7,best gift for girlfriend i | best gift for girlfriend in
best gift for girlfriend amazon,5,2,601,1,best gift for girlfriend a | best gift for girlfriend app
best gift for girlfriend for memories,6,2,601,7,best gift for girlfriend f | best gift for girlfriend for
best gift for girlfriend in first meet,7,2,601,9,best gift for girlfriend i | best gift for girlfriend in
best gift for girlfriend radha krishna,6,2,601,3,best gift for girlfriend k | best gift for girlfriend r
gift ideas for boyfriend 2024,5,2,601,1,gift ideas for boyfriend 2026 | gift ideas for boyfriend 2027
gift ideas for boyfriend no money,6,2,601,1,gift ideas for boyfriend n | gift ideas for boyfriend without
gift ideas for boyfriend to show appreciation,7,2,601,1,gift ideas for boyfriend t | gift ideas for boyfriend app
gift ideas for girlfriend for 1 year anniversary,8,2,601,2,gift ideas for girlfriend f | gift ideas for girlfriend for
gift ideas for girlfriend homemade,5,2,601,2,gift ideas for girlfriend h | gift ideas for girlfriend maker
open when gift ideas for boyfriend,6,2,601,1,when gift ideas for boyfriend | is it gift ideas for boyfriend
what good gift for girlfriend,5,2,601,1,how best gift for girlfriend | what best gift for girlfriend
best gift for girlfriend in girlfriend day,7,2,600,10,best gift for girlfriend i | best gift for girlfriend in
gift ideas for best girlfriend,5,2,600,2,gift ideas for girlfriend b | gift ideas for girlfriend best
gift ideas for boyfriend 26th birthday,6,2,600,2,gift ideas for boyfriend 2026 | gift ideas for boyfriend 2027
gift ideas for boyfriend new job,6,2,600,2,gift ideas for boyfriend j | gift ideas for boyfriend n
gift ideas for boyfriend personalized,5,2,600,2,gift ideas for boyfriend p | gift ideas for boyfriend maker
gift ideas for girlfriend on valentine's day,7,2,600,6,gift ideas for girlfriend o | gift ideas for girlfriend with
what best gift for gf,5,2,600,2,how best gift for girlfriend | what best gift for girlfriend
gift ideas for best girlfriend birthday,6,2,562,3,gift ideas for girlfriend b | gift ideas for girlfriend best
gift ideas for boyfriend in anniversary,6,2,562,3,gift ideas for boyfriend i | gift ideas for boyfriend in
what best gift for girls,5,2,562,3,how best gift for girlfriend | what best gift for girlfriend
best gift for girlfriend on blinkit,6,2,561,4,best gift for girlfriend o | best gift for girlfriend with
gift ideas for boyfriend amazon,5,2,561,4,gift ideas for boyfriend a | gift ideas for boyfriend app
gift ideas for boyfriend new relationship,6,2,561,4,gift ideas for boyfriend n | gift ideas for boyfriend r
gift ideas for girlfriend on christmas,6,2,561,4,gift ideas for girlfriend o | gift ideas for girlfriend with
gift ideas for women best friend,6,2,561,4,gift ideas for girlfriend b | gift ideas for girlfriend best
what best gift for women,5,2,561,4,how best gift for girlfriend | what best gift for girlfriend
best gift for girlfriend on first date,7,2,560,5,best gift for girlfriend o | best gift for girlfriend with
best gift for girlfriend to give,6,2,560,5,best gift for girlfriend g | best gift for girlfriend t
gift ideas for boyfriend and girlfriend,6,2,560,5,gift ideas for boyfriend a | gift ideas for boyfriend with
gift ideas for girlfriend on new year,7,2,560,5,gift ideas for girlfriend o | gift ideas for girlfriend with
gift ideas for girlfriend under 200,6,2,560,5,gift ideas for girlfriend u | gift ideas for girlfriend 2027
what the best gift for girlfriend birthday,7,2,560,5,how best gift for girlfriend | what best gift for girlfriend
best gift for your girlfriend you can order from zepto,10,2,559,6,best gift for girlfriend y | best gift for girlfriend z
gift ideas for boyfriend girlfriend,5,2,559,6,gift ideas for girlfriend b | gift ideas for boyfriend g
gift ideas for girlfriend on 1 year anniversary,8,2,559,6,gift ideas for girlfriend o | gift ideas for girlfriend with
gift ideas for girls in their 20s,7,2,559,6,gift ideas for girlfriend i | gift ideas for girlfriend with
best gift for women after giving birth,7,2,558,7,best gift for girlfriend a | best gift for girlfriend g
gift ideas for boyfriend birthday in south africa,8,2,558,6,gift ideas for boyfriend b | gift ideas for boyfriend i
gift ideas for girlfriend on mother's day,7,2,558,7,gift ideas for girlfriend o | gift ideas for girlfriend with
best gift for girlfriend in kenya jumia,7,2,557,8,best gift for girlfriend j | best gift for girlfriend k
best gift ideas for boyfriend reddit,6,2,557,8,gift ideas for boyfriend r | gift ideas for boyfriend best
best gifts for girlfriend not jewelry,6,2,557,8,best gift for girlfriend j | best gift for girlfriend n
gift ideas for boyfriend of 1 year,7,2,557,8,gift ideas for boyfriend o | gift ideas for boyfriend in
gift ideas for boyfriend on 1 year anniversary,8,2,557,8,gift ideas for boyfriend with | gift ideas for boyfriend in
gift ideas for boyfriend starting a new job,8,2,557,8,gift ideas for boyfriend j | gift ideas for boyfriend s
gift ideas for boyfriend who likes video games,8,2,557,6,gift ideas for boyfriend v | gift ideas for boyfriend w
gift ideas for boyfriends parents christmas,6,2,557,8,gift ideas for boyfriend p | which gift ideas for boyfriend
gift ideas for girlfriend under 2000,6,2,557,8,gift ideas for girlfriend u | gift ideas for girlfriend 2027
gift ideas for women in their 60s,7,2,557,8,gift ideas for girlfriend i | gift ideas for girlfriend with
best gift for girlfriend from kolkata,6,2,556,9,best gift for girlfriend f | best gift for girlfriend k
diy gift ideas for girlfriend,5,2,556,4,gift ideas for girlfriend without | can i gift ideas for girlfriend
gift ideas for girlfriend useful,5,2,556,9,gift ideas for girlfriend u | gift ideas for girlfriend x
gift ideas for women in 30s,6,2,556,9,gift ideas for girlfriend i | gift ideas for girlfriend in
best gift for girlfriend birthday gift,6,2,555,10,best gift for girlfriend g | best gift for girlfriend best
best gift for girlfriend special,5,2,555,10,best gift for girlfriend s | best gift for girlfriend app
gift ideas for boyfriend of 6 months,7,2,555,10,gift ideas for boyfriend o | gift ideas for boyfriend in
gift ideas for girlfriend new year,6,2,555,10,gift ideas for girlfriend n | gift ideas for girlfriend y
best gift for girlfriend in meesho,6,2,554,11,best gift for girlfriend i | best gift for girlfriend in
gift ideas for girlfriend quora,5,2,554,10,gift ideas for girlfriend q | gift ideas for girlfriend z
best gift for girlfriend in hindi,6,2,553,12,best gift for girlfriend i | best gift for girlfriend in
gift ideas for boyfriend useful,5,2,553,12,gift ideas for boyfriend u | gift ideas for boyfriend x
useful gifts for girlfriend,4,2,553,10,best gift for girlfriend best | best gift for girlfriend online
what should i give my girlfriend as a gift,9,2,553,12,gift ideas for girlfriend q | gift ideas for girlfriend online
best gift for gf quora,5,2,552,13,best gift for girlfriend q | best gift for girlfriend z
best gift for girlfriend without money,6,2,552,6,gift ideas for girlfriend without | best gift for girlfriend free
best gift for women who just gave birth,8,2,552,13,best gift for girlfriend g | best gift for girlfriend w
gift ideas for boyfriend's 25th birthday,6,2,552,9,gift ideas for boyfriend | gift ideas for boyfriend 2026
gift ideas for girlfriend 2026,5,2,552,13,gift ideas for girlfriend | gift ideas for girlfriend 
gift ideas for boyfriend on new year,7,2,551,14,gift ideas for boyfriend with | gift ideas for boyfriend in
gift ideas for boyfriend indian,5,2,550,14,gift ideas for boyfriend i | gift ideas for boyfriend k
gift ideas for boyfriend online,5,2,550,8,gift ideas for boyfriend z | gift ideas for boyfriend free
best gift for girlfriend expensive,5,1,1251,1,best gift for girlfriend e
best gift for girlfriend watch,5,1,1251,1,best gift for girlfriend w
best gift for girlfriend chocolate,5,1,1250,1,best gift for girlfriend c
best gift for girlfriend electronics,5,1,1250,2,best gift for girlfriend e
best gift for girlfriend graduation,5,1,1250,1,best gift for girlfriend g
best gift for girlfriend jewelry,5,1,1250,1,best gift for girlfriend j
best gift for girlfriend meeting after long time,8,1,1250,1,best gift for girlfriend m
best gift for girlfriend nepal,5,1,1250,1,best gift for girlfriend n
best gift for girlfriend on her birthday,7,1,1250,1,best gift for girlfriend o
best gift for girlfriend silver,5,1,1250,1,best gift for girlfriend s
best gift for girlfriend to impress her,7,1,1250,1,best gift for girlfriend t
best gift for girlfriend website,5,1,1250,2,best gift for girlfriend w
gift ideas for boyfriend cheap,5,1,1250,1,gift ideas for boyfriend c
gift ideas for boyfriend experiences,5,1,1250,1,gift ideas for boyfriend e
gift ideas for boyfriend graduation,5,1,1250,1,gift ideas for boyfriend g
gift ideas for boyfriend just because,6,1,1250,1,gift ideas for boyfriend j
gift ideas for boyfriend mom,5,1,1250,1,gift ideas for boyfriend m
gift ideas for boyfriend sister,5,1,1250,1,gift ideas for boyfriend s
gift ideas for girlfriend mom,5,1,1250,1,gift ideas for girlfriend m
best gift for girlfriend clothes,5,1,1200,2,best gift for girlfriend c
best gift for girlfriend meesho,5,1,1200,2,best gift for girlfriend m
best gift for girlfriend marriage,5,1,1100,3,best gift for girlfriend m
gift ideas for boyfriend day,5,1,1100,2,gift ideas for boyfriend d
gift ideas for boyfriend going to college,7,1,1100,2,gift ideas for boyfriend g
gift ideas for girlfriend on girlfriend day,7,1,1051,3,gift ideas for girlfriend o
best gift for girlfriend ring,5,1,1001,1,best gift for girlfriend r
best gift for girlfriend reddit,5,1,1000,2,best gift for girlfriend r
best gift for girlfriend to say sorry,7,1,1000,2,best gift for girlfriend t
gift ideas for boyfriend moving away,6,1,950,2,gift ideas for boyfriend m
best gift for girlfriend from blinkit,6,1,751,6,best gift for girlfriend f
best gift for girlfriend from goa,6,1,750,7,best gift for girlfriend f
best gift for girlfriend after fight,6,1,700,2,best gift for girlfriend a
best gift for girlfriend in her birthday,7,1,602,8,best gift for girlfriend in
best gift for girlfriend meeting first time,7,1,602,5,best gift for girlfriend m
best free gifts for girlfriend,5,1,601,1,best gift for girlfriend free
best gift for best girlfriend,5,1,601,1,best gift for girlfriend best
best gift for girl 2026,5,1,601,1,best gift for girlfriend 2026
best gift for girlfriend 2024,5,1,601,1,best gift for girlfriend 2027
best gift for girlfriend according to astrology,7,1,601,3,best gift for girlfriend a
best gift for girlfriend dress,5,1,601,2,best gift for girlfriend d
best gift for girlfriend earrings,5,1,601,3,best gift for girlfriend e
best gift for girlfriend gold,5,1,601,2,best gift for girlfriend g
best gift for girlfriend hamper,5,1,601,2,best gift for girlfriend h
best gift for girlfriend jhumka,5,1,601,2,best gift for girlfriend j
best gift for girlfriend long distance relationship,7,1,601,3,best gift for girlfriend l
best gift for girlfriend making at home,7,1,601,1,best gift for girlfriend maker
best gift for girlfriend monthsary,5,1,601,6,best gift for girlfriend m
best gift for girlfriend new year,6,1,601,2,best gift for girlfriend n
best gift for girlfriend on birthday,6,1,601,1,best gift for girlfriend with
best gift for girlfriend on girlfriend day,7,1,601,2,best gift for girlfriend o
best gift for girlfriend online shopping,6,1,601,1,best gift for girlfriend online
best gift for girlfriend propose,5,1,601,1,best gift for girlfriend p
best gift for girlfriend quotes,5,1,601,1,best gift for girlfriend q
best gift for girlfriend sister,5,1,601,2,best gift for girlfriend s
best gift for girlfriend this christmas,6,1,601,3,best gift for girlfriend t
best gift for girlfriend valentine's day,6,1,601,1,best gift for girlfriend v
best gift for girlfriend when she is angry,8,1,601,3,best gift for girlfriend w
best gift for girlfriend xmas,5,1,601,1,best gift for girlfriend x
best gift for girlfriend zepto,5,1,601,1,best gift for girlfriend z
best gift for korean girlfriend,5,1,601,1,best gift for girlfriend k
best gift for your girlfriend,5,1,601,1,best gift for girlfriend y
dragon ball z gift ideas for boyfriend,7,1,601,1,gift ideas for boyfriend z
free gift ideas for boyfriend,5,1,601,1,gift ideas for boyfriend free
free gift ideas for girlfriend,5,1,601,1,gift ideas for girlfriend free
gift ideas for best boyfriend,5,1,601,1,gift ideas for boyfriend best
gift ideas for boyfriend anniversary 4 year,7,1,601,2,gift ideas for boyfriend a
gift ideas for boyfriend dad,5,1,601,3,gift ideas for boyfriend d
gift ideas for boyfriend expensive,5,1,601,2,gift ideas for boyfriend e
gift ideas for boyfriend first christmas,6,1,601,5,gift ideas for boyfriend f
gift ideas for boyfriend for christmas,6,1,601,5,gift ideas for boyfriend for
gift ideas for boyfriend gay,5,1,601,3,gift ideas for boyfriend g
gift ideas for boyfriend leaving for college,7,1,601,2,gift ideas for boyfriend l
gift ideas for boyfriend monthsary,5,1,601,3,gift ideas for boyfriend m
gift ideas for boyfriend nearby,5,1,601,1,gift ideas for boyfriend n
gift ideas for boyfriend one year anniversary,7,1,601,3,gift ideas for boyfriend o
gift ideas for boyfriend parents,5,1,601,2,gift ideas for boyfriend p
gift ideas for boyfriend reddit ph,6,1,601,2,gift ideas for boyfriend r
gift ideas for boyfriend sentimental,5,1,601,2,gift ideas for boyfriend s
gift ideas for boyfriend that has everything,7,1,601,1,gift ideas for boyfriend t
gift ideas for boyfriend under 1000,6,1,601,7,gift ideas for boyfriend u
gift ideas for boyfriend valentines day,6,1,601,1,gift ideas for boyfriend v
gift ideas for boyfriend who doesn't want anything,8,1,601,1,gift ideas for boyfriend w
gift ideas for boyfriend with no money,7,1,601,1,gift ideas for boyfriend with
gift ideas for boyfriend xmas,5,1,601,1,gift ideas for boyfriend x
gift ideas for boyfriends kids,5,1,601,1,gift ideas for boyfriend k
gift ideas for girlfriend 2024,5,1,601,1,gift ideas for girlfriend 2027
gift ideas for girlfriend at christmas,6,1,601,2,gift ideas for girlfriend a
gift ideas for girlfriend best friend,6,1,601,1,gift ideas for girlfriend best
gift ideas for girlfriend expensive,5,1,601,1,gift ideas for girlfriend e
gift ideas for girlfriend going to college,7,1,601,2,gift ideas for girlfriend g
gift ideas for girlfriend list,5,1,601,2,gift ideas for girlfriend l
gift ideas for girlfriend monthsary,5,1,601,2,gift ideas for girlfriend m
gift ideas for girlfriend one year anniversary,7,1,601,5,gift ideas for girlfriend o
gift ideas for girlfriend proposal,5,1,601,2,gift ideas for girlfriend p
gift ideas for girlfriend reddit ph,6,1,601,2,gift ideas for girlfriend r
gift ideas for girlfriend sri lanka,6,1,601,1,gift ideas for girlfriend s
gift ideas for girlfriend this christmas,6,1,601,1,gift ideas for girlfriend t
gift ideas for girlfriend under 500,6,1,601,1,gift ideas for girlfriend u
gift ideas for girlfriend xmas,5,1,601,1,gift ideas for girlfriend x
gift ideas for girls zepto,5,1,601,1,gift ideas for girlfriend z
gift ideas for him 2026,5,1,601,1,gift ideas for boyfriend 2026
gift ideas for japanese boyfriend,5,1,601,2,gift ideas for boyfriend j
gift ideas for korean girlfriend,5,1,601,1,gift ideas for girlfriend k
gift ideas for men online,5,1,601,1,gift ideas for boyfriend online
gift ideas for women 2026,5,1,601,1,gift ideas for girlfriend 2026
gift ideas for women appreciation day,6,1,601,1,gift ideas for girlfriend app
gift ideas for women online,5,1,601,1,gift ideas for girlfriend online
gift ideas for women qatar,5,1,601,1,gift ideas for girlfriend q
gift ideas for women who have everything,7,1,601,2,gift ideas for girlfriend w
gift ideas for your boyfriend,5,1,601,1,gift ideas for boyfriend y
gift ideas for your girlfriend,5,1,601,1,gift ideas for girlfriend y
gift ideas i can make for my girlfriend,8,1,601,1,can i gift ideas for girlfriend
just because gift ideas for girlfriend,6,1,601,1,gift ideas for girlfriend j
what are gift ideas for boyfriend,6,1,601,1,what gift ideas for boyfriend
what best gift for girlfriend,5,1,601,1,how best gift for girlfriend
what gift ideas for women,5,1,601,1,what gift ideas for girlfriend
what is best gift for girlfriend,6,1,601,1,is it best gift for girlfriend
which best gift for girls,5,1,601,1,which best gift for girlfriend
best gift for best girlfriend birthday,6,1,600,2,best gift for girlfriend best
best gift for girlfriend 200,5,1,600,2,best gift for girlfriend 2027
best gift for girlfriend cheap,5,1,600,4,best gift for girlfriend c
best gift for girlfriend daily use,6,1,600,3,best gift for girlfriend d
best gift for girlfriend engagement,5,1,600,4,best gift for girlfriend e
best gift for girlfriend first date,6,1,600,9,best gift for girlfriend f
best gift for girlfriend for valentine's day,7,1,600,8,best gift for girlfriend for
best gift for girlfriend homemade,5,1,600,3,best gift for girlfriend h
best gift for girlfriend low budget,6,1,600,4,best gift for girlfriend l
best gift for girlfriend mother,5,1,600,7,best gift for girlfriend m
best gift for girlfriend nearby,5,1,600,3,best gift for girlfriend n
best gift for girlfriend philippines,5,1,600,2,best gift for girlfriend p
best gift for girlfriend reddit ph,6,1,600,4,best gift for girlfriend r
best gift for girlfriend simple,5,1,600,3,best gift for girlfriend s
best gift for girlfriend teddy,5,1,600,4,best gift for girlfriend t
best gift for girlfriend under 2000,6,1,600,6,best gift for girlfriend u
best gift for girlfriend wedding,5,1,600,4,best gift for girlfriend w
best gift for girls graduation,5,1,600,3,best gift for girlfriend g
best gift for girls kids,5,1,600,2,best gift for girlfriend k
best gift for girls online,5,1,600,2,best gift for girlfriend online
best gift for girls zepto,5,1,600,2,best gift for girlfriend z
best gift for women 2026,5,1,600,2,best gift for girlfriend 2026
best gift for your girlfriend birthday,6,1,600,2,best gift for girlfriend y
best gifts for gf xmas,5,1,600,2,best gift for girlfriend x
best gifts for girlfriend japan,5,1,600,3,best gift for girlfriend j
best gifts for girlfriend vogue,5,1,600,2,best gift for girlfriend v
diy gift ideas for boyfriend,5,1,600,2,gift ideas for boyfriend without
free birthday gift ideas for boyfriend,6,1,600,2,gift ideas for boyfriend free
free birthday gift ideas for girlfriend,6,1,600,2,gift ideas for girlfriend free
gift basket ideas for boyfriend valentine's day,7,1,600,2,gift ideas for boyfriend v
gift guide for him 2026,5,1,600,2,gift ideas for boyfriend 2026
gift ideas for a girlfriend,5,1,600,3,gift ideas for girlfriend a
gift ideas for bf dad,5,1,600,4,gift ideas for boyfriend d
gift ideas for bf xmas,5,1,600,2,gift ideas for boyfriend x
gift ideas for boyfriend anniversary 2 year,7,1,600,3,gift ideas for boyfriend a
gift ideas for boyfriend birthday handmade,6,1,600,3,gift ideas for boyfriend b
gift ideas for boyfriend clothing,5,1,600,3,gift ideas for boyfriend c
gift ideas for boyfriend etsy,5,1,600,3,gift ideas for boyfriend e
gift ideas for boyfriend first anniversary,6,1,600,6,gift ideas for boyfriend f
gift ideas for boyfriend for valentine's day,7,1,600,6,gift ideas for boyfriend for
gift ideas for boyfriend gadgets,5,1,600,4,gift ideas for boyfriend g
gift ideas for boyfriend high school,6,1,600,3,gift ideas for boyfriend h
gift ideas for boyfriend list,5,1,600,3,gift ideas for boyfriend l
gift ideas for boyfriend meaningful,5,1,600,4,gift ideas for boyfriend m
gift ideas for boyfriend one month anniversary,7,1,600,4,gift ideas for boyfriend o
gift ideas for boyfriend personalised,5,1,600,3,gift ideas for boyfriend p
gift ideas for boyfriend quiz,5,1,600,2,gift ideas for boyfriend q
gift ideas for boyfriend small,5,1,600,3,gift ideas for boyfriend s
gift ideas for boyfriend turning 30,6,1,600,2,gift ideas for boyfriend t
gift ideas for boyfriend under 300,6,1,600,8,gift ideas for boyfriend u
gift ideas for cool boyfriend,5,1,600,2,gift ideas for boyfriend best
gift ideas for girlfriend christmas 2025,6,1,600,2,gift ideas for girlfriend c
gift ideas for girlfriend dad,5,1,600,3,gift ideas for girlfriend d
gift ideas for girlfriend etsy,5,1,600,2,gift ideas for girlfriend e
gift ideas for girlfriend first christmas,6,1,600,3,gift ideas for girlfriend f
gift ideas for girlfriend for christmas,6,1,600,3,gift ideas for girlfriend for
gift ideas for girlfriend in 20s,6,1,600,2,gift ideas for girlfriend n
gift ideas for girlfriend lesbian,5,1,600,3,gift ideas for girlfriend l
gift ideas for girlfriend moving away,6,1,600,3,gift ideas for girlfriend m
gift ideas for girlfriend no money,6,1,600,2,gift ideas for girlfriend without
gift ideas for girlfriend parents,5,1,600,3,gift ideas for girlfriend p
gift ideas for girlfriend reddit india,6,1,600,3,gift ideas for girlfriend r
gift ideas for girlfriend sentimental,5,1,600,2,gift ideas for girlfriend s
gift ideas for girlfriend turning 50,6,1,600,2,gift ideas for girlfriend t
gift ideas for girlfriend under 100,6,1,600,2,gift ideas for girlfriend u
gift ideas for girlfriend's brother,5,1,600,3,gift ideas for girlfriend b
gift ideas for girls handmade,5,1,600,3,gift ideas for girlfriend h
gift ideas for girls kids,5,1,600,2,gift ideas for girlfriend k
gift ideas for girls online,5,1,600,2,gift ideas for girlfriend online
gift ideas for her 2026,5,1,600,2,gift ideas for girlfriend 2026
gift ideas for him just because,6,1,600,3,gift ideas for boyfriend j
gift ideas for japanese girlfriend,5,1,600,2,gift ideas for girlfriend j
gift ideas for korean boyfriend,5,1,600,2,gift ideas for boyfriend k
gift ideas for online bf,5,1,600,2,gift ideas for boyfriend online
gift ideas for runner boyfriend,5,1,600,3,gift ideas for boyfriend r
gift ideas for vietnamese girlfriend,5,1,600,2,gift ideas for girlfriend v
gift ideas for women app,5,1,600,2,gift ideas for girlfriend app
gift ideas for women going through chemo,7,1,600,3,gift ideas for girlfriend g
gift ideas for women quora,5,1,600,2,gift ideas for girlfriend q
gift ideas for women wedding,5,1,600,3,gift ideas for girlfriend w
gift ideas for women xmas,5,1,600,2,gift ideas for girlfriend x
gift ideas for women zepto,5,1,600,2,gift ideas for girlfriend z
gift ideas for your boyfriend's birthday,6,1,600,2,gift ideas for boyfriend y
gift ideas for your girlfriend birthday,6,1,600,2,gift ideas for girlfriend y
what are gift ideas for girlfriend,6,1,600,2,what gift ideas for girlfriend
what is best gift for girlfriend birthday,7,1,600,2,is it best gift for girlfriend
which is best gift for girlfriend birthday,7,1,600,2,which best gift for girlfriend
best gift for girlfriend perfume,5,1,562,3,best gift for girlfriend p
best gift for girls kids on birthday,7,1,562,3,best gift for girlfriend k
best gift for her 2026,5,1,562,3,best gift for girlfriend 2026
best gift for women on zepto,6,1,562,3,best gift for girlfriend z
best gift for women xmas,5,1,562,3,best gift for girlfriend x
best gift for your girlfriend on valentine's day,8,1,562,3,best gift for girlfriend y
best gift ideas for boyfriend birthday,6,1,562,3,gift ideas for boyfriend best
best gifts for gf valentines day,6,1,562,3,best gift for girlfriend v
gift ideas for boyfriend grooming kits,6,1,562,3,gift ideas for boyfriend k
gift ideas for boyfriend not cheesy,6,1,562,3,gift ideas for boyfriend n
gift ideas for boyfriend teen,5,1,562,3,gift ideas for boyfriend t
gift ideas for girl in college,6,1,562,3,gift ideas for girlfriend in
gift ideas for girlfriend cheap,5,1,562,3,gift ideas for girlfriend c
gift ideas for girlfriend easter,5,1,562,3,gift ideas for girlfriend e
gift ideas for girlfriend small,5,1,562,3,gift ideas for girlfriend s
gift ideas for girlfriend tiktok,5,1,562,3,gift ideas for girlfriend t
gift ideas for girlfriend under 1000,6,1,562,3,gift ideas for girlfriend u
gift ideas for girls 2026,5,1,562,3,gift ideas for girlfriend 2026
gift ideas for girls jewellery,5,1,562,3,gift ideas for girlfriend j
gift ideas for her xmas,5,1,562,3,gift ideas for girlfriend x
gift ideas for women kmart,5,1,562,3,gift ideas for girlfriend k
gift ideas for women quiz,5,1,562,3,gift ideas for girlfriend q
gift ideas for women valentines,5,1,562,3,gift ideas for girlfriend v
gift ideas for your boyfriend on his birthday,8,1,562,3,gift ideas for boyfriend y
gift ideas for your girlfriend of 2 years,8,1,562,3,gift ideas for girlfriend y
what are good gift ideas for girlfriend,7,1,562,3,what gift ideas for girlfriend
what are some gift ideas for boyfriend,7,1,562,3,what gift ideas for boyfriend
which gift best for women,5,1,562,3,which best gift for girlfriend
best gift for gen z girl,6,1,561,4,best gift for girlfriend z
best gift for girlfriend during periods,6,1,561,4,best gift for girlfriend d
best gift for girlfriend hand,5,1,561,4,best gift for girlfriend h
best gift for girlfriend necklace,5,1,561,4,best gift for girlfriend n
best gift for girlfriend photo frames,6,1,561,4,best gift for girlfriend p
best gift for girlfriend small,5,1,561,4,best gift for girlfriend s
best gift for girls kit,5,1,561,4,best gift for girlfriend k
best gift for her graduation,5,1,561,4,best gift for girlfriend g
best gift for her xmas,5,1,561,4,best gift for girlfriend x
best gift for japanese girlfriend,5,1,561,4,best gift for girlfriend j
best gift for vietnamese girlfriend,5,1,561,4,best gift for girlfriend v
best gift for you girlfriend,5,1,561,4,best gift for girlfriend y
best gift ideas for boyfriend on his birthday,8,1,561,4,gift ideas for boyfriend best
best gifts for women 2026 uk,6,1,561,4,best gift for girlfriend 2026
birthday gift ideas for girlfriend 2026,6,1,561,4,gift ideas for girlfriend 2026
gift ideas for a girlfriend birthday,6,1,561,4,gift ideas for girlfriend a
gift ideas for boyfriend birthday reddit,6,1,561,4,gift ideas for boyfriend b
gift ideas for boyfriend christmas reddit,6,1,561,4,gift ideas for boyfriend c
gift ideas for boyfriend last minute,6,1,561,4,gift ideas for boyfriend l
gift ideas for boyfriend philippines,5,1,561,4,gift ideas for boyfriend p
gift ideas for boyfriend simple,5,1,561,4,gift ideas for boyfriend s
gift ideas for boyfriend traveling,5,1,561,4,gift ideas for boyfriend t
gift ideas for boyfriend watches,5,1,561,4,gift ideas for boyfriend w
gift ideas for ex boyfriend,5,1,561,4,gift ideas for boyfriend e
gift ideas for ex girlfriend,5,1,561,4,gift ideas for girlfriend e
gift ideas for girlfriend basket,5,1,561,4,gift ideas for girlfriend b
gift ideas for girlfriend christmas reddit,6,1,561,4,gift ideas for girlfriend c
gift ideas for girlfriend for anniversary,6,1,561,4,gift ideas for girlfriend for
gift ideas for girlfriend in 30s,6,1,561,4,gift ideas for girlfriend n
gift ideas for girlfriend last minute,6,1,561,4,gift ideas for girlfriend l
gift ideas for girlfriend philippines,5,1,561,4,gift ideas for girlfriend p
gift ideas for girlfriend romantic,5,1,561,4,gift ideas for girlfriend r
gift ideas for girlfriend that has everything,7,1,561,4,gift ideas for girlfriend t
gift ideas for girlfriend under $50,6,1,561,4,gift ideas for girlfriend u
gift ideas for girlfriend's mother,5,1,561,4,gift ideas for girlfriend m
gift ideas for girlfriends dad reddit,6,1,561,4,gift ideas for girlfriend d
gift ideas for girls graduation,5,1,561,4,gift ideas for girlfriend g
gift ideas for girls wedding,5,1,561,4,gift ideas for girlfriend w
gift ideas for girls xmas,5,1,561,4,gift ideas for girlfriend x
gift ideas for her valentines,5,1,561,4,gift ideas for girlfriend v
gift ideas for hunting boyfriend,5,1,561,4,gift ideas for boyfriend h
gift ideas for quinceanera girl,5,1,561,4,gift ideas for girlfriend q
gift ideas for rich boyfriend,5,1,561,4,gift ideas for boyfriend r
gift ideas for sons girlfriend,5,1,561,4,gift ideas for girlfriend s
gift ideas for women friends,5,1,561,4,gift ideas for girlfriend f
gift ideas for women handmade,5,1,561,4,gift ideas for girlfriend h
gift ideas for women jewelry,5,1,561,4,gift ideas for girlfriend j
gift ideas for women kitchen,5,1,561,4,gift ideas for girlfriend k
gift ideas for women zara,5,1,561,3,gift ideas for girlfriend z
gift ideas for your boyfriend on father's day,8,1,561,4,gift ideas for boyfriend y
gift ideas for your girlfriend on valentine's day,8,1,561,4,gift ideas for girlfriend y
keychain gift ideas for boyfriend,5,1,561,4,gift ideas for boyfriend k
what are gift ideas for girls,6,1,561,4,what gift ideas for girlfriend
which is the best gift for girlfriend on valentine,9,1,561,4,which best gift for girlfriend
best gift for gen z women,6,1,560,5,best gift for girlfriend z
best gift for gf handbags,5,1,560,5,best gift for girlfriend h
best gift for girlfriend at christmas,6,1,560,5,best gift for girlfriend a
best gift for girlfriend birthday under 2000,7,1,560,5,best gift for girlfriend b
best gift for girlfriend combo,5,1,560,5,best gift for girlfriend c
best gift for girlfriend diwali,5,1,560,5,best gift for girlfriend d
best gift for girlfriend lifetime,5,1,560,5,best gift for girlfriend l
best gift for girlfriend near me,6,1,560,5,best gift for girlfriend n
best gift for girlfriend period,5,1,560,5,best gift for girlfriend p
best gift for girlfriend suggestions,5,1,560,5,best gift for girlfriend s
best gift for girlfriend trending,5,1,560,5,best gift for girlfriend t
best gift for girlfriend wife,5,1,560,5,best gift for girlfriend w
best gift for girls best friend,6,1,560,3,best gift for girlfriend best
best gift for girls jewellery,5,1,560,5,best gift for girlfriend j
best gift for girls quora,5,1,560,3,best gift for girlfriend q
best gift for virgo girlfriend,5,1,560,5,best gift for girlfriend v
best gift for your girlfriend this christmas,7,1,560,5,best gift for girlfriend y
best gift ideas for boyfriend christmas,6,1,560,5,gift ideas for boyfriend best
best gifts for girlfriend romantic,5,1,560,5,best gift for girlfriend r
best gifts for women 2026 birthday,6,1,560,5,best gift for girlfriend 2026
best xmas gifts for girlfriend 2025,6,1,560,5,best gift for girlfriend x
gift guide for women 2026,5,1,560,5,gift ideas for girlfriend 2026
gift ideas for a girlfriend reddit,6,1,560,5,gift ideas for girlfriend a
gift ideas for boyfriend car,5,1,560,5,gift ideas for boyfriend c
gift ideas for boyfriend gamer,5,1,560,5,gift ideas for boyfriend g
gift ideas for boyfriend ldr,5,1,560,5,gift ideas for boyfriend l
gift ideas for boyfriend moving in,6,1,560,5,gift ideas for boyfriend m
gift ideas for boyfriend near me,6,1,560,5,gift ideas for boyfriend n
gift ideas for boyfriend promotion,5,1,560,5,gift ideas for boyfriend p
gift ideas for boyfriend sri lanka,6,1,560,5,gift ideas for boyfriend s
gift ideas for boyfriend thoughtful,5,1,560,5,gift ideas for boyfriend t
gift ideas for boyfriend wallets,5,1,560,5,gift ideas for boyfriend w
gift ideas for boyfriend's birthday long distance,7,1,560,5,gift ideas for boyfriend b
gift ideas for boyfriends dad christmas,6,1,560,5,gift ideas for boyfriend d
gift ideas for doctor girlfriend,5,1,560,5,gift ideas for girlfriend d
gift ideas for emo girlfriend,5,1,560,5,gift ideas for girlfriend e
gift ideas for engineer boyfriend,5,1,560,5,gift ideas for boyfriend e
gift ideas for gen x women,6,1,560,5,gift ideas for girlfriend x
gift ideas for girlfriend creative,5,1,560,5,gift ideas for girlfriend c
gift ideas for girlfriend for valentine's,6,1,560,5,gift ideas for girlfriend for
gift ideas for girlfriend in college,6,1,560,5,gift ideas for girlfriend n
gift ideas for girlfriend reddit christmas,6,1,560,5,gift ideas for girlfriend r
gift ideas for girlfriend teen,5,1,560,5,gift ideas for girlfriend t
gift ideas for girlfriends,4,1,560,5,gift ideas for girlfriend f
gift ideas for girlfriends mom birthday,6,1,560,5,gift ideas for girlfriend m
gift ideas for girlfriends parents christmas,6,1,560,5,gift ideas for girlfriend p
gift ideas for girls best friend,6,1,560,5,gift ideas for girlfriend best
gift ideas for girls valentines,5,1,560,5,gift ideas for girlfriend v
gift ideas for girls weekend,5,1,560,5,gift ideas for girlfriend w
gift ideas for her graduation,5,1,560,5,gift ideas for girlfriend g
gift ideas for her jewellery,5,1,560,5,gift ideas for girlfriend j
gift ideas for him handmade,5,1,560,5,gift ideas for boyfriend h
gift ideas for it boyfriend,5,1,560,4,gift ideas for boyfriend i
gift ideas for latina girlfriend,5,1,560,5,gift ideas for girlfriend l
gift ideas for quirky women,5,1,560,5,gift ideas for girlfriend q
gift ideas for rugby boyfriend,5,1,560,5,gift ideas for boyfriend r
gift ideas for sons girlfriend christmas,6,1,560,5,gift ideas for girlfriend s
gift ideas for women hamper,5,1,560,5,gift ideas for girlfriend h
gift ideas for women kitty party,6,1,560,5,gift ideas for girlfriend k
gift ideas for women new zealand,6,1,560,4,gift ideas for girlfriend z
gift ideas for your boyfriend on valentine's day,8,1,560,5,gift ideas for boyfriend y
gift ideas for your girlfriend christmas,6,1,560,5,gift ideas for girlfriend y
is watch good gift for girlfriend,6,1,560,5,is it best gift for girlfriend
knitting gift ideas for boyfriend,5,1,560,5,gift ideas for boyfriend k
unique gift for boyfriend valentines,5,1,560,3,gift ideas for boyfriend v
what is the best gift ideas for girlfriend,8,1,560,5,what gift ideas for girlfriend
30th birthday gift ideas for him keepsake,7,1,559,6,gift ideas for boyfriend k
best birthday gift for girlfriend quotes,6,1,559,4,best gift for girlfriend q
best gift for a girlfriend,5,1,559,6,best gift for girlfriend a
best gift for gf handmade,5,1,559,6,best gift for girlfriend h
best gift for girlfriend birthday under 200,7,1,559,6,best gift for girlfriend b
best gift for girlfriend christmas 2025,6,1,559,6,best gift for girlfriend c
best gift for girlfriend daraz,5,1,559,6,best gift for girlfriend d
best gift for girlfriend in karwa chauth,7,1,559,6,best gift for girlfriend k
best gift for girlfriend luxury,5,1,559,6,best gift for girlfriend l
best gift for girlfriend name,5,1,559,6,best gift for girlfriend n
best gift for girlfriend on christmas,6,1,559,6,best gift for girlfriend with
best gift for girlfriend on flipkart,6,1,559,6,best gift for girlfriend o
best gift for girlfriend parents,5,1,559,6,best gift for girlfriend p
best gift for girlfriend singapore,5,1,559,6,best gift for girlfriend s
best gift for girlfriend teacher,5,1,559,6,best gift for girlfriend t
best gift for girlfriend who has everything,7,1,559,6,best gift for girlfriend w
best gift for graduation women,5,1,559,6,best gift for girlfriend g
best gift for vegan girlfriend,5,1,559,6,best gift for girlfriend v
best gift for women best friend,6,1,559,4,best gift for girlfriend best
best gift for women jewellery,5,1,559,6,best gift for girlfriend j
best gift ideas for boyfriend on anniversary,7,1,559,6,gift ideas for boyfriend best
best gifts for girlfriend etsy,5,1,559,6,best gift for girlfriend e
best gifts for girlfriend right. now,6,1,559,6,best gift for girlfriend r
best gifts for women 2026 amazon,6,1,559,6,best gift for girlfriend 2026
best xmas gift for girls,5,1,559,6,best gift for girlfriend x
cool gifts for boyfriend valentine's day,6,1,559,4,gift ideas for boyfriend v
cute free gift ideas for boyfriend,6,1,559,3,gift ideas for boyfriend free
gift ideas for bf diy,5,1,559,6,gift ideas for boyfriend d
gift ideas for bf mom,5,1,559,6,gift ideas for boyfriend m
gift ideas for boyfriend budget friendly,6,1,559,6,gift ideas for boyfriend b
gift ideas for boyfriend craft,5,1,559,6,gift ideas for boyfriend c
gift ideas for boyfriend golf,5,1,559,6,gift ideas for boyfriend g
gift ideas for boyfriend luxury,5,1,559,6,gift ideas for boyfriend l
gift ideas for boyfriend practical,5,1,559,6,gift ideas for boyfriend p
gift ideas for boyfriend south africa,6,1,559,6,gift ideas for boyfriend s
gift ideas for boyfriend who loves cars,7,1,559,6,gift ideas for boyfriend w
gift ideas for daughters girlfriend,5,1,559,6,gift ideas for girlfriend d
gift ideas for electrician boyfriend,5,1,559,6,gift ideas for boyfriend e
gift ideas for fiance her,5,1,559,6,gift ideas for boyfriend h
gift ideas for for girlfriend,5,1,559,6,gift ideas for girlfriend for
gift ideas for gen z girl,6,1,559,5,gift ideas for girlfriend z
gift ideas for girl pinterest,5,1,559,6,gift ideas for girlfriend p
gift ideas for girlfriend college graduation,6,1,559,6,gift ideas for girlfriend c
gift ideas for girlfriend india reddit,6,1,559,6,gift ideas for girlfriend n
gift ideas for girlfriend target,5,1,559,6,gift ideas for girlfriend t
gift ideas for girlfriend uk,5,1,559,6,gift ideas for girlfriend u
gift ideas for girlfriends mom christmas,6,1,559,6,gift ideas for girlfriend m
gift ideas for girls age 10,6,1,559,6,gift ideas for girlfriend a
gift ideas for girls first birthday,6,1,559,6,gift ideas for girlfriend f
gift ideas for girls volleyball team,6,1,559,6,gift ideas for girlfriend v
gift ideas for him reddit,5,1,559,6,gift ideas for boyfriend r
gift ideas for him xmas,5,1,559,3,gift ideas for boyfriend x
gift ideas for lawyer girlfriend,5,1,559,6,gift ideas for girlfriend l
gift ideas for queer women,5,1,559,6,gift ideas for girlfriend q
gift ideas for runner girlfriend,5,1,559,6,gift ideas for girlfriend r
gift ideas for stud girlfriend,5,1,559,6,gift ideas for girlfriend s
gift ideas for teen girls 2026,6,1,559,6,gift ideas for girlfriend 2026
gift ideas for women best,5,1,559,6,gift ideas for girlfriend best
gift ideas for women engagement,5,1,559,6,gift ideas for girlfriend e
gift ideas for women get well,6,1,559,6,gift ideas for girlfriend g
gift ideas for women home decor,6,1,559,6,gift ideas for girlfriend h
gift ideas for women john lewis,6,1,559,6,gift ideas for girlfriend j
gift ideas for women kenya,5,1,559,6,gift ideas for girlfriend k
gift ideas for women who like to travel,8,1,559,6,gift ideas for girlfriend w
gift ideas for women you don t know well,9,1,559,6,gift ideas for girlfriend y
gift ideas for your boyfriend's parents,6,1,559,6,gift ideas for boyfriend y
good gift for gen z girl,6,1,559,6,best gift for girlfriend z
is perfume good gift for girlfriend,6,1,559,6,is it best gift for girlfriend
quick gift ideas for boyfriend,5,1,559,3,gift ideas for boyfriend q
xmas gift ideas for.girl friends,5,1,559,6,gift ideas for girlfriend x
appreciation gift ideas for girlfriend,5,1,558,3,gift ideas for girlfriend app
best birthday gift for girlfriend quora,6,1,558,5,best gift for girlfriend q
best gift for a girlfriend on valentine day,8,1,558,7,best gift for girlfriend a
best gift for ex girlfriend,5,1,558,7,best gift for girlfriend e
best gift for gf watches,5,1,558,7,best gift for girlfriend w
best gift for girlfriend birthday under 5000,7,1,558,7,best gift for girlfriend b
best gift for girlfriend costly,5,1,558,7,best gift for girlfriend c
best gift for girlfriend dad,5,1,558,7,best gift for girlfriend d
best gift for girlfriend long distance,6,1,558,7,best gift for girlfriend l
best gift for girlfriend not expensive,6,1,558,7,best gift for girlfriend n
best gift for girlfriend on her birthday under 500,9,1,558,7,best gift for girlfriend o
best gift for girlfriend pendant,5,1,558,7,best gift for girlfriend p
best gift for girlfriend surprise,5,1,558,7,best gift for girlfriend s
best gift for girlfriend under 300,6,1,558,7,best gift for girlfriend u
best gift for girls jhumka,5,1,558,7,best gift for girlfriend j
best gift for her best friend,6,1,558,5,best gift for girlfriend best
best gift for holi girlfriend,5,1,558,7,best gift for girlfriend h
best gift for rich girlfriend,5,1,558,7,best gift for girlfriend r
best gift for women valentines,5,1,558,7,best gift for girlfriend v
best gift ideas for boyfriend husband,6,1,558,7,gift ideas for boyfriend best
best gifts for my girlfriend for xmas,7,1,558,7,best gift for girlfriend x
best gifts for women 2026 under $50,7,1,558,7,best gift for girlfriend 2026
best gifts for your girlfriend 2025,6,1,558,7,best gift for girlfriend y
best xmas gift ideas for girlfriend,6,1,558,7,gift ideas for girlfriend x
birthday gift ideas for him 2026,6,1,558,3,gift ideas for boyfriend 2026
gift ideas for boyfriend anniversary 1 year,7,1,558,7,gift ideas for boyfriend a
gift ideas for boyfriend basket,5,1,558,7,gift ideas for boyfriend b
gift ideas for boyfriend creative,5,1,558,7,gift ideas for boyfriend c
gift ideas for boyfriend for one year anniversary,8,1,558,7,gift ideas for boyfriend for
gift ideas for boyfriend gym,5,1,558,7,gift ideas for boyfriend g
gift ideas for boyfriend low budget,6,1,558,7,gift ideas for boyfriend l
gift ideas for boyfriend nz,5,1,558,7,gift ideas for boyfriend n
gift ideas for boyfriend shoes,5,1,558,7,gift ideas for boyfriend s
gift ideas for boyfriend tiktok,5,1,558,7,gift ideas for boyfriend t
gift ideas for boyfriend who loves golf,7,1,558,7,gift ideas for boyfriend w
gift ideas for boyfriends daughter,5,1,558,7,gift ideas for boyfriend d
gift ideas for boyfriends mom christmas,6,1,558,7,gift ideas for boyfriend m
gift ideas for dominican girlfriend in dominican republic,8,1,558,7,gift ideas for girlfriend d
gift ideas for emo boyfriend,5,1,558,7,gift ideas for boyfriend e
gift ideas for fiance reddit,5,1,558,7,gift ideas for boyfriend r
gift ideas for gen z women,6,1,558,6,gift ideas for girlfriend z
gift ideas for girl partner,5,1,558,7,gift ideas for girlfriend p
gift ideas for girl who loves reading,7,1,558,7,gift ideas for girlfriend w
gift ideas for girlfriend cute,5,1,558,7,gift ideas for girlfriend c
gift ideas for girlfriend in nigeria,6,1,558,7,gift ideas for girlfriend n
gift ideas for girlfriend to make,6,1,558,7,gift ideas for girlfriend t
gift ideas for girlfriend under 300,6,1,558,7,gift ideas for girlfriend u
gift ideas for girls age 12,6,1,558,7,gift ideas for girlfriend a
gift ideas for girls homemade,5,1,558,7,gift ideas for girlfriend h
gift ideas for her john lewis,6,1,558,7,gift ideas for girlfriend j
gift ideas for him john lewis,6,1,558,4,gift ideas for boyfriend j
gift ideas for my girlfriend,5,1,558,7,gift ideas for girlfriend m
gift ideas for quirky girls,5,1,558,7,gift ideas for girlfriend q
gift ideas for rich girlfriend,5,1,558,7,gift ideas for girlfriend r
gift ideas for sick girlfriend,5,1,558,7,gift ideas for girlfriend s
gift ideas for women best buy,6,1,558,7,gift ideas for girlfriend best
gift ideas for women expensive,5,1,558,7,gift ideas for girlfriend e
gift ideas for women for christmas,6,1,558,7,gift ideas for girlfriend for
gift ideas for women from walmart,6,1,558,7,gift ideas for girlfriend f
gift ideas for women golf,5,1,558,7,gift ideas for girlfriend g
gift ideas for women karwa chauth,6,1,558,7,gift ideas for girlfriend k
gift ideas for women luxury,5,1,558,7,gift ideas for girlfriend l
gift ideas for women victoria secret,6,1,558,7,gift ideas for girlfriend v
gift ideas for women young,5,1,558,7,gift ideas for girlfriend y
gift ideas for your boyfriend christmas,6,1,558,7,gift ideas for boyfriend y
is gift good for girlfriend,5,1,558,7,is it best gift for girlfriend
no money gift ideas for boyfriend,6,1,558,4,gift ideas for boyfriend free
online creative gift ideas for girlfriend,6,1,558,3,gift ideas for girlfriend online
quirky gift ideas for boyfriend,5,1,558,4,gift ideas for boyfriend q
top gift ideas for women 2026,6,1,558,7,gift ideas for girlfriend 2026
unique gift for boyfriend in kenya,6,1,558,7,gift ideas for boyfriend k
unique gifts for boyfriend valentines day,6,1,558,5,gift ideas for boyfriend v
xmas gift ideas for boyfriends parents,6,1,558,4,gift ideas for boyfriend x
5 senses gift ideas for him quotes,7,1,557,5,gift ideas for boyfriend q
best gift for angry girlfriend,5,1,557,8,best gift for girlfriend a
best gift for ex girlfriend birthday,6,1,557,8,best gift for girlfriend e
best gift for girlfriend birthday ideas,6,1,557,8,best gift for girlfriend b
best gift for girlfriend chain,5,1,557,8,best gift for girlfriend c
best gift for girlfriend debut,5,1,557,8,best gift for girlfriend d
best gift for girlfriend in nepal,6,1,557,8,best gift for girlfriend with
best gift for girlfriend in qatar,6,1,557,6,best gift for girlfriend q
best gift for girlfriend makeup,5,1,557,8,best gift for girlfriend m
best gift for girlfriend on her birthday under 1000,9,1,557,8,best gift for girlfriend o
best gift for girlfriend pinterest,5,1,557,8,best gift for girlfriend p
best gift for girlfriend same day delivery,7,1,557,8,best gift for girlfriend s
best gift for girlfriend toy,5,1,557,8,best gift for girlfriend t
best gift for girlfriend under 10000,6,1,557,8,best gift for girlfriend u
best gift for girls jewellery under 150,7,1,557,8,best gift for girlfriend j
best gift for girls to give,6,1,557,8,best gift for girlfriend g
best gift for her valentine,5,1,557,8,best gift for girlfriend v
best gift for lawyer girlfriend,5,1,557,8,best gift for girlfriend l
best gift for russian girlfriend,5,1,557,8,best gift for girlfriend r
best gift for women handbags,5,1,557,8,best gift for girlfriend h
best gift ideas for best girlfriend,6,1,557,6,best gift for girlfriend best
best gifts for girlfriend walmart,5,1,557,8,best gift for girlfriend w
best gifts for women 2026 reddit,6,1,557,8,best gift for girlfriend 2026
best gifts for your girlfriend anniversary,6,1,557,8,best gift for girlfriend y
birthday gift ideas for boyfriend reddit,6,1,557,8,gift ideas for boyfriend r
birthday gift ideas for her 2026,6,1,557,8,gift ideas for girlfriend 2026
cheap gift ideas for boyfriend,5,1,557,5,gift ideas for boyfriend free
gift ideas for bf day,5,1,557,8,gift ideas for boyfriend d
gift ideas for boyfriend at christmas,6,1,557,8,gift ideas for boyfriend a
gift ideas for boyfriend birthday under 500,7,1,557,8,gift ideas for boyfriend b
gift ideas for boyfriend christmas pinterest,6,1,557,8,gift ideas for boyfriend c
gift ideas for boyfriend for valentines,6,1,557,8,gift ideas for boyfriend for
gift ideas for boyfriend funny,5,1,557,8,gift ideas for boyfriend f
gift ideas for boyfriend not clothes,6,1,557,8,gift ideas for boyfriend n
gift ideas for boyfriend turning 21,6,1,557,8,gift ideas for boyfriend t
gift ideas for boyfriend who likes to cook,8,1,557,8,gift ideas for boyfriend w
gift ideas for boyfriends little sister,6,1,557,8,gift ideas for boyfriend l
gift ideas for boyfriends mom birthday,6,1,557,8,gift ideas for boyfriend m
gift ideas for girl best friend,6,1,557,8,gift ideas for girlfriend b
gift ideas for girl friend birthday,6,1,557,8,gift ideas for girlfriend f
gift ideas for girl personalised,5,1,557,8,gift ideas for girlfriend p
gift ideas for girl teens,5,1,557,8,gift ideas for girlfriend t
gift ideas for girlfriend college,5,1,557,8,gift ideas for girlfriend c
gift ideas for girlfriend in budget,6,1,557,8,gift ideas for girlfriend n
gift ideas for girlfriend of 1 year,7,1,557,8,gift ideas for girlfriend o
gift ideas for girls age 8,6,1,557,8,gift ideas for girlfriend a
gift ideas for girls best friend birthday,7,1,557,8,gift ideas for girlfriend best
gift ideas for girls kmart,5,1,557,8,gift ideas for girlfriend k
gift ideas for him experiences,5,1,557,8,gift ideas for boyfriend e
gift ideas for my girlfriend birthday,6,1,557,8,gift ideas for girlfriend m
gift ideas for son's girlfriend's parents,6,1,557,8,gift ideas for girlfriend s
gift ideas for women employees,5,1,557,8,gift ideas for girlfriend e
gift ideas for women for birthday,6,1,557,8,gift ideas for girlfriend for
gift ideas for women gardening,5,1,557,8,gift ideas for girlfriend g
gift ideas for women having surgery,6,1,557,8,gift ideas for girlfriend h
gift ideas for women leaving work,6,1,557,8,gift ideas for girlfriend l
gift ideas for women reddit,5,1,557,8,gift ideas for girlfriend r
gift ideas for women vogue,5,1,557,8,gift ideas for girlfriend v
gift ideas for women who quilt,6,1,557,8,gift ideas for girlfriend q
gift ideas for women who travel,6,1,557,8,gift ideas for girlfriend w
gift ideas for women-jcpenney,4,1,557,8,gift ideas for girlfriend j
gift ideas for women's day,5,1,557,8,gift ideas for girlfriend d
gift ideas for your boyfriend's mom,6,1,557,8,gift ideas for boyfriend y
good xmas gift ideas for girlfriend,6,1,557,8,gift ideas for girlfriend x
kiss day gift ideas for boyfriend,6,1,557,8,gift ideas for boyfriend k
moving in together gift ideas for boyfriend,7,1,557,7,gift ideas for boyfriend i
online birthday gift ideas for girlfriend,6,1,557,4,gift ideas for girlfriend online
prestige zip hoodie gift ideas for girlfriend,7,1,557,7,gift ideas for girlfriend z
valentines gift ideas for him 2026,6,1,557,4,gift ideas for boyfriend 2026
xmas gift ideas for new boyfriend,6,1,557,5,gift ideas for boyfriend x
best birthday gift for girlfriend 2026,6,1,556,9,best gift for girlfriend 2026
best birthday gift for girlfriend online,6,1,556,3,best gift for girlfriend online
best birthday gift for girls best friend,7,1,556,7,best gift for girlfriend best
best gift for a girlfriend birthday,6,1,556,9,best gift for girlfriend a
best gift for ex girlfriend marriage,6,1,556,9,best gift for girlfriend e
best gift for girl toddler,5,1,556,9,best gift for girlfriend t
best gift for girlfriend birthday reddit,6,1,556,9,best gift for girlfriend b
best gift for girlfriend christmas reddit,6,1,556,9,best gift for girlfriend c
best gift for girlfriend diy,5,1,556,9,best gift for girlfriend d
best gift for girlfriend for christmas,6,1,556,9,best gift for girlfriend for
best gift for girlfriend myntra,5,1,556,9,best gift for girlfriend m
best gift for girlfriend on friendship day,7,1,556,9,best gift for girlfriend o
best gift for girlfriend on new year,7,1,556,9,best gift for girlfriend with
best gift for girlfriend photo,5,1,556,9,best gift for girlfriend p
best gift for girlfriend salty,5,1,556,9,best gift for girlfriend s
best gift for girlfriend under 20000,6,1,556,9,best gift for girlfriend u
best gift for girls gf,5,1,556,9,best gift for girlfriend g
best gift for girls handmade,5,1,556,9,best gift for girlfriend h
best gift for girls jewellery under 500,7,1,556,9,best gift for girlfriend j
best gift for girls wedding,5,1,556,9,best gift for girlfriend w
best gift for hafiz e quran girl,7,1,556,7,best gift for girlfriend q
best gift for her valentines day,6,1,556,9,best gift for girlfriend v
best gift for lesbian girlfriend,5,1,556,9,best gift for girlfriend l
best gift for women retirement,5,1,556,9,best gift for girlfriend r
best gift ideas for boyfriend under 250,7,1,556,9,gift ideas for boyfriend best
best gifts for girlfriend nyc,5,1,556,9,best gift for girlfriend n
best gifts for your girlfriend on amazon,7,1,556,9,best gift for girlfriend y
birthday gift ideas for boyfriend handmade,6,1,556,9,gift ideas for boyfriend h
birthday gift ideas for women 2026,6,1,556,9,gift ideas for girlfriend 2026
christmas gift ideas for boyfriend reddit,6,1,556,9,gift ideas for boyfriend r
christmas gift ideas for him 2026,6,1,556,5,gift ideas for boyfriend 2026
cute free gift ideas for girlfriend,6,1,556,3,gift ideas for girlfriend free
gift ideas for bf mum,5,1,556,9,gift ideas for boyfriend m
gift ideas for bf parents,5,1,556,9,gift ideas for boyfriend p
gift ideas for boyfriend birthday under ₹ 1000,8,1,556,9,gift ideas for boyfriend b
gift ideas for boyfriend for 2 year anniversary,8,1,556,9,gift ideas for boyfriend for
gift ideas for boyfriend of 2 years,7,1,556,9,gift ideas for boyfriend o
gift ideas for boyfriend this christmas,6,1,556,9,gift ideas for boyfriend t
gift ideas for boyfriend under 50,6,1,556,9,gift ideas for boyfriend u
gift ideas for boyfriend who loves motorcycle,7,1,556,9,gift ideas for boyfriend w
gift ideas for boyfriends grandma,5,1,556,9,gift ideas for boyfriend g
gift ideas for christian girlfriend,5,1,556,9,gift ideas for girlfriend c
gift ideas for cool girlfriend,5,1,556,9,gift ideas for girlfriend best
gift ideas for dj boyfriend,5,1,556,9,gift ideas for boyfriend d
gift ideas for girl first communion,6,1,556,9,gift ideas for girlfriend f
gift ideas for girl high school graduation,7,1,556,9,gift ideas for girlfriend h
gift ideas for girl toddler,5,1,556,9,gift ideas for girlfriend t
gift ideas for girlfriend 2 year anniversary,7,1,556,9,gift ideas for girlfriend y
gift ideas for girlfriend in amazon,6,1,556,9,gift ideas for girlfriend n
gift ideas for girls age 8 10,7,1,556,9,gift ideas for girlfriend a
gift ideas for girls education,5,1,556,9,gift ideas for girlfriend e
gift ideas for her gym,5,1,556,9,gift ideas for girlfriend g
gift ideas for him expensive,5,1,556,9,gift ideas for boyfriend e
gift ideas for lawyer boyfriend,5,1,556,9,gift ideas for boyfriend l
gift ideas for masc girlfriend,5,1,556,9,gift ideas for girlfriend m
gift ideas for new boyfriend,5,1,556,9,gift ideas for boyfriend n
gift ideas for pregnant girlfriend,5,1,556,9,gift ideas for girlfriend p
gift ideas for seaman boyfriend,5,1,556,9,gift ideas for boyfriend s
gift ideas for sons girlfriend birthday,6,1,556,9,gift ideas for girlfriend s
gift ideas for women birthday,5,1,556,9,gift ideas for girlfriend b
gift ideas for women for wedding,6,1,556,9,gift ideas for girlfriend for
gift ideas for women jb hi fi,7,1,556,9,gift ideas for girlfriend j
gift ideas for women kuwait,5,1,556,9,gift ideas for girlfriend k
gift ideas for women list,5,1,556,9,gift ideas for girlfriend l
gift ideas for women retirement,5,1,556,9,gift ideas for girlfriend r
gift ideas for women voucher,5,1,556,9,gift ideas for girlfriend v
gift ideas for women who just gave birth,8,1,556,9,gift ideas for girlfriend w
gift ideas for women's day celebration in office,8,1,556,9,gift ideas for girlfriend d
gift ideas for your boyfriend's sister,6,1,556,9,gift ideas for boyfriend y
grooming kits birthday gift ideas for boyfriend,7,1,556,9,gift ideas for boyfriend k
ideas for him boyfriend 5 senses gift quotes,8,1,556,6,gift ideas for boyfriend q
low cost gifts for boyfriend,5,1,556,6,gift ideas for boyfriend free
quick gift ideas for girlfriend,5,1,556,9,gift ideas for girlfriend q
romantic homemade gift ideas for boyfriend valentines day,8,1,556,7,gift ideas for boyfriend v
romantic xmas gift ideas for girlfriend,6,1,556,9,gift ideas for girlfriend x
what gift should not be given to boyfriend,8,1,556,3,is it gift ideas for boyfriend
xmas gift ideas for your boyfriend,6,1,556,6,gift ideas for boyfriend x
anniversary gift ideas for boyfriend reddit,6,1,555,10,gift ideas for boyfriend r
best birthday gift for girlfriend jewellery,6,1,555,10,best gift for girlfriend j
best birthday gift for women best friend,7,1,555,8,best gift for girlfriend best
best gift for a girlfriend in kenya,7,1,555,10,best gift for girlfriend a
best gift for engineer girlfriend,5,1,555,10,best gift for girlfriend e
best gift for girl turning 21,6,1,555,10,best gift for girlfriend t
best gift for girlfriend between ₹800 and ₹2 000,9,1,555,10,best gift for girlfriend b
best gift for girlfriend cosmetics,5,1,555,10,best gift for girlfriend c
best gift for girlfriend during birthday,6,1,555,10,best gift for girlfriend d
best gift for girlfriend for new year,7,1,555,10,best gift for girlfriend for
best gift for girlfriend ideas,5,1,555,10,best gift for girlfriend i
best gift for girlfriend malaysia,5,1,555,10,best gift for girlfriend m
best gift for girlfriend on her birthday long distance relationship,10,1,555,10,best gift for girlfriend o
best gift for girlfriend payal,5,1,555,10,best gift for girlfriend p
best gift for girlfriend useful,5,1,555,10,best gift for girlfriend u
best gift for girls hamper,5,1,555,10,best gift for girlfriend h
best gift for girls low price,6,1,555,10,best gift for girlfriend l
best gift for girls raksha bandhan,6,1,555,10,best gift for girlfriend r
best gift for new girlfriend,5,1,555,10,best gift for girlfriend n
best gift for women vogue,5,1,555,10,best gift for girlfriend v
best gift for women who have everything,7,1,555,10,best gift for girlfriend w
best gift ideas for bf,5,1,555,10,gift ideas for boyfriend best
best gifts for your girlfriend's mom,6,1,555,10,best gift for girlfriend y
best quick gifts for girlfriend,5,1,555,8,best gift for girlfriend q
best valentine gift for girlfriend 2026,6,1,555,10,best gift for girlfriend 2026
best valentine gift for girlfriend kids,6,1,555,10,best gift for girlfriend k
best valentine gift for girlfriend online,6,1,555,4,best gift for girlfriend online
birthday gift ideas for boyfriend online,6,1,555,3,gift ideas for boyfriend online
christmas gift ideas for best girlfriend,6,1,555,10,gift ideas for girlfriend best
cute gift ideas for boyfriend handmade,6,1,555,10,gift ideas for boyfriend h
cute gift ideas for him just because,7,1,555,7,gift ideas for boyfriend j
diy gift ideas for him valentines,6,1,555,8,gift ideas for boyfriend v
gift ideas for a boyfriend,5,1,555,10,gift ideas for boyfriend a
gift ideas for bf cheap,5,1,555,10,gift ideas for boyfriend c
gift ideas for bf mother,5,1,555,10,gift ideas for boyfriend m
gift ideas for boyfriend birthday diy,6,1,555,10,gift ideas for boyfriend b
gift ideas for boyfriend for his birthday,7,1,555,10,gift ideas for boyfriend for
gift ideas for boyfriend tech,5,1,555,10,gift ideas for boyfriend t
gift ideas for boyfriend uk,5,1,555,10,gift ideas for boyfriend u
gift ideas for boyfriend who likes golf,7,1,555,10,gift ideas for boyfriend w
gift ideas for boyfriends parents reddit,6,1,555,10,gift ideas for boyfriend p
gift ideas for crafty girlfriend,5,1,555,10,gift ideas for girlfriend c
gift ideas for doctor boyfriend,5,1,555,10,gift ideas for boyfriend d
gift ideas for farmer boyfriend,5,1,555,10,gift ideas for boyfriend f
gift ideas for gaming boyfriend,5,1,555,10,gift ideas for boyfriend g
gift ideas for girl turning 18,6,1,555,10,gift ideas for girlfriend t
gift ideas for girlfriend in her 20s,7,1,555,10,gift ideas for girlfriend n
gift ideas for girls dance recital,6,1,555,10,gift ideas for girlfriend d
gift ideas for girls engagement,5,1,555,10,gift ideas for girlfriend e
gift ideas for gym girl,5,1,555,10,gift ideas for girlfriend g
gift ideas for her birthday,5,1,555,10,gift ideas for girlfriend b
gift ideas for her kmart,5,1,555,10,gift ideas for girlfriend k
gift ideas for him electronics,5,1,555,10,gift ideas for boyfriend e
gift ideas for ldr boyfriend reddit,6,1,555,10,gift ideas for boyfriend l
gift ideas for my girlfriend christmas,6,1,555,10,gift ideas for girlfriend m
gift ideas for nerdy boyfriend,5,1,555,10,gift ideas for boyfriend n
gift ideas for potential girlfriend,5,1,555,10,gift ideas for girlfriend p
gift ideas for serious girlfriend,5,1,555,10,gift ideas for girlfriend s
gift ideas for sporty boyfriend,5,1,555,10,gift ideas for boyfriend s
gift ideas for tween girls 2026,6,1,555,10,gift ideas for girlfriend 2026
gift ideas for women australia,5,1,555,10,gift ideas for girlfriend a
gift ideas for women for valentine's day,7,1,555,10,gift ideas for girlfriend for
gift ideas for women from amazon,6,1,555,10,gift ideas for girlfriend f
gift ideas for women having chemo,6,1,555,10,gift ideas for girlfriend h
gift ideas for women in 40s,6,1,555,10,gift ideas for girlfriend in
gift ideas for women late 20s,6,1,555,10,gift ideas for girlfriend l
gift ideas for women recovering from surgery,7,1,555,10,gift ideas for girlfriend r
gift ideas for women uk,5,1,555,10,gift ideas for girlfriend u
gift ideas for women vegan,5,1,555,10,gift ideas for girlfriend v
gift ideas for women with dementia,6,1,555,10,gift ideas for girlfriend w
gift ideas for your boyfriend anniversary,6,1,555,10,gift ideas for boyfriend y
necklaces what is best gift for girlfriend,7,1,555,10,is it best gift for girlfriend
no money gift ideas for girlfriend,6,1,555,4,gift ideas for girlfriend free
online gift ideas for boyfriend,5,1,555,4,is it gift ideas for boyfriend
quick birthday gift ideas for girlfriend,6,1,555,10,gift ideas for girlfriend q
useful gifts for girlfriend birthday,5,1,555,10,best gift for girlfriend z
what's a good gift for girlfriends mom,7,1,555,10,what best gift for girlfriend
best gift for a girlfriend reddit,6,1,554,11,best gift for girlfriend a
best gift for gf dress,5,1,554,11,best gift for girlfriend d
best gift for gf mom,5,1,554,11,best gift for girlfriend m
best gift for girl teenager,5,1,554,11,best gift for girlfriend t
best gift for girlfriend birthday in india,7,1,554,11,best gift for girlfriend b
best gift for girlfriend canada,5,1,554,11,best gift for girlfriend c
best gift for girlfriend for diwali,6,1,554,11,best gift for girlfriend for
best gift for girlfriend friend,5,1,554,4,best gift for girlfriend free
best gift for girlfriend from banaras,6,1,554,11,best gift for girlfriend f
best gift for girlfriend on her birthday under 2000,9,1,554,11,best gift for girlfriend o
best gift for girlfriend on valentine day in india,9,1,554,11,best gift for girlfriend v
best gift for girlfriend purse,5,1,554,11,best gift for girlfriend p
best gift for girlfriend set,5,1,554,11,best gift for girlfriend s
best gift for girlfriend under 3000,6,1,554,11,best gift for girlfriend u
best gift for girls electronics,5,1,554,11,best gift for girlfriend e
best gift for girls half saree function,7,1,554,11,best gift for girlfriend h
best gift for girls low budget,6,1,554,11,best gift for girlfriend l
best gift for kids girls 10 years old,8,1,554,11,best gift for girlfriend k
best gift for nurse girlfriend,5,1,554,11,best gift for girlfriend n
best gift for teen girl.2026,5,1,554,11,best gift for girlfriend 2026
best gift for women reddit,5,1,554,11,best gift for girlfriend r
best gift for women wedding,5,1,554,11,best gift for girlfriend w
best gift ideas for boyfriends parents,6,1,554,11,gift ideas for boyfriend best
best gifts for your girlfriend 2026,6,1,554,11,best gift for girlfriend y
best valentine gift for girlfriend jewelry,6,1,554,11,best gift for girlfriend j
birthday gift ideas for women best friend,7,1,554,11,gift ideas for girlfriend best
cheap and best gift for girlfriend,6,1,554,11,is it best gift for girlfriend
christmas gift ideas for girlfriend jewelry,6,1,554,11,gift ideas for girlfriend j
gift for girlfriend without money,5,1,554,6,gift ideas for girlfriend without
gift ideas for a boyfriend on his birthday,8,1,554,11,gift ideas for boyfriend a
gift ideas for boyfriend for new year,7,1,554,11,gift ideas for boyfriend for
gift ideas for boyfriend in budget,6,1,554,10,gift ideas for boyfriend i
gift ideas for boyfriend turning 20,6,1,554,11,gift ideas for boyfriend t
gift ideas for boyfriend under 250,6,1,554,11,gift ideas for boyfriend u
gift ideas for boyfriend who loves football,7,1,554,11,gift ideas for boyfriend w
gift ideas for boyfriend's friend,5,1,554,8,gift ideas for boyfriend free
gift ideas for boyfriends mom reddit,6,1,554,11,gift ideas for boyfriend m
gift ideas for chinese girlfriend,5,1,554,11,gift ideas for girlfriend c
gift ideas for country boyfriend,5,1,554,11,gift ideas for boyfriend c
gift ideas for daughter's boyfriend christmas,6,1,554,11,gift ideas for boyfriend d
gift ideas for fiance girl,5,1,554,11,gift ideas for boyfriend g
gift ideas for first boyfriend,5,1,554,11,gift ideas for boyfriend f
gift ideas for girl best friend birthday,7,1,554,11,gift ideas for girlfriend b
gift ideas for girl turning 21,6,1,554,11,gift ideas for girlfriend t
gift ideas for girlfriend 1 year,6,1,554,11,gift ideas for girlfriend y
gift ideas for girlfriend on amazon,6,1,554,11,gift ideas for girlfriend o
gift ideas for girls age 7,6,1,554,11,gift ideas for girlfriend a
gift ideas for girls hamper,5,1,554,11,gift ideas for girlfriend h
gift ideas for girly girls,5,1,554,11,gift ideas for girlfriend g
gift ideas for him etsy,5,1,554,11,gift ideas for boyfriend e
gift ideas for him long distance relationship,7,1,554,11,gift ideas for boyfriend l
gift ideas for meeting girlfriend's parents,6,1,554,11,gift ideas for girlfriend m
gift ideas for national boyfriend day,6,1,554,11,gift ideas for boyfriend n
gift ideas for picky girlfriend,5,1,554,11,gift ideas for girlfriend p
gift ideas for pilot boyfriend,5,1,554,11,gift ideas for boyfriend p
gift ideas for sad girlfriend,5,1,554,11,gift ideas for girlfriend s
gift ideas for sisters boyfriend christmas,6,1,554,11,gift ideas for boyfriend s
gift ideas for women diy,5,1,554,11,gift ideas for girlfriend d
gift ideas for women experience,5,1,554,11,gift ideas for girlfriend e
gift ideas for women for secret santa,7,1,554,11,gift ideas for girlfriend for
gift ideas for women from target,6,1,554,11,gift ideas for girlfriend f
gift ideas for women in 50s,6,1,554,11,gift ideas for girlfriend i
gift ideas for women in wedding,6,1,554,11,gift ideas for girlfriend in
gift ideas for women kohl's,5,1,554,11,gift ideas for girlfriend k
gift ideas for women low budget,6,1,554,11,gift ideas for girlfriend l
gift ideas for women runners,5,1,554,11,gift ideas for girlfriend r
gift ideas for women under $50,6,1,554,11,gift ideas for girlfriend u
gift ideas for women vancouver,5,1,554,11,gift ideas for girlfriend v
gift ideas for women with cancer,6,1,554,11,gift ideas for girlfriend w
gift ideas for your boyfriend's 30th birthday,7,1,554,11,gift ideas for boyfriend y
girls best gift for girlfriend watch,6,1,554,11,best gift for girlfriend g
jar gift ideas for boyfriend,5,1,554,8,gift ideas for boyfriend j
meaningful gift ideas for him valentine's day father and son,10,1,554,9,gift ideas for boyfriend v
online best surprise gift for girlfriend on her birthday,9,1,554,5,best gift for girlfriend online
popular gift ideas for women 2026,6,1,554,11,gift ideas for girlfriend 2026
unique gift for boyfriend handmade,5,1,554,11,gift ideas for boyfriend h
unique gift ideas for men online,6,1,554,4,gift ideas for boyfriend online
what is best gift for gf birthday,7,1,554,11,what best gift for girlfriend
best christmas gifts for girlfriend 2026,6,1,553,12,best gift for girlfriend 2026
best gift for doctor girlfriend,5,1,553,12,best gift for girlfriend d
best gift for gf marriage,5,1,553,12,best gift for girlfriend m
best gift for girl turning 13,6,1,553,12,best gift for girlfriend t
best gift for girlfriend bracelet,5,1,553,12,best gift for girlfriend b
best gift for girlfriend cute,5,1,553,12,best gift for girlfriend c
best gift for girlfriend for sorry,6,1,553,12,best gift for girlfriend for
best gift for girlfriend forever,5,1,553,12,best gift for girlfriend z
best gift for girlfriend from delhi,6,1,553,12,best gift for girlfriend f
best gift for girlfriend from india,6,1,553,5,best gift for girlfriend free
best gift for girlfriend from varanasi,6,1,553,12,best gift for girlfriend v
best gift for girlfriend on first meeting,7,1,553,12,best gift for girlfriend o
best gift for girlfriend pakistan,5,1,553,12,best gift for girlfriend p
best gift for girlfriend shayari,5,1,553,12,best gift for girlfriend s
best gift for girlfriend under 1500,6,1,553,12,best gift for girlfriend u
best gift for girls accessories,5,1,553,12,best gift for girlfriend a
best gift for girls engagement,5,1,553,12,best gift for girlfriend e
best gift for girls watch,5,1,553,12,best gift for girlfriend w
best gift for japanese women,5,1,553,12,best gift for girlfriend j
best gift for kids girls 6 years old,8,1,553,12,best gift for girlfriend k
best gift for national girlfriend day,6,1,553,12,best gift for girlfriend n
best gift for women home decor,6,1,553,12,best gift for girlfriend h
best gift for women luxury,5,1,553,12,best gift for girlfriend l
best gift for women runners,5,1,553,12,best gift for girlfriend r
best gift ideas for boyfriends mom,6,1,553,12,gift ideas for boyfriend best
best gifts for women gift exchange,6,1,553,12,best gift for girlfriend g
best gifts for your girlfriend reddit,6,1,553,12,best gift for girlfriend y
birthday gift ideas for boyfriend experience,6,1,553,12,gift ideas for boyfriend e
birthday gift ideas for her best friend,7,1,553,12,gift ideas for girlfriend best
gift ideas for a boyfriend who has everything,8,1,553,12,gift ideas for boyfriend a
gift ideas for boyfriend at home,6,1,553,5,gift ideas for boyfriend app
gift ideas for boyfriend birthday under 200,7,1,553,12,gift ideas for boyfriend b
gift ideas for boyfriend for first anniversary,7,1,553,12,gift ideas for boyfriend for
gift ideas for boyfriend from amazon,6,1,553,9,gift ideas for boyfriend free
gift ideas for boyfriend in india,6,1,553,11,gift ideas for boyfriend i
gift ideas for boyfriend to make,6,1,553,12,gift ideas for boyfriend t
gift ideas for boyfriend with paper,6,1,553,4,gift ideas for boyfriend without
gift ideas for boyfriends mom mothers day,7,1,553,12,gift ideas for boyfriend m
gift ideas for college boyfriend,5,1,553,12,gift ideas for boyfriend c
gift ideas for drummer boyfriend,5,1,553,12,gift ideas for boyfriend d
gift ideas for fiance female,5,1,553,12,gift ideas for boyfriend f
gift ideas for fiance for valentine's day,7,1,553,10,gift ideas for boyfriend v
gift ideas for girl turning 13,6,1,553,12,gift ideas for girlfriend t
gift ideas for girlfriend amazon,5,1,553,8,gift ideas for girlfriend app
gift ideas for girlfriend nearby,5,1,553,12,gift ideas for girlfriend n
gift ideas for girlfriend new job,6,1,553,12,gift ideas for girlfriend j
gift ideas for girlfriend with paper,6,1,553,7,gift ideas for girlfriend without
gift ideas for girls age 20,6,1,553,12,gift ideas for girlfriend a
gift ideas for girls dolls & accessories,7,1,553,12,gift ideas for girlfriend d
gift ideas for girls in wedding,6,1,553,12,gift ideas for girlfriend in
gift ideas for girls low budget,6,1,553,12,gift ideas for girlfriend l
gift ideas for girls vacation,5,1,553,12,gift ideas for girlfriend v
gift ideas for granola girl,5,1,553,12,gift ideas for girlfriend g
gift ideas for her christmas,5,1,553,12,gift ideas for girlfriend c
gift ideas for her reddit,5,1,553,12,gift ideas for girlfriend r
gift ideas for him boyfriend,5,1,553,12,gift ideas for boyfriend h
gift ideas for him graduation,5,1,553,12,gift ideas for boyfriend g
gift ideas for him luxury,5,1,553,12,gift ideas for boyfriend l
gift ideas for my girlfriend's parents,6,1,553,12,gift ideas for girlfriend m
gift ideas for new boyfriend birthday,6,1,553,12,gift ideas for boyfriend n
gift ideas for picky boyfriend,5,1,553,12,gift ideas for boyfriend p
gift ideas for son's girlfriend from mom,7,1,553,12,gift ideas for girlfriend s
gift ideas for surfer boyfriend,5,1,553,12,gift ideas for boyfriend s
gift ideas for women electronics,5,1,553,12,gift ideas for girlfriend e
gift ideas for women for anniversary,6,1,553,12,gift ideas for girlfriend for
gift ideas for women funny,5,1,553,12,gift ideas for girlfriend f
gift ideas for women hikers,5,1,553,12,gift ideas for girlfriend h
gift ideas for women in nigeria,6,1,553,12,gift ideas for girlfriend i
gift ideas for women karachi,5,1,553,12,gift ideas for girlfriend k
gift ideas for women pinterest,5,1,553,12,gift ideas for girlfriend p
gift ideas for women under 500,6,1,553,12,gift ideas for girlfriend u
gift ideas for women who like to read,8,1,553,12,gift ideas for girlfriend w
gift ideas for young women 2025,6,1,553,12,gift ideas for girlfriend y
gift ideas for your boyfriend reddit,6,1,553,12,gift ideas for boyfriend y
jewelry gift ideas for boyfriend,5,1,553,9,gift ideas for boyfriend j
online gift ideas for long distance boyfriend,7,1,553,5,gift ideas for boyfriend online
simple and best gift for girlfriend,6,1,553,12,is it best gift for girlfriend
top 10 gift ideas for boyfriend,6,1,553,6,is it gift ideas for boyfriend
valentines gift ideas for boyfriend reddit,6,1,553,12,gift ideas for boyfriend r
valentines gift ideas for her 2026,6,1,553,12,gift ideas for girlfriend 2026
what's the best gift for her,6,1,553,12,what best gift for girlfriend
best gift for depressed girlfriend,5,1,552,13,best gift for girlfriend d
best gift for gf mother,5,1,552,13,best gift for girlfriend m
best gift for girl to propose,6,1,552,13,best gift for girlfriend t
best gift for girlfriend 2000,5,1,552,3,best gift for girlfriend 2027
best gift for girlfriend best friend,6,1,552,11,best gift for girlfriend best
best gift for girlfriend between ₹ 450 and ₹ 1000,10,1,552,13,best gift for girlfriend b
best gift for girlfriend for eid,6,1,552,13,best gift for girlfriend for
best gift for girlfriend from vietnam,6,1,552,13,best gift for girlfriend v
best gift for girlfriend on diwali,6,1,552,13,best gift for girlfriend with
best gift for girlfriend on first anniversary,7,1,552,13,best gift for girlfriend o
best gift for girlfriend panda,5,1,552,13,best gift for girlfriend p
best gift for girlfriend shoes,5,1,552,13,best gift for girlfriend s
best gift for girlfriend unique,5,1,552,13,best gift for girlfriend u
best gift for girlfriend usa,5,1,552,13,best gift for girlfriend x
best gift for girls expensive,5,1,552,13,best gift for girlfriend e
best gift for girls list,5,1,552,13,best gift for girlfriend l
best gift for her husband,5,1,552,13,best gift for girlfriend h
best gift for junior girls,5,1,552,13,best gift for girlfriend j
best gift for korean women,5,1,552,13,best gift for girlfriend k
best gift for new girlfriend birthday,6,1,552,13,best gift for girlfriend n
best gift for women anniversary,5,1,552,13,best gift for girlfriend a
best gifts for girlfriend creative,5,1,552,13,best gift for girlfriend c
best gifts for your girlfriend's parents,6,1,552,13,best gift for girlfriend y
best handmade gift ideas for boyfriend,6,1,552,13,gift ideas for boyfriend best
christmas gift ideas for boyfriend you just started dating,9,1,552,10,gift ideas for boyfriend j
christmas gift ideas for women 2026,6,1,552,13,gift ideas for girlfriend 2026
experience gift ideas for him vancouver,6,1,552,11,gift ideas for boyfriend v
gift for boyfriend without spending money,6,1,552,5,gift ideas for boyfriend without
gift ideas for a boyfriend's birthday,6,1,552,13,gift ideas for boyfriend a
gift ideas for a good girlfriend,6,1,552,13,gift ideas for girlfriend g
gift ideas for bf for christmas,6,1,552,13,gift ideas for boyfriend for
gift ideas for boyfriend blue collar,6,1,552,13,gift ideas for boyfriend b
gift ideas for boyfriend in school,6,1,552,12,gift ideas for boyfriend i
gift ideas for boyfriend marriage,5,1,552,3,gift ideas for boyfriend maker
gift ideas for boyfriend turning 40,6,1,552,13,gift ideas for boyfriend t
gift ideas for boyfriend under ₹ 500,7,1,552,13,gift ideas for boyfriend u
gift ideas for boyfriend with pictures,6,1,552,13,gift ideas for boyfriend w
gift ideas for boyfriend's birthday,5,1,552,6,gift ideas for boyfriend z
gift ideas for chef boyfriend,5,1,552,13,gift ideas for boyfriend c
gift ideas for daughter's boyfriend's parents,6,1,552,13,gift ideas for boyfriend d
gift ideas for fiance female birthday,6,1,552,13,gift ideas for boyfriend f
gift ideas for gf pinterest,5,1,552,12,gift ideas for girlfriend z
gift ideas for girl turning 16,6,1,552,13,gift ideas for girlfriend t
gift ideas for girls age 18,6,1,552,13,gift ideas for girlfriend a
gift ideas for girls karachi,5,1,552,13,gift ideas for girlfriend k
gift ideas for girls list,5,1,552,13,gift ideas for girlfriend l
gift ideas for girls reddit,5,1,552,13,gift ideas for girlfriend r
gift ideas for girls under 100,6,1,552,13,gift ideas for girlfriend u
gift ideas for girls vanity,5,1,552,13,gift ideas for girlfriend v
gift ideas for her for christmas,6,1,552,13,gift ideas for girlfriend for
gift ideas for him gq,5,1,552,13,gift ideas for boyfriend g
gift ideas for him list,5,1,552,13,gift ideas for boyfriend l
gift ideas for jewish women,5,1,552,13,gift ideas for girlfriend j
gift ideas for my boyfriend,5,1,552,13,gift ideas for boyfriend m
gift ideas for my girlfriend anniversary,6,1,552,13,gift ideas for girlfriend m
gift ideas for new boyfriend christmas,6,1,552,13,gift ideas for boyfriend n
gift ideas for photographer boyfriend,5,1,552,13,gift ideas for boyfriend p
gift ideas for secret boyfriend,5,1,552,13,gift ideas for boyfriend s
gift ideas for women boss,5,1,552,13,gift ideas for girlfriend b
gift ideas for women christmas,5,1,552,13,gift ideas for girlfriend c
gift ideas for women dubai,5,1,552,13,gift ideas for girlfriend d
gift ideas for women etsy,5,1,552,13,gift ideas for girlfriend e
gift ideas for women food,5,1,552,13,gift ideas for girlfriend f
gift ideas for women homemade,5,1,552,13,gift ideas for girlfriend h
gift ideas for women in 60s,6,1,552,13,gift ideas for girlfriend i
gift ideas for women in bulk,6,1,552,13,gift ideas for girlfriend in
gift ideas for women philippines,5,1,552,13,gift ideas for girlfriend p
gift ideas for women south africa,6,1,552,13,gift ideas for girlfriend s
gift ideas for women with everything,6,1,552,13,gift ideas for girlfriend w
gift ideas for your boyfriends dad,6,1,552,13,gift ideas for boyfriend y
gift ideas for your girl best friend,7,1,552,13,gift ideas for girlfriend y
good gift for girlfriend reddit,5,1,552,13,best gift for girlfriend r
good gift ideas for boyfriend reddit,6,1,552,13,gift ideas for boyfriend r
graduation gift ideas for him high school,7,1,552,13,gift ideas for boyfriend h
is jewelry a good gift for girlfriend,7,1,552,13,is it best gift for girlfriend
top gift for women 2026,5,1,552,13,best gift for girlfriend 2026
unique gift for boyfriend expensive,5,1,552,13,gift ideas for boyfriend e
unique gift ideas for women best friend,7,1,552,13,gift ideas for girlfriend best
useful gift ideas for boyfriend,5,1,552,7,is it gift ideas for boyfriend
what's the best gift for your girlfriend,7,1,552,13,what best gift for girlfriend
best gift for dancer girlfriend,5,1,551,14,best gift for girlfriend d
best gift for girlfriend at low price,7,1,551,4,best gift for girlfriend app
best gift for girlfriend budget friendly,6,1,551,14,best gift for girlfriend b
best gift for girlfriend for first date,7,1,551,14,best gift for girlfriend for
best gift for girlfriend from amazon,6,1,551,7,best gift for girlfriend free
best gift for girlfriend in 2023,6,1,551,4,best gift for girlfriend 2027
best gift for girlfriend on date,6,1,551,14,best gift for girlfriend o
best gift for girlfriend on period,6,1,551,14,best gift for girlfriend with
best gift for girlfriend purple,5,1,551,14,best gift for girlfriend p
best gift for girlfriend under 25000,6,1,551,14,best gift for girlfriend u
best gift for girlfriends mum,5,1,551,14,best gift for girlfriend m
best gift for girls age 10,6,1,551,14,best gift for girlfriend a
best gift for girls earrings,5,1,551,14,best gift for girlfriend e
best gift for girls love,5,1,551,14,best gift for girlfriend l
best gift for kindergarten girls,5,1,551,14,best gift for girlfriend k
best gift for my girlfriend quora,6,1,551,4,best gift for girlfriend maker
best gift for venezuelan women,5,1,551,14,best gift for girlfriend v
best gift for women hikers,5,1,551,14,best gift for girlfriend h
best gift for women nearby,5,1,551,14,best gift for girlfriend n
best gift for women recovering from surgery,7,1,551,14,best gift for girlfriend r
best gift for women watches,5,1,551,14,best gift for girlfriend w
best gift ideas for girlfriend reddit,6,1,551,14,gift ideas for girlfriend best
best gift ideas for women 2026,6,1,551,14,best gift for girlfriend 2026
best gifts for girlfriend christmas amazon,6,1,551,14,best gift for girlfriend c
best gifts for girlfriend swarovski,5,1,551,14,best gift for girlfriend s
best gifts for girlfriend this year,6,1,551,14,best gift for girlfriend t
best.gifts for your.girlfriend's dad,4,1,551,14,best gift for girlfriend y
gift ideas for a boyfriend on valentine's day,8,1,551,14,gift ideas for boyfriend a
gift ideas for best friends boyfriend,6,1,551,14,gift ideas for boyfriend best
gift ideas for bf for birthday,6,1,551,14,gift ideas for boyfriend for
gift ideas for boyfriend in valentine,6,1,551,13,gift ideas for boyfriend i
gift ideas for boyfriend of 3 years,7,1,551,14,gift ideas for boyfriend o
gift ideas for boyfriend paper,5,1,551,4,gift ideas for boyfriend template
gift ideas for boyfriend turning 18,6,1,551,14,gift ideas for boyfriend t
gift ideas for boyfriend under ₹ 400,7,1,551,14,gift ideas for boyfriend u
gift ideas for boyfriend who loves music,7,1,551,14,gift ideas for boyfriend w
gift ideas for boyfriend with photos,6,1,551,6,gift ideas for boyfriend without
gift ideas for boyfriend's 23rd birthday,6,1,551,10,gift ideas for boyfriend 2026
gift ideas for cyclist boyfriend,5,1,551,14,gift ideas for boyfriend c
gift ideas for deployed boyfriend,5,1,551,14,gift ideas for boyfriend d
gift ideas for gamer boyfriend reddit,6,1,551,14,gift ideas for boyfriend r
gift ideas for gf birthday,5,1,551,13,gift ideas for girlfriend z
gift ideas for girl tweens,5,1,551,14,gift ideas for girlfriend t
gift ideas for girlfriend 25th birthday,6,1,551,14,gift ideas for girlfriend 
gift ideas for girlfriend in india,6,1,551,7,can i gift ideas for girlfriend
gift ideas for girlfriend marriage,5,1,551,4,gift ideas for girlfriend maker
gift ideas for girlfriend near me,6,1,551,14,gift ideas for girlfriend n
gift ideas for girlfriend one year,6,1,551,14,gift ideas for girlfriend o
gift ideas for girls age 5 7,7,1,551,14,gift ideas for girlfriend a
gift ideas for girls blinkit,5,1,551,14,gift ideas for girlfriend b
gift ideas for girls for birthday,6,1,551,14,gift ideas for girlfriend for
gift ideas for girls puberty function,6,1,551,14,gift ideas for girlfriend p
gift ideas for her luxury,5,1,551,14,gift ideas for girlfriend l
gift ideas for him and her,6,1,551,14,gift ideas for boyfriend h
gift ideas for him first anniversary,6,1,551,14,gift ideas for boyfriend f
gift ideas for him golf,5,1,551,14,gift ideas for boyfriend g
gift ideas for him london,5,1,551,14,gift ideas for boyfriend l
gift ideas for japanese women,5,1,551,14,gift ideas for girlfriend j
gift ideas for my boyfriend birthday,6,1,551,14,gift ideas for boyfriend m
gift ideas for my girlfriend reddit,6,1,551,14,gift ideas for girlfriend m
gift ideas for new boyfriend on valentine's day,8,1,551,14,gift ideas for boyfriend n
gift ideas for police boyfriend,5,1,551,14,gift ideas for boyfriend p
gift ideas for stressed boyfriend,5,1,551,14,gift ideas for boyfriend s
gift ideas for volleyball girls,5,1,551,14,gift ideas for girlfriend v
gift ideas for women coworkers,5,1,551,14,gift ideas for girlfriend c
gift ideas for women doctors,5,1,551,14,gift ideas for girlfriend d
gift ideas for women early 20s,6,1,551,14,gift ideas for girlfriend e
gift ideas for women from australia,6,1,551,14,gift ideas for girlfriend f
gift ideas for women handbags,5,1,551,14,gift ideas for girlfriend h
gift ideas for women in secret santa,7,1,551,14,gift ideas for girlfriend in
gift ideas for women in their 80s,7,1,551,14,gift ideas for girlfriend i
gift ideas for women kate spade,6,1,551,14,gift ideas for girlfriend k
gift ideas for women relaxing,5,1,551,14,gift ideas for girlfriend r
gift ideas for women secret santa,6,1,551,14,gift ideas for girlfriend s
gift ideas for women under $20,6,1,551,14,gift ideas for girlfriend u
gift ideas for women worth 500 pesos,7,1,551,14,gift ideas for girlfriend w
gift ideas for your bf birthday,6,1,551,14,gift ideas for boyfriend y
gift ideas for yourself women,5,1,551,14,gift ideas for girlfriend y
girl best gift for gf birthday,6,1,551,14,best gift for girlfriend g
graduation gift ideas for her 2026,6,1,551,14,gift ideas for girlfriend 2026
great gift ideas for girlfriend,5,1,551,14,gift ideas for girlfriend g
is bracelet a good gift for girlfriend,7,1,551,14,is it best gift for girlfriend
jeans gift ideas for boyfriend,5,1,551,11,gift ideas for boyfriend j
unique gifts for boyfriend etsy,5,1,551,14,gift ideas for boyfriend e
useful gift ideas for boyfriend birthday,6,1,551,8,is it gift ideas for boyfriend
virtual gift ideas for boyfriend,5,1,551,12,gift ideas for boyfriend v
what's the best gift for my girlfriend,7,1,551,14,what best gift for girlfriend
best gift for gf perfume,5,1,550,15,best gift for girlfriend p
best gift for girl teacher,5,1,550,15,best gift for girlfriend t
best gift for girlfriend at birthday,6,1,550,5,best gift for girlfriend app
best gift for girlfriend birthday dress,6,1,550,15,best gift for girlfriend b
best gift for girlfriend for graduation,6,1,550,15,best gift for girlfriend for
best gift for girlfriend for her birthday,7,1,550,13,best gift for girlfriend best
best gift for girlfriend from dubai,6,1,550,15,best gift for girlfriend f
best gift for girlfriend from flipkart,6,1,550,8,best gift for girlfriend free
best gift for girlfriend on her birthday under 10000,9,1,550,15,best gift for girlfriend o
best gift for girlfriend under 400,6,1,550,15,best gift for girlfriend u
best gift for girlfriend's birthday,5,1,550,15,best gift for girlfriend z
best gift for girls hair,5,1,550,15,best gift for girlfriend h
best gift for girls lamp,5,1,550,15,best gift for girlfriend l
best gift for girls nearby,5,1,550,15,best gift for girlfriend n
best gift for girls reddit,5,1,550,15,best gift for girlfriend r
best gift for my girlfriend,5,1,550,15,best gift for girlfriend m
best gift for my girlfriend's birthday,6,1,550,5,best gift for girlfriend maker
best gift for vegan women,5,1,550,15,best gift for girlfriend v
best gift for women employees,5,1,550,15,best gift for girlfriend e
best gift for women who has everything,7,1,550,15,best gift for girlfriend w
best gift for women's day,5,1,550,15,best gift for girlfriend d
best gift for you gf,5,1,550,15,best gift for girlfriend y
best gift girlfriend ke liye,5,1,550,15,best gift for girlfriend k
best gift ideas for girlfriend anniversary,6,1,550,15,gift ideas for girlfriend best
best gift ideas for her 2026,6,1,550,15,gift ideas for girlfriend 2026
best gifts for girlfriend college,5,1,550,15,best gift for girlfriend c
best gifts for girlfriend on girlfriend day,7,1,550,15,best gift for girlfriend g
best gifts for girlfriend sorry,5,1,550,15,best gift for girlfriend s
best valentine gift ideas for boyfriend,6,1,550,15,gift ideas for boyfriend best
best valentines gift for her 2026,6,1,550,15,best gift for girlfriend 2026
boyfriend gift ideas online shopping,5,1,550,8,gift ideas for boyfriend online
gift ideas for a boyfriend's mom,6,1,550,15,gift ideas for boyfriend a
gift ideas for bf birthday,5,1,550,15,gift ideas for boyfriend b
gift ideas for boyfriend of 3 months,7,1,550,15,gift ideas for boyfriend o
gift ideas for boyfriend turning 50,6,1,550,15,gift ideas for boyfriend t
gift ideas for boyfriend under 5000,6,1,550,15,gift ideas for boyfriend u
gift ideas for boyfriend who loves sports,7,1,550,15,gift ideas for boyfriend w
gift ideas for carpenter boyfriend,5,1,550,15,gift ideas for boyfriend c
gift ideas for girls age 13,6,1,550,15,gift ideas for girlfriend a
gift ideas for girls creative & craft,7,1,550,15,gift ideas for girlfriend c
gift ideas for girls diy,5,1,550,15,gift ideas for girlfriend d
gift ideas for girls expensive,5,1,550,15,gift ideas for girlfriend e
gift ideas for girls for wedding,6,1,550,15,gift ideas for girlfriend for
gift ideas for girls in pakistan,6,1,550,15,gift ideas for girlfriend i
gift ideas for girls on birthday,6,1,550,15,gift ideas for girlfriend with
gift ideas for girls rakhi,5,1,550,15,gift ideas for girlfriend r
gift ideas for her first anniversary,6,1,550,15,gift ideas for girlfriend f
gift ideas for her kitchen,5,1,550,15,gift ideas for girlfriend k
gift ideas for him dad,5,1,550,15,gift ideas for boyfriend d
gift ideas for him for valentine's day,7,1,550,15,gift ideas for boyfriend for
gift ideas for him funny,5,1,550,15,gift ideas for boyfriend f
gift ideas for him gym,5,1,550,15,gift ideas for boyfriend g
gift ideas for him last minute,6,1,550,15,gift ideas for boyfriend l
gift ideas for him who has everything,7,1,550,15,gift ideas for boyfriend h
gift ideas for junior girls,5,1,550,15,gift ideas for girlfriend j
gift ideas for masculine girlfriend,5,1,550,15,gift ideas for girlfriend m
gift ideas for men boyfriend,5,1,550,15,gift ideas for boyfriend m
gift ideas for nieces boyfriend,5,1,550,15,gift ideas for boyfriend n
gift ideas for punjabi boyfriend,5,1,550,15,gift ideas for boyfriend p
gift ideas for sick boyfriend,5,1,550,15,gift ideas for boyfriend s
gift ideas for teenage girl,5,1,550,15,gift ideas for girlfriend t
gift ideas for women blinkit,5,1,550,15,gift ideas for girlfriend b
gift ideas for women home,5,1,550,15,gift ideas for girlfriend h
gift ideas for women in christmas,6,1,550,15,gift ideas for girlfriend in
gift ideas for women long distance,6,1,550,15,gift ideas for girlfriend l
gift ideas for women over 50,6,1,550,15,gift ideas for girlfriend o
gift ideas for women pakistan,5,1,550,15,gift ideas for girlfriend p
gift ideas for women singapore,5,1,550,15,gift ideas for girlfriend s
gift ideas for women under $25,6,1,550,15,gift ideas for girlfriend u
gift ideas for women who travel a lot,8,1,550,15,gift ideas for girlfriend w
gift ideas for young women who have everything,8,1,550,15,gift ideas for girlfriend y
gift ideas for your boyfriends family,6,1,550,15,gift ideas for boyfriend y
gifts for boyfriend without money,5,1,550,7,gift ideas for boyfriend without
glass jar gift ideas for boyfriend,6,1,550,12,gift ideas for boyfriend j
good gift ideas for girlfriend birthday,6,1,550,15,gift ideas for girlfriend g
ideas for gifting boyfriend,4,1,550,9,is it gift ideas for boyfriend
small and best gift for girlfriend,6,1,550,15,is it best gift for girlfriend
small gift ideas for boyfriend on valentine's day,8,1,550,13,gift ideas for boyfriend v
unique gift for girlfriend valentine day,6,1,550,15,gift ideas for girlfriend v
what gifts i can give to girlfriend,7,1,550,8,can i gift ideas for girlfriend
what is best surprise gift for girlfriend,7,1,550,15,what best gift for girlfriend
