suggestion,words,prefix_hits,relevance
what to give gifts for girlfriend,6,37,600.0
online gift for girlfriend birthday,5,34,1250.0
virtual gift for boyfriend birthday,5,32,1250.0
what can i gift my girlfriend,6,26,600.0
online gift for girlfriend,4,22,1250.0
online gift for girlfriend india,5,22,601.0
surprise gift for girlfriend birthday,5,21,1252.0
what should i gift my girlfriend,6,19,556.0
surprise gift ideas for girlfriend,5,18,600.0
surprise gift for girlfriend,4,16,601.0
virtual gifts for boyfriend,4,15,602.0
long distance gift ideas,4,14,1250.0
surprise gift for girlfriend online,5,14,1250.0
surprise gift for girlfriend on valentine's week,7,14,601.0
virtual gift ideas for boyfriend,5,14,601.0
virtual gift for boyfriend,4,13,1250.0
long distance gift card,4,13,601.0
surprise gifts for girlfriend on valentine's day,7,13,600.0
virtual gift for bf,4,13,550.0
long distance gifts india,4,12,601.0
surprise gift for girlfriend at work,6,12,601.0
online gift for girlfriend link,5,11,1250.0
surprise gift for girlfriend instant,5,11,601.0
surprise gift for gf ideas,5,11,600.0
send gifts online today,4,11,600.0
what will be the best gift for girlfriend,8,11,558.0
what should i give my girlfriend as a gift,9,11,556.0
birthday gift for girlfriend under 200,6,10,605.0
long distance gift gift,4,10,601.0
surprise gift for girlfriend quotes,5,10,601.0
birthday gift for girlfriend in nigeria,6,10,600.0
surprise gift for girlfriend website,5,9,1251.0
virtual gift meaning,3,9,1251.0
birthday gift for girlfriend under 500,6,9,1251.0
long distance gift online,4,9,1250.0
surprise gift for girlfriend anniversary,5,9,1250.0
surprise gift for girlfriend link,5,9,1250.0
birthday gift for girlfriend online,5,9,1250.0
birthday gift for girlfriend ideas,5,9,1250.0
birthday gift for girlfriend under 1000,6,9,1250.0
e gift cards india,4,9,1250.0
gift ideas for girlfriend birthday,5,9,1250.0
gift ideas for girlfriend day,5,9,1250.0
gift ideas for girlfriend reddit,5,9,1250.0
send gifts online india,4,9,1250.0
online gift for girlfriend day,5,9,601.0
online gift for girlfriend website,5,9,601.0
surprise gift for girlfriend under 500,6,9,601.0
gift ideas for girlfriend,4,9,601.0
virtual gift for boyfriend long distance,6,9,601.0
send gifts online amazon,4,9,600.0
gift ideas for girlfriend 1 year anniversary,7,9,558.0
what to gift my girlfriend,5,9,554.0
e gift cards,3,8,1252.0
virtual gift for boyfriend free,5,8,1251.0
gift ideas for girlfriend anniversary,5,8,1250.0
gift ideas for girlfriend pinterest,5,8,1250.0
surprise gifts for girlfriend reddit,5,8,601.0
e gift card amazon,4,8,601.0
send gifts online flipkart,4,8,601.0
online gift girlfriend,3,8,600.0
surprise gifts for girlfriend nearby,5,8,600.0
birthday gift for girlfriend in nepal,6,8,562.0
surprise gift ideas for her,5,8,554.0
surprise gift for girlfriend status,5,8,552.0
romantic gift for girlfriend,4,7,1252.0
online gift delivery,3,7,1251.0
e gift voucher,3,7,1251.0
romantic gift for husband,4,7,1251.0
digital gift ideas,3,7,1250.0
anniversary gift ideas,3,7,1250.0
birthday gift for girlfriend handmade,5,7,1250.0
birthday gift for girlfriend reddit,5,7,1250.0
romantic gift for wife,4,7,1250.0
long distance gift for girlfriend,5,7,1200.0
romantic gift for boyfriend,4,7,1150.0
e gift card flipkart,4,7,950.0
best online gift for girlfriend,5,7,601.0
long distance gift for him,5,7,601.0
online best surprise gift for girlfriend on her birthday,9,7,601.0
birthday gift for girlfriend sri lanka,6,7,601.0
gift ideas for girlfriend christmas,5,7,601.0
gift ideas for girlfriend diy,5,7,601.0
gift ideas for girlfriend india,5,7,601.0
gift ideas for girlfriend valentines,5,7,601.0
what is a virtual gift,5,7,600.0
e gift card meaning,4,7,600.0
send gift online in germany,5,7,600.0
best surprise gift for girlfriend on valentine's day,8,7,560.0
online gift ideas for boyfriend,5,7,559.0
e gift card myntra,4,7,558.0
gift ideas for girlfriends mom,5,7,558.0
e gift cards free,4,7,557.0
gift ideas for girlfriends dad,5,7,556.0
online gift ideas,3,6,1251.0
virtual gift website,3,6,1251.0
online gift cards,3,6,1250.0
surprise gift for girlfriend ideas,5,6,1250.0
virtual gift card,3,6,1250.0
virtual gift ideas,3,6,1250.0
virtual gift online free,4,6,1250.0
online gift delivery same day,5,6,1250.0
birthday gift for girlfriend dress,5,6,1250.0
romantic gift ideas,3,6,1250.0
birthday gift for girlfriend india,5,6,1000.0
virtual gift website free,4,6,850.0
online gift delivery in india,5,6,601.0
birthday gift for girlfriend dubai,5,6,601.0
online gift delivery website,4,6,601.0
what is a digital gift,5,6,600.0
online gift delivery in usa,5,6,600.0
romantic gift for men,4,6,600.0
gift ideas for girlfriends parents,5,6,560.0
what's a good birthday gift for girlfriend,7,6,560.0
best surprise gift for girlfriend on anniversary,7,6,559.0
e gift card voucher,4,6,559.0
romantic gift for husband birthday,5,6,558.0
romantic gift for anniversary,4,6,557.0
e gift cards online,4,6,556.0
gift ideas for girlfriend unique,5,6,552.0
online gift delivery in bangalore same day,7,5,1251.0
anniversary gift for wife,4,5,1251.0
digital gift cards,3,5,1250.0
online gift service,3,5,1250.0
virtual gift link free,4,5,1250.0
online gift delivery apps in india,6,5,1250.0
anniversary gift for husband,4,5,1250.0
romantic gift box for girlfriend,5,5,1250.0
anniversary gift for men,4,5,901.0
anniversary gift ideas for couples,5,5,852.0
anniversary gift ideas for husband,5,5,851.0
anniversary gift ideas for parents,5,5,850.0
anniversary gift for parents,4,5,800.0
long distance gift for boyfriend,5,5,601.0
long distance gift ideas for him,6,5,601.0
online gift card for girlfriend,5,5,601.0
online gift in pakistan,4,5,601.0
online gift maker for gf,5,5,601.0
online gift to girlfriend,4,5,601.0
what is surprise gift for girlfriend,6,5,601.0
which online gift cards is best,6,5,601.0
best virtual gift for boyfriend,5,5,601.0
birthday gift for girlfriend chocolate box,6,5,601.0
romantic gift for couple,4,5,601.0
send gift online in dubai,5,5,601.0
long distance gift for best friend,6,5,600.0
long distance gift ideas for her,6,5,600.0
long distance gifts website,4,5,600.0
online best gift for girlfriend birthday,6,5,600.0
online gift in dubai,4,5,600.0
surprise birthday gift for girlfriend in india,7,5,600.0
virtual gift for free,4,5,600.0
what is best surprise gift for girlfriend,7,5,600.0
long distance gift for her,5,5,562.0
long distance gift for mom,5,5,560.0
online gift delivery in uk,5,5,560.0
online gift to send,4,5,559.0
romantic gift for him,4,5,559.0
romantic gift for her,4,5,558.0
anniversary gift for him,4,5,556.0
romantic gift for wife birthday,5,5,556.0
e gift card kya hota hai,6,5,555.0
e gift card sell,4,5,554.0
e gift card voucher details,5,5,553.0
send gifts online in india,5,5,553.0
e gift card usa,4,5,552.0
gift ideas for girlfriend 30th birthday,6,5,552.0
gift ideas for girlfriend 21st birthday,6,5,551.0
virtual gift link,3,4,1252.0
online gift maker,3,4,1251.0
online gift website,3,4,1251.0
virtual gift for girlfriend,4,4,1251.0
online gift delivery app,4,4,1251.0
gift for boyfriend on his birthday,6,4,1250.0
long distance gift box,4,4,1250.0
online gift hampers,3,4,1250.0
online gift maker free,4,4,1250.0
virtual gift box,3,4,1250.0
virtual gift service,3,4,1250.0
online gift delivery bangalore,4,4,1250.0
gift ideas for girlfriend handmade,5,4,1250.0
gift ideas for girlfriend on her birthday,7,4,1250.0
online gift card maker,4,4,1200.0
digital gift for boyfriend,4,4,1100.0
gift ideas for girlfriend on anniversary,6,4,1052.0
digital gift cards free,4,4,1050.0
virtual gift free,3,4,1050.0
anniversary gift for couple,4,4,900.0
online gift delivery chennai,4,4,850.0
gift for boyfriend on anniversary,5,4,800.0
gift for girlfriend on anniversary,5,4,800.0
digital gift for birthday,4,4,700.0
digital gift for best friend,5,4,650.0
birthday gift for girlfriend unique,5,4,604.0
digital gift card amazon,4,4,601.0
free online gift for girlfriend,5,4,601.0
long distance gift under 1000,5,4,601.0
online gift card purchase,4,4,601.0
online gift for my girlfriend,5,4,601.0
online gift ideas for girlfriend,5,4,601.0
surprise gift for girl best friend,6,4,601.0
virtual gift card maker,4,4,601.0
virtual gift for birthday,4,4,601.0
which is the best surprise gift for girlfriend impress,9,4,601.0
birthday gift for girlfriend online sri lanka,7,4,601.0
online gift delivery on same day,6,4,601.0
anniversary gift for mom and dad,6,4,601.0
birthday gift for girlfriend,4,4,601.0
birthday gift for girlfriend quora,5,4,601.0
send gift online to canada,5,4,601.0
send gifts online for birthday,5,4,601.0
digital gift card roblox,4,4,600.0
long distance gift couple,4,4,600.0
online gift for birthday,4,4,600.0
surprise gift for girlfriend on birthday,6,4,600.0
virtual gift card how to use,6,4,600.0
what to gift online friend,5,4,600.0
anniversary gift for friends,4,4,600.0
send gift online abu dhabi,5,4,600.0
send gift online sri lanka,5,4,600.0
send gift online to usa,5,4,600.0
best gift for girlfriend online shopping,6,4,562.0
send gift online same day,5,4,562.0
send gifts online for her,5,4,562.0
long distance gifts pinterest,4,4,561.0
surprise gift for her meaning in hindi,7,4,561.0
virtual gift cards visa,4,4,561.0
birthday gift for girlfriend in kenya,6,4,561.0
send gift online to australia,5,4,561.0
send gifts online for kids,5,4,561.0
digital gift card store,4,4,560.0
surprise gift for her love meaning in malayalam,8,4,560.0
best surprise gift for girlfriend on her birthday in india,10,4,559.0
online gift delivery in udaipur,5,4,559.0
long distance gift for husband,5,4,558.0
online gift delivery in dubai,5,4,558.0
digital gift card steam,4,4,557.0
long distance gift for men,5,4,557.0
long distance gift for sister,5,4,557.0
anniversary gift for boyfriend,4,4,557.0
list of birthday gift for girlfriend,6,4,557.0
long distance gift for wife,5,4,555.0
online gift delivery in ahmedabad,5,4,555.0
online gift delivery in riyadh,5,4,555.0
online gift delivery sites,4,4,555.0
romantic gift for boyfriend birthday,5,4,555.0
long distance gift for dad,5,4,554.0
which gift can you give to your girlfriend,8,4,554.0
gift ideas for girlfriend's birthday,5,4,553.0
e gift card amazon redeem,5,4,552.0
e gift card blinkit,4,4,551.0
virtual gifts for boyfriend ideas,5,4,551.0
digital gift box,3,3,1251.0
digital gift for girlfriend,4,3,1251.0
gift for boyfriend under 500,5,3,1251.0
online gift box,3,3,1251.0
online gift order,3,3,1251.0
online gift shops,3,3,1251.0
online gift vouchers,3,3,1251.0
virtual gift link generator,4,3,1251.0
anniversary gift instant delivery,4,3,1251.0
birthday gift for girlfriend photo frame,6,3,1251.0
digital gift box free,4,3,1250.0
digital gift garden,3,3,1250.0
digital gift maker,3,3,1250.0
digital gift online,3,3,1250.0
digital gift website,3,3,1250.0
gift for boyfriend birthday,4,3,1250.0
gift for boyfriend day,4,3,1250.0
gift for boyfriend expensive,4,3,1250.0
gift for boyfriend handmade,4,3,1250.0
gift for boyfriend ideas,4,3,1250.0
gift for boyfriend under 200,5,3,1250.0
gift for girlfriend birthday,4,3,1250.0
gift for girlfriend day,4,3,1250.0
gift for girlfriend ideas,4,3,1250.0
gift for girlfriend under 500,5,3,1250.0
long distance gift websites,4,3,1250.0
online gift app,3,3,1250.0
online gift kaise bheje,4,3,1250.0
what e gift card,4,3,1250.0
e gift free,3,3,1250.0
online gift delivery hyderabad,4,3,1250.0
online gift delivery near me,5,3,1250.0
birthday gift for girlfriend blinkit,5,3,1250.0
birthday gift for girlfriend flipkart,5,3,1250.0
e gift ishara,3,3,1250.0
e gift voucher flipkart,4,3,1250.0
gift ideas for girlfriend graduation,5,3,1250.0
gift ideas for girlfriend long distance,6,3,1250.0
gift ideas for girlfriend wlw,5,3,1250.0
romantic gift video,3,3,1250.0
send gift online uk,4,3,1250.0
gift for girlfriend under 1000,5,3,1150.0
virtual gift maker free,4,3,1050.0
romantic gift ideas for husband,5,3,1050.0
gift for boyfriend under 1000,5,3,900.0
online gift delivery pune,4,3,900.0
gift for girlfriend under 200,5,3,851.0
online gift shops near me,5,3,851.0
gift for girlfriend under 10000,5,3,850.0
online gift store,3,3,850.0
virtual gift for long distance boyfriend,6,3,850.0
gift for boyfriend blinkit,4,3,750.0
virtual gift card free,4,3,750.0
online gift maker website,4,3,650.0
gift for girlfriend under 2000,5,3,603.0
birthday gift for girlfriend under 5000,6,3,603.0
gift for girlfriend under 5000,5,3,602.0
birthday gift for girlfriend under 10000,6,3,602.0
digital gift online free,4,3,601.0
digital gift world,3,3,601.0
gift for boyfriend birthday ideas,5,3,601.0
gift for boyfriend under 300,5,3,601.0
gift for girlfriend birthday under 1000,6,3,601.0
gift for girlfriend under 300,5,3,601.0
long distance gift delivery,4,3,601.0
online best gift,3,3,601.0
online gift for girlfriend on new year,7,3,601.0
online gift for girls,4,3,601.0
online gift jordan,3,3,601.0
online gift karachi,3,3,601.0
online gift qatar,3,3,601.0
online gift templates,3,3,601.0
online gift uk delivery,4,3,601.0
online gift without address,4,3,601.0
online surprise gift for girlfriend,5,3,601.0
online zoo gift shop,4,3,601.0
unexpected surprise gift status in english for girlfriend,8,3,601.0
virtual gift for best friend,5,3,601.0
what online gift card,4,3,601.0
e gift zara,3,3,601.0
e gift jollibee,3,3,601.0
online gift delivery sri lanka,5,3,601.0
e gift qr code,4,3,601.0
online best gift for boyfriend on his birthday,8,3,601.0
e on gift card,4,3,601.0
virtual gift website for boyfriend,5,3,601.0
anniversary gift ideas for wife,5,3,601.0
birthday gift for girl best friend,6,3,601.0
birthday gift for girlfriend under 2000,6,3,601.0
e gift for boyfriend,4,3,601.0
e gift voucher amazon,4,3,601.0
gift ideas for girlfriend birthday reddit,6,3,601.0
gift ideas for girlfriend in christmas,6,3,601.0
gift ideas for girlfriend not jewelry,6,3,601.0
online gift delivery usa,4,3,601.0
online gift for boyfriend birthday,5,3,601.0
online virtual gifts for boyfriend,5,3,601.0
romantic gift girlfriend,3,3,601.0
send gift online australia,4,3,601.0
send gift online canada,4,3,601.0
send gift online dubai,4,3,601.0
send gift online india,4,3,601.0
send gift online karachi,4,3,601.0
send gift online pakistan,4,3,601.0
send gift online qatar,4,3,601.0
send gift online usa,4,3,601.0
send gifts online free delivery,5,3,601.0
send gifts online same day delivery,6,3,601.0
send online gift to new zealand,6,3,601.0
virtual gift card for boyfriend,5,3,601.0
virtual gift service for boyfriend,5,3,601.0
virtual gifts for long distance boyfriend free,7,3,601.0
a good surprise gift for my girlfriend,7,3,600.0
digital gift item,3,3,600.0
e gift template,3,3,600.0
gift for boyfriend birthday under 500,6,3,600.0
gift for boyfriend under 100,5,3,600.0
gift for girlfriend blinkit,4,3,600.0
gift for girlfriend under 100,5,3,600.0
long distance gift two maps in one,7,3,600.0
long distance relationship gift online,5,3,600.0
online best gift for girlfriend,5,3,600.0
online gift card free,4,3,600.0
online gift jaipur,3,3,600.0
online gift kerala,3,3,600.0
online gift maker for bf,5,3,600.0
online gift qr code,4,3,600.0
online yorkdale gift card,4,3,600.0
online zift gift card,4,3,600.0
virtual gift for girlfriend free,5,3,600.0
e gift zone,3,3,600.0
e gift john lewis,4,3,600.0
online gift delivery in pakistan,5,3,600.0
e gift in,3,3,600.0
online gift to boyfriend,4,3,600.0
virtual gift link for boyfriend,5,3,600.0
birthday gift for girl best friend under 500,8,3,600.0
birthday gift for girlfriend under ₹800,6,3,600.0
e gift voucher free,4,3,600.0
free virtual gifts for boyfriend birthday,6,3,600.0
gift ideas for girlfriend in birthday,6,3,600.0
online gift delivery instant,4,3,600.0
romantic gift pack,3,3,600.0
send gift online philippines,4,3,600.0
send gifts online for him,5,3,600.0
digital gift cards visa,4,3,562.0
online best gift for wife on her birthday,8,3,562.0
online gift quiz,3,3,562.0
online zillions gift card stores,5,3,562.0
surprise gift for her meaning in malayalam,7,3,562.0
e gift zalora,3,3,562.0
online gift hampers for diwali,5,3,562.0
online gift delivery in australia,5,3,562.0
birthday gift for girl best friend in pakistan,8,3,562.0
gift ideas for women in their 30s,7,3,562.0
digital gift cards australia,4,3,561.0
gift for girlfriend birthday under 500,6,3,561.0
long distance gift ideas for girlfriend,6,3,561.0
online gas gift cards,4,3,561.0
online jd gift card,4,3,561.0
online zillions gift card,4,3,561.0
what is digital gift card roblox,6,3,561.0
online gift happy birthday,4,3,561.0
birthday gift for girl best friend jewellery,7,3,561.0
gift ideas for women in their 20s,7,3,561.0
send gift online in india,5,3,561.0
send gifts online in pakistan,5,3,561.0
best surprise gift for girlfriend on her birthday,8,3,560.0
e gift gas card,4,3,560.0
long distance gift ideas reddit,5,3,560.0
online gift card website,4,3,560.0
online gift for best friend,5,3,560.0
online google gift card,4,3,560.0
online order gift card,4,3,560.0
online qdoba gift card,4,3,560.0
valentine gift for girlfriend online shopping,6,3,560.0
virtual gift card website,4,3,560.0
birthday gift for girl best friend under 100,8,3,560.0
gift ideas for women in their 40s,7,3,560.0
best surprise gift for girlfriend long distance,7,3,559.0
long distance gift for couples,5,3,559.0
long distance gift ideas for boyfriend,6,3,559.0
online best gift cards,4,3,559.0
online best valentine gift for girlfriend,6,3,559.0
online gift card sell,4,3,559.0
online gift to pakistan,4,3,559.0
online one4all gift card,4,3,559.0
online youtube gift card,4,3,559.0
virtual gift card bob,4,3,559.0
online gift baskets,3,3,559.0
birthday gift for girlfriend in sri lanka,7,3,559.0
gift ideas for women in their 50s,7,3,559.0
send gifts online to sri lanka,6,3,559.0
best surprise gift for girlfriend on her birthday amazon,9,3,558.0
digital gift card maker,4,3,558.0
digital gift cards canada,4,3,558.0
long distance gift for bf,5,3,558.0
online gift cards india,4,3,558.0
online gift for women,4,3,558.0
online yeti gift card,4,3,558.0
virtual gift card bank of baroda,6,3,558.0
anniversary gift ideas for mom and dad,7,3,558.0
birthday gift for girl best friend handbags,7,3,558.0
gift ideas for women in their 70s,7,3,558.0
send gifts online in bangalore,5,3,558.0
send gifts online to philippines,5,3,558.0
best surprise gift for girlfriend on her birthday pinterest,9,3,557.0
online best gift for husband on his birthday,8,3,557.0
online gift card for birthday,5,3,557.0
virtual gift card meaning,4,3,557.0
anniversary gift ideas for him,5,3,557.0
birthday gift for girl best friend under 200,8,3,557.0
online gift delivery in oman,5,3,557.0
romantic gift for wife online,5,3,557.0
send gifts online to usa from india,7,3,557.0
best surprise gift for girlfriend on her birthday in south africa,11,3,556.0
best surprise gift for girlfriend on her birthday nearby,9,3,556.0
best surprise gift for girlfriend on her birthday reddit,9,3,556.0
e grubhub gift card,4,3,556.0
long distance gift for friend,5,3,556.0
online best gift for newborn baby,6,3,556.0
online gift card maker free,5,3,556.0
online gift delivery for birthday,5,3,556.0
online gift to friend,4,3,556.0
virtual gift card for birthday,5,3,556.0
virtual gift cards canada,4,3,556.0
what should be gift for boyfriend,6,3,556.0
anniversary gift ideas for sister and brother in law,9,3,556.0
birthday gift for girlfriend in dubai,6,3,556.0
how to use e gift,5,3,556.0
send gifts online to singapore,5,3,556.0
online gift card buy,4,3,555.0
virtual gift card for girlfriend,5,3,555.0
anniversary gift ideas for friends,5,3,555.0
long distance gifts for her online,6,3,554.0
anniversary gift for her,4,3,554.0
anniversary gift ideas for men,5,3,554.0
virtual gift card balance,4,3,553.0
anniversary gift for sister and brother in law,8,3,553.0
gift ideas for girlfriend online,5,3,553.0
online gift delivery in saudi arabia,6,3,553.0
what anniversary gift for husband,5,3,553.0
long distance gifting,3,3,552.0
online gift card voucher,4,3,552.0
anniversary gift ideas for her,5,3,552.0
e gift india,3,3,552.0
girlfriend online purchase,3,3,551.0
online gift card birthday present,5,3,551.0
anniversary gift ideas for bhaiya bhabhi,6,3,551.0
virtual gifts to give your boyfriend,6,3,551.0
online gift card code,4,3,550.0
online gift registry,3,2,1252.0
e gift for birthday,4,2,1252.0
gift for boyfriend for anniversary,5,2,1251.0
gift for boyfriend in blinkit,5,2,1251.0
online gift registry south africa,5,2,1251.0
e gift for girlfriend,4,2,1251.0
digital gift free,3,2,1250.0
digital gift link,3,2,1250.0
digital gift service,3,2,1250.0
gift for boyfriend for birthday,5,2,1250.0
gift for boyfriend in birthday,5,2,1250.0
gift for girlfriend for birthday,5,2,1250.0
gift for girlfriend instant delivery,5,2,1250.0
gift for girlfriend on birthday,5,2,1250.0
online gift registry free,4,2,1250.0
online gift website free,4,2,1250.0
online gift with music,4,2,1250.0
virtual gift apk,3,2,1250.0
virtual gift free website,4,2,1250.0
virtual gift generator,3,2,1250.0
virtual gift indosiar,3,2,1250.0
virtual gift with music,4,2,1250.0
e gift online,3,2,1250.0
e gift karte,3,2,1250.0
virtual gift to boyfriend,4,2,1250.0
anniversary gift online delivery,4,2,1250.0
anniversary gift with husband,4,2,1250.0
birthday gift for girlfriend amazon,5,2,1250.0
birthday gift for girlfriend instagram,5,2,1250.0
e gift meaning,3,2,1250.0
e gift website,3,2,1250.0
gift ideas for girlfriend for birthday,6,2,1250.0
online gift delivery in bangalore,5,2,1250.0
romantic gift palia,3,2,1250.0
gift for girlfriend for girlfriend day,6,2,1150.0
birthday gift for girlfriend expensive,5,2,1100.0
virtual gift box maker,4,2,1050.0
gift ideas for girlfriend on birthday,6,2,1050.0
gift for girlfriend in blinkit,5,2,1000.0
online gift packaging,3,2,1000.0
gift for girlfriend for anniversary,5,2,951.0
gift for girlfriend for first meeting,6,2,950.0
romantic gift ideas for her,5,2,900.0
gift for girlfriend in birthday,5,2,851.0
gift for girlfriend in sawan,5,2,850.0
online gift purchase,3,2,802.0
virtual gift maker online free,5,2,800.0
gift for girlfriend amazon,4,2,751.0
online gift registry australia,4,2,750.0
anniversary gift by year,4,2,750.0
virtual gift surprise,3,2,700.0
gift for boyfriend on birthday,5,2,602.0
gift for girlfriend in periods,5,2,602.0
can i buy online gift cards,6,2,601.0
digital bestbuy gift card,4,2,601.0
digital gift for friend,4,2,601.0
digital gift website template,4,2,601.0
gift for boyfriend for father's day,6,2,601.0
gift for boyfriend in anniversary,5,2,601.0
gift for boyfriend to show appreciation,6,2,601.0
gift for girlfriend for 1 year anniversary,7,2,601.0
gift for girlfriend in first meeting,6,2,601.0
gift for girlfriend india online,5,2,601.0
gift for women with box,5,2,601.0
gifts for girlfriend online delivery,5,2,601.0
long distance gift best friend,5,2,601.0
long distance gift ideas no money,6,2,601.0
long distance gift quotes,4,2,601.0
long distance gifts for your girlfriend,6,2,601.0
long distance online gift ideas,5,2,601.0
new year gift for girlfriend online,6,2,601.0
online free gift cards,4,2,601.0
online gift app market in india,6,2,601.0
online gift for long distance girlfriend,6,2,601.0
online gift for women birthday,5,2,601.0
online gift for your girlfriend,5,2,601.0
online gift international delivery,4,2,601.0
online gift pakistan,3,2,601.0
online girlfriend gift,3,2,601.0
online virtual gift for girlfriend,5,2,601.0
surprise gift for fiance girl,5,2,601.0
surprise gift for gf birthday,5,2,601.0
surprise gift for girl child,5,2,601.0
surprise gift for my girlfriend,5,2,601.0
virtual gift ideas for girlfriend,5,2,601.0
what is digital gift card,5,2,601.0
what virtual gift card,4,2,601.0
e gift best buy,4,2,601.0
e gift ulta,3,2,601.0
e gift target,3,2,601.0
anniversary gift appliances,3,2,601.0
birthday gift delivery app,4,2,601.0
birthday gift delivery new york,5,2,601.0
birthday gift for girlfriend in hindi,6,2,601.0
birthday gift for girlfriend list,5,2,601.0
birthday gift for girlfriend usa,5,2,601.0
birthday gift for girls with photo,6,2,601.0
birthday gift free delivery,4,2,601.0
can i send online gift cards,6,2,601.0
e gift ideas,3,2,601.0
gift ideas for girlfriend for 1 year anniversary,8,2,601.0
gift ideas for girlfriend homemade,5,2,601.0
how to send gift online,5,2,601.0
love gift online order,4,2,601.0
online gift delivery amman jordan,5,2,601.0
online gift delivery for kids,5,2,601.0
online gift delivery worldwide,4,2,601.0
online gift hamper for men with shirt,7,2,601.0
romantic gift delivery,3,2,601.0
romantic gift ideas for girlfriend,5,2,601.0
romantic gift in palia,4,2,601.0
send gift online free,4,2,601.0
send gift online london,4,2,601.0
send gifts online hyderabad,4,2,601.0
virtual gifts for long distance boyfriend pinterest,7,2,601.0
virtual gifts for long distance boyfriend reddit,7,2,601.0
virtual gifts for long distance boyfriend website,7,2,601.0
what anniversary gift is 10 years,6,2,601.0
which anniversary gift is leather,5,2,601.0
which birthday gift is best for girlfriend,7,2,601.0
digital gift for girlfriend free,5,2,600.0
gift for boyfriend for 1 year anniversary,7,2,600.0
gift for boyfriend in valentine's day,6,2,600.0
gift for boyfriend on friendship day,6,2,600.0
gift for girlfriend day 2026,5,2,600.0
gift for girlfriend india,4,2,600.0
long distance bestie gift,4,2,600.0
long distance surprise gift quotes,5,2,600.0
long distance valentine's day gift,5,2,600.0
make online gift for girlfriend,5,2,600.0
online free gift card maker,5,2,600.0
online gift apple card,4,2,600.0
online gift deed,3,2,600.0
online gift for boyfriend,4,2,600.0
online gift for her birthday,5,2,600.0
online gift india,3,2,600.0
online sorry gift for girlfriend,5,2,600.0
online unique gift for girlfriend birthday,6,2,600.0
short surprise gift quotes for girlfriend,6,2,600.0
surprise gift for girl bestie,5,2,600.0
surprise gift for girlfriend on her birthday,7,2,600.0
surprise gift for girlfriend under 200,6,2,600.0
surprise gift for my girlfriend birthday,6,2,600.0
surprise gift to girlfriend,4,2,600.0
surprise ideas for girlfriend long distance,6,2,600.0
virtual gift for friend,4,2,600.0
virtual gift ideas for best friend,6,2,600.0
virtual gift letter,3,2,600.0
what is digital gift,4,2,600.0
what is virtual gift,4,2,600.0
online gift free,3,2,600.0
what e gift,3,2,600.0
gift ideas for best girlfriend,5,2,600.0
anniversary gift item,3,2,600.0
anniversary which gift is best for husband,7,2,600.0
birthday gift for girlfriend from girlfriend,6,2,600.0
birthday gift for girls online,5,2,600.0
free birthday gift ideas for girlfriend,6,2,600.0
gift ideas for girlfriend on valentine's day,7,2,600.0
online gift delivery for anniversary,5,2,600.0
online gift delivery new zealand,5,2,600.0
online gift delivery sites in india,6,2,600.0
romantic gift ideas for him,5,2,600.0
send gifts online in japan,5,2,600.0
send outdoor plant gift online,5,2,600.0
virtual birthday gift ideas for boyfriend,6,2,600.0
what anniversary gift is 5 years,6,2,600.0
what anniversary gift is 7 years,6,2,600.0
what do you get for an anniversary gift,8,2,600.0
what is the traditional gift for anniversaries,7,2,600.0
birthday surprise gift for girl best friend,7,2,562.0
can i get online gift card,6,2,562.0
long distance gift caption,4,2,562.0
online apple gift card purchase,5,2,562.0
online free gift maker,4,2,562.0
online gift in sri lanka,5,2,562.0
e gift jd,3,2,562.0
birthday gift for girlfriend jhumka,5,2,562.0
e gift card visa,4,2,562.0
gift ideas for best girlfriend birthday,6,2,562.0
how to send gift online in india,7,2,562.0
online gift delivery for marriage,5,2,562.0
send gift hampers online in india,6,2,562.0
can i sell online gift cards,6,2,561.0
digital gift officer job description,5,2,561.0
long distance bestie gift ideas,5,2,561.0
long distance birthday gift online,5,2,561.0
online apple gift card code,5,2,561.0
online gift for wife,4,2,561.0
online gift kartica,3,2,561.0
e zara gift card,4,2,561.0
e&j gift set,3,2,561.0
birthday gift delivery for men,5,2,561.0
birthday gift delivery usa free,5,2,561.0
birthday gift ideas for girlfriend 2026,6,2,561.0
gift ideas for girlfriend on christmas,6,2,561.0
gift ideas for women best friend,6,2,561.0
romantic gift baskets for girlfriend,5,2,561.0
send birthday gift online uk,5,2,561.0
send online gift in nepal,5,2,561.0
birthday surprise ideas for girlfriend in hyderabad,7,2,560.0
digital gift card,3,2,560.0
digital gift card website,4,2,560.0
gift for boyfriend in christmas,5,2,560.0
gift for girlfriend on valentine's day,6,2,560.0
gift for girlfriend personalised,4,2,560.0
gift for girlfriend romantic,4,2,560.0
long distance relationship gifts online free,6,2,560.0
online apple gift card email delivery,6,2,560.0
online bestbuy gift card,4,2,560.0
online gift kuwait,3,2,560.0
online gift wrapping service,4,2,560.0
online jcpenney gift card,4,2,560.0
online zepto gift card,4,2,560.0
virtual gift website template,4,2,560.0
birthday gift delivery for her,5,2,560.0
birthday gift for girlfriend in india,6,2,560.0
birthday gift for girlfriend myntra,5,2,560.0
gift ideas for girlfriend on new year,7,2,560.0
gift ideas for girlfriend under 200,6,2,560.0
how to send gift online to usa,7,2,560.0
send gift cards online usa,5,2,560.0
send gifts online to bhubaneswar,5,2,560.0
send gifts online to dubai from india,7,2,560.0
send gifts to germany online from india,7,2,560.0
send online gift in delhi,5,2,560.0
what anniversary gift is 20 years,6,2,560.0
best surprise gift for my girlfriend,6,2,559.0
digital gift card making,4,2,559.0
gift for boyfriend in his birthday,6,2,559.0
gift for boyfriend on valentine's day,6,2,559.0
gift for girlfriend on christmas,5,2,559.0
long distance relationship gifts online for him,7,2,559.0
long distance surprise gift quotes for husband,7,2,559.0
love gift for girlfriend online shopping,6,2,559.0
online gift for men,4,2,559.0
online gift kolkata,3,2,559.0
online jiomart gift card,4,2,559.0
online qt gift card,4,2,559.0
online uber gift card,4,2,559.0
online zarraffa's gift card,4,2,559.0
surprise gift for sister on her wedding,7,2,559.0
surprise sorry gift ideas for girlfriend,6,2,559.0
virtual gift for long distance girlfriend,6,2,559.0
online creative gift ideas for girlfriend,6,2,559.0
birthday gift delivery for him,5,2,559.0
birthday gift for girl bestie,5,2,559.0
birthday gift for girlfriend in ethiopia,6,2,559.0
e gift voucher redeem,4,2,559.0
gift ideas for girlfriend on 1 year anniversary,8,2,559.0
gift send online in bangalore,5,2,559.0
how to send gifts online to mumbai,7,2,559.0
romance gift set ralph lauren,5,2,559.0
romantic gift couple,3,2,559.0
send gift card online instantly,5,2,559.0
send gift card online uk,5,2,559.0
send gift delivery same day,5,2,559.0
send gift wrapped presents online,5,2,559.0
send gifts online from india to new zealand,8,2,559.0
send gifts online south africa,5,2,559.0
virtual gift for him,4,2,559.0
birthday surprise ideas for girlfriend in mumbai,7,2,558.0
digital gift for men,4,2,558.0
diwali gift for girlfriend online,5,2,558.0
gift for boyfriend in diwali,5,2,558.0
gift for boyfriend on birthday under 500,7,2,558.0
gift for boyfriend on christmas,5,2,558.0
gift for girlfriend on new year,6,2,558.0
long distance friendship gifts online,5,2,558.0
long distance relationship gift quotes,5,2,558.0
long distance wife gift,4,2,558.0
online gift for,3,2,558.0
online gift kathmandu,3,2,558.0
online jewellery gift,3,2,558.0
online quran gift set,4,2,558.0
online ulta gift card,4,2,558.0
online zara gift voucher,4,2,558.0
unexpected surprise gift status for girlfriend,6,2,558.0
online birthday gift ideas for girlfriend,6,2,558.0
anniversary gift not flowers,4,2,558.0
birthday gift delivery for kids,5,2,558.0
birthday gift for girlfriend in bangladesh,6,2,558.0
birthday gift for girlfriend in ghana,6,2,558.0
birthday gift for girlfriend special,5,2,558.0
birthday gift ideas for women 2026,6,2,558.0
e gift card sephora,4,2,558.0
gift ideas for girlfriend on mother's day,7,2,558.0
gift ideas for girls in their 20s,7,2,558.0
online gift delivery services,4,2,558.0
send birthday gift online usa,5,2,558.0
sending online gifts from uk to australia,7,2,558.0
digital gift for husband,4,2,557.0
digital gift ideas for best friend,6,2,557.0
gift for boyfriend in valentines,5,2,557.0
gift for boyfriend on valentine,5,2,557.0
gift for girlfriend birthday under 2000,6,2,557.0
gift for girlfriend in pakistan,5,2,557.0
gift for girlfriend on diwali,5,2,557.0
online book gift for girlfriend,5,2,557.0
online gift dubai,3,2,557.0
online gift for free,4,2,557.0
online gift for sister,4,2,557.0
online gift photo frame,4,2,557.0
online joker gift card,4,2,557.0
online quest gift card,4,2,557.0
online zaxby's gift card,4,2,557.0
surprise gift from girlfriend quotes,5,2,557.0
surprise new year gift for girlfriend,6,2,557.0
birthday gift delivery for mom,5,2,557.0
birthday gift for girlfriend in pakistan,6,2,557.0
gift ideas for girlfriend under 2000,6,2,557.0
gift ideas for women in 30s,6,2,557.0
send mothers day gift online,5,2,557.0
send online gift card free,5,2,557.0
send rakhi gift online india,5,2,557.0
send visa gift card online usa,6,2,557.0
virtual gift for men,4,2,557.0
can i use e gift card in store,8,2,556.0
can you use a digital gift card online,8,2,556.0
digital gift for her,4,2,556.0
e gift maker,3,2,556.0
gift for boyfriend in new year,6,2,556.0
gift for boyfriend on love anniversary,6,2,556.0
gift for girlfriend in nepal,5,2,556.0
long distance love best gift,5,2,556.0
long distance relationship online gift ideas,6,2,556.0
long distance thank you gift,5,2,556.0
online gift bags,3,2,556.0
online gift ideas for friends,5,2,556.0
online gift shop,3,2,556.0
online gift wrap,3,2,556.0
online qvc gift card,4,2,556.0
birthday gift delivery for dad,5,2,556.0
birthday gift for girlfriend cute,5,2,556.0
birthday gift for girlfriend in uk,6,2,556.0
diy gift ideas for girlfriend,5,2,556.0
e gift card uk,4,2,556.0
gift basket send online gift jaipur india photos,8,2,556.0
gift ideas for girlfriend useful,5,2,556.0
gift ideas for women in their 60s,7,2,556.0
online gift delivery in trivandrum,5,2,556.0
send gift card online sephora,5,2,556.0
send gifts to australia online free,6,2,556.0
what is an e gift,5,2,556.0
can i buy e gift cards on amazon,8,2,555.0
caption for surprise gift from girlfriend,6,2,555.0
digital gift for sister,4,2,555.0
gift for bf in anniversary,5,2,555.0
gift for girlfriend in ethiopia,5,2,555.0
girl best surprise gift for girlfriend on her birthday,9,2,555.0
long distance valentine's day gifts online,6,2,555.0
low cost gifts for boyfriend,5,2,555.0
necklaces best surprise gift for girlfriend on her birthday,9,2,555.0
online gift for boys,4,2,555.0
online gift tags,3,2,555.0
online gift to buy,4,2,555.0
online hollister gift card,4,2,555.0
online quran gift,3,2,555.0
virtual gift for her,4,2,555.0
what should i gift my boyfriend long distance,8,2,555.0
what's a good surprise gift for your girlfriend,8,2,555.0
women's golf gift,3,2,555.0
anniversary gift for husband ideas,5,2,555.0
best online gift delivery in new zealand,7,2,555.0
birthday gift send online sri lanka,6,2,555.0
gift basket send online gift jaipur india,7,2,555.0
gift ideas for girlfriend new year,6,2,555.0
how to give someone an e gift card,8,2,555.0
online gift delivery in jaipur same day,7,2,555.0
send birthday gifts online for kids,6,2,555.0
send free virtual gifts online,5,2,555.0
send gifts online to toronto canada,6,2,555.0
send miss you gifts online,5,2,555.0
send online gift card starbucks,5,2,555.0
send rose day gift online,5,2,555.0
virtual gifts for long distance boyfriend birthday,7,2,555.0
can i buy e gift cards,6,2,554.0
digital gift cards online,4,2,554.0
digital gift cards uk,4,2,554.0
digital gift for wife,4,2,554.0
digital gift ideas for wife,5,2,554.0
gift for girlfriend in bangladesh,5,2,554.0
online gift creator,3,2,554.0
online gift for kids,4,2,554.0
online gift wrapping paper,4,2,554.0
online heb gift card,4,2,554.0
gift ideas for girlfriend quora,5,2,554.0
online gifts to send via email,6,2,554.0
romantic gift for husband on anniversary,6,2,554.0
romantic gift online,3,2,554.0
send birthday gift online india,5,2,554.0
send new year gifts online in india,7,2,554.0
what are the best gift for girlfriend on her birthday,10,2,554.0
what can i give my gf as birthday gift,9,2,554.0
20 online gift ideas,4,2,553.0
can i print e gift card,6,2,553.0
digital gift for girls,4,2,553.0
gift for girlfriend in valentine day,6,2,553.0
long distance gift for kids,5,2,553.0
long distance gifts for him online,6,2,553.0
online gift for husband,4,2,553.0
online gift wife,3,2,553.0
online homegoods gift card,4,2,553.0
surprise girlfriend birthday gift,4,2,553.0
virtual gift box free,4,2,553.0
virtual gift for friendship day,5,2,553.0
what can i gift virtually,5,2,553.0
birthday gift for girlfriend wife,5,2,553.0
romantic gif app,3,2,553.0
digital gift for anniversary,4,2,552.0
gift for girlfriend in christmas,5,2,552.0
online gift for wife birthday,5,2,552.0
online gift shops in sri lanka,6,2,552.0
online homesense gift card,4,2,552.0
virtual gift visa gift card balance,6,2,552.0
anniversary gift for girlfriend,4,2,552.0
anniversary gift ideas for boyfriend,5,2,552.0
birthday gift for girlfriend friend,5,2,552.0
birthday gift for girlfriend package,5,2,552.0
e gift card,3,2,552.0
e gift voucher philippines,4,2,552.0
gift ideas for girlfriend 2026,5,2,552.0
online gift delivery in one day,6,2,552.0
romantic gift for wife under rupees 500,7,2,552.0
send wine as a gift online usa,7,2,552.0
digital gift card store commbank,5,2,551.0
digital gift for friendship day,5,2,551.0
digital gifts india,3,2,551.0
gift for girlfriend in diwali,5,2,551.0
online gift for sister on raksha bandhan,7,2,551.0
online her gift card,4,2,551.0
virtual gift cards online,4,2,551.0
virtual gift for girlfriend birthday,5,2,551.0
anniversary gift for wife ideas,5,2,551.0
e gift card use in store,6,2,551.0
gift ideas for women in wedding,6,2,551.0
online gift delivery in abu dhabi,6,2,551.0
romantic gift for girlfriend birthday,5,2,551.0
romantic gifting ideas,3,2,551.0
virtual gift ideas for bf,5,2,551.0
digital gift for long distance relationship,6,2,550.0
digital gift options,3,2,550.0
gift for long distance boyfriend online,6,2,550.0
girlfriend online buy,3,2,550.0
online gift for gf,4,2,550.0
unique online gift for girlfriend,5,2,550.0
anniversary gift for bhaiya bhabhi,5,2,550.0
online gift delivery in kuwait,5,2,550.0
romantic gif free,3,2,550.0
romantic gift for my wife,5,2,550.0
anniversary gift amazon,3,1,1252.0
romantic gifts,2,1,1252.0
gift for boyfriend long distance,5,1,1251.0
gift for girlfriend chocolate,4,1,1251.0
gift for girlfriend hamper,4,1,1251.0
gift for girlfriend photo,4,1,1251.0
gift for girlfriend ring,4,1,1251.0
gift for girlfriend watch,4,1,1251.0
long distance gifts,3,1,1251.0
virtual gift online,3,1,1251.0
anniversary gift app,3,1,1251.0
anniversary gift gold,3,1,1251.0
anniversary gift options,3,1,1251.0
anniversary gift quotes,3,1,1251.0
anniversary gift reddit,3,1,1251.0
anniversary gift shop near me,5,1,1251.0
anniversary gift to husband,4,1,1251.0
anniversary gift video,3,1,1251.0
anniversary gifts for couples,4,1,1251.0
birthday gift for girlfriend same day delivery,7,1,1251.0
e gift mastercard,3,1,1251.0
e gift redeem,3,1,1251.0
digital gift app,3,1,1250.0
digital gift envelope,3,1,1250.0
digital gift package,3,1,1250.0
digital gift qr code,4,1,1250.0
digital gift receipt,3,1,1250.0
digital gift template,3,1,1250.0
digital gift voucher,3,1,1250.0
digital gifts,2,1,1250.0
gift for boyfriend anniversary,4,1,1250.0
gift for boyfriend graduation,4,1,1250.0
gift for boyfriend just because,5,1,1250.0
gift for boyfriend low budget,5,1,1250.0
gift for boyfriend near me,5,1,1250.0
gift for boyfriend pinterest,4,1,1250.0
gift for boyfriend quotes,4,1,1250.0
gift for boyfriend reddit,4,1,1250.0
gift for boyfriend sri lanka,5,1,1250.0
gift for girlfriend anniversary,4,1,1250.0
gift for girlfriend combo,4,1,1250.0
gift for girlfriend expensive,4,1,1250.0
gift for girlfriend handmade,4,1,1250.0
gift for girlfriend long distance relationship,6,1,1250.0
gift for girlfriend meesho,4,1,1250.0
gift for girlfriend near me,5,1,1250.0
gift for girlfriend pinterest,4,1,1250.0
gift for girlfriend quotes,4,1,1250.0
gift for girlfriend reddit,4,1,1250.0
gift for girlfriend shop near me,6,1,1250.0
gift for girlfriend to remember me,6,1,1250.0
gift for girlfriend website,4,1,1250.0
gift for girlfriend zepto,4,1,1250.0
how digital gift cards work,5,1,1250.0
long distance gifts for him,5,1,1250.0
online gift box website,4,1,1250.0
online gift exchange,3,1,1250.0
online gift game,3,1,1250.0
online gift items,3,1,1250.0
online gift link,3,1,1250.0
online gift making website,4,1,1250.0
online gift nifty,3,1,1250.0
online gift options,3,1,1250.0
online gift packing,3,1,1250.0
online gift tool,3,1,1250.0
online gift uk,3,1,1250.0
online gift virtual,3,1,1250.0
virtual gift kya hota hai,5,1,1250.0
virtual gift maker,3,1,1250.0
virtual gift qr code,4,1,1250.0
virtual gift unwrapping,3,1,1250.0
virtual gift video,3,1,1250.0
what gift for boyfriend birthday,5,1,1250.0
birthday gift for girlfriend zepto,5,1,1250.0
e gift apple,3,1,1250.0
anniversary gift at home,4,1,1250.0
anniversary gift box,3,1,1250.0
anniversary gift card,3,1,1250.0
anniversary gift embroidery,3,1,1250.0
anniversary gift free fire,4,1,1250.0
anniversary gift girlfriend,3,1,1250.0
anniversary gift hamper,3,1,1250.0
anniversary gift in blinkit,4,1,1250.0
anniversary gift jewellery,3,1,1250.0
anniversary gift kya de,4,1,1250.0
anniversary gift list,3,1,1250.0
anniversary gift mom dad,4,1,1250.0
anniversary gift near me,4,1,1250.0
anniversary gift online,3,1,1250.0
anniversary gift photo frame,4,1,1250.0
anniversary gift quotes for husband,5,1,1250.0
anniversary gift resin art,4,1,1250.0
anniversary gift suggestions,3,1,1250.0
anniversary gift to wife,4,1,1250.0
anniversary gift virtual,3,1,1250.0
anniversary gift wife,3,1,1250.0
anniversary gift year wise,4,1,1250.0
anniversary gift zepto,3,1,1250.0
anniversary gifts for husband,4,1,1250.0
birthday gift for girlfriend long distance,6,1,1250.0
birthday gift for girlfriend meesho,5,1,1250.0
birthday gift for girlfriend near me,6,1,1250.0
birthday gift for girlfriend pinterest,5,1,1250.0
birthday gift for girlfriend quotes,5,1,1250.0
birthday gift for girlfriend shop near me,7,1,1250.0
birthday gift for girlfriend website,5,1,1250.0
e gift box,3,1,1250.0
e gift exchange,3,1,1250.0
e gift link,3,1,1250.0
e gift portal,3,1,1250.0
e gift rewards,3,1,1250.0
e gift service,3,1,1250.0
e gifts,2,1,1250.0
gift ideas for girlfriend mom,5,1,1250.0
how e gift card works,5,1,1250.0
online gift delivery dubai,4,1,1250.0
online gift delivery jaffna,4,1,1250.0
online gift delivery lahore,4,1,1250.0
online gift delivery uk,4,1,1250.0
romantic gif romance,3,1,1250.0
romantic gift cards,3,1,1250.0
romantic gift hamper,3,1,1250.0
romantic gift love,3,1,1250.0
romantic gift sticker,3,1,1250.0
send gifts online egypt,4,1,1250.0
send gifts online to india,5,1,1250.0
gift for boyfriend amazon,4,1,1200.0
gift for boyfriend crochet,4,1,1200.0
gift for girlfriend list,4,1,1200.0
online gift box maker,4,1,1200.0
anniversary gift couple,3,1,1200.0
anniversary gift link,3,1,1200.0
romantic gift shop near me,5,1,1200.0
gift for boyfriend hamper,4,1,1150.0
gift for boyfriend memorable,4,1,1150.0
anniversary gift quotes for wife,5,1,1150.0
anniversary gift delivery,3,1,1101.0
gift for boyfriend sister,4,1,1100.0
gift for girlfriend flipkart,4,1,1100.0
online gift business ideas,4,1,1100.0
virtual gift video free,4,1,1100.0
anniversary gift diy,3,1,1100.0
anniversary gift husband,3,1,1100.0
anniversary gift under 500,4,1,1100.0
online gift delivery bangalore same day,6,1,1100.0
gift ideas for girlfriend on girlfriend day,7,1,1051.0
gift for girlfriend silver,4,1,1050.0
e gift birthday cards,4,1,1050.0
anniversary gift mummy papa,4,1,1050.0
birthday gift for girlfriend customized,5,1,1050.0
anniversary gift on blinkit,4,1,1001.0
digital gift shop near me,5,1,1000.0
anniversary gift expensive,3,1,1000.0
anniversary gift options for couple,5,1,1000.0
anniversary gift photo,3,1,1000.0
anniversary gift low budget,4,1,950.0
anniversary gifts for parents,4,1,950.0
online gift delivery ahmedabad,4,1,950.0
virtual gift meaning in hindi,5,1,901.0
gift for boyfriend first meeting,5,1,900.0
gift for boyfriend going away,5,1,900.0
gift for boyfriend homemade,4,1,900.0
virtual gift message,3,1,900.0
anniversary gift under 200,4,1,900.0
can i gift watch to someone,6,1,900.0
gift for boyfriend mother,4,1,850.0
gift for girlfriend sister,4,1,850.0
virtual gift ultimate the icon berapa rupiah,7,1,850.0
anniversary gift gold for wife,5,1,850.0
anniversary gift under 100,4,1,850.0
birthday gift for girlfriend first time,6,1,850.0
can i gift watch to my boyfriend,7,1,850.0
anniversary gift instamart,3,1,802.0
gift for boyfriend sentimental,4,1,801.0
gift for girlfriend on girlfriend day,6,1,801.0
online gift portal,3,1,801.0
anniversary gift in silver,4,1,801.0
digital gift girlfriend,3,1,800.0
digital gift message,3,1,800.0
gift for boyfriend simple,4,1,800.0
long distance gifts for her,5,1,800.0
online gift packing course,4,1,800.0
anniversary gift card ideas,4,1,800.0
anniversary gift in budget,4,1,800.0
anniversary gift parents,3,1,800.0
online gift hampers for men,5,1,751.0
anniversary gift blinkit,3,1,751.0
anniversary gift to sister and brother in law,8,1,751.0
anniversary gift website,3,1,751.0
digital gift ideas for girlfriend,5,1,750.0
gift for girlfriend anniversary 1 year,6,1,750.0
gift for girlfriend makeup kit,5,1,750.0
online gift hampers for birthday,5,1,750.0
virtual gift sender,3,1,750.0
anniversary gift grandparents,3,1,750.0
anniversary gift to parents,4,1,750.0
anniversary gift wishes,3,1,750.0
e gift isthara co in,5,1,750.0
anniversary gift hampers for couple,5,1,702.0
anniversary gift hamper for husband,5,1,701.0
digital gift ideas for boyfriend,5,1,700.0
online gift message,3,1,700.0
anniversary gift baskets for couples,5,1,700.0
anniversary gift handmade,3,1,700.0
anniversary gift in low budget,5,1,700.0
anniversary gift wife ke liye,5,1,700.0
anniversary gift luxury,3,1,652.0
gift for girlfriend from goa,5,1,651.0
anniversary gift ladies,3,1,651.0
anniversary gift to boyfriend,4,1,651.0
gift for girlfriend from blinkit,5,1,650.0
long distance gifts for boyfriend,5,1,650.0
online gift letter,3,1,650.0
anniversary gift boyfriend,3,1,650.0
anniversary gift in 10 minutes,5,1,650.0
anniversary gift kya de sakte hain,6,1,650.0
anniversary gift list for wife,5,1,650.0
anniversary gift pack,3,1,650.0
anniversary gift to husband ideas,5,1,650.0
anniversary gift wife ko kya de,6,1,650.0
online gift delivery kottayam,4,1,650.0
what anniversary gift to give a couple,7,1,650.0
gift for girlfriend online,4,1,602.0
online gift items wholesale,4,1,602.0
online gift making,3,1,602.0
virtual gift site,3,1,602.0
anniversary gift hampers for men,5,1,602.0
anniversary gift options for husband,5,1,602.0
can i buy virtual gift cards,6,1,601.0
can i gift sweatshirt for boyfriend,6,1,601.0
can i use digital gift card in store,8,1,601.0
digital ebay gift card,4,1,601.0
digital free gift cards,4,1,601.0
digital gas gift card,4,1,601.0
digital gift apple card,4,1,601.0
digital gift box website,4,1,601.0
digital gift items,3,1,601.0
digital gift kids,3,1,601.0
digital gift letter,3,1,601.0
digital gift meaning,3,1,601.0
digital gift officer,3,1,601.0
digital gift paypal,3,1,601.0
digital gift store,3,1,601.0
digital gift tau vercel,4,1,601.0
digital gift under 1000,4,1,601.0
digital gift vouchers uk,4,1,601.0
digital gift xbox,3,1,601.0
digital heb gift card,4,1,601.0
digital jd gift card,4,1,601.0
digital qt gift card,4,1,601.0
digital roblox gift card,4,1,601.0
digital youngla gift card,4,1,601.0
digital zara gift card,4,1,601.0
gift for boyfriend 20th birthday,5,1,601.0
gift for boyfriend after proposal,5,1,601.0
gift for boyfriend car accessories,5,1,601.0
gift for boyfriend diy,4,1,601.0
gift for boyfriend etsy,4,1,601.0
gift for boyfriend for first meeting,6,1,601.0
gift for boyfriend going to college,6,1,601.0
gift for boyfriend housewarming,4,1,601.0
gift for boyfriend jewelry,4,1,601.0
gift for boyfriend keychain,4,1,601.0
gift for boyfriend leaving the country,6,1,601.0
gift for boyfriend making,4,1,601.0
gift for boyfriend meeting after long time,7,1,601.0
gift for boyfriend nearby,4,1,601.0
gift for boyfriend on blinkit,5,1,601.0
gift for boyfriend online shopping,5,1,601.0
gift for boyfriend promotion,4,1,601.0
gift for boyfriend quora,4,1,601.0
gift for boyfriend reddit ph,5,1,601.0
gift for boyfriend starting new job,6,1,601.0
gift for boyfriend valentines,4,1,601.0
gift for boyfriend wedding,4,1,601.0
gift for boyfriend without spending money,6,1,601.0
gift for boyfriend xmas,4,1,601.0
gift for boyfriend zepto,4,1,601.0
gift for girlfriend 2024,4,1,601.0
gift for girlfriend after long time,6,1,601.0
gift for girlfriend best buy,5,1,601.0
gift for girlfriend christmas,4,1,601.0
gift for girlfriend dress,4,1,601.0
gift for girlfriend earrings,4,1,601.0
gift for girlfriend going abroad,5,1,601.0
gift for girlfriend homemade,4,1,601.0
gift for girlfriend jewelry,4,1,601.0
gift for girlfriend keychain,4,1,601.0
gift for girlfriend long distance,5,1,601.0
gift for girlfriend meeting after long time,7,1,601.0
gift for girlfriend necklace,4,1,601.0
gift for girlfriend on friendship day,6,1,601.0
gift for girlfriend quora,4,1,601.0
gift for girlfriend reddit ph,5,1,601.0
gift for girlfriend same day delivery,6,1,601.0
gift for girlfriend tunisia,4,1,601.0
gift for girlfriend valentine day,5,1,601.0
gift for girlfriend who has everything,6,1,601.0
gift for girlfriend xmas,4,1,601.0
gift for girlfriend's parents first meeting,6,1,601.0
gift for girls app,4,1,601.0
gift for girls free delivery,5,1,601.0
gift for girls zepto,4,1,601.0
gift for men 2026,4,1,601.0
gift for men with car,5,1,601.0
gift for your boyfriend,4,1,601.0
gift for your girlfriend,4,1,601.0
gift maker for girlfriend,4,1,601.0
gifts for boyfriend appreciation,4,1,601.0
gifts for boyfriend best,4,1,601.0
gifts for girlfriend without spending money,6,1,601.0
girlfriend gift 2026,3,1,601.0
good surprise gift for girlfriend,5,1,601.0
handmade surprise gift for girlfriend,5,1,601.0
how to gift for boyfriend,5,1,601.0
how to gift for girlfriend,5,1,601.0
how to online gift cards,5,1,601.0
how to send long distance gifts,6,1,601.0
is a digital gift card,5,1,601.0
long distance free gifts,4,1,601.0
long distance gift basket,4,1,601.0
long distance gift exchange ideas,5,1,601.0
long distance gift girlfriend,4,1,601.0
long distance gift message,4,1,601.0
long distance gift package,4,1,601.0
long distance gift reddit,4,1,601.0
long distance gift service,4,1,601.0
long distance gift to boyfriend,5,1,601.0
long distance gift uk,4,1,601.0
long distance gift virtual,4,1,601.0
long distance gift watch,4,1,601.0
long distance gifts amazon,4,1,601.0
long distance gifts for couples,5,1,601.0
long distance gifts handmade,4,1,601.0
long distance jewelry gifts,4,1,601.0
long distance kids gifts,4,1,601.0
long distance love gift,4,1,601.0
long distance xmas gifts,4,1,601.0
online birthday gift for girls under 100,7,1,601.0
online gift birthday,3,1,601.0
online gift exchange generator,4,1,601.0
online gift for teenage girl,5,1,601.0
online gift generator,3,1,601.0
online gift hamper for rakhi,5,1,601.0
online gift link for birthday,5,1,601.0
online gift message website,4,1,601.0
online gift nepal,3,1,601.0
online gift opening,3,1,601.0
online gift registry wedding,4,1,601.0
online gift same day delivery,5,1,601.0
online gift to india,4,1,601.0
online gift under 200,4,1,601.0
online gift vouchers india,4,1,601.0
online gift website for gf,5,1,601.0
online gifts you can send,5,1,601.0
online mother's day 2026 gift,5,1,601.0
online order gifts for girlfriend,5,1,601.0
online romantic gifts for girlfriend,5,1,601.0
surprise gift for ldr girlfriend,5,1,601.0
surprise gift for pregnant women,5,1,601.0
surprise gift for teenage girl,5,1,601.0
surprise gift for women's day,5,1,601.0
surprise gift for your girlfriend,5,1,601.0
surprise gift service girlfriend day,5,1,601.0
virtual bestbuy gift card,4,1,601.0
virtual free gift ideas,4,1,601.0
virtual gift box website,4,1,601.0
virtual gift cards,3,1,601.0
virtual gift cards you can send,6,1,601.0
virtual gift dsultan berapa rupiah,5,1,601.0
virtual gift exchange,3,1,601.0
virtual gift game,3,1,601.0
virtual gift happy birthday,4,1,601.0
virtual gift link generator free,5,1,601.0
virtual gift opening,3,1,601.0
virtual gift plan,3,1,601.0
virtual gift robux,3,1,601.0
virtual gift send,3,1,601.0
virtual gift the icon,4,1,601.0
virtual gift ultimate,3,1,601.0
virtual gifting app dragons den,5,1,601.0
virtual joker gift card,4,1,601.0
virtual kroger gift card,4,1,601.0
virtual online gift card,4,1,601.0
virtual playstation gift card,4,1,601.0
virtual qt gift card,4,1,601.0
virtual xbox gift card,4,1,601.0
virtual zara gift card,4,1,601.0
what are good long distance gifts,6,1,601.0
what can i gift for girlfriend,6,1,601.0
what can i gift my long distance boyfriend,8,1,601.0
what digital gift cards can i send,7,1,601.0
what gift for boyfriend on valentine day,7,1,601.0
what gift for girlfriend birthday,5,1,601.0
what is gift for boyfriend,5,1,601.0
what is gift for girlfriend,5,1,601.0
what is online gift card,5,1,601.0
what is virtual gift card,5,1,601.0
which best gift for girlfriend,5,1,601.0
which gift best for boyfriend,5,1,601.0
gift ideas for women appreciation day,6,1,601.0
birthday gift for girls app,5,1,601.0
gift ideas for girlfriend xmas,5,1,601.0
e gift apple card,4,1,601.0
electronic gift husband,3,1,601.0
e online gift cards,4,1,601.0
birthday gift for good girlfriend,5,1,601.0
e gift roblox,3,1,601.0
e gift sephora,3,1,601.0
e gift walmart,3,1,601.0
anniversary gift 2023,3,1,601.0
anniversary gift alfred hitchcock,4,1,601.0
anniversary gift best friend,4,1,601.0
anniversary gift boy,3,1,601.0
anniversary gift cake,3,1,601.0
anniversary gift delivery same day,5,1,601.0
anniversary gift guide,3,1,601.0
anniversary gift hamper for women,5,1,601.0
anniversary gift india,3,1,601.0
anniversary gift kya dena chahie,5,1,601.0
anniversary gift letter,3,1,601.0
anniversary gift men,3,1,601.0
anniversary gift next day delivery,5,1,601.0
anniversary gift of parents,4,1,601.0
anniversary gift online shopping,4,1,601.0
anniversary gift pic,3,1,601.0
anniversary gift quotes for couple,5,1,601.0
anniversary gift received quotes,4,1,601.0
anniversary gift same day delivery,5,1,601.0
anniversary gift to husband from wife,6,1,601.0
anniversary gift under 1000,4,1,601.0
anniversary gift vouchers,3,1,601.0
anniversary gift watch,3,1,601.0
anniversary gift with photos,4,1,601.0
anniversary gift years,3,1,601.0
anniversary gift zzz,3,1,601.0
anniversary gifts without spending money,5,1,601.0
best online gifts to send,5,1,601.0
birthday gift 2026,3,1,601.0
birthday gift basket best friend,5,1,601.0
birthday gift delivery zurich,4,1,601.0
birthday gift for a girlfriend,5,1,601.0
birthday gift for girl friend,5,1,601.0
birthday gift for girl zepto,5,1,601.0
birthday gift for girlfriend 20 years old,7,1,601.0
birthday gift for girlfriend bangladesh,5,1,601.0
birthday gift for girlfriend earrings,5,1,601.0
birthday gift for girlfriend hamper,5,1,601.0
birthday gift for girlfriend jewelry,5,1,601.0
birthday gift for girlfriend kerala,5,1,601.0
birthday gift for girlfriend making,5,1,601.0
birthday gift for girlfriend malaysia,5,1,601.0
birthday gift for girlfriend necklace,5,1,601.0
birthday gift for girlfriend of 6 months,7,1,601.0
birthday gift for girlfriend philippines,5,1,601.0
birthday gift for girlfriend ring,5,1,601.0
birthday gift for girlfriend teddy bear,6,1,601.0
birthday gift for girlfriend video,5,1,601.0
birthday gift for girlfriend who has everything,7,1,601.0
birthday gift for girls for 1 year,7,1,601.0
birthday gift for her 2026,5,1,601.0
birthday gift for your girlfriend,5,1,601.0
birthday gift free,3,1,601.0
birthday gift maker,3,1,601.0
birthday gift template,3,1,601.0
can anniversary gifts be applied to birthdays,7,1,601.0
can i gift a watch to my friend,8,1,601.0
e doordash gift cards,4,1,601.0
e gift balance,3,1,601.0
e gift cards you can send via text,8,1,601.0
e gift kfc,3,1,601.0
e gift letter,3,1,601.0
e gift plus card hdfc,5,1,601.0
ebay e gift card,4,1,601.0
electronic gift men,3,1,601.0
electronic gifts 2026,3,1,601.0
email gift template,3,1,601.0
email with gift card,4,1,601.0
free birthday gifts for girlfriend,5,1,601.0
free gift ideas for girlfriend,5,1,601.0
free romantic. gifts,3,1,601.0
gift ideas for girlfriend 2024,5,1,601.0
gift ideas for girlfriend at christmas,6,1,601.0
gift ideas for girlfriend best friend,6,1,601.0
gift ideas for girlfriend expensive,5,1,601.0
gift ideas for girlfriend going to college,7,1,601.0
gift ideas for girlfriend list,5,1,601.0
gift ideas for girlfriend monthsary,5,1,601.0
gift ideas for girlfriend one year anniversary,7,1,601.0
gift ideas for girlfriend proposal,5,1,601.0
gift ideas for girlfriend reddit ph,6,1,601.0
gift ideas for girlfriend sri lanka,6,1,601.0
gift ideas for girlfriend this christmas,6,1,601.0
gift ideas for girlfriend under 500,6,1,601.0
gift ideas for girls zepto,5,1,601.0
gift ideas for korean girlfriend,5,1,601.0
gift ideas for women 2026,5,1,601.0
gift ideas for women online,5,1,601.0
gift ideas for women qatar,5,1,601.0
gift ideas for women who have everything,7,1,601.0
gift ideas for your girlfriend,5,1,601.0
gift ideas i can make for my girlfriend,8,1,601.0
happy birthday gift for girlfriend,5,1,601.0
is anniversary gift,3,1,601.0
is it a gift to see spirits,7,1,601.0
just because gift ideas for girlfriend,6,1,601.0
love gift app,3,1,601.0
love gift best,3,1,601.0
love gift link,3,1,601.0
love gift with photo,4,1,601.0
love gift zepto,3,1,601.0
online gift basket maker,4,1,601.0
online gift delivery bhubaneswar,4,1,601.0
online gift delivery coimbatore,4,1,601.0
online gift delivery delhi,4,1,601.0
online gift delivery ernakulam,4,1,601.0
online gift delivery guwahati,4,1,601.0
online gift delivery hong kong,5,1,601.0
online gift delivery jaipur,4,1,601.0
online gift delivery kochi,4,1,601.0
online gift delivery lucknow,4,1,601.0
online gift delivery mumbai,4,1,601.0
online gift delivery philippines,4,1,601.0
online gift delivery qatar,4,1,601.0
online gift delivery ranchi,4,1,601.0
online gift delivery trivandrum,4,1,601.0
online gift delivery uae,4,1,601.0
online gift delivery vadodara,4,1,601.0
romantic gif kiss,3,1,601.0
romantic gif maker,3,1,601.0
romantic gif whatsapp,3,1,601.0
romantic gift anniversary,3,1,601.0
romantic gift box,3,1,601.0
romantic gift card template,4,1,601.0
romantic gift crossword clue,4,1,601.0
romantic gift experiences,3,1,601.0
romantic gift for girlfriend under 200,6,1,601.0
romantic gift for your girlfriend,5,1,601.0
romantic gift husband,3,1,601.0
romantic gift not flowers,4,1,601.0
romantic gift note messages for him,6,1,601.0
romantic gift pic,3,1,601.0
romantic gift quotes for her,5,1,601.0
romantic gift reth palia,4,1,601.0
romantic gift set,3,1,601.0
romantic gift to wife,4,1,601.0
romantic gift vouchers,3,1,601.0
romantic gifts 2026,3,1,601.0
romantic gifts japan,3,1,601.0
romantic gifts other than flowers,5,1,601.0
romantic gifts uk,3,1,601.0
send gift online,3,1,601.0
send gift online bangalore,4,1,601.0
send gift to england online,5,1,601.0
send gift to riyadh online,5,1,601.0
send gift voucher online,4,1,601.0
send gifts online germany,4,1,601.0
send gifts online jaipur,4,1,601.0
send gifts online mumbai,4,1,601.0
send gifts online nepal,4,1,601.0
send gifts overseas online,4,1,601.0
send gifts to wife online,5,1,601.0
send online apple gift card,5,1,601.0
send thank you gift online,5,1,601.0
send xmas gift online,4,1,601.0
virtual gift for my boyfriend,5,1,601.0
virtual gift for your boyfriend,5,1,601.0
what anniversary gifts by year,5,1,601.0
what birthday gift for gf,5,1,601.0
what can i buy as birthday gift for my girlfriend,10,1,601.0
what e gift cards are available at coinstar,8,1,601.0
what gift ideas for women,5,1,601.0
what is birthday gift for girlfriend,6,1,601.0
what romantic gifts for her,5,1,601.0
when birthday gift,3,1,601.0
which anniversary gift,3,1,601.0
who buy e gift cards,5,1,601.0
why birthday gift,3,1,601.0
200gift,1,1,600.0
best gift for girlfriend without money,6,1,600.0
can i gift my girlfriend money,6,1,600.0
can i send digital gift cards,6,1,600.0
can i use online gift card in store,8,1,600.0
can i use virtual gift card in store,8,1,600.0
cute online gifts for girlfriend,5,1,600.0
cute online gifts for your girlfriend,6,1,600.0
cute surprise gift for girlfriend,5,1,600.0
digital e gift cards,4,1,600.0
digital free gift ideas,4,1,600.0
digital gamestop gift card,4,1,600.0
digital gift,2,1,600.0
digital gift apple,3,1,600.0
digital gift basket,3,1,600.0
digital gift cards without fees,5,1,600.0
digital gift cards you can send,6,1,600.0
digital gift for,3,1,600.0
digital gift for boyfriend free,5,1,600.0
digital gift ideas for men,5,1,600.0
digital gift love,3,1,600.0
digital gift making,3,1,600.0
digital gift sites,3,1,600.0
digital gift tau vercel app,5,1,600.0
digital gift visa card,4,1,600.0
digital gift wrap,3,1,600.0
digital hollister gift card,4,1,600.0
digital jcpenney gift card,4,1,600.0
digital kroger gift card,4,1,600.0
digital online gift cards,4,1,600.0
digital playstation gift card,4,1,600.0
digital quiktrip gift card,4,1,600.0
digital robux gift card,4,1,600.0
digital ulta gift card,4,1,600.0
digital xbox gift card,4,1,600.0
digital zaxby's gift card,4,1,600.0
gift for best boy friend,5,1,600.0
gift for bf handmade,4,1,600.0
gift for boyfriend 2024,4,1,600.0
gift for boyfriend anniversary 1 year,6,1,600.0
gift for boyfriend customized,4,1,600.0
gift for boyfriend cute,4,1,600.0
gift for boyfriend dad,4,1,600.0
gift for boyfriend experience,4,1,600.0
gift for boyfriend going abroad,5,1,600.0
gift for boyfriend job promotion,5,1,600.0
gift for boyfriend kmart,4,1,600.0
gift for boyfriend luxury,4,1,600.0
gift for boyfriend mom,4,1,600.0
gift for boyfriend new job,5,1,600.0
gift for boyfriend philippines,4,1,600.0
gift for boyfriend romantic,4,1,600.0
gift for boyfriend small,4,1,600.0
gift for boyfriend that has everything,6,1,600.0
gift for boyfriend valentines day,5,1,600.0
gift for boyfriend who has everything,6,1,600.0
gift for girlfriend 2000 rs,5,1,600.0
gift for girlfriend after breakup,5,1,600.0
gift for girlfriend clothes,4,1,600.0
gift for girlfriend electronic,4,1,600.0
gift for girlfriend flower,4,1,600.0
gift for girlfriend for christmas,5,1,600.0
gift for girlfriend graduation,4,1,600.0
gift for girlfriend housewarming,4,1,600.0
gift for girlfriend just because,5,1,600.0
gift for girlfriend leaving for college,6,1,600.0
gift for girlfriend meeting first time,6,1,600.0
gift for girlfriend new year,5,1,600.0
gift for girlfriend on first date,6,1,600.0
gift for girlfriend parents,4,1,600.0
gift for girlfriend qatar,4,1,600.0
gift for girlfriend returning from vacation,6,1,600.0
gift for girlfriend sri lanka,5,1,600.0
gift for girlfriend traveling,4,1,600.0
gift for girlfriend valentines,4,1,600.0
gift for girlfriend with photo,5,1,600.0
gift for girls best friend,5,1,600.0
gift for girls with box,5,1,600.0
gift for him 2026,4,1,600.0
gift for korean girlfriend,4,1,600.0
gift for men app,4,1,600.0
gift for men online,4,1,600.0
gift for men with box,5,1,600.0
gift for men xmas,4,1,600.0
gift for men zepto,4,1,600.0
gift for your boyfriend on his birthday,7,1,600.0
gift for your girlfriend birthday,5,1,600.0
gifts for boyfriend quiz,4,1,600.0
gifts for boyfriend without money,5,1,600.0
gifts for girl xmas,4,1,600.0
gifts for girlfriend online order,5,1,600.0
good gifts for girlfriend 2026,5,1,600.0
how long do range gift cards last,7,1,600.0
how to best gift for girlfriend,6,1,600.0
how to birthday gift for boyfriend,6,1,600.0
how to buy online gift card,6,1,600.0
how use virtual gift card,5,1,600.0
is gift good for girlfriend,5,1,600.0
is love digital gift free,5,1,600.0
long distance anniversary gift ideas,5,1,600.0
long distance friendship gifts kids,5,1,600.0
long distance gift,3,1,600.0
long distance gift bracelet,4,1,600.0
long distance gift ideas free,5,1,600.0
long distance gift ideas india,5,1,600.0
long distance gift map,4,1,600.0
long distance gift packs,4,1,600.0
long distance gift robot,4,1,600.0
long distance gift sending,4,1,600.0
long distance gift.exchange,3,1,600.0
long distance gifts diy,4,1,600.0
long distance gifts for your boyfriend,6,1,600.0
long distance gifts usa,4,1,600.0
long distance girlfriend gift ideas,5,1,600.0
long distance housewarming gift,4,1,600.0
long distance interactive gifts,4,1,600.0
long distance love gift ideas,5,1,600.0
long distance wedding gift ideas,5,1,600.0
online birthday gift girl in nepal,6,1,600.0
online gift business name ideas,5,1,600.0
online gift cards without fees,5,1,600.0
online gift exchange name picker,5,1,600.0
online gift hamper business for sale,6,1,600.0
online gift items for ladies,5,1,600.0
online gift letter maker,4,1,600.0
online gift message link,4,1,600.0
online gift paper,3,1,600.0
online gift robux,3,1,600.0
online gift sites,3,1,600.0
online gift vouchers south africa,5,1,600.0
online gift wrapping course,4,1,600.0
online gifts on birthday,4,1,600.0
online gifts uk free delivery,5,1,600.0
online valentine gift for girlfriend,5,1,600.0
perfect surprise gift for girlfriend,5,1,600.0
period gift for girlfriend zepto,5,1,600.0
small surprise gift for girlfriend,5,1,600.0
surprise gift for a girlfriend,5,1,600.0
surprise gift for friend girl,5,1,600.0
surprise gift service for girlfriend day,6,1,600.0
surprise ideas for your girlfriend,5,1,600.0
surprise romantic gift for girlfriend,5,1,600.0
unique surprise gift for girlfriend,5,1,600.0
virtual apple gift card,4,1,600.0
virtual free gift cards,4,1,600.0
virtual gift,2,1,600.0
virtual gift birthday,3,1,600.0
virtual gift cards without fees,5,1,600.0
virtual gift dboss berapa rupiah,5,1,600.0
virtual gift exchange generator,4,1,600.0
virtual gift gf,3,1,600.0
virtual gift making website,4,1,600.0
virtual gift officer,3,1,600.0
virtual gift tiktok,3,1,600.0
virtual gift ultimate berapa rupiah,5,1,600.0
virtual gifting,2,1,600.0
virtual hug gift,3,1,600.0
virtual jd gift card,4,1,600.0
virtual kohl's gift card,4,1,600.0
virtual prepaid gift card,4,1,600.0
virtual qdoba gift card,4,1,600.0
virtual roblox gift card,4,1,600.0
virtual starbucks gift card,4,1,600.0
virtual xmas gift,3,1,600.0
what best gift for girlfriend,5,1,600.0
what can i gift for boyfriend,6,1,600.0
what can i gift my long distance girlfriend,8,1,600.0
what gift for bf,4,1,600.0
what gift should not be given to boyfriend,8,1,600.0
what's digital gift card,4,1,600.0
which gift for girls,4,1,600.0
which gift for men,4,1,600.0
wholesale online gift items,4,1,600.0
gift ideas for women app,5,1,600.0
online gift hamper delivery,4,1,600.0
electronic gift under 2500,4,1,600.0
how to birthday gift for girlfriend,6,1,600.0
gift ideas for women xmas,5,1,600.0
electronic gift to men,4,1,600.0
anniversary gift 200,3,1,600.0
anniversary gift annoying each other,5,1,600.0
anniversary gift appa amma,4,1,600.0
anniversary gift best ideas,4,1,600.0
anniversary gift box for wife,5,1,600.0
anniversary gift combo,3,1,600.0
anniversary gift design,3,1,600.0
anniversary gift guide by year,5,1,600.0
anniversary gift hamper for wife,5,1,600.0
anniversary gift in bangladesh,4,1,600.0
anniversary gift kaise banaen,4,1,600.0
anniversary gift list by year,5,1,600.0
anniversary gift mein kya de,5,1,600.0
anniversary gift nearby,3,1,600.0
anniversary gift online india,4,1,600.0
anniversary gift personalized,3,1,600.0
anniversary gift qatar,3,1,600.0
anniversary gift rules,3,1,600.0
anniversary gift set,3,1,600.0
anniversary gift to couple,4,1,600.0
anniversary gift under 300,4,1,600.0
anniversary gift voucher ideas,4,1,600.0
anniversary gift with paper,4,1,600.0
anniversary gift women,3,1,600.0
anniversary gift years list,4,1,600.0
anniversary gift zales,3,1,600.0
appropriate birthday gift for new girlfriend,6,1,600.0
best electronic gift 2026,4,1,600.0
best online gifts to send for birthday,7,1,600.0
birthday gift 2026 ulta,4,1,600.0
birthday gift baskets free shipping,5,1,600.0
birthday gift delivery for best friend,6,1,600.0
birthday gift delivery new york city,6,1,600.0
birthday gift delivery ottawa,4,1,600.0
birthday gift delivery qatar,4,1,600.0
birthday gift delivery wellington,4,1,600.0
birthday gift for girl video,5,1,600.0
birthday gift for girlfriend 2024,5,1,600.0
birthday gift for girlfriend box,5,1,600.0
birthday gift for girlfriend combo,5,1,600.0
birthday gift for girlfriend diy,5,1,600.0
birthday gift for girlfriend etsy,5,1,600.0
birthday gift for girlfriend homemade,5,1,600.0
birthday gift for girlfriend jumia,5,1,600.0
birthday gift for girlfriend kenya,5,1,600.0
birthday gift for girlfriend low budget,6,1,600.0
birthday gift for girlfriend makeup,5,1,600.0
birthday gift for girlfriend nearby,5,1,600.0
birthday gift for girlfriend of 3 months,7,1,600.0
birthday gift for girlfriend perfume,5,1,600.0
birthday gift for girlfriend qatar,5,1,600.0
birthday gift for girlfriend romantic,5,1,600.0
birthday gift for girlfriend south africa,6,1,600.0
birthday gift for girlfriend that has everything,7,1,600.0
birthday gift for girlfriend watch,5,1,600.0
birthday gift for girlfriend's mom,5,1,600.0
birthday gift for girls 2026,5,1,600.0
birthday gift for girls art supplies,6,1,600.0
birthday gift for girls for 10 years,7,1,600.0
birthday gift for women friend,5,1,600.0
birthday gift for women zepto,5,1,600.0
birthday gift freebies,3,1,600.0
birthday gift maker online,4,1,600.0
birthday gift templates free,4,1,600.0
birthday gift without money,4,1,600.0
birthday gifts for your gf,5,1,600.0
can i get birthday gift from sephora,7,1,600.0
can i gift watch to my husband,7,1,600.0
can i send gift vouchers online,6,1,600.0
can you send online gift cards,6,1,600.0
cute virtual gifts for boyfriend,5,1,600.0
e gift,2,1,600.0
e gift card without fee,5,1,600.0
e gift cards you can print,6,1,600.0
e gift for fathers day,5,1,600.0
e gift isthara co in login,6,1,600.0
e gift lululemon,3,1,600.0
e gift post,3,1,600.0
e gift starbucks,3,1,600.0
e gift walmart card,4,1,600.0
e mastercard gift card,4,1,600.0
e restaurant gift cards,4,1,600.0
electronic gift kids,3,1,600.0
electronic gifts best buy,4,1,600.0
email gift birthday,3,1,600.0
esso e gift card,4,1,600.0
free romantic gift ideas,4,1,600.0
gift ideas for a girlfriend,5,1,600.0
gift ideas for girlfriend christmas 2025,6,1,600.0
gift ideas for girlfriend dad,5,1,600.0
gift ideas for girlfriend etsy,5,1,600.0
gift ideas for girlfriend first christmas,6,1,600.0
gift ideas for girlfriend for christmas,6,1,600.0
gift ideas for girlfriend in 20s,6,1,600.0
gift ideas for girlfriend lesbian,5,1,600.0
gift ideas for girlfriend moving away,6,1,600.0
gift ideas for girlfriend no money,6,1,600.0
gift ideas for girlfriend parents,5,1,600.0
gift ideas for girlfriend reddit india,6,1,600.0
gift ideas for girlfriend sentimental,5,1,600.0
gift ideas for girlfriend turning 50,6,1,600.0
gift ideas for girlfriend under 100,6,1,600.0
gift ideas for girlfriend's brother,5,1,600.0
gift ideas for girls handmade,5,1,600.0
gift ideas for girls kids,5,1,600.0
gift ideas for girls online,5,1,600.0
gift ideas for her 2026,5,1,600.0
gift ideas for japanese girlfriend,5,1,600.0
gift ideas for vietnamese girlfriend,5,1,600.0
gift ideas for women going through chemo,7,1,600.0
gift ideas for women quora,5,1,600.0
gift ideas for women wedding,5,1,600.0
gift ideas for women zepto,5,1,600.0
gift ideas for your girlfriend birthday,6,1,600.0
gifts to gift,3,1,600.0
is birthday gift,3,1,600.0
is it a gift card,5,1,600.0
love apple gift card,4,1,600.0
love gift 2026,3,1,600.0
love gift best friend,4,1,600.0
love gift in the bible,5,1,600.0
love gift lanka,3,1,600.0
love gift maker,3,1,600.0
love gift online shopping,4,1,600.0
mail online gift guide,4,1,600.0
online birthday gift delivery app,5,1,600.0
online gift delivery australia,4,1,600.0
online gift delivery bhopal,4,1,600.0
online gift delivery canada,4,1,600.0
online gift delivery dehradun,4,1,600.0
online gift delivery erode,4,1,600.0
online gift delivery germany,4,1,600.0
online gift delivery in us,5,1,600.0
online gift delivery japan,4,1,600.0
online gift delivery karachi,4,1,600.0
online gift delivery london,4,1,600.0
online gift delivery mauritius,4,1,600.0
online gift delivery pakistan,4,1,600.0
online gift delivery rawalpindi,4,1,600.0
online gift delivery sri lanka colombo,6,1,600.0
online gift delivery to usa,5,1,600.0
online gift delivery vizag,4,1,600.0
online gift for my boyfriend,5,1,600.0
online gift for your boyfriend,5,1,600.0
online gift send app,4,1,600.0
romantic anniversary gift for husband,5,1,600.0
romantic gif keyboard,3,1,600.0
romantic gif whatsapp stickers,4,1,600.0
romantic gif with wife,4,1,600.0
romantic gift basket,3,1,600.0
romantic gift crossword clue 5 letters,6,1,600.0
romantic gift diy,3,1,600.0
romantic gift experience ideas,4,1,600.0
romantic gift for your boyfriend,5,1,600.0
romantic gift hodari palia,4,1,600.0
romantic gift packages,3,1,600.0
romantic gift quotes,3,1,600.0
romantic gift shop,3,1,600.0
romantic gift to girlfriend,4,1,600.0
romantic gift video download,4,1,600.0
romantic gifts for couples,4,1,600.0
romantic gifts on amazon,4,1,600.0
romantic gifts reddit,3,1,600.0
romantic gifts under 100,4,1,600.0
romantic girlfriend gift ideas,4,1,600.0
romantic jewelry gift ideas for your girlfriend,7,1,600.0
send engagement gift online,4,1,600.0
send gift basket online,4,1,600.0
send gift card for free,5,1,600.0
send gift card online visa,5,1,600.0
send gift hampers online,4,1,600.0
send gift online delhi,4,1,600.0
send gift to russia online,5,1,600.0
send gifts online chennai,4,1,600.0
send gifts online kolkata,4,1,600.0
send gifts online lebanon,4,1,600.0
send gifts online melbourne,4,1,600.0
send gifts online netherlands,4,1,600.0
send gifts online uae,4,1,600.0
send wedding gift online,4,1,600.0
send xbox gift card online,5,1,600.0
send zara gift card online,5,1,600.0
sending gifts online india,4,1,600.0
virtual gifts for boyfriend birthday,5,1,600.0
virtual gifts to send boyfriend,5,1,600.0
what are gift ideas for girlfriend,6,1,600.0
what are romantic gifts in palia,6,1,600.0
what birthday gift for girls,5,1,600.0
what can i get as a birthday gift for my girlfriend,11,1,600.0
what is best birthday gift for girlfriend,7,1,600.0
which card is e gift card,6,1,600.0
who birthday gift,3,1,600.0
who does e gift cards,5,1,600.0
can i buy digital gift cards,6,1,562.0
can i gift my boyfriend a watch,7,1,562.0
can i gift my girlfriend money to buy a house,10,1,562.0
digital apple gift card email delivery,6,1,562.0
digital harrods gift card,4,1,562.0
digital journal gift,3,1,562.0
digital kids gift book,4,1,562.0
digital online gift card purchase,5,1,562.0
digital uber gift card,4,1,562.0
digital xbox gift card amazon,5,1,562.0
digital zift gift card,4,1,562.0
gift for boyfriend thoughtful,4,1,562.0
gift for boyfriend virtual,4,1,562.0
gift for boyfriend who doesn't want anything,7,1,562.0
gift for girl 2026,4,1,562.0
gift for girlfriend going to college,6,1,562.0
gift for girlfriend jhumka,4,1,562.0
gift for girls kids,4,1,562.0
gift for girls online,4,1,562.0
gift for her xmas,4,1,562.0
gift for him online,4,1,562.0
gift for him zepto,4,1,562.0
gift for men best friend,5,1,562.0
gift for women best friend,5,1,562.0
gift for you girlfriend,4,1,562.0
gift for your boyfriend birthday,5,1,562.0
gifts for boyfriend kids,4,1,562.0
gifts for xbox boyfriend,4,1,562.0
holi surprise gift for girlfriend,5,1,562.0
how to get online gift card,6,1,562.0
long distance anniversary gift,4,1,562.0
long distance gf gift,4,1,562.0
long distance gift touch,4,1,562.0
long distance gifts mom,4,1,562.0
long distance gifts parents,4,1,562.0
long distance gifts relationship,4,1,562.0
long distance gifts valentines,4,1,562.0
long distance husband gift,4,1,562.0
online gifts japan,3,1,562.0
simple surprise gift for girlfriend,5,1,562.0
virtual applebee's gift card,4,1,562.0
virtual gift exchange ideas,4,1,562.0
virtual heb gift card,4,1,562.0
virtual ps5 gift card,4,1,562.0
virtual robux gift card,4,1,562.0
virtual xbox gift card amazon,5,1,562.0
what good gift for girlfriend,5,1,562.0
electronic gift under 500,4,1,562.0
gift ideas for her xmas,5,1,562.0
electronic best gift,3,1,562.0
anniversary best gift for wife,5,1,562.0
anniversary ideas 2026,3,1,562.0
best online gift delivery in nepal,6,1,562.0
birthday gift app,3,1,562.0
birthday gift delivery edmonton,4,1,562.0
birthday gift delivery gluten free,5,1,562.0
birthday gift delivery on same day,6,1,562.0
birthday gift delivery winnipeg,4,1,562.0
birthday gift for girlfriend trending,5,1,562.0
birthday gift for girls for 5 years,7,1,562.0
birthday gift for girls gift hamper,6,1,562.0
birthday gift for korean girlfriend,5,1,562.0
birthday gift for women 2026,5,1,562.0
birthday ideas for your girlfriend,5,1,562.0
can i send visa gift card online,7,1,562.0
e gift card free,4,1,562.0
e gift card yorkdale,4,1,562.0
electronic gift to wife,4,1,562.0
email online gift card,4,1,562.0
gift ideas for girl in college,6,1,562.0
gift ideas for girlfriend cheap,5,1,562.0
gift ideas for girlfriend easter,5,1,562.0
gift ideas for girlfriend small,5,1,562.0
gift ideas for girlfriend tiktok,5,1,562.0
gift ideas for girlfriend under 1000,6,1,562.0
gift ideas for girls 2026,5,1,562.0
gift ideas for girls jewellery,5,1,562.0
gift ideas for women kmart,5,1,562.0
gift ideas for women quiz,5,1,562.0
gift ideas for women valentines,5,1,562.0
gift ideas for your girlfriend of 2 years,8,1,562.0
happy birthday gift for her,5,1,562.0
love gift in stardew valley,5,1,562.0
online gift delivery for him,5,1,562.0
online gift delivery melbourne,4,1,562.0
online gift delivery raipur,4,1,562.0
online gift delivery today,4,1,562.0
online gift delivery vijayawada,4,1,562.0
romantic anniversary gift for couple,5,1,562.0
romantic gif kiss hug,4,1,562.0
romantic gif whatsapp group link,5,1,562.0
romantic gift emoji,3,1,562.0
romantic gift for best friend girl,6,1,562.0
romantic gift for your husband,5,1,562.0
romantic gift quotes for husband,5,1,562.0
romantic gift to boyfriend,4,1,562.0
romantic gifts delivered same day,5,1,562.0
romantic gifts unique,3,1,562.0
romantic girlfriend gift ideas christmas,5,1,562.0
romantic jewelry gift,3,1,562.0
send birthday gifts online germany,5,1,562.0
send gift box online,4,1,562.0
send gift card online,4,1,562.0
send gift online pune,4,1,562.0
send gifts online nz,4,1,562.0
send online gift message,4,1,562.0
what are good gift ideas for girlfriend,7,1,562.0
what best birthday gift for girlfriend,6,1,562.0
birthday surprise ideas for girl best friend,7,1,561.0
can i buy digital gift cards on amazon,8,1,561.0
can i gift my boyfriend perfume,6,1,561.0
can i gift my girlfriend a watch,7,1,561.0
can i use virtual gift card at walmart,8,1,561.0
digital apple gift card amazon,5,1,561.0
digital eftpos gift card,4,1,561.0
digital gift card best,4,1,561.0
digital gift to girlfriend,4,1,561.0
digital gift voucher template,4,1,561.0
digital gift website link,4,1,561.0
digital gifts for girlfriend,4,1,561.0
digital gifts long distance,4,1,561.0
digital jbhifi gift card,4,1,561.0
digital kindle gift card,4,1,561.0
digital online gift cards visa,5,1,561.0
digital prepaid gift card,4,1,561.0
digital qdoba gift card,4,1,561.0
digital restaurant gift cards,4,1,561.0
digital universal gift card,4,1,561.0
digital xbox gift card code,5,1,561.0
digital zone gift card,4,1,561.0
e gift xbox,3,1,561.0
gift for boyfriend craft,4,1,561.0
gift for boyfriend electronics,4,1,561.0
gift for boyfriend japan,4,1,561.0
gift for boyfriend new year,5,1,561.0
gift for boyfriend ring,4,1,561.0
gift for boyfriend teen,4,1,561.0
gift for boyfriend valentines reddit,5,1,561.0
gift for boyfriend website,4,1,561.0
gift for boyfriend's dad first meeting,6,1,561.0
gift for boyfriend's parents first meeting,6,1,561.0
gift for girlfriend during periods,5,1,561.0
gift for girlfriend etsy,4,1,561.0
gift for girlfriend going away to college,7,1,561.0
gift for girlfriend japan,4,1,561.0
gift for girlfriend nepal,4,1,561.0
gift for girlfriend tech,4,1,561.0
gift for girls bestie,4,1,561.0
gift for girls kids 10 years old,7,1,561.0
gift for her 2026,4,1,561.0
gift for men best,4,1,561.0
gift for men online shopping,5,1,561.0
gift for men qatar,4,1,561.0
gift for men zepto blinkit,5,1,561.0
gift for women online,4,1,561.0
gift for women xmas,4,1,561.0
gift for you boyfriend,4,1,561.0
gift for your girlfriend christmas,5,1,561.0
gift ideas for boyfriend xmas,5,1,561.0
gifts for boyfriend kitchen,4,1,561.0
gifts for girlfriend queer,4,1,561.0
how to send online gift cards,6,1,561.0
long distance anniversary gifts for him,6,1,561.0
long distance gf gift ideas,5,1,561.0
long distance gift boyfriend,4,1,561.0
long distance gift to send,5,1,561.0
long distance gifts cheap,4,1,561.0
long distance hug gift,4,1,561.0
long distance memorable gift,4,1,561.0
long distance relationship gift ideas,5,1,561.0
long distance sister gift ideas,5,1,561.0
long distance valentines gift ideas,5,1,561.0
online free gift win,4,1,561.0
online gift,2,1,561.0
online gift experiences,3,1,561.0
online gift to australia,4,1,561.0
online gifts queensland australia,4,1,561.0
online gifts uk free delivery for her,7,1,561.0
sorry gift for girlfriend zepto,5,1,561.0
surprise gift service for girlfriend,5,1,561.0
virtual apple gift card code,5,1,561.0
virtual gift delivery,3,1,561.0
virtual gift emulator,3,1,561.0
virtual gift example,3,1,561.0
virtual gift ideas for friends,5,1,561.0
virtual gift the sultan berapa rupiah,6,1,561.0
virtual kindle gift card,4,1,561.0
virtual psn gift card,4,1,561.0
virtual reality gift card,4,1,561.0
what best gift for boyfriend,5,1,561.0
what christmas gift for girlfriend,5,1,561.0
what's electronic gift card,4,1,561.0
gift ideas for women zara,5,1,561.0
electronic online gift cards,4,1,561.0
electronic gift under 2000,4,1,561.0
gift ideas for girls xmas,5,1,561.0
anniversary best gift for husband,5,1,561.0
anniversary gift nespresso,3,1,561.0
anniversary gift online for husband,5,1,561.0
anniversary gift with wife,4,1,561.0
anniversary gift year 4,4,1,561.0
best birthday gift for girlfriend 2026,6,1,561.0
best online gift delivery in bangalore,6,1,561.0
birthday gift appreciation message,4,1,561.0
birthday gift delivery dubai,4,1,561.0
birthday gift delivery ernakulam,4,1,561.0
birthday gift delivery hong kong,5,1,561.0
birthday gift delivery ontario canada,5,1,561.0
birthday gift delivery rawalpindi,4,1,561.0
birthday gift delivery vancouver,4,1,561.0
birthday gift delivery washington dc,5,1,561.0
birthday gift for gen z girl,6,1,561.0
birthday gift for girl electronics,5,1,561.0
birthday gift for girl handmade,5,1,561.0
birthday gift for girl toys,5,1,561.0
birthday gift for girl who has everything,7,1,561.0
birthday gift for girlfriend best,5,1,561.0
birthday gift for girlfriend clothes,5,1,561.0
birthday gift for girlfriend daraz,5,1,561.0
birthday gift for girlfriend jewellery,5,1,561.0
birthday gift for girlfriend luxury,5,1,561.0
birthday gift for girlfriend mom,5,1,561.0
birthday gift for girlfriend nepal,5,1,561.0
birthday gift for girlfriend of 3 years,7,1,561.0
birthday gift for girlfriend reddit ph,6,1,561.0
birthday gift for girls age 11 13,7,1,561.0
birthday gift for girls for best friend,7,1,561.0
birthday gift for girls gift,5,1,561.0
birthday gift for girls kids,5,1,561.0
birthday gift free online,4,1,561.0
birthday gift template word,4,1,561.0
birthday gift zepto,3,1,561.0
birthday presents for your girlfriend,5,1,561.0
can i send sephora gift card online,7,1,561.0
e gift card best buy,5,1,561.0
e gift card olive garden,5,1,561.0
e gift card yochi,4,1,561.0
e gift cards canada,4,1,561.0
e gift playstation,3,1,561.0
e gift solutions,3,1,561.0
e kroger gift card,4,1,561.0
e target gift card,4,1,561.0
e&l gift shop,3,1,561.0
electronic gift women,3,1,561.0
etsy e gift card,4,1,561.0
free people egift card,4,1,561.0
gift ideas for a girlfriend birthday,6,1,561.0
gift ideas for ex girlfriend,5,1,561.0
gift ideas for girlfriend basket,5,1,561.0
gift ideas for girlfriend christmas reddit,6,1,561.0
gift ideas for girlfriend for anniversary,6,1,561.0
gift ideas for girlfriend in 30s,6,1,561.0
gift ideas for girlfriend last minute,6,1,561.0
gift ideas for girlfriend philippines,5,1,561.0
gift ideas for girlfriend romantic,5,1,561.0
gift ideas for girlfriend that has everything,7,1,561.0
gift ideas for girlfriend under $50,6,1,561.0
gift ideas for girlfriend's mother,5,1,561.0
gift ideas for girlfriends dad reddit,6,1,561.0
gift ideas for girls graduation,5,1,561.0
gift ideas for girls wedding,5,1,561.0
gift ideas for her valentines,5,1,561.0
gift ideas for quinceanera girl,5,1,561.0
gift ideas for sons girlfriend,5,1,561.0
gift ideas for women friends,5,1,561.0
gift ideas for women handmade,5,1,561.0
gift ideas for women jewelry,5,1,561.0
gift ideas for women kitchen,5,1,561.0
gift ideas for your girlfriend on valentine's day,8,1,561.0
happy birthday gift for girls,5,1,561.0
how send gift card online,5,1,561.0
how to e gift card amazon,6,1,561.0
love best gift for gf,5,1,561.0
love gift girlfriend,3,1,561.0
love gift jewellery,3,1,561.0
love gift letter,3,1,561.0
love gift other term,4,1,561.0
love you gift,3,1,561.0
online gift delivery calicut,4,1,561.0
online gift delivery faridabad,4,1,561.0
online gift delivery goa,4,1,561.0
online gift delivery jodhpur,4,1,561.0
online gift delivery kuala lumpur,5,1,561.0
online gift delivery ludhiana,4,1,561.0
online gift delivery mysore,4,1,561.0
online gift delivery noida,4,1,561.0
online gift delivery pondicherry,4,1,561.0
online gift delivery singapore,4,1,561.0
online gift delivery to india,5,1,561.0
online gift delivery under ₹ 500,6,1,561.0
roblox anniversary gift 2026,4,1,561.0
romantic anniversary gift for wife,5,1,561.0
romantic diy gift ideas,4,1,561.0
romantic gif kiss couple,4,1,561.0
romantic gift,2,1,561.0
romantic gift card message for girlfriend,6,1,561.0
romantic gift einar,3,1,561.0
romantic gift hamper for girlfriend,5,1,561.0
romantic gift quotes for girlfriend,5,1,561.0
romantic gift tish palia,4,1,561.0
romantic gift valentines,3,1,561.0
romantic gift wrap,3,1,561.0
romantic rose gift,3,1,561.0
romantic unique gift for girlfriend,5,1,561.0
send birthday gifts online gurgaon,5,1,561.0
send birthday gifts online hyderabad,5,1,561.0
send birthday gifts online pakistan,5,1,561.0
send gift anonymously online,4,1,561.0
send gift cards online canada,5,1,561.0
send gift money online,4,1,561.0
send gifts online sydney,4,1,561.0
send online visa gift card canada,6,1,561.0
send online walmart gift card,5,1,561.0
what are gift ideas for girls,6,1,561.0
what are romantic gifts,4,1,561.0
what birthday gift for my girlfriend,6,1,561.0
which birthday gift is best for boyfriend,7,1,561.0
appreciation gift for girlfriend,4,1,560.0
best gift for boyfriend 2026,5,1,560.0
best surprise gift for girlfriend,5,1,560.0
can i gift my boyfriend wallet,6,1,560.0
can i gift my girlfriend a car,7,1,560.0
can i use an online gift card at walmart,9,1,560.0
can i use digital gift card at walmart,8,1,560.0
can i use virtual gift card on amazon,8,1,560.0
create virtual gift online free,5,1,560.0
digital apple gift card canada,5,1,560.0
digital ea gift card,4,1,560.0
digital gift birthday,3,1,560.0
digital gift message apple,4,1,560.0
digital gift officer william and mary,6,1,560.0
digital gift surprise,3,1,560.0
digital gifts for men,4,1,560.0
digital jewel gift card,4,1,560.0
digital kohl's gift card,4,1,560.0
digital lululemon gift card,4,1,560.0
digital quest gift card,4,1,560.0
digital roblox gift card amazon,5,1,560.0
digital target gift card,4,1,560.0
digital uniqlo gift card,4,1,560.0
digital walmart gift card,4,1,560.0
digital zumiez gift card,4,1,560.0
electronic gift free,3,1,560.0
gift digital ps5 games,4,1,560.0
gift digital xbox game,4,1,560.0
gift for boyfriend anniversary 2 year,6,1,560.0
gift for boyfriend birthday handmade,5,1,560.0
gift for boyfriend christmas,4,1,560.0
gift for boyfriend designer,4,1,560.0
gift for boyfriend graduating from college,6,1,560.0
gift for boyfriend list,4,1,560.0
gift for boyfriend moving in together,6,1,560.0
gift for boyfriend nz,4,1,560.0
gift for boyfriend parents,4,1,560.0
gift for boyfriend random,4,1,560.0
gift for boyfriend this valentine's day,6,1,560.0
gift for boyfriend who likes to cook,7,1,560.0
gift for girlfriend birthday unique,5,1,560.0
gift for girlfriend cheap,4,1,560.0
gift for girlfriend diy,4,1,560.0
gift for girlfriend earrings set,5,1,560.0
gift for girlfriend handbags,4,1,560.0
gift for girlfriend jhumka set,5,1,560.0
gift for girlfriend leaving on trip,6,1,560.0
gift for girlfriend marriage,4,1,560.0
gift for girlfriend name,4,1,560.0
gift for girlfriend turning 30,5,1,560.0
gift for girlfriend video,4,1,560.0
gift for girls best friend birthday,6,1,560.0
gift for girls kids 7 years old,7,1,560.0
gift for good girlfriend,4,1,560.0
gift for her online,4,1,560.0
gift for korean boyfriend,4,1,560.0
gift for men best buy,5,1,560.0
gift for men online pakistan,5,1,560.0
gift for men quick delivery,5,1,560.0
gift for men zara,4,1,560.0
gift for women 2026,4,1,560.0
gift for women quick delivery,5,1,560.0
gift for women who have everything,6,1,560.0
gift for xbox lover,4,1,560.0
gift for your boyfriend on valentine's day,7,1,560.0
gift for your girlfriend ideas,5,1,560.0
gifts for boyfriend early in relationship,6,1,560.0
gifts for boyfriend john lewis,5,1,560.0
gifts for boyfriend valentines day diy,6,1,560.0
how to use online gift card,6,1,560.0
how use digital gift card,5,1,560.0
long distance aunt gifts,4,1,560.0
long distance best gift,4,1,560.0
long distance couple gift ideas,5,1,560.0
long distance gift box ideas,5,1,560.0
long distance gifts digital,4,1,560.0
long distance grandparent gift,4,1,560.0
long distance husband gift ideas,5,1,560.0
long distance matching gifts,4,1,560.0
long distance partner gift,4,1,560.0
long distance relationship gift ideas for boyfriend,7,1,560.0
long distance surprise gift,4,1,560.0
long distance tech gift,4,1,560.0
long distance virtual gift ideas,5,1,560.0
online free gift ideas,4,1,560.0
online gif maker,3,1,560.0
online gift card her,4,1,560.0
online gift exchange name drawing,5,1,560.0
online gift list,3,1,560.0
online gift to send someone,5,1,560.0
online gift vouchers uk,4,1,560.0
online gifts unique,3,1,560.0
online xbox gift card,4,1,560.0
surprise ideas for girlfriend birthday,5,1,560.0
surprise ideas for my girlfriend,5,1,560.0
sweet surprise gifts for girlfriend,5,1,560.0
virtual gift basket,3,1,560.0
virtual gift card zip code,5,1,560.0
virtual gift exchange draw,4,1,560.0
virtual gift the icon indonesia,5,1,560.0
virtual gift website for girlfriend,5,1,560.0
virtual keg gift card,4,1,560.0
virtual paypal gift card,4,1,560.0
virtual restaurant gift cards,4,1,560.0
virtual ulta gift card,4,1,560.0
what christmas gift for boyfriend,5,1,560.0
what valentine gift for girlfriend,5,1,560.0
e uber gift card,4,1,560.0
anniversary best gift for couple,5,1,560.0
anniversary gift didi and jiju,5,1,560.0
anniversary gift ideas 2026,4,1,560.0
anniversary gift kya hona chahiye,5,1,560.0
anniversary gift mein kya dena chahie,6,1,560.0
anniversary gift nine years,4,1,560.0
anniversary gift online order,4,1,560.0
anniversary gift rules by year,5,1,560.0
anniversary gift sister,3,1,560.0
anniversary gift vows,3,1,560.0
anniversary gift with cotton,4,1,560.0
anniversary gift year 3,4,1,560.0
best online gift delivery in usa,6,1,560.0
birthday gift application,3,1,560.0
birthday gift delivery delhi,4,1,560.0
birthday gift delivery edinburgh,4,1,560.0
birthday gift delivery gold coast,5,1,560.0
birthday gift delivery hyderabad,4,1,560.0
birthday gift delivery orlando,4,1,560.0
birthday gift delivery riyadh,4,1,560.0
birthday gift delivery victoria bc,5,1,560.0
birthday gift delivery women,4,1,560.0
birthday gift for gf reddit,5,1,560.0
birthday gift for girl best friend zepto,7,1,560.0
birthday gift for girl hamper,5,1,560.0
birthday gift for girl jewellery,5,1,560.0
birthday gift for girl one year old,7,1,560.0
birthday gift for girl toddler,5,1,560.0
birthday gift for girl watch,5,1,560.0
birthday gift for girlfriend chocolate,5,1,560.0
birthday gift for girlfriend diamond ring,6,1,560.0
birthday gift for girlfriend letter,5,1,560.0
birthday gift for girlfriend not jewelry,6,1,560.0
birthday gift for girlfriend pakistan,5,1,560.0
birthday gift for girlfriend singapore,5,1,560.0
birthday gift for girls age 8 10,7,1,560.0
birthday gift for girls for 14 years,7,1,560.0
birthday gift for girls from blinkit,6,1,560.0
birthday gift for girls kids 10 years old,8,1,560.0
birthday gift for young women,5,1,560.0
birthday gift freebies 2026,4,1,560.0
birthday gift template free download,5,1,560.0
birthday gift zzz,3,1,560.0
can i gift mutual funds to my wife,8,1,560.0
can i redeem birthday gift at kohl's sephora,8,1,560.0
can i send costco gift card online,7,1,560.0
can you send gift vouchers online,6,1,560.0
e gift card best buy canada,6,1,560.0
e gift card home depot,5,1,560.0
e gift card old navy,5,1,560.0
e gift cards australia,4,1,560.0
e gift cards you can send,6,1,560.0
e gift delivery,3,1,560.0
e gift paypal,3,1,560.0
e gift starbucks card,4,1,560.0
e gift voucher indusind bank,5,1,560.0
e kindle gift card,4,1,560.0
e lululemon gift card,4,1,560.0
e mcdonald's gift card,4,1,560.0
e razer gift card,4,1,560.0
e tango gift card,4,1,560.0
e zone gift world,4,1,560.0
edikted e gift card,4,1,560.0
egift it,2,1,560.0
electronic gift for men,4,1,560.0
electronic gift wedding,3,1,560.0
electronic gifts boys,3,1,560.0
expensive birthday gift for gf,5,1,560.0
gift guide for women 2026,5,1,560.0
gift ideas for a girlfriend reddit,6,1,560.0
gift ideas for doctor girlfriend,5,1,560.0
gift ideas for emo girlfriend,5,1,560.0
gift ideas for gen x women,6,1,560.0
gift ideas for girl pinterest,5,1,560.0
gift ideas for girlfriend creative,5,1,560.0
gift ideas for girlfriend for valentine's,6,1,560.0
gift ideas for girlfriend in college,6,1,560.0
gift ideas for girlfriend reddit christmas,6,1,560.0
gift ideas for girlfriend teen,5,1,560.0
gift ideas for girlfriends,4,1,560.0
gift ideas for girlfriends mom birthday,6,1,560.0
gift ideas for girls best friend,6,1,560.0
gift ideas for girls valentines,5,1,560.0
gift ideas for girls weekend,5,1,560.0
gift ideas for her graduation,5,1,560.0
gift ideas for her jewellery,5,1,560.0
gift ideas for latina girlfriend,5,1,560.0
gift ideas for quirky women,5,1,560.0
gift ideas for sons girlfriend christmas,6,1,560.0
gift ideas for women hamper,5,1,560.0
gift ideas for women kitty party,6,1,560.0
gift ideas for women new zealand,6,1,560.0
gift ideas for your girlfriend christmas,6,1,560.0
golden birthday gifts for girl,5,1,560.0
happy birthday gift for women,5,1,560.0
how use e gift card,5,1,560.0
love best gift for boys,5,1,560.0
love gift girl,3,1,560.0
love gift joe mettle,4,1,560.0
love gift lyrics,3,1,560.0
love gift of the holy spirit,6,1,560.0
love your gift thanks so much,6,1,560.0
online gift delivery bahrain,4,1,560.0
online gift delivery cape town,5,1,560.0
online gift delivery in nepal,5,1,560.0
online gift delivery in pakistan free,6,1,560.0
online gift delivery jammu,4,1,560.0
online gift delivery kuwait,4,1,560.0
online gift delivery lebanon,4,1,560.0
online gift delivery mangalore,4,1,560.0
online gift delivery nagpur,4,1,560.0
online gift delivery perth,4,1,560.0
online gift delivery south africa,5,1,560.0
online gift delivery thrissur,4,1,560.0
online gift delivery under ₹ 1000,6,1,560.0
romance gift set,3,1,560.0
romantic anniversary gift ideas for husband,6,1,560.0
romantic dinner gift cards,4,1,560.0
romantic gif kiss love,4,1,560.0
romantic gift box for boyfriend,5,1,560.0
romantic gift crossword clue 4 letters,6,1,560.0
romantic gift etsy,3,1,560.0
romantic gift hamper for boyfriend,5,1,560.0
romantic gift pack for wife,5,1,560.0
romantic gift to husband,4,1,560.0
romantic gift voucher ideas,4,1,560.0
romantic gift wife,3,1,560.0
romantic gifts qatar,3,1,560.0
romantic rose gift for girlfriend,5,1,560.0
romantic unique gift for boyfriend birthday,6,1,560.0
send birthday gifts online lucknow,5,1,560.0
send birthday gifts online mumbai,5,1,560.0
send birthday gifts online pune,5,1,560.0
send eid gift online,4,1,560.0
send gift card online amazon,5,1,560.0
send gifts online ireland,4,1,560.0
send gifts online singapore,4,1,560.0
send online gift card visa,5,1,560.0
send wine gift online,4,1,560.0
what anniversary gift is 4 years,6,1,560.0
what are romantic gifts for girlfriend,6,1,560.0
what is e gift voucher,5,1,560.0
what is the best gift ideas for girlfriend,8,1,560.0
which birthday gift is best for best friend,8,1,560.0
apple gift for girlfriend,4,1,559.0
best gift for girlfriend xmas,5,1,559.0
best gifts for boyfriend xmas,5,1,559.0
birthday gift for best boyfriend,5,1,559.0
birthday gift for boyfriend online,5,1,559.0
can i buy an online gift card on amazon,9,1,559.0
can i gift my boyfriend shoes,6,1,559.0
can i gift my girlfriend a gun,7,1,559.0
can i send virtual gift card,6,1,559.0
can i use digital gift card in store walmart,9,1,559.0
create virtual gift online,4,1,559.0
customized gifts for girlfriend,4,1,559.0
digital apple gift card $10,5,1,559.0
digital delivery gift,3,1,559.0
digital eshop gift card,4,1,559.0
digital gift boyfriend,3,1,559.0
digital gift ideas for birthday,5,1,559.0
digital gift men,3,1,559.0
digital gift visa,3,1,559.0
digital kmart gift card,4,1,559.0
digital lowes gift card,4,1,559.0
digital one4all gift card,4,1,559.0
digital publix gift card,4,1,559.0
digital qvc gift card,4,1,559.0
digital rei gift card,4,1,559.0
digital steam gift card,4,1,559.0
digital tesco gift card,4,1,559.0
digital ubereats gift card,4,1,559.0
digital wawa gift card,4,1,559.0
digital xbox gift card sale,5,1,559.0
digital zupas gift card,4,1,559.0
e xbox gift card,4,1,559.0
gift for boyfriend anniversary ideas,5,1,559.0
gift for boyfriend birthday pinterest,5,1,559.0
gift for boyfriend cheap,4,1,559.0
gift for boyfriend doctor,4,1,559.0
gift for boyfriend for christmas,5,1,559.0
gift for boyfriend from italy,5,1,559.0
gift for boyfriend gamer,4,1,559.0
gift for boyfriend ideas long distance,6,1,559.0
gift for boyfriend ldr,4,1,559.0
gift for boyfriend moving away,5,1,559.0
gift for boyfriend new house,5,1,559.0
gift for boyfriend on first date,6,1,559.0
gift for boyfriend runner,4,1,559.0
gift for boyfriend this christmas,5,1,559.0
gift for boyfriend under 5000,5,1,559.0
gift for boyfriend watch,4,1,559.0
gift for gf jewelry,4,1,559.0
gift for girlfriend apology,4,1,559.0
gift for girlfriend bracelet,4,1,559.0
gift for girlfriend digital,4,1,559.0
gift for girlfriend experience,4,1,559.0
gift for girlfriend holi,4,1,559.0
gift for girlfriend low budget,5,1,559.0
gift for girlfriend message,4,1,559.0
gift for girlfriend nurse,4,1,559.0
gift for girlfriend proposal,4,1,559.0
gift for girlfriend rose,4,1,559.0
gift for girlfriend small,4,1,559.0
gift for girlfriend teacher,4,1,559.0
gift for girlfriend virtual,4,1,559.0
gift for girls kids on birthday,6,1,559.0
gift for girls online shopping,5,1,559.0
gift for girls wedding,4,1,559.0
gift for her graduation,4,1,559.0
gift for her qatar,4,1,559.0
gift for him quotes,4,1,559.0
gift for japanese boyfriend,4,1,559.0
gift for men apple,4,1,559.0
gift for men kmart,4,1,559.0
gift for women best friend birthday,6,1,559.0
gift for your boyfriend ideas,5,1,559.0
gift for your girlfriend on valentine,6,1,559.0
gift for zumba lover,4,1,559.0
gift set for women zepto,5,1,559.0
gifts for boyfriend easter,4,1,559.0
gifts for boyfriend hunting,4,1,559.0
gifts for boyfriend vogue,4,1,559.0
how to redeem online gift card,6,1,559.0
how to send digital gift cards,6,1,559.0
long distance anniversary gifts for her,6,1,559.0
long distance bestie present,4,1,559.0
long distance christmas gift ideas,5,1,559.0
long distance dating gift ideas,5,1,559.0
long distance gift box for him,6,1,559.0
long distance grandma gift,4,1,559.0
long distance handmade gift ideas,5,1,559.0
long distance love gift for her,6,1,559.0
long distance marriage gifts,4,1,559.0
long distance partner gift ideas,5,1,559.0
long distance relationship gift ideas for girlfriend,7,1,559.0
long distance travel gift,4,1,559.0
long distance valentines gift for boyfriend,6,1,559.0
long distance wedding gift,4,1,559.0
love digital gift free,4,1,559.0
nice surprise gift for girlfriend,5,1,559.0
online apple gift card canada,5,1,559.0
online free gift registry,4,1,559.0
online giant gift card,4,1,559.0
online gif maker free,4,1,559.0
online gift cards women,4,1,559.0
online gift egypt,3,1,559.0
online gift form,3,1,559.0
online gift hampers for women,5,1,559.0
online gift list to share,5,1,559.0
online gift vouchers australia,4,1,559.0
online gift wishes,3,1,559.0
online gifts in australia,4,1,559.0
personalized gifts for boyfriend,4,1,559.0
presents for girlfriend 2026,4,1,559.0
surprise christmas gift for girlfriend,5,1,559.0
surprise gift for her birthday,5,1,559.0
surprise gift for lover girl,5,1,559.0
valentines gift for boyfriend 2026,5,1,559.0
virtual e gift card,4,1,559.0
virtual free gifts for internet friends,6,1,559.0
virtual gift bouquet,3,1,559.0
virtual gift card template,4,1,559.0
virtual gift card zara home,5,1,559.0
virtual gift ideas for long distance boyfriend,7,1,559.0
virtual gift to girlfriend,4,1,559.0
virtual gift website for birthday,5,1,559.0
virtual gifts for long distance boyfriend,6,1,559.0
virtual kfc gift card,4,1,559.0
virtual publix gift card,4,1,559.0
virtual reloadable gift card,4,1,559.0
virtual uber gift card,4,1,559.0
what gift for my boyfriend,5,1,559.0
what simple gift for girlfriend,5,1,559.0
electronic gift items,3,1,559.0
anniversary best gift for mom dad,6,1,559.0
anniversary gift australia,3,1,559.0
anniversary gift caption,3,1,559.0
anniversary gift diy ideas,4,1,559.0
anniversary gift kya hota hai,5,1,559.0
anniversary gift my husband,4,1,559.0
anniversary gift nz,3,1,559.0
anniversary gift online for wife,5,1,559.0
anniversary gift quick delivery,4,1,559.0
anniversary gift roblox,3,1,559.0
anniversary gift suggestions for couple,5,1,559.0
anniversary gift under ₹400,4,1,559.0
anniversary gift vinyl,3,1,559.0
anniversary gift year 6,4,1,559.0
best anniversary gift 2026,4,1,559.0
best happy birthday gift for girlfriend,6,1,559.0
best online gift delivery in australia,6,1,559.0
birthday gift appreciation,3,1,559.0
birthday gift delivery brisbane,4,1,559.0
birthday gift delivery dallas,4,1,559.0
birthday gift delivery egypt,4,1,559.0
birthday gift delivery germany,4,1,559.0
birthday gift delivery houston,4,1,559.0
birthday gift delivery lahore,4,1,559.0
birthday gift delivery overnight,4,1,559.0
birthday gift delivery raleigh nc,5,1,559.0
birthday gift delivery vienna,4,1,559.0
birthday gift delivery wollongong,4,1,559.0
birthday gift for 10 year girl zepto,7,1,559.0
birthday gift for 10 year old girl,7,1,559.0
birthday gift for ex girlfriend,5,1,559.0
birthday gift for girl just started dating,7,1,559.0
birthday gift for girl lover,5,1,559.0
birthday gift for girl making at home,7,1,559.0
birthday gift for girl of 10 years,7,1,559.0
birthday gift for girl roommate,5,1,559.0
birthday gift for girl teen,5,1,559.0
birthday gift for girl who is a friend,8,1,559.0
birthday gift for girlfriend cheap,5,1,559.0
birthday gift for girlfriend not expensive,6,1,559.0
birthday gift for girlfriend premium,5,1,559.0
birthday gift for girlfriend silver,5,1,559.0
birthday gift for girlfriends dad,5,1,559.0
birthday gift for girls amazon,5,1,559.0
birthday gift for girls for kids,6,1,559.0
birthday gift for girls kids 1 year old,8,1,559.0
birthday gift for her friend,5,1,559.0
birthday gift for women handbags,5,1,559.0
birthday gift free in canada,5,1,559.0
birthday gift template canva,4,1,559.0
birthday gift with chocolate,4,1,559.0
birthday gift za,3,1,559.0
birthday gifts to get girlfriend,5,1,559.0
birthday ideas for her 2026,5,1,559.0
can i get birthday gift from sephora online,8,1,559.0
can i gift wallet to my boyfriend,7,1,559.0
can i send amazon gift card online,7,1,559.0
can you use egift cards in store,7,1,559.0
e & z gift shop,5,1,559.0
e gift card hobby lobby,5,1,559.0
e gift card one for all,6,1,559.0
e gift card qatar,4,1,559.0
e gift cards best,4,1,559.0
e gift cards online instantly,5,1,559.0
e gift prepaid card,4,1,559.0
e gift sociolla,3,1,559.0
e lyft gift card,4,1,559.0
e master gift card,4,1,559.0
e ross gift card,4,1,559.0
e tims gift card,4,1,559.0
e ulta gift card,4,1,559.0
e wallet gift card,4,1,559.0
e&e gift card,3,1,559.0
electronic gift for,3,1,559.0
electronic gifts kitchen,3,1,559.0
gift ideas for boyfriend girlfriend,5,1,559.0
gift ideas for daughters girlfriend,5,1,559.0
gift ideas for for girlfriend,5,1,559.0
gift ideas for gen z girl,6,1,559.0
gift ideas for girl partner,5,1,559.0
gift ideas for girlfriend college graduation,6,1,559.0
gift ideas for girlfriend india reddit,6,1,559.0
gift ideas for girlfriend target,5,1,559.0
gift ideas for girlfriend uk,5,1,559.0
gift ideas for girlfriends mom christmas,6,1,559.0
gift ideas for girls age 10,6,1,559.0
gift ideas for girls first birthday,6,1,559.0
gift ideas for girls volleyball team,6,1,559.0
gift ideas for lawyer girlfriend,5,1,559.0
gift ideas for queer women,5,1,559.0
gift ideas for runner girlfriend,5,1,559.0
gift ideas for stud girlfriend,5,1,559.0
gift ideas for teen girls 2026,6,1,559.0
gift ideas for women best,5,1,559.0
gift ideas for women engagement,5,1,559.0
gift ideas for women get well,6,1,559.0
gift ideas for women home decor,6,1,559.0
gift ideas for women john lewis,6,1,559.0
gift ideas for women kenya,5,1,559.0
gift ideas for women who like to travel,8,1,559.0
gift ideas for women you don t know well,9,1,559.0
how to email gift cards,5,1,559.0
is birthday gift free at sephora,6,1,559.0
is it a gift in spanish,6,1,559.0
love gift giving,3,1,559.0
love gift lamp,3,1,559.0
love gift offering,3,1,559.0
love gift quotes,3,1,559.0
love gift ring,3,1,559.0
love you gift tiktok,4,1,559.0
love's gift trading inc,4,1,559.0
online gift delivery abu dhabi,5,1,559.0
online gift delivery chandigarh,4,1,559.0
online gift delivery for her,5,1,559.0
online gift delivery in new zealand,6,1,559.0
online gift delivery johannesburg,4,1,559.0
online gift delivery kolkata,4,1,559.0
online gift delivery malaysia,4,1,559.0
online gift delivery nepal,4,1,559.0
online gift delivery patna,4,1,559.0
online gift delivery sharjah,4,1,559.0
online gift delivery to canada,5,1,559.0
online gift delivery under 250,5,1,559.0
romantic anniversary best gift for husband,6,1,559.0
romantic anniversary gift ideas for him,6,1,559.0
romantic dinner gift,3,1,559.0
romantic escapades gift guide,4,1,559.0
romantic gif kiss lips,4,1,559.0
romantic gift basket for couples,5,1,559.0
romantic gift hamper for wife,5,1,559.0
romantic gift ideas for wife,5,1,559.0
romantic gift palia reth,4,1,559.0
romantic gift whatsapp,3,1,559.0
romantic gifts valentines day,4,1,559.0
romantic jewelry gifts for her,5,1,559.0
romantic unique gift for boyfriend,5,1,559.0
send birthday gifts online ludhiana,5,1,559.0
send christmas gift baskets online,5,1,559.0
send easter gift online,4,1,559.0
send gift card online australia,5,1,559.0
send gifts kerala online,4,1,559.0
send gifts online in usa,5,1,559.0
send gifts to mexico online,5,1,559.0
send online gifts in gurgaon,5,1,559.0
send valentine gift online,4,1,559.0
visa e gift card without fees,6,1,559.0
what anniversary gift is 15 years,6,1,559.0
what anniversary gift is 8 years,6,1,559.0
what are romantic gifts for boyfriend,6,1,559.0
what is e gift card amazon,6,1,559.0
what's a perfect birthday gift for girlfriend,7,1,559.0
which birthday gift is best for husband,7,1,559.0
xmas gift ideas for.girl friends,5,1,559.0
best gift for girlfriend 2026,5,1,558.0
birthday gift for boyfriend 2026,5,1,558.0
can i buy an online gift card for someone,9,1,558.0
can i gift my boyfriend flowers,6,1,558.0
can i gift my girlfriend perfume,6,1,558.0
can i send a virtual gift card from target,9,1,558.0
can i use digital gift card in store target,9,1,558.0
cheap surprise gift for your girlfriend,6,1,558.0
chocolate surprise gift for girlfriend,5,1,558.0
cute gifts for boyfriend xmas,5,1,558.0
digital apple gift card code,5,1,558.0
digital eftpos gift card australia,5,1,558.0
digital gift birthday card,4,1,558.0
digital gift card with paypal,5,1,558.0
digital gift cards online instantly,5,1,558.0
digital gift ideas for friends,5,1,558.0
digital gift voucher amazon,4,1,558.0
digital gifts free,3,1,558.0
digital gifts mothers day,4,1,558.0
digital kfc gift card,4,1,558.0
digital lego gift card,4,1,558.0
digital panera gift card,4,1,558.0
digital quran gift,3,1,558.0
digital ross gift card,4,1,558.0
digital starbucks gift card,4,1,558.0
digital surprise gift free,4,1,558.0
digital tango gift card,4,1,558.0
digital ugg gift card,4,1,558.0
digital westfield gift card,4,1,558.0
digital xbox gift card walmart,5,1,558.0
electronic gift gadgets,3,1,558.0
etsy long distance gift,4,1,558.0
free gift for boyfriend,4,1,558.0
gift for boyfriend at christmas,5,1,558.0
gift for boyfriend before long distance,6,1,558.0
gift for boyfriend car,4,1,558.0
gift for boyfriend diwali,4,1,558.0
gift for boyfriend for valentine's day,6,1,558.0
gift for boyfriend from girlfriend,5,1,558.0
gift for boyfriend love,4,1,558.0
gift for boyfriend monthsary,4,1,558.0
gift for boyfriend necklace,4,1,558.0
gift for boyfriend photo frame,5,1,558.0
gift for boyfriend shirt,4,1,558.0
gift for boyfriend t shirt,5,1,558.0
gift for boyfriend useful,4,1,558.0
gift for boyfriend wallet,4,1,558.0
gift for gf handmade,4,1,558.0
gift for gf valentine day,5,1,558.0
gift for girlfriend after fight,5,1,558.0
gift for girlfriend birthday under 5000,6,1,558.0
gift for girlfriend christmas ideas,5,1,558.0
gift for girlfriend daraz,4,1,558.0
gift for girlfriend eid,4,1,558.0
gift for girlfriend for valentine's day,6,1,558.0
gift for girlfriend love,4,1,558.0
gift for girlfriend monthsary,4,1,558.0
gift for girlfriend on blinkit,5,1,558.0
gift for girlfriend pendant,4,1,558.0
gift for girlfriend reddit india,5,1,558.0
gift for girlfriend suggestions,4,1,558.0
gift for girlfriend to make her happy,7,1,558.0
gift for girls best,4,1,558.0
gift for girls kids 6 years,6,1,558.0
gift for girls quick delivery,5,1,558.0
gift for her ysl,4,1,558.0
gift for him qatar,4,1,558.0
gift for jewish boyfriend,4,1,558.0
gift for long distance sibling,5,1,558.0
gift for men kuwait,4,1,558.0
gift for women gold,4,1,558.0
gift for women online shopping,5,1,558.0
gift for women wedding,4,1,558.0
gift for your boyfriend's mom,5,1,558.0
gift for zoo lover,4,1,558.0
gift hamper for women zepto,5,1,558.0
gift ideas for best boyfriend,5,1,558.0
gifts for boyfriend engineer,4,1,558.0
gifts for boyfriend golf,4,1,558.0
gifts for boyfriend holiday,4,1,558.0
gifts for boyfriend reddit india,5,1,558.0
gifts for boyfriend valentines day ideas,6,1,558.0
gifts for girlfriend john lewis,5,1,558.0
gifts for girlfriend nz,4,1,558.0
good gifts for girlfriend xmas,5,1,558.0
how to buy digital gift cards,6,1,558.0
how to buy online gift card in usa,8,1,558.0
how to send virtual gift card,6,1,558.0
long distance birthday gift best friend,6,1,558.0
long distance boyfriend ko kya gift dena chahiye,8,1,558.0
long distance christmas gift,4,1,558.0
long distance dad gift,4,1,558.0
long distance gift basket for him,6,1,558.0
long distance gift ideas online,5,1,558.0
long distance girlfriend gift ideas reddit,6,1,558.0
long distance homemade gifts,4,1,558.0
long distance love gifts for him,6,1,558.0
long distance meaningful gifts,4,1,558.0
long distance photo gift,4,1,558.0
long distance relationship gifts amazon,5,1,558.0
long distance unique gifts,4,1,558.0
long distance valentines gift for him,6,1,558.0
long haul travel gift ideas,5,1,558.0
necklaces surprise gift for girlfriend,5,1,558.0
online apple gift card usa,5,1,558.0
online free gift certificate template,5,1,558.0
online gif maker from video,5,1,558.0
online gift cards on sale,5,1,558.0
online gift cards visa,4,1,558.0
online gift certificate template,4,1,558.0
online gift emporium,3,1,558.0
online gift ideas for best friend,6,1,558.0
online gift lahore,3,1,558.0
online gift return,3,1,558.0
online gift shop website,4,1,558.0
online gift vouchers sri lanka,5,1,558.0
online gift wish list,4,1,558.0
online gifts in new zealand,5,1,558.0
online xbox gift card purchase,5,1,558.0
sawan gift for girlfriend online,5,1,558.0
surprise gift for a girl,5,1,558.0
surprise gift for fiance on engagement,6,1,558.0
surprise gift for girls birthday,5,1,558.0
surprise gift for long distance girlfriend,6,1,558.0
surprise gift ideas for my girlfriend,6,1,558.0
surprise gift to girl,4,1,558.0
teacher appreciation gift for girlfriend,5,1,558.0
unique surprise gift for girl,5,1,558.0
valentine gift for boyfriend apparel,5,1,558.0
valentine gift for boyfriend online shopping,6,1,558.0
virtual e gift card balance,5,1,558.0
virtual gift band academy,4,1,558.0
virtual gift canva template,4,1,558.0
virtual gift ideas for birthday,5,1,558.0
virtual gift to send,4,1,558.0
virtual panera gift card,4,1,558.0
virtual ross gift card,4,1,558.0
virtual steam gift card,4,1,558.0
visa virtual gift online use only,6,1,558.0
what best gift for boyfriend on his birthday,8,1,558.0
what is a digital gift card and how does it work,11,1,558.0
what special gift for girlfriend,5,1,558.0
send virtual gift online,4,1,558.0
electronic gift items under 1000,5,1,558.0
anniversary best gift for parents,5,1,558.0
anniversary gift activities,3,1,558.0
anniversary gift customized,3,1,558.0
anniversary gift drawing,3,1,558.0
anniversary gift example,3,1,558.0
anniversary gift genshin,3,1,558.0
anniversary gift kya de wife ko,6,1,558.0
anniversary gift mein kya de sakte hain,7,1,558.0
anniversary gift papa mummy,4,1,558.0
anniversary gift quotes for him,5,1,558.0
anniversary gift reddit ph,4,1,558.0
anniversary gift suggestions for parents,5,1,558.0
anniversary gift under rs 100,5,1,558.0
anniversary gift vase,3,1,558.0
anniversary gift year 2,4,1,558.0
anniversary gifts for him,4,1,558.0
anniversary gifts online sri lanka,5,1,558.0
appreciation gift ideas for girlfriend,5,1,558.0
best online gift delivery in kerala,6,1,558.0
best xmas gift ideas for girlfriend,6,1,558.0
birthday gift application in english,5,1,558.0
birthday gift delivery abu dhabi,5,1,558.0
birthday gift delivery bangalore,4,1,558.0
birthday gift delivery durban,4,1,558.0
birthday gift delivery england,4,1,558.0
birthday gift delivery glasgow,4,1,558.0
birthday gift delivery hamilton,4,1,558.0
birthday gift delivery london uk,5,1,558.0
birthday gift delivery oakville,4,1,558.0
birthday gift delivery queensland,4,1,558.0
birthday gift delivery rochester ny,5,1,558.0
birthday gift delivery uk,4,1,558.0
birthday gift delivery vancouver bc,5,1,558.0
birthday gift delivery west palm beach,6,1,558.0
birthday gift for 1 year baby girl zepto,8,1,558.0
birthday gift for gf mom,5,1,558.0
birthday gift for girl 6 years old,7,1,558.0
birthday gift for girl dad,5,1,558.0
birthday gift for girl of 9 years,7,1,558.0
birthday gift for girl photo frame,6,1,558.0
birthday gift for girl reddit,5,1,558.0
birthday gift for girl that has everything,7,1,558.0
birthday gift for girlfriend cake,5,1,558.0
birthday gift for girlfriend nigeria,5,1,558.0
birthday gift for girls age 5 7,7,1,558.0
birthday gift for girls educational,5,1,558.0
birthday gift for girls for 13 years,7,1,558.0
birthday gift for girls kids 2 year old,8,1,558.0
birthday gift for girls online delivery,6,1,558.0
birthday gift for girls quotes,5,1,558.0
birthday gift for japanese girlfriend,5,1,558.0
birthday gift for vietnamese girlfriend,5,1,558.0
birthday gift for women home decor,6,1,558.0
birthday gift for women watches,5,1,558.0
birthday gift freebies 2025,4,1,558.0
birthday gift with photo,4,1,558.0
birthday gift without gum,4,1,558.0
birthday gift zara,3,1,558.0
birthday gifts for girlfriend lesbian,5,1,558.0
can i get birthday gift at kohl's sephora,8,1,558.0
can i gift perfume to someone,6,1,558.0
can i send walmart gift card online,7,1,558.0
e fortnite gift card,4,1,558.0
e gift card best western,5,1,558.0
e gift card h&m,4,1,558.0
e gift card in n out,6,1,558.0
e gift card qr code,5,1,558.0
e gift card with paypal,5,1,558.0
e gift card without email,5,1,558.0
e gift cards on amazon,5,1,558.0
e gift cards online visa,5,1,558.0
e gift steam card,4,1,558.0
e gift voucher airasia 2026,5,1,558.0
e gift voucher meaning,4,1,558.0
e letter gift ideas,4,1,558.0
e mastercard gift card canada,5,1,558.0
e playstation gift card,4,1,558.0
e tesco gift card,4,1,558.0
e wish gift card,4,1,558.0
email jcpenney gift card,4,1,558.0
email zara gift card,4,1,558.0
gift hamper birthday gift for girlfriend,6,1,558.0
gift ideas for dominican girlfriend in dominican republic,8,1,558.0
gift ideas for gen z women,6,1,558.0
gift ideas for girl personalised,5,1,558.0
gift ideas for girl who loves reading,7,1,558.0
gift ideas for girlfriend cute,5,1,558.0
gift ideas for girlfriend in nigeria,6,1,558.0
gift ideas for girlfriend to make,6,1,558.0
gift ideas for girlfriend under 300,6,1,558.0
gift ideas for girls age 12,6,1,558.0
gift ideas for girls homemade,5,1,558.0
gift ideas for her john lewis,6,1,558.0
gift ideas for my girlfriend,5,1,558.0
gift ideas for quirky girls,5,1,558.0
gift ideas for rich girlfriend,5,1,558.0
gift ideas for sick girlfriend,5,1,558.0
gift ideas for women best buy,6,1,558.0
gift ideas for women expensive,5,1,558.0
gift ideas for women for christmas,6,1,558.0
gift ideas for women from walmart,6,1,558.0
gift ideas for women golf,5,1,558.0
gift ideas for women karwa chauth,6,1,558.0
gift ideas for women luxury,5,1,558.0
gift ideas for women victoria secret,6,1,558.0
gift ideas for women young,5,1,558.0
how to email gift card from amazon,7,1,558.0
how to send gifts online in australia,7,1,558.0
is an e gift card,5,1,558.0
love gift anniversary,3,1,558.0
love gift downtown singapore,4,1,558.0
love gift glass,3,1,558.0
love gift linus,3,1,558.0
love gift quotes in english,5,1,558.0
love gift rose,3,1,558.0
love gift thanks quotes,4,1,558.0
love you gift box,4,1,558.0
lulu anniversary gift 2026,4,1,558.0
online gift delivery colombo,4,1,558.0
online gift delivery kerala,4,1,558.0
online gift delivery matara,4,1,558.0
online gift delivery nearby,4,1,558.0
online gift delivery punjab,4,1,558.0
online gift delivery to dubai,5,1,558.0
online gifts australia free delivery,5,1,558.0
online gifts delivery ferns and petals,6,1,558.0
online gifts delivery jalandhar,4,1,558.0
romance gift palia,3,1,558.0
romance gift set perfume,4,1,558.0
romantic birthday best gift for girlfriend,6,1,558.0
romantic escapades gift,3,1,558.0
romantic gift basket ideas for couples,6,1,558.0
romantic gift christmas,3,1,558.0
romantic gift hassian,3,1,558.0
romantic gift ideas for anniversary,5,1,558.0
romantic gift kiss,3,1,558.0
romantic gift wrapping ideas,4,1,558.0
romantic japanese gifts for her,5,1,558.0
romantic origami gifts,3,1,558.0
romantic unique gift ideas,4,1,558.0
romantic valentine gift for husband,5,1,558.0
send a gift letter online,5,1,558.0
send birthday gifts online ahmedabad,5,1,558.0
send euros as a gift online,6,1,558.0
send gift to bangladesh online,5,1,558.0
send gifts to doha online,5,1,558.0
send gifts to paris online,5,1,558.0
send gifts to romania online,5,1,558.0
send graduation gift online,4,1,558.0
send new year gift hampers online,6,1,558.0
send online mcdonalds gift card,5,1,558.0
send wendy's gift card online,5,1,558.0
sending gifts online to nagpur,5,1,558.0
top gift ideas for women 2026,6,1,558.0
what anniversary gift is 13 years,6,1,558.0
what anniversary gifts,3,1,558.0
what are romantic gifts for men,6,1,558.0
what is email gift card,5,1,558.0
what's a good birthday gift for gf,7,1,558.0
what's a good gift for 20th anniversary,7,1,558.0
which birthday gift is best for sister,7,1,558.0
appropriate gift for new girlfriend,5,1,557.0
best gift for boyfriend without spending money,7,1,557.0
best surprise gift for a girlfriend,6,1,557.0
birthday gift for boyfriend online order,6,1,557.0
birthday gift for girlfriend 2026,5,1,557.0
birthday surprise ideas for girlfriend long distance,7,1,557.0
birthday surprise ideas for teenage girl,6,1,557.0
birthday virtual gift free,4,1,557.0
can i buy a digital gift card from walmart,9,1,557.0
can i buy an online gift card for xbox,9,1,557.0
can i gift my boyfriend a guardian bell,8,1,557.0
can i gift my girlfriend a ring,7,1,557.0
can i send a virtual gift card for doordash,9,1,557.0
cheap surprise gifts for girlfriend,5,1,557.0
digital apple gift card email delivery usa,7,1,557.0
digital birthday gift ideas,4,1,557.0
digital etsy gift card,4,1,557.0
digital gift card google play,5,1,557.0
digital gift card home depot,5,1,557.0
digital gift card with card,5,1,557.0
digital gift card without email,5,1,557.0
digital gift cards on amazon,5,1,557.0
digital gift cards online sale,5,1,557.0
digital gift valentines,3,1,557.0
digital keg gift card,4,1,557.0
digital lyft gift card,4,1,557.0
digital mastercard gift card,4,1,557.0
digital photo gift ideas,4,1,557.0
digital roblox gift card uk,5,1,557.0
digital sephora gift card,4,1,557.0
digital uk gift card,4,1,557.0
digital wendy's gift card,4,1,557.0
digital xbox gift card microsoft,5,1,557.0
free online gift for boyfriend,5,1,557.0
free virtual gift for gf,5,1,557.0
gift for apple lover,4,1,557.0
gift for boyfriend birthday under 250,6,1,557.0
gift for boyfriend custom,4,1,557.0
gift for boyfriend drawing,4,1,557.0
gift for boyfriend for his birthday,6,1,557.0
gift for boyfriend from japan,5,1,557.0
gift for boyfriend letter,4,1,557.0
gift for boyfriend nerd,4,1,557.0
gift for boyfriend on boyfriend day,6,1,557.0
gift for boyfriend photo,4,1,557.0
gift for boyfriend special,4,1,557.0
gift for boyfriend to propose,5,1,557.0
gift for boyfriend unique,4,1,557.0
gift for boyfriend when going away,6,1,557.0
gift for boyfriend's mom first meeting,6,1,557.0
gift for gf earrings,4,1,557.0
gift for girlfriend anniversary 2 year,6,1,557.0
gift for girlfriend cute,4,1,557.0
gift for girlfriend day 2025,5,1,557.0
gift for girlfriend for new year,6,1,557.0
gift for girlfriend locket,4,1,557.0
gift for girlfriend mom,4,1,557.0
gift for girlfriend on her period,6,1,557.0
gift for girlfriend perfume,4,1,557.0
gift for girlfriend random,4,1,557.0
gift for girlfriend set,4,1,557.0
gift for girlfriend teddy,4,1,557.0
gift for girls graduation,4,1,557.0
gift for girls kmart,4,1,557.0
gift for girls watch,4,1,557.0
gift for girls young,4,1,557.0
gift for her best friend,5,1,557.0
gift for her quotes,4,1,557.0
gift for him queensland,4,1,557.0
gift for japanese girlfriend,4,1,557.0
gift for men keychain,4,1,557.0
gift for vietnamese girlfriend,4,1,557.0
gift for your boyfriend on anniversary,6,1,557.0
gift for zelda lover,4,1,557.0
gift hamper for girls zepto,5,1,557.0
gift ideas for men best friend,6,1,557.0
gifts for bf homemade,4,1,557.0
gifts for bf jewelry,4,1,557.0
gifts for boyfriend affordable,4,1,557.0
gifts for boyfriend easy,4,1,557.0
gifts for boyfriend gym,4,1,557.0
gifts for boyfriend running,4,1,557.0
gifts for boyfriend valentines day nearby,6,1,557.0
gifts for gamer boyfriend xbox,5,1,557.0
gifts for girlfriend halloween,4,1,557.0
gifts for girlfriend not jewelry,5,1,557.0
gifts for my girlfriend xmas,5,1,557.0
good gifts for men 2026,5,1,557.0
how to buy virtual gift card,6,1,557.0
how to get online gift card in usa,8,1,557.0
how to gift digital steam card,6,1,557.0
jersey mike's virtual gift card,5,1,557.0
long distance couple gift bracelet,5,1,557.0
long distance dating gifts,4,1,557.0
long distance delivery gift ideas,5,1,557.0
long distance engagement gift,4,1,557.0
long distance gift birthday,4,1,557.0
long distance gift ideas for friends,6,1,557.0
long distance gifts for your partner,6,1,557.0
long distance gifts online,4,1,557.0
long distance graduation gifts,4,1,557.0
long distance lovers gifts,4,1,557.0
long distance picture gift,4,1,557.0
long distance relationship best gift,5,1,557.0
long distance relationship gift box,5,1,557.0
long distance relationship gifts australia,5,1,557.0
long distance relationship gifts uk,5,1,557.0
long distance relationship me kya gift dena chahiye,8,1,557.0
long distance surprise gift boyfriend,5,1,557.0
long distance valentines gift reddit,5,1,557.0
long distance wifi gifts,4,1,557.0
long haul travel gift,4,1,557.0
online apple gift card australia,5,1,557.0
online free gift with purchase,5,1,557.0
online gif maker from images,5,1,557.0
online gift boutique,3,1,557.0
online gift card generator,4,1,557.0
online gift card one for all,6,1,557.0
online gift card template,4,1,557.0
online gift cards you can send,6,1,557.0
online gift e card,4,1,557.0
online gift for her,4,1,557.0
online gift ideas for birthday,5,1,557.0
online gift kids,3,1,557.0
online gift long distance,4,1,557.0
online gift receipt sephora,4,1,557.0
online gift send,3,1,557.0
online gift vouchers nz,4,1,557.0
online gift wrapper,3,1,557.0
online gifting sites,3,1,557.0
online gifts in uk,4,1,557.0
online uniqlo gift card,4,1,557.0
online visa gift cards without fees,6,1,557.0
online xbox gift card redeem,5,1,557.0
random surprise gifts for girlfriend,5,1,557.0
surprise birthday gift for your girlfriend,6,1,557.0
surprise gift for baby girl,5,1,557.0
unique birthday surprise gift for girlfriend,6,1,557.0
valentine day gift for girlfriend online,6,1,557.0
virtual ebay gift card,4,1,557.0
virtual gift berapa rupiah,4,1,557.0
virtual gift card home depot,5,1,557.0
virtual gift cards online instantly,5,1,557.0
virtual gift certificate template,4,1,557.0
virtual gift ideas for long distance relationship,7,1,557.0
virtual gift link free birthday,5,1,557.0
virtual gift meme,3,1,557.0
virtual gift the box,4,1,557.0
virtual gift website qr code,5,1,557.0
virtual popeyes gift card,4,1,557.0
virtual rei gift card,4,1,557.0
virtual sephora gift card,4,1,557.0
virtual walmart gift card,4,1,557.0
what anniversary gift for boyfriend,5,1,557.0
what gift for my girlfriend,5,1,557.0
what is paypal digital gifts,5,1,557.0
online gift ideas for long distance girlfriend,7,1,557.0
electronic gift items under 2000,5,1,557.0
amazon e gift card without account,6,1,557.0
anniversary best gift for men,5,1,557.0
anniversary gift baskets for parents,5,1,557.0
anniversary gift certificate template,4,1,557.0
anniversary gift craft,3,1,557.0
anniversary gift delivery today,4,1,557.0
anniversary gift gf,3,1,557.0
anniversary gift kit,3,1,557.0
anniversary gift maa papa,4,1,557.0
anniversary gift nepal,3,1,557.0
anniversary gift picture,3,1,557.0
anniversary gift quick,3,1,557.0
anniversary gift recommendations,3,1,557.0
anniversary gift silver,3,1,557.0
anniversary gift under 5000,4,1,557.0
anniversary gift vancouver,3,1,557.0
anniversary gift year 8,4,1,557.0
anniversary gifts online pakistan,4,1,557.0
best birthday gift for women 2026,6,1,557.0
best gift for girlfriend birthday gift,6,1,557.0
best online gift delivery in philippines,6,1,557.0
best romantic gift for girlfriend,5,1,557.0
birthday gift appreciation message to my love,7,1,557.0
birthday gift delivery adelaide,4,1,557.0
birthday gift delivery bahrain,4,1,557.0
birthday gift delivery dublin,4,1,557.0
birthday gift delivery el paso tx,6,1,557.0
birthday gift delivery goa,4,1,557.0
birthday gift delivery houston tx,5,1,557.0
birthday gift delivery johor bahru,5,1,557.0
birthday gift delivery london,4,1,557.0
birthday gift delivery oklahoma city,5,1,557.0
birthday gift delivery perth,4,1,557.0
birthday gift delivery reddit,4,1,557.0
birthday gift delivery usa,4,1,557.0
birthday gift delivery vadakara,4,1,557.0
birthday gift delivery woman,4,1,557.0
birthday gift for girl 1 year old,7,1,557.0
birthday gift for girl daughter,5,1,557.0
birthday gift for girl love,5,1,557.0
birthday gift for girl meesho,5,1,557.0
birthday gift for girl of 5 years,7,1,557.0
birthday gift for girl price in sri lanka,8,1,557.0
birthday gift for girlfriend card,5,1,557.0
birthday gift for girlfriend on amazon,6,1,557.0
birthday gift for girlfriend suggestions,5,1,557.0
birthday gift for girls aesthetic,5,1,557.0
birthday gift for girls expensive,5,1,557.0
birthday gift for girls for sister,6,1,557.0
birthday gift for girls home made,6,1,557.0
birthday gift for girls kids 8 years old,8,1,557.0
birthday gift for girls qatar,5,1,557.0
birthday gift for girls ring,5,1,557.0
birthday gift for girls with paper,6,1,557.0
birthday gift for virgo girl,5,1,557.0
birthday gift for women jewellery,5,1,557.0
birthday gift for women online,5,1,557.0
birthday gift free stores,4,1,557.0
birthday gift ideas for her 2026,6,1,557.0
birthday gift quick delivery,4,1,557.0
birthday gift with flowers,4,1,557.0
birthday gift without glue,4,1,557.0
birthday gift zomato,3,1,557.0
birthday gifts for gen z women,6,1,557.0
birthday gifts for girlfriend nz,5,1,557.0
birthday gifts for girlfriend thoughtful,5,1,557.0
can i gift watch to my wife,7,1,557.0
can i redeem birthday gift in store sephora,8,1,557.0
can i send someone an online gift card,8,1,557.0
can you make gif,4,1,557.0
dunkin anniversary gift 2026,4,1,557.0
e for gift,3,1,557.0
e gift card hollister,4,1,557.0
e gift card indigo,4,1,557.0
e gift card john lewis,5,1,557.0
e gift card online shopping,5,1,557.0
e gift card outback,4,1,557.0
e gift card with card,5,1,557.0
e gift voucher sbi elite card,6,1,557.0
e gifts ishara co in,5,1,557.0
e lego gift card,4,1,557.0
e mastercard gift card balance,5,1,557.0
e prezzee gift card,4,1,557.0
e shop gift card,4,1,557.0
e wawa gift card,4,1,557.0
electronic uber gift card,4,1,557.0
electronic zara gift card,4,1,557.0
email apple gift card,4,1,557.0
exchange gift online,3,1,557.0
gift ideas for girl best friend,6,1,557.0
gift ideas for girl friend birthday,6,1,557.0
gift ideas for girl teens,5,1,557.0
gift ideas for girlfriend college,5,1,557.0
gift ideas for girlfriend in budget,6,1,557.0
gift ideas for girlfriend of 1 year,7,1,557.0
gift ideas for girls age 8,6,1,557.0
gift ideas for girls best friend birthday,7,1,557.0
gift ideas for girls kmart,5,1,557.0
gift ideas for my girlfriend birthday,6,1,557.0
gift ideas for pregnant girlfriend,5,1,557.0
gift ideas for son's girlfriend's parents,6,1,557.0
gift ideas for women employees,5,1,557.0
gift ideas for women for birthday,6,1,557.0
gift ideas for women gardening,5,1,557.0
gift ideas for women having surgery,6,1,557.0
gift ideas for women leaving work,6,1,557.0
gift ideas for women reddit,5,1,557.0
gift ideas for women vogue,5,1,557.0
gift ideas for women who quilt,6,1,557.0
gift ideas for women who travel,6,1,557.0
gift ideas for women-jcpenney,4,1,557.0
gift ideas for women's day,5,1,557.0
gifts you can send online,5,1,557.0
good xmas gift ideas for girlfriend,6,1,557.0
home e gift 2026,4,1,557.0
how to send gifts online from india to usa,9,1,557.0
how to use e gift card in store,8,1,557.0
is there a difference between gift and present,8,1,557.0
love gift drawing,3,1,557.0
love gift lines,3,1,557.0
love gift quotes for him,5,1,557.0
love gift rose flower,4,1,557.0
love gift to pastor,4,1,557.0
love gift unique,3,1,557.0
love oxted gift card,4,1,557.0
love your gift,3,1,557.0
online gift card delivery,4,1,557.0
online gift delivery in zirakpur,5,1,557.0
online gift delivery kollam,4,1,557.0
online gift delivery melbourne australia,5,1,557.0
online gift delivery sydney,4,1,557.0
online gift delivery thane,4,1,557.0
online gifts nz free delivery,5,1,557.0
prestige zip hoodie gift ideas for girlfriend,7,1,557.0
romance gif kdrama,3,1,557.0
romance gift card scams,4,1,557.0
romance gift pic,3,1,557.0
romantic anniversary gifts for her,5,1,557.0
romantic easter gift,3,1,557.0
romantic gift bag,3,1,557.0
romantic gift hassian palia,4,1,557.0
romantic gift ideas for men,5,1,557.0
romantic gift website,3,1,557.0
romantic gifts for men,4,1,557.0
romantic girlfriend gifts for birthday,5,1,557.0
romantic japanese gifts for him,5,1,557.0
romantic surprise gift service,4,1,557.0
romantic valentine gift for girlfriend,5,1,557.0
send birthday gifts dubai online,5,1,557.0
send birthday gifts online australia,5,1,557.0
send e gift card online,5,1,557.0
send gas gift card online,5,1,557.0
send gift flowers delivery,4,1,557.0
send gift to korea online,5,1,557.0
send gifts online in canada,5,1,557.0
send gifts switzerland online,4,1,557.0
send gifts to jeddah online,5,1,557.0
send online gifts to london uk,6,1,557.0
send plant gift online,4,1,557.0
send spa gift baskets online,5,1,557.0
send wawa gift card online,5,1,557.0
visa e gift qr code,5,1,557.0
what anniversary gift is 14 years,6,1,557.0
what anniversary gift is 30 years,6,1,557.0
what are romantic gifts for husband,6,1,557.0
what is an appropriate anniversary gift,6,1,557.0
what is an e gift card and how does it work,11,1,557.0
what is gift for 14 year anniversary,7,1,557.0
which birthday gift is best for wife,7,1,557.0
best gift for girls zepto,5,1,556.0
best surprise gift for a girl,6,1,556.0
best surprise gift for girlfriend birthday,6,1,556.0
best surprise gift for your girlfriend,6,1,556.0
birthday gift for boyfriend without money,6,1,556.0
birthday gift for men best friend,6,1,556.0
can i buy a digital gift card for xbox,9,1,556.0
can i gift my boyfriend money,6,1,556.0
can i gift my girlfriend shoes,6,1,556.0
chocolate surprise birthday gift for girlfriend,6,1,556.0
cute gifts for girlfriend xmas,5,1,556.0
digital applebee's gift card,4,1,556.0
digital birthday gift free,4,1,556.0
digital bunnings gift card,4,1,556.0
digital eneba gift card,4,1,556.0
digital gift card hobby lobby,5,1,556.0
digital gift card in store,5,1,556.0
digital gift card olive garden,5,1,556.0
digital gift card online australia,5,1,556.0
digital gift certificate template,4,1,556.0
digital gift ideas for dad,5,1,556.0
digital gifts for birthday,4,1,556.0
digital kobo gift card,4,1,556.0
digital longhorn gift card,4,1,556.0
digital mcdonald's gift card,4,1,556.0
digital popeyes gift card,4,1,556.0
digital roblox gift card redeem,5,1,556.0
digital spotify gift card,4,1,556.0
digital ubisoft gift card,4,1,556.0
digital visa gift card australia,5,1,556.0
digital wingstop gift card,4,1,556.0
digital xbox gift card uk,5,1,556.0
e gift uber,3,1,556.0
free gift ideas for boyfriend,5,1,556.0
free gifts for long distance relationships,6,1,556.0
gift card online,3,1,556.0
gift for bf day,4,1,556.0
gift for boyfriend birthday under 200,6,1,556.0
gift for boyfriend caption,4,1,556.0
gift for boyfriend first birthday together,6,1,556.0
gift for boyfriend for new year,6,1,556.0
gift for boyfriend last minute,5,1,556.0
gift for boyfriend meaningful,4,1,556.0
gift for boyfriend on diwali,5,1,556.0
gift for boyfriend picture,4,1,556.0
gift for boyfriend silver,4,1,556.0
gift for boyfriend under 2000,5,1,556.0
gift for boyfriend with picture,5,1,556.0
gift for ex boyfriend,4,1,556.0
gift for gf near me,5,1,556.0
gift for girlfriend at christmas,5,1,556.0
gift for girlfriend box,4,1,556.0
gift for girlfriend chain,4,1,556.0
gift for girlfriend dad,4,1,556.0
gift for girlfriend for 1st anniversary,6,1,556.0
gift for girlfriend lesbian,4,1,556.0
gift for girlfriend memorable,4,1,556.0
gift for girlfriend on period,5,1,556.0
gift for girlfriend on valentine,5,1,556.0
gift for girlfriend photo frame,5,1,556.0
gift for girlfriend reddit christmas,5,1,556.0
gift for girlfriend sorry,4,1,556.0
gift for girlfriend this christmas,5,1,556.0
gift for girlfriend unique,4,1,556.0
gift for girls hamper,4,1,556.0
gift for girls jewellery,4,1,556.0
gift for girls kanya pujan,5,1,556.0
gift for girls quotes,4,1,556.0
gift for her valentine's day,5,1,556.0
gift for men hamper,4,1,556.0
gift for men jewellery,4,1,556.0
gift for men kit,4,1,556.0
gift for men quotes,4,1,556.0
gift for visiting boyfriend's parents,5,1,556.0
gift for women best,4,1,556.0
gift for women giva,4,1,556.0
gift for women watch,4,1,556.0
gift for women young,4,1,556.0
gift for your boyfriend christmas,5,1,556.0
gift for zebra lover,4,1,556.0
gift ideas for long distance emt girlfriend,7,1,556.0
gifts for boyfriend at xmas,5,1,556.0
gifts for boyfriend good,4,1,556.0
gifts for boyfriend not clothes,5,1,556.0
gifts for boyfriend reddit birthday,5,1,556.0
gifts for boyfriend target,4,1,556.0
gifts for girlfriend easter,4,1,556.0
gifts for men 2026 reddit,5,1,556.0
gifts for my boyfriend xmas,5,1,556.0
graduation surprise gift for daddy's girl,6,1,556.0
how to check online gift card balance,7,1,556.0
how to create a virtual gift,6,1,556.0
how to sell digital gift cards,6,1,556.0
keychain long distance gift,4,1,556.0
ldr virtual gift canva template,5,1,556.0
long distance communication gift,4,1,556.0
long distance couple best gift,5,1,556.0
long distance daughter gifts,4,1,556.0
long distance gift ideas for best friend,7,1,556.0
long distance girlfriend gifts reddit,5,1,556.0
long distance light up gift,5,1,556.0
long distance personalized gifts,4,1,556.0
long distance relationship gift ideas for him,7,1,556.0
long distance relationship gift website,5,1,556.0
long distance small gift,4,1,556.0
long distance stuffed animal gift,5,1,556.0
long distance valentines gift for men,6,1,556.0
online apple gift card link,5,1,556.0
online gif maker ai,4,1,556.0
online gift card google play,5,1,556.0
online gift card olive garden,5,1,556.0
online gift cards for teen girls,6,1,556.0
online gift cards you can buy,6,1,556.0
online gift exchange draw,4,1,556.0
online gift for valentine,4,1,556.0
online gift lebanon,3,1,556.0
online gift mothers day,4,1,556.0
online gift packing box,4,1,556.0
online gift receipt m&s,4,1,556.0
online gift store near me,5,1,556.0
online gift voucher template,4,1,556.0
online gift vouchers for men,5,1,556.0
online indigo gift card,4,1,556.0
online jd gift voucher,4,1,556.0
online uk gift card,4,1,556.0
online xmas gift,3,1,556.0
online zumiez gift card,4,1,556.0
sorry gift for girlfriend online,5,1,556.0
steam digital gift card without account,6,1,556.0
surprise birthday gift for lover girl,6,1,556.0
surprise gift for boyfriend online,5,1,556.0
surprise gift from girlfriend,4,1,556.0
surprise gift to her,4,1,556.0
surprise romantic birthday gift for girlfriend,6,1,556.0
sweet surprise gifts for my girlfriend,6,1,556.0
valentine gift for girlfriend 2026,5,1,556.0
virtual e gift card visa,5,1,556.0
virtual gift balance,3,1,556.0
virtual gift box online,4,1,556.0
virtual gift card hobby lobby,5,1,556.0
virtual gift card jimmy johns,5,1,556.0
virtual gift card qr code,5,1,556.0
virtual gift letter free,4,1,556.0
virtual gift message website,4,1,556.0
virtual letter gift free,4,1,556.0
virtual petsmart gift card,4,1,556.0
virtual spotify gift card,4,1,556.0
virtual surprise gift for girlfriend,5,1,556.0
virtual target gift card,4,1,556.0
virtual wawa gift card,4,1,556.0
what is amazon digital gift card,6,1,556.0
what is visa virtual gift card,6,1,556.0
what to gift for boyfriend day,6,1,556.0
what to gift for girlfriend day,6,1,556.0
which gift for women,4,1,556.0
online gift box delivery,4,1,556.0
gifts online quick delivery,4,1,556.0
electronic gift items under 5000,5,1,556.0
anniversary best gift for boyfriend,5,1,556.0
anniversary gift,2,1,556.0
anniversary gift alfred hitchcock presents,5,1,556.0
anniversary gift bhaiya bhabhi,4,1,556.0
anniversary gift card for wife,5,1,556.0
anniversary gift dikhaiye,3,1,556.0
anniversary gift husband ko kya de,6,1,556.0
anniversary gift kya diya jata hai,6,1,556.0
anniversary gift leather,3,1,556.0
anniversary gift meesho,3,1,556.0
anniversary gift old couple,4,1,556.0
anniversary gift photo frame ideas,5,1,556.0
anniversary gift quote for women,5,1,556.0
anniversary gift ring,3,1,556.0
anniversary gift sister and jiju,5,1,556.0
anniversary gift to mom and dad,6,1,556.0
anniversary gift uncle aunty,4,1,556.0
anniversary gift website free,4,1,556.0
anniversary gift year 9,4,1,556.0
anniversary gifts for her,4,1,556.0
anniversary gifts virgin experience,4,1,556.0
anniversary online gift ideas,4,1,556.0
best birthday gift for girlfriend quotes,6,1,556.0
best birthday gift for her 2026,6,1,556.0
best online gift delivery in france,6,1,556.0
best romantic gift for wife,5,1,556.0
birthday gift apple,3,1,556.0
birthday gift basket empty,4,1,556.0
birthday gift baskets woolworths,4,1,556.0
birthday gift delivery auckland,4,1,556.0
birthday gift delivery chennai,4,1,556.0
birthday gift delivery denver,4,1,556.0
birthday gift delivery hobart,4,1,556.0
birthday gift delivery johannesburg,4,1,556.0
birthday gift delivery los angeles,5,1,556.0
birthday gift delivery new zealand,5,1,556.0
birthday gift delivery oahu,4,1,556.0
birthday gift delivery philippines,4,1,556.0
birthday gift delivery ranchi,4,1,556.0
birthday gift delivery uk for him,6,1,556.0
birthday gift delivery virginia,4,1,556.0
birthday gift for girl 7 years old,7,1,556.0
birthday gift for girl best friend handmade,7,1,556.0
birthday gift for girl dress,5,1,556.0
birthday gift for girl mom,5,1,556.0
birthday gift for girl of 6 years,7,1,556.0
birthday gift for girl pic,5,1,556.0
birthday gift for girl twins,5,1,556.0
birthday gift for girlfriend sister,5,1,556.0
birthday gift for girlfriend under 1500,6,1,556.0
birthday gift for girls earrings,5,1,556.0
birthday gift for girls for 2 years,7,1,556.0
birthday gift for girls jhumka,5,1,556.0
birthday gift for girls kids 12 years old,8,1,556.0
birthday gift for her hong kong,6,1,556.0
birthday gift for her online,5,1,556.0
birthday gift for new girlfriend,5,1,556.0
birthday gift for rich girlfriend,5,1,556.0
birthday gift for vietnamese girl,5,1,556.0
birthday gift for women amazon,5,1,556.0
birthday gift for women who has everything,7,1,556.0
birthday gift maker near me,5,1,556.0
birthday gift with photo frame,5,1,556.0
birthday gift without spending money,5,1,556.0
birthday gift zus,3,1,556.0
birthday gifts for girlfriend last minute,6,1,556.0
can i get birthday gift from ulta,7,1,556.0
can i gift shoes to my boyfriend,7,1,556.0
can i send apple gift card online,7,1,556.0
cute free gift ideas for girlfriend,6,1,556.0
e gift card how to use,6,1,556.0
e gift card jd sports,5,1,556.0
e gift card one4all,4,1,556.0
e gift card online purchase,5,1,556.0
e gift card quiktrip,4,1,556.0
e gift card template,4,1,556.0
e gift card zalando,4,1,556.0
e gift cards in canada,5,1,556.0
e gift voucher app,4,1,556.0
e lowes gift card,4,1,556.0
e max gift card,4,1,556.0
e paypal gift card,4,1,556.0
e sephora gift card,4,1,556.0
e wingstop gift card,4,1,556.0
electronic apple gift card,4,1,556.0
electronic gifts for women,4,1,556.0
electronic ulta gift card,4,1,556.0
exchange gift online bunutan,4,1,556.0
gcash anniversary gift 2026,4,1,556.0
gift ideas for christian girlfriend,5,1,556.0
gift ideas for cool girlfriend,5,1,556.0
gift ideas for girl first communion,6,1,556.0
gift ideas for girl high school graduation,7,1,556.0
gift ideas for girl toddler,5,1,556.0
gift ideas for girlfriend 2 year anniversary,7,1,556.0
gift ideas for girlfriend in amazon,6,1,556.0
gift ideas for girls age 8 10,7,1,556.0
gift ideas for girls education,5,1,556.0
gift ideas for her gym,5,1,556.0
gift ideas for masc girlfriend,5,1,556.0
gift ideas for potential girlfriend,5,1,556.0
gift ideas for sons girlfriend birthday,6,1,556.0
gift ideas for women birthday,5,1,556.0
gift ideas for women for wedding,6,1,556.0
gift ideas for women in 40s,6,1,556.0
gift ideas for women jb hi fi,7,1,556.0
gift ideas for women kuwait,5,1,556.0
gift ideas for women list,5,1,556.0
gift ideas for women retirement,5,1,556.0
gift ideas for women voucher,5,1,556.0
gift ideas for women who just gave birth,8,1,556.0
gift ideas for women's day celebration in office,8,1,556.0
gift love on christmas day,5,1,556.0
how to make a gif with words,7,1,556.0
how to send e gift cards,6,1,556.0
how to send gifts online to ahmedabad,7,1,556.0
is a gift legally binding,5,1,556.0
love gift downtown singapore lyrics,5,1,556.0
love gift kiss,3,1,556.0
love gift quotes for her,5,1,556.0
love gift reviews,3,1,556.0
love gift to girlfriend,4,1,556.0
love gift under ₹ 100,5,1,556.0
love you gift card,4,1,556.0
matchbox anniversary gift template,4,1,556.0
online gift delivery in gujrat pakistan,6,1,556.0
online gift delivery in qatar,5,1,556.0
online gift delivery kannur,4,1,556.0
online gift delivery manila,4,1,556.0
online gift delivery netherlands,4,1,556.0
online gift delivery same day in delhi,7,1,556.0
online gift delivery to philippines,5,1,556.0
quick gift ideas for girlfriend,5,1,556.0
romance gift couple,3,1,556.0
romance gift package msc,4,1,556.0
romantic anniversary gifts for him,5,1,556.0
romantic engagement gift,3,1,556.0
romantic gift boyfriend,3,1,556.0
romantic gift for jina palia,5,1,556.0
romantic gift ideas for husband birthday,6,1,556.0
romantic gift women,3,1,556.0
romantic gifts for her,4,1,556.0
romantic gifts homemade,3,1,556.0
romantic girlfriend gifts for christmas,5,1,556.0
romantic lovers gifts,3,1,556.0
romantic small gift,3,1,556.0
romantic valentine gift for boyfriend,5,1,556.0
romantic xmas gift ideas for girlfriend,6,1,556.0
send christmas gifts online uk,5,1,556.0
send gap gift card online,5,1,556.0
send gift to hong kong online,6,1,556.0
send gifts online in australia,5,1,556.0
send gifts to denmark online,5,1,556.0
send gifts to lahore online,5,1,556.0
send gifts to online friends,5,1,556.0
send money gift card online,5,1,556.0
send new year gifts online,5,1,556.0
send online gift card amazon,5,1,556.0
send online gift to boyfriend,5,1,556.0
send online uber eats gift card,6,1,556.0
send rakhi gift online,4,1,556.0
send visa gift card online instantly,6,1,556.0
send wedding gift card online,5,1,556.0
should you buy anniversary gifts,5,1,556.0
what anniversary gift for each year,6,1,556.0
what anniversary gift is leather,5,1,556.0
what are the gifts for 20th anniversary,7,1,556.0
what is flipkart e gift voucher,6,1,556.0
what's the most romantic gift,5,1,556.0
which birthday gift,3,1,556.0
1 year anniversary gift long distance,6,1,555.0
are there digital gift cards,5,1,555.0
best gift for long distance loved one,7,1,555.0
best gifts for gf xmas,5,1,555.0
best surprise gift for gf,5,1,555.0
birthday gift for men best,5,1,555.0
can i buy a digital gift card for playstation,9,1,555.0
can i gift my boyfriend,5,1,555.0
can you gift miles,4,1,555.0
christmas gifts for boyfriend 2026,5,1,555.0
digital apple gift card purchase,5,1,555.0
digital buy gift card,4,1,555.0
digital e gift card visa,5,1,555.0
digital gift card how to use,6,1,555.0
digital gift card jimmy john's,5,1,555.0
digital gift card one for all,6,1,555.0
digital gift card zalando,4,1,555.0
digital gift cards in canada,5,1,555.0
digital gift cards online free,5,1,555.0
digital ikea gift card,4,1,555.0
digital kids gift card,4,1,555.0
digital lcbo gift card,4,1,555.0
digital minecraft gift card,4,1,555.0
digital playstation gift card amazon,5,1,555.0
digital razer gift card,4,1,555.0
digital shein gift card,4,1,555.0
digital woolworths gift card,4,1,555.0
digital xbox gift card $5,5,1,555.0
free virtual gift ideas,4,1,555.0
fun surprise gifts for girlfriend,5,1,555.0
gift for a boyfriend,4,1,555.0
gift for boyfriend between ₹400 and ₹800,7,1,555.0
gift for boyfriend clothes,4,1,555.0
gift for boyfriend first anniversary,5,1,555.0
gift for boyfriend for graduation,5,1,555.0
gift for boyfriend ideas birthday,5,1,555.0
gift for boyfriend lego,4,1,555.0
gift for boyfriend message,4,1,555.0
gift for boyfriend online,4,1,555.0
gift for boyfriend sorry,4,1,555.0
gift for boyfriend under 10000,5,1,555.0
gift for boyfriend's parents christmas,5,1,555.0
gift for ex boyfriend marriage,5,1,555.0
gift for ex girlfriend,4,1,555.0
gift for gf ring,4,1,555.0
gift for girlfriend birthday under 200,6,1,555.0
gift for girlfriend christmas reddit,5,1,555.0
gift for girlfriend diwali,4,1,555.0
gift for girlfriend for diwali,5,1,555.0
gift for girlfriend link,4,1,555.0
gift for girlfriend makeup,4,1,555.0
gift for girlfriend on graduation,5,1,555.0
gift for girlfriend on her graduation,6,1,555.0
gift for girlfriend picture,4,1,555.0
gift for girlfriend special,4,1,555.0
gift for girlfriend teddy bear,5,1,555.0
gift for girlfriend under 1500,5,1,555.0
gift for girls kids under 200,6,1,555.0
gift for her best,4,1,555.0
gift for her new zealand,5,1,555.0
gift for her wedding,4,1,555.0
gift for him jewelry,4,1,555.0
gift for lover quotes,4,1,555.0
gift for men graduation,4,1,555.0
gift for men handmade,4,1,555.0
gift for men kitchen,4,1,555.0
gift for men young,4,1,555.0
gift for women hamper,4,1,555.0
gift for women jewellery,4,1,555.0
gift for women qatar,4,1,555.0
gift for women valentine,4,1,555.0
gift for women yoga,4,1,555.0
gift for zyn lover,4,1,555.0
gift ideas for men apparel,5,1,555.0
gift ideas for men without hobbies,6,1,555.0
gift to long distance friend,5,1,555.0
gifts for bf vday,4,1,555.0
gifts for boyfriend different,4,1,555.0
gifts for boyfriend next day delivery,6,1,555.0
gifts for boyfriend reddit christmas,5,1,555.0
gifts for boyfriend tech,4,1,555.0
gifts for boyfriend who is a gamer,7,1,555.0
gifts for girlfriend at xmas,5,1,555.0
gifts for girlfriend from amazon,5,1,555.0
gifts for girlfriend next day delivery,6,1,555.0
good gifts for boyfriend xmas,5,1,555.0
how to buy digital gift card on amazon,8,1,555.0
how to redeem digital gift cards,6,1,555.0
how to use online gift card at walmart,8,1,555.0
is it ok to buy your boyfriend gifts,8,1,555.0
list of gifts for girlfriend,5,1,555.0
long distance birthday gift ideas,5,1,555.0
long distance birthday gift website,5,1,555.0
long distance countdown gift,4,1,555.0
long distance gift for my girlfriend,6,1,555.0
long distance gift ideas for mom,6,1,555.0
long distance gifts for him reddit,6,1,555.0
long distance girlfriend present,4,1,555.0
long distance relationship anniversary gift,5,1,555.0
long distance relationship gift ideas reddit,6,1,555.0
long distance relationship gifts pinterest,5,1,555.0
long distance valentine's gifts same day delivery,7,1,555.0
long range shooting gift ideas,5,1,555.0
love digital gift free qr code,6,1,555.0
online apple gift card store,5,1,555.0
online free gifts for birthday,5,1,555.0
online gift card old navy,5,1,555.0
online gift cards australia,4,1,555.0
online gift certificate template free,5,1,555.0
online gift deed registration,4,1,555.0
online gift exchange picker,4,1,555.0
online gift ideas for long distance boyfriend,7,1,555.0
online gift love letter,4,1,555.0
online gift me,3,1,555.0
online gift photo,3,1,555.0
online gift receipt target,4,1,555.0
online gift shop in kolkata,5,1,555.0
online gift voucher ideas,4,1,555.0
online gifts kenya,3,1,555.0
online jain gift items,4,1,555.0
online new year gift,4,1,555.0
online present maker,3,1,555.0
online universal gift card,4,1,555.0
online xbox gift card digital,5,1,555.0
online zupas gift card,4,1,555.0
surprise birthday gift ideas for girlfriend,6,1,555.0
surprise gift for 11 year girl,6,1,555.0
surprise gift letter for girlfriend,5,1,555.0
surprise ideas for birthday girl,5,1,555.0
surprise virtual gift free,4,1,555.0
the best surprise gift for girlfriend,6,1,555.0
unique long distance gift ideas,5,1,555.0
v bucks gift card digital,5,1,555.0
valentine gift for boyfriend online,5,1,555.0
virtual e gift card mastercard,5,1,555.0
virtual gift birthday card,4,1,555.0
virtual gift card apple pay,5,1,555.0
virtual gift card on amazon,5,1,555.0
virtual gift cards uk,4,1,555.0
virtual gift link for birthday,5,1,555.0
virtual gift message link,4,1,555.0
virtual gifts for girlfriend free,5,1,555.0
virtual prepaid gift card visa,5,1,555.0
virtual woolworths gift card,4,1,555.0
what can i gift for my girlfriend,7,1,555.0
what can i gift my long distance best friend,9,1,555.0
what diwali gift for girlfriend,5,1,555.0
what gift for men,4,1,555.0
what is amazon virtual gift card,6,1,555.0
what is steam digital gift card,6,1,555.0
which gift is best for girlfriend birthday,7,1,555.0
electronic gift ideas,3,1,555.0
20 year anniversary china gift ideas,6,1,555.0
anniversary best gift for girlfriend,5,1,555.0
anniversary gift alfred hitchcock cast,5,1,555.0
anniversary gift best,3,1,555.0
anniversary gift card template,4,1,555.0
anniversary gift chocolate,3,1,555.0
anniversary gift daughter and son in law,7,1,555.0
anniversary gift homemade,3,1,555.0
anniversary gift inspo,3,1,555.0
anniversary gift kya de mummy papa ko,7,1,555.0
anniversary gift list for each year,6,1,555.0
anniversary gift mein kya-kya de sakte hain,7,1,555.0
anniversary gift one day delivery,5,1,555.0
anniversary gift plan,3,1,555.0
anniversary gift qr code,4,1,555.0
anniversary gift ring for wife,5,1,555.0
anniversary gift shop,3,1,555.0
anniversary gift to friend,4,1,555.0
anniversary gift unique,3,1,555.0
anniversary gift wishes for wife,5,1,555.0
anniversary gift year 7,4,1,555.0
anniversary/valentines gift,2,1,555.0
best birthday gift for girlfriend quora,6,1,555.0
best online gift delivery app,5,1,555.0
best online gift delivery in chennai,6,1,555.0
best romantic gift for husband,5,1,555.0
best way to send gifts online,6,1,555.0
birthday gift app free,4,1,555.0
birthday gift basket women,4,1,555.0
birthday gift delivery australia,4,1,555.0
birthday gift delivery boston,4,1,555.0
birthday gift delivery canberra,4,1,555.0
birthday gift delivery darwin,4,1,555.0
birthday gift delivery fort lauderdale,5,1,555.0
birthday gift delivery jacksonville fl,5,1,555.0
birthday gift delivery las vegas,5,1,555.0
birthday gift delivery melbourne,4,1,555.0
birthday gift delivery penang,4,1,555.0
birthday gift delivery uae,4,1,555.0
birthday gift express delivery,4,1,555.0
birthday gift for girl 8 years old,7,1,555.0
birthday gift for girl best friend fashion accessories,8,1,555.0
birthday gift for girl child,5,1,555.0
birthday gift for girl daraz,5,1,555.0
birthday gift for girl list,5,1,555.0
birthday gift for girl of 1 year,7,1,555.0
birthday gift for girl tween,5,1,555.0
birthday gift for girlfriend in flipkart,6,1,555.0
birthday gift for girlfriend saree,5,1,555.0
birthday gift for girlfriend under 3000,6,1,555.0
birthday gift for girls age 20,6,1,555.0
birthday gift for girls for 15 years,7,1,555.0
birthday gift for girls jewellery set,6,1,555.0
birthday gift for girls kids under 200,7,1,555.0
birthday gift for girls online shopping,6,1,555.0
birthday gift for girls website,5,1,555.0
birthday gift for my girlfriend,5,1,555.0
birthday gift for nurse girlfriend,5,1,555.0
birthday gift for pregnant girlfriend,5,1,555.0
birthday gift for runner girlfriend,5,1,555.0
birthday gift for vegan women,5,1,555.0
birthday gift for women expensive,5,1,555.0
birthday gift for women hamper,5,1,555.0
birthday gift free in dubai,5,1,555.0
birthday gift ideas for girlfriend,5,1,555.0
birthday gift maker online free,5,1,555.0
birthday gift online,3,1,555.0
birthday gift with husband,4,1,555.0
birthday gift without card,4,1,555.0
birthday gift zurich,3,1,555.0
birthday gifts for teen girls 2026,6,1,555.0
can i accept birthday gifts islam,6,1,555.0
can i gift watch to my best friend,8,1,555.0
can i make my own gifs,6,1,555.0
can i send starbucks gift card online,7,1,555.0
christmas gift ideas for best girlfriend,6,1,555.0
e gif maker,3,1,555.0
e gift card harrods,4,1,555.0
e gift card in uk,5,1,555.0
e gift card jd,4,1,555.0
e gift card on doordash,5,1,555.0
e gift card zara uk,5,1,555.0
e gift cards online amazon,5,1,555.0
e gift voucher shoppers stop,5,1,555.0
e gift voucher template,4,1,555.0
e gifts portal,3,1,555.0
e meta gift card,4,1,555.0
e ps5 gift card,4,1,555.0
e spotify gift card,4,1,555.0
e westfield gift card,4,1,555.0
e-gift cards quebec,3,1,555.0
electronic gifts for kids,4,1,555.0
email apple gift card redeem,5,1,555.0
genshin anniversary gift 2026,4,1,555.0
gift ideas for crafty girlfriend,5,1,555.0
gift ideas for girl turning 18,6,1,555.0
gift ideas for girlfriend in her 20s,7,1,555.0
gift ideas for girls dance recital,6,1,555.0
gift ideas for girls engagement,5,1,555.0
gift ideas for gym girl,5,1,555.0
gift ideas for her birthday,5,1,555.0
gift ideas for her kmart,5,1,555.0
gift ideas for my girlfriend christmas,6,1,555.0
gift ideas for picky girlfriend,5,1,555.0
gift ideas for serious girlfriend,5,1,555.0
gift ideas for tween girls 2026,6,1,555.0
gift ideas for women australia,5,1,555.0
gift ideas for women for valentine's day,7,1,555.0
gift ideas for women from amazon,6,1,555.0
gift ideas for women having chemo,6,1,555.0
gift ideas for women in nigeria,6,1,555.0
gift ideas for women late 20s,6,1,555.0
gift ideas for women recovering from surgery,7,1,555.0
gift ideas for women uk,5,1,555.0
gift ideas for women vegan,5,1,555.0
gift ideas for women with dementia,6,1,555.0
gift types for anniversary,4,1,555.0
how to check e gift card balance,7,1,555.0
how to send gifts online in pune,7,1,555.0
how to send wedding gift money online,7,1,555.0
is a gift and a present the same thing,9,1,555.0
love gc gift card,4,1,555.0
love gift digital,3,1,555.0
love gift free,3,1,555.0
love gift kavithai in tamil,5,1,555.0
love gift quotes in tamil,5,1,555.0
love gift robin,3,1,555.0
love gift to wife,4,1,555.0
love gift under 200,4,1,555.0
love language gift giving,4,1,555.0
love of gift,3,1,555.0
love yourself gift,3,1,555.0
no money gift ideas for girlfriend,6,1,555.0
online gift delivery in doha qatar,6,1,555.0
online gift delivery in gorakhpur,5,1,555.0
online gift delivery in lahore pakistan,6,1,555.0
online gift delivery in new york,6,1,555.0
online gift delivery in varanasi,5,1,555.0
online gift delivery kozhikode,4,1,555.0
online gift delivery nashik,4,1,555.0
online gift delivery trichy,4,1,555.0
online gift home delivery,4,1,555.0
online gifts uk free delivery for him,7,1,555.0
quick birthday gift ideas for girlfriend,6,1,555.0
romantic anniversary gifts for wives,5,1,555.0
romantic engagement gift for husband,5,1,555.0
romantic gift basket ideas,4,1,555.0
romantic gift for jel palia,5,1,555.0
romantic gift ideas for husband on anniversary,7,1,555.0
romantic gifts cheap,3,1,555.0
romantic gifts for him,4,1,555.0
romantic gifts him,3,1,555.0
romantic gifts personalized,3,1,555.0
romantic surprise gift for girlfriend,5,1,555.0
romantic valentines gift ideas,4,1,555.0
romantic watch gift quotes,4,1,555.0
send diwali gift online,4,1,555.0
send e gift card online instantly,6,1,555.0
send gift to ahmedabad online,5,1,555.0
send gifts online islamabad,4,1,555.0
send gifts to brazil online,5,1,555.0
send graduation gift card online,5,1,555.0
send kohl's gift card online,5,1,555.0
send online lululemon gift card,5,1,555.0
send publix gift card online,5,1,555.0
send visa gift card online australia,6,1,555.0
send wegmans gift card online,5,1,555.0
uber eats gift e card,5,1,555.0
what anniversary gift for 25 years,6,1,555.0
what anniversary gift is 3 years,6,1,555.0
what are the gifts for anniversaries,6,1,555.0
what is a romantic gift for a wife,8,1,555.0
what is myntra e gift card,6,1,555.0
which birthday gift is best,5,1,555.0
best gift for boyfriend online,5,1,554.0
best gift for men 2026,5,1,554.0
best gift for men apparel,5,1,554.0
best long distance gift for girlfriend,6,1,554.0
best surprise gift for girl,5,1,554.0
can i gift my boyfriend 4000 tax,7,1,554.0
can i send a digital gift card on amazon,9,1,554.0
digital apple gift card 20,5,1,554.0
digital blizzard gift card,4,1,554.0
digital email gift cards,4,1,554.0
digital gif maker,3,1,554.0
digital gift card how does it work,7,1,554.0
digital gift card on steam,5,1,554.0
digital gift for free,4,1,554.0
digital gift officer jobs,4,1,554.0
digital key gift card,4,1,554.0
digital lush gift card,4,1,554.0
digital microsoft gift card,4,1,554.0
digital pandora gift card,4,1,554.0
digital robux gift card $5,5,1,554.0
digital steam gift card amazon,5,1,554.0
digital vanilla gift card,4,1,554.0
digital whataburger gift card,4,1,554.0
digital xbox gift card email delivery,6,1,554.0
distance of present posting from the desired place,8,1,554.0
e gift doordash,3,1,554.0
e gift it,3,1,554.0
electronic gift under 1000,4,1,554.0
gift for a boyfriend on his birthday,7,1,554.0
gift for a girlfriend,4,1,554.0
gift for boyfriend birthday reddit,5,1,554.0
gift for boyfriend christmas reddit,5,1,554.0
gift for boyfriend for 1st anniversary,6,1,554.0
gift for boyfriend funny,4,1,554.0
gift for boyfriend on new year,6,1,554.0
gift for boyfriend one year anniversary,6,1,554.0
gift for boyfriend personalised,4,1,554.0
gift for boyfriend set,4,1,554.0
gift for boyfriend under 600,5,1,554.0
gift for daughters boyfriend,4,1,554.0
gift for ex boyfriend birthday,5,1,554.0
gift for ex girlfriend birthday,5,1,554.0
gift for gf new year,5,1,554.0
gift for girlfriend birthday ideas,5,1,554.0
gift for girlfriend college graduation,5,1,554.0
gift for girlfriend designer,4,1,554.0
gift for girlfriend for long distance,6,1,554.0
gift for girlfriend lamp,4,1,554.0
gift for girlfriend meaningful,4,1,554.0
gift for girlfriend on eid,5,1,554.0
gift for girlfriend one year anniversary,6,1,554.0
gift for girlfriend pandora,4,1,554.0
gift for girlfriend surprise,4,1,554.0
gift for girlfriend thoughtful,4,1,554.0
gift for girlfriend under 3000,5,1,554.0
gift for girls handmade,4,1,554.0
gift for girls qatar,4,1,554.0
gift for her guide,4,1,554.0
gift for her jewellery,4,1,554.0
gift for her voucher,4,1,554.0
gift for him ysl,4,1,554.0
gift for men gadgets,4,1,554.0
gift for men husband,4,1,554.0
gift for men jacket,4,1,554.0
gift for men karachi,4,1,554.0
gift for men quora,4,1,554.0
gift for men valentine's day,5,1,554.0
gift for rider boyfriend,4,1,554.0
gift for women kmart,4,1,554.0
gift for women who travel,5,1,554.0
gift ideas for bf xmas,5,1,554.0
gift ideas for men best,5,1,554.0
gifts for best girlfriend birthday,5,1,554.0
gifts for boyfriend gen z,5,1,554.0
gifts for boyfriend in long distance,6,1,554.0
gifts for boyfriend long term,5,1,554.0
gifts for boyfriend mechanic,4,1,554.0
gifts for boyfriend new relationship,5,1,554.0
gifts for boyfriend to make,5,1,554.0
gifts for boyfriend who is a dad,7,1,554.0
gifts for girlfriend funny,4,1,554.0
gifts for girlfriend runner,4,1,554.0
good gifts for women 2026,5,1,554.0
good surprise gifts for your girlfriend,6,1,554.0
how can i gift my long distance boyfriend,8,1,554.0
how do digital gift cards work,6,1,554.0
how to get gifts for girlfriend,6,1,554.0
how to give someone a virtual gift card,8,1,554.0
how to redeem digital gift card roblox,7,1,554.0
how to sell online gift cards,6,1,554.0
is it good to gift your boyfriend a watch,9,1,554.0
is it good to gift your girlfriend a watch,9,1,554.0
little surprise gifts for girlfriend,5,1,554.0
long distance boyfriend gift ideas,5,1,554.0
long distance cousin gift,4,1,554.0
long distance gift ideas diy,5,1,554.0
long distance gifts for him india,6,1,554.0
long distance gifts for my boyfriend,6,1,554.0
long distance gifts to give,5,1,554.0
long distance relationship anniversary gift ideas,6,1,554.0
long distance relationship gift for girlfriend,6,1,554.0
long distance relationship gift watch,5,1,554.0
long distance relationship gifts virtual,5,1,554.0
long haul flight gift set,5,1,554.0
no money gift ideas for boyfriend,6,1,554.0
normal gift for girlfriend,4,1,554.0
online apple gift card redeem,5,1,554.0
online best gifts for men,5,1,554.0
online birthday gift template,4,1,554.0
online exchange gift bunutan,4,1,554.0
online gif maker from jpg,5,1,554.0
online gift business for sale,5,1,554.0
online gift card,3,1,554.0
online gift card online,4,1,554.0
online gift cards canada,4,1,554.0
online gift cards with paypal,5,1,554.0
online gift code,3,1,554.0
online gift men,3,1,554.0
online gift plants,3,1,554.0
online gift receipt aritzia,4,1,554.0
online gift sending sites in india,6,1,554.0
online gift to dubai,4,1,554.0
online gifts for men,4,1,554.0
online gifts ldr,3,1,554.0
online jewellery gift cards,4,1,554.0
online kroger gift card,4,1,554.0
online razer gold gift card,5,1,554.0
online thank you gift,4,1,554.0
online usa gift card,4,1,554.0
online xbox gift voucher,4,1,554.0
online zara gift cards,4,1,554.0
romantic birthday surprise ideas for girlfriend at home,8,1,554.0
surprise gift message for girlfriend,5,1,554.0
virtual birthday gift ideas,4,1,554.0
virtual birthday gift online,4,1,554.0
virtual employee gift cards,4,1,554.0
virtual gift card app,4,1,554.0
virtual gift card uber eats,5,1,554.0
virtual gift gift card,4,1,554.0
virtual gift legend,3,1,554.0
virtual gift me,3,1,554.0
virtual gifts for long distance girlfriend,6,1,554.0
what are online gifts,4,1,554.0
what can i gift for girls,6,1,554.0
what can i gift my long distance boyfriend for his birthday,11,1,554.0
what gift for men birthday,5,1,554.0
what gift for your girlfriend,5,1,554.0
what is a digital gift card on doordash,8,1,554.0
what is tremendous virtual gift card,6,1,554.0
which digital gold is good,5,1,554.0
which gift is best for boyfriend on his birthday,9,1,554.0
which gift is good for girlfriend,6,1,554.0
which online grocery is best,5,1,554.0
which virtual card is best,5,1,554.0
why online shopping gives discount,5,1,554.0
without gift,2,1,554.0
yellow gifts for women,4,1,554.0
gift for girlfriend without money,5,1,554.0
which gift voucher,3,1,554.0
american express gift e card,5,1,554.0
anniversary best gift ideas for husband,6,1,554.0
anniversary gif maker,3,1,554.0
anniversary gift according to years,5,1,554.0
anniversary gift by husband,4,1,554.0
anniversary gift certificate template free,5,1,554.0
anniversary gift cup,3,1,554.0
anniversary gift dubai,3,1,554.0
anniversary gift guide per year,5,1,554.0
anniversary gift hamper for parents,5,1,554.0
anniversary gift india online,4,1,554.0
anniversary gift kya diya jaaye,5,1,554.0
anniversary gift long distance,4,1,554.0
anniversary gift mummy papa ke liye,6,1,554.0
anniversary gift not jewelry,4,1,554.0
anniversary gift order,3,1,554.0
anniversary gift packing ideas,4,1,554.0
anniversary gift qr code free fire,6,1,554.0
anniversary gift ruby,3,1,554.0
anniversary gift showpiece,3,1,554.0
anniversary gift to wife ideas,5,1,554.0
anniversary gift under 2000,4,1,554.0
anniversary gift wrapping paper,4,1,554.0
anniversary gift years uk,4,1,554.0
best birthday gift for girlfriend online,6,1,554.0
best gift sending sites,4,1,554.0
best online gift delivery sites in india,7,1,554.0
best romantic gift,3,1,554.0
birthday gift appreciation prayer,4,1,554.0
birthday gift basket with balloons,5,1,554.0
birthday gift baskets edmonton,4,1,554.0
birthday gift delivery at 12 am,6,1,554.0
birthday gift delivery birmingham uk,5,1,554.0
birthday gift delivery calgary,4,1,554.0
birthday gift delivery denmark,4,1,554.0
birthday gift delivery for women,5,1,554.0
birthday gift delivery halifax,4,1,554.0
birthday gift delivery jeddah,4,1,554.0
birthday gift delivery lucknow,4,1,554.0
birthday gift delivery mumbai,4,1,554.0
birthday gift delivery paris,4,1,554.0
birthday gift delivery uk for her,6,1,554.0
birthday gift for gf ldr,5,1,554.0
birthday gift for girl 5 years old,7,1,554.0
birthday gift for girl best friend quotes,7,1,554.0
birthday gift for girl best friend skincare,7,1,554.0
birthday gift for girl colleague,5,1,554.0
birthday gift for girl doctor,5,1,554.0
birthday gift for girl on blinkit,6,1,554.0
birthday gift for girlfriend in low budget,7,1,554.0
birthday gift for girlfriend surprise,5,1,554.0
birthday gift for girls earrings set,6,1,554.0
birthday gift for girls for,5,1,554.0
birthday gift for girls handmade easy,6,1,554.0
birthday gift for girls jewellery box,6,1,554.0
birthday gift for girls key chain,6,1,554.0
birthday gift for girls wishes,5,1,554.0
birthday gift for her amazon,5,1,554.0
birthday gift for my girlfriend in nigeria,7,1,554.0
birthday gift for new girlfriend reddit,6,1,554.0
birthday gift for women perfume,5,1,554.0
birthday gift free sephora,4,1,554.0
birthday gift ideas for women best friend,7,1,554.0
birthday gift online order,4,1,554.0
birthday gift video,3,1,554.0
birthday gift with,3,1,554.0
birthday gifts for girl turning 10,6,1,554.0
birthday ideas for girlfriend reddit,5,1,554.0
can i gift wallet to my friend,7,1,554.0
can i give birthday gift early,6,1,554.0
can i send chipotle gift card online,7,1,554.0
can you send an e gift card anonymously,8,1,554.0
cheap romantic gifts,3,1,554.0
christmas gift ideas for girlfriend jewelry,6,1,554.0
e gift card alo yoga,5,1,554.0
e gift card home goods,5,1,554.0
e gift card just eat,5,1,554.0
e gift card on toast,5,1,554.0
e gift card quince,4,1,554.0
e gift card template free,5,1,554.0
e gift card walmart,4,1,554.0
e gift card zomato,4,1,554.0
e gift cards in australia,5,1,554.0
e gift cards online free,5,1,554.0
e gift voucher sbi card,5,1,554.0
e gift vouchers uk,4,1,554.0
e psn gift card,4,1,554.0
e shell gift card,4,1,554.0
electronic appliances gift,3,1,554.0
electronic gift items under 1500,5,1,554.0
email delivery gift cards,4,1,554.0
free online gift delivery in new zealand,7,1,554.0
gift ideas for chinese girlfriend,5,1,554.0
gift ideas for girl best friend birthday,7,1,554.0
gift ideas for girl turning 21,6,1,554.0
gift ideas for girlfriend 1 year,6,1,554.0
gift ideas for girlfriend on amazon,6,1,554.0
gift ideas for girls age 7,6,1,554.0
gift ideas for girls hamper,5,1,554.0
gift ideas for girly girls,5,1,554.0
gift ideas for meeting girlfriend's parents,6,1,554.0
gift ideas for sad girlfriend,5,1,554.0
gift ideas for women diy,5,1,554.0
gift ideas for women experience,5,1,554.0
gift ideas for women for secret santa,7,1,554.0
gift ideas for women from target,6,1,554.0
gift ideas for women in their 80s,7,1,554.0
gift ideas for women kohl's,5,1,554.0
gift ideas for women low budget,6,1,554.0
gift ideas for women pinterest,5,1,554.0
gift ideas for women runners,5,1,554.0
gift ideas for women under $50,6,1,554.0
gift ideas for women vancouver,5,1,554.0
gift ideas for women with cancer,6,1,554.0
gift love on christmas day lyrics,6,1,554.0
how birthday gift,3,1,554.0
how to send gifts online to philippines,7,1,554.0
how to send gifts to someone,6,1,554.0
how to use e gift card on amazon,8,1,554.0
is it a gift or the gift,7,1,554.0
is it anniversary or wedding anniversary,6,1,554.0
love gift download,3,1,554.0
love gift key chain,4,1,554.0
love gift qr code,4,1,554.0
love gift to boyfriend,4,1,554.0
love greatest gift,3,1,554.0
love jar gift,3,1,554.0
love language gift,3,1,554.0
love you gift tiktok price,5,1,554.0
marcel anniversary gift zzz,4,1,554.0
online birthday gift delivery in qatar,6,1,554.0
online flower and gift delivery app,6,1,554.0
online gift delivery in gurgaon same day,7,1,554.0
online gift delivery in islamabad,5,1,554.0
online gift delivery in ontario canada,6,1,554.0
online gift delivery in rajkot,5,1,554.0
online gift delivery in vellore,5,1,554.0
online gift delivery kanpur,4,1,554.0
online gift delivery near bengaluru karnataka,6,1,554.0
online gift delivery surat,4,1,554.0
online gift delivery to kerala,5,1,554.0
online gift for long distance boyfriend,6,1,554.0
online gifts australia free delivery amazon,6,1,554.0
online send off gifts,4,1,554.0
popular birthday gifts for women 2026,6,1,554.0
popular gift ideas for women 2026,6,1,554.0
romance gift package,3,1,554.0
romantic christmas gift ideas,4,1,554.0
romantic easter gift for girlfriend,5,1,554.0
romantic gif online,3,1,554.0
romantic gift baskets for husbands,5,1,554.0
romantic gift ideas for boyfriend birthday,6,1,554.0
romantic gift ideas reddit,4,1,554.0
romantic gifts handmade,3,1,554.0
romantic small gift ideas,4,1,554.0
romantic unique gifts for her,5,1,554.0
romantic valentine gift for wife,5,1,554.0
romantic wedding gift,3,1,554.0
send applebee's gift card online,5,1,554.0
send baby gift online,4,1,554.0
send birthday card online with gift card,7,1,554.0
send gift card anonymously online,5,1,554.0
send gift to spain online,5,1,554.0
send gifts online in pune,5,1,554.0
send gifts online to pakistan,5,1,554.0
send gifts to norway online,5,1,554.0
send jewellery gifts online,4,1,554.0
send kroger gift card online,5,1,554.0
send mastercard gift card online,5,1,554.0
send online doordash gift card,5,1,554.0
send online gift card australia,5,1,554.0
send ps5 gift card online,5,1,554.0
send roblox gift card online,5,1,554.0
send vanilla gift card online,5,1,554.0
sto anniversary gifts 2026,4,1,554.0
virtual birthday gift for girlfriend,5,1,554.0
virtual birthday gift for long distance boyfriend,7,1,554.0
what anniversary gift is 9 years,6,1,554.0
what is amazon e gift voucher,6,1,554.0
what is the best romantic gift for husband,8,1,554.0
what to gift on anniversary,5,1,554.0
when did anniversary gifts start,5,1,554.0
which birthday gift is best for girl,7,1,554.0
who gives anniversary gifts,4,1,554.0
are digital gift cards safe,5,1,553.0
best gift for girlfriend online,5,1,553.0
best long distance gift ideas,5,1,553.0
birthday gift for long distance partner,6,1,553.0
birthday gift for men zepto,5,1,553.0
birthday surprise ideas for a girl,6,1,553.0
birthday surprise ideas for my girlfriend,6,1,553.0
bracelets best surprise gift for girlfriend,6,1,553.0
can i gift my boyfriend a shirt,7,1,553.0
can i send a digital gift card from walmart,9,1,553.0
digital apple gift card redeem,5,1,553.0
digital bp gift card,4,1,553.0
digital epic gift card,4,1,553.0
digital gift card free people,5,1,553.0
digital gift card harbor freight,5,1,553.0
digital gift card on,4,1,553.0
digital gift vouchers,3,1,553.0
digital gifts for her,4,1,553.0
digital lids gift card,4,1,553.0
digital meta gift card,4,1,553.0
digital petsmart gift card,4,1,553.0
digital razer gold gift card,5,1,553.0
digital robux gift card uk,5,1,553.0
digital valorant gift card,4,1,553.0
digital wegmans gift card,4,1,553.0
digital xbox gift card 10 dollars,6,1,553.0
distance of stawell gift,4,1,553.0
diwali surprise gift for girlfriend,5,1,553.0
diy gifts for girlfriend,4,1,553.0
free online gift voucher template,5,1,553.0
gift digital switch games,4,1,553.0
gift for a boyfriend long distance,6,1,553.0
gift for a girlfriend birthday,5,1,553.0
gift for boyfriend birthday long distance,6,1,553.0
gift for boyfriend combo,4,1,553.0
gift for boyfriend for 2 year anniversary,7,1,553.0
gift for boyfriend friends,4,1,553.0
gift for boyfriend on father's day,6,1,553.0
gift for boyfriend on first anniversary,6,1,553.0
gift for boyfriend perfume,4,1,553.0
gift for boyfriend suggest,4,1,553.0
gift for boyfriend under 500 rupees,6,1,553.0
gift for dj boyfriend,4,1,553.0
gift for electrician boyfriend,4,1,553.0
gift for ex girlfriend marriage,5,1,553.0
gift for gf mom,4,1,553.0
gift for gf necklace,4,1,553.0
gift for gf rose,4,1,553.0
gift for girl toddler,4,1,553.0
gift for girlfriend birthday reddit,5,1,553.0
gift for girlfriend chocolate box,5,1,553.0
gift for girlfriend doctor,4,1,553.0
gift for girlfriend for graduation,5,1,553.0
gift for girlfriend friends,4,1,553.0
gift for girlfriend light,4,1,553.0
gift for girlfriend on 1st anniversary,6,1,553.0
gift for girlfriend period,4,1,553.0
gift for girlfriend sentimental,4,1,553.0
gift for girlfriend under ₹1000,5,1,553.0
gift for girls jewellery set,5,1,553.0
gift for girls quora,4,1,553.0
gift for girls valentine,4,1,553.0
gift for her hamper,4,1,553.0
gift for her wedding anniversary,5,1,553.0
gift for him hamper,4,1,553.0
gift for him just because,5,1,553.0
gift for him kmart,4,1,553.0
gift for him valentines,4,1,553.0
gift for men gym,4,1,553.0
gift for men instant delivery,5,1,553.0
gift for men quick commerce,5,1,553.0
gift for men who have everything,6,1,553.0
gift for men ysl,4,1,553.0
gift for my boyfriend,4,1,553.0
gift for my boyfriend online,5,1,553.0
gift for rapper boyfriend,4,1,553.0
gift for women kitchen,4,1,553.0
gift ideas for men xmas,5,1,553.0
gift set for girls zepto,5,1,553.0
gift template download,3,1,553.0
gifts for bf last minute,5,1,553.0
gifts for boyfriend fun,4,1,553.0
gifts for boyfriend new apartment,5,1,553.0
gifts for boyfriend that are useful,6,1,553.0
gifts for girlfriend fun,4,1,553.0
gifts for the best boyfriend ever,6,1,553.0
gifts for your girlfriend on valentine's day,7,1,553.0
good gifts for girls 2026,5,1,553.0
how to best gift for boyfriend,6,1,553.0
how to buy digital gift card roblox,7,1,553.0
how to gift long distance girlfriend,6,1,553.0
how to send online gifts for birthday,7,1,553.0
is it good to gift clothes to boyfriend,8,1,553.0
long distance birthday gift for wife,6,1,553.0
long distance boyfriend anniversary gift,5,1,553.0
long distance couples gifts heartbeat,5,1,553.0
long distance cute gift,4,1,553.0
long distance friendship gift gift,5,1,553.0
long distance gift ideas for family,6,1,553.0
long distance gifts for friends,5,1,553.0
long distance gifts near me,5,1,553.0
long distance relationship gift bracelet,5,1,553.0
long distance relationship gifts diy,5,1,553.0
long distance relationship gifts girlfriend,5,1,553.0
long distance relationship valentines gift,5,1,553.0
love digital gift qr code,5,1,553.0
online apple gift card email delivery usa,7,1,553.0
online birthday gift online,4,1,553.0
online eftpos gift card,4,1,553.0
online gif maker transparent background,5,1,553.0
online gift card with card,5,1,553.0
online gift shop name ideas,5,1,553.0
online gift voucher malaysia,4,1,553.0
online gift wedding,3,1,553.0
online gifts last minute,4,1,553.0
online gifts m&s,3,1,553.0
online gifts perth australia,4,1,553.0
online kmart gift card,4,1,553.0
online letter gift free,4,1,553.0
online olive garden gift card,5,1,553.0
online roblox gift card,4,1,553.0
online thank you gift cards,5,1,553.0
online use gift card,4,1,553.0
online xbox gift card digital code,6,1,553.0
surprise gift for 12 year girl,6,1,553.0
surprise gift for girlfriend under 1000,6,1,553.0
surprise gift for girlfriend vlog,5,1,553.0
surprise gift message for her birthday,6,1,553.0
valentine gift for girlfriend best,5,1,553.0
valentines gift for him 2026,5,1,553.0
valentines gift for him apparel,5,1,553.0
virtual egift,2,1,553.0
virtual gift adalah,3,1,553.0
virtual gift card apple wallet,5,1,553.0
virtual gift card use,4,1,553.0
virtual gift for online friend,5,1,553.0
virtual gift for your girlfriend,5,1,553.0
virtual gift gift card balance,5,1,553.0
virtual gift instagram,3,1,553.0
virtual gift legend berapa rupiah,5,1,553.0
virtual mastercard gift card,4,1,553.0
what can i gift for women,6,1,553.0
what can i gift my long distance friend,8,1,553.0
what do i gift my girlfriend for her birthday,9,1,553.0
what gift for girls,4,1,553.0
what gift for him on valentine day,7,1,553.0
what gift to give to long distance girlfriend,8,1,553.0
what is aritzia digital gift card,6,1,553.0
what is mastercard virtual gift card,6,1,553.0
what is online exchange gift card,6,1,553.0
what to gift for your boyfriend,6,1,553.0
which digital gold is safe,5,1,553.0
which gift is best for girlfriend in valentine's day,9,1,553.0
which gift is good for boyfriend,6,1,553.0
which online grocery shopping,4,1,553.0
wholesale online gift shop,4,1,553.0
why digital gold is stopped,5,1,553.0
why online stores give discounts,5,1,553.0
online gift boxes pakistan,4,1,553.0
anniversary best gift under 200,5,1,553.0
anniversary gift at 30 years,5,1,553.0
anniversary gift brother and sister in law,7,1,553.0
anniversary gift card maker,4,1,553.0
anniversary gift certificate template word,5,1,553.0
anniversary gift couple ideas,4,1,553.0
anniversary gift diamond,3,1,553.0
anniversary gift giving guide,4,1,553.0
anniversary gift hamper ideas,4,1,553.0
anniversary gift in years,4,1,553.0
anniversary gift kya-kya hota hai,5,1,553.0
anniversary gift list per year,5,1,553.0
anniversary gift making,3,1,553.0
anniversary gift no money,4,1,553.0
anniversary gift one year,4,1,553.0
anniversary gift pinterest,3,1,553.0
anniversary gift quiz,3,1,553.0
anniversary gift rose,3,1,553.0
anniversary gift set for wife,5,1,553.0
anniversary gift to sister,4,1,553.0
anniversary gift useful for couple,5,1,553.0
anniversary gift wishes for husband,5,1,553.0
anniversary gift year 5,4,1,553.0
best birthday gift delivery app,5,1,553.0
best romantic gift for boyfriend,5,1,553.0
birthday gift appreciation message to friends,6,1,553.0
birthday gift baskets edible arrangements,5,1,553.0
birthday gift baskets ottawa,4,1,553.0
birthday gift baskets vancouver,4,1,553.0
birthday gift delivery austin tx,5,1,553.0
birthday gift delivery bangkok,4,1,553.0
birthday gift delivery doha,4,1,553.0
birthday gift delivery for friend,5,1,553.0
birthday gift delivery hamilton ontario,5,1,553.0
birthday gift delivery jb,4,1,553.0
birthday gift delivery london same day,6,1,553.0
birthday gift delivery miami,4,1,553.0
birthday gift delivery near me,5,1,553.0
birthday gift delivery pune,4,1,553.0
birthday gift for girl 4 years old,7,1,553.0
birthday gift for girl best friend daraz,7,1,553.0
birthday gift for girl best friend quora,7,1,553.0
birthday gift for girl child 10 years old,8,1,553.0
birthday gift for girl dog,5,1,553.0
birthday gift for girl one year,6,1,553.0
birthday gift for girlfriend from boyfriend,6,1,553.0
birthday gift for girlfriend in blinkit,6,1,553.0
birthday gift for girlfriend salty,5,1,553.0
birthday gift for girlfriend status,5,1,553.0
birthday gift for girlfriend under ₹ 450,7,1,553.0
birthday gift for girls age 10,6,1,553.0
birthday gift for girls hand bag,6,1,553.0
birthday gift for girls kids useful,6,1,553.0
birthday gift for girls photo,5,1,553.0
birthday gift for girls real pic,6,1,553.0
birthday gift for girls water bottle,6,1,553.0
birthday gift for her etsy,5,1,553.0
birthday gift for her jewelry,5,1,553.0
birthday gift for her near me,6,1,553.0
birthday gift for ldr girlfriend,5,1,553.0
birthday gift for muslim girlfriend,5,1,553.0
birthday gift free fire,4,1,553.0
birthday gift ideas for her best friend,7,1,553.0
birthday gift online website,4,1,553.0
birthday gift voucher,3,1,553.0
birthday gift with card,4,1,553.0
birthday gifts for girl turning 11,6,1,553.0
can i gift wallet to someone,6,1,553.0
can i redeem birthday gift online sephora,7,1,553.0
can i send a playstation gift card online,8,1,553.0
cheap online gift delivery in new zealand,7,1,553.0
e gift card how does it work,7,1,553.0
e gift card in amazon,5,1,553.0
e gift card jimmy john's,5,1,553.0
e gift card no,4,1,553.0
e gift card qt,4,1,553.0
e gift card starbucks,4,1,553.0
e gift card thank you,5,1,553.0
e gift card uber eats,5,1,553.0
e gift card zepto,4,1,553.0
e gift cards for wedding,5,1,553.0
e gift cards online sale,5,1,553.0
e gift voucher airasia baggage,5,1,553.0
e gifts for birthday,4,1,553.0
e publix gift card,4,1,553.0
e shein gift card,4,1,553.0
ebay digital gift card,4,1,553.0
electronic gift items under 3000,5,1,553.0
email apple gift,3,1,553.0
email delivery gift cards apple,5,1,553.0
email gift card template,4,1,553.0
free virtual gift for long distance boyfriend,7,1,553.0
gift ideas for girl turning 13,6,1,553.0
gift ideas for girlfriend amazon,5,1,553.0
gift ideas for girlfriend nearby,5,1,553.0
gift ideas for girlfriend new job,6,1,553.0
gift ideas for girlfriend with paper,6,1,553.0
gift ideas for girls age 20,6,1,553.0
gift ideas for girls dolls & accessories,7,1,553.0
gift ideas for girls in pakistan,6,1,553.0
gift ideas for girls low budget,6,1,553.0
gift ideas for girls vacation,5,1,553.0
gift ideas for granola girl,5,1,553.0
gift ideas for her christmas,5,1,553.0
gift ideas for her reddit,5,1,553.0
gift ideas for my girlfriend's parents,6,1,553.0
gift ideas for son's girlfriend from mom,7,1,553.0
gift ideas for women electronics,5,1,553.0
gift ideas for women for anniversary,6,1,553.0
gift ideas for women funny,5,1,553.0
gift ideas for women hikers,5,1,553.0
gift ideas for women in 50s,6,1,553.0
gift ideas for women karachi,5,1,553.0
gift ideas for women philippines,5,1,553.0
gift ideas for women under 500,6,1,553.0
gift ideas for women who like to read,8,1,553.0
gift ideas for young women 2025,6,1,553.0
how to buy e gift cards,6,1,553.0
how to send gifts online to canada,7,1,553.0
is a gift to u,5,1,553.0
is it anniversary or anniversary,5,1,553.0
love gift dress,3,1,553.0
love gift emoji,3,1,553.0
love gift kindtok shop,4,1,553.0
love gift quotes for boyfriend,5,1,553.0
love gift to husband,4,1,553.0
love god gift,3,1,553.0
love journal gift,3,1,553.0
love leigh gift co,4,1,553.0
love one gift,3,1,553.0
love u gift,3,1,553.0
love yours gift card,4,1,553.0
online gift basket companies,4,1,553.0
online gift baskets usa,4,1,553.0
online gift delivery doha,4,1,553.0
online gift delivery in gwalior,5,1,553.0
online gift delivery in rourkela,5,1,553.0
online gift delivery in warsaw poland,6,1,553.0
online gift delivery kathmandu,4,1,553.0
online gift delivery saudi arabia,5,1,553.0
online gift delivery to australia,5,1,553.0
online gift delivery with photo,5,1,553.0
online gift fast delivery,4,1,553.0
online gifts australia free delivery for her,7,1,553.0
romantic christmas gift for wife,5,1,553.0
romantic gif free download,4,1,553.0
romantic gift box for wife,5,1,553.0
romantic gift delivery near me,5,1,553.0
romantic gift for a girlfriend,5,1,553.0
romantic gift for reth,4,1,553.0
romantic gift ideas for christmas,5,1,553.0
romantic gifts for wife birthday,5,1,553.0
romantic gifts perth,3,1,553.0
romantic homemade gift ideas for boyfriend,6,1,553.0
romantic surprise gift for boyfriend,5,1,553.0
romantic templates download,3,1,553.0
romantic valentines gift for him,5,1,553.0
romantic wife gift ideas,4,1,553.0
rotate gif maker online,4,1,553.0
send cake gift online india,5,1,553.0
send gifts to austria online,5,1,553.0
send gifts to netherlands online from uk,7,1,553.0
send gifts to pakistan online gift delivery in pakistan reviews,10,1,553.0
send grubhub gift card online,5,1,553.0
send lottery ticket gift online,5,1,553.0
send marshalls gift card online,5,1,553.0
send online dunkin gift card,5,1,553.0
send online gift card to someone,6,1,553.0
send online tim hortons gift card,6,1,553.0
send online ulta gift card,5,1,553.0
send restaurant gift cards online,5,1,553.0
send virtual gift card online,5,1,553.0
send winners gift card online,5,1,553.0
trending birthday gifts for women 2026,6,1,553.0
unique birthday gift for girlfriend online,6,1,553.0
valentines gift ideas for her 2026,6,1,553.0
valuable birthday gift for girlfriend,5,1,553.0
wedding anniversary gift zepto,4,1,553.0
wedding anniversary gifts 2026,4,1,553.0
what anniversary gift is 6 years,6,1,553.0
what are the gifts for each year of wedding anniversary,10,1,553.0
what can i gift my girlfriend for birthday,8,1,553.0
what is an e gift card from postcode lottery,9,1,553.0
what is the most romantic gift for a girl,9,1,553.0
when anniversary is celebrated,4,1,553.0
which birthday gift for wife,5,1,553.0
which gift card is best,5,1,553.0
who created the anniversary gift list,6,1,553.0
best gift for boyfriend on his birthday,7,1,552.0
best gift for men xmas,5,1,552.0
best long distance anniversary gifts,5,1,552.0
best long distance gift reddit,5,1,552.0
best virtual gift for birthday,5,1,552.0
can i buy online roblox gift cards,7,1,552.0
can i gift my boyfriend a ring,7,1,552.0
can i send a digital gift card from target,9,1,552.0
can you gift digital gold,5,1,552.0
digital apple gift card us,5,1,552.0
digital birthday gift maker,4,1,552.0
digital boots gift card,4,1,552.0
digital esso gift card,4,1,552.0
digital gift card gift,4,1,552.0
digital gift card h&m,4,1,552.0
digital gift card just eat,5,1,552.0
digital gift card playstation,4,1,552.0
digital gift card qr code,5,1,552.0
digital gift card visa,4,1,552.0
digital gift products,3,1,552.0
digital gifts for online friends,5,1,552.0
digital love gift free,4,1,552.0
digital mastercard gift card australia,5,1,552.0
digital playstation gift card sale,5,1,552.0
digital roblox gift card australia,5,1,552.0
digital select gift card,4,1,552.0
digital visa gift card canada,5,1,552.0
digital walgreens gift card,4,1,552.0
digital xbox gift card $10,5,1,552.0
free online gift card templates,5,1,552.0
free online gifts on birthday,5,1,552.0
fun surprise ideas for my girlfriend,6,1,552.0
gift box for girls zepto,5,1,552.0
gift for a boyfriend birthday,5,1,552.0
gift for a girlfriend long distance,6,1,552.0
gift for boyfriend 200,4,1,552.0
gift for boyfriend birthday unique,5,1,552.0
gift for boyfriend chocolate,4,1,552.0
gift for boyfriend for one year anniversary,7,1,552.0
gift for boyfriend from india,5,1,552.0
gift for boyfriend ideas diy,5,1,552.0
gift for boyfriend on 2 year anniversary,7,1,552.0
gift for boyfriend personalized,4,1,552.0
gift for boyfriend practical,4,1,552.0
gift for boyfriend surprise,4,1,552.0
gift for boyfriend under 2k,5,1,552.0
gift for daughters boyfriend christmas,5,1,552.0
gift for ex girlfriend wedding,5,1,552.0
gift for first girlfriend,4,1,552.0
gift for gf nearby,4,1,552.0
gift for girl teenager,4,1,552.0
gift for girlfriend at low price,6,1,552.0
gift for girlfriend between ₹500 and ₹1 000,8,1,552.0
gift for girlfriend card,4,1,552.0
gift for girlfriend doll,4,1,552.0
gift for girlfriend for valentine,5,1,552.0
gift for girlfriend from india,5,1,552.0
gift for girlfriend gift,4,1,552.0
gift for girlfriend in jewellery,5,1,552.0
gift for girlfriend ldr,4,1,552.0
gift for girlfriend making,4,1,552.0
gift for girlfriend package,4,1,552.0
gift for girlfriend simple,4,1,552.0
gift for girlfriend under ₹250,5,1,552.0
gift for girls jhumka,4,1,552.0
gift for girls kanjak,4,1,552.0
gift for girls raksha bandhan,5,1,552.0
gift for girls which is useful,6,1,552.0
gift for her valentines,4,1,552.0
gift for him hindi meaning,5,1,552.0
gift for him keychain,4,1,552.0
gift for men expensive,4,1,552.0
gift for men gold,4,1,552.0
gift for men in wedding,5,1,552.0
gift for men jiomart,4,1,552.0
gift for men luxury,4,1,552.0
gift for men valentines,4,1,552.0
gift for men wedding,4,1,552.0
gift for my boyfriend birthday,5,1,552.0
gift for rich boyfriend,4,1,552.0
gift for your bf,4,1,552.0
gift guide for men 2026,5,1,552.0
gift hamper for men zepto,5,1,552.0
gift ideas for boyfriend online,5,1,552.0
gift ideas for boyfriend with no money,7,1,552.0
gift ideas for long distance parents,6,1,552.0
gift ideas for.long distance wife,5,1,552.0
gift template design,3,1,552.0
gifts for boyfriend from mom,5,1,552.0
gifts for boyfriend not expensive,5,1,552.0
gifts for boyfriend to buy,5,1,552.0
gifts for girlfriend masc,4,1,552.0
gifts for quirky boyfriend,4,1,552.0
gifts for quirky girlfriend,4,1,552.0
gifts for women 2026 reddit,5,1,552.0
gifts for your girlfriend anniversary,5,1,552.0
girlfriend online shopping,3,1,552.0
home decor gifts for women,5,1,552.0
how to gift long distance boyfriend,6,1,552.0
how to give virtual gifts,5,1,552.0
how to send digital gift card amazon,7,1,552.0
how to surprise gift for boyfriend,6,1,552.0
how to trade online gift card,6,1,552.0
is it okay to gift your girlfriend a ring,9,1,552.0
long distance bf gift ideas,5,1,552.0
long distance bf valentines gift,5,1,552.0
long distance connection gift,4,1,552.0
long distance friend gift ideas,5,1,552.0
long distance gift for parents,5,1,552.0
long distance gifts for her reddit,6,1,552.0
long distance gifts for mom,5,1,552.0
long distance mothers day gift,5,1,552.0
long distance relationship gift delivery,5,1,552.0
long distance relationship gift for boyfriend,6,1,552.0
long distance relationship gifts map,5,1,552.0
long distance sentimental gifts,4,1,552.0
online app gift card,4,1,552.0
online ebay gift card,4,1,552.0
online gif maker from youtube video,6,1,552.0
online gift basket delivery,4,1,552.0
online gift card best buy,5,1,552.0
online gift card with apple pay,6,1,552.0
online gift ideas for women,5,1,552.0
online gift items under 200,5,1,552.0
online gift list free,4,1,552.0
online gift offer,3,1,552.0
online gift shop business ideas,5,1,552.0
online gift shop qatar,4,1,552.0
online gift vouchers for women,5,1,552.0
online gift watch,3,1,552.0
online gift wish,3,1,552.0
online gifts for birthday,4,1,552.0
online gifts for online friends,5,1,552.0
online gifts personalised,3,1,552.0
online kohls gift card,4,1,552.0
online lululemon gift card,4,1,552.0
online mastercard gift card,4,1,552.0
online razer gold gift card where to buy,8,1,552.0
online robux gift card,4,1,552.0
online target gift card,4,1,552.0
online ultimate gift card,4,1,552.0
online xbox gift card australia,5,1,552.0
send long distance girlfriend gift,5,1,552.0
small gift for boyfriend to show appreciation,7,1,552.0
surprise dress gift for girlfriend,5,1,552.0
surprise gift box for birthday girl,6,1,552.0
surprise gift for girl,4,1,552.0
surprise gift for girlfriend in india,6,1,552.0
surprise gift from her,4,1,552.0
surprise gift long distance relationship quotes,6,1,552.0
virtual birthday gift maker,4,1,552.0
virtual e gift card amazon,5,1,552.0
virtual gift card online use only,6,1,552.0
virtual gift ideas india,4,1,552.0
virtual gift legend the icon berapa rupiah,7,1,552.0
virtual mcdonalds gift card,4,1,552.0
virtual message gift free,4,1,552.0
what can i gift my girlfriend for christmas,8,1,552.0
what can i gift my long distance husband,8,1,552.0
what do i gift my boyfriend for his birthday,9,1,552.0
what gift for him,4,1,552.0
what gift for women,4,1,552.0
what is a visa online gift card,7,1,552.0
what is xbox digital gift card,6,1,552.0
what to gift long distance girlfriend,6,1,552.0
when to buy gifts for your girlfriend,7,1,552.0
where to buy gifts for girlfriend,6,1,552.0
which digital gold is best,5,1,552.0
which gift is best for boyfriend birthday,7,1,552.0
which gift is good for girlfriend birthday,7,1,552.0
which online grocery is cheap,5,1,552.0
who gift,2,1,552.0
why digital gold,3,1,552.0
why online gold is expensive,5,1,552.0
why virtual account,3,1,552.0
yellowstone online gift shop,4,1,552.0
online gift birthday card,4,1,552.0
anniversary best gift for sister,5,1,552.0
anniversary gift box for husband,5,1,552.0
anniversary gift card for husband,5,1,552.0
anniversary gift digital,3,1,552.0
anniversary gift husband ke liye,5,1,552.0
anniversary gift in husband,4,1,552.0
anniversary gift kya de friend ko,6,1,552.0
anniversary gift last minute,4,1,552.0
anniversary gift message,3,1,552.0
anniversary gift of wood,4,1,552.0
anniversary gift paper,3,1,552.0
anniversary gift quotes for parents,5,1,552.0
anniversary gift record,3,1,552.0
anniversary gift suggestions for wife,5,1,552.0
anniversary gift to girlfriend,4,1,552.0
anniversary gift under 250,4,1,552.0
anniversary gift voucher template,4,1,552.0
anniversary gift watch for wife,5,1,552.0
anniversary gift year 11,4,1,552.0
anniversary gifts and years,4,1,552.0
best birthday gifts for girls 2026,6,1,552.0
best online gift delivery in hyderabad,6,1,552.0
best romantic gift for anniversary,5,1,552.0
best website to send gifts in india,7,1,552.0
birthday gift appa,3,1,552.0
birthday gift basket girl,4,1,552.0
birthday gift basket with flowers,5,1,552.0
birthday gift baskets etsy,4,1,552.0
birthday gift cards for her online,6,1,552.0
birthday gift delivery brampton,4,1,552.0
birthday gift delivery canada,4,1,552.0
birthday gift delivery dad,4,1,552.0
birthday gift delivery for husband,5,1,552.0
birthday gift delivery honolulu,4,1,552.0
birthday gift delivery jakarta,4,1,552.0
birthday gift delivery karachi,4,1,552.0
birthday gift delivery london ontario,5,1,552.0
birthday gift delivery montreal,4,1,552.0
birthday gift delivery netherlands,4,1,552.0
birthday gift delivery perth australia,5,1,552.0
birthday gift for girl 3 years old,7,1,552.0
birthday gift for girl baby,5,1,552.0
birthday gift for girl best friend blinkit,7,1,552.0
birthday gift for girl child 5 years,7,1,552.0
birthday gift for girl diy,5,1,552.0
birthday gift for girl in sri lanka,7,1,552.0
birthday gift for girl on meesho,6,1,552.0
birthday gift for girlfriend from amazon,6,1,552.0
birthday gift for girlfriend silver ring,6,1,552.0
birthday gift for girlfriend under 100,6,1,552.0
birthday gift for girls age 18,6,1,552.0
birthday gift for girls easy,5,1,552.0
birthday gift for girls journal,5,1,552.0
birthday gift for girls kit,5,1,552.0
birthday gift for girls low price,6,1,552.0
birthday gift for girls nearby,5,1,552.0
birthday gift for girls pinterest,5,1,552.0
birthday gift for girls related to study,7,1,552.0
birthday gift for girls wife,5,1,552.0
birthday gift for her hamper,5,1,552.0
birthday gift for my girlfriend ideas,6,1,552.0
birthday gift for my girlfriend nearby,6,1,552.0
birthday gift for women in 30s,6,1,552.0
birthday gift free uk,4,1,552.0
birthday gift online free,4,1,552.0
birthday gift vouchers for her,5,1,552.0
birthday gift with boyfriend,4,1,552.0
birthday gifts for girl turning 9,6,1,552.0
can i gift watch to my father,7,1,552.0
can i send an aldi gift card online,8,1,552.0
christmas gift ideas for women 2026,6,1,552.0
e gift card apple pay,5,1,552.0
e gift card harvey norman,5,1,552.0
e gift card jcpenney,4,1,552.0
e gift card qdoba,4,1,552.0
e gift card zip code,5,1,552.0
e gift voucher airasia,4,1,552.0
e gift voucher code,4,1,552.0
e gift voucher online,4,1,552.0
e panera gift card,4,1,552.0
e subway gift card,4,1,552.0
electronic gift card template,4,1,552.0
email gif maker,3,1,552.0
gift ideas for a good girlfriend,6,1,552.0
gift ideas for gf pinterest,5,1,552.0
gift ideas for girl turning 16,6,1,552.0
gift ideas for girls age 18,6,1,552.0
gift ideas for girls karachi,5,1,552.0
gift ideas for girls list,5,1,552.0
gift ideas for girls puberty function,6,1,552.0
gift ideas for girls reddit,5,1,552.0
gift ideas for girls under 100,6,1,552.0
gift ideas for girls vanity,5,1,552.0
gift ideas for her for christmas,6,1,552.0
gift ideas for jewish women,5,1,552.0
gift ideas for my girlfriend anniversary,6,1,552.0
gift ideas for women boss,5,1,552.0
gift ideas for women christmas,5,1,552.0
gift ideas for women dubai,5,1,552.0
gift ideas for women etsy,5,1,552.0
gift ideas for women food,5,1,552.0
gift ideas for women homemade,5,1,552.0
gift ideas for women in 60s,6,1,552.0
gift ideas for women ireland,5,1,552.0
gift ideas for women south africa,6,1,552.0
gift ideas for women with everything,6,1,552.0
gift ideas for your girl best friend,7,1,552.0
gift without,2,1,552.0
how to buy e gift card on amazon,8,1,552.0
how to get a virtual boyfriend,6,1,552.0
how to make anniversary gift,5,1,552.0
how to send gifts online to uk,7,1,552.0
how to send online gift to australia,7,1,552.0
is a gift meaning in hindi,6,1,552.0
is it anniversary for 1 month,6,1,552.0
love gif maker online,4,1,552.0
love gift dp,3,1,552.0
love gift envelope,3,1,552.0
love gift kitchen,3,1,552.0
love gift quotes for wife,5,1,552.0
love gift stardew valley,4,1,552.0
love gift teddy bear,4,1,552.0
love greatest gift of all,5,1,552.0
love jones gift,3,1,552.0
love local gift card,4,1,552.0
love of gift meaning,4,1,552.0
love useful gift for boys,5,1,552.0
love you gift bag,4,1,552.0
online apple gift card delivery,5,1,552.0
online gift delivery in kerala,5,1,552.0
online gift delivery in rajahmundry,5,1,552.0
online gift delivery in vancouver canada,6,1,552.0
online gift delivery same day near me,7,1,552.0
online gift delivery to new zealand,6,1,552.0
online gift delivery tomorrow,4,1,552.0
online gifts melbourne free delivery,5,1,552.0
quick birthday gift for girlfriend,5,1,552.0
romance reader gifts,3,1,552.0
romantic couple gift scratch off poster,6,1,552.0
romantic gif apk,3,1,552.0
romantic gif free download for whatsapp,6,1,552.0
romantic gif with gf,4,1,552.0
romantic gift bonsai tree podocarpus lego,6,1,552.0
romantic gift for a couple,5,1,552.0
romantic gift for future wife,5,1,552.0
romantic gift for gf birthday,5,1,552.0
romantic gift ideas for girlfriend christmas,6,1,552.0
romantic gifts paris,3,1,552.0
romantic homemade gift ideas for husband,6,1,552.0
romantic template design,3,1,552.0
romantic valentines gift for her,5,1,552.0
romantic wedding gift for wife,5,1,552.0
send gift cards online cute,5,1,552.0
send gift to someone online,5,1,552.0
send gifts and flowers online,5,1,552.0
send gifts online in mumbai,5,1,552.0
send gifts online to indonesia,5,1,552.0
send gifts online usa,4,1,552.0
send gifts to australia online from uk,7,1,552.0
send lcbo gift card online,5,1,552.0
send michaels gift card online,5,1,552.0
send physical gift cards online,5,1,552.0
send rei gift card online,5,1,552.0
send vuori gift card online,5,1,552.0
send whiskey as a gift online,6,1,552.0
unique gift ideas for women best friend,7,1,552.0
variety birthday gift for girlfriend,5,1,552.0
warhammer anniversary gifts 2026,4,1,552.0
what anniversary gift is 25 years,6,1,552.0
what anniversary gift is year 4,6,1,552.0
what are romantic birthday gifts for wife,7,1,552.0
what is uber e gift card,6,1,552.0
when anniversary come,3,1,552.0
where can i buy anniversary gifts near me,8,1,552.0
which birthday gift is best for men,7,1,552.0
which e gift card is best,6,1,552.0
who anniversary,2,1,552.0
why anniversary,2,1,552.0
yatra e gift card,4,1,552.0
zzz 2nd anniversary gift,4,1,552.0
best gift for boyfriend on anniversary,6,1,551.0
best gift for long distance wife,6,1,551.0
best long distance gift for her,6,1,551.0
best long distance girlfriend gifts,5,1,551.0
best surprise gift ideas for girlfriend,6,1,551.0
best virtual gift cards,4,1,551.0
birthday surprise gift for baby girl,6,1,551.0
birthday surprise ideas for my gf's 25th birthday,8,1,551.0
bracelets best surprise gift for girlfriend on her birthday,9,1,551.0
buy gift for girlfriend online india,6,1,551.0
buy gift online with debit card,6,1,551.0
can i buy online visa gift card,7,1,551.0
can i gift for my boyfriend,6,1,551.0
can i gift my boyfriend a gun,7,1,551.0
can i present digital driver's license,6,1,551.0
cute gifts for boyfriend online,5,1,551.0
digital apple gift card $50,5,1,551.0
digital delivery gift cards,4,1,551.0
digital exxon gift card,4,1,551.0
digital gift card india,4,1,551.0
digital gift card qantas,4,1,551.0
digital gift card xbox,4,1,551.0
digital gift cards hallmark,4,1,551.0
digital gift certificate maker,4,1,551.0
digital giftings,2,1,551.0
digital lulu gift card,4,1,551.0
digital minecoins gift card,4,1,551.0
digital pacsun gift card,4,1,551.0
digital riot gift card,4,1,551.0
digital subway gift card,4,1,551.0
digital visa gift card balance,5,1,551.0
digital walmart gift card buy,5,1,551.0
digital xbox gift card buy,5,1,551.0
e gift robux,3,1,551.0
first gift for boyfriend quotes,5,1,551.0
first gift for girlfriend quotes,5,1,551.0
gift card 2d sites,4,1,551.0
gift digital gift card steam,5,1,551.0
gift for a boyfriend on valentine's day,7,1,551.0
gift for a girlfriend on valentine's day,7,1,551.0
gift for bf ideas,4,1,551.0
gift for boyfriend age 20,5,1,551.0
gift for boyfriend box,4,1,551.0
gift for boyfriend creative,4,1,551.0
gift for boyfriend for diwali,5,1,551.0
gift for boyfriend from amazon,5,1,551.0
gift for boyfriend on 1 year anniversary,7,1,551.0
gift for boyfriend ph reddit,5,1,551.0
gift for boyfriend under ₹350,5,1,551.0
gift for boyfriend with name,5,1,551.0
gift for first boyfriend,4,1,551.0
gift for gf without money,5,1,551.0
gift for girl teen,4,1,551.0
gift for girlfriend between ₹250 and ₹500,7,1,551.0
gift for girlfriend couple,4,1,551.0
gift for girlfriend drawing,4,1,551.0
gift for girlfriend from amazon,5,1,551.0
gift for girlfriend gift box,5,1,551.0
gift for girlfriend in,4,1,551.0
gift for girlfriend letter,4,1,551.0
gift for girlfriend premium,4,1,551.0
gift for girlfriend silver ring,5,1,551.0
gift for girlfriend status,4,1,551.0
gift for girlfriend uk,4,1,551.0
gift for girlfriends mom birthday,5,1,551.0
gift for girls happy birthday,5,1,551.0
gift for girls kids under 100,6,1,551.0
gift for girls video,4,1,551.0
gift for her john lewis,5,1,551.0
gift for him & her,5,1,551.0
gift for him kuwait,4,1,551.0
gift for him luxury,4,1,551.0
gift for him valentine day,5,1,551.0
gift for men electronic,4,1,551.0
gift for men grooming kit,5,1,551.0
gift for men in blinkit,5,1,551.0
gift for men jewelry,4,1,551.0
gift for men watch,4,1,551.0
gift for men's day,4,1,551.0
gift for my best girlfriend,5,1,551.0
gift for my boyfriend diy,5,1,551.0
gift for my boyfriend on his birthday,7,1,551.0
gift for teen girl 2026,5,1,551.0
gift for the boyfriend,4,1,551.0
gift for women friend,4,1,551.0
gift for women retirement,4,1,551.0
gift ideas for boyfriend to show appreciation,7,1,551.0
gift ideas for him xmas,5,1,551.0
gift ideas for men zepto,5,1,551.0
gift set for women zara,5,1,551.0
gift sets for women xmas,5,1,551.0
gifts for boyfriend not cheesy,5,1,551.0
gifts for boyfriend star wars,5,1,551.0
gifts for boyfriends room,4,1,551.0
gifts for gf etsy,4,1,551.0
gifts for girlfriend for xmas,5,1,551.0
gifts for girlfriend nyc,4,1,551.0
gifts for your boyfriend's parents,5,1,551.0
gifts for your girlfriend long distance,6,1,551.0
girl surprise gift for daughter birthday,6,1,551.0
how do i gift my long distance boyfriend on his birthday,11,1,551.0
how do i give a virtual gift,7,1,551.0
how to buy digital gift card on steam,8,1,551.0
how to use online gift card on amazon,8,1,551.0
is it worth buying digital gold,6,1,551.0
long distance birthday gift delivery,5,1,551.0
long distance birthday gift for boyfriend,6,1,551.0
long distance couple gifts for him,6,1,551.0
long distance fathers day gift,5,1,551.0
long distance friendship gift ideas,5,1,551.0
long distance gift for valentines,5,1,551.0
long distance gift ideas for birthday,6,1,551.0
long distance gifts for best friend,6,1,551.0
long distance going away gifts,5,1,551.0
long distance relationship gift ideas for boyfriend pinterest,8,1,551.0
long distance relationship gifts meesho,5,1,551.0
long distance relationship gifts under 2000,6,1,551.0
long distance relationship virtual gift ideas,6,1,551.0
long distance sympathy gifts,4,1,551.0
nintendo online online gift card,5,1,551.0
online apple gift card sale,5,1,551.0
online exchange gift card,4,1,551.0
online fillable gift certificate template free,6,1,551.0
online game on gift card,5,1,551.0
online gif maker for whatsapp,5,1,551.0
online gift card free people,5,1,551.0
online gift card qatar,4,1,551.0
online gift for best friend girl,6,1,551.0
online gift ideas for men,5,1,551.0
online gift pack,3,1,551.0
online gift vouchers northern ireland,5,1,551.0
online gift websites,3,1,551.0
online harrods gift card,4,1,551.0
online itunes gift card,4,1,551.0
online keg gift card,4,1,551.0
online lowes gift card,4,1,551.0
online mcdonalds gift card,4,1,551.0
online playstation gift card,4,1,551.0
online restaurant gift cards,4,1,551.0
online tesco gift card,4,1,551.0
online to get gift card,5,1,551.0
online unique gift stores,4,1,551.0
online virtual gift maker,4,1,551.0
online xbox gift,3,1,551.0
surprise gift for girlfriend idea,5,1,551.0
surprise gift for girlfriend under 300,6,1,551.0
surprise gift for wife on her birthday,7,1,551.0
surprise gift to gf,4,1,551.0
template for gifting,3,1,551.0
valentines gift for men 2026,5,1,551.0
virtual etsy gift card,4,1,551.0
virtual gift card india,4,1,551.0
virtual gift card roblox,4,1,551.0
virtual gift cards online visa,5,1,551.0
virtual gift legend the icon,5,1,551.0
virtual gift visa gift card,5,1,551.0
virtual gift voucher,3,1,551.0
virtual gifts for online friends,5,1,551.0
virtual gifts maker,3,1,551.0
virtual mastercard gift card balance,5,1,551.0
what can i gift my girlfriend for her birthday,9,1,551.0
what can i gift my girlfriend online,7,1,551.0
what gift can i give my long distance boyfriend,9,1,551.0
what gift for women birthday,5,1,551.0
what gift to give a long distance boyfriend,8,1,551.0
what is ikea digital gift card,6,1,551.0
what is the best gift for girlfriend,7,1,551.0
what is virtual gifts on instagram,6,1,551.0
what's the best gift for boyfriend's birthday,7,1,551.0
which digital gold is better,5,1,551.0
which gift cards can i buy online,7,1,551.0
wholesale gifts online india,4,1,551.0
why digital gold is expensive,5,1,551.0
why online shopping is good,5,1,551.0
why virtual,2,1,551.0
yosemite online gift shop,4,1,551.0
anniversary best gift for wife in india,7,1,551.0
anniversary gift 2024,3,1,551.0
anniversary gift bhai bhabhi,4,1,551.0
anniversary gift card for parents,5,1,551.0
anniversary gift husband and wife,5,1,551.0
anniversary gift in wife,4,1,551.0
anniversary gift kya-kya ho sakta hai,6,1,551.0
anniversary gift lego,3,1,551.0
anniversary gift mein kya-kya dena chahie,6,1,551.0
anniversary gift not time consuming diy,6,1,551.0
anniversary gift of,3,1,551.0
anniversary gift photo frame design,5,1,551.0
anniversary gift relationship,3,1,551.0
anniversary gift surprise for husband,5,1,551.0
anniversary gift to parents from daughter,6,1,551.0
anniversary gift under 600,4,1,551.0
anniversary gift wrap,3,1,551.0
anniversary gift year 13,4,1,551.0
anniversary gifts and ideas,4,1,551.0
anniversary gifts for sister and brother in law,8,1,551.0
anniversary gifts quirky,3,1,551.0
anniversary theme gifts by year,5,1,551.0
best gift ideas for girlfriend reddit,6,1,551.0
best online gift delivery sri lanka,6,1,551.0
best romantic gift for men,5,1,551.0
birthday gift appreciation quotes,4,1,551.0
birthday gift basket girlfriend,4,1,551.0
birthday gift basket reddit,4,1,551.0
birthday gift delivery ahmedabad,4,1,551.0
birthday gift delivery berlin,4,1,551.0
birthday gift delivery chicago,4,1,551.0
birthday gift delivery florida,4,1,551.0
birthday gift delivery for wife,5,1,551.0
birthday gift delivery home,4,1,551.0
birthday gift delivery johor,4,1,551.0
birthday gift delivery kl,4,1,551.0
birthday gift delivery lebanon,4,1,551.0
birthday gift delivery malaysia,4,1,551.0
birthday gift delivery pakistan,4,1,551.0
birthday gift delivery utah,4,1,551.0
birthday gift for gf quora,5,1,551.0
birthday gift for girl 9 years old,7,1,551.0
birthday gift for girl baby 1 year,7,1,551.0
birthday gift for girl best friend under 300,8,1,551.0
birthday gift for girl cousin,5,1,551.0
birthday gift for girl drawing,5,1,551.0
birthday gift for girl in flipkart,6,1,551.0
birthday gift for girlfriend birthday,5,1,551.0
birthday gift for girlfriend boyfriend,5,1,551.0
birthday gift for girlfriend message,5,1,551.0
birthday gift for girlfriend set,5,1,551.0
birthday gift for girlfriend under 300,6,1,551.0
birthday gift for girls age 6 years,7,1,551.0
birthday gift for girls harry potter,6,1,551.0
birthday gift for girls jewellery under 100,7,1,551.0
birthday gift for girls kids under 100,7,1,551.0
birthday gift for girls lamp,5,1,551.0
birthday gift for girls near me,6,1,551.0
birthday gift for girls paper craft,6,1,551.0
birthday gift for her reddit,5,1,551.0
birthday gift for my girlfriend amazon,6,1,551.0
birthday gift for the girlfriend,5,1,551.0
birthday gift for women earrings,5,1,551.0
birthday gift for women in 40s,6,1,551.0
birthday gift for women over 50,6,1,551.0
birthday gift free people,4,1,551.0
birthday gift online order sri lanka,6,1,551.0
birthday gift voucher template,4,1,551.0
birthday gift wine delivery,4,1,551.0
birthday gift with sister,4,1,551.0
can i gift perfume to my boyfriend,7,1,551.0
can i send a roblox gift card online,8,1,551.0
delivery gifts near me,4,1,551.0
e gift card app,4,1,551.0
e gift card how to redeem,6,1,551.0
e gift card maker,4,1,551.0
e gift card target,4,1,551.0
e gift card universal studios,5,1,551.0
e gift card zillions,4,1,551.0
e gift cards online australia,5,1,551.0
e gift voucher jollibee,4,1,551.0
e gift vouchers sri lanka,5,1,551.0
e gift wrap,3,1,551.0
e sams gift card,4,1,551.0
electronic gift certificate template,4,1,551.0
free virtual gift ideas for boyfriend,6,1,551.0
gift ideas for gf birthday,5,1,551.0
gift ideas for girl tweens,5,1,551.0
gift ideas for girlfriend 25th birthday,6,1,551.0
gift ideas for girlfriend in india,6,1,551.0
gift ideas for girlfriend marriage,5,1,551.0
gift ideas for girlfriend near me,6,1,551.0
gift ideas for girlfriend one year,6,1,551.0
gift ideas for girls age 5 7,7,1,551.0
gift ideas for girls blinkit,5,1,551.0
gift ideas for girls for birthday,6,1,551.0
gift ideas for her luxury,5,1,551.0
gift ideas for japanese women,5,1,551.0
gift ideas for my girlfriend reddit,6,1,551.0
gift ideas for volleyball girls,5,1,551.0
gift ideas for women coworkers,5,1,551.0
gift ideas for women doctors,5,1,551.0
gift ideas for women early 20s,6,1,551.0
gift ideas for women from australia,6,1,551.0
gift ideas for women handbags,5,1,551.0
gift ideas for women in hospital,6,1,551.0
gift ideas for women kate spade,6,1,551.0
gift ideas for women pakistan,5,1,551.0
gift ideas for women relaxing,5,1,551.0
gift ideas for women secret santa,6,1,551.0
gift ideas for women under $20,6,1,551.0
gift ideas for women worth 500 pesos,7,1,551.0
gift ideas for yourself women,5,1,551.0
graduation gift ideas for her 2026,6,1,551.0
great gift ideas for girlfriend,5,1,551.0
how to redeem e gift card amazon,7,1,551.0
how to send gifts online to delhi,7,1,551.0
is gift a thing,4,1,551.0
is it aniversary or anniversary,5,1,551.0
kiss romance gift,3,1,551.0
love gift diy,3,1,551.0
love gift emoji meaning,4,1,551.0
love gift quotes malayalam,4,1,551.0
love gift stardew,3,1,551.0
love gift tagalog,3,1,551.0
love greatest gift quotes,4,1,551.0
love journey gift,3,1,551.0
love language gift receiving,4,1,551.0
love untangled gift,3,1,551.0
love you gift for him,5,1,551.0
marvel anniversary gift zzz who to pick,7,1,551.0
newspaper anniversary gift template,4,1,551.0
online gift buy,3,1,551.0
online gift delivery in canada,5,1,551.0
online gift delivery in ethiopia,5,1,551.0
online gift delivery in oman muscat,6,1,551.0
online gift delivery in vietnam,5,1,551.0
online gift delivery on birthday,5,1,551.0
online gift delivery siliguri,4,1,551.0
online gift delivery site,4,1,551.0
online gift delivery to abu dhabi from india,8,1,551.0
online gifts uk free delivery for her cheap,8,1,551.0
online send rakhi gifts for brother,6,1,551.0
our gift of love,4,1,551.0
quick birthday gift for girl,5,1,551.0
romance gift box,3,1,551.0
romantic couple gift ideas,4,1,551.0
romantic gif apk download,4,1,551.0
romantic gif with quotes,4,1,551.0
romantic gift for a boyfriend,5,1,551.0
romantic gift for friend,4,1,551.0
romantic gift for wife online india,6,1,551.0
romantic gift ideas for boyfriend,5,1,551.0
romantic gift ideas for girlfriend birthday,6,1,551.0
romantic gift set for wife,5,1,551.0
romantic homemade gift ideas for boyfriend birthday,7,1,551.0
romantic pokemon gift,3,1,551.0
romantic template free download,4,1,551.0
romantic valentines gift for men,5,1,551.0
romantic wedding gift for husband,5,1,551.0
send birthday gift online bangalore,5,1,551.0
send gift to india from uk online,7,1,551.0
send gifts online to dubai,5,1,551.0
send gifts to finland online,5,1,551.0
send gifts to sweden online,5,1,551.0
send gin as a gift online,6,1,551.0
send lowes gift card online,5,1,551.0
send macy's gift card online,5,1,551.0
send online gifts to amsterdam,5,1,551.0
send online gifts to new york,6,1,551.0
send playstation gift card online,5,1,551.0
sending gifts online in chennai,5,1,551.0
unique birthday gift for girls online,6,1,551.0
unique birthday gifts for her 2026,6,1,551.0
virtual birthday gift ideas for girlfriend,6,1,551.0
what anniversary gift for parents,5,1,551.0
what anniversary gift is diamond,5,1,551.0
what is tango e gift card,6,1,551.0
what is the best romantic gift for boyfriend,8,1,551.0
what to gift your boyfriend online,6,1,551.0
when anniversary wishes,3,1,551.0
where can i get anniversary gifts,6,1,551.0
which anniversary gifts is best,5,1,551.0
which birthday gift sephora,4,1,551.0
which gift best for girlfriend,5,1,551.0
why anniversary should be celebrated,5,1,551.0
wuwa anniversary gifts 2026,4,1,551.0
yeti e gift card,4,1,551.0
anniversary gift for long distance wife,6,1,550.0
best gift for boyfriend on valentine's day,7,1,550.0
best gift for girlfriend making at home,7,1,550.0
best gift for women xmas,5,1,550.0
best long distance gift for boyfriend,6,1,550.0
best online gift shop in pakistan,6,1,550.0
best virtual gift,3,1,550.0
birthday gift for men 2026,5,1,550.0
buy online gift card online,5,1,550.0
buy online gift for girlfriend,5,1,550.0
can i buy online apple gift card,7,1,550.0
can i present digital national id,6,1,550.0
christmas gift for best girlfriend,5,1,550.0
christmas gifts for girlfriend 2026,5,1,550.0
cute gift for long distance partner,6,1,550.0
digital apple gift card $5,5,1,550.0
digital creator gift ideas,4,1,550.0
digital eshop gift card nintendo,5,1,550.0
digital gift card home goods,5,1,550.0
digital gift card walmart,4,1,550.0
digital gift for wedding,4,1,550.0
digital gift xbox gift card,5,1,550.0
digital gifts for him,4,1,550.0
digital gifts under 2000,4,1,550.0
digital lidl gift card,4,1,550.0
digital marshalls gift card,4,1,550.0
digital playstation gift card $10,5,1,550.0
digital roblox gift card canada,5,1,550.0
digital switch gift card,4,1,550.0
digital verizon gift card,4,1,550.0
digital xbox gift card $50,5,1,550.0
distance of stawell gift race,5,1,550.0
e gift roblox card,4,1,550.0
flower gift for girlfriend quotes,5,1,550.0
free gift template word,4,1,550.0
free online gift certificate template christmas,6,1,550.0
gift 20000,2,1,550.0
gift card without otp,4,1,550.0
gift digital gold online,4,1,550.0
gift for a boyfriend who has everything,7,1,550.0
gift for a girlfriend ideas,5,1,550.0
gift for bf parents,4,1,550.0
gift for boyfriend basket,4,1,550.0
gift for boyfriend chain,4,1,550.0
gift for boyfriend customised,4,1,550.0
gift for boyfriend for xmas,5,1,550.0
gift for boyfriend to make him feel appreciated,8,1,550.0
gift for boyfriend under ₹400,5,1,550.0
gift for boyfriend under 20000,5,1,550.0
gift for boyfriend with photos,5,1,550.0
gift for gf day,4,1,550.0
gift for gf for birthday,5,1,550.0
gift for girl tween,4,1,550.0
gift for girlfriend bangladesh,4,1,550.0
gift for girlfriend craft,4,1,550.0
gift for girlfriend from abroad,5,1,550.0
gift for girlfriend in anniversary,5,1,550.0
gift for girlfriend last minute,5,1,550.0
gift for girlfriend pakistan,4,1,550.0
gift for girlfriend under ₹ 350,6,1,550.0
gift for girlfriend under 200 rupees,6,1,550.0
gift for girlfriend with name,5,1,550.0
gift for girlfriends mom christmas,5,1,550.0
gift for girls engagement,4,1,550.0
gift for girls holy communion,5,1,550.0
gift for girls jewellery box,5,1,550.0
gift for girls keychain,4,1,550.0
gift for girls kids zepto,5,1,550.0
gift for girls rakhi,4,1,550.0
gift for her victoria secret,5,1,550.0
gift for him handmade,4,1,550.0
gift for him valentines uk,5,1,550.0
gift for men delivery today,5,1,550.0
gift for men engagement,4,1,550.0
gift for men golf,4,1,550.0
gift for men in silver,5,1,550.0
gift for men japan,4,1,550.0
gift for men kids,4,1,550.0
gift for men list,4,1,550.0
gift for men retirement,4,1,550.0
gift for men wallet,4,1,550.0
gift for my boyfriend christmas,5,1,550.0
gift for sons girlfriend,4,1,550.0
gift for women friend birthday,5,1,550.0
gift guide girlfriend,3,1,550.0
gift hamper for girls with chocolate,6,1,550.0
gift ideas for men xmas 2025,6,1,550.0
gift set for men zepto,5,1,550.0
gift virtual gift,3,1,550.0
gifts for bf thoughtful,4,1,550.0
gifts for boyfriend nice,4,1,550.0
gifts for boyfriend sweet,4,1,550.0
gifts for boyfriends family,4,1,550.0
gifts for girlfriend nice,4,1,550.0
gifts for your boyfriend long distance,6,1,550.0
gifts for your girlfriend cheap,5,1,550.0
gifts i can send my long distance boyfriend,8,1,550.0
gifts online zepto,3,1,550.0
how can i surprise my girlfriend online,7,1,550.0
how to buy digital gift card xbox,7,1,550.0
how to gift long distance relationship,6,1,550.0
how to send online gift,5,1,550.0
how to send virtual gift on instagram,7,1,550.0
is any gift,3,1,550.0
long distance best friend gifts amazon,6,1,550.0
long distance couple gifts for her,6,1,550.0
long distance father's day gift ideas,6,1,550.0
long distance gift for partner,5,1,550.0
long distance gift ideas for couples,6,1,550.0
long distance gifts for family,5,1,550.0
long distance gifts for mothers day,6,1,550.0
long distance relationship gift reddit,5,1,550.0
long distance relationship gifts handmade,5,1,550.0
long distance relationship valentines gift ideas,6,1,550.0
mugs best surprise gift for girlfriend on her birthday,9,1,550.0
on virtual gift card,4,1,550.0
online apple gift card uk,5,1,550.0
online buying of gift card,5,1,550.0
online e gift card visa,5,1,550.0
online gif maker from text,5,1,550.0
online gift card qr code,5,1,550.0
online gift cards to send,5,1,550.0
online gift gift cards,4,1,550.0
online gift kochi,3,1,550.0
online gift shop in karachi,5,1,550.0
online gift shops in pakistan,5,1,550.0
online gift voucher india,4,1,550.0
online gift vouchers malta,4,1,550.0
online gifts for women,4,1,550.0
online gifts women,3,1,550.0
online hannaford gift card,4,1,550.0
online ikea gift card,4,1,550.0
online jewellery gifts for women,5,1,550.0
online kindle gift card,4,1,550.0
online lego gift card,4,1,550.0
online minecraft gift card,4,1,550.0
online ps5 gift card,4,1,550.0
online rewards gift cards,4,1,550.0
online temu gift card,4,1,550.0
online uber gift card purchase,5,1,550.0
online virtual gift free,4,1,550.0
online xbox gift card sale,5,1,550.0
order online with gift card,5,1,550.0
ring gift for boyfriend quotes,5,1,550.0
should i gift my girlfriend an iphone,7,1,550.0
sorry gifts for boyfriend online,5,1,550.0
surprise gift to girlfriend on her birthday,7,1,550.0
surprise ideas for girlfriend,4,1,550.0
thank you message for surprise gift from girlfriend,8,1,550.0
virtual ea gift card,4,1,550.0
virtual flowers gift free,4,1,550.0
virtual gift card maker free,5,1,550.0
virtual gift card online only,5,1,550.0
virtual gift card visa,4,1,550.0
virtual gift cards amazon,4,1,550.0
virtual gift for girlfriend day,5,1,550.0
virtual gift love letter,4,1,550.0
virtual gifting ideas,3,1,550.0
virtual gifts in india,4,1,550.0
virtual monthsary gift,3,1,550.0
what can i gift for my boyfriend on his birthday,10,1,550.0
what can i gift my boyfriend,6,1,550.0
what can i gift my girlfriend for our anniversary,9,1,550.0
what can i gift online,5,1,550.0
what gift for girlfriend on her birthday,7,1,550.0
what gift for her,4,1,550.0
what gift to buy for boyfriend,6,1,550.0
what is digital apple gift card,6,1,550.0
what is the best gift to gift a boyfriend,9,1,550.0
what is the best surprise for a girlfriend,8,1,550.0
what to gift boyfriend for one year anniversary,8,1,550.0
what to gift long distance husband,6,1,550.0
what to gift online,4,1,550.0
which digital gold is best to buy,7,1,550.0
which online grocery is cheapest,5,1,550.0
which virtual assistant,3,1,550.0
who gift box,3,1,550.0
why digital gold is bad,5,1,550.0
why gift voucher,3,1,550.0
why online shopping is not good,6,1,550.0
ysl online gift card,4,1,550.0
anniversary best gift for women,5,1,550.0
anniversary gift 25,3,1,550.0
anniversary gift box ideas,4,1,550.0
anniversary gift crochet,3,1,550.0
anniversary gift dating,3,1,550.0
anniversary gift for wife 2026,5,1,550.0
anniversary gift genshin 2026,4,1,550.0
anniversary gift handmade for parents,5,1,550.0
anniversary gift in mom dad,5,1,550.0
anniversary gift kya de husband ko,6,1,550.0
anniversary gift list traditional and modern,6,1,550.0
anniversary gift making video,4,1,550.0
anniversary gift me kya dena chahiye,6,1,550.0
anniversary gift not married,4,1,550.0
anniversary gift of paper,4,1,550.0
anniversary gift pe kya likhe,5,1,550.0
anniversary gift romantic,3,1,550.0
anniversary gift status,3,1,550.0
anniversary gift thanks for husband,5,1,550.0
anniversary gift under ₹450,4,1,550.0
anniversary gift wood,3,1,550.0
anniversary gift year 1,4,1,550.0
anniversary gifts at work,4,1,550.0
anniversary gifts queer,3,1,550.0
anniversary template ideas,3,1,550.0
best gift ideas for girlfriend anniversary,6,1,550.0
best gift ideas for her 2026,6,1,550.0
best gifts online purchase,4,1,550.0
best online gift delivery,4,1,550.0
best romantic gift ideas,4,1,550.0
best virtual gifts for boyfriend,5,1,550.0
birthday gift app download,4,1,550.0
birthday gift basket victoria bc,5,1,550.0
birthday gift baskets on amazon,5,1,550.0
birthday gift baskets with alcohol,5,1,550.0
birthday gift delivery amsterdam,4,1,550.0
birthday gift delivery barcelona,4,1,550.0
birthday gift delivery colombo,4,1,550.0
birthday gift delivery fort worth tx,6,1,550.0
birthday gift delivery hervey bay,5,1,550.0
birthday gift delivery in raipur,5,1,550.0
birthday gift delivery kochi,4,1,550.0
birthday gift delivery liverpool,4,1,550.0
birthday gift delivery melbourne australia,5,1,550.0
birthday gift delivery nyc,4,1,550.0
birthday gift delivery philadelphia,4,1,550.0
birthday gift delivery under $50,5,1,550.0
birthday gift for doctor girlfriend,5,1,550.0
birthday gift for girl 12 years old,7,1,550.0
birthday gift for girl best friend perfume,7,1,550.0
birthday gift for girl best friend useful,7,1,550.0
birthday gift for girl chocolate,5,1,550.0
birthday gift for girl gf,5,1,550.0
birthday gift for girl in blinkit,6,1,550.0
birthday gift for girlfriend for daily use,7,1,550.0
birthday gift for girlfriend gold,5,1,550.0
birthday gift for girlfriend ideas reddit,6,1,550.0
birthday gift for girlfriend small,5,1,550.0
birthday gift for girlfriend under 250,6,1,550.0
birthday gift for girls age 14,6,1,550.0
birthday gift for girls emoji,5,1,550.0
birthday gift for girls how to make,7,1,550.0
birthday gift for girls jewelry,5,1,550.0
birthday gift for girls kya de,6,1,550.0
birthday gift for girls makeup kit,6,1,550.0
birthday gift for girls on blinkit,6,1,550.0
birthday gift for girls price in bd,7,1,550.0
birthday gift for girls radha krishna,6,1,550.0
birthday gift for girls today delivery,6,1,550.0
birthday gift for girls wooden,5,1,550.0
birthday gift for women nearby,5,1,550.0
birthday gift free website,4,1,550.0
birthday gift ideas for girl friend,6,1,550.0
birthday gift online shopping,4,1,550.0
birthday gift virtual,3,1,550.0
birthday gift with girlfriend,4,1,550.0
birthday ideas for girlfriend long distance,6,1,550.0
birthday outfit ideas for women 2026,6,1,550.0
can i gift wallet to my husband,7,1,550.0
can i send an xbox gift card online,8,1,550.0
cassia romance gift rogue trader,5,1,550.0
e gift card all in one,6,1,550.0
e gift card apple wallet,5,1,550.0
e gift card email template,5,1,550.0
e gift card homesense,4,1,550.0
e gift card jb hi fi,6,1,550.0
e gift card zumiez,4,1,550.0
e gift cards online walmart,5,1,550.0
e gift voucher airasia free,5,1,550.0
ea digital gift card,4,1,550.0
electronic gift card maker,4,1,550.0
electronic gift card on amazon,5,1,550.0
email for gift card,4,1,550.0
free online gift delivery in usa,6,1,550.0
gift ideas for girl turning 30,6,1,550.0
gift ideas for girls age 13,6,1,550.0
gift ideas for girls creative & craft,7,1,550.0
gift ideas for girls diy,5,1,550.0
gift ideas for girls expensive,5,1,550.0
gift ideas for girls for wedding,6,1,550.0
gift ideas for girls in wedding,6,1,550.0
gift ideas for girls on birthday,6,1,550.0
gift ideas for girls rakhi,5,1,550.0
gift ideas for her first anniversary,6,1,550.0
gift ideas for her kitchen,5,1,550.0
gift ideas for junior girls,5,1,550.0
gift ideas for masculine girlfriend,5,1,550.0
gift ideas for women blinkit,5,1,550.0
gift ideas for women home,5,1,550.0
gift ideas for women long distance,6,1,550.0
gift ideas for women over 50,6,1,550.0
gift ideas for women personalised,5,1,550.0
gift ideas for women singapore,5,1,550.0
gift ideas for women under $25,6,1,550.0
gift ideas for women who travel a lot,8,1,550.0
gift ideas for young women who have everything,8,1,550.0
good gift ideas for girlfriend birthday,6,1,550.0
how to sell e gift cards,6,1,550.0
how to send online gift to canada from india,9,1,550.0
is it wedding anniversary or just anniversary,7,1,550.0
it is a gift for you,6,1,550.0
love gift example,3,1,550.0
love gift quotes for husband,5,1,550.0
love gift shayari in hindi,5,1,550.0
love gift tags,3,1,550.0
love jar gift idea,4,1,550.0
love language gift giving meaning,5,1,550.0
love u gift card,4,1,550.0
love yourself gift set,4,1,550.0
marcel anniversary gift zzz reddit,5,1,550.0
online birthday gift delivery in germany,6,1,550.0
online gift application,3,1,550.0
online gift boyfriend,3,1,550.0
online gift cards email delivery,5,1,550.0
online gift delivery in delhi same day,7,1,550.0
online gift delivery switzerland,4,1,550.0
online gift delivery toronto canada,5,1,550.0
online gift delivery websites,4,1,550.0
pakistan gift online send gifts to pakistan,7,1,550.0
romance and gifts,3,1,550.0
romantic christmas gift ideas for girlfriend,6,1,550.0
romantic delivery gifts for her,5,1,550.0
romantic gif with sound,4,1,550.0
romantic gift items,3,1,550.0
romantic gift to gf,4,1,550.0
romantic gifts besides flowers,4,1,550.0
romantic gifts for one year anniversary,6,1,550.0
romantic gifts website,3,1,550.0
romantic husband gift ideas,4,1,550.0
romantic korean gifts,3,1,550.0
romantic photo gift ideas,4,1,550.0
romantic templates,2,1,550.0
romantic valentine gift ideas for husband,6,1,550.0
romantic wife gift for husband quotes,6,1,550.0
send gift to pakistan from uk online,7,1,550.0
send gifts online canada,4,1,550.0
send gifts online same day,5,1,550.0
send gifts online surat,4,1,550.0
send gifts online to germany,5,1,550.0
send gifts online to usa,5,1,550.0
send gifts to india 24x7,5,1,550.0
send gifts to pakistan online gift delivery in pakistan,9,1,550.0
send gifts to sister online,5,1,550.0
send lohri gifts online,4,1,550.0
send online dutch bros gift card,6,1,550.0
send online gift certificate,4,1,550.0
send online gift to pakistan,5,1,550.0
send raksha bandhan gifts online,5,1,550.0
thank you quotes for birthday gift for girlfriend,8,1,550.0
unique gift for girlfriend valentine day,6,1,550.0
virtual birthday gift for long distance girlfriend,7,1,550.0
website to send gifts online,5,1,550.0
what anniversary gift for wife,5,1,550.0
what birthday gift can i give to my girlfriend,9,1,550.0
what gifts i can give to girlfriend,7,1,550.0
what is the most romantic gift for boyfriend,8,1,550.0
what is visa e gift card,6,1,550.0
where can i buy anniversary gifts,6,1,550.0
which birthday gift is best for boys,7,1,550.0
which gift for girlfriend,4,1,550.0
why anniversary is celebrated,4,1,550.0
youngla e gift card,4,1,550.0
